"symbol","logFC","P.Value","chr","description"
"Tmem72",-3.08483674259859,0.1244,"6","transmembrane protein 72"
"Ttr",-2.63950934207739,0.3112,"18","transthyretin"
"2900040C04Rik",-2.24629935666126,0.2592,"14","RIKEN cDNA 2900040C04 gene"
"Wfdc2",-1.98893144590867,0.2796,"2","WAP four-disulfide core domain 2"
"Slc4a5",-1.96663088735133,0.2892,"6","solute carrier family 4, sodium bicarbonate cotransporter, member 5"
"Cldn2",-1.83905790264413,0.0936,"X","claudin 2"
"Kcnj13",-1.74917208568402,0.2744,"1","potassium inwardly-rectifying channel, subfamily J, member 13"
"Clic6",-1.69539384400923,0.2624,"16","chloride intracellular channel 6"
"Folr1",-1.65968192156005,0.184,"7","folate receptor 1 (adult)"
"F5",-1.5950237407253,0.2248,"1","coagulation factor V"
"Kcne2",-1.57188647681415,0.2376,"16","potassium voltage-gated channel, Isk-related subfamily, gene 2"
"Rbm47",-1.52955109616934,0.294,"5","RNA binding motif protein 47"
"Prr32",-1.4571126717498,0.1412,"X","proline rich 32"
"Col8a1",-1.41390275231573,0.112,"16","collagen, type VIII, alpha 1"
"Capn11",-1.39331903270198,0.1656,"17","calpain 11"
"Otx2",-1.37459089187547,0.3092,"14","orthodenticle homeobox 2"
"Wdr86",-1.35517935372767,0.3216,"5","WD repeat domain 86"
"Ecrg4",-1.3054913915596,0.348,"1","ECRG4 augurin precursor"
"Coch",-1.22252622207987,0.0844,"12","cochlin"
"Tshz2",-1.10126206636832,0.0056,"2","teashirt zinc finger family member 2"
"Pla2g5",-1.08479706273077,0.0452,"4","phospholipase A2, group V"
"Prlr",-1.03947961314708,0.2792,"15","prolactin receptor"
"Ace",-1.03862675340679,0.1968,"11","angiotensin I converting enzyme (peptidyl-dipeptidase A) 1"
"Cldn1",-1.03749028014522,0.2164,"16","claudin 1"
"Aqp1",-1.01676742808072,0.2596,"6","aquaporin 1"
"Ccr5",-1.00787121357419,0.1064,"9","chemokine (C-C motif) receptor 5"
"Col6a4",1.00138317533448,0.2668,"9","collagen, type VI, alpha 4"
"Oasl2",-1.00133054055026,0.016,"5","2'-5' oligoadenylate synthetase-like 2"
"Cd74",-0.977125077575324,0.1852,"18","CD74 antigen (invariant polypeptide of major histocompatibility complex, class II antigen-associated)"
"Vat1l",-0.956695968538859,0.0972,"8","vesicle amine transport protein 1 like"
"H2-Q4",-0.933976148080589,0.0124,"17","histocompatibility 2, Q region locus 4"
"Pcolce",-0.926833192731047,0.258,"5","procollagen C-endopeptidase enhancer protein"
"Cdkn1c",-0.883280677641443,0.2456,"7","cyclin-dependent kinase inhibitor 1C (P57)"
"Irf7",-0.875366077919681,0,"7","interferon regulatory factor 7"
"Calml4",-0.875144280512744,0.274,"9","calmodulin-like 4"
"Rab11fip1",-0.870584071827255,0.0112,"8","RAB11 family interacting protein 1 (class I)"
"Slc13a4",-0.87035522634251,0.3624,"6","solute carrier family 13 (sodium/sulfate symporters), member 4"
"Slc2a12",-0.863766687636447,0.206,"10","solute carrier family 2 (facilitated glucose transporter), member 12"
"Col8a2",-0.8632099916144,0.1824,"4","collagen, type VIII, alpha 2"
"Igf2",-0.835460821451872,0.1932,"7","insulin-like growth factor 2"
"Itga1",-0.827130656943399,0.0652,"13","integrin alpha 1"
"Nxph3",-0.806797744225384,0.2004,"11","neurexophilin 3"
"Gprin3",-0.805686173646721,0.2656,"6","GPRIN family member 3"
"Erg",-0.794451560121124,0.0276,"16","ETS transcription factor"
"Trpv4",-0.793130564243075,0.3232,"5","transient receptor potential cation channel, subfamily V, member 4"
"Krt18",-0.790886503763609,0.3668,"15","keratin 18"
"Sostdc1",-0.783854903814933,0.284,"12","sclerostin domain containing 1"
"Cgnl1",-0.7756231086634,0.0256,"9","cingulin-like 1"
"Alpl",-0.773560138710928,0.0496,"4","alkaline phosphatase, liver/bone/kidney"
"Epn3",-0.768577843861686,0.312,"11","epsin 3"
"Col4a4",-0.763105841558775,0.2948,"1","collagen, type IV, alpha 4"
"Baiap2l1",-0.742966639486387,0.3312,"5","BAI1-associated protein 2-like 1"
"Colec12",-0.739757586249253,0.0816,"18","collectin sub-family member 12"
"Bst2",-0.73646365212562,0.0732,"8","bone marrow stromal cell antigen 2"
"Perp",-0.734068162868591,0.0128,"10","PERP, TP53 apoptosis effector"
"Sulf1",-0.727541182777234,0.3292,"1","sulfatase 1"
"Mdfic",-0.723559826291499,0.1232,"6","MyoD family inhibitor domain containing"
"Lbp",-0.72012737832814,0.2916,"2","lipopolysaccharide binding protein"
"Dock2",-0.717382664438777,0.0404,"11","dedicator of cyto-kinesis 2"
"Drc7",-0.716802254708527,0.286,"8","dynein regulatory complex subunit 7"
"Sfrp1",-0.696929278555008,0.0316,"8","secreted frizzled-related protein 1"
"Tgfbi",-0.695404004957282,0.0792,"13","transforming growth factor, beta induced"
"Abca4",-0.695343912881846,0.39,"3","ATP-binding cassette, sub-family A (ABC1), member 4"
"Dcn",-0.694294880930495,0.2932,"10","decorin"
"H2-T23",-0.685000367367691,0.016,"17","histocompatibility 2, T region locus 23"
"Stac3",0.655063551779683,0.2952,"10","SH3 and cysteine rich domain 3"
"Slc16a9",-0.654526242537996,0.0504,"10","solute carrier family 16 (monocarboxylic acid transporters), member 9"
"Sema3b",-0.65449075482543,0.386,"9","sema domain, immunoglobulin domain (Ig), short basic domain, secreted, (semaphorin) 3B"
"Cd33",-0.652190959087772,0.2732,"7","CD33 antigen"
"Spint2",-0.648165169153998,0.2012,"7","serine protease inhibitor, Kunitz type 2"
"Ltc4s",-0.647164968323431,0.2756,"11","leukotriene C4 synthase"
"Anpep",-0.643675085132148,0.1396,"7","alanyl (membrane) aminopeptidase"
"Hspg2",-0.641764285160797,0.0344,"4","perlecan (heparan sulfate proteoglycan 2)"
"Aff2",-0.641712396768386,0.15,"X","AF4/FMR2 family, member 2"
"Gstm2",-0.640640013940464,0.2724,"3","glutathione S-transferase, mu 2"
"Igfbp2",-0.636140666556774,0.2668,"1","insulin-like growth factor binding protein 2"
"Ccn2",-0.626153673531625,0.0456,"10","cellular communication network factor 2"
"Col6a3",-0.621484880938536,0.3912,"1","collagen, type VI, alpha 3"
"Lgals3bp",-0.621377405366862,0.0288,"11","lectin, galactoside-binding, soluble, 3 binding protein"
"Xdh",-0.619011813042007,0.1248,"17","xanthine dehydrogenase"
"Hpgd",-0.615205824556421,0.1648,"8","hydroxyprostaglandin dehydrogenase 15 (NAD)"
"C2cd4a",0.612162006260653,0.0628,"9","C2 calcium-dependent domain containing 4A"
"Pon3",-0.609409122053683,0.2024,"6","paraoxonase 3"
"Enpp2",-0.603485760706665,0.2208,"15","ectonucleotide pyrophosphatase/phosphodiesterase 2"
"Angptl2",-0.59923001301215,0.5008,"2","angiopoietin-like 2"
"Ifitm3",-0.594529667344943,0.0836,"7","interferon induced transmembrane protein 3"
"Col1a2",-0.593810912810703,0.2464,"6","collagen, type I, alpha 2"
"Adnp",-0.593705841218724,0.1008,"2","activity-dependent neuroprotective protein"
"Tgm2",-0.58931085065849,0.0592,"2","transglutaminase 2, C polypeptide"
"Anxa3",-0.587319210331423,0.0228,"5","annexin A3"
"Nid1",-0.586199511753356,0.0856,"13","nidogen 1"
"Bmp7",-0.586170170591118,0.2636,"2","bone morphogenetic protein 7"
"Aldh1a2",-0.583019112618472,0.3464,"9","aldehyde dehydrogenase family 1, subfamily A2"
"Mgat5",-0.581933978612625,0.0996,"1","mannoside acetylglucosaminyltransferase 5"
"Htr2c",-0.572995000827886,0.1592,"X","5-hydroxytryptamine (serotonin) receptor 2C"
"Pcdhac2",-0.571808118302113,0.1084,"18","protocadherin alpha subfamily C, 2"
"F11r",-0.57177426214681,0.1152,"1","F11 receptor"
"Erich3",-0.567152902732754,0.0612,"3","glutamate rich 3"
"Bcam",-0.561158663315674,0.0612,"7","basal cell adhesion molecule"
"Rdh5",-0.55996367751984,0.3592,"10","retinol dehydrogenase 5"
"Podxl",-0.558933363134975,0.0588,"6","podocalyxin-like"
"Cfh",-0.557801136896279,0.2528,"1","complement component factor h"
"Ldb2",-0.556533595759244,0.0456,"5","LIM domain binding 2"
"Plk1",0.555224601654096,0.2188,"7","polo like kinase 1"
"Lcp1",-0.551750556032334,0.2376,"14","lymphocyte cytosolic protein 1"
"Gm36742",0.551619419016831,0.0108,"16","predicted gene, 36742"
"Npff",0.550720088108226,0.4036,"15","neuropeptide FF-amide peptide precursor"
"Pcdha12",-0.549703212218173,0.2428,"18","protocadherin alpha 12"
"Gask1a",0.546411743040927,0.0056,"9","golgi associated kinase 1A"
"Tmem204",-0.543361527346121,0.0144,"17","transmembrane protein 204"
"Atp2a3",-0.532973433482773,0.0328,"11","ATPase, Ca++ transporting, ubiquitous"
"Gbp3",-0.532303607524524,0.03,"3","guanylate binding protein 3"
"Zfp551",-0.531914300053801,0.1484,"7","zinc fingr protein 551"
"Igfbp7",-0.530872200260581,0.0772,"5","insulin-like growth factor binding protein 7"
"Col18a1",-0.526649318392994,0.1008,"10","collagen, type XVIII, alpha 1"
"Selplg",-0.522335349488829,0.2092,"5","selectin, platelet (p-selectin) ligand"
"Tbx6",0.522056799525705,0.218,"7","T-box 6"
"Cd59a",-0.51691011696054,0.192,"2","CD59a antigen"
"Fndc8",0.515737404084013,0.2784,"11","fibronectin type III domain containing 8"
"Rasgrp4",0.515556389304985,0.0628,"7","RAS guanyl releasing protein 4"
"Pla2g4e",0.513195252959871,0.6732,"2","phospholipase A2, group IVE"
"Cdkl5",-0.508882278135616,0.272,"X","cyclin-dependent kinase-like 5"
"Ntn4",-0.508620859936127,0.0424,"10","netrin 4"
"Cplx3",0.508499841212178,0.1252,"9","complexin 3"
"Inpp5d",-0.507208279158858,0.1,"1","inositol polyphosphate-5-phosphatase D"
"Glmn",0.504997136475947,0.1824,"5","glomulin, FKBP associated protein"
"Mgp",-0.502974266919471,0.1764,"6","matrix Gla protein"
"Ifi27l2a",-0.499204315039783,0.4688,"12","interferon, alpha-inducible protein 27 like 2A"
"Gpr26",-0.498703289423498,0.1176,"7","G protein-coupled receptor 26"
"Arfgef3",-0.493298484496166,0.2224,"10","ARFGEF family member 3"
"Cp",-0.49262707338384,0.0196,"3","ceruloplasmin"
"Fzd4",-0.491966995373567,0.2028,"7","frizzled class receptor 4"
"Crhr2",-0.491772840422409,0.3664,"6","corticotropin releasing hormone receptor 2"
"Abca9",-0.491588013944162,0.2564,"11","ATP-binding cassette, sub-family A (ABC1), member 9"
"Tns1",-0.489285646859645,0.0196,"1","tensin 1"
"Kcnh7",-0.48773125030335,0.4336,"2","potassium voltage-gated channel, subfamily H (eag-related), member 7"
"Vwf",-0.486432847168123,0.0364,"6","Von Willebrand factor"
"Myh11",-0.47913285252755,0.0064,"16","myosin, heavy polypeptide 11, smooth muscle"
"Slc16a8",-0.479112160845344,0.4916,"15","solute carrier family 16 (monocarboxylic acid transporters), member 8"
"Sdk2",-0.478110585727019,0.096,"11","sidekick cell adhesion molecule 2"
"Mir3064",0.476901345365414,0.164,"11","microRNA 3064"
"Aste1",0.474845544686459,0.016,"9","asteroid homolog 1"
"Lmbrd2",-0.474816620113055,0.3204,"15","LMBR1 domain containing 2"
"Ovgp1",0.473917634603134,0.252,"3","oviductal glycoprotein 1"
"Cyp11a1",0.4728495141685,0.0452,"9","cytochrome P450, family 11, subfamily a, polypeptide 1"
"Pcdhga3",-0.471915402214026,0.0816,"18","protocadherin gamma subfamily A, 3"
"Gm10791",0.471235247926136,0.3032,"16","predicted gene 10791"
"Slfn5",-0.470413163922154,0.0568,"11","schlafen 5"
"Il6ra",-0.470393063969514,0.1976,"3","interleukin 6 receptor, alpha"
"Robo4",-0.468913124400943,0.0052,"9","roundabout guidance receptor 4"
"Cdh23",-0.468130670225793,0.1404,"10","cadherin 23 (otocadherin)"
"Ucp2",-0.467654891763036,0.2152,"7","uncoupling protein 2 (mitochondrial, proton carrier)"
"Tinagl1",-0.465960376392394,0.0524,"4","tubulointerstitial nephritis antigen-like 1"
"Clic5",-0.46567525287794,0.1072,"17","chloride intracellular channel 5"
"Edn3",-0.464920907524847,0.094,"2","endothelin 3"
"Atp10d",-0.462771810892424,0.322,"5","ATPase, class V, type 10D"
"Klhl15",-0.461206216838354,0.1984,"X","kelch-like 15"
"Kcnh4",0.460746260477903,0.2076,"11","potassium voltage-gated channel, subfamily H (eag-related), member 4"
"Fn1",-0.460435109543322,0.0884,"1","fibronectin 1"
"Anxa2",-0.460429067080464,0.1752,"9","annexin A2"
"Kl",-0.459987133236671,0.182,"5","klotho"
"Steap2",-0.458383462637148,0.2372,"5","six transmembrane epithelial antigen of prostate 2"
"Cbl",-0.4572395397587,0.2504,"9","Casitas B-lineage lymphoma"
"Cdh5",-0.456719226719473,0.0108,"8","cadherin 5"
"Galnt3",0.45607463911001,0.1068,"2","polypeptide N-acetylgalactosaminyltransferase 3"
"Ptprb",-0.455993499934658,0.0432,"10","protein tyrosine phosphatase, receptor type, B"
"Prkag2os1",0.45586233773477,0.4996,"5","protein kinase, AMP-activated, gamma 2 non-catalytic subunit, opposite strand 1"
"Fmo2",-0.454440595679209,0.1516,"1","flavin containing monooxygenase 2"
"Pcdhga5",-0.452151699217098,0.0448,"18","protocadherin gamma subfamily A, 5"
"Chn1os3",0.451901268461277,0.2516,"2","chimerin 1, opposite strand 3"
"Itm2a",-0.451263658861755,0.0996,"X","integral membrane protein 2A"
"Gm15328",0.450939495868513,0.2856,"18","predicted gene 15328"
"Palm3",0.450697053666035,0.096,"8","paralemmin 3"
"Tjp3",-0.449669270606628,0.364,"10","tight junction protein 3"
"Flt1",-0.447440844046413,0.082,"5","FMS-like tyrosine kinase 1"
"Cd93",-0.445281956273022,0.1244,"2","CD93 antigen"
"Fam135b",-0.444871173498278,0.398,"15","family with sequence similarity 135, member B"
"Pltp",-0.443860029923476,0.0256,"2","phospholipid transfer protein"
"Zfp59",0.442428475591182,0.0836,"7","zinc finger protein 59"
"Nes",-0.43907123115305,0.0428,"3","nestin"
"Fads6",-0.437309050674199,0.1784,"11","fatty acid desaturase domain family, member 6"
"Col9a3",-0.434598934485506,0.4104,"2","collagen, type IX, alpha 3"
"Fam216b",-0.433306012345609,0.2716,"14","family with sequence similarity 216, member B"
"Pcdhgc4",-0.432221269315173,0.2492,"18","protocadherin gamma subfamily C, 4"
"Shroom4",-0.430751741335941,0.0396,"X","shroom family member 4"
"Gm266",0.430573514525234,0.1468,"12","predicted gene 266"
"Col15a1",-0.430391546242792,0.1252,"4","collagen, type XV, alpha 1"
"Slc25a34",0.429930685207424,0.1504,"4","solute carrier family 25, member 34"
"Myoc",-0.42871662245117,0.2732,"1","myocilin"
"Tek",-0.427710729380362,0.0812,"4","TEK receptor tyrosine kinase"
"Krtcap3",0.427017101013746,0.2652,"5","keratinocyte associated protein 3"
"Adgrl4",-0.424701931487473,0.1316,"3","adhesion G protein-coupled receptor L4"
"Cd55",-0.424070104726441,0.0908,"1","CD55 molecule, decay accelerating factor for complement"
"Nfkbid",0.423872976854885,0.0752,"7","nuclear factor of kappa light polypeptide gene enhancer in B cells inhibitor, delta"
"Nptxr",-0.422747422680746,0.0708,"15","neuronal pentraxin receptor"
"Trim67",-0.422290936238121,0.0108,"8","tripartite motif-containing 67"
"Lgals9",-0.420069272253455,0.1296,"11","lectin, galactose binding, soluble 9"
"Gm5577",0.418226206896346,0.4152,"6","predicted gene 5577"
"Pld4",-0.418005646264558,0.0284,"12","phospholipase D family, member 4"
"Tgfbr2",-0.417739956968759,0.0468,"9","transforming growth factor, beta receptor II"
"Nuf2",0.415271979552752,0.0888,"1","NUF2, NDC80 kinetochore complex component"
"Il17rc",0.415165395686027,0.0908,"6","interleukin 17 receptor C"
"Cd164l2",0.412710271958613,0.1424,"4","CD164 sialomucin-like 2"
"Klf4",-0.412701963048336,0.0284,"4","Kruppel-like factor 4 (gut)"
"Heg1",-0.412189231725332,0.2088,"16","heart development protein with EGF-like domains 1"
"Cish",-0.412080747772678,0.4068,"9","cytokine inducible SH2-containing protein"
"Adgrf5",-0.410862899658953,0.0772,"17","adhesion G protein-coupled receptor F5"
"Acta2",-0.410724311937167,0.164,"19","actin alpha 2, smooth muscle, aorta"
"Pdia5",0.409913383829605,0.1776,"16","protein disulfide isomerase associated 5"
"Tm6sf2",0.409288141506072,0.4408,"8","transmembrane 6 superfamily member 2"
"Gt(ROSA)26Sor",0.407680657724871,0.072,"6","gene trap ROSA 26, Philippe Soriano"
"Rpl37rt",0.407218384190315,0.0364,"5","ribosomal protein L37, retrotransposed"
"Ddi2",-0.407125281644922,0.2168,"4","DNA-damage inducible protein 2"
"Myh7",-0.406354282196532,0.1068,"14","myosin, heavy polypeptide 7, cardiac muscle, beta"
"Crtap",-0.406208272102643,0.1104,"9","cartilage associated protein"
"Cfap126",-0.404634299784132,0.4172,"1","cilia and flagella associated protein 126"
"Cacng5",-0.404191382366778,0.1328,"11","calcium channel, voltage-dependent, gamma subunit 5"
"Prelp",-0.402775417939158,0.0992,"1","proline arginine-rich end leucine-rich repeat"
"Rgs5",-0.40264161050473,0.0444,"1","regulator of G-protein signaling 5"
"Pinx1",0.40119434364231,0.008,"14","PIN2/TERF1 interacting, telomerase inhibitor 1"
"Entpd1",-0.400422521024131,0.0692,"19","ectonucleoside triphosphate diphosphohydrolase 1"
"Pcdhga12",-0.399995604035225,0.0484,"18","protocadherin gamma subfamily A, 12"
"Emcn",-0.399623198669536,0.0716,"3","endomucin"
"Pde3a",-0.399206134977333,0.1664,"6","phosphodiesterase 3A, cGMP inhibited"
"2900076A07Rik",0.398516668343602,0.2524,"7","RIKEN cDNA 2900076A07 gene"
"Ppp1ccb",0.397394108248148,0.012,"7","protein phosphatase 1 catalytic subunit gamma B"
"Cntn4",-0.395569126961102,0.0688,"6","contactin 4"
"Tm4sf1",-0.395355467942118,0.3172,"3","transmembrane 4 superfamily member 1"
"Pcdh1",-0.395195018802892,0.1776,"18","protocadherin 1"
"Oscar",0.394795034002902,0.3864,"7","osteoclast associated receptor"
"Zfp58",0.39408650385585,0.0252,"13","zinc finger protein 58"
"Slc32a1",-0.393222478172527,0.0448,"2","solute carrier family 32 (GABA vesicular transporter), member 1"
"Ksr2",-0.391910356370531,0.2732,"5","kinase suppressor of ras 2"
"Neil1",0.391094480909238,0.308,"9","nei endonuclease VIII-like 1 (E. coli)"
"Rhpn1",0.390600533684708,0.15,"15","rhophilin, Rho GTPase binding protein 1"
"Cep95",0.390223657826149,0.1644,"11","centrosomal protein 95"
"Hmox1",0.388866901819345,0.024,"8","heme oxygenase 1"
"Rps27",0.38847546837102,0.224,"3","ribosomal protein S27"
"Mks1",0.386355912217448,0.0188,"11","MKS transition zone complex subunit 1"
"Cdkl4",-0.386265074941318,0.0068,"17","cyclin-dependent kinase-like 4"
"Pcdhgb2",-0.385836685271373,0.1816,"18","protocadherin gamma subfamily B, 2"
"Paqr5",-0.385745086765655,0.3132,"9","progestin and adipoQ receptor family member V"
"Fzd6",-0.38523451080671,0.0488,"15","frizzled class receptor 6"
"Zic4",-0.385039933464877,0.4692,"9","zinc finger protein of the cerebellum 4"
"Itgam",-0.384331665732697,0.3956,"7","integrin alpha M"
"Trpc6",0.384158126860513,0.156,"9","transient receptor potential cation channel, subfamily C, member 6"
"C4a",0.38404918102265,0.378,"17","complement component 4A (Rodgers blood group)"
"Mrc2",-0.383119407767128,0.1836,"11","mannose receptor, C type 2"
"Gbp4",-0.3830880767977,0.5236,"5","guanylate binding protein 4"
"Mir682",0.38179129858817,0.0396,"13","microRNA 682"
"Mir5125",0.380112283204832,0.3948,"17","microRNA 5125"
"D930048N14Rik",0.379204366267248,0.372,"11","RIKEN cDNA D930048N14 gene"
"Lef1",-0.377895355600589,0.0568,"3","lymphoid enhancer binding factor 1"
"Lnpep",-0.377351477553948,0.4048,"17","leucyl/cystinyl aminopeptidase"
"Gm14322",0.375551747850286,0.1464,"2","predicted gene 14322"
"Ifit1",-0.375324349957779,0.484,"19","interferon-induced protein with tetratricopeptide repeats 1"
"C130074G19Rik",-0.372727315839289,0.0528,"1","RIKEN cDNA C130074G19 gene"
"Ptchd1",0.372461688128265,0.0644,"X","patched domain containing 1"
"Eng",-0.371565232377976,0.018,"2","endoglin"
"Gm11681",0.371380740877686,0.084,"11","predicted gene 11681"
"Vtn",-0.370869834005782,0.0664,"11","vitronectin"
"Isoc2b",0.370629630817047,0.0296,"7","isochorismatase domain containing 2b"
"4833422C13Rik",0.370621707502263,0.2904,"13","RIKEN cDNA 4833422C13 gene"
"Pecam1",-0.370409841269207,0.0276,"11","platelet/endothelial cell adhesion molecule 1"
"Ptpn2",0.370306620719306,0.1944,"18","protein tyrosine phosphatase, non-receptor type 2"
"Megf9",-0.36951276525694,0.3224,"4","multiple EGF-like-domains 9"
"Slc39a2",0.369063655989936,0.4412,"14","solute carrier family 39 (zinc transporter), member 2"
"Lsr",-0.369024001297961,0.1352,"7","lipolysis stimulated lipoprotein receptor"
"Dyrk2",-0.367772120478319,0.2588,"10","dual-specificity tyrosine-(Y)-phosphorylation regulated kinase 2"
"Acrbp",0.367336798721966,0.3748,"6","proacrosin binding protein"
"Nynrin",-0.367065811991452,0.1332,"14","NYN domain and retroviral integrase containing"
"Arntl2",0.366704880430017,0.4116,"6","aryl hydrocarbon receptor nuclear translocator-like 2"
"Tubd1",0.36664699075035,0.1536,"11","tubulin, delta 1"
"Bgn",-0.365899441594985,0.1016,"X","biglycan"
"Stc1",-0.364418160079126,0.1184,"14","stanniocalcin 1"
"Kdr",-0.364240618157828,0.0708,"5","kinase insert domain protein receptor"
"Sgms2",-0.363927439129651,0.3804,"3","sphingomyelin synthase 2"
"Pgam2",0.363327346003804,0.3044,"11","phosphoglycerate mutase 2"
"Dus4l",0.363289479729709,0,"12","dihydrouridine synthase 4-like (S. cerevisiae)"
"Nemp1",0.362579369159516,0.204,"10","nuclear envelope integral membrane protein 1"
"Nemp1",0.362579369159516,0.204,"10","nuclear envelope integral membrane protein 1"
"Pcgf6",0.361797610561918,0.1216,"19","polycomb group ring finger 6"
"Syt10",-0.360022815813358,0.4868,"15","synaptotagmin X"
"Abcc9",-0.359879714809224,0.2156,"6","ATP-binding cassette, sub-family C (CFTR/MRP), member 9"
"Chac2",0.359105211431884,0.0332,"11","ChaC, cation transport regulator 2"
"Malat1",0.35904158102243,0.5028,"19","metastasis associated lung adenocarcinoma transcript 1 (non-coding RNA)"
"Hspa12b",-0.357957465750072,0.038,"2","heat shock protein 12B"
"Rel",-0.357910058534016,0.0436,"11","reticuloendotheliosis oncogene"
"Ifitm2",-0.357768163026113,0.1624,"7","interferon induced transmembrane protein 2"
"Nxph1",-0.357529985252148,0.1712,"6","neurexophilin 1"
"Tcf15",0.355319929886635,0.1484,"2","transcription factor 15"
"Cast",-0.354966404499449,0.148,"13","calpastatin"
"2410004P03Rik",-0.354335584536189,0.5864,"12","RIKEN cDNA 2410004P03 gene"
"Trip11",-0.354320874039464,0.3448,"12","thyroid hormone receptor interactor 11"
"Cavin2",-0.354133251626679,0.0488,"1","caveolae associated 2"
"Qtrt1",0.353825532619559,0.2068,"9","queuine tRNA-ribosyltransferase catalytic subunit 1"
"Fhod3",-0.353031279416661,0.1012,"18","formin homology 2 domain containing 3"
"Pcdh11x",0.352962785604162,0.1316,"X","protocadherin 11 X-linked"
"Tox",-0.352330028873814,0.4092,"4","thymocyte selection-associated high mobility group box"
"Plk5",0.352071552896127,0.0728,"10","polo like kinase 5"
"Mcm5",-0.35112671269133,0.0496,"8","minichromosome maintenance complex component 5"
"Htr7",-0.35040927308545,0.1284,"19","5-hydroxytryptamine (serotonin) receptor 7"
"Fmod",-0.350149792242769,0.6376,"1","fibromodulin"
"Gin1",0.35014290726109,0.1048,"1","gypsy retrotransposon integrase 1"
"Plekhg4",0.348994968621201,0.4188,"8","pleckstrin homology domain containing, family G (with RhoGef domain) member 4"
"Col1a1",-0.348896625515411,0.3308,"11","collagen, type I, alpha 1"
"Ier2",-0.347671606095116,0.1188,"8","immediate early response 2"
"Abcg2",-0.347342029582697,0.0052,"6","ATP binding cassette subfamily G member 2 (Junior blood group)"
"Ccn1",-0.347294100076036,0.1576,"3","cellular communication network factor 1"
"Bmp6",-0.346928563813508,0.334,"13","bone morphogenetic protein 6"
"Catip",-0.346658553227404,0.4948,"1","ciliogenesis associated TTC17 interacting protein"
"Slc35b3",0.346243325896804,0.0352,"13","solute carrier family 35, member B3"
"A230001M10Rik",-0.345879516660949,0.3328,"3","RIKEN cDNA A230001M10 gene"
"Col11a1",0.345766630719483,0.4676,"3","collagen, type XI, alpha 1"
"Slco2b1",-0.345706385455705,0.1856,"7","solute carrier organic anion transporter family, member 2b1"
"Arhgap29",-0.345588969614265,0.1512,"3","Rho GTPase activating protein 29"
"Scube3",-0.345374760462337,0.296,"17","signal peptide, CUB domain, EGF-like 3"
"Xist",0.344945846539355,0.4892,"X","inactive X specific transcripts"
"Gpt",0.344910262235587,0.0456,"15","glutamic pyruvic transaminase, soluble"
"Mirg",0.343948117254202,0.2624,"12","miRNA containing gene"
"Dock8",-0.343761166431435,0.2604,"19","dedicator of cytokinesis 8"
"1700001O22Rik",0.343694087548568,0.366,"2","RIKEN cDNA 1700001O22 gene"
"Eif4ebp1",0.343505966334062,0.41,"8","eukaryotic translation initiation factor 4E binding protein 1"
"Sstr4",-0.343222934514556,0.3832,"2","somatostatin receptor 4"
"Rnf144b",-0.343024606965576,0.026,"13","ring finger protein 144B"
"Trim25",-0.342443708435023,0.0692,"11","tripartite motif-containing 25"
"H2-D1",-0.342344078013561,0.1504,"17","histocompatibility 2, D region locus 1"
"Gm16835",0.341847146435583,0.2536,"14","predicted gene, 16835"
"Csf3r",-0.341816769179358,0.434,"4","colony stimulating factor 3 receptor (granulocyte)"
"C1galt1",-0.341285120746835,0.3376,"6","core 1 synthase, glycoprotein-N-acetylgalactosamine 3-beta-galactosyltransferase, 1"
"Klhdc8a",-0.341111792658288,0.1936,"1","kelch domain containing 8A"
"Rnpc3",0.341094566582137,0.2548,"3","RNA-binding region (RNP1, RRM) containing 3"
"Tnnt2",0.341016037765787,0.1672,"1","troponin T2, cardiac"
"Gpr63",-0.340714040684117,0.3944,"4","G protein-coupled receptor 63"
"Dmp1",0.340552338185175,0.0616,"5","dentin matrix protein 1"
"Sat1",0.340530855105184,0.0088,"X","spermidine/spermine N1-acetyl transferase 1"
"Eps8l1",-0.339366793356592,0.5496,"7","EPS8-like 1"
"Fcrls",-0.33907794107018,0.3952,"3","Fc receptor-like S, scavenger receptor"
"Zbtb20",-0.338274964173037,0.2876,"16","zinc finger and BTB domain containing 20"
"2700054A10Rik",0.338268576582268,0.25,"17","RIKEN cDNA 2700054A10 gene"
"Gm20754",0.337442084055581,0.0108,"3","predicted gene, 20754"
"Xkr4",-0.336663735095609,0.4024,"1","X-linked Kx blood group related 4"
"Itgb8",-0.336403199590731,0.2308,"12","integrin beta 8"
"Efna5",-0.336303063405177,0.1416,"17","ephrin A5"
"Pigbos1",-0.336071957133485,0.0676,"9","Pigb opposite strand 1"
"Ryr1",0.334337141252829,0.4336,"7","ryanodine receptor 1, skeletal muscle"
"Siva1",0.334191271766466,0.034,"12","SIVA1, apoptosis-inducing factor"
"Zfp874b",0.333709242624156,0.0668,"13","zinc finger protein 874b"
"Lamc3",-0.333674505531089,0.0672,"2","laminin gamma 3"
"Igfbp3",-0.333460016817137,0.0244,"11","insulin-like growth factor binding protein 3"
"Tie1",-0.332307706461462,0.0112,"4","tyrosine kinase with immunoglobulin-like and EGF-like domains 1"
"Pcp4l1",-0.332041307490631,0.0724,"1","Purkinje cell protein 4-like 1"
"6820431F20Rik",0.331934273744155,0.0716,"8","cadherin 11 pseudogene"
"Col6a2",-0.33167666157616,0.1604,"10","collagen, type VI, alpha 2"
"Alg10b",-0.331162639473572,0.3804,"15","asparagine-linked glycosylation 10B (alpha-1,2-glucosyltransferase)"
"Kcne1l",0.330517603704865,0.2224,"X","potassium voltage-gated channel, Isk-related family, member 1-like, pseudogene"
"Maf",-0.329305907457838,0.0256,"8","avian musculoaponeurotic fibrosarcoma oncogene homolog"
"Itga9",-0.329268783030295,0.18,"9","integrin alpha 9"
"Sod3",-0.32901251041469,0.2512,"5","superoxide dismutase 3, extracellular"
"Pkib",0.328915344492473,0.064,"10","protein kinase inhibitor beta, cAMP dependent, testis specific"
"Dab2",-0.328859160612005,0.4276,"15","disabled 2, mitogen-responsive phosphoprotein"
"Moxd1",-0.327895111511774,0.0352,"10","monooxygenase, DBH-like 1"
"Rai14",-0.327681113396854,0.1628,"15","retinoic acid induced 14"
"Gpx8",-0.326998572262967,0.424,"13","glutathione peroxidase 8 (putative)"
"Htra4",0.326961364712123,0.1532,"8","HtrA serine peptidase 4"
"Rasip1",-0.326384363960495,0,"7","Ras interacting protein 1"
"Dancr",0.326040357950077,0.2292,"5","differentiation antagonizing non-protein coding RNA"
"Tnfrsf25",0.325400434812063,0.4704,"4","tumor necrosis factor receptor superfamily, member 25"
"Mmp23",0.324765439977436,0.4408,"4","matrix metallopeptidase 23"
"Fli1",-0.324434645954783,0.3564,"9","Friend leukemia integration 1"
"Doc2g",0.324410784985172,0.2956,"19","double C2, gamma"
"A230077H06Rik",0.324374644695335,0.3864,"7","RIKEN cDNA A230077H06 gene"
"Htr2a",-0.324356385643436,0.4372,"14","5-hydroxytryptamine (serotonin) receptor 2A"
"H2-K1",-0.324074189000213,0.1608,"17","histocompatibility 2, K1, K region"
"Ddr2",-0.323578710064919,0.0412,"1","discoidin domain receptor family, member 2"
"Slc25a30",-0.323270709490854,0.1936,"14","solute carrier family 25, member 30"
"Myo19",0.322969446924513,0.42,"11","myosin XIX"
"Ttc16",0.322841758106715,0.3484,"2","tetratricopeptide repeat domain 16"
"Rps19-ps3",0.320786461659824,0.4084,"4","ribosomal protein S19, pseudogene 3"
"Thbd",-0.320712137107556,0.0292,"2","thrombomodulin"
"Rbpms",-0.320410193743774,0.0536,"8","RNA binding protein gene with multiple splicing"
"Bex4",0.31967200888038,0.0108,"X","brain expressed X-linked 4"
"Gata2",-0.319375218333081,0.1344,"6","GATA binding protein 2"
"Samd5",-0.319288286213413,0.22,"10","sterile alpha motif domain containing 5"
"Sp100",-0.318739219046784,0.1824,"1","nuclear antigen Sp100"
"E130102H24Rik",0.317852642326847,0.3812,"4","RIKEN cDNA E130102H24 gene"
"Ubxn10",-0.317694392628538,0.2844,"4","UBX domain protein 10"
"Dhrs11",0.31721654944042,0.2532,"11","dehydrogenase/reductase (SDR family) member 11"
"Hinfp",0.316783528307278,0.3628,"9","histone H4 transcription factor"
"Wfdc1",-0.316635629620473,0.0964,"8","WAP four-disulfide core domain 1"
"Cenpp",0.316301569919523,0.0836,"13","centromere protein P"
"Mycn",0.316161569831714,0.0344,"12","v-myc avian myelocytomatosis viral related oncogene, neuroblastoma derived"
"Cfap54",-0.316068342286451,0.3636,"10","cilia and flagella associated protein 54"
"Tmem200c",-0.314627496373861,0.078,"17","transmembrane protein 200C"
"Ccdc40",-0.314389045168066,0.14,"11","coiled-coil domain containing 40"
"Parm1",-0.313983074526826,0.3672,"5","prostate androgen-regulated mucin-like protein 1"
"Pcdhgc5",-0.313600320496293,0.18,"18","protocadherin gamma subfamily C, 5"
"Csf1r",-0.312244262875986,0.2952,"18","colony stimulating factor 1 receptor"
"Igflr1",0.311932526325156,0.422,"7","IGF-like family receptor 1"
"Zcchc10",0.311809125786953,0.0596,"11","zinc finger, CCHC domain containing 10"
"Itgb2",-0.311278046690727,0.3856,"10","integrin beta 2"
"9330151L19Rik",0.311247778941595,0.1124,"12","RIKEN cDNA 9330151L19 gene"
"Ppl",0.311083665587079,0.2644,"16","periplakin"
"C1qc",-0.311047273775904,0.2468,"4","complement component 1, q subcomponent, C chain"
"Adssl1",-0.310661601052458,0.2636,"12","adenylosuccinate synthetase like 1"
"Srgn",-0.310355481097473,0.392,"10","serglycin"
"Pola1",-0.310148400143372,0.2672,"X","polymerase (DNA directed), alpha 1"
"Foxj1",-0.309963241340195,0.3404,"11","forkhead box J1"
"Spag5",0.309947500430094,0.3008,"11","sperm associated antigen 5"
"Mmp15",-0.309804438905997,0.0344,"8","matrix metallopeptidase 15"
"Ercc8",0.3095738478972,0.0212,"13","excision repaiross-complementing rodent repair deficiency, complementation group 8"
"Ssc5d",0.309433983454263,0.5396,"7","scavenger receptor cysteine rich family, 5 domains"
"Dapp1",0.308583542139167,0.0764,"3","dual adaptor for phosphotyrosine and 3-phosphoinositides 1"
"Abraxas1",0.308411929284811,0.3232,"5","BRCA1 A complex subunit"
"Fitm2",-0.307646689765293,0.0904,"2","fat storage-inducing transmembrane protein 2"
"Lima1",-0.307395496477453,0.104,"15","LIM domain and actin binding 1"
"Prss53",0.30737896331719,0.4612,"7","protease, serine 53"
"Psmg4",0.306817445703262,0.1268,"13","proteasome (prosome, macropain) assembly chaperone 4"
"Pdzd7",0.306771106500382,0.1008,"19","PDZ domain containing 7"
"Mkx",0.306434781239075,0.0876,"18","mohawk homeobox"
"1810014B01Rik",0.306371675926139,0.1284,"10","RIKEN cDNA 1810014B01 gene"
"Ctsc",-0.306369870053587,0.202,"7","cathepsin C"
"Slc40a1",-0.306359813160847,0.1232,"1","solute carrier family 40 (iron-regulated transporter), member 1"
"Pcdhga4",-0.306304751398436,0.3176,"18","protocadherin gamma subfamily A, 4"
"Grem2",-0.305440009242518,0.1652,"1","gremlin 2, DAN family BMP antagonist"
"Lin9",0.305347275318253,0.0056,"1","lin-9 DREAM MuvB core complex component"
"Cmc1",0.305111273265377,0.1232,"9","COX assembly mitochondrial protein 1"
"Gm20751",0.305070195299136,0.5036,"13","predicted gene, 20751"
"Cfp",0.304870151947971,0.4516,"X","complement factor properdin"
"Cmtr2",0.304428538186583,0.0244,"8","cap methyltransferase 2"
"Gpx3",-0.304292046507216,0.4776,"11","glutathione peroxidase 3"
"Cstb",0.304156637178747,0.0164,"10","cystatin B"
"2700097O09Rik",0.302910204145914,0.23,"12","RIKEN cDNA 2700097O09 gene"
"Pop1",0.302864323008499,0.1244,"15","processing of precursor 1, ribonuclease P/MRP family, (S. cerevisiae)"
"Abcb1a",-0.301170099410429,0.1332,"5","ATP-binding cassette, sub-family B (MDR/TAP), member 1A"
"Abi3",-0.301096855832273,0.044,"11","ABI family member 3"
"Vsir",-0.300044213144457,0.3028,"10","V-set immunoregulatory receptor"
"Pcdhb2",-0.299999339594231,0.374,"18","protocadherin beta 2"
"Gm11266",0.299725240129706,0.2156,"4","predicted gene 11266"
"St6galnac2",-0.299446465506377,0.51,"11","ST6 (alpha-N-acetyl-neuraminyl-2,3-beta-galactosyl-1,3)-N-acetylgalactosaminide alpha-2,6-sialyltransferase 2"
"Usp27x",0.29915280854942,0.0196,"X","ubiquitin specific peptidase 27, X chromosome"
"Col6a1",0.298353463569911,0.4152,"10","collagen, type VI, alpha 1"
"Shld1",0.298304629016336,0.112,"2","shieldin complex subunit 1"
"Lrrc3",-0.297162666505002,0.3396,"10","leucine rich repeat containing 3"
"Mir124a-1hg",0.297135169826648,0.4176,"14","Mir124-1 host gene (non-protein coding)"
"Poll",0.296573859423584,0.0056,"19","polymerase (DNA directed), lambda"
"Sntb2",-0.29655387838798,0.4424,"8","syntrophin, basic 2"
"Apold1",-0.296186971765662,0.3868,"6","apolipoprotein L domain containing 1"
"Slc52a2",0.296182852734568,0.1408,"15","solute carrier protein 52, member 2"
"Galm",-0.296084948056253,0.4068,"17","galactose mutarotase"
"Mfsd10",0.295967928301803,0.2436,"5","major facilitator superfamily domain containing 10"
"Cntnap2",-0.29583022586133,0.256,"6","contactin associated protein-like 2"
"Exosc8",0.294927741694305,0.0796,"3","exosome component 8"
"Ltv1",0.294886233813266,0.016,"10","LTV1 ribosome biogenesis factor"
"Chrna7",-0.294142509274907,0.3468,"7","cholinergic receptor, nicotinic, alpha polypeptide 7"
"Myadml2",0.293129243903576,0.2968,"11","myeloid-associated differentiation marker-like 2"
"Hfe",-0.293124918568086,0.4376,"13","homeostatic iron regulator"
"Galk1",-0.292322961485266,0.1396,"11","galactokinase 1"
"Dimt1",0.292235866018142,0.232,"13","DIM1 dimethyladenosine transferase 1-like (S. cerevisiae)"
"Fras1",-0.291709591411643,0.426,"5","Fraser extracellular matrix complex subunit 1"
"Anapc10",0.291418532194199,0.0256,"8","anaphase promoting complex subunit 10"
"Nemp2",0.29137874623962,0.2068,"1","nuclear envelope integral membrane protein 2"
"Fxyd1",-0.291029759400217,0.3784,"7","FXYD domain-containing ion transport regulator 1"
"Hrh2",-0.29065025770284,0.1988,"13","histamine receptor H2"
"Hhip",-0.29038243384031,0.2548,"8","Hedgehog-interacting protein"
"Fam229b",0.290251326862256,0.0588,"10","family with sequence similarity 229, member B"
"Gstk1",0.289440754060759,0.2524,"6","glutathione S-transferase kappa 1"
"Shroom3",-0.289284296685358,0.2748,"5","shroom family member 3"
"Umps",0.288110628936564,0.0576,"16","uridine monophosphate synthetase"
"Bbof1",0.28742395935667,0.3156,"12","basal body orientation factor 1"
"Nipal4",-0.287227702741212,0.2008,"11","NIPA-like domain containing 4"
"Rorc",0.287202087104171,0.2648,"3","RAR-related orphan receptor gamma"
"Serpinh1",-0.286990086934451,0.3276,"7","serine (or cysteine) peptidase inhibitor, clade H, member 1"
"Cavin1",-0.286964383355751,0.2264,"11","caveolae associated 1"
"Dnali1",-0.285656456182437,0.5832,"4","dynein, axonemal, light intermediate polypeptide 1"
"Gm14169",0.285338404309319,0.3076,"2","predicted gene 14169"
"Mafb",-0.285324248312259,0.088,"2","v-maf musculoaponeurotic fibrosarcoma oncogene family, protein B (avian)"
"Rbms3",-0.285300494201607,0.0692,"9","RNA binding motif, single stranded interacting protein"
"Ttc21a",0.285274391942502,0.4884,"9","tetratricopeptide repeat domain 21A"
"Agmo",0.285080445350173,0.1256,"12","alkylglycerol monooxygenase"
"Dtwd1",0.28458217658421,0.0472,"2","DTW domain containing 1"
"Zfp354a",0.283638251806973,0.1484,"11","zinc finger protein 354A"
"Fyb2",-0.282985092782837,0.3428,"4","FYN binding protein 2"
"Fam184b",0.28287228748528,0.142,"5","family with sequence similarity 184, member B"
"Mtmr9",-0.282841210223002,0.2076,"14","myotubularin related protein 9"
"Slc2a4rg-ps",0.282806638686091,0.4796,"2","Slc2a4 regulator, pseudogene"
"Spef2",-0.282766219080791,0.3692,"15","sperm flagellar 2"
"Slit3",-0.282759764456834,0.27,"11","slit guidance ligand 3"
"Mylk3",0.282666984395309,0.3512,"8","myosin light chain kinase 3"
"Gpr83",-0.282372997860634,0.1064,"9","G protein-coupled receptor 83"
"Rpain",0.282371997160674,0.02,"11","RPA interacting protein"
"Ctsh",-0.282049734386318,0.1756,"9","cathepsin H"
"Nhlh1",0.281854230068516,0.338,"1","nescient helix loop helix 1"
"Pdzrn4",0.281435929133544,0.2312,"15","PDZ domain containing RING finger 4"
"Dus1l",0.28086926479314,0.0188,"11","dihydrouridine synthase 1-like (S. cerevisiae)"
"Rps6kb2",0.280770526598211,0.3712,"19","ribosomal protein S6 kinase, polypeptide 2"
"Cab39l",-0.280200101326949,0.2608,"14","calcium binding protein 39-like"
"Lgals1",-0.279391409634434,0.284,"15","lectin, galactose binding, soluble 1"
"Ncam2",-0.279320608005682,0.452,"16","neural cell adhesion molecule 2"
"Eps8l2",-0.279132599539337,0.55,"7","EPS8-like 2"
"Myl9",-0.279080792077356,0.266,"2","myosin, light polypeptide 9, regulatory"
"Serpinb9",-0.278568957836248,0.2968,"13","serine (or cysteine) peptidase inhibitor, clade B, member 9"
"Rpl35",0.278568899684375,0.0664,"2","ribosomal protein L35"
"Zmym1",0.27847907821434,0.3832,"4","zinc finger, MYM domain containing 1"
"Ly6c1",-0.278251511040541,0.0828,"15","lymphocyte antigen 6 complex, locus C1"
"Bbs10",0.278248295008715,0.1036,"10","Bardet-Biedl syndrome 10 (human)"
"Tnr",-0.278213021630038,0.446,"1","tenascin R"
"Nedd9",-0.278042555056872,0.1164,"13","neural precursor cell expressed, developmentally down-regulated gene 9"
"Tagln",-0.277838047121262,0.2788,"9","transgelin"
"Plekhn1",0.277265776593777,0.3512,"4","pleckstrin homology domain containing, family N member 1"
"Spice1",0.277135302697247,0.1496,"16","spindle and centriole associated protein 1"
"Sox5",-0.276494091572254,0.0256,"6","SRY (sex determining region Y)-box 5"
"Hsf4",0.276358608421971,0.1104,"8","heat shock transcription factor 4"
"Pcdhb10",0.27624558771581,0.2148,"18","protocadherin beta 10"
"Gan",-0.276068640007266,0.426,"8","giant axonal neuropathy"
"Calhm5",-0.276032539920512,0.2088,"10","calcium homeostasis modulator family member 5"
"1700086O06Rik",0.276014100852343,0.168,"18","RIKEN cDNA 1700086O06 gene"
"Gm7072",0.275988979463186,0.0632,"17","predicted gene 7072"
"Gm16973",0.275947148137103,0.3616,"14","predicted gene, 16973"
"Wsb1",0.275801892176794,0.3348,"11","WD repeat and SOCS box-containing 1"
"Lime1",0.275455059021665,0.3388,"2","Lck interacting transmembrane adaptor 1"
"Snrnp27",0.275051231709827,0.0164,"6","small nuclear ribonucleoprotein 27 (U4/U6.U5)"
"Ccdc163",0.27476105171858,0.306,"4","coiled-coil domain containing 163"
"Pdlim1",-0.27446952373165,0.424,"19","PDZ and LIM domain 1 (elfin)"
"Siglech",-0.273288969895031,0.326,"7","sialic acid binding Ig-like lectin H"
"Ifit3",-0.273234864591368,0.3724,"19","interferon-induced protein with tetratricopeptide repeats 3"
"Rnf113a2",0.27313836772236,0.0908,"12","ring finger protein 113A2"
"Itpkb",-0.272641258945226,0.0832,"1","inositol 1,4,5-trisphosphate 3-kinase B"
"Tmco6",0.272542370556486,0.0912,"18","transmembrane and coiled-coil domains 6"
"Atp10a",-0.272491606356637,0.1284,"7","ATPase, class V, type 10A"
"Ankrd37",0.271941854125107,0.3252,"8","ankyrin repeat domain 37"
"Zfp647",0.271874471338402,0.228,"15","zinc finger protein 647"
"Pdzrn3",-0.271787171332623,0.1352,"6","PDZ domain containing RING finger 3"
"Npm3",0.271764450541661,0.0668,"19","nucleoplasmin 3"
"Cdh18",-0.271551098698705,0.298,"15","cadherin 18"
"Sirt4",0.271208909863849,0.392,"5","sirtuin 4"
"Klhl28",-0.271137168471757,0.3736,"12","kelch-like 28"
"Tti2",0.270935257338689,0.0068,"8","TELO2 interacting protein 2"
"Nfkbie",-0.270912610333967,0.4288,"17","nuclear factor of kappa light polypeptide gene enhancer in B cells inhibitor, epsilon"
"Rars2",0.270900670946447,0.0452,"4","arginyl-tRNA synthetase 2, mitochondrial"
"F420014N23Rik",0.270847060318025,0.5756,"10","RIKEN cDNA F420014N23 gene"
"Tgfbr3l",0.27066685148498,0.4812,"8","transforming growth factor, beta receptor III-like"
"Rhobtb1",-0.270380759877355,0.0844,"10","Rho-related BTB domain containing 1"
"Utrn",-0.27031504568567,0.1416,"10","utrophin"
"Wnt4",-0.270249632714252,0.08,"4","wingless-type MMTV integration site family, member 4"
"Mitd1",0.270052825063124,0.0504,"1","MIT, microtubule interacting and transport, domain containing 1"
"Ago2",-0.269837528448671,0.324,"15","argonaute RISC catalytic subunit 2"
"Apbb1ip",0.269720024590775,0.4252,"2","amyloid beta (A4) precursor protein-binding, family B, member 1 interacting protein"
"Esyt1",-0.26933792329618,0.244,"10","extended synaptotagmin-like protein 1"
"Arid5b",-0.269096036669772,0.4216,"10","AT rich interactive domain 5B (MRF1-like)"
"Prss23",-0.268982625113503,0.1892,"7","protease, serine 23"
"Ccdc166",-0.268656387494925,0.1448,"15","coiled-coil domain containing 166"
"Rsph1",-0.268543604209795,0.4376,"17","radial spoke head 1 homolog (Chlamydomonas)"
"Poglut2",0.268456144161495,0.1632,"1","protein O-glucosyltransferase 2"
"Stra6",-0.268397870017353,0.1892,"9","stimulated by retinoic acid gene 6"
"Ctss",-0.268238393068071,0.426,"3","cathepsin S"
"Plod2",0.267788990125685,0.1528,"9","procollagen lysine, 2-oxoglutarate 5-dioxygenase 2"
"Ccdc84",0.267563353683987,0.3044,"9","coiled-coil domain containing 84"
"Acvrl1",-0.267508144669567,0.0172,"15","activin A receptor, type II-like 1"
"Fra10ac1",0.267471522526837,0.0068,"19","FRA10AC1 homolog (human)"
"Zbtb49",0.26743606248187,0.262,"5","zinc finger and BTB domain containing 49"
"Tbca",0.267422291384691,0.0176,"13","tubulin cofactor A"
"Pcdhga9",-0.267244319305935,0.3552,"18","protocadherin gamma subfamily A, 9"
"1500015A07Rik",0.267134013331133,0.2752,"18","RIKEN cDNA 1500015A07 gene"
"Sdsl",0.266672953603837,0.3072,"5","serine dehydratase-like"
"Smpd4",0.266403534111418,0.3924,"16","sphingomyelin phosphodiesterase 4"
"Ndst4",-0.266330567297714,0.3716,"3","N-deacetylase/N-sulfotransferase (heparin glucosaminyl) 4"
"Yars2",0.265939605020034,0.1428,"16","tyrosyl-tRNA synthetase 2 (mitochondrial)"
"Cdkn1a",-0.265871986419847,0.4592,"17","cyclin-dependent kinase inhibitor 1A (P21)"
"Npy5r",0.265866946663223,0.0432,"8","neuropeptide Y receptor Y5"
"Slc16a10",0.265523622723935,0.1292,"10","solute carrier family 16 (monocarboxylic acid transporters), member 10"
"Tmem132d",-0.265462851033186,0.3312,"5","transmembrane protein 132D"
"Ifit3b",-0.265331188449033,0.3084,"19","interferon-induced protein with tetratricopeptide repeats 3B"
"Fmo5",0.264957054460495,0.0264,"3","flavin containing monooxygenase 5"
"Colgalt2",0.264630345812043,0.1684,"1","collagen beta(1-O)galactosyltransferase 2"
"Dok3",0.264605342087433,0.4888,"13","docking protein 3"
"Snapc5",0.264012109091333,0.0716,"9","small nuclear RNA activating complex, polypeptide 5"
"Nedd1",-0.263453329519543,0.2988,"10","neural precursor cell expressed, developmentally down-regulated gene 1"
"Tefm",0.263450397527415,0.168,"11","transcription elongation factor, mitochondrial"
"Klf7",-0.263392401299431,0.4028,"1","Kruppel-like factor 7 (ubiquitous)"
"Col9a2",-0.263280817317866,0.3452,"4","collagen, type IX, alpha 2"
"Abhd18",0.263129853143841,0.5236,"3","abhydrolase domain containing 18"
"Psrc1",0.263048146613897,0.0612,"3","proline/serine-rich coiled-coil 1"
"Fggy",0.263012197775683,0.1396,"4","FGGY carbohydrate kinase domain containing"
"Rdm1",0.262970218565114,0.1472,"11","RAD52 motif 1"
"Rpa3",0.26292650773999,0.0132,"6","replication protein A3"
"Kif3b",-0.262776084603809,0.2948,"2","kinesin family member 3B"
"Zfp959",0.262434714202356,0.0572,"17","zinc finger protein 959"
"Arhgef15",-0.262283613111105,0.0936,"11","Rho guanine nucleotide exchange factor (GEF) 15"
"Fam98c",0.262147854152574,0.0952,"7","family with sequence similarity 98, member C"
"Mir568",0.262108367736648,0.4344,"16","microRNA 568"
"Polr3gl",0.262065875199088,0.1276,"3","polymerase (RNA) III (DNA directed) polypeptide G like"
"Sfi1",0.262017366017703,0.4844,"11","Sfi1 homolog, spindle assembly associated (yeast)"
"Taf1d",0.261933042281922,0.1772,"9","TATA-box binding protein associated factor, RNA polymerase I, D"
"Timp3",-0.260701217906801,0.0188,"10","tissue inhibitor of metalloproteinase 3"
"Donson",0.260559364756473,0.3044,"16","downstream neighbor of SON"
"Laptm5",-0.260482358622481,0.3564,"4","lysosomal-associated protein transmembrane 5"
"Gabra2",0.260372903313633,0.1168,"5","gamma-aminobutyric acid (GABA) A receptor, subunit alpha 2"
"Ttll6",-0.260093498651035,0.5896,"11","tubulin tyrosine ligase-like family, member 6"
"Ccdc24",-0.259305315927579,0.6164,"4","coiled-coil domain containing 24"
"Sgcd",-0.25904180991973,0.3584,"11","sarcoglycan, delta (dystrophin-associated glycoprotein)"
"Pnisr",0.258913443854919,0.51,"4","PNN interacting serine/arginine-rich"
"Scgn",-0.25868712057068,0.452,"13","secretagogin, EF-hand calcium binding protein"
"Zfp593",0.258343887474751,0.2852,"4","zinc finger protein 593"
"Usp9x",-0.258123831646087,0.4404,"X","ubiquitin specific peptidase 9, X chromosome"
"D030047H15Rik",0.257953164899653,0.5752,"7","RIKEN cDNA D030047H15 gene"
"Syne4",0.257907309990404,0.5952,"7","spectrin repeat containing, nuclear envelope family member 4"
"Incenp",0.257854624890795,0.0432,"19","inner centromere protein"
"Olfml3",-0.257833101973343,0.4408,"3","olfactomedin-like 3"
"Rgl3",0.257771987764997,0.2544,"9","ral guanine nucleotide dissociation stimulator-like 3"
"Heatr1",0.257531690673356,0.1844,"13","HEAT repeat containing 1"
"Mrpl30",0.257226949286197,0.1276,"1","mitochondrial ribosomal protein L30"
"Rab29",-0.256615657351961,0.1312,"1","RAB29, member RAS oncogene family"
"Rab9b",-0.256588753481957,0.2052,"X","RAB9B, member RAS oncogene family"
"Crhbp",-0.256519612815217,0.1364,"13","corticotropin releasing hormone binding protein"
"Pgm3",0.256502828564686,0.1264,"9","phosphoglucomutase 3"
"Dnajc12",0.256059888964349,0.2392,"10","DnaJ heat shock protein family (Hsp40) member C12"
"Mcrip2",0.255993410646361,0.218,"17","MAPK regulated corepressor interacting protein 2"
"Pam16",0.255902703976401,0.0808,"16","presequence translocase-asssociated motor 16"
"4930473A02Rik",0.255668307927932,0.3304,"2","RIKEN cDNA 4930473A02 gene"
"Gm14325",0.255618776421904,0.0552,"2","predicted gene 14325"
"Ifi27",-0.255592686928885,0.2648,"12","interferon, alpha-inducible protein 27"
"Ntn1",-0.255585784487718,0.3284,"11","netrin 1"
"Pcdhga8",-0.254841923761193,0.326,"18","protocadherin gamma subfamily A, 8"
"Ptar1",-0.25477905699333,0.4236,"19","protein prenyltransferase alpha subunit repeat containing 1"
"Uaca",-0.254736254435859,0.0372,"9","uveal autoantigen with coiled-coil domains and ankyrin repeats"
"Faap100",0.254729373954891,0.3164,"11","Fanconi anemia core complex associated protein 100"
"Ptpn14",-0.254685619522531,0.098,"1","protein tyrosine phosphatase, non-receptor type 14"
"Ccl27a",0.254238780278983,0.256,"4","chemokine (C-C motif) ligand 27A"
"Ccl27a",0.254238780278983,0.256,"4","chemokine (C-C motif) ligand 27A"
"Ccl27a",0.254238780278983,0.256,"4","chemokine (C-C motif) ligand 27A"
"Rnf213",-0.254041507984588,0.36,"11","ring finger protein 213"
"Ccdc65",-0.25398831773328,0.0864,"15","coiled-coil domain containing 65"
"N4bp3",-0.253588853198001,0.0188,"11","NEDD4 binding protein 3"
"Robo3",0.253141158920703,0.5376,"9","roundabout guidance receptor 3"
"Dtymk",0.253132508363857,0.0852,"1","deoxythymidylate kinase"
"Sox17",-0.253115487053224,0.3752,"1","SRY (sex determining region Y)-box 17"
"Enkd1",0.253104621514869,0.1816,"8","enkurin domain containing 1"
"Tmem119",-0.253096728739016,0.3972,"5","transmembrane protein 119"
"Nckap5",-0.253081848050897,0.2688,"1","NCK-associated protein 5"
"Pdcd2",0.252999146326347,0.044,"17","programmed cell death 2"
"Fhdc1",-0.252797629801007,0.1408,"3","FH2 domain containing 1"
"Aebp1",-0.2527116939299,0.4696,"11","AE binding protein 1"
"Gmps",-0.252666766928466,0.1568,"3","guanine monophosphate synthetase"
"Csrp2",-0.252626597140599,0.2968,"10","cysteine and glycine-rich protein 2"
"Slc35f4",0.252338528574101,0.0768,"14","solute carrier family 35, member F4"
"Nup35",0.252255878120137,0.0744,"2","nucleoporin 35"
"1190007I07Rik",0.252255185615802,0.064,"10","RIKEN cDNA 1190007I07 gene"
"4921524J17Rik",0.252208039971704,0.1616,"8","RIKEN cDNA 4921524J17 gene"
"Slc16a14",0.252190738907987,0.586,"1","solute carrier family 16 (monocarboxylic acid transporters), member 14"
"Sox1ot",-0.25195981038967,0.0404,"8","Sox1 overlapping transcript"
"Ccnj",0.251910095876434,0.0356,"19","cyclin J"
"Lig4",-0.251851824999577,0.1988,"8","ligase IV, DNA, ATP-dependent"
"Zfp511",0.251551878855858,0.0724,"7","zinc finger protein 511"
"Pbx3",-0.251516111279508,0.0856,"2","pre B cell leukemia homeobox 3"
"Dcdc2b",0.251334845372236,0.5244,"4","doublecortin domain containing 2b"
"Nudt14",-0.251210222790366,0.4368,"12","nudix (nucleoside diphosphate linked moiety X)-type motif 14"
"Rbm12b1",0.250655328326634,0.1468,"4","RNA binding motif protein 12 B1"
"Nckap1l",-0.250536159135177,0.4984,"15","NCK associated protein 1 like"
"Tmem245",-0.250501510257148,0.4068,"4","transmembrane protein 245"
"Akap12",-0.25048073647084,0.2388,"10","A kinase (PRKA) anchor protein (gravin) 12"
"L3mbtl1",0.250393699375005,0.5112,"2","L3MBTL1 histone methyl-lysine binding protein"
"Ppm1l",-0.250331148458114,0.4796,"3","protein phosphatase 1 (formerly 2C)-like"
"Eif4ebp3",0.25032884818758,0.39,"18","eukaryotic translation initiation factor 4E binding protein 3"
"Tbc1d4",-0.250273331035199,0.1864,"14","TBC1 domain family, member 4"
"Stk26",0.250256846577796,0.5052,"X","serine/threonine kinase 26"
"Ushbp1",0.249817018937427,0.5176,"8","USH1 protein network component harmonin binding protein 1"
"Ints12",0.249806631353405,0.1136,"3","integrator complex subunit 12"
"Cdh13",-0.249656078147146,0.2036,"8","cadherin 13"
"Pcdhga6",-0.249446267077954,0.1916,"18","protocadherin gamma subfamily A, 6"
"Tns2",-0.249145808025385,0.148,"15","tensin 2"
"Tmem215",-0.249127801975531,0.492,"4","transmembrane protein 215"
"Scarf1",-0.248792681124866,0.4668,"11","scavenger receptor class F, member 1"
"Whrn",-0.248612996674164,0.3928,"4","whirlin"
"Tmem200a",-0.248560901568336,0.2876,"10","transmembrane protein 200A"
"Atxn7l2",0.248547803778604,0.3812,"3","ataxin 7-like 2"
"Eral1",0.248514805755537,0.0512,"11","Era (G-protein)-like 1 (E. coli)"
"Fyb",-0.248456519411154,0.6092,"15","FYN binding protein"
"Eif2s3y",0.248432491658082,0.3008,"Y","eukaryotic translation initiation factor 2, subunit 3, structural gene Y-linked"
"Zfp933",0.248235637658587,0.282,"4","zinc finger protein 933"
"Zfp57",0.248167489816134,0.542,"17","zinc finger protein 57"
"Plcb4",-0.247990579280282,0.0868,"2","phospholipase C, beta 4"
"Crlf1",0.247931372509458,0.148,"8","cytokine receptor-like factor 1"
"Mob1b",-0.247696416939324,0.3008,"5","MOB kinase activator 1B"
"Frmpd4",-0.24737025063006,0.1712,"X","FERM and PDZ domain containing 4"
"Metrnl",-0.247166347475068,0.1024,"11","meteorin, glial cell differentiation regulator-like"
"Tmem74",-0.247123999969918,0.5352,"15","transmembrane protein 74"
"Thyn1",0.247030057816916,0.0744,"9","thymocyte nuclear protein 1"
"Amigo2",-0.246832759412053,0.3928,"15","adhesion molecule with Ig like domain 2"
"Ndc1",-0.246781537237356,0.142,"4","NDC1 transmembrane nucleoporin"
"Zfp182",0.24661229197535,0.438,"X","zinc finger protein 182"
"Hibch",0.246251072219147,0.0512,"1","3-hydroxyisobutyryl-Coenzyme A hydrolase"
"Atp8a2",-0.246182420354633,0.3248,"14","ATPase, aminophospholipid transporter-like, class I, type 8A, member 2"
"Acad10",0.246061901412122,0.4964,"5","acyl-Coenzyme A dehydrogenase family, member 10"
"Sned1",0.245972475386192,0.586,"1","sushi, nidogen and EGF-like domains 1"
"Leng8",0.245926477626107,0.6012,"7","leukocyte receptor cluster (LRC) member 8"
"Kit",-0.245709293044125,0.2188,"5","KIT proto-oncogene receptor tyrosine kinase"
"P3h2",0.245640504533118,0.2908,"16","prolyl 3-hydroxylase 2"
"Krt10",0.245532254299097,0.1548,"11","keratin 10"
"Zfp78",0.245496069388752,0.188,"7","zinc finger protein 78"
"Glrx3",0.245377762740274,0.0716,"7","glutaredoxin 3"
"Bcdin3d",-0.244959229930856,0.1328,"15","BCDIN3 domain containing"
"Ifit2",-0.24491196347178,0.392,"19","interferon-induced protein with tetratricopeptide repeats 2"
"Clp1",0.244808479384703,0.1096,"2","CLP1, cleavage and polyadenylation factor I subunit"
"Zfp472",0.244652534550438,0.2852,"17","zinc finger protein 472"
"Sesn1",0.244458727908403,0.0168,"10","sestrin 1"
"Rras2",0.244362548608164,0.0216,"7","related RAS viral (r-ras) oncogene 2"
"Clpx",0.243691527503489,0.014,"9","caseinolytic mitochondrial matrix peptidase chaperone subunit"
"Fkbp14",0.243535112535751,0.026,"6","FK506 binding protein 14"
"Trank1",0.243402709346393,0.5172,"9","tetratricopeptide repeat and ankyrin repeat containing 1"
"Ovca2",0.243290330009209,0.1448,"11","candidate tumor suppressor in ovarian cancer 2"
"Tha1",0.243278664933909,0.3588,"11","threonine aldolase 1"
"Frem1",-0.24313129024475,0.518,"4","Fras1 related extracellular matrix protein 1"
"Slc13a5",0.242833153676943,0,"11","solute carrier family 13 (sodium-dependent citrate transporter), member 5"
"Elfn1",-0.242566622500599,0.0836,"5","leucine rich repeat and fibronectin type III, extracellular 1"
"Tspan9",-0.242319094297363,0.1208,"6","tetraspanin 9"
"Atf3",0.242257054882608,0.478,"1","activating transcription factor 3"
"Epm2a",-0.242204773502793,0.4636,"10","epilepsy, progressive myoclonic epilepsy, type 2 gene alpha"
"Synpo2",-0.242137207752099,0.276,"3","synaptopodin 2"
"Helz2",-0.242116331262515,0.3208,"2","helicase with zinc finger 2, transcriptional coactivator"
"Atp13a5",0.242056661015552,0.3968,"16","ATPase type 13A5"
"Cckbr",-0.242032296142691,0.46,"7","cholecystokinin B receptor"
"Pcdhb14",-0.241986077916215,0.1536,"18","protocadherin beta 14"
"Bin2",-0.241945702494562,0.2652,"15","bridging integrator 2"
"Mir1900",-0.241936204876991,0.4396,"9","microRNA 1900"
"Gas1",0.241919572542697,0.1424,"13","growth arrest specific 1"
"Rad52",0.241772694838598,0.1916,"6","RAD52 homolog, DNA repair protein"
"Efcab6",-0.241755549882857,0.2752,"15","EF-hand calcium binding domain 6"
"Adam19",-0.241738082003093,0.0168,"11","a disintegrin and metallopeptidase domain 19 (meltrin beta)"
"Atg16l2",0.241708855252045,0.318,"7","autophagy related 16-like 2 (S. cerevisiae)"
"Ddx4",0.241692425138178,0.4164,"13","DEAD box helicase 4"
"Pstk",0.241600440876863,0.2816,"7","phosphoseryl-tRNA kinase"
"Ddx55",0.241358378672142,0.212,"5","DEAD box helicase 55"
"Hspb6",-0.241069920982946,0.3272,"7","heat shock protein, alpha-crystallin-related, B6"
"Fem1c",-0.241057827784968,0.3564,"18","fem 1 homolog c"
"Galnt4",0.24102269048835,0.108,"10","polypeptide N-acetylgalactosaminyltransferase 4"
"Fgd5",-0.240917664638804,0.1648,"6","FYVE, RhoGEF and PH domain containing 5"
"Tmem60",0.240529913454109,0.0832,"5","transmembrane protein 60"
"Filip1l",-0.240283013021786,0.416,"16","filamin A interacting protein 1-like"
"Syk",-0.240271948094226,0.386,"13","spleen tyrosine kinase"
"Tbce",0.240268159335889,0.3408,"13","tubulin-specific chaperone E"
"Gm32856",0.240095596779922,0.2928,"8","predicted gene, 32856"
"Rtkn2",0.23976084811915,0.4264,"10","rhotekin 2"
"Cyp4f15",0.239257361261273,0.34,"17","cytochrome P450, family 4, subfamily f, polypeptide 15"
"Lrp5",-0.239171900696228,0.0828,"19","low density lipoprotein receptor-related protein 5"
"Oprd1",-0.239087562446926,0.528,"4","opioid receptor, delta 1"
"Fam167a",-0.239009687953913,0.2028,"14","family with sequence similarity 167, member A"
"P2rx7",-0.238942751816993,0.1996,"5","purinergic receptor P2X, ligand-gated ion channel, 7"
"Trmt11",0.238727285416041,0.0588,"10","tRNA methyltransferase 11"
"Thpo",0.238642296320681,0.5776,"16","thrombopoietin"
"Il1r1",0.238455798542979,0.0608,"1","interleukin 1 receptor, type I"
"Dctd",0.238394479476039,0.3692,"8","dCMP deaminase"
"Dcaf13",0.238209132242595,0.024,"15","DDB1 and CUL4 associated factor 13"
"F730043M19Rik",0.23779788882324,0.4584,"12","RIKEN cDNA F730043M19 gene"
"Adap2",0.23779232094783,0.7104,"11","ArfGAP with dual PH domains 2"
"Tpm2",-0.237739873546265,0.2912,"4","tropomyosin 2, beta"
"Rbm28",0.237663223449944,0.3068,"6","RNA binding motif protein 28"
"Insm1",-0.237263213387995,0.1344,"2","insulinoma-associated 1"
"Kyat1",0.236868810388248,0.1628,"2","kynurenine aminotransferase 1"
"Sesn3",-0.236489569926758,0.2784,"9","sestrin 3"
"Nsun7",0.236460021274235,0.5528,"5","NOL1/NOP2/Sun domain family, member 7"
"Miip",0.236274675405149,0.2872,"4","migration and invasion inhibitory protein"
"Dusp4",-0.236045982361051,0.166,"8","dual specificity phosphatase 4"
"Tap2",-0.236028321818997,0.214,"17","transporter 2, ATP-binding cassette, sub-family B (MDR/TAP)"
"Nudt17",0.235993147803331,0.1944,"3","nudix (nucleoside diphosphate linked moiety X)-type motif 17"
"Glt1d1",-0.235730773238434,0.2368,"5","glycosyltransferase 1 domain containing 1"
"Zfp143",0.235614272620487,0.1924,"7","zinc finger protein 143"
"Nkd2",-0.235338403601566,0.1468,"13","naked cuticle 2"
"Bud23",0.235215971407205,0.024,"5","BUD23, rRNA methyltransferase and ribosome maturation factor"
"Tmem17",0.235036982056352,0.1992,"11","transmembrane protein 17"
"Dap",-0.23477225684207,0.1164,"15","death-associated protein"
"Slc1a6",-0.23468829717906,0.26,"10","solute carrier family 1 (high affinity aspartate/glutamate transporter), member 6"
"Trmt10c",0.234620587080639,0.1156,"16","tRNA methyltransferase 10C, mitochondrial RNase P subunit"
"Crem",0.234614894482806,0.0052,"18","cAMP responsive element modulator"
"Llph",0.234523597504968,0.0592,"10","LLP homolog, long-term synaptic facilitation (Aplysia)"
"0610009B22Rik",0.234377576397272,0.1052,"11","RIKEN cDNA 0610009B22 gene"
"Rmi1",0.234287600164752,0.0692,"13","RecQ mediated genome instability 1"
"Cep44",0.234258126813146,0.0896,"8","centrosomal protein 44"
"Wdr90",0.234209722852467,0.4456,"17","WD repeat domain 90"
"Zbed4",0.234203114861262,0.062,"15","zinc finger, BED type containing 4"
"Nsun5",0.234068969017668,0.2404,"5","NOL1/NOP2/Sun domain family, member 5"
"Fhod1",0.233903840297967,0.586,"8","formin homology 2 domain containing 1"
"Foxn3",-0.23369787678533,0.3232,"12","forkhead box N3"
"Cx3cr1",-0.233530891038723,0.4612,"9","chemokine (C-X3-C motif) receptor 1"
"Cep70",0.233255737316392,0.4552,"9","centrosomal protein 70"
"Acacb",-0.233222706133842,0.3456,"5","acetyl-Coenzyme A carboxylase beta"
"Ephb4",-0.232793786100376,0.1584,"5","Eph receptor B4"
"Rbmx",0.232764124182819,0.2244,"X","RNA binding motif protein, X chromosome"
"Nsmce1",0.232502590026633,0.172,"7","NSE1 homolog, SMC5-SMC6 complex component"
"Pcdhb22",-0.232375378354497,0.2152,"18","protocadherin beta 22"
"Zfp882",0.232362083265525,0.0516,"8","zinc finger protein 882"
"Fam43a",-0.232221731325457,0.2876,"16","family with sequence similarity 43, member A"
"Lhfpl3",-0.231980967145628,0.2572,"5","lipoma HMGIC fusion partner-like 3"
"Ramac",0.231974365431755,0.086,"7","RNA guanine-7 methyltransferase activating subunit"
"Adamtsl1",-0.231945891509109,0.3632,"4","ADAMTS-like 1"
"Mfsd3",0.231676640004467,0.23,"15","major facilitator superfamily domain containing 3"
"Pcsk1",-0.231643295192557,0.4256,"13","proprotein convertase subtilisin/kexin type 1"
"Tenm1",-0.231620665974751,0.618,"X","teneurin transmembrane protein 1"
"Glt8d1",0.231570952667523,0.2876,"14","glycosyltransferase 8 domain containing 1"
"Tango6",-0.231533022917162,0.1664,"8","transport and golgi organization 6"
"Wasf2",-0.231163185707955,0.126,"4","WASP family, member 2"
"Rpl35a",0.231149635727964,0.1136,"16","ribosomal protein L35A"
"4930447C04Rik",0.231145423252708,0.5268,"12","RIKEN cDNA 4930447C04 gene"
"Ccn3",-0.23113288448007,0.584,"15","cellular communication network factor 3"
"2700062C07Rik",0.231078427444626,0.0188,"18","RIKEN cDNA 2700062C07 gene"
"Ago3",-0.230960011573289,0.6252,"4","argonaute RISC catalytic subunit 3"
"Cox6b2",-0.230923054731892,0.6208,"7","cytochrome c oxidase subunit 6B2"
"9130221H12Rik",0.230558019911109,0.2876,"7","RIKEN cDNA 9130221H12 gene"
"Phf21b",0.230392945189354,0.2152,"15","PHD finger protein 21B"
"Lage3",0.23028606804471,0.1436,"X","L antigen family, member 3"
"Luc7l3",0.230211440765023,0.3396,"11","LUC7-like 3 (S. cerevisiae)"
"Zfp712",0.230189089465444,0.1784,"13","zinc finger protein 712"
"Scube1",-0.230185610840078,0.0136,"15","signal peptide, CUB domain, EGF-like 1"
"Thoc7",0.230159996241958,0.0136,"14","THO complex 7"
"Noc4l",0.230146629435799,0.0184,"5","NOC4 like"
"Krt77",-0.229999361577325,0.1972,"15","keratin 77"
"Zfp955b",-0.229773363546376,0.2436,"17","zinc finger protein 955B"
"Zbtb10",-0.229657810972381,0.4036,"3","zinc finger and BTB domain containing 10"
"Ccnl2",0.229454502503445,0.302,"4","cyclin L2"
"Ptk7",-0.229359042269914,0.014,"17","PTK7 protein tyrosine kinase 7"
"Hscb",0.229311894317581,0.2284,"5","HscB iron-sulfur cluster co-chaperone"
"Zic2",-0.22921934315824,0.3168,"14","zinc finger protein of the cerebellum 2"
"Notch4",-0.229071671128119,0.0864,"17","notch 4"
"Pcdhga7",-0.229003599558459,0.264,"18","protocadherin gamma subfamily A, 7"
"Ripk2",0.228914105123313,0.166,"4","receptor (TNFRSF)-interacting serine-threonine kinase 2"
"Clk1",0.228831188092282,0.2804,"1","CDC-like kinase 1"
"Prdm5",0.228745057091309,0.21,"6","PR domain containing 5"
"Tmem159",-0.22866010432292,0.3668,"7","transmembrane protein 159"
"Lyrm1",0.228571133566233,0.1228,"7","LYR motif containing 1"
"Fbxo27",0.228324296963606,0.1676,"7","F-box protein 27"
"Zfp36l1",-0.228177232617539,0.2188,"12","zinc finger protein 36, C3H type-like 1"
"Cdc7",0.22816658913462,0.4364,"5","cell division cycle 7 (S. cerevisiae)"
"Cd302",0.227942659934396,0.0564,"2","CD302 antigen"
"Cldn10",0.227780238905978,0.0088,"14","claudin 10"
"Rhbdd1",-0.227457222803821,0.1984,"1","rhomboid domain containing 1"
"Gm14295",0.227322625651816,0.1156,"2","predicted gene 14295"
"Gm14295",0.227322625651816,0.1156,"2","predicted gene 14295"
"Ctla2a",-0.227219022169715,0.2092,"13","cytotoxic T lymphocyte-associated protein 2 alpha"
"Tatdn1",0.227188799908778,0.1104,"15","TatD DNase domain containing 1"
"Usp18",-0.227099333385196,0.6364,"6","ubiquitin specific peptidase 18"
"Adam8",0.227073732238534,0.5452,"7","a disintegrin and metallopeptidase domain 8"
"Gpr19",0.226821832500785,0.1128,"6","G protein-coupled receptor 19"
"Jcad",-0.226593267200542,0.168,"18","junctional cadherin 5 associated"
"Mri1",0.226586719301934,0.1428,"8","methylthioribose-1-phosphate isomerase 1"
"Fst",0.22657692878371,0.3636,"13","follistatin"
"Olfm4",0.226546877069288,0.244,"14","olfactomedin 4"
"Cfap46",0.226414684019039,0.4516,"7","cilia and flagella associated protein 46"
"Zfp109",-0.226357305496513,0.3876,"7","zinc finger protein 109"
"Hexb",-0.226262958217535,0.2852,"13","hexosaminidase B"
"Vrk1",0.226178586535702,0.2048,"12","vaccinia related kinase 1"
"Slirp",0.226171711123484,0.19,"12","SRA stem-loop interacting RNA binding protein"
"Xrcc3",0.225962574643519,0.3484,"12","X-ray repair complementing defective repair in Chinese hamster cells 3"
"Tmem52",0.225957271842943,0.5564,"4","transmembrane protein 52"
"Lrrc56",-0.225885522950657,0.2704,"7","leucine rich repeat containing 56"
"Klhl36",-0.225825715073303,0.262,"8","kelch-like 36"
"Zmym6",0.225776076693569,0.3792,"4","zinc finger, MYM-type 6"
"Esam",-0.225645594433312,0.1136,"9","endothelial cell-specific adhesion molecule"
"Sv2c",-0.225619902355861,0.6644,"13","synaptic vesicle glycoprotein 2c"
"Zfp658",0.225547260201139,0.3612,"7","zinc finger protein 658"
"Usp6nl",-0.225544220653822,0.1,"2","USP6 N-terminal like"
"Bcat1",-0.225532834173308,0.0848,"6","branched chain aminotransferase 1, cytosolic"
"Cradd",0.225333357631946,0.2852,"10","CASP2 and RIPK1 domain containing adaptor with death domain"
"Slc8b1",0.225145040699225,0.3304,"5","solute carrier family 8 (sodium/lithium/calcium exchanger), member B1"
"Sv2b",-0.225021175455934,0.3356,"7","synaptic vesicle glycoprotein 2 b"
"Slc26a6",0.224910694118041,0.5476,"9","solute carrier family 26, member 6"
"Ptprm",-0.22488400583962,0.032,"17","protein tyrosine phosphatase, receptor type, M"
"Ahnak",-0.224670383530739,0.3616,"19","AHNAK nucleoprotein (desmoyokin)"
"Il20rb",0.224420811406772,0.2048,"9","interleukin 20 receptor beta"
"Rnf25",0.224296705571148,0.2112,"1","ring finger protein 25"
"Fam163b",0.224262668580963,0.262,"2","family with sequence similarity 163, member B"
"Mir22hg",0.223918887705755,0.0696,"11","Mir22 host gene (non-protein coding)"
"Snrpn",0.22377170459031,0.2096,"7","small nuclear ribonucleoprotein N"
"Timm50",0.223586191941243,0.1652,"7","translocase of inner mitochondrial membrane 50"
"Vangl2",0.223465229070596,0.288,"1","VANGL planar cell polarity 2"
"N4bp2",0.22344390377194,0.5604,"5","NEDD4 binding protein 2"
"Mme",-0.223400302673659,0.2904,"3","membrane metallo endopeptidase"
"Msrb3",-0.223278625718948,0.2812,"10","methionine sulfoxide reductase B3"
"Mbd4",0.223133435209605,0.244,"6","methyl-CpG binding domain protein 4"
"Dclre1b",-0.222915697914729,0.2676,"3","DNA cross-link repair 1B"
"Ghdc",-0.222904194662167,0.3076,"11","GH3 domain containing"
"Fzd2",0.222660121007433,0.1656,"11","frizzled class receptor 2"
"Mad2l1bp",0.222656822893158,0.1524,"17","MAD2L1 binding protein"
"Tgfb1",-0.222460674093683,0.2308,"7","transforming growth factor, beta 1"
"Zfand2b",0.222112018784557,0.064,"1","zinc finger, AN1 type domain 2B"
"Tgds",0.222107183787836,0.182,"14","TDP-glucose 4,6-dehydratase"
"Rab11fip4",-0.221912126794829,0.29,"11","RAB11 family interacting protein 4 (class II)"
"Fbxo36",-0.221866575095352,0.4752,"1","F-box protein 36"
"Pnma3",0.221839623918094,0.356,"X","paraneoplastic antigen MA3"
"Rangrf",0.221477025623291,0.452,"11","RAN guanine nucleotide release factor"
"Acot5",0.221180683190297,0.3928,"12","acyl-CoA thioesterase 5"
"Alkbh8",-0.221091013835583,0.5088,"9","alkB homolog 8, tRNA methyltransferase"
"Ccdc39",0.220988547592687,0.542,"3","coiled-coil domain containing 39"
"Odf3b",-0.220964205414057,0.5956,"15","outer dense fiber of sperm tails 3B"
"Enpp1",-0.220945322708977,0.416,"10","ectonucleotide pyrophosphatase/phosphodiesterase 1"
"Zfp932",0.220929804411032,0.3504,"5","zinc finger protein 932"
"Pusl1",0.220762984165086,0.1784,"4","pseudouridylate synthase-like 1"
"Col4a3",0.220641767715978,0.7944,"1","collagen, type IV, alpha 3"
"Pskh1",-0.220552069854407,0.2396,"8","protein serine kinase H1"
"Rarres2",-0.220508181976306,0.6572,"6","retinoic acid receptor responder (tazarotene induced) 2"
"Dpyd",-0.220481608965119,0.2236,"3","dihydropyrimidine dehydrogenase"
"Dctpp1",0.220291823638139,0.2756,"7","dCTP pyrophosphatase 1"
"Grin2c",0.220116701406005,0.3016,"11","glutamate receptor, ionotropic, NMDA2C (epsilon 3)"
"Zfp286",0.220075882474453,0.2404,"11","zinc finger protein 286"
"Emb",-0.220058331603159,0.398,"13","embigin"
"Cdc25b",0.220047662738148,0.55,"2","cell division cycle 25B"
"Greb1l",0.219822723034284,0.5756,"18","growth regulation by estrogen in breast cancer-like"
"Ttc14",0.219667491099892,0.6008,"3","tetratricopeptide repeat domain 14"
"Ccdc190",0.219609166778168,0.008,"1","coiled-coil domain containing 190"
"Snhg17",0.219347333749889,0.4716,"2","small nucleolar RNA host gene 17"
"Mfap4",0.21932381658006,0.2036,"11","microfibrillar-associated protein 4"
"Zfp369",-0.219315513157393,0.5888,"13","zinc finger protein 369"
"Rims3",-0.219252975318611,0.0772,"4","regulating synaptic membrane exocytosis 3"
"Foxc1",-0.21923188020545,0.4464,"13","forkhead box C1"
"Fgd3",-0.219185504394526,0.2688,"13","FYVE, RhoGEF and PH domain containing 3"
"Alg1",0.219148219464881,0.0956,"16","asparagine-linked glycosylation 1 (beta-1,4-mannosyltransferase)"
"Dalrd3",0.219082780123071,0.0616,"9","DALR anticodon binding domain containing 3"
"Pecr",0.218971998978908,0.1964,"1","peroxisomal trans-2-enoyl-CoA reductase"
"Nat8f4",0.218896883907655,0.206,"6","N-acetyltransferase 8 (GCN5-related) family member 4"
"Cdh22",-0.218782578510379,0.4004,"2","cadherin 22"
"Shkbp1",0.218667321882088,0.5176,"7","Sh3kbp1 binding protein 1"
"Dnase1l2",0.218652237078294,0.5884,"17","deoxyribonuclease 1-like 2"
"Pnpla3",0.218535875225668,0.624,"15","patatin-like phospholipase domain containing 3"
"Grik4",-0.218375349668638,0.1764,"9","glutamate receptor, ionotropic, kainate 4"
"Carf",0.218316661642214,0.344,"1","calcium response factor"
"Pigv",0.218227845819711,0.1436,"4","phosphatidylinositol glycan anchor biosynthesis, class V"
"Rreb1",0.217966260166492,0.6304,"13","ras responsive element binding protein 1"
"Arhgap31",-0.217965697104041,0.1252,"16","Rho GTPase activating protein 31"
"Fam183b",0.217950448798608,0.3908,"11","family with sequence similarity 183, member B"
"Ufsp1",0.217839379764873,0.1728,"5","UFM1-specific peptidase 1"
"Ankzf1",0.217801903582966,0.4148,"1","ankyrin repeat and zinc finger domain containing 1"
"Rpl22l1",0.217652925078601,0.36,"3","ribosomal protein L22 like 1"
"F3",0.217650312918708,0.1,"3","coagulation factor III"
"Tpmt",0.21762317088137,0.0356,"13","thiopurine methyltransferase"
"Zcchc3",0.21745727529701,0.1104,"2","zinc finger, CCHC domain containing 3"
"Bmp1",0.216838528811643,0.4548,"14","bone morphogenetic protein 1"
"Aff1",-0.216695430203057,0.1464,"5","AF4/FMR2 family, member 1"
"Lcat",0.216588546281281,0.1684,"8","lecithin cholesterol acyltransferase"
"Cdr1os",0.216338017610556,0.5216,"X","cerebellar degeneration related antigen 1, opposite strand"
"Kif7",-0.216273806857888,0.3676,"7","kinesin family member 7"
"Tdp1",0.216261078457255,0.0224,"12","tyrosyl-DNA phosphodiesterase 1"
"Vwa3b",0.21625190017248,0.272,"1","von Willebrand factor A domain containing 3B"
"Slc16a6",-0.216173427290047,0.452,"11","solute carrier family 16 (monocarboxylic acid transporters), member 6"
"Mplkip",0.216134794235269,0.1208,"13","M-phase specific PLK1 intereacting protein"
"Zscan2",0.216042081466523,0.0888,"7","zinc finger and SCAN domain containing 2"
"Abcc8",0.215999846089806,0.3664,"7","ATP-binding cassette, sub-family C (CFTR/MRP), member 8"
"Clec11a",-0.215893068076883,0.2064,"7","C-type lectin domain family 11, member a"
"Chrna4",-0.215846772595834,0.0768,"2","cholinergic receptor, nicotinic, alpha polypeptide 4"
"Rassf3",-0.215788902818527,0.184,"10","Ras association (RalGDS/AF-6) domain family member 3"
"Nfxl1",0.215744316721182,0.3536,"5","nuclear transcription factor, X-box binding-like 1"
"Akap8l",0.215668946009875,0.3944,"17","A kinase (PRKA) anchor protein 8-like"
"Dpp10",-0.215656088904293,0.3108,"1","dipeptidylpeptidase 10"
"Snrpf",0.215652141562704,0.0436,"10","small nuclear ribonucleoprotein polypeptide F"
"Pgr",0.215593933405211,0.3784,"9","progesterone receptor"
"Zfhx3",0.21521281744036,0.458,"8","zinc finger homeobox 3"
"Memo1",0.215167115467118,0.156,"17","mediator of cell motility 1"
"Abcc4",-0.215038314415535,0.0584,"14","ATP-binding cassette, sub-family C (CFTR/MRP), member 4"
"Btbd7",-0.214950540854013,0.4424,"12","BTB (POZ) domain containing 7"
"Ptgr1",0.214838291852466,0.3292,"4","prostaglandin reductase 1"
"U2af1l4",0.214812460406121,0.0408,"7","U2 small nuclear RNA auxiliary factor 1-like 4"
"Gm6712",0.214773548461405,0.3456,"17","predicted gene 6712"
"Mtif2",0.214688601566085,0.3068,"11","mitochondrial translational initiation factor 2"
"Ppp1r26",0.214608074487051,0.1424,"2","protein phosphatase 1, regulatory subunit 26"
"Ppp1cc",0.214468651130869,0.1508,"5","protein phosphatase 1 catalytic subunit gamma"
"Ppp1cc",0.214468651130869,0.1508,"5","protein phosphatase 1 catalytic subunit gamma"
"Rabl2",0.214369031982741,0.1844,"15","RAB, member RAS oncogene family-like 2"
"Thoc1",0.214210847257576,0.3292,"18","THO complex 1"
"Sag",0.214142561460579,0.3692,"1","S-antigen, retina and pineal gland (arrestin)"
"Ttc26",0.214056241016505,0.17,"6","tetratricopeptide repeat domain 26"
"Gcat",0.214053849650249,0.1416,"15","glycine C-acetyltransferase (2-amino-3-ketobutyrate-coenzyme A ligase)"
"Gcat",0.214053849650249,0.1416,"15","glycine C-acetyltransferase (2-amino-3-ketobutyrate-coenzyme A ligase)"
"Otud3",0.213929920021503,0.3428,"4","OTU domain containing 3"
"Tspan6",0.21367347306926,0.3432,"X","tetraspanin 6"
"Cd53",-0.21363722582001,0.6296,"3","CD53 antigen"
"Dnaaf5",0.213573976902798,0.1788,"5","dynein, axonemal assembly factor 5"
"Itga7",0.21355342844308,0.2652,"10","integrin alpha 7"
"P3h3",0.213487934717396,0.5172,"6","prolyl 3-hydroxylase 3"
"Tbp",0.213447706460775,0.2092,"17","TATA box binding protein"
"Pfn4",0.213393876844249,0.272,"12","profilin family, member 4"
"Pigx",0.213288372719687,0.1488,"16","phosphatidylinositol glycan anchor biosynthesis, class X"
"Cys1",0.213200853831996,0.2368,"12","cystin 1"
"Tipin",0.213152262976916,0.292,"9","timeless interacting protein"
"Ccdc174",0.213068888270401,0.0312,"6","coiled-coil domain containing 174"
"Il18bp",0.213032202545598,0.6216,"7","interleukin 18 binding protein"
"Ptprf",-0.21283391310726,0.056,"4","protein tyrosine phosphatase, receptor type, F"
"Prpf39",0.212822907069132,0.3588,"12","pre-mRNA processing factor 39"
"1700029J07Rik",0.212612215160134,0.5072,"8","RIKEN cDNA 1700029J07 gene"
"Hdac10",0.212556881303795,0.2956,"15","histone deacetylase 10"
"Zc3h7a",0.212498100273722,0.3852,"16","zinc finger CCCH type containing 7 A"
"Nrg2",0.212321027926787,0.3196,"18","neuregulin 2"
"Blvra",0.21229421819279,0.0484,"2","biliverdin reductase A"
"Rhno1",0.211981765563717,0.0132,"6","RAD9-HUS1-RAD1 interacting nuclear orphan 1"
"Utp23",0.211951596526357,0.0272,"15","UTP23 small subunit processome component"
"Inhba",0.211845096761629,0.3804,"13","inhibin beta-A"
"Ipp",-0.211795112214872,0.432,"4","IAP promoted placental gene"
"Ndufa5",0.211678738492243,0.1804,"6","NADH:ubiquinone oxidoreductase subunit A5"
"Nipa2",-0.211674048204194,0.2088,"7","non imprinted in Prader-Willi/Angelman syndrome 2 homolog (human)"
"Osmr",-0.211605967393546,0.3084,"15","oncostatin M receptor"
"Tra2a",0.211215016043484,0.2888,"6","transformer 2 alpha"
"Ube2l6",-0.211191488641698,0.29,"2","ubiquitin-conjugating enzyme E2L 6"
"Stab1",-0.210984598623885,0.3928,"14","stabilin 1"
"5330434G04Rik",-0.210978653575228,0.5148,"X","RIKEN cDNA 5330434G04 gene"
"Ppan",0.210937874867363,0.1004,"9","peter pan homolog"
"Mrps21",0.210865031908027,0.1876,"3","mitochondrial ribosomal protein S21"
"Slco2a1",0.210833567475156,0.272,"9","solute carrier organic anion transporter family, member 2a1"
"Thbs3",0.210719574587587,0.5408,"3","thrombospondin 3"
"Unc13c",-0.210705187538907,0.134,"9","unc-13 homolog C"
"Caln1",-0.210353474274797,0.4084,"5","calneuron 1"
"Hps4",0.210223853777462,0.3008,"5","HPS4, biogenesis of lysosomal organelles complex 3 subunit 2"
"Zmat5",0.210086470826506,0.2776,"11","zinc finger, matrin type 5"
"Trem2",-0.21004357066427,0.276,"17","triggering receptor expressed on myeloid cells 2"
"Pigl",0.209981615401991,0.2044,"11","phosphatidylinositol glycan anchor biosynthesis, class L"
"Gjb2",-0.209765717152631,0.5096,"14","gap junction protein, beta 2"
"Slc35a3",0.209757804312511,0.1164,"3","solute carrier family 35 (UDP-N-acetylglucosamine (UDP-GlcNAc) transporter), member 3"
"Scrg1",0.209731941494169,0.1584,"8","scrapie responsive gene 1"
"Cep57l1",0.209673320176316,0.286,"10","centrosomal protein 57-like 1"
"Appbp2",-0.209647791313168,0.3832,"11","amyloid beta precursor protein (cytoplasmic tail) binding protein 2"
"Nr2f2",-0.209614073329472,0.132,"7","nuclear receptor subfamily 2, group F, member 2"
"Rbm12b2",0.20929764997548,0.1664,"4","RNA binding motif protein 12 B2"
"Hmgn3",0.209268664569379,0.062,"9","high mobility group nucleosomal binding domain 3"
"Aga",-0.209238321138539,0.2724,"8","aspartylglucosaminidase"
"Nat10",0.20911457894974,0.2924,"2","N-acetyltransferase 10"
"Cobl",-0.209089205618691,0.4804,"11","cordon-bleu WH2 repeat"
"Rpp25",0.209083439393895,0.0168,"9","ribonuclease P/MRP 25 subunit"
"Syce2",-0.209024992459618,0.274,"8","synaptonemal complex central element protein 2"
"Apba3",0.208998573577381,0.0328,"10","amyloid beta (A4) precursor protein-binding, family A, member 3"
"Unc5b",-0.2088477408881,0.398,"10","unc-5 netrin receptor B"
"Chchd1",0.208822290330129,0.1876,"14","coiled-coil-helix-coiled-coil-helix domain containing 1"
"Dpp7",0.208743227464313,0.2892,"2","dipeptidylpeptidase 7"
"Gtf2a2",0.208683545677506,0.062,"9","general transcription factor II A, 2"
"Trim11",0.208585244454302,0.2492,"11","tripartite motif-containing 11"
"Nupl2",0.208484254616189,0.2652,"5","nucleoporin like 2"
"St6galnac3",-0.20815770880674,0.2944,"3","ST6 (alpha-N-acetyl-neuraminyl-2,3-beta-galactosyl-1,3)-N-acetylgalactosaminide alpha-2,6-sialyltransferase 3"
"Xaf1",-0.208136575667016,0.3836,"11","XIAP associated factor 1"
"Gbp2",-0.208074577108381,0.562,"3","guanylate binding protein 2"
"Sirt7",0.208032583792803,0.314,"11","sirtuin 7"
"Erich1",0.208032178902157,0.1124,"8","glutamate rich 1"
"Eif2b1",0.207806714284908,0.0588,"5","eukaryotic translation initiation factor 2B, subunit 1 (alpha)"
"Zfp692",0.207598247388677,0.4876,"11","zinc finger protein 692"
"Kif26a",-0.207555802712169,0.4372,"12","kinesin family member 26A"
"Msantd2",0.207522134123344,0.3656,"9","Myb/SANT-like DNA-binding domain containing 2"
"Zfp386",0.207447099028177,0.1956,"12","zinc finger protein 386 (Kruppel-like)"
"Gnb4",-0.207202509500011,0.0056,"3","guanine nucleotide binding protein (G protein), beta 4"
"Rtp4",-0.207126301507554,0.3968,"16","receptor transporter protein 4"
"Tmco4",0.207056131627223,0.2432,"4","transmembrane and coiled-coil domains 4"
"Zfp112",0.207039120052642,0.3808,"7","zinc finger protein 112"
"Col23a1",-0.206967027652186,0.5492,"11","collagen, type XXIII, alpha 1"
"Cln3",0.206874073115174,0.1128,"7","ceroid lipofuscinosis, neuronal 3, juvenile (Batten, Spielmeyer-Vogt disease)"
"Chrnb2",-0.20677878368365,0.0388,"3","cholinergic receptor, nicotinic, beta polypeptide 2 (neuronal)"
"Lrrfip2",0.206706913405847,0.04,"9","leucine rich repeat (in FLII) interacting protein 2"
"Ndufab1",0.206677252694928,0.1112,"7","NADH:ubiquinone oxidoreductase subunit AB1"
"Schip1",0.206669375218888,0.2772,"3","schwannomin interacting protein 1"
"Pkd1l3",0.206547284155902,0.5824,"8","polycystic kidney disease 1 like 3"
"Fktn",-0.206542991503808,0.2956,"4","fukutin"
"Sap30",-0.206480520349222,0.1104,"8","sin3 associated polypeptide"
"Cpne7",-0.206351379965894,0.4,"8","copine VII"
"Tubb6",-0.206345868567857,0.0584,"18","tubulin, beta 6 class V"
"Nubp2",0.206328696780329,0.2496,"17","nucleotide binding protein 2"
"Lrrc23",-0.206046064127397,0.6904,"6","leucine rich repeat containing 23"
"Gca",0.206037723771098,0.24,"2","grancalcin"
"Foxo3",-0.205993576608934,0.2868,"10","forkhead box O3"
"Hnrnph1",0.205982263205882,0.1992,"11","heterogeneous nuclear ribonucleoprotein H1"
"Tbc1d8b",0.205898117115403,0.1732,"X","TBC1 domain family, member 8B"
"Atg9b",0.20580387843922,0.5148,"5","autophagy related 9B"
"Btbd11",-0.205726003200429,0.1612,"10","BTB (POZ) domain containing 11"
"Dnajc4",0.205712109641849,0.1632,"19","DnaJ heat shock protein family (Hsp40) member C4"
"Mrps33",0.205504841483447,0.2272,"6","mitochondrial ribosomal protein S33"
"Mettl1",-0.205446534312145,0.032,"10","methyltransferase like 1"
"Zfand6",0.205437344674502,0.0808,"7","zinc finger, AN1-type domain 6"
"Dynlrb2",-0.205387948602543,0.8216,"8","dynein light chain roadblock-type 2"
"Traip",0.205317445612238,0.5528,"9","TRAF-interacting protein"
"Prdx4",0.205266890034607,0.3672,"X","peroxiredoxin 4"
"Ring1",0.205259292708696,0.3392,"17","ring finger protein 1"
"Dffb",0.20510075196901,0.4948,"4","DNA fragmentation factor, beta subunit"
"Pkig",0.204908360615669,0.208,"2","protein kinase inhibitor, gamma"
"S100a11",-0.204889148354143,0.5232,"3","S100 calcium binding protein A11"
"Dcp1b",0.20486844404276,0.0284,"6","decapping mRNA 1B"
"Rps6ka5",-0.204742700108804,0.1768,"12","ribosomal protein S6 kinase, polypeptide 5"
"Srsf5",0.204590532206449,0.4904,"12","serine and arginine-rich splicing factor 5"
"Kif19a",0.204456731987297,0.1216,"11","kinesin family member 19A"
"Fxyd2",0.204245252235561,0.192,"9","FXYD domain-containing ion transport regulator 2"
"Triqk",-0.203993717762199,0.4608,"4","triple QxxK/R motif containing"
"Pycrl",0.203926598565044,0.1288,"15","pyrroline-5-carboxylate reductase-like"
"Cd24a",-0.203916338893971,0.2528,"10","CD24a antigen"
"Zfp110",0.203849184331793,0.0536,"7","zinc finger protein 110"
"Xylt1",-0.203715761251536,0.5596,"7","xylosyltransferase 1"
"Ttc8",0.203643254309939,0.2388,"12","tetratricopeptide repeat domain 8"
"Rpl18a",0.203596324394457,0.434,"8","ribosomal protein L18A"
"Slc27a1",0.203525798388626,0.3424,"8","solute carrier family 27 (fatty acid transporter), member 1"
"P3h4",0.203478762576533,0.3564,"11","prolyl 3-hydroxylase family member 4 (non-enzymatic)"
"Nek8",0.20343130953939,0.3808,"11","NIMA (never in mitosis gene a)-related expressed kinase 8"
"Tnfaip2",0.203308009488988,0.4464,"12","tumor necrosis factor, alpha-induced protein 2"
"Emx2os",0.203049721368492,0.0548,"19","Emx2 opposite strand/antisense transcript (non-protein coding)"
"Fbxl4",0.203017490363498,0.12,"4","F-box and leucine-rich repeat protein 4"
"Rbm4b",0.20279664564613,0.0856,"19","RNA binding motif protein 4B"
"Arx",0.202773201845018,0.1864,"X","aristaless related homeobox"
"Arhgdib",-0.202668086266718,0.4636,"6","Rho, GDP dissociation inhibitor (GDI) beta"
"Fam118b",0.202584579354763,0.052,"9","family with sequence similarity 118, member B"
"Ltbr",-0.202544330959183,0.4296,"6","lymphotoxin B receptor"
"Pigo",0.202543668417911,0.268,"4","phosphatidylinositol glycan anchor biosynthesis, class O"
"Dguok",0.202543600540809,0.1948,"6","deoxyguanosine kinase"
"Tnfaip3",0.202248078888261,0.5168,"10","tumor necrosis factor, alpha-induced protein 3"
"Cpsf4l",0.20214164519001,0.81,"11","cleavage and polyadenylation specific factor 4-like"
"Paxbp1",0.202075660157454,0.4408,"16","PAX3 and PAX7 binding protein 1"
"Pth1r",0.202055266783423,0.4484,"9","parathyroid hormone 1 receptor"
"Tomm6os",0.202014524482463,0.406,"17","translocase of outer mitochondrial membrane 6, opposite strand"
"Six5",-0.201923172437823,0.6064,"7","sine oculis-related homeobox 5"
"Haus7",0.201895339729837,0.2068,"X","HAUS augmin-like complex, subunit 7"
"Rccd1",0.201860753176293,0.3876,"7","RCC1 domain containing 1"
"Lnx1",0.201849631788462,0.0104,"5","ligand of numb-protein X 1"
"Igtp",-0.201793330790305,0.4448,"11","interferon gamma induced GTPase"
"Miat",0.201769447712264,0.6552,"5","myocardial infarction associated transcript (non-protein coding)"
"Gsap",0.201756971714919,0.4176,"5","gamma-secretase activating protein"
"Igsf9",0.201751862629784,0.4728,"1","immunoglobulin superfamily, member 9"
"Parl",0.201663419565463,0.194,"16","presenilin associated, rhomboid-like"
"Kcnh2",-0.201605743338843,0.1428,"5","potassium voltage-gated channel, subfamily H (eag-related), member 2"
"Rab9",0.201602772257988,0.0388,"X","RAB9, member RAS oncogene family"
"Abhd10",0.201539867126565,0.2112,"16","abhydrolase domain containing 10"
"Tmem100",0.201523631565993,0.1576,"11","transmembrane protein 100"
"Dgka",0.201396459682204,0.3684,"10","diacylglycerol kinase, alpha"
"Ptpn4",-0.201339603405413,0.6072,"1","protein tyrosine phosphatase, non-receptor type 4"
"Fmc1",0.201316367306033,0.2872,"6","formation of mitochondrial complex V assembly factor 1"
"Slc35g2",-0.201275753646884,0.15,"9","solute carrier family 35, member G2"
"Herc4",0.201216369662303,0.0744,"10","hect domain and RLD 4"
"Lyrm2",0.201173756337746,0.13,"4","LYR motif containing 2"
"Crip3",0.201155170641426,0.696,"17","cysteine-rich protein 3"
"Sspn",-0.201143156546412,0.2712,"6","sarcospan"
"B4galt1",0.201120035980063,0.332,"4","UDP-Gal:betaGlcNAc beta 1,4- galactosyltransferase, polypeptide 1"
"Flvcr1",0.200805337277247,0.3308,"1","feline leukemia virus subgroup C cellular receptor 1"
"Mob1a",-0.200771822538782,0.5064,"6","MOB kinase activator 1A"
"Gas5",0.200763909090799,0.1224,"1","growth arrest specific 5"
"Cntnap4",-0.20075916963988,0.376,"8","contactin associated protein-like 4"
"Mrps18c",0.200599517504119,0.2376,"5","mitochondrial ribosomal protein S18C"
"Ccdc184",-0.200514082518037,0.1996,"15","coiled-coil domain containing 184"
"Wdcp",-0.200446504918407,0.3456,"12","WD repeat and coiled coil containing"
"Clk4",0.200213187020188,0.4156,"11","CDC like kinase 4"
"Krt9",0.200209158085215,0.4696,"11","keratin 9"
"Il13ra1",-0.200183622979857,0.3588,"X","interleukin 13 receptor, alpha 1"
"Epor",0.200147486772149,0.39,"9","erythropoietin receptor"
"Smpd2",0.199998195341752,0.3088,"10","sphingomyelin phosphodiesterase 2, neutral"
"Grm2",0.19990659281291,0.2768,"9","glutamate receptor, metabotropic 2"
"1700008O03Rik",0.199838711845245,0.5336,"7","RIKEN cDNA 1700008O03 gene"
"Syde1",-0.199652502167573,0.0636,"10","synapse defective 1, Rho GTPase, homolog 1 (C. elegans)"
"Cdkal1",0.199418318288733,0.0056,"13","CDK5 regulatory subunit associated protein 1-like 1"
"Zfp784",0.199372364814323,0.19,"7","zinc finger protein 784"
"Rxfp1",0.19936281422056,0.7792,"3","relaxin/insulin-like family peptide receptor 1"
"Nid2",-0.199221117849443,0.5188,"14","nidogen 2"
"Ide",-0.199200396194509,0.4128,"19","insulin degrading enzyme"
"Prorp",0.199169780987591,0.2636,"12","protein only RNase P catalytic subunit"
"Fam222a",-0.199149558731071,0.2048,"5","family with sequence similarity 222, member A"
"Rad18",-0.198947035546744,0.0852,"6","RAD18 E3 ubiquitin protein ligase"
"Eva1a",0.198798571598053,0.2652,"6","eva-1 homolog A (C. elegans)"
"Trim45",0.198744014172116,0.102,"3","tripartite motif-containing 45"
"Tmem208",0.198554527577729,0.3508,"8","transmembrane protein 208"
"Ninl",0.198521094573334,0.3672,"2","ninein-like"
"Kcnmb4os2",0.198509579749693,0.2896,"10","potassium large conductance calcium-activated channel, subfamily M, beta member 4, opposite strand 2"
"Anks3",0.198272584958563,0.364,"16","ankyrin repeat and sterile alpha motif domain containing 3"
"Pcdhga11",-0.198232763399909,0.2812,"18","protocadherin gamma subfamily A, 11"
"Setd4",0.198219103885114,0.3172,"16","SET domain containing 4"
"Slc30a3",0.198138398731881,0.2844,"5","solute carrier family 30 (zinc transporter), member 3"
"Scaper",-0.198066446425232,0.1564,"9","S phase cyclin A-associated protein in the ER"
"Cybrd1",0.197896766824305,0.306,"2","cytochrome b reductase 1"
"Lyn",0.197729865182347,0.3872,"4","LYN proto-oncogene, Src family tyrosine kinase"
"Ybey",0.197470748544846,0.0556,"10","ybeY metallopeptidase"
"Vstm5",-0.197436910481441,0.2084,"9","V-set and transmembrane domain containing 5"
"Nbeal2",0.197433229673761,0.4264,"9","neurobeachin-like 2"
"Serping1",-0.197278076425992,0.5596,"2","serine (or cysteine) peptidase inhibitor, clade G, member 1"
"Fam228a",0.197042796405285,0.5828,"12","family with sequence similarity 228, member A"
"Galnt7",-0.19692534848061,0.3156,"8","polypeptide N-acetylgalactosaminyltransferase 7"
"Alg12",0.196904682895466,0.236,"15","asparagine-linked glycosylation 12 (alpha-1,6-mannosyltransferase)"
"Rcsd1",-0.196863207382438,0.3492,"1","RCSD domain containing 1"
"Snip1",0.196760296840154,0.1184,"4","Smad nuclear interacting protein 1"
"Eno3",0.196750693795555,0.384,"11","enolase 3, beta muscle"
"Fbn2",0.196652450805503,0.5532,"18","fibrillin 2"
"Atpaf2",0.196582499892775,0.0616,"11","ATP synthase mitochondrial F1 complex assembly factor 2"
"Hnrnpdl",0.196550267837213,0.2472,"5","heterogeneous nuclear ribonucleoprotein D-like"
"Tbcb",0.196523468885445,0.1748,"7","tubulin folding cofactor B"
"Nkx2-2",-0.196437441493162,0.404,"2","NK2 homeobox 2"
"Fstl4",-0.196434557501452,0.2832,"11","follistatin-like 4"
"Nfatc1",-0.196422943642173,0.1048,"18","nuclear factor of activated T cells, cytoplasmic, calcineurin dependent 1"
"Sst",-0.196263781180718,0.256,"16","somatostatin"
"Amh",0.196072428792015,0.6396,"10","anti-Mullerian hormone"
"Abhd2",-0.195830580829782,0.4792,"7","abhydrolase domain containing 2"
"Nfkbiz",0.195679541565194,0.5968,"16","nuclear factor of kappa light polypeptide gene enhancer in B cells inhibitor, zeta"
"Ofd1",0.195664890708081,0.4076,"X","OFD1, centriole and centriolar satellite protein"
"S1pr3",-0.195661017172933,0.2236,"13","sphingosine-1-phosphate receptor 3"
"Nup155",0.195621760573465,0.2056,"15","nucleoporin 155"
"Gstm6",0.195563653851157,0.3624,"3","glutathione S-transferase, mu 6"
"Guf1",0.195538136982189,0.436,"5","GUF1 homolog, GTPase"
"Rph3al",0.195511384526862,0.374,"11","rabphilin 3A-like (without C2 domains)"
"Necab1",-0.195450479003121,0.3288,"4","N-terminal EF-hand calcium binding protein 1"
"H2az1",0.195371307169857,0.1132,"3","H2A.Z variant histone 1"
"Rhbdf1",0.195324611319057,0.3028,"11","rhomboid 5 homolog 1"
"Fance",0.195293721234805,0.1764,"17","Fanconi anemia, complementation group E"
"Sfxn2",0.19518876936196,0.5052,"19","sideroflexin 2"
"Notch3",-0.195065992421688,0.4136,"17","notch 3"
"9330133O14Rik",-0.195035611858138,0.0436,"8","RIKEN cDNA 9330133O14 gene"
"Rpl24",0.194967167633877,0.192,"16","ribosomal protein L24"
"Arsk",0.194858693572375,0.088,"13","arylsulfatase K"
"Dedd",0.194792069312148,0.058,"1","death effector domain-containing"
"Zw10",0.194780518631077,0.1548,"9","zw10 kinetochore protein"
"Mterf3",0.194713596333965,0.2484,"13","mitochondrial transcription termination factor 3"
"Hes1",0.194653652198567,0.056,"16","hes family bHLH transcription factor 1"
"Vstm2b",0.194574864113404,0.1868,"7","V-set and transmembrane domain containing 2B"
"Tfcp2l1",0.194481642951645,0.396,"1","transcription factor CP2-like 1"
"Mrgbp",0.194408056900464,0.242,"2","MRG/MORF4L binding protein"
"Cdh4",-0.194133076163662,0.4288,"2","cadherin 4"
"Scrn1",-0.194120403416658,0.2376,"6","secernin 1"
"Swsap1",0.19404060282553,0.1448,"9","SWIM type zinc finger 7 associated protein 1"
"Ephx4",0.194014397257464,0.116,"5","epoxide hydrolase 4"
"Zscan18",-0.193885587099204,0.1968,"7","zinc finger and SCAN domain containing 18"
"Abca7",0.193782584455977,0.4688,"10","ATP-binding cassette, sub-family A (ABC1), member 7"
"Rfx4",0.193769435379362,0.214,"10","regulatory factor X, 4 (influences HLA class II expression)"
"Emilin2",-0.193735089681708,0.614,"17","elastin microfibril interfacer 2"
"Gja1",0.19370977233838,0.0148,"10","gap junction protein, alpha 1"
"Tmem255a",-0.193667084581914,0.3148,"X","transmembrane protein 255A"
"Mrpl32",0.193638206407247,0.02,"13","mitochondrial ribosomal protein L32"
"Tcp11l1",-0.193580113834794,0.2648,"2","t-complex 11 like 1"
"Gskip",0.193550087262925,0.1464,"12","GSK3B interacting protein"
"Kif26b",-0.193523551820418,0.4092,"1","kinesin family member 26B"
"Taco1",-0.193502873854445,0.1964,"11","translational activator of mitochondrially encoded cytochrome c oxidase I"
"Pcdhb12",0.193367562203775,0.1644,"18","protocadherin beta 12"
"Siah1a",0.193258703826408,0.0592,"8","siah E3 ubiquitin protein ligase 1A"
"Faap24",0.193238913709813,0.0896,"7","Fanconi anemia core complex associated protein 24"
"Gtpbp8",0.193128379726281,0.318,"16","GTP-binding protein 8 (putative)"
"Pcdhb7",0.193092653743996,0.2432,"18","protocadherin beta 7"
"Aff3",-0.193086736579833,0.2476,"1","AF4/FMR2 family, member 3"
"Neo1",-0.19295748847114,0.0568,"9","neogenin"
"Gnpda1",0.192805053253633,0.0184,"18","glucosamine-6-phosphate deaminase 1"
"Recql5",0.192704192338941,0.3876,"11","RecQ protein-like 5"
"Zcwpw1",0.192631969167402,0.6984,"5","zinc finger, CW type with PWWP domain 1"
"Rrp1b",0.192567816609997,0.5432,"17","ribosomal RNA processing 1B"
"Spag1",0.192390625049302,0.4224,"15","sperm associated antigen 1"
"Dock4",-0.192257479398611,0.4312,"12","dedicator of cytokinesis 4"
"Pcdhga2",-0.192081660545279,0.324,"18","protocadherin gamma subfamily A, 2"
"Gcfc2",0.192048306027317,0.5032,"6","GC-rich sequence DNA binding factor 2"
"Gm2061",0.192022034539123,0.352,"1","predicted gene 2061"
"Srsf9",0.191934612604129,0.2132,"5","serine and arginine-rich splicing factor 9"
"Rspo2",-0.191639008945336,0.6408,"15","R-spondin 2"
"Rnase4",-0.191629666760257,0.4856,"14","ribonuclease, RNase A family 4"
"Sfswap",0.191554043586249,0.3812,"5","splicing factor SWAP"
"Klhl40",0.191515742504957,0.4672,"9","kelch-like 40"
"Pgm5",-0.191487639171738,0.2412,"19","phosphoglucomutase 5"
"Strip2",-0.191411770346322,0.1336,"6","striatin interacting protein 2"
"Nudcd2",0.191340526917196,0.1732,"11","NudC domain containing 2"
"Hdac2",0.191320652833986,0.0168,"10","histone deacetylase 2"
"Xylt2",-0.191273691228548,0.1016,"11","xylosyltransferase II"
"Znhit3",0.191251666634589,0.1308,"11","zinc finger, HIT type 3"
"Zfp580",0.191223201251613,0.3952,"7","zinc finger protein 580"
"Wnt10a",-0.191116667489961,0.364,"1","wingless-type MMTV integration site family, member 10A"
"Cxcl14",0.191109516179316,0.1752,"13","chemokine (C-X-C motif) ligand 14"
"Adamts6",0.191063737603119,0.568,"13","a disintegrin-like and metallopeptidase (reprolysin type) with thrombospondin type 1 motif, 6"
"1110059E24Rik",0.190709633089802,0.1328,"19","RIKEN cDNA 1110059E24 gene"
"1110059E24Rik",0.190709633089802,0.1328,"19","RIKEN cDNA 1110059E24 gene"
"Serpinf1",-0.190692568018727,0.2908,"11","serine (or cysteine) peptidase inhibitor, clade F, member 1"
"Stx1b",-0.190465496729163,0.2144,"7","syntaxin 1B"
"Pdgfd",-0.190457881036359,0.3268,"9","platelet-derived growth factor, D polypeptide"
"Il11ra1",0.190390424346109,0.2484,"4","interleukin 11 receptor, alpha chain 1"
"Rpl6",0.19032449258122,0.1896,"5","ribosomal protein L6"
"Yjefn3",0.190067929034951,0.2588,"8","YjeF N-terminal domain containing 3"
"Eef1akmt1",0.189938235546894,0.2188,"14","EEF1A alpha lysine methyltransferase 1"
"Rnf141",-0.189863338017436,0.4696,"7","ring finger protein 141"
"Ky",-0.189662856297612,0.2296,"9","kyphoscoliosis peptidase"
"Rsph4a",-0.189628223623124,0.6792,"10","radial spoke head 4 homolog A (Chlamydomonas)"
"Uqcrq",0.189617428859186,0.3236,"11","ubiquinol-cytochrome c reductase, complex III subunit VII"
"Ap1g2",0.189597362537719,0.5576,"14","adaptor protein complex AP-1, gamma 2 subunit"
"Pear1",-0.189595679721278,0.4856,"3","platelet endothelial aggregation receptor 1"
"Ccdc130",0.189592967188088,0.1056,"8","coiled-coil domain containing 130"
"Myef2",0.189501453543484,0.3164,"2","myelin basic protein expression factor 2, repressor"
"Rgs14",-0.189469954548263,0.2484,"13","regulator of G-protein signaling 14"
"Gtpbp6",0.189452173030372,0.076,"5","GTP binding protein 6 (putative)"
"Rorb",0.189304026511937,0.1628,"19","RAR-related orphan receptor beta"
"Taf1c",0.189234967356929,0.4268,"8","TATA-box binding protein associated factor, RNA polymerase I, C"
"Efcab5",0.189144981552996,0.6056,"11","EF-hand calcium binding domain 5"
"Sf3b5",0.189140849362112,0.352,"10","splicing factor 3b, subunit 5"
"Plin2",0.1890910994344,0.4844,"4","perilipin 2"
"Ptma",0.189079033181256,0.1104,"1","prothymosin alpha"
"Entr1",0.18903517850256,0.2356,"2","endosome associated trafficking regulator 1"
"Zbtb7b",-0.188870257955264,0.2844,"3","zinc finger and BTB domain containing 7B"
"4632404H12Rik",0.188853762473261,0.376,"3","RIKEN cDNA 4632404H12 gene"
"Rrp15",0.18879115556984,0.0964,"1","ribosomal RNA processing 15 homolog"
"Pcdhgb1",-0.188581450377936,0.578,"18","protocadherin gamma subfamily B, 1"
"Pdk4",-0.188547341334039,0.3828,"6","pyruvate dehydrogenase kinase, isoenzyme 4"
"Actn2",-0.18853904285809,0,"13","actinin alpha 2"
"Ece1",-0.1885136500822,0.1604,"4","endothelin converting enzyme 1"
"Cyp4f14",0.188487941623096,0.178,"17","cytochrome P450, family 4, subfamily f, polypeptide 14"
"Lgi2",-0.188382157193216,0.1096,"5","leucine-rich repeat LGI family, member 2"
"Capza1",-0.188314591602905,0.3268,"3","capping actin protein of muscle Z-line subunit alpha 1"
"Rsl1d1",0.188308047486718,0.048,"16","ribosomal L1 domain containing 1"
"Zfp40",0.188303910310612,0.45,"17","zinc finger protein 40"
"Sh3bgrl2",-0.188281889202647,0.1552,"9","SH3 domain binding glutamic acid-rich protein like 2"
"Cep78",0.188137654607489,0.312,"19","centrosomal protein 78"
"Myh15",0.188123962368489,0.412,"16","myosin, heavy chain 15"
"Ptchd4",0.188019897054545,0.294,"17","patched domain containing 4"
"Cd82",-0.188011546054432,0.5448,"2","CD82 antigen"
"Pop5",0.18798885160568,0.1768,"5","processing of precursor 5, ribonuclease P/MRP family (S. cerevisiae)"
"Robo1",-0.187909903577323,0.444,"16","roundabout guidance receptor 1"
"Nol7",0.187896846157235,0.02,"13","nucleolar protein 7"
"Rasgrp3",-0.187845056397943,0.506,"17","RAS, guanyl releasing protein 3"
"Mir100hg",0.187779865312499,0.3848,"9","Mir100 Mirlet7a-2 Mir125b-1 cluster host gene"
"Mtap",-0.187745338512708,0.082,"4","methylthioadenosine phosphorylase"
"Kcng1",-0.187735244194695,0.232,"2","potassium voltage-gated channel, subfamily G, member 1"
"Hivep3",-0.187498085110689,0.4924,"4","human immunodeficiency virus type I enhancer binding protein 3"
"C030006K11Rik",0.187264408621478,0.0176,"15","RIKEN cDNA C030006K11 gene"
"Ccdc57",0.187247410045163,0.4456,"11","coiled-coil domain containing 57"
"Zfp760",0.187242104588443,0.446,"17","zinc finger protein 760"
"Smim11",0.187104105024715,0.2076,"16","small integral membrane protein 11"
"Ndufaf7",0.187067278740463,0.024,"17","NADH:ubiquinone oxidoreductase complex assembly factor 7"
"Nit2",0.186788645360236,0.14,"16","nitrilase family, member 2"
"Dcaf17",-0.186785834027965,0.2924,"2","DDB1 and CUL4 associated factor 17"
"Gmeb1",0.186759342526885,0.3044,"4","glucocorticoid modulatory element binding protein 1"
"Fam20a",0.18646626665785,0.1984,"11","FAM20A, golgi associated secretory pathway pseudokinase"
"Phldb2",-0.186408481699106,0.4624,"16","pleckstrin homology like domain, family B, member 2"
"Rnf112",0.18628388487603,0.3468,"11","ring finger protein 112"
"Ppp1r13l",0.186255386906902,0.39,"7","protein phosphatase 1, regulatory subunit 13 like"
"Hs6st2",-0.186067474451415,0.4924,"X","heparan sulfate 6-O-sulfotransferase 2"
"Snhg11",0.186015346579676,0.6904,"2","small nucleolar RNA host gene 11"
"Ccdc120",0.185927711252589,0.3348,"X","coiled-coil domain containing 120"
"Grk5",-0.185853709375954,0.1488,"19","G protein-coupled receptor kinase 5"
"Slc4a7",0.185845933015631,0.416,"14","solute carrier family 4, sodium bicarbonate cotransporter, member 7"
"Supt3",0.185821691821865,0.28,"17","SPT3, SAGA and STAGA complex component"
"Pla2g7",0.185760750910846,0.1092,"17","phospholipase A2, group VII (platelet-activating factor acetylhydrolase, plasma)"
"Gm15612",0.185757844443699,0.5516,"6","predicted gene 15612"
"Gm5148",0.185445036421947,0.2644,"3","predicted gene 5148"
"Leng1",0.185361665310766,0.2672,"7","leukocyte receptor cluster (LRC) member 1"
"Car15",0.185349455566754,0.4304,"16","carbonic anhydrase 15"
"Trip6",0.185326910285954,0.5904,"5","thyroid hormone receptor interactor 6"
"Nbn",0.185284925088401,0.1208,"4","nibrin"
"Ppp2r3d",0.185281605481053,0.2864,"9","protein phosphatase 2 (formerly 2A), regulatory subunit B'', delta"
"Plvap",-0.185252755259044,0.246,"8","plasmalemma vesicle associated protein"
"Rmdn2",0.185217775690609,0.3632,"17","regulator of microtubule dynamics 2"
"Fbxo4",0.185216937176584,0.2812,"15","F-box protein 4"
"Ltk",0.185117362777979,0.5824,"2","leukocyte tyrosine kinase"
"Prag1",-0.185084144035876,0.1448,"8","PEAK1 related kinase activating pseudokinase 1"
"Slc16a4",0.185074457166931,0.5088,"3","solute carrier family 16 (monocarboxylic acid transporters), member 4"
"Cspp1",0.18507351840957,0.5056,"1","centrosome and spindle pole associated protein 1"
"Cyb561",-0.184911954292337,0.2816,"11","cytochrome b-561"
"Metap1d",0.184828457651414,0.4404,"2","methionyl aminopeptidase type 1D (mitochondrial)"
"Surf2",0.184758657616671,0.0428,"2","surfeit gene 2"
"Pdcd2l",0.184734594695664,0.132,"7","programmed cell death 2-like"
"Rwdd3",0.184550857291683,0.0524,"3","RWD domain containing 3"
"Ankrd39",0.184486304786335,0.3444,"1","ankyrin repeat domain 39"
"A130010J15Rik",0.18437017228082,0.2448,"1","RIKEN cDNA A130010J15 gene"
"Armc2",0.184346952936403,0.4652,"10","armadillo repeat containing 2"
"Zfp846",0.184263427365551,0.2696,"9","zinc finger protein 846"
"9630013A20Rik",0.184248980617115,0.3368,"14","RIKEN cDNA 9630013A20 gene"
"Sirt1",0.184147671096096,0.218,"10","sirtuin 1"
"Rpl38",0.184115312012065,0.3892,"11","ribosomal protein L38"
"Nxf1",0.184086107872609,0.4156,"19","nuclear RNA export factor 1"
"Msn",-0.183953604402273,0.2628,"X","moesin"
"Fbxl6",0.183887871365831,0.304,"15","F-box and leucine-rich repeat protein 6"
"Churc1",0.183719974234456,0.1816,"12","churchill domain containing 1"
"Dsg2",0.183677136049066,0.1744,"18","desmoglein 2"
"Zfc3h1",0.183671913031358,0.5088,"10","zinc finger, C3H1-type containing"
"Cttnbp2nl",-0.18357762915387,0.3404,"3","CTTNBP2 N-terminal like"
"Zgrf1",0.183451934354288,0.4408,"3","zinc finger, GRF-type containing 1"
"Mrpl24",0.183364136055805,0.1136,"3","mitochondrial ribosomal protein L24"
"Tank",0.183362006970211,0.2152,"2","TRAF family member-associated Nf-kappa B activator"
"Bbs5",0.18331577388584,0.2232,"2","Bardet-Biedl syndrome 5 (human)"
"C2cd5",0.18328264105814,0.4448,"6","C2 calcium-dependent domain containing 5"
"P2ry13",-0.183129760136512,0.682,"3","purinergic receptor P2Y, G-protein coupled 13"
"Iglon5",0.183092811670291,0.298,"7","IgLON family member 5"
"Nkx6-2",-0.182799434706748,0.4872,"7","NK6 homeobox 2"
"Dhx16",0.182764002517933,0.188,"17","DEAH (Asp-Glu-Ala-His) box polypeptide 16"
"Dus3l",0.182731164192067,0.3204,"17","dihydrouridine synthase 3-like (S. cerevisiae)"
"Stk32b",-0.182690819695306,0.282,"5","serine/threonine kinase 32B"
"Lipa",-0.182687359799728,0.1928,"19","lysosomal acid lipase A"
"Me1",-0.18264777789574,0.2904,"9","malic enzyme 1, NADP(+)-dependent, cytosolic"
"Igsf11",0.182504478648098,0.0812,"16","immunoglobulin superfamily, member 11"
"Ccl25",-0.182501010114535,0.2004,"8","chemokine (C-C motif) ligand 25"
"Frrs1l",-0.182427596081222,0.5152,"4","ferric-chelate reductase 1 like"
"Nsmce4a",0.182305918461148,0.1376,"7","NSE4 homolog A, SMC5-SMC6 complex component"
"Pter",-0.18213997836218,0.4824,"2","phosphotriesterase related"
"Gem",0.18202559758114,0.464,"4","GTP binding protein (gene overexpressed in skeletal muscle)"
"Tbc1d9",-0.182010686096183,0.18,"8","TBC1 domain family, member 9"
"Nod1",-0.181965527176448,0.3508,"6","nucleotide-binding oligomerization domain containing 1"
"Lrrtm4",0.181958707945395,0.0396,"6","leucine rich repeat transmembrane neuronal 4"
"Dtx3",0.181903472108594,0.2972,"10","deltex 3, E3 ubiquitin ligase"
"Celsr3",0.181703890565522,0.6764,"9","cadherin, EGF LAG seven-pass G-type receptor 3"
"Tfdp1",0.181663367753742,0.0528,"8","transcription factor Dp 1"
"Chic2",0.181634727190627,0.0432,"5","cysteine-rich hydrophobic domain 2"
"Pcp4",0.181534134072884,0.3724,"16","Purkinje cell protein 4"
"Elovl7",-0.181522203672961,0.3224,"13","ELOVL family member 7, elongation of long chain fatty acids (yeast)"
"Kmt5c",0.181516634825784,0.5504,"7","lysine methyltransferase 5C"
"Mios",-0.181500570587997,0.206,"6","meiosis regulator for oocyte development"
"Fcf1",0.181413519296158,0.0928,"12","FCF1 rRNA processing protein"
"Ccdc61",0.18140590007921,0.1444,"7","coiled-coil domain containing 61"
"C2cd4c",0.181390399807123,0.5864,"10","C2 calcium-dependent domain containing 4C"
"Rab27b",-0.181327652253435,0.234,"18","RAB27B, member RAS oncogene family"
"Zbtb25",0.181277157703945,0.3092,"12","zinc finger and BTB domain containing 25"
"Grik2",0.181198608777491,0.2892,"10","glutamate receptor, ionotropic, kainate 2 (beta 2)"
"Hipk2",-0.181151480488556,0.5036,"6","homeodomain interacting protein kinase 2"
"Bag4",0.181068433243216,0.0708,"8","BCL2-associated athanogene 4"
"Tmem86b",0.181065241400946,0.6036,"7","transmembrane protein 86B"
"Wdr25",-0.181035895832409,0.2152,"12","WD repeat domain 25"
"Dcaf15",0.180943090528876,0.3572,"8","DDB1 and CUL4 associated factor 15"
"Rpl37",0.180908999254402,0.3068,"15","ribosomal protein L37"
"Rpl37",0.180908999254402,0.3068,"15","ribosomal protein L37"
"Flrt2",-0.180905803105531,0.3152,"12","fibronectin leucine rich transmembrane protein 2"
"Pcgf1",0.18090137511217,0.144,"6","polycomb group ring finger 1"
"Nupr1",-0.1808822557769,0.4464,"7","nuclear protein transcription regulator 1"
"Glis3",0.180857764986797,0.462,"19","GLIS family zinc finger 3"
"Trabd",0.180754281364049,0.2028,"15","TraB domain containing"
"Limd1",-0.180683180518481,0.0712,"9","LIM domains containing 1"
"Slc16a11",0.180674958133676,0.5108,"11","solute carrier family 16 (monocarboxylic acid transporters), member 11"
"Cars2",0.180617136254427,0.1596,"8","cysteinyl-tRNA synthetase 2 (mitochondrial)(putative)"
"Ccne1",-0.180518860479798,0.2356,"7","cyclin E1"
"Spry4",-0.180349600573653,0.2288,"18","sprouty RTK signaling antagonist 4"
"Dlc1",-0.180111557835391,0.1748,"8","deleted in liver cancer 1"
"Kcnma1",-0.180104963762755,0.4648,"14","potassium large conductance calcium-activated channel, subfamily M, alpha member 1"
"Mt1",0.179933902320059,0.6856,"8","metallothionein 1"
"Acy1",0.17986681337136,0.2584,"9","aminoacylase 1"
"Sgtb",-0.179857104225299,0.3368,"13","small glutamine-rich tetratricopeptide repeat (TPR)-containing, beta"
"Map3k13",-0.179838631023913,0.4628,"16","mitogen-activated protein kinase kinase kinase 13"
"Zfpl1",0.179784521717916,0.2036,"19","zinc finger like protein 1"
"Ntn3",-0.179696315320509,0.0092,"17","netrin 3"
"Tmem41b",0.179677028994715,0.082,"7","transmembrane protein 41B"
"Hsd11b1",0.179673795828001,0.202,"1","hydroxysteroid 11-beta dehydrogenase 1"
"Myo1e",-0.179628285980717,0.3656,"9","myosin IE"
"Kcns1",-0.179548905874197,0.528,"2","K+ voltage-gated channel, subfamily S, 1"
"Id2",0.179421034524241,0.0464,"12","inhibitor of DNA binding 2"
"Tdp2",0.179353401705279,0.0104,"13","tyrosyl-DNA phosphodiesterase 2"
"Cwc22",0.17934904550603,0.1168,"2","CWC22 spliceosome-associated protein"
"Mettl3",0.179313099202719,0.0288,"14","methyltransferase like 3"
"Shld2",0.179289701846246,0.4712,"14","shieldin complex subunit 2"
"Crybg3",-0.179151113143288,0.3892,"16","beta-gamma crystallin domain containing 3"
"St6gal1",-0.179141859106887,0.2992,"16","beta galactoside alpha 2,6 sialyltransferase 1"
"Rtel1",0.179061717424047,0.45,"2","regulator of telomere elongation helicase 1"
"Tcea2",0.179031235423102,0.3188,"2","transcription elongation factor A (SII), 2"
"Crocc",0.179030170976665,0.5828,"4","ciliary rootlet coiled-coil, rootletin"
"Col5a1",-0.178960201019066,0.5392,"2","collagen, type V, alpha 1"
"Sh3bp4",-0.178893035565511,0.096,"1","SH3-domain binding protein 4"
"Cyp4x1",-0.17881704749345,0.1148,"4","cytochrome P450, family 4, subfamily x, polypeptide 1"
"Pkmyt1",0.178616147109289,0.3464,"17","protein kinase, membrane associated tyrosine/threonine 1"
"Surf6",-0.178591540334591,0.0764,"2","surfeit gene 6"
"Mrpl23",0.178518691005289,0.1996,"7","mitochondrial ribosomal protein L23"
"Mettl15",0.178506410552127,0.2532,"2","methyltransferase like 15"
"Akr7a5",0.178396131124252,0.3236,"4","aldo-keto reductase family 7, member A5 (aflatoxin aldehyde reductase)"
"Tnxb",0.178319338805673,0.5452,"17","tenascin XB"
"2810001G20Rik",0.178317139412151,0.2768,"11","RIKEN cDNA 2810001G20 gene"
"Fmn1",-0.178303048526519,0.4572,"2","formin 1"
"Chrd",0.178193025662054,0.5492,"16","chordin"
"Pttg1",0.178126366146148,0.166,"11","pituitary tumor-transforming gene 1"
"Slc16a2",-0.178002277682072,0.0884,"X","solute carrier family 16 (monocarboxylic acid transporters), member 2"
"Parp4",-0.177820719041894,0.4456,"14","poly (ADP-ribose) polymerase family, member 4"
"Rcc1l",0.177815244882469,0.3696,"5","reculator of chromosome condensation 1 like"
"Cebpb",0.177759909509809,0.3632,"2","CCAAT/enhancer binding protein (C/EBP), beta"
"Cdk8",0.177629911383844,0.2164,"5","cyclin-dependent kinase 8"
"Timm8b",0.177615414457937,0.1372,"9","translocase of inner mitochondrial membrane 8B"
"Ghr",0.177514638530363,0.2192,"15","growth hormone receptor"
"Taf9",0.177501905845182,0.0948,"13","TATA-box binding protein associated factor 9"
"Ankrd23",0.17744567673688,0.566,"1","ankyrin repeat domain 23"
"Cdkn2aip",0.177291275001656,0.338,"8","CDKN2A interacting protein"
"Zfp36",-0.17716447951309,0.3312,"7","zinc finger protein 36"
"Rbms2",-0.177128432419044,0.0596,"10","RNA binding motif, single stranded interacting protein 2"
"Nrsn2",-0.177060409701026,0.232,"2","neurensin 2"
"2510039O18Rik",0.177023694774241,0.178,"4","RIKEN cDNA 2510039O18 gene"
"Hspb8",-0.176974525666572,0.3384,"5","heat shock protein 8"
"Cdk2ap2",0.176963553444162,0.3556,"19","CDK2-associated protein 2"
"Npr2",0.176772004274468,0.2644,"4","natriuretic peptide receptor 2"
"Wdr3",0.176730789335759,0.1248,"3","WD repeat domain 3"
"Srsf11",0.176667087894653,0.4444,"3","serine and arginine-rich splicing factor 11"
"Rcc1",0.176578419408266,0.1052,"4","regulator of chromosome condensation 1"
"Bclaf3",0.176523423025563,0.294,"X","Bclaf1 and Thrap3 family member 3"
"Trmt10b",0.176489479768838,0.1792,"4","tRNA methyltransferase 10B"
"Ppil3",-0.1764192331854,0.2176,"1","peptidylprolyl isomerase (cyclophilin)-like 3"
"Efcab15",0.176247370477303,0.4528,"11","EF-hand calcium binding domain 15"
"1700048O20Rik",0.176185282346971,0.4892,"9","RIKEN cDNA 1700048O20 gene"
"Zranb3",0.176120771377579,0.3548,"1","zinc finger, RAN-binding domain containing 3"
"Trpv2",0.175982706449769,0.1972,"11","transient receptor potential cation channel, subfamily V, member 2"
"Caly",0.175947062145527,0.2984,"7","calcyon neuron-specific vesicular protein"
"Zcchc7",0.175909262606877,0.432,"4","zinc finger, CCHC domain containing 7"
"Rint1",0.175879863857585,0.0768,"5","RAD50 interactor 1"
"Zfp935",0.175878410268997,0.36,"13","zinc finger protein 935"
"Cpm",-0.175873962324756,0.5216,"10","carboxypeptidase M"
"Slc24a2",-0.175822386154247,0.308,"4","solute carrier family 24 (sodium/potassium/calcium exchanger), member 2"
"Ulk3",0.175758742734912,0.4124,"9","unc-51-like kinase 3"
"Rsbn1",-0.175652321992162,0.462,"3","rosbin, round spermatid basic protein 1"
"Tnpo1",-0.175612696167542,0.5068,"13","transportin 1"
"Cachd1",-0.175505556345012,0.3048,"4","cache domain containing 1"
"Dnttip1",0.175486434210996,0.0524,"2","deoxynucleotidyltransferase, terminal, interacting protein 1"
"Rpl23a",0.175464181827121,0.2532,"11","ribosomal protein L23A"
"Rpl23a",0.175464181827121,0.2532,"11","ribosomal protein L23A"
"Zfp810",0.175461998780922,0.3844,"9","zinc finger protein 810"
"Slc25a45",0.175337927707794,0.4696,"19","solute carrier family 25, member 45"
"Lrrc57",0.175253593355474,0.0908,"2","leucine rich repeat containing 57"
"Kank2",-0.175239764324091,0.1748,"9","KN motif and ankyrin repeat domains 2"
"Plcd4",0.175162592271971,0.3596,"1","phospholipase C, delta 4"
"Dusp16",-0.175123902169002,0.1412,"6","dual specificity phosphatase 16"
"Syt2",-0.174978192720393,0.6524,"1","synaptotagmin II"
"Plce1",-0.174803415223069,0.3056,"19","phospholipase C, epsilon 1"
"Vegfa",0.174746138176905,0.5216,"17","vascular endothelial growth factor A"
"Satb2",-0.174713811242988,0.5992,"1","special AT-rich sequence binding protein 2"
"Dll1",-0.174697992864527,0.4856,"17","delta like canonical Notch ligand 1"
"Snf8",0.174654542445434,0.2456,"11","SNF8, ESCRT-II complex subunit, homolog (S. cerevisiae)"
"Aldh3b1",-0.174645711299926,0.4124,"19","aldehyde dehydrogenase 3 family, member B1"
"Suv39h2",0.174607724285057,0.2492,"2","suppressor of variegation 3-9 2"
"Fv1",-0.174588999589602,0.4056,"4","Friend virus susceptibility 1"
"Magohb",0.174504903197401,0.08,"6","mago homolog B, exon junction complex core component"
"Efs",0.174419926177075,0.6536,"14","embryonal Fyn-associated substrate"
"Tmem68",0.174394320695777,0.0664,"4","transmembrane protein 68"
"Kcns3",-0.174387243445273,0.2116,"12","potassium voltage-gated channel, delayed-rectifier, subfamily S, member 3"
"Setd6",0.17437621353195,0.2076,"8","SET domain containing 6"
"Zfp764",0.174302567737537,0.2848,"7","zinc finger protein 764"
"Avl9",-0.174268852049368,0.3784,"6","AVL9 cell migration associated"
"Coq4",0.17420727011139,0.0972,"2","coenzyme Q4"
"Spock2",-0.174036412940378,0.3416,"10","sparc/osteonectin, cwcv and kazal-like domains proteoglycan 2"
"Nos3",-0.174023174013904,0.4312,"5","nitric oxide synthase 3, endothelial cell"
"Timp2",-0.174005826282804,0.1148,"11","tissue inhibitor of metalloproteinase 2"
"Zfp994",0.173830852822263,0.2716,"17","zinc finger protein 994"
"Cand2",-0.17360333184188,0.3856,"6","cullin-associated and neddylation-dissociated 2 (putative)"
"Sfxn4",0.173558305994594,0.3592,"19","sideroflexin 4"
"A930005H10Rik",0.173514008059656,0.29,"3","RIKEN cDNA A930005H10 gene"
"Ramp1",0.17349969713139,0.3444,"1","receptor (calcitonin) activity modifying protein 1"
"Tbc1d7",0.173474791881951,0.108,"13","TBC1 domain family, member 7"
"Txnl1",0.173362421019636,0.1304,"18","thioredoxin-like 1"
"Ets1",-0.173295262856881,0.5328,"9","E26 avian leukemia oncogene 1, 5' domain"
"Lrrc3b",0.173223413346332,0.3536,"14","leucine rich repeat containing 3B"
"Acyp2",0.173206303900972,0.056,"11","acylphosphatase 2, muscle type"
"Zc3hav1l",0.173151347257203,0.2096,"6","zinc finger CCCH-type, antiviral 1-like"
"Gdpd5",0.173145543867216,0.1032,"7","glycerophosphodiester phosphodiesterase domain containing 5"
"Uck1",0.173125423553209,0.0332,"2","uridine-cytidine kinase 1"
"Itgbl1",-0.173122440379106,0.3792,"14","integrin, beta-like 1"
"Tnfaip6",-0.173070596822578,0.5284,"2","tumor necrosis factor alpha induced protein 6"
"Asf1a",0.173002955901632,0.0884,"10","anti-silencing function 1A histone chaperone"
"Stxbp2",0.172929836595011,0.5724,"8","syntaxin binding protein 2"
"Srm",0.172886569890289,0.2996,"4","spermidine synthase"
"Flt3l",0.172881556656632,0.5888,"7","FMS-like tyrosine kinase 3 ligand"
"Tmem67",0.172834580524393,0.4304,"4","transmembrane protein 67"
"Ppp4c",0.172832912323813,0.3344,"7","protein phosphatase 4, catalytic subunit"
"Slc26a11",-0.172814473129434,0.144,"11","solute carrier family 26, member 11"
"2900052N01Rik",0.172725789063008,0.2524,"9","RIKEN cDNA 2900052N01 gene"
"Dennd6b",0.172721168967126,0.5032,"15","DENN/MADD domain containing 6B"
"Med4",0.172681295261123,0.0108,"14","mediator complex subunit 4"
"Selenow",0.172679336659176,0.4376,"7","selenoprotein W"
"Sh3bp2",0.172665947798794,0.4996,"5","SH3-domain binding protein 2"
"Retsat",0.17255524212203,0.3584,"6","retinol saturase (all trans retinol 13,14 reductase)"
"Alkbh4",0.172359128287013,0.1856,"5","alkB homolog 4, lysine demethylase"
"Mbip",0.172356372742941,0.4544,"12","MAP3K12 binding inhibitory protein 1"
"Capn1",0.172218512485101,0.0548,"19","calpain 1"
"Syt9",-0.172197834449526,0.406,"7","synaptotagmin IX"
"Phactr2",-0.172087692330495,0.3368,"10","phosphatase and actin regulator 2"
"Itih5",-0.172067931322008,0.1912,"2","inter-alpha-trypsin inhibitor, heavy chain 5"
"Rimbp2",0.171876265908384,0.364,"5","RIMS binding protein 2"
"Slitrk2",0.171819825778673,0.1796,"X","SLIT and NTRK-like family, member 2"
"Gm12258",0.171801313012745,0.3096,"11","predicted gene 12258"
"Polb",0.171754411304835,0.02,"8","polymerase (DNA directed), beta"
"Naa10",0.171613553562464,0.264,"X","N(alpha)-acetyltransferase 10, NatA catalytic subunit"
"Comtd1",0.171534546013279,0.4672,"14","catechol-O-methyltransferase domain containing 1"
"Poc1b",0.171533074042554,0.1632,"10","POC1 centriolar protein B"
"Idi1",-0.171496393430378,0.3944,"13","isopentenyl-diphosphate delta isomerase"
"Ints13",0.171436988035395,0.3412,"6","integrator complex subunit 13"
"Itga11",0.171388934905028,0.384,"9","integrin alpha 11"
"Akap7",0.1713566773768,0.012,"10","A kinase (PRKA) anchor protein 7"
"Exosc2",0.17127319001664,0.1504,"2","exosome component 2"
"Prune2",-0.171207291582478,0.1748,"19","prune homolog 2"
"Btbd17",0.171139521251764,0.1196,"11","BTB (POZ) domain containing 17"
"Kbtbd8",0.171063993333734,0.1428,"6","kelch repeat and BTB (POZ) domain containing 8"
"Crlf3",0.171048650332033,0.1396,"11","cytokine receptor-like factor 3"
"Mrpl57",0.170993584071122,0.2012,"14","mitochondrial ribosomal protein L57"
"Prdm16",-0.170954605046851,0.2108,"4","PR domain containing 16"
"Rarg",0.170953354199583,0.2536,"15","retinoic acid receptor, gamma"
"Ugp2",0.170935196159212,0.12,"11","UDP-glucose pyrophosphorylase 2"
"Commd5",0.170923510515174,0.2076,"15","COMM domain containing 5"
"Rtca",0.170915176007475,0.094,"3","RNA 3'-terminal phosphate cyclase"
"Itprid2",-0.170906127885838,0.142,"2","ITPR interacting domain containing 2"
"Iyd",-0.170848810064255,0.618,"10","iodotyrosine deiodinase"
"Sertad1",-0.170825798448457,0.3908,"7","SERTA domain containing 1"
"Dnah7b",0.170822478622525,0.6272,"1","dynein, axonemal, heavy chain 7B"
"Arl4a",-0.17071805354124,0.2164,"12","ADP-ribosylation factor-like 4A"
"Slc25a18",0.17065294210888,0.2704,"6","solute carrier family 25 (mitochondrial carrier), member 18"
"Zdhhc13",0.170633543605858,0.2116,"7","zinc finger, DHHC domain containing 13"
"Nop9",0.170535112756381,0.1072,"14","NOP9 nucleolar protein"
"Btd",-0.170529359724906,0.478,"14","biotinidase"
"Nxt1",0.170524109392102,0.2672,"2","NTF2-related export protein 1"
"Slc6a20a",0.170427733602512,0.7788,"9","solute carrier family 6 (neurotransmitter transporter), member 20A"
"Glb1",-0.170259828299417,0.0148,"9","galactosidase, beta 1"
"Srsf6",0.170248110406169,0.2916,"2","serine and arginine-rich splicing factor 6"
"Paqr6",-0.170196912204843,0.3028,"3","progestin and adipoQ receptor family member VI"
"Mob3c",0.170143475453318,0.3692,"4","MOB kinase activator 3C"
"Slc14a1",0.170115429846482,0.2508,"18","solute carrier family 14 (urea transporter), member 1"
"Elovl6",-0.170111544336558,0.216,"3","ELOVL family member 6, elongation of long chain fatty acids (yeast)"
"Cdhr1",-0.170111314625727,0.4712,"14","cadherin-related family member 1"
"Tekt1",-0.170073487773098,0.6376,"11","tektin 1"
"Ocel1",0.170061163555817,0.3316,"8","occludin/ELL domain containing 1"
"Lrrc40",0.170033098085156,0.0092,"3","leucine rich repeat containing 40"
"Jmjd4",-0.170005963226325,0.1972,"11","jumonji domain containing 4"
"Trmt1",0.169976277155503,0.3008,"8","tRNA methyltransferase 1"
"Rgs20",0.169954196868757,0.0688,"1","regulator of G-protein signaling 20"
"Etv1",-0.169926095245268,0.3004,"12","ets variant 1"
"Ttll7",-0.169891404149868,0.3168,"3","tubulin tyrosine ligase-like family, member 7"
"Cep192",0.169827830592811,0.5056,"18","centrosomal protein 192"
"Pdss1",0.169814730204552,0.414,"2","prenyl (solanesyl) diphosphate synthase, subunit 1"
"Ccser1",0.169664726779843,0.3412,"6","coiled-coil serine rich 1"
"Ldlrap1",-0.169661020646313,0.2876,"4","low density lipoprotein receptor adaptor protein 1"
"Srsf12",0.169649639136531,0.1348,"4","serine and arginine-rich splicing factor 12"
"Lipt2",0.169644597644841,0.5552,"7","lipoyl(octanoyl) transferase 2 (putative)"
"Rpl36al",0.169548613723856,0.2404,"12","ribosomal protein L36A-like"
"Dync1i2",0.169459653188701,0.1484,"2","dynein cytoplasmic 1 intermediate chain 2"
"Gdpd2",0.16940589712525,0.2956,"X","glycerophosphodiester phosphodiesterase domain containing 2"
"Dlk2",0.169399445804577,0.5168,"17","delta like non-canonical Notch ligand 2"
"Selenoh",-0.169388405861569,0.3804,"2","selenoprotein H"
"Pde1c",-0.169373339459876,0.4176,"6","phosphodiesterase 1C"
"Slc31a1",-0.169366318032691,0.4324,"4","solute carrier family 31, member 1"
"Rab35",-0.169305293384571,0.3056,"5","RAB35, member RAS oncogene family"
"Gnpda2",0.16926360750081,0.0212,"5","glucosamine-6-phosphate deaminase 2"
"Trmt6",0.169239387038133,0.1832,"2","tRNA methyltransferase 6"
"Gtf3c4",-0.169222324592047,0.0724,"2","general transcription factor IIIC, polypeptide 4"
"Phpt1",0.169176390910338,0.2296,"2","phosphohistidine phosphatase 1"
"Pfdn5",0.169165496321865,0.2344,"15","prefoldin 5"
"Gamt",0.168970052680866,0.5168,"10","guanidinoacetate methyltransferase"
"Mkks",0.168964855685811,0.0352,"2","McKusick-Kaufman syndrome"
"Capn3",0.168964365500453,0.2,"2","calpain 3"
"Wdr70",0.168881028101611,0.046,"15","WD repeat domain 70"
"Poc1a",0.168877095753809,0.2412,"9","POC1 centriolar protein A"
"Kctd4",0.168871823327464,0.2908,"14","potassium channel tetramerisation domain containing 4"
"Fpgt",0.168837700121062,0.2976,"3","fucose-1-phosphate guanylyltransferase"
"Swap70",-0.168812542042625,0.3124,"7","SWA-70 protein"
"Ccdc142",0.16878544685666,0.6052,"6","coiled-coil domain containing 142"
"Lrrc45",0.16877377707932,0.4912,"11","leucine rich repeat containing 45"
"Vamp8",-0.168674546779495,0.5808,"6","vesicle-associated membrane protein 8"
"Atxn2l",0.168670050596678,0.5548,"7","ataxin 2-like"
"Rpusd3",0.16865652493424,0.1988,"6","RNA pseudouridylate synthase domain containing 3"
"Ypel4",0.168622871860527,0.272,"2","yippee like 4"
"Cdh6",0.168570698992194,0.6408,"15","cadherin 6"
"Mrnip",0.168563687883276,0.4128,"11","MRN complex interacting protein"
"Aldh1a1",0.168406027042262,0.3764,"19","aldehyde dehydrogenase family 1, subfamily A1"
"Aldh1a1",0.168406027042262,0.3764,"19","aldehyde dehydrogenase family 1, subfamily A1"
"Vps33b",0.168391223956632,0.428,"7","vacuolar protein sorting 33B"
"Lpcat2",-0.168357668846117,0.1784,"8","lysophosphatidylcholine acyltransferase 2"
"Scrn2",0.168263888652769,0.2232,"11","secernin 2"
"Gnl3",0.168227719483587,0.0908,"14","guanine nucleotide binding protein-like 3 (nucleolar)"
"Zfp7",0.168214274160964,0.1516,"15","zinc finger protein 7"
"Gm16861",0.168156631834697,0.6304,"16","predicted gene, 16861"
"Smim1",0.168000015359552,0.2748,"4","small integral membrane protein 1"
"Mrps11",0.167998699788892,0.2664,"7","mitochondrial ribosomal protein S11"
"Tulp4",-0.167898471757419,0.2908,"17","tubby like protein 4"
"Cox14",0.167762336425257,0.274,"15","cytochrome c oxidase assembly protein 14"
"Gucd1",0.167749584429008,0.4668,"10","guanylyl cyclase domain containing 1"
"Stat1",-0.167743773383835,0.1256,"1","signal transducer and activator of transcription 1"
"Mrps15",0.167734032608642,0.1508,"4","mitochondrial ribosomal protein S15"
"P2ry6",-0.167702069532524,0.228,"7","pyrimidinergic receptor P2Y, G-protein coupled, 6"
"Tarbp2",0.167658043662029,0.398,"15","TARBP2, RISC loading complex RNA binding subunit"
"Rpp21",0.167571846279615,0.3156,"17","ribonuclease P 21 subunit"
"Gm12709",0.16757144470137,0.4364,"4","predicted gene 12709"
"Onecut2",0.167553017012814,0.5956,"18","one cut domain, family member 2"
"Ttc7",-0.167393583933317,0.4384,"17","tetratricopeptide repeat domain 7"
"Sox6",-0.167174279871682,0.1988,"7","SRY (sex determining region Y)-box 6"
"Rgl2",0.167165831729996,0.5344,"17","ral guanine nucleotide dissociation stimulator-like 2"
"Pcdhb20",-0.167147668869045,0.2748,"18","protocadherin beta 20"
"Vcam1",-0.167146900033591,0.302,"3","vascular cell adhesion molecule 1"
"Ptprn2",-0.16710333640665,0.1824,"12","protein tyrosine phosphatase, receptor type, N polypeptide 2"
"Dnah1",0.167055703093179,0.2972,"14","dynein, axonemal, heavy chain 1"
"Masp1",0.16694643178998,0.4052,"16","mannan-binding lectin serine peptidase 1"
"Arl6ip6",0.166895788683298,0.2332,"2","ADP-ribosylation factor-like 6 interacting protein 6"
"Hirip3",0.166877033044667,0.3216,"7","HIRA interacting protein 3"
"Slc24a5",0.16687270132292,0.7616,"2","solute carrier family 24, member 5"
"Tmem14a",0.166827342854893,0.21,"1","transmembrane protein 14A"
"Sgms1",-0.166812002634542,0.2156,"19","sphingomyelin synthase 1"
"Zfp628",-0.166737325783269,0.0936,"7","zinc finger protein 628"
"Zfp759",0.166712126176055,0.2668,"13","zinc finger protein 759"
"Gm867",-0.166711453331873,0.7288,"10","predicted gene 867"
"Bfsp2",0.166703607314908,0.5428,"9","beaded filament structural protein 2, phakinin"
"A230083G16Rik",0.166543110905708,0.578,"6","RIKEN cDNA A230083G16 gene"
"Chchd7",0.166475410500318,0.2516,"4","coiled-coil-helix-coiled-coil-helix domain containing 7"
"Tssc4",0.166453756707623,0.1972,"7","tumor-suppressing subchromosomal transferable fragment 4"
"Clic4",-0.166440227886605,0.4556,"4","chloride intracellular channel 4 (mitochondrial)"
"Rnf152",-0.166406413180799,0.5404,"1","ring finger protein 152"
"Zic1",-0.166381638148009,0.7024,"9","zinc finger protein of the cerebellum 1"
"Prpf4b",0.166363796812162,0.5572,"13","pre-mRNA processing factor 4B"
"Polr1a",-0.166343206714052,0.048,"6","polymerase (RNA) I polypeptide A"
"Thrsp",0.166231404163794,0.334,"7","thyroid hormone responsive"
"0610012G03Rik",0.166136229421832,0.2168,"16","RIKEN cDNA 0610012G03 gene"
"Slc9a3r2",-0.166118459475069,0.2568,"17","solute carrier family 9 (sodium/hydrogen exchanger), member 3 regulator 2"
"Zfp975",0.166001393804159,0.4224,"7","zinc finger protein 975"
"Dusp1",-0.165911445149045,0.2944,"17","dual specificity phosphatase 1"
"Exd2",0.165830252745446,0.4084,"12","exonuclease 3'-5' domain containing 2"
"Taf6",0.165820431536132,0.0648,"5","TATA-box binding protein associated factor 6"
"Spag6l",-0.165801274125123,0.4796,"16","sperm associated antigen 6-like"
"Hps1",0.165702802242652,0.5424,"19","HPS1, biogenesis of lysosomal organelles complex 3 subunit 1"
"Cst3",0.165698514375805,0.2712,"2","cystatin C"
"Nup88",0.165660048904561,0.022,"11","nucleoporin 88"
"Hook2",0.165479650751558,0.5004,"8","hook microtubule tethering protein 2"
"Bckdhb",0.165451995995807,0.1016,"9","branched chain ketoacid dehydrogenase E1, beta polypeptide"
"Zbtb22",-0.165443309304431,0.2336,"17","zinc finger and BTB domain containing 22"
"Tiprl",0.165432286991429,0.0056,"1","TIP41, TOR signalling pathway regulator-like (S. cerevisiae)"
"Epha6",-0.165375434108944,0.4476,"16","Eph receptor A6"
"Urb2",-0.165374575552891,0.228,"8","URB2 ribosome biogenesis 2 homolog (S. cerevisiae)"
"Mecr",0.165272408043065,0.3132,"4","mitochondrial trans-2-enoyl-CoA reductase"
"Tbc1d32",0.16520200621423,0.2692,"10","TBC1 domain family, member 32"
"Zfp637",0.164983747159874,0.072,"6","zinc finger protein 637"
"Wdr83",0.164873121932811,0.3152,"8","WD repeat domain containing 83"
"Serf1",0.164870368226933,0.202,"13","small EDRK-rich factor 1"
"Pcdhgc3",-0.164845707661518,0.1176,"18","protocadherin gamma subfamily C, 3"
"Tceal8",0.16481526910034,0.1916,"X","transcription elongation factor A (SII)-like 8"
"Slc12a7",-0.164808375698094,0.524,"13","solute carrier family 12, member 7"
"Dnah6",0.164789873080923,0.7924,"6","dynein, axonemal, heavy chain 6"
"Snrnp35",-0.16472331832811,0.1392,"5","small nuclear ribonucleoprotein 35 (U11/U12)"
"Dph5",0.164714382709148,0.156,"3","diphthamide biosynthesis 5"
"Spns1",0.16466705825774,0.1624,"7","spinster homolog 1"
"Ncf1",0.164612283122511,0.7192,"5","neutrophil cytosolic factor 1"
"Cryzl1",0.164594194109135,0.0284,"16","crystallin, zeta (quinone reductase)-like 1"
"A2ml1",0.164516271239018,0.3808,"6","alpha-2-macroglobulin like 1"
"Nrp2",-0.164484402835308,0.21,"1","neuropilin 2"
"Gm14569",0.164410570949123,0.3336,"X","predicted gene 14569"
"Garnl3",-0.164392115170751,0.186,"2","GTPase activating RANGAP domain-like 3"
"Eif4g1",-0.164329656159571,0.2356,"16","eukaryotic translation initiation factor 4, gamma 1"
"Dnah2",0.164266936392729,0.6364,"11","dynein, axonemal, heavy chain 2"
"Stard8",-0.164224621832281,0.4132,"X","START domain containing 8"
"Poc5",-0.164148160966262,0.2796,"13","POC5 centriolar protein"
"Rbx1",0.164123399244007,0.1688,"15","ring-box 1"
"Neu4",-0.164051409095809,0.2508,"1","sialidase 4"
"Klhl24",-0.164024123338236,0.336,"16","kelch-like 24"
"Prrt1",0.163992704273042,0.3612,"17","proline-rich transmembrane protein 1"
"Ednrb",0.163934395141259,0.3796,"14","endothelin receptor type B"
"Eef1akmt2",0.163887428597355,0.2136,"7","EEF1A lysine methyltransferase 2"
"Sox18",-0.163883185702452,0.4824,"2","SRY (sex determining region Y)-box 18"
"Cspg4",-0.163827190219009,0.2236,"9","chondroitin sulfate proteoglycan 4"
"Nop16",0.163757638287504,0.1616,"13","NOP16 nucleolar protein"
"Ube2a",0.163713767743698,0.2056,"X","ubiquitin-conjugating enzyme E2A"
"Orc6",0.163708213744389,0.0392,"8","origin recognition complex, subunit 6"
"Lrrc51",0.16369519992414,0.4188,"7","leucine rich repeat containing 51"
"Vps13c",0.163687210219547,0.6936,"9","vacuolar protein sorting 13C"
"Syna",-0.163685174618397,0.3048,"5","syncytin a"
"Tpd52",0.163663085739958,0.06,"3","tumor protein D52"
"Crispld1",-0.163634704189532,0.1376,"1","cysteine-rich secretory protein LCCL domain containing 1"
"Spa17",-0.163615467329559,0.5792,"9","sperm autoantigenic protein 17"
"Spryd4",0.16359503274525,0.4772,"10","SPRY domain containing 4"
"Fam8a1",-0.163591823932605,0.4332,"13","family with sequence similarity 8, member A1"
"Cdk9",0.163586916373037,0.2712,"2","cyclin-dependent kinase 9 (CDC2-related kinase)"
"C1d",0.163531502071078,0.0808,"11","C1D nuclear receptor co-repressor"
"Mrpl1",0.163518515609429,0.0088,"5","mitochondrial ribosomal protein L1"
"Kti12",0.163511212306014,0.3196,"4","KTI12 homolog, chromatin associated"
"Trim68",0.163482759559284,0.4608,"7","tripartite motif-containing 68"
"Tmem98",-0.163476571285088,0.4396,"11","transmembrane protein 98"
"8430429K09Rik",0.163404717515878,0.1612,"11","RIKEN cDNA 8430429K09 gene"
"Hnrnpm",0.163398210889786,0.3392,"17","heterogeneous nuclear ribonucleoprotein M"
"Snx7",-0.163312080708188,0.3208,"3","sorting nexin 7"
"C1ql1",-0.163251430869205,0.3936,"11","complement component 1, q subcomponent-like 1"
"Isy1",0.16324809652605,0.1412,"6","ISY1 splicing factor homolog"
"Mat2a",0.163240880374738,0.1916,"6","methionine adenosyltransferase II, alpha"
"Klf2",-0.163202898505336,0.4276,"8","Kruppel-like factor 2 (lung)"
"Adgra1",-0.163163491992303,0.2692,"7","adhesion G protein-coupled receptor A1"
"Zfp790",-0.163048440113991,0.2548,"7","zinc finger protein 790"
"Ly6a",-0.163047857011811,0.3112,"15","lymphocyte antigen 6 complex, locus A"
"Eri2",0.163014014826135,0.2764,"7","exoribonuclease 2"
"Cdc42bpb",-0.163013254604545,0.0168,"12","CDC42 binding protein kinase beta"
"Txnip",-0.162956646911171,0.4588,"3","thioredoxin interacting protein"
"Fmnl3",-0.162845739508573,0.1732,"15","formin-like 3"
"Pold1",0.16282243607819,0.3348,"7","polymerase (DNA directed), delta 1, catalytic subunit"
"Rbm25",0.162795864275202,0.508,"12","RNA binding motif protein 25"
"Mrs2",-0.162750500435703,0.4564,"13","MRS2 magnesium transporter"
"Cmklr1",-0.162716045881092,0.3532,"5","chemokine-like receptor 1"
"Mpzl1",0.162688056246215,0.1648,"1","myelin protein zero-like 1"
"Rpl21",0.162677515961475,0.3216,"5","ribosomal protein L21"
"Gramd3",0.162572333751617,0.0892,"18","GRAM domain containing 3"
"Mchr1",-0.162524273275952,0.296,"15","melanin-concentrating hormone receptor 1"
"Mtln",0.16252221522481,0.162,"2","mitoregulin"
"Oxsm",-0.162445922093486,0.3776,"14","3-oxoacyl-ACP synthase, mitochondrial"
"Sft2d1",0.162437015614793,0.2528,"17","SFT2 domain containing 1"
"Ak2",0.162400298702806,0.288,"4","adenylate kinase 2"
"Dock5",-0.162381693065383,0.5268,"14","dedicator of cytokinesis 5"
"Mbd6",0.162373040779888,0.6624,"10","methyl-CpG binding domain protein 6"
"Arl10",-0.162355959010175,0.528,"13","ADP-ribosylation factor-like 10"
"Mrpl22",0.162256928455271,0.0932,"11","mitochondrial ribosomal protein L22"
"Spag7",0.162256433053745,0.1256,"11","sperm associated antigen 7"
"Qsox1",-0.162206808308457,0.2248,"1","quiescin Q6 sulfhydryl oxidase 1"
"2310009B15Rik",0.162188969162831,0.3612,"1","RIKEN cDNA 2310009B15 gene"
"Spidr",-0.162181374706434,0.34,"16","scaffolding protein involved in DNA repair"
"Loxl1",-0.162075377999995,0.2316,"9","lysyl oxidase-like 1"
"1110038B12Rik",0.162062119365467,0.4668,"17","RIKEN cDNA 1110038B12 gene"
"Rps7",0.162014903570029,0.2848,"12","ribosomal protein S7"
"Vrk3",0.161963134371969,0.2868,"7","vaccinia related kinase 3"
"Ube2e1",0.161956932324715,0.2928,"14","ubiquitin-conjugating enzyme E2E 1"
"Ecm1",0.16188920996036,0.5948,"3","extracellular matrix protein 1"
"Pgap3",-0.161815292052845,0.2028,"11","post-GPI attachment to proteins 3"
"Tyk2",0.161804884669941,0.5072,"9","tyrosine kinase 2"
"Celf3",0.161728022343837,0.4048,"3","CUGBP, Elav-like family member 3"
"Cntn2",-0.161678020192763,0.2244,"1","contactin 2"
"Itga10",0.161651621989375,0.728,"3","integrin, alpha 10"
"Sp9",0.161609330539047,0.5956,"2","trans-acting transcription factor 9"
"Man2b2",-0.161584268926382,0.0396,"5","mannosidase 2, alpha B2"
"Psd",0.161537954748809,0.3776,"19","pleckstrin and Sec7 domain containing"
"Iqgap1",-0.161434481566591,0.4548,"7","IQ motif containing GTPase activating protein 1"
"Frg2f1",0.161401469389548,0.2584,"4","FSHD region gene 2 family member 1"
"Adam1a",0.161396513747809,0.6184,"5","a disintegrin and metallopeptidase domain 1a"
"Tamm41",-0.161386849758211,0.2808,"6","TAM41 mitochondrial translocator assembly and maintenance homolog"
"Stk32a",-0.161301964458909,0.5428,"18","serine/threonine kinase 32A"
"Immp1l",0.161233770654343,0.1212,"2","IMP1 inner mitochondrial membrane peptidase-like (S. cerevisiae)"
"Rasl10a",0.161211848484975,0.3144,"11","RAS-like, family 10, member A"
"Nudt16l1",0.161197585220617,0.3772,"16","nudix (nucleoside diphosphate linked moiety X)-type motif 16-like 1"
"Mgme1",0.161197360325649,0.2808,"2","mitochondrial genome maintenance exonuclease 1"
"Ndufb4",0.161182937319889,0.3016,"16","NADH:ubiquinone oxidoreductase subunit B4"
"Ndufb4",0.161182937319889,0.3016,"16","NADH:ubiquinone oxidoreductase subunit B4"
"Ndufb4",0.161182937319889,0.3016,"16","NADH:ubiquinone oxidoreductase subunit B4"
"Gxylt1",-0.161046726665874,0.3892,"15","glucoside xylosyltransferase 1"
"Tmem223",0.160954700157784,0.336,"19","transmembrane protein 223"
"Ttll4",0.160944534977601,0.3372,"1","tubulin tyrosine ligase-like family, member 4"
"Dag1",-0.160914350240985,0.1468,"9","dystroglycan 1"
"Clasrp",0.160913930888404,0.4888,"7","CLK4-associating serine/arginine rich protein"
"Cers5",-0.16091109886765,0.0512,"15","ceramide synthase 5"
"Map2k6",-0.160850688884274,0.18,"11","mitogen-activated protein kinase kinase 6"
"1700030K09Rik",0.160834382112833,0.3996,"8","RIKEN cDNA 1700030K09 gene"
"Rps23",0.16078299993091,0.3044,"13","ribosomal protein S23"
"Lig1",-0.16071212005181,0.2708,"7","ligase I, DNA, ATP-dependent"
"Mrpl27",0.160696622798927,0.3172,"11","mitochondrial ribosomal protein L27"
"Proca1",0.160642087969045,0.4268,"11","protein interacting with cyclin A1"
"Slc25a42",0.16062208271023,0.3044,"8","solute carrier family 25, member 42"
"Zfp94",0.160536637030674,0.032,"7","zinc finger protein 94"
"Bambi",0.160519904332849,0.14,"18","BMP and activin membrane-bound inhibitor"
"Ap5s1",0.160463858885382,0.2904,"2","adaptor-related protein 5 complex, sigma 1 subunit"
"Dnaaf4",-0.1604522336273,0.37,"9","dynein axonemal assembly factor 4"
"Rps20",0.160438064286771,0.3272,"4","ribosomal protein S20"
"Slc4a1ap",0.16036879602181,0.2024,"5","solute carrier family 4 (anion exchanger), member 1, adaptor protein"
"Asic4",-0.160217520212387,0.3152,"1","acid-sensing (proton-gated) ion channel family member 4"
"Synm",-0.160138750249109,0.2196,"7","synemin, intermediate filament protein"
"Stx3",0.160008894100642,0.466,"19","syntaxin 3"
"Sarnp",0.159993097638048,0.2896,"10","SAP domain containing ribonucleoprotein"
"Nup205",0.159981546143256,0.3656,"6","nucleoporin 205"
"Zfp942",0.159953801323151,0.0636,"17","zinc finger protein 942"
"Ankrd44",-0.159932405241428,0.3508,"1","ankyrin repeat domain 44"
"Penk",0.159921354703947,0.3536,"4","preproenkephalin"
"Rps8",0.159901289524099,0.366,"4","ribosomal protein S8"
"Rps8",0.159901289524099,0.366,"4","ribosomal protein S8"
"Eme2",0.159816447625003,0.2636,"17","essential meiotic structure-specific endonuclease subunit 2"
"Zfp956",0.159747296830781,0.1696,"6","zinc finger protein 956"
"Mki67",-0.159730266571893,0.5264,"7","antigen identified by monoclonal antibody Ki 67"
"Bud31",0.159670953797371,0.2672,"5","BUD31 homolog"
"BC024978",0.159599613200122,0.122,"7","cDNA sequence BC024978"
"Gbp7",-0.159576191229269,0.4408,"3","guanylate binding protein 7"
"2900026A02Rik",-0.159467041221919,0.0316,"5","RIKEN cDNA 2900026A02 gene"
"B2m",-0.159450129757578,0.476,"2","beta-2 microglobulin"
"Ybx2",0.159445126122718,0.63,"11","Y box protein 2"
"Pyurf",0.159343129964622,0.096,"6","Pigy upstream reading frame"
"Adgrl2",-0.159263765707081,0.7464,"3","adhesion G protein-coupled receptor L2"
"Zscan29",0.159131937102083,0.2784,"2","zinc finger SCAN domains 29"
"Myo1b",-0.159121203324377,0.414,"1","myosin IB"
"Aaas",0.159110057980448,0.1792,"15","achalasia, adrenocortical insufficiency, alacrimia"
"Rbm45",0.159103337027513,0.0308,"2","RNA binding motif protein 45"
"Ftx",0.159102701928466,0.6452,"X","Ftx transcript, Xist regulator (non-protein coding)"
"Ktn1",0.159030268480416,0.2184,"14","kinectin 1"
"Cdkl3",0.159000374083373,0.1984,"11","cyclin-dependent kinase-like 3"
"Zfand2a",-0.15896197472236,0.2432,"5","zinc finger, AN1-type domain 2A"
"Mob3b",-0.158894935215703,0.5584,"4","MOB kinase activator 3B"
"Galt",0.15883997828909,0.2568,"4","galactose-1-phosphate uridyl transferase"
"Pcnx2",-0.15881777977058,0.1424,"8","pecanex homolog 2"
"Phf20",-0.158780056083599,0.154,"2","PHD finger protein 20"
"Actl6b",0.158754541248229,0.2244,"5","actin-like 6B"
"Zfp277",0.158748670698058,0.1948,"12","zinc finger protein 277"
"Hecw2",-0.158744723918273,0.2604,"1","HECT, C2 and WW domain containing E3 ubiquitin protein ligase 2"
"Mfsd8",0.158735316682962,0.2064,"3","major facilitator superfamily domain containing 8"
"Stard10",0.158705298136051,0.2668,"7","START domain containing 10"
"Hmces",0.158632681360455,0.3492,"6","5-hydroxymethylcytosine (hmC) binding, ES cell specific"
"Rbis",0.158626412988302,0.2612,"3","ribosomal biogenesis factor"
"Atp13a4",0.158609082247532,0.3832,"16","ATPase type 13A4"
"Fxyd5",0.158291390537689,0.4192,"7","FXYD domain-containing ion transport regulator 5"
"Vav3",0.158281161480272,0.0164,"3","vav 3 oncogene"
"Igfbp6",-0.158254299086396,0.3212,"15","insulin-like growth factor binding protein 6"
"Eed",0.158196146701027,0.0812,"7","embryonic ectoderm development"
"Edem2",0.158181088976429,0.1216,"2","ER degradation enhancer, mannosidase alpha-like 2"
"Myo1c",-0.158128670493417,0.1048,"11","myosin IC"
"Cdca4",0.158070713964269,0.2404,"12","cell division cycle associated 4"
"Zfp850",-0.158040753438382,0.2676,"7","zinc finger protein 850"
"Runx2",0.157983252486712,0.6072,"17","runt related transcription factor 2"
"Kcnn3",-0.157948481576428,0.5732,"3","potassium intermediate/small conductance calcium-activated channel, subfamily N, member 3"
"Racgap1",0.157946889472071,0.4212,"15","Rac GTPase-activating protein 1"
"Lrrc42",0.157912247055913,0.1452,"4","leucine rich repeat containing 42"
"Garem2",0.157841877581244,0.2344,"5","GRB2 associated regulator of MAPK1 subtype 2"
"Exosc9",0.157818176600319,0.0788,"3","exosome component 9"
"Calb1",0.157769004928797,0.2964,"4","calbindin 1"
"Sos2",-0.157735603814523,0.1696,"12","SOS Ras/Rho guanine nucleotide exchange factor 2"
"Rpf1",0.157683736917309,0.1072,"3","ribosome production factor 1 homolog"
"Mcub",0.157676613217796,0.2724,"3","mitochondrial calcium uniporter dominant negative beta subunit"
"Cobll1",-0.157662332939166,0.4172,"2","Cobl-like 1"
"Wnk4",0.157636006264834,0.6532,"11","WNK lysine deficient protein kinase 4"
"Gtf2f2",0.157612851392754,0.0616,"14","general transcription factor IIF, polypeptide 2"
"Prom1",-0.157514433517137,0.0788,"5","prominin 1"
"B9d2",0.157504150408918,0.1992,"7","B9 protein domain 2"
"Serhl",0.157477155288572,0.5656,"15","serine hydrolase-like"
"Ppp1r3e",-0.15747155250263,0.3892,"14","protein phosphatase 1, regulatory subunit 3E"
"Glrx2",0.157444147228697,0.0692,"1","glutaredoxin 2 (thioltransferase)"
"Myc",0.157438621168304,0.1836,"15","myelocytomatosis oncogene"
"Cyp4f17",0.157429801619367,0.716,"17","cytochrome P450, family 4, subfamily f, polypeptide 17"
"Dok5",0.15726006382453,0.2708,"2","docking protein 5"
"Rpp40",0.15725608040461,0.31,"13","ribonuclease P 40 subunit"
"Ccdc59",0.157218837645459,0.1468,"10","coiled-coil domain containing 59"
"Card10",0.15719743121613,0.2332,"15","caspase recruitment domain family, member 10"
"Sirt5",0.157129577168445,0.322,"13","sirtuin 5"
"2810049E08Rik",0.157129251995494,0.4516,"13","RIKEN cDNA 2810049E08 gene"
"Pex12",0.157104420667048,0.3984,"11","peroxisomal biogenesis factor 12"
"Tarbp1",0.157072187719149,0.584,"8","TAR RNA binding protein 1"
"Zfp30",-0.157057161920061,0.2216,"7","zinc finger protein 30"
"Anks6",0.15698588993821,0.4192,"4","ankyrin repeat and sterile alpha motif domain containing 6"
"Nufip1",0.156921085386861,0.0532,"14","nuclear FMR1 interacting protein 1"
"Gpr137c",-0.156917261050057,0.4328,"14","G protein-coupled receptor 137C"
"Gli3",0.156909257100193,0.5004,"13","GLI-Kruppel family member GLI3"
"Wdr5",0.156884888728549,0.0512,"2","WD repeat domain 5"
"B230206H07Rik",0.156857887914402,0.6976,"7","RIKEN cDNA B230206H07 gene"
"Gcnt2",-0.156751246197792,0.2156,"13","glucosaminyl (N-acetyl) transferase 2, I-branching enzyme"
"Ntsr2",0.156749868794702,0.3432,"12","neurotensin receptor 2"
"Tbpl1",0.156738333382555,0.0392,"10","TATA box binding protein-like 1"
"Amotl2",-0.156728320213968,0.4336,"9","angiomotin-like 2"
"Zscan20",-0.156710479807747,0.3024,"4","zinc finger and SCAN domains 20"
"Lrrc75a",0.156694264342133,0.3704,"11","leucine rich repeat containing 75A"
"E130008D07Rik",0.156670680148688,0.4548,"17","RIKEN cDNA E130008D07 gene"
"Gdf10",0.156648115533624,0.2652,"14","growth differentiation factor 10"
"Vsig2",-0.156557739769683,0.276,"9","V-set and immunoglobulin domain containing 2"
"Gpr176",0.15646849180434,0.1416,"2","G protein-coupled receptor 176"
"Ppp1r3g",0.156408782572406,0.4488,"13","protein phosphatase 1, regulatory subunit 3G"
"Pde12",-0.156399180645609,0.3412,"14","phosphodiesterase 12"
"Chadl",0.156275584287208,0.2716,"15","chondroadherin-like"
"Zfp28",0.15625770346058,0.1776,"7","zinc finger protein 28"
"Rpl31",0.156257095608241,0.3256,"1","ribosomal protein L31"
"Lynx1",-0.156238505522735,0.2196,"15","Ly6/neurotoxin 1"
"Ints10",0.1562018573133,0.3944,"8","integrator complex subunit 10"
"Napepld",0.155968488709239,0.1288,"5","N-acyl phosphatidylethanolamine phospholipase D"
"Psma1",0.155850374284534,0.0408,"7","proteasome subunit alpha 1"
"Ech1",0.155838838362341,0.294,"7","enoyl coenzyme A hydratase 1, peroxisomal"
"Cry1",0.15580480391588,0.1752,"10","cryptochrome 1 (photolyase-like)"
"Map3k19",0.155707935925948,0.6276,"1","mitogen-activated protein kinase kinase kinase 19"
"Slc30a1",-0.155684250262786,0.3492,"1","solute carrier family 30 (zinc transporter), member 1"
"Heatr6",0.155619209477935,0.3116,"11","HEAT repeat containing 6"
"Lingo2",-0.155591459381519,0.4236,"4","leucine rich repeat and Ig domain containing 2"
"Lcmt2",0.155579613522414,0.3992,"2","leucine carboxyl methyltransferase 2"
"Zfp213",0.155546331649401,0.228,"17","zinc finger protein 213"
"Tmem38b",0.15554332611321,0.114,"4","transmembrane protein 38B"
"Angel2",0.155440277116481,0.084,"1","angel homolog 2"
"Dot1l",0.155408718660144,0.6608,"10","DOT1-like, histone H3 methyltransferase (S. cerevisiae)"
"Arhgap45",-0.155368686788373,0.5088,"10","Rho GTPase activating protein 45"
"Ptpn5",-0.155351858900927,0.2032,"7","protein tyrosine phosphatase, non-receptor type 5"
"Snrpa1",0.155316902894782,0.2412,"7","small nuclear ribonucleoprotein polypeptide A'"
"Vta1",0.155316195455263,0.1256,"10","vesicle (multivesicular body) trafficking 1"
"Vta1",0.155316195455263,0.1256,"10","vesicle (multivesicular body) trafficking 1"
"Rabepk",0.155305826620495,0.0612,"2","Rab9 effector protein with kelch motifs"
"Fbxl18",-0.15522761692552,0.3076,"5","F-box and leucine-rich repeat protein 18"
"Osbpl3",0.15514427050779,0.45,"6","oxysterol binding protein-like 3"
"Idua",0.155143600519288,0.4556,"5","iduronidase, alpha-L"
"Mettl21a",0.155060350582609,0.2808,"1","methyltransferase like 21A"
"Cog6",0.155059406067067,0.0836,"3","component of oligomeric golgi complex 6"
"Pla2g2f",0.155047454229173,0.4356,"4","phospholipase A2, group IIF"
"Naglu",-0.154991069944046,0.29,"11","alpha-N-acetylglucosaminidase (Sanfilippo disease IIIB)"
"Tuba8",-0.154890528638023,0.6016,"6","tubulin, alpha 8"
"2300009A05Rik",0.154871098583946,0.2612,"9","RIKEN cDNA 2300009A05 gene"
"Mapk15",-0.15485804017663,0.6604,"15","mitogen-activated protein kinase 15"
"Rsbn1l",0.154834200574067,0.254,"5","round spermatid basic protein 1-like"
"Anp32a",0.154748340470739,0.0624,"9","acidic (leucine-rich) nuclear phosphoprotein 32 family, member A"
"Grem1",-0.154663733242101,0.8728,"2","gremlin 1, DAN family BMP antagonist"
"Nop56",0.154624118912306,0.2032,"2","NOP56 ribonucleoprotein"
"Ppp1r14b",0.154618558970371,0.3576,"19","protein phosphatase 1, regulatory inhibitor subunit 14B"
"Psma4",0.154596613972504,0.0108,"9","proteasome subunit alpha 4"
"Them4",0.154566773228053,0.08,"3","thioesterase superfamily member 4"
"Lims2",-0.154486232772403,0.3784,"18","LIM and senescent cell antigen like domains 2"
"H6pd",-0.154483941088624,0.3944,"4","hexose-6-phosphate dehydrogenase (glucose 1-dehydrogenase)"
"Zfat",0.154464520163465,0.2024,"15","zinc finger and AT hook domain containing"
"0610010K14Rik",0.154433162909437,0.3596,"11","RIKEN cDNA 0610010K14 gene"
"Slc26a10",0.154419509932588,0.5576,"10","solute carrier family 26, member 10"
"Nrip2",0.154380800457406,0.24,"6","nuclear receptor interacting protein 2"
"Il6st",-0.154348248094586,0.1936,"13","interleukin 6 signal transducer"
"Nt5c",0.154199499713163,0.2276,"11","5',3'-nucleotidase, cytosolic"
"Trmt44",0.154158490314232,0.3504,"5","tRNA methyltransferase 44"
"Cyb561d1",0.154158200207759,0.064,"3","cytochrome b-561 domain containing 1"
"Marchf1",-0.154155132054595,0.4716,"8","membrane associated ring-CH-type finger 1"
"Ehd4",-0.154096198487106,0.384,"2","EH-domain containing 4"
"F8a",0.15401076918507,0.3896,"X","factor 8-associated gene A"
"Lhfp",-0.153960285155928,0.2384,"3","lipoma HMGIC fusion partner"
"Pdss2",0.153943290684013,0.1592,"10","prenyl (solanesyl) diphosphate synthase, subunit 2"
"1110017D15Rik",-0.153923708502243,0.5724,"4","RIKEN cDNA 1110017D15 gene"
"Fam174b",-0.153893507021749,0.1464,"7","family with sequence similarity 174, member B"
"Aspdh",-0.153890629716398,0.4916,"7","aspartate dehydrogenase domain containing"
"Tbkbp1",0.153839358557593,0.2988,"11","TBK1 binding protein 1"
"Tgfbr1",-0.153781408890036,0.4852,"4","transforming growth factor, beta receptor I"
"C1qa",-0.153665663885456,0.55,"4","complement component 1, q subcomponent, alpha polypeptide"
"Ginm1",0.153630325904583,0.2176,"10","glycoprotein integral membrane 1"
"Mre11a",0.153595393693374,0.1668,"9","MRE11A homolog A, double strand break repair nuclease"
"Ubb",0.153543271536121,0.3404,"11","ubiquitin B"
"Zfr2",0.153530844836757,0.4232,"10","zinc finger RNA binding protein 2"
"Pcmtd2",0.153497991486799,0.2124,"2","protein-L-isoaspartate (D-aspartate) O-methyltransferase domain containing 2"
"Ddit3",0.15346979990182,0.2928,"10","DNA-damage inducible transcript 3"
"Il18",0.153448431304663,0.1156,"9","interleukin 18"
"Nnt",-0.153378268471425,0.2516,"13","nicotinamide nucleotide transhydrogenase"
"Zfp946",0.153370757615558,0.276,"17","zinc finger protein 946"
"Flot1",0.153360594318398,0.1864,"17","flotillin 1"
"Zfp653",0.153321112872967,0.4252,"9","zinc finger protein 653"
"Psenen",0.153305822440252,0.4648,"7","presenilin enhancer gamma secretase subunit"
"U2surp",0.153271333202396,0.2152,"9","U2 snRNP-associated SURP domain containing"
"Eya1",0.153261820361257,0.042,"1","EYA transcriptional coactivator and phosphatase 1"
"Fam83d",-0.15323993918492,0.6124,"2","family with sequence similarity 83, member D"
"D130043K22Rik",-0.153210305793341,0.4324,"13","RIKEN cDNA D130043K22 gene"
"Mageh1",0.153133516497985,0.1,"X","MAGE family member H1"
"Meg3",0.153107583117814,0.7744,"12","maternally expressed 3"
"Tlcd5",0.153070165727931,0.3408,"9","TLC domain containing 5"
"Klf12",-0.153038211855396,0.5232,"14","Kruppel-like factor 12"
"Amy1",0.153006719777563,0.5384,"3","amylase 1, salivary"
"Thap3",0.152910361073203,0.3996,"4","THAP domain containing, apoptosis associated protein 3"
"Aldh16a1",0.152895528516447,0.48,"7","aldehyde dehydrogenase 16 family, member A1"
"Nol12",0.152891610928238,0.384,"15","nucleolar protein 12"
"Arhgef1",0.152881298696975,0.5816,"7","Rho guanine nucleotide exchange factor (GEF) 1"
"Fancm",0.152860716596901,0.462,"12","Fanconi anemia, complementation group M"
"Vmn2r29",0.152859704850756,0.2652,"7","vomeronasal 2, receptor 29"
"Zfp948",0.152798426994904,0.3864,"17","zinc finger protein 948"
"Abca8b",0.152727653874173,0.5228,"11","ATP-binding cassette, sub-family A (ABC1), member 8b"
"Recql4",0.152651777766989,0.7308,"15","RecQ protein-like 4"
"Naprt",0.152602977685655,0.2576,"15","nicotinate phosphoribosyltransferase"
"Slc30a5",0.152562800566848,0.0984,"13","solute carrier family 30 (zinc transporter), member 5"
"Gstm5",0.152507173714679,0.3544,"3","glutathione S-transferase, mu 5"
"Kif20a",0.152468141367106,0.2708,"18","kinesin family member 20A"
"Prxl2a",0.152458227047752,0.2256,"14","peroxiredoxin like 2A"
"Ntng1",0.152354526129617,0.1576,"3","netrin G1"
"Nbdy",0.15232916780593,0.3064,"X","negative regulator of P-body association"
"Akap6",-0.152322963846427,0.3268,"12","A kinase (PRKA) anchor protein 6"
"Prkcq",-0.15230986194039,0.6316,"2","protein kinase C, theta"
"Fcgr3",-0.152297091501399,0.6828,"1","Fc receptor, IgG, low affinity III"
"S100a16",0.152249377008789,0.332,"3","S100 calcium binding protein A16"
"Uros",0.152211131011903,0.3524,"7","uroporphyrinogen III synthase"
"Gpsm1",0.152201157416645,0.26,"2","G-protein signalling modulator 1 (AGS3-like, C. elegans)"
"Pwwp2b",-0.152139204497908,0.3356,"7","PWWP domain containing 2B"
"Pde4d",-0.152136487944104,0.2704,"13","phosphodiesterase 4D, cAMP specific"
"Bche",-0.152107916591571,0.6232,"3","butyrylcholinesterase"
"Disp1",-0.152092699433148,0.5404,"1","dispatched RND transporter family member 1"
"Foxred1",0.152089270346189,0.2512,"9","FAD-dependent oxidoreductase domain containing 1"
"Zdhhc4",0.15198629875947,0.1104,"5","zinc finger, DHHC domain containing 4"
"Simc1",0.15196245787748,0.3344,"13","SUMO-interacting motifs containing 1"
"Zfp207",0.15195978883307,0.3688,"11","zinc finger protein 207"
"Nhlrc2",-0.151928686965566,0.6532,"19","NHL repeat containing 2"
"Hyal1",-0.151918475146343,0.516,"9","hyaluronoglucosaminidase 1"
"Carmil3",0.1517550771214,0.5884,"14","capping protein regulator and myosin 1 linker 3"
"Tdrp",-0.151729499746657,0.1924,"8","testis development related protein"
"Mtcl1",0.151709402492755,0.5108,"17","microtubule crosslinking factor 1"
"Wnt7a",0.151603551302268,0.514,"6","wingless-type MMTV integration site family, member 7A"
"Mrps9",0.151595570860212,0.0708,"1","mitochondrial ribosomal protein S9"
"Dusp14",0.151481637357309,0.2732,"11","dual specificity phosphatase 14"
"Oxld1",0.151478588107693,0.4328,"11","oxidoreductase like domain containing 1"
"Rita1",0.151444994782306,0.2184,"5","RBPJ interacting and tubulin associated 1"
"Kif9",0.151442632445544,0.6184,"9","kinesin family member 9"
"Gatb",0.151402214091708,0.198,"3","glutamyl-tRNA(Gln) amidotransferase, subunit B"
"Slco1c1",-0.15140128191531,0.406,"6","solute carrier organic anion transporter family, member 1c1"
"Zc3h12b",-0.15131842659525,0.5496,"X","zinc finger CCCH-type containing 12B"
"Fyco1",0.151212323441587,0.6244,"9","FYVE and coiled-coil domain containing 1"
"Apeh",0.151193787602837,0.108,"9","acylpeptide hydrolase"
"Hebp1",0.151192486354613,0.274,"6","heme binding protein 1"
"Ptges3",0.15108616966989,0.2124,"10","prostaglandin E synthase 3"
"Rgs11",0.151044285164102,0.6028,"17","regulator of G-protein signaling 11"
"Dnajc17",0.151042020999483,0.2588,"2","DnaJ heat shock protein family (Hsp40) member C17"
"Tmem216",0.15100670719906,0.482,"19","transmembrane protein 216"
"Jade2",-0.150933901807392,0.0596,"11","jade family PHD finger 2"
"Kcnj2",-0.150929242794351,0.166,"11","potassium inwardly-rectifying channel, subfamily J, member 2"
"Slc6a13",-0.150849697653654,0.6828,"6","solute carrier family 6 (neurotransmitter transporter, GABA), member 13"
"Git1",0.150837432463245,0.414,"11","GIT ArfGAP 1"
"H2-T24",-0.150835777855634,0.7456,"17","histocompatibility 2, T region locus 24"
"Mfsd2a",0.150823795373455,0.2652,"4","major facilitator superfamily domain containing 2A"
"Stat6",-0.150795744858215,0.5036,"10","signal transducer and activator of transcription 6"
"Ston1",-0.150793012996775,0.4508,"17","stonin 1"
"Creb3l1",-0.150789228241362,0.4668,"2","cAMP responsive element binding protein 3-like 1"
"Ostf1",-0.150777662955971,0.346,"19","osteoclast stimulating factor 1"
"Lzts2",-0.150744271588175,0.578,"19","leucine zipper, putative tumor suppressor 2"
"Ell2",-0.150724308483218,0.1636,"13","elongation factor for RNA polymerase II 2"
"Car11",0.150704699355257,0.4808,"7","carbonic anhydrase 11"
"Bub1b",0.15065880765191,0.7972,"2","BUB1B, mitotic checkpoint serine/threonine kinase"
"Lsm3",0.150658157212899,0.3436,"6","LSM3 homolog, U6 small nuclear RNA and mRNA degradation associated"
"Fam185a",-0.150644701754072,0.0676,"5","family with sequence similarity 185, member A"
"Cflar",-0.150643235941303,0.2564,"1","CASP8 and FADD-like apoptosis regulator"
"Fgf5",0.150595749325689,0.5276,"5","fibroblast growth factor 5"
"Cep63",0.150578720995698,0.2008,"9","centrosomal protein 63"
"Plekhg2",-0.150571737118291,0.5612,"7","pleckstrin homology domain containing, family G (with RhoGef domain) member 2"
"Lurap1l",0.150476444880292,0.3592,"4","leucine rich adaptor protein 1-like"
"Cul4a",-0.150472326753119,0.2684,"8","cullin 4A"
"Svil",-0.150446066607632,0.0716,"18","supervillin"
"Zswim3",-0.15042349661978,0.2024,"2","zinc finger SWIM-type containing 3"
"Epha7",0.150382396666069,0.0796,"4","Eph receptor A7"
"Bex1",0.150349128757861,0.4216,"X","brain expressed X-linked 1"
"Sf3b1",0.150332171386981,0.3976,"1","splicing factor 3b, subunit 1"
"Ssb",0.150258867463503,0.218,"2","small RNA binding exonuclease protection factor La"
"Tnks",-0.150248179252169,0.5404,"8","tankyrase, TRF1-interacting ankyrin-related ADP-ribose polymerase"
"Gmppa",0.150246795014149,0.3624,"1","GDP-mannose pyrophosphorylase A"
"Amn1",-0.15023482880082,0.402,"6","antagonist of mitotic exit network 1"
"Cux2",-0.150230790291904,0.2624,"5","cut-like homeobox 2"
"Mdm1",0.150141197843899,0.666,"10","transformed mouse 3T3 cell double minute 1"
"Ank1",-0.150125640471605,0.354,"8","ankyrin 1, erythroid"
"Sytl5",-0.150031550108976,0.372,"X","synaptotagmin-like 5"
"Apol8",0.150010403333502,0.5188,"15","apolipoprotein L 8"
"Qpct",0.149956120454268,0.5792,"17","glutaminyl-peptide cyclotransferase (glutaminyl cyclase)"
"Uba5",0.149947806513075,0.0148,"9","ubiquitin-like modifier activating enzyme 5"
"Ppp1r1a",0.149937795321809,0.458,"15","protein phosphatase 1, regulatory inhibitor subunit 1A"
"9330102E08Rik",0.149905380513914,0.2844,"6","RIKEN cDNA 9330102E08 gene"
"Pxylp1",0.149888463874608,0.0908,"9","2-phosphoxylose phosphatase 1"
"Terf1",0.149785592709279,0.4312,"1","telomeric repeat binding factor 1"
"Sra1",0.149747772756813,0.1104,"18","steroid receptor RNA activator 1"
"Zfp945",0.149638526858776,0.6624,"17","zinc finger protein 945"
"Id1",-0.149595740495782,0.594,"2","inhibitor of DNA binding 1, HLH protein"
"S100b",0.149582301994269,0.384,"10","S100 protein, beta polypeptide, neural"
"Naa40",0.149510095921549,0.4088,"19","N(alpha)-acetyltransferase 40, NatD catalytic subunit"
"Ankrd34b",-0.149470559715542,0.416,"13","ankyrin repeat domain 34B"
"Zfp160",0.149406143496057,0.448,"17","zinc finger protein 160"
"1700086L19Rik",0.149348097931763,0.4256,"12","RIKEN cDNA 1700086L19 gene"
"Kirrel",-0.149331817366981,0.4068,"3","kirre like nephrin family adhesion molecule 1"
"Nfkb1",0.149323111079478,0.2644,"3","nuclear factor of kappa light polypeptide gene enhancer in B cells 1, p105"
"Tma7",0.149189134494498,0.43,"9","translational machinery associated 7"
"Tma7",0.149189134494498,0.43,"9","translational machinery associated 7"
"Vwa5b2",0.149181454362266,0.5196,"16","von Willebrand factor A domain containing 5B2"
"Timm44",0.149148697152639,0.2488,"8","translocase of inner mitochondrial membrane 44"
"Phlda1",-0.149070221482049,0.1372,"10","pleckstrin homology like domain, family A, member 1"
"Ago4",0.149037869378354,0.3316,"4","argonaute RISC catalytic subunit 4"
"Arrb2",0.149006331377402,0.1752,"11","arrestin, beta 2"
"Med27",0.148885448570929,0.5084,"2","mediator complex subunit 27"
"Adamtsl5",0.148855102609397,0.4564,"10","ADAMTS-like 5"
"Sp3os",0.14883958173269,0.1668,"2","trans-acting transcription factor 3, opposite strand"
"AU022252",-0.148831781469921,0.2124,"4","expressed sequence AU022252"
"Slc7a10",0.148793649507643,0.6176,"7","solute carrier family 7 (cationic amino acid transporter, y+ system), member 10"
"Stk36",0.148751686470392,0.6888,"1","serine/threonine kinase 36"
"Sbno2",0.148745752513941,0.5548,"10","strawberry notch 2"
"Ptpmt1",0.148650628114336,0.3072,"2","protein tyrosine phosphatase, mitochondrial 1"
"Zfp507",-0.148605841505359,0.4028,"7","zinc finger protein 507"
"Rbm17",0.14859005179168,0.0208,"2","RNA binding motif protein 17"
"Camk2n1",0.148589283147595,0.2808,"4","calcium/calmodulin-dependent protein kinase II inhibitor 1"
"Srsf3",0.148561320161636,0.044,"17","serine and arginine-rich splicing factor 3"
"Sall1",-0.148553237965277,0.272,"8","spalt like transcription factor 1"
"Fastkd1",0.148520887354447,0.348,"2","FAST kinase domains 1"
"Rfng",0.148479781923432,0.2296,"11","RFNG O-fucosylpeptide 3-beta-N-acetylglucosaminyltransferase"
"Crym",-0.148397509404131,0.3996,"7","crystallin, mu"
"Dzip1",0.148344326749711,0.4844,"14","DAZ interacting protein 1"
"Mrpl45",0.148291061270328,0.1752,"11","mitochondrial ribosomal protein L45"
"Skp2",0.148256223310427,0.5512,"15","S-phase kinase-associated protein 2"
"Eln",-0.148255299795456,0.5624,"5","elastin"
"Psma5",0.1482496534221,0.1784,"3","proteasome subunit alpha 5"
"Aup1",0.148245378124339,0.352,"6","ancient ubiquitous protein 1"
"Mtr",-0.148208155025284,0.6624,"13","5-methyltetrahydrofolate-homocysteine methyltransferase"
"Vwa1",-0.148177426135143,0.322,"4","von Willebrand factor A domain containing 1"
"Apcdd1",-0.148169050585033,0.1968,"18","adenomatosis polyposis coli down-regulated 1"
"Pik3r4",-0.148162832568793,0.0108,"9","phosphoinositide-3-kinase regulatory subunit 4"
"Nalcn",-0.14813464784714,0.3856,"14","sodium leak channel, non-selective"
"Wdr6",-0.148118992050126,0.106,"9","WD repeat domain 6"
"Tmem181a",-0.148089950008819,0.4128,"17","transmembrane protein 181A"
"Gm14827",0.148068691973966,0.6944,"X","predicted gene 14827"
"Izumo4",0.148033629710282,0.2636,"10","IZUMO family member 4"
"Medag",0.14797374528896,0.5964,"5","mesenteric estrogen dependent adipogenesis"
"Wdfy2",-0.147911995851002,0.674,"14","WD repeat and FYVE domain containing 2"
"Uevld",0.1479026546467,0.464,"7","UEV and lactate/malate dehyrogenase domains"
"Arv1",0.147844542945667,0.4712,"8","ARV1 homolog, fatty acid homeostasis modulator"
"Amacr",0.147726451263564,0.5292,"15","alpha-methylacyl-CoA racemase"
"Sec22a",-0.147705042638291,0.0864,"16","SEC22 homolog A, vesicle trafficking protein"
"Tigar",-0.147703533947077,0.1656,"6","Trp53 induced glycolysis regulatory phosphatase"
"Hif3a",-0.147681428495761,0.7148,"7","hypoxia inducible factor 3, alpha subunit"
"Mcm6",0.147674439181285,0.1348,"1","minichromosome maintenance complex component 6"
"Rpl10",0.14767402036207,0.3224,"X","ribosomal protein L10"
"Rrnad1",0.147635386113664,0.4576,"3","ribosomal RNA adenine dimethylase domain containing 1"
"Hddc3",0.147584854631345,0.258,"7","HD domain containing 3"
"Pdp2",0.147560785716486,0.2588,"8","pyruvate dehydrogenase phosphatase catalytic subunit 2"
"9430015G10Rik",0.147529975639833,0.3488,"4","RIKEN cDNA 9430015G10 gene"
"Gm5124",-0.147528674958252,0.4048,"X","predicted pseudogene 5124"
"Cryl1",-0.147485209613914,0.2664,"14","crystallin, lambda 1"
"Parp12",-0.14740105172137,0.2936,"6","poly (ADP-ribose) polymerase family, member 12"
"Dnah5",-0.147398014765343,0.4436,"15","dynein, axonemal, heavy chain 5"
"Gab2",-0.147359247293688,0.3416,"7","growth factor receptor bound protein 2-associated protein 2"
"Kitl",-0.147343886049604,0.3964,"10","kit ligand"
"Cdk4",0.147288037815248,0.1336,"10","cyclin-dependent kinase 4"
"Grin3a",-0.147283944944056,0.2564,"4","glutamate receptor ionotropic, NMDA3A"
"Brms1",0.147147372886818,0.18,"19","breast cancer metastasis-suppressor 1"
"Pdgfra",-0.147145749608714,0.4608,"5","platelet derived growth factor receptor, alpha polypeptide"
"Cyp1b1",-0.147062095204961,0.6332,"17","cytochrome P450, family 1, subfamily b, polypeptide 1"
"Gpr25",0.147047144463955,0.4804,"1","G protein-coupled receptor 25"
"Tmem179b",-0.14704418765886,0.4104,"19","transmembrane protein 179B"
"Trim13",-0.146978169923088,0.4268,"14","tripartite motif-containing 13"
"Nfrkb",0.14696178789834,0.428,"9","nuclear factor related to kappa B binding protein"
"Dynlrb1",0.146938968504587,0.4116,"2","dynein light chain roadblock-type 1"
"Xkr6",0.146901251792484,0.7244,"14","X-linked Kx blood group related 6"
"Slc6a17",-0.146891539626102,0.0588,"3","solute carrier family 6 (neurotransmitter transporter), member 17"
"Malt1",0.146843902662768,0.726,"18","MALT1 paracaspase"
"Vgf",-0.146794708926806,0.2052,"5","VGF nerve growth factor inducible"
"Jagn1",0.146791391450894,0.216,"6","jagunal homolog 1"
"Tmem145",0.146628872098932,0.534,"7","transmembrane protein 145"
"Banp",0.146621464051782,0.1664,"8","BTG3 associated nuclear protein"
"Fnbp1l",-0.146444836232877,0.5804,"3","formin binding protein 1-like"
"Hypk",0.146434965873016,0.308,"2","huntingtin interacting protein K"
"Dcun1d5",0.146434944328135,0.1264,"9","DCN1, defective in cullin neddylation 1, domain containing 5 (S. cerevisiae)"
"Klhl32",0.146399452379753,0.4396,"4","kelch-like 32"
"Ccdc153",-0.146387964353957,0.6932,"9","coiled-coil domain containing 153"
"Firre",0.146351945032127,0.6232,"X","functional intergenic repeating RNA element"
"Flywch2",0.14635041796392,0.5604,"17","FLYWCH family member 2"
"Rps6ka1",-0.146316530931639,0.2888,"4","ribosomal protein S6 kinase polypeptide 1"
"Pakap",-0.146279786078196,0.3564,"4","paralemmin A kinase anchor protein"
"Pakap",-0.146279786078196,0.3564,"4","paralemmin A kinase anchor protein"
"Pakap",-0.146279786078196,0.3564,"4","paralemmin A kinase anchor protein"
"Dpm3",0.146259876632635,0.3376,"3","dolichyl-phosphate mannosyltransferase polypeptide 3"
"Ccdc177",-0.146245856166457,0.258,"12","coiled-coil domain containing 177"
"Resf1",-0.146243214460247,0.3064,"6","retroelement silencing factor 1"
"Gpr17",-0.146232671587561,0.3556,"18","G protein-coupled receptor 17"
"Taf12",0.146229173780395,0.1952,"4","TATA-box binding protein associated factor 12"
"Cyp27a1",0.14612981786782,0.5464,"1","cytochrome P450, family 27, subfamily a, polypeptide 1"
"Oaf",0.146106434309298,0.314,"9","out at first homolog"
"1700016K19Rik",-0.14609973265749,0.6388,"11","RIKEN cDNA 1700016K19 gene"
"Maml1",-0.146061455885985,0.2488,"11","mastermind like transcriptional coactivator 1"
"Clic1",-0.145997348186111,0.6132,"17","chloride intracellular channel 1"
"Zfp954",0.145914736549575,0.1544,"7","zinc finger protein 954"
"Selenbp1",-0.14591354927395,0.37,"3","selenium binding protein 1"
"Stag1",0.145901710068773,0.3704,"9","stromal antigen 1"
"Ltbp1",0.145830017899981,0.2312,"17","latent transforming growth factor beta binding protein 1"
"Lxn",0.145811245281032,0.1636,"3","latexin"
"Rad1",0.145739704850826,0.508,"15","RAD1 checkpoint DNA exonuclease"
"Npy1r",0.145712668046965,0.2148,"8","neuropeptide Y receptor Y1"
"Marchf7",0.145706576302343,0.5056,"2","membrane associated ring-CH-type finger 7"
"Chka",0.145682772626231,0.24,"19","choline kinase alpha"
"Gas6",-0.145632609198747,0.3856,"8","growth arrest specific 6"
"Slk",-0.145614890091892,0.2844,"19","STE20-like kinase"
"Scn2a",-0.145587526356673,0.2864,"2","sodium channel, voltage-gated, type II, alpha"
"Mlx",0.145583665801416,0.1292,"11","MAX-like protein X"
"Cpsf1",0.145564883125905,0.4492,"15","cleavage and polyadenylation specific factor 1"
"Ddb1",-0.145558615354904,0.1336,"19","damage specific DNA binding protein 1"
"Mthfd2l",0.145536803761918,0.3172,"5","methylenetetrahydrofolate dehydrogenase (NADP+ dependent) 2-like"
"Pxmp2",0.145439643180756,0.3188,"5","peroxisomal membrane protein 2"
"Fam184a",0.145407319306402,0.3924,"10","family with sequence similarity 184, member A"
"Gmip",0.145388341065385,0.6292,"8","Gem-interacting protein"
"1700030J22Rik",-0.14538698298281,0.4576,"8","RIKEN cDNA 1700030J22 gene"
"Bmpr1b",0.145318040005079,0.1576,"3","bone morphogenetic protein receptor, type 1B"
"Bbip1",0.145246866631031,0.0548,"19","BBSome interacting protein 1"
"Apaf1",-0.145165734495707,0.2568,"10","apoptotic peptidase activating factor 1"
"9130401M01Rik",0.145137746029211,0.256,"15","RIKEN cDNA 9130401M01 gene"
"Rps21",0.14510116955228,0.3864,"2","ribosomal protein S21"
"Mrpl42",0.145082022070144,0.264,"10","mitochondrial ribosomal protein L42"
"Ndufs8",0.145049487497707,0.4304,"19","NADH:ubiquinone oxidoreductase core subunit S8"
"Cox7c",0.145039906817053,0.424,"13","cytochrome c oxidase subunit 7C"
"Thnsl2",0.144999982476994,0.4956,"6","threonine synthase-like 2 (bacterial)"
"Trp53",0.144947028053171,0.0316,"11","transformation related protein 53"
"Cttnbp2",0.144881308513753,0.4452,"6","cortactin binding protein 2"
"Rundc3a",0.144845766076079,0.2148,"11","RUN domain containing 3A"
"Armc6",-0.14482908396007,0.3068,"8","armadillo repeat containing 6"
"Col5a3",0.144782238724816,0.6928,"9","collagen, type V, alpha 3"
"4833420G17Rik",0.144774419268708,0.3252,"13","RIKEN cDNA 4833420G17 gene"
"Gm14410",0.144736379204539,0.5136,"2","predicted gene 14410"
"Lamp5",0.144692342149733,0.3716,"2","lysosomal-associated membrane protein family, member 5"
"Ap1m1",0.14468832446676,0.1036,"8","adaptor-related protein complex AP-1, mu subunit 1"
"Utp20",0.144632551583462,0.4224,"10","UTP20 small subunit processome component"
"Nek4",0.144601645422595,0.1456,"14","NIMA (never in mitosis gene a)-related expressed kinase 4"
"Rps19bp1",0.14455280140464,0.284,"15","ribosomal protein S19 binding protein 1"
"Bhlhb9",0.144520826297827,0.2772,"X","basic helix-loop-helix domain containing, class B9"
"Tmem117",-0.144484560061329,0.5216,"15","transmembrane protein 117"
"Rogdi",0.144462143036867,0.2484,"16","rogdi homolog"
"Gid8",0.144441742330836,0.0604,"2","GID complex subunit 8"
"Amotl1",-0.144366663175544,0.1764,"9","angiomotin-like 1"
"Ptp4a1",0.144314154229262,0.3872,"1","protein tyrosine phosphatase 4a1"
"Ptp4a1",0.144314154229262,0.3872,"1","protein tyrosine phosphatase 4a1"
"Acbd6",0.14430953155055,0.2332,"1","acyl-Coenzyme A binding domain containing 6"
"Timm9",0.144256898641241,0.368,"12","translocase of inner mitochondrial membrane 9"
"Med7",0.144256677156694,0.0776,"11","mediator complex subunit 7"
"Rps2",0.144250904080089,0.4428,"17","ribosomal protein S2"
"Ogt",0.144215526945382,0.5008,"X","O-linked N-acetylglucosamine (GlcNAc) transferase (UDP-N-acetylglucosamine:polypeptide-N-acetylglucosaminyl transferase)"
"Shfl",0.144169525899492,0.482,"9","shiftless antiviral inhibitor of ribosomal frameshifting"
"Pmpcb",0.144150686615339,0.034,"5","peptidase (mitochondrial processing) beta"
"Mok",0.144065682421505,0.3176,"12","MOK protein kinase"
"Sds",0.143770621024066,0.6416,"5","serine dehydratase"
"Itpkc",-0.143745602461958,0.2664,"7","inositol 1,4,5-trisphosphate 3-kinase C"
"Hnrnpa3",0.143722704769027,0.1552,"2","heterogeneous nuclear ribonucleoprotein A3"
"Zscan26",0.143691623463482,0.4368,"13","zinc finger and SCAN domain containing 26"
"Acta1",0.143617530699911,0.554,"8","actin alpha 1, skeletal muscle"
"Gpc6",-0.143600641730522,0.2924,"14","glypican 6"
"Frmpd1",0.143557939663392,0.2764,"4","FERM and PDZ domain containing 1"
"Pcdh17",-0.143550818197592,0.398,"14","protocadherin 17"
"Chrm3",-0.14348402348396,0.5216,"13","cholinergic receptor, muscarinic 3, cardiac"
"Peli3",-0.143423227597414,0.0508,"19","pellino 3"
"Lrsam1",-0.143416594915053,0.0888,"2","leucine rich repeat and sterile alpha motif containing 1"
"Crls1",0.143411770253031,0.2408,"2","cardiolipin synthase 1"
"Slc35f5",-0.143342179484188,0.2732,"1","solute carrier family 35, member F5"
"2810013P06Rik",0.143180304990657,0.0692,"8","RIKEN cDNA 2810013P06 gene"
"Elovl1",0.143095718401088,0.3492,"4","elongation of very long chain fatty acids (FEN1/Elo2, SUR4/Elo3, yeast)-like 1"
"Man1a",-0.143093155606578,0.5116,"10","mannosidase 1, alpha"
"Dlx1",-0.143050510787583,0.2068,"2","distal-less homeobox 1"
"Erbb4",-0.143043778613511,0.3964,"1","erb-b2 receptor tyrosine kinase 4"
"Hsd17b10",0.143023032692396,0.3016,"X","hydroxysteroid (17-beta) dehydrogenase 10"
"Khnyn",0.14298996789692,0.3052,"14","KH and NYN domain containing"
"Srsf7",0.142973256916096,0.244,"17","serine and arginine-rich splicing factor 7"
"Efemp1",-0.142933869624099,0.6112,"11","epidermal growth factor-containing fibulin-like extracellular matrix protein 1"
"Cntnap5c",0.142921067534098,0.7852,"17","contactin associated protein-like 5C"
"Pgghg",-0.142858989463822,0.4096,"7","protein glucosylgalactosylhydroxylysine glucosidase"
"Dscam",-0.14282589073959,0.3016,"16","DS cell adhesion molecule"
"Cars",0.142813903501144,0.2212,"7","cysteinyl-tRNA synthetase"
"Necab2",-0.142804715843621,0.5024,"8","N-terminal EF-hand calcium binding protein 2"
"Trappc13",0.142728028088016,0.0136,"13","trafficking protein particle complex 13"
"Taf5",0.142665743653935,0.1944,"19","TATA-box binding protein associated factor 5"
"Mtrr",0.142633709001637,0.1256,"13","5-methyltetrahydrofolate-homocysteine methyltransferase reductase"
"Myo5a",-0.142614191350908,0.3348,"9","myosin VA"
"Ccdc13",-0.142606837970394,0.3336,"9","coiled-coil domain containing 13"
"Sstr1",-0.14254376494646,0.438,"12","somatostatin receptor 1"
"Ankrd10",0.142542208655439,0.5124,"8","ankyrin repeat domain 10"
"Smim26",0.142512058261617,0.4492,"2","small integral membrane protein 26"
"Inha",0.142446824466178,0.6044,"1","inhibin alpha"
"Tbc1d15",0.142438505933257,0.2624,"10","TBC1 domain family, member 15"
"Mzf1",0.142424477585346,0.3716,"7","myeloid zinc finger 1"
"Tmsb4x",0.14237525049284,0.2076,"X","thymosin, beta 4, X chromosome"
"Pdgfrb",-0.142344532284903,0.3388,"18","platelet derived growth factor receptor, beta polypeptide"
"Adck5",0.142310895273053,0.4488,"15","aarF domain containing kinase 5"
"Stom",-0.142255639471815,0.3664,"2","stomatin"
"Dzip1l",0.142243690265245,0.4888,"9","DAZ interacting protein 1-like"
"Cyp20a1",0.142121311601879,0.2892,"1","cytochrome P450, family 20, subfamily a, polypeptide 1"
"C130026L21Rik",-0.142103164610895,0.428,"5","RIKEN cDNA C130026L21 gene"
"Gm15501",0.142053117078954,0.5176,"7","predicted pseudogene 15501"
"Set",0.142050812556894,0.1128,"2","SET nuclear oncogene"
"Nrarp",0.14202746929787,0.0984,"2","Notch-regulated ankyrin repeat protein"
"Pcdhgb5",-0.142023155812227,0.638,"18","protocadherin gamma subfamily B, 5"
"Ppif",0.142019249850862,0.332,"14","peptidylprolyl isomerase F (cyclophilin F)"
"Atxn1l",-0.142008697974987,0.3344,"8","ataxin 1-like"
"Zfp938",0.141989737921234,0.1076,"10","zinc finger protein 938"
"Gtf2h2",0.141957189282219,0.3204,"13","general transcription factor II H, polypeptide 2"
"Cmtm4",-0.141923217818458,0.1732,"8","CKLF-like MARVEL transmembrane domain containing 4"
"Txlng",0.141906513387992,0.3376,"X","taxilin gamma"
"Tm9sf1",0.141859688527814,0.1544,"14","transmembrane 9 superfamily member 1"
"Thumpd3",0.141823558073937,0.0544,"6","THUMP domain containing 3"
"Dpy19l4",-0.141814901758589,0.5064,"4","dpy-19-like 4 (C. elegans)"
"Rec8",0.141800429860552,0.7368,"14","REC8 meiotic recombination protein"
"Skap2",-0.141708897557534,0.1724,"6","src family associated phosphoprotein 2"
"Psmd12",0.141706321114085,0.0476,"11","proteasome (prosome, macropain) 26S subunit, non-ATPase, 12"
"Bloc1s2",0.141665530620781,0.238,"19","biogenesis of lysosomal organelles complex-1, subunit 2"
"Mtf2",0.141590758440266,0.4676,"5","metal response element binding transcription factor 2"
"Ftsj1",0.141590395654156,0.1956,"X","FtsJ RNA methyltransferase homolog 1 (E. coli)"
"Fkbp5",-0.141575793712398,0.2692,"17","FK506 binding protein 5"
"R3hdm4",0.14157412507967,0.322,"10","R3H domain containing 4"
"Nedd8",0.141544257205298,0.332,"14","neural precursor cell expressed, developmentally down-regulated gene 8"
"Eif2b3",-0.14151740727312,0.1844,"4","eukaryotic translation initiation factor 2B, subunit 3"
"Mapk1ip1",0.141505019929554,0.4912,"7","mitogen-activated protein kinase 1 interacting protein 1"
"Pigc",0.141337321420052,0.1108,"1","phosphatidylinositol glycan anchor biosynthesis, class C"
"Unc79",0.14133687711401,0.4552,"12","unc-79 homolog"
"Tbc1d19",0.141273778944375,0.2132,"5","TBC1 domain family, member 19"
"Ccdc148",-0.141234691144617,0.2272,"2","coiled-coil domain containing 148"
"Kifap3",-0.141201356485627,0.396,"1","kinesin-associated protein 3"
"Tmc4",0.14118388469497,0.702,"7","transmembrane channel-like gene family 4"
"Cebpa",-0.141181975531923,0.4028,"7","CCAAT/enhancer binding protein (C/EBP), alpha"
"Ss18l2",0.141137690578719,0.244,"9","SS18, nBAF chromatin remodeling complex subunit like 2"
"Ubac2",-0.141079900818125,0.2876,"14","ubiquitin associated domain containing 2"
"Slc24a4",-0.141070496387339,0.52,"12","solute carrier family 24 (sodium/potassium/calcium exchanger), member 4"
"Lrrc61",-0.141024274375821,0.2644,"6","leucine rich repeat containing 61"
"Slc2a1",-0.14098180593727,0.4484,"4","solute carrier family 2 (facilitated glucose transporter), member 1"
"Polr2i",0.140960999674828,0.3944,"7","polymerase (RNA) II (DNA directed) polypeptide I"
"Nsmaf",0.140960909507268,0.5008,"4","neutral sphingomyelinase (N-SMase) activation associated factor"
"Angel1",0.140938612318259,0.3824,"12","angel homolog 1"
"Kdm5d",0.140923711648695,0.5408,"Y","lysine (K)-specific demethylase 5D"
"Mrpl51",0.140919740567371,0.234,"6","mitochondrial ribosomal protein L51"
"Lama3",-0.140891090067557,0.7184,"18","laminin, alpha 3"
"Dpf2",0.140829279164817,0.0632,"19","double PHD fingers 2"
"Ttc34",-0.140725934473865,0.4112,"4","tetratricopeptide repeat domain 34"
"Rps25",0.140698492516422,0.2996,"9","ribosomal protein S25"
"Bsg",-0.140677984758707,0.2416,"10","basigin"
"Ctdp1",0.140633450207163,0.0916,"18","CTD (carboxy-terminal domain, RNA polymerase II, polypeptide A) phosphatase, subunit 1"
"Ndufa10",0.140600098683135,0.212,"1","NADH:ubiquinone oxidoreductase subunit A10"
"Myh7b",-0.140534608078249,0.2744,"2","myosin, heavy chain 7B, cardiac muscle, beta"
"Kctd10",-0.140527110428559,0.1564,"5","potassium channel tetramerisation domain containing 10"
"Tcp11l2",0.140526563832877,0.1512,"10","t-complex 11 (mouse) like 2"
"Tial1",0.140507666031324,0.4376,"7","Tia1 cytotoxic granule-associated RNA binding protein-like 1"
"Rnf31",0.140466925639552,0.3596,"14","ring finger protein 31"
"Snx29",-0.14037659237164,0.6044,"16","sorting nexin 29"
"Vps37d",0.14035096711948,0.3572,"5","vacuolar protein sorting 37D"
"Ap2s1",0.140315949961182,0.4756,"7","adaptor-related protein complex 2, sigma 1 subunit"
"Lias",0.140290016581419,0.032,"5","lipoic acid synthetase"
"2810032G03Rik",0.140284007996333,0.3696,"12","RIKEN cDNA 2810032G03 gene"
"Tgs1",0.140254374468685,0.0968,"4","trimethylguanosine synthase 1"
"Ugt8a",-0.140240433162155,0.576,"3","UDP galactosyltransferase 8A"
"Pcdhb16",-0.14021807724634,0.6,"18","protocadherin beta 16"
"Mcrs1",0.140197285416868,0.3228,"15","microspherule protein 1"
"Pitpnb",0.140118427947209,0.1292,"5","phosphatidylinositol transfer protein, beta"
"Zfp273",0.140100045307274,0.2576,"13","zinc finger protein 273"
"Dusp19",-0.140035769911577,0.3284,"2","dual specificity phosphatase 19"
"Plekhf2",-0.139983700624123,0.0824,"4","pleckstrin homology domain containing, family F (with FYVE domain) member 2"
"Qpctl",0.139972663985732,0.0996,"7","glutaminyl-peptide cyclotransferase-like"
"Arhgap18",0.139945041466886,0.5448,"10","Rho GTPase activating protein 18"
"Cwf19l1",0.139922608439596,0.2524,"19","CWF19-like 1, cell cycle control (S. pombe)"
"Aloxe3",0.139918062909833,0.3332,"11","arachidonate lipoxygenase 3"
"Spata5",-0.139818002509434,0.3284,"3","spermatogenesis associated 5"
"Cetn3",0.139773835941427,0.0816,"13","centrin 3"
"Ttf1",-0.139751227948764,0.398,"2","transcription termination factor, RNA polymerase I"
"Nyap2",-0.139664855884568,0.504,"1","neuronal tyrosine-phophorylated phosphoinositide 3-kinase adaptor 2"
"Mcph1",0.139575648752631,0.2928,"8","microcephaly, primary autosomal recessive 1"
"Galnt10",-0.139562116544372,0.4068,"11","polypeptide N-acetylgalactosaminyltransferase 10"
"Mpc2",0.139456740886403,0.2784,"1","mitochondrial pyruvate carrier 2"
"Mrps25",0.139416494041598,0.128,"6","mitochondrial ribosomal protein S25"
"Gls2",0.139376685783705,0.2056,"10","glutaminase 2 (liver, mitochondrial)"
"H1f2",0.139357020473873,0.6844,"13","H1.2 linker histone, cluster member"
"Ppfia2",0.139310301180678,0.198,"10","protein tyrosine phosphatase, receptor type, f polypeptide (PTPRF), interacting protein (liprin), alpha 2"
"Tenm2",-0.13923037726919,0.474,"11","teneurin transmembrane protein 2"
"Ern1",-0.139213780240327,0.7348,"11","endoplasmic reticulum (ER) to nucleus signalling 1"
"Slain2",-0.139152895927399,0.3232,"5","SLAIN motif family, member 2"
"Ppid",0.139065157493792,0.2148,"3","peptidylprolyl isomerase D (cyclophilin D)"
"Prkcd",-0.139035301361013,0.7248,"14","protein kinase C, delta"
"Abcc5",0.13889494497602,0.5548,"16","ATP-binding cassette, sub-family C (CFTR/MRP), member 5"
"Papolg",0.138868564844902,0.3104,"11","poly(A) polymerase gamma"
"Aqp4",0.138868404349358,0.318,"18","aquaporin 4"
"Rpp30",0.138821803821731,0.042,"19","ribonuclease P/MRP 30 subunit"
"Sik1",-0.138810433694446,0.5312,"17","salt inducible kinase 1"
"Ipcef1",0.138787838279502,0.1312,"10","interaction protein for cytohesin exchange factors 1"
"Slc22a8",-0.138779990946944,0.588,"19","solute carrier family 22 (organic anion transporter), member 8"
"Psmd6",0.13875884607189,0.07,"14","proteasome (prosome, macropain) 26S subunit, non-ATPase, 6"
"Icam5",-0.138739570551838,0.3064,"9","intercellular adhesion molecule 5, telencephalin"
"1810030O07Rik",0.138678881808526,0.21,"X","RIKEN cDNA 1810030O07 gene"
"B3gntl1",0.138652220104074,0.4712,"11","UDP-GlcNAc:betaGal beta-1,3-N-acetylglucosaminyltransferase-like 1"
"Capsl",0.138579073817029,0.686,"15","calcyphosine-like"
"Rps17",0.138533532448151,0.3436,"7","ribosomal protein S17"
"Sec13",0.138523411235945,0.1096,"6","SEC13 homolog, nuclear pore and COPII coat complex component"
"Pank4",0.138473083079349,0.2428,"4","pantothenate kinase 4"
"Crebzf",0.138448437999635,0.3956,"7","CREB/ATF bZIP transcription factor"
"Wdr19",0.138442739256766,0.2964,"5","WD repeat domain 19"
"Pan3",0.138404201898996,0.3124,"5","PAN3 poly(A) specific ribonuclease subunit"
"Chmp6",-0.138381114444496,0.4332,"11","charged multivesicular body protein 6"
"3300002P13Rik",0.138365020630651,0.4416,"7","RIKEN cDNA 3300002P13 gene"
"Washc3",0.138296648078004,0.2732,"10","WASH complex subunit 3"
"Rpl4",0.138282726485999,0.228,"9","ribosomal protein L4"
"Kcnh1",-0.13822748095318,0.1584,"1","potassium voltage-gated channel, subfamily H (eag-related), member 1"
"Decr1",0.138199319579165,0.3528,"4","2,4-dienoyl CoA reductase 1, mitochondrial"
"Lin54",-0.138127897531049,0.3528,"5","lin-54 DREAM MuvB core complex component"
"Dcun1d3",-0.138120968584693,0.2524,"7","DCN1, defective in cullin neddylation 1, domain containing 3 (S. cerevisiae)"
"Uckl1",0.137959294333725,0.2312,"2","uridine-cytidine kinase 1-like 1"
"Shisa9",0.137867522807182,0.1204,"16","shisa family member 9"
"Atr",0.137866591158851,0.5736,"9","ataxia telangiectasia and Rad3 related"
"Atp5j2",0.137855933696475,0.5168,"5","ATP synthase, H+ transporting, mitochondrial F0 complex, subunit F2"
"Polr2h",0.137747734586013,0.256,"16","polymerase (RNA) II (DNA directed) polypeptide H"
"Plpp3",0.13770442822241,0.064,"4","phospholipid phosphatase 3"
"Zfp62",0.137643077954376,0.424,"11","zinc finger protein 62"
"Rpl12",0.137538892293582,0.328,"2","ribosomal protein L12"
"Ergic2",0.137500456348499,0.1748,"6","ERGIC and golgi 2"
"Snhg20",0.137453020382908,0.5756,"11","small nucleolar RNA host gene 20"
"Far1",0.137437273573468,0.4076,"7","fatty acyl CoA reductase 1"
"Dmtf1",0.137421082315655,0.4996,"5","cyclin D binding myb like transcription factor 1"
"Tenm4",-0.137336197515406,0.5532,"7","teneurin transmembrane protein 4"
"Bcs1l",0.137327992080109,0.1784,"1","BCS1-like (yeast)"
"Gpr158",-0.137316819081557,0.2936,"2","G protein-coupled receptor 158"
"Hnrnpa1",0.13731287036158,0.5336,"15","heterogeneous nuclear ribonucleoprotein A1"
"Ppp1r32",-0.137246545793594,0.6656,"19","protein phosphatase 1, regulatory subunit 32"
"Cacna1e",-0.136966747177116,0.7292,"1","calcium channel, voltage-dependent, R type, alpha 1E subunit"
"Per1",-0.136940152068244,0.4164,"11","period circadian clock 1"
"A430033K04Rik",0.136869272042659,0.0572,"5","RIKEN cDNA A430033K04 gene"
"Sptlc1",0.136867329857673,0.0124,"13","serine palmitoyltransferase, long chain base subunit 1"
"Gm19500",-0.136847575026806,0.6956,"18","predicted gene, 19500"
"Brca2",0.136813083389068,0.6848,"5","breast cancer 2, early onset"
"Mbtd1",0.136776955939852,0.2948,"11","mbt domain containing 1"
"Cenpc1",0.136632409758569,0.4416,"5","centromere protein C1"
"Ccdc12",0.136620032538436,0.382,"9","coiled-coil domain containing 12"
"Tatdn3",0.136542492630471,0.5892,"1","TatD DNase domain containing 3"
"Chmp2a",0.136500822044375,0.252,"7","charged multivesicular body protein 2A"
"Asxl1",-0.136468511050499,0.3404,"2","ASXL transcriptional regulator 1"
"Asap3",-0.136462991339533,0.698,"4","ArfGAP with SH3 domain, ankyrin repeat and PH domain 3"
"Bbs9",0.136442505215669,0.4008,"9","Bardet-Biedl syndrome 9 (human)"
"Tmem138",0.13641399169018,0.2972,"19","transmembrane protein 138"
"Galntl6",-0.136395439697245,0.6404,"8","UDP-N-acetyl-alpha-D-galactosamine:polypeptide N-acetylgalactosaminyltransferase-like 6"
"Gigyf1",0.136364184669173,0.5752,"5","GRB10 interacting GYF protein 1"
"Pura",-0.136335608767074,0.4676,"18","purine rich element binding protein A"
"Clk3",0.13631678589236,0.2196,"9","CDC-like kinase 3"
"Mapkapk2",-0.136274542338732,0.2464,"1","MAP kinase-activated protein kinase 2"
"Ak7",-0.136258129735861,0.7728,"12","adenylate kinase 7"
"Ninj1",-0.136254407272874,0.5816,"13","ninjurin 1"
"Dxo",0.136243250838266,0.3912,"17","decapping exoribonuclease"
"Smn1",0.136242406823831,0.1928,"13","survival motor neuron 1"
"Snapc4",0.136224205148948,0.568,"2","small nuclear RNA activating complex, polypeptide 4"
"Zfp341",0.136140163818601,0.3108,"2","zinc finger protein 341"
"Afg1l",0.136120730781645,0.1888,"10","AFG1 like ATPase"
"Pamr1",-0.13611038687726,0.6152,"2","peptidase domain containing associated with muscle regeneration 1"
"Hip1",-0.136107591648596,0.308,"5","huntingtin interacting protein 1"
"Sh3gl3",0.13607856417709,0.454,"7","SH3-domain GRB2-like 3"
"Ercc6l2",0.13607781169901,0.3912,"13","excision repair cross-complementing rodent repair deficiency, complementation group 6 like 2"
"Gramd1a",0.136040204901748,0.344,"7","GRAM domain containing 1A"
"4930453N24Rik",0.136000472370654,0.2876,"16","RIKEN cDNA 4930453N24 gene"
"Akap8",0.135940250403077,0.6188,"17","A kinase (PRKA) anchor protein 8"
"Rwdd2a",0.135874261917345,0.466,"9","RWD domain containing 2A"
"Htra3",-0.135854248223859,0.572,"5","HtrA serine peptidase 3"
"Syt12",-0.135853397168861,0.1924,"19","synaptotagmin XII"
"Htr1b",-0.13582814820755,0.6244,"9","5-hydroxytryptamine (serotonin) receptor 1B"
"Gstz1",0.135822057777613,0.288,"12","glutathione transferase zeta 1 (maleylacetoacetate isomerase)"
"Klhl17",0.135790154916329,0.456,"4","kelch-like 17"
"Ano8",0.135729320701417,0.4312,"8","anoctamin 8"
"Lmln",-0.135711171525071,0.57,"16","leishmanolysin-like (metallopeptidase M8 family)"
"Vcpkmt",0.135676748629366,0.2436,"12","valosin containing protein lysine (K) methyltransferase"
"Vip",-0.135616441771668,0.5092,"10","vasoactive intestinal polypeptide"
"Chfr",0.13559561835475,0.3224,"5","checkpoint with forkhead and ring finger domains"
"Tmem39b",0.135532737905871,0.3024,"4","transmembrane protein 39b"
"Tubg2",0.135523665930222,0.2892,"11","tubulin, gamma 2"
"Mynn",0.135501862403221,0.0776,"3","myoneurin"
"Zfp703",-0.135472500358413,0.136,"8","zinc finger protein 703"
"Gsg1l",0.135420391035511,0.336,"7","GSG1-like"
"Tspan12",0.135378697614988,0.364,"6","tetraspanin 12"
"Tmem258",0.135360086380493,0.364,"19","transmembrane protein 258"
"Mat2b",0.135242145822579,0.1428,"11","methionine adenosyltransferase II, beta"
"Klhl21",-0.135241394334722,0.1376,"4","kelch-like 21"
"Cyp4v3",0.135218634665448,0.2724,"8","cytochrome P450, family 4, subfamily v, polypeptide 3"
"Ptov1",0.135212089600936,0.3264,"7","prostate tumor over expressed gene 1"
"Rps3a1",0.135118553044949,0.3016,"3","ribosomal protein S3A1"
"Lman2l",0.135108759241293,0.0404,"1","lectin, mannose-binding 2-like"
"Afg3l2",-0.135088091096608,0.1456,"18","AFG3-like AAA ATPase 2"
"Arxes2",0.135044807490944,0.2492,"X","adipocyte-related X-chromosome expressed sequence 2"
"Cdc40",0.13502023724393,0.1148,"10","cell division cycle 40"
"Xpa",0.135017273816929,0.3164,"4","xeroderma pigmentosum, complementation group A"
"Glra2",0.135009913276678,0.0728,"X","glycine receptor, alpha 2 subunit"
"Nhp2",0.134980149005353,0.4136,"11","NHP2 ribonucleoprotein"
"Fam217b",-0.134966096396901,0.5576,"2","family with sequence similarity 217, member B"
"Dph7",0.13493968723386,0.3256,"2","diphthamine biosynethesis 7"
"Gemin2",0.134926846931767,0.2,"12","gem nuclear organelle associated protein 2"
"Atxn7l1",0.134920679640697,0.1012,"12","ataxin 7-like 1"
"Man2c1",0.13491233328075,0.5536,"9","mannosidase, alpha, class 2C, member 1"
"Zfp488",-0.134895815076071,0.34,"14","zinc finger protein 488"
"Adamts17",0.134831772274225,0.4496,"7","a disintegrin-like and metallopeptidase (reprolysin type) with thrombospondin type 1 motif, 17"
"Fcer1g",0.134772021548991,0.4228,"1","Fc receptor, IgE, high affinity I, gamma polypeptide"
"Dhx37",-0.134738107729516,0.2272,"5","DEAH (Asp-Glu-Ala-His) box polypeptide 37"
"Whamm",0.13471428712306,0.428,"7","WAS protein homolog associated with actin, golgi membranes and microtubules"
"Aopep",0.134713203763646,0.49,"13","aminopeptidase O"
"Gm10516",0.134648436740539,0.5188,"1","predicted gene 10516"
"Rbm33",0.134643875138097,0.706,"5","RNA binding motif protein 33"
"Cers4",0.134611742742839,0.4964,"8","ceramide synthase 4"
"Gm527",0.134608194677675,0.4672,"12","predicted gene 527"
"Cox5a",0.134595381812879,0.3848,"9","cytochrome c oxidase subunit 5A"
"Tmx3",0.134579356957148,0.1952,"18","thioredoxin-related transmembrane protein 3"
"Xylb",0.134557015615816,0.4672,"9","xylulokinase homolog (H. influenzae)"
"AI854703",0.134465052784011,0.1756,"6","expressed sequence AI854703"
"Mag",-0.134457190775139,0.5356,"7","myelin-associated glycoprotein"
"Rab36",0.134422530450496,0.4408,"10","RAB36, member RAS oncogene family"
"Nova1",0.134406155945902,0.1608,"12","NOVA alternative splicing regulator 1"
"1700003M07Rik",0.134374305966524,0.464,"4","RIKEN cDNA 1700003M07 gene"
"Ebf4",0.134368751264776,0.6356,"2","early B cell factor 4"
"2810029C07Rik",0.134365204410805,0.5372,"12","RIKEN cDNA 2810029C07 gene"
"Otud7b",-0.134321563651863,0.4128,"3","OTU domain containing 7B"
"Med29",0.13431306080774,0.5412,"7","mediator complex subunit 29"
"Galnt14",-0.134268934974285,0.0532,"17","polypeptide N-acetylgalactosaminyltransferase 14"
"H2bc6",0.134213655030888,0.5176,"13","H2B clustered histone 6"
"Rbm26",0.134175512965383,0.3552,"14","RNA binding motif protein 26"
"Zc3h11a",0.13415897563673,0.4988,"1","zinc finger CCCH type containing 11A"
"Bmyc",0.134134472711777,0.4724,"2","brain expressed myelocytomatosis oncogene"
"Med23",0.134097809975647,0.3692,"10","mediator complex subunit 23"
"Scfd2",-0.13407636224828,0.1412,"5","Sec1 family domain containing 2"
"Gpr34",-0.134037565997775,0.8144,"X","G protein-coupled receptor 34"
"Adcy3",-0.134035682904849,0.1716,"12","adenylate cyclase 3"
"Sumo1",0.134028049617887,0.1644,"1","small ubiquitin-like modifier 1"
"R74862",0.134010881895593,0.37,"7","expressed sequence R74862"
"Myg1",0.134005514731614,0.3088,"15","melanocyte proliferating gene 1"
"Commd3",0.133961531942185,0.1016,"2","COMM domain containing 3"
"Ppp2r3a",-0.133923303058669,0.41,"9","protein phosphatase 2, regulatory subunit B'', alpha"
"Ptpn12",0.133920504990323,0.2624,"5","protein tyrosine phosphatase, non-receptor type 12"
"Sncaip",0.133911793989665,0.3268,"18","synuclein, alpha interacting protein (synphilin)"
"Trmu",0.13390400278836,0.4168,"15","tRNA 5-methylaminomethyl-2-thiouridylate methyltransferase"
"Oxa1l",0.133899960238584,0.1752,"14","oxidase assembly 1-like"
"Gm9866",-0.133887786366972,0.2648,"12","predicted gene 9866"
"Gm9866",-0.133887786366972,0.2648,"12","predicted gene 9866"
"Mrpl55",0.133875708774118,0.332,"11","mitochondrial ribosomal protein L55"
"Eef1aknmt",-0.133868004297716,0.1756,"1","EEF1A lysine and N-terminal methyltransferase"
"S1pr1",0.133815540431445,0.0728,"3","sphingosine-1-phosphate receptor 1"
"Arhgef19",0.133811281705047,0.36,"4","Rho guanine nucleotide exchange factor (GEF) 19"
"Ldlr",-0.133746096975937,0.3968,"9","low density lipoprotein receptor"
"Samhd1",0.133744830878916,0.0272,"2","SAM domain and HD domain, 1"
"Tm7sf2",0.133738277818877,0.6732,"19","transmembrane 7 superfamily member 2"
"Prdx2",0.133647207608347,0.324,"8","peroxiredoxin 2"
"Enho",0.133631389849842,0.3736,"4","energy homeostasis associated"
"Vasn",-0.13362735785597,0.4128,"16","vasorin"
"Megf8",-0.133574806860261,0.2836,"7","multiple EGF-like-domains 8"
"Lamtor4",0.133548558155552,0.4492,"5","late endosomal/lysosomal adaptor, MAPK and MTOR activator 4"
"Mro",0.13354018878487,0.0532,"18","maestro"
"Slc50a1",0.13348767198661,0.1004,"3","solute carrier family 50 (sugar transporter), member 1"
"Gsn",-0.133473622155861,0.5532,"2","gelsolin"
"Cebpd",0.13341307494275,0.4496,"16","CCAAT/enhancer binding protein (C/EBP), delta"
"Lzts1",-0.133379008118516,0.2768,"8","leucine zipper, putative tumor suppressor 1"
"Tmem128",0.133342710031473,0.1296,"5","transmembrane protein 128"
"Bbs2",0.1333344110272,0.358,"8","Bardet-Biedl syndrome 2 (human)"
"Zbtb34",-0.133326860486791,0.236,"2","zinc finger and BTB domain containing 34"
"Mier2",0.133304416935634,0.226,"10","MIER family member 2"
"Rpsa",0.133260850692869,0.5012,"9","ribosomal protein SA"
"Cfb",0.133242460088374,0.4808,"17","complement factor B"
"Bola2",0.13320760706005,0.5308,"7","bolA-like 2 (E. coli)"
"Gatd1",0.133134415983563,0.3456,"7","glutamine amidotransferase like class 1 domain containing 1"
"Tent2",0.133079500540334,0.222,"13","terminal nucleotidyltransferase 2"
"Adarb2",0.133018096892525,0.3556,"13","adenosine deaminase, RNA-specific, B2"
"Fzd1",0.132994190831884,0.1288,"5","frizzled class receptor 1"
"Dbpht2",0.132976466306264,0.4944,"12","DNA binding protein with his-thr domain"
"Ttc9b",0.132900567603997,0.5132,"7","tetratricopeptide repeat domain 9B"
"Tfb2m",-0.132867542371783,0.2332,"1","transcription factor B2, mitochondrial"
"Phyhipl",0.132820955368943,0.2,"10","phytanoyl-CoA hydroxylase interacting protein-like"
"Phyhipl",0.132820955368943,0.2,"10","phytanoyl-CoA hydroxylase interacting protein-like"
"Slc7a11",-0.132785128480899,0.4924,"3","solute carrier family 7 (cationic amino acid transporter, y+ system), member 11"
"Med20",0.132772898597126,0.3464,"17","mediator complex subunit 20"
"Dcbld1",-0.132696765150599,0.1616,"10","discoidin, CUB  and LCCL domain containing 1"
"Hap1",0.132607754720398,0.4428,"11","huntingtin-associated protein 1"
"Cfdp1",0.132565090086376,0.1576,"8","craniofacial development protein 1"
"AW146154",-0.132527836050397,0.5472,"7","expressed sequence AW146154"
"Nmb",0.132504048072593,0.708,"7","neuromedin B"
"Rps11",0.13245739263567,0.4652,"7","ribosomal protein S11"
"Desi2",0.132412050274288,0.0888,"1","desumoylating isopeptidase 2"
"Serf2",0.1324004940642,0.3676,"2","small EDRK-rich factor 2"
"Trp53i13",-0.132355570254209,0.2628,"11","transformation related protein 53 inducible protein 13"
"Etv5",-0.132345882518118,0.3376,"16","ets variant 5"
"Use1",0.132222752828138,0.41,"8","unconventional SNARE in the ER 1 homolog (S. cerevisiae)"
"Cntn3",0.132219119589429,0.4532,"6","contactin 3"
"Npm1",0.132217963006571,0.1356,"11","nucleophosmin 1"
"D430041D05Rik",-0.132200947715231,0.3712,"2","RIKEN cDNA D430041D05 gene"
"Gtf3c3",-0.132191484451529,0.2044,"1","general transcription factor IIIC, polypeptide 3"
"Cenpm",-0.132179250222292,0.6572,"15","centromere protein M"
"Copz2",-0.13211743164227,0.5224,"11","coatomer protein complex, subunit zeta 2"
"Odr4",0.132010235319643,0.1168,"1","odr4 GPCR localization factor homolog"
"Dusp28",0.131912473297477,0.418,"1","dual specificity phosphatase 28"
"Mettl5",0.131891679610888,0.218,"2","methyltransferase like 5"
"Olfm1",0.131881250087007,0.25,"2","olfactomedin 1"
"Plxna3",0.131850563867493,0.5544,"X","plexin A3"
"Taf6l",0.131829229449938,0.5288,"19","TATA-box binding protein associated factor 6 like"
"Taf6l",0.131829229449938,0.5288,"19","TATA-box binding protein associated factor 6 like"
"Erbb3",-0.131819845036344,0.3664,"10","erb-b2 receptor tyrosine kinase 3"
"Mylk",-0.131808886869851,0.5524,"16","myosin, light polypeptide kinase"
"Ift122",0.131747735391859,0.0856,"6","intraflagellar transport 122"
"Snrnp25",0.131744792045991,0.5344,"11","small nuclear ribonucleoprotein 25 (U11/U12)"
"Rbm24",0.131734392689895,0.1716,"13","RNA binding motif protein 24"
"Taf7",0.13168393313478,0.4216,"18","TATA-box binding protein associated factor 7"
"Ncbp2",0.131613420567887,0.0056,"16","nuclear cap binding protein subunit 2"
"Magef1",0.131606834428992,0.4916,"16","MAGE family member F1"
"Prpf3",0.131578128062772,0.25,"3","pre-mRNA processing factor 3"
"Jrkl",0.131574891701898,0.0168,"9","Jrk-like"
"Cul1",0.131545350389164,0.014,"6","cullin 1"
"Ggcx",0.131410929217706,0.5776,"6","gamma-glutamyl carboxylase"
"Cmya5",-0.131381514094453,0.5448,"13","cardiomyopathy associated 5"
"Rnf166",0.131378237307242,0.29,"8","ring finger protein 166"
"Rbm38",0.131369047217922,0.6664,"2","RNA binding motif protein 38"
"Purg",0.131352326995321,0.3152,"8","purine-rich element binding protein G"
"Eda",-0.131344970328248,0.332,"X","ectodysplasin-A"
"Ppp3ca",0.131341716597484,0.246,"3","protein phosphatase 3, catalytic subunit, alpha isoform"
"Mto1",0.131264800282222,0.1052,"9","mitochondrial tRNA translation optimization 1"
"Ube2j2",0.131258414902884,0.4848,"4","ubiquitin-conjugating enzyme E2J 2"
"Zhx3",-0.131182344884465,0.4628,"2","zinc fingers and homeoboxes 3"
"Mphosph10",0.131132438141378,0.2324,"7","M-phase phosphoprotein 10 (U3 small nucleolar ribonucleoprotein)"
"Abhd3",0.131067314905073,0.2392,"18","abhydrolase domain containing 3"
"Tln1",-0.131064001762248,0.296,"4","talin 1"
"Cyp26b1",-0.131003624725967,0.7752,"6","cytochrome P450, family 26, subfamily b, polypeptide 1"
"Vps16",0.1309899763842,0.1676,"2","VSP16 CORVET/HOPS core subunit"
"Camk1g",-0.130940123845728,0.2792,"1","calcium/calmodulin-dependent protein kinase I gamma"
"Tia1",0.130893375465086,0.5524,"6","cytotoxic granule-associated RNA binding protein 1"
"Magee2",0.130787932507582,0,"X","MAGE family member E2"
"Med10",0.130771573916757,0.378,"13","mediator complex subunit 10"
"Sec11a",0.130735907896084,0.3192,"7","SEC11 homolog A, signal peptidase complex subunit"
"Serpine2",0.130733711759954,0.2016,"1","serine (or cysteine) peptidase inhibitor, clade E, member 2"
"Prss12",-0.130681051819521,0.474,"3","protease, serine 12 neurotrypsin (motopsin)"
"Cntnap5b",0.130674834687369,0.336,"1","contactin associated protein-like 5B"
"Shpk",-0.130602568738431,0.3216,"11","sedoheptulokinase"
"Bcan",0.130582624150275,0.4704,"3","brevican"
"D630003M21Rik",-0.130556861727953,0.6232,"2","RIKEN cDNA D630003M21 gene"
"Wdr74",0.130426097000475,0.3232,"19","WD repeat domain 74"
"Clk2",0.130425678123597,0.4708,"3","CDC-like kinase 2"
"Wrn",0.130404583062587,0.7264,"8","Werner syndrome RecQ like helicase"
"Mtx1",0.130305272409893,0.2484,"3","metaxin 1"
"Chd7",0.13030224888453,0.3404,"4","chromodomain helicase DNA binding protein 7"
"Brd9",0.130270010708416,0.4968,"13","bromodomain containing 9"
"Mavs",-0.130223049196301,0.4116,"2","mitochondrial antiviral signaling protein"
"Nfatc3",0.130221030995623,0.3484,"8","nuclear factor of activated T cells, cytoplasmic, calcineurin dependent 3"
"Josd2",0.13021211661208,0.4228,"7","Josephin domain containing 2"
"Maip1",0.13017941811326,0.1916,"1","matrix AAA peptidase interacting protein 1"
"Dnajc15",0.13010576059587,0.3848,"14","DnaJ heat shock protein family (Hsp40) member C15"
"Cenpv",0.130085000682874,0.2828,"11","centromere protein V"
"Tyw5",0.13007290208433,0.2972,"1","tRNA-yW synthesizing protein 5"
"Samd14",-0.130041645462089,0.2768,"11","sterile alpha motif domain containing 14"
"Msto1",0.13003042207966,0.2732,"3","misato 1, mitochondrial distribution and morphology regulator"
"Hps5",0.129971824737892,0.5304,"7","HPS5, biogenesis of lysosomal organelles complex 2 subunit 2"
"Epb41",0.129959409538444,0.3864,"4","erythrocyte membrane protein band 4.1"
"Itpr1",-0.12993692374183,0.5288,"6","inositol 1,4,5-trisphosphate receptor 1"
"Gnpnat1",0.129907789599824,0.1268,"14","glucosamine-phosphate N-acetyltransferase 1"
"Zbtb48",0.129888823903978,0.4292,"4","zinc finger and BTB domain containing 48"
"Zfp575",0.129876301467817,0.4652,"7","zinc finger protein 575"
"Reps2",-0.129869332146834,0.4844,"X","RALBP1 associated Eps domain containing protein 2"
"Clta",0.129864273796655,0.3048,"4","clathrin, light polypeptide (Lca)"
"Riok1",0.129832548944692,0.2352,"13","RIO kinase 1"
"Gm5089",0.129809820130574,0.498,"14","predicted gene 5089"
"BC034090",0.129713294875312,0.6192,"1","cDNA sequence BC034090"
"Gprasp2",0.129712144187649,0.4476,"X","G protein-coupled receptor associated sorting protein 2"
"Rcn2",0.129706715862068,0.2332,"9","reticulocalbin 2"
"Fam204a",-0.129670814425348,0.2072,"19","family with sequence similarity 204, member A"
"Fnbp4",0.129668242409173,0.6208,"2","formin binding protein 4"
"Arap3",-0.129660659093095,0.4896,"18","ArfGAP with RhoGAP domain, ankyrin repeat and PH domain 3"
"Snx33",-0.129660183637103,0.3764,"9","sorting nexin 33"
"Dpm2",0.129647296346421,0.3248,"2","dolichol-phosphate (beta-D) mannosyltransferase 2"
"Rpl7",0.129626801075851,0.2752,"1","ribosomal protein L7"
"Fam181b",0.129605984386742,0.4636,"7","family with sequence similarity 181, member B"
"Casp2",0.129580956710394,0.2976,"6","caspase 2"
"Zfp672",0.129563874696534,0.2536,"11","zinc finger protein 672"
"Kri1",0.129562669643338,0.42,"9","KRI1 homolog"
"Sufu",-0.129561613100346,0.0288,"19","SUFU negative regulator of hedgehog signaling"
"Suox",0.129559763161501,0.358,"10","sulfite oxidase"
"Pcsk4",0.129555690920125,0.542,"10","proprotein convertase subtilisin/kexin type 4"
"Morc4",0.129493807893799,0.784,"X","microrchidia 4"
"Zfp422",0.129439742313374,0.0728,"6","zinc finger protein 422"
"Ankra2",0.129417029808565,0.2296,"13","ankyrin repeat, family A (RFXANK-like), 2"
"Mettl17",0.129397962699398,0.5624,"14","methyltransferase like 17"
"Cnep1r1",0.129307005160223,0.2308,"8","CTD nuclear envelope phosphatase 1 regulatory subunit 1"
"Supt4a",0.129289024294614,0.3108,"11","SPT4A, DSIF elongation factor subunit"
"Rtl8b",0.129287509879709,0.4796,"X","retrotransposon Gag like 8B"
"Pnn",0.129285158374259,0.594,"12","pinin"
"Zcchc9",0.129284451077177,0.2792,"13","zinc finger, CCHC domain containing 9"
"Xpc",-0.129269690668809,0.2548,"6","xeroderma pigmentosum, complementation group C"
"Wdr45",0.129257985837737,0.0892,"X","WD repeat domain 45"
"Mafk",-0.129251017328485,0.31,"5","v-maf musculoaponeurotic fibrosarcoma oncogene family, protein K (avian)"
"Aldob",-0.129214200303435,0.7288,"4","aldolase B, fructose-bisphosphate"
"Fam89b",0.129166497770371,0.3144,"19","family with sequence similarity 89, member B"
"AW554918",-0.129153231128293,0.1168,"18","expressed sequence AW554918"
"Elp5",0.129125952193109,0.3648,"11","elongator acetyltransferase complex subunit 5"
"Med31",0.129071919600238,0.4044,"11","mediator complex subunit 31"
"Pdik1l",0.129046858578557,0.5144,"4","PDLIM1 interacting kinase 1 like"
"Orc4",0.129029199521799,0.1504,"2","origin recognition complex, subunit 4"
"Atoh8",-0.128973787791451,0.5468,"6","atonal bHLH transcription factor 8"
"Cpne6",0.12896651293398,0.0832,"14","copine VI"
"Epb41l4aos",0.128942901994817,0.5744,"18","erythrocyte membrane protein band 4.1 like 4a, opposite strand"
"Plekhh2",0.128927470430868,0.5568,"17","pleckstrin homology domain containing, family H (with MyTH4 domain) member 2"
"Trim12c",-0.128912971853772,0.6668,"7","tripartite motif-containing 12C"
"Plgrkt",0.128774165563066,0.2644,"19","plasminogen receptor, C-terminal lysine transmembrane protein"
"Wnt5a",-0.128762254640334,0.2356,"14","wingless-type MMTV integration site family, member 5A"
"Efr3b",-0.128735295726948,0.204,"12","EFR3 homolog B"
"Trmt112",0.128734175781934,0.3976,"19","tRNA methyltransferase 11-2"
"Nabp1",0.128700139065163,0.4812,"1","nucleic acid binding protein 1"
"Pcdhgb7",-0.12866771373249,0.59,"18","protocadherin gamma subfamily B, 7"
"Bag3",-0.128655966733802,0.5516,"7","BCL2-associated athanogene 3"
"Gpr27",0.128655785977663,0.4544,"6","G protein-coupled receptor 27"
"Nepro",0.128633580929176,0.1312,"16","nucleolus and neural progenitor protein"
"Nktr",0.12863033936044,0.6588,"9","natural killer tumor recognition sequence"
"Lin52",0.128627506596208,0.2444,"12","lin-52 DREAM MuvB core complex component"
"Pts",0.128619242565997,0.2056,"9","6-pyruvoyl-tetrahydropterin synthase"
"Runx1t1",-0.128597334029906,0.4368,"4","RUNX1 translocation partner 1"
"Rasl11a",0.12858080259192,0.626,"5","RAS-like, family 11, member A"
"Celf6",0.128564678452212,0.4228,"9","CUGBP, Elav-like family member 6"
"Rab24",0.128527820307193,0.2156,"13","RAB24, member RAS oncogene family"
"Rps24",0.128510640485299,0.3648,"14","ribosomal protein S24"
"Polr2e",0.128493991940937,0.2648,"10","polymerase (RNA) II (DNA directed) polypeptide E"
"Exosc3",0.128487120435265,0.1288,"4","exosome component 3"
"Mocs1",0.128475466726755,0.2948,"17","molybdenum cofactor synthesis 1"
"Rassf8",-0.128463769130765,0.4232,"6","Ras association (RalGDS/AF-6) domain family (N-terminal) member 8"
"Eif4h",-0.128457515001039,0.2768,"5","eukaryotic translation initiation factor 4H"
"Eny2",0.128451736835738,0.0572,"15","ENY2 transcription and export complex 2 subunit"
"Psmb4",0.128451431865295,0.3864,"3","proteasome (prosome, macropain) subunit, beta type 4"
"Eif2a",0.128439224661684,0.1112,"3","eukaryotic translation initiation factor 2A"
"Oser1",-0.128374443535726,0.2772,"2","oxidative stress responsive serine rich 1"
"Cebpzos",-0.128342011261517,0.4088,"17","CCAAT/enhancer binding protein (C/EBP), zeta, opposite strand"
"Ahsa1",0.128334988213924,0.2388,"12","AHA1, activator of heat shock protein ATPase 1"
"Zfp958",0.128326836653282,0.3696,"8","zinc finger protein 958"
"Celf5",0.128273602871772,0.5636,"10","CUGBP, Elav-like family member 5"
"Srsf2",0.128250424331582,0.0644,"11","serine and arginine-rich splicing factor 2"
"Trap1",0.128090602049344,0.012,"16","TNF receptor-associated protein 1"
"Tfcp2",0.128072980401392,0.1132,"15","transcription factor CP2"
"2810021J22Rik",0.128012007959289,0.3096,"11","RIKEN cDNA 2810021J22 gene"
"Upf3a",0.128003756131124,0.2452,"8","UPF3 regulator of nonsense transcripts homolog A (yeast)"
"Bicc1",-0.127987318593683,0.5016,"10","BicC family RNA binding protein 1"
"Gm4988",0.127931850658378,0.5628,"X","predicted gene 4988"
"Nob1",0.127880268512368,0.1312,"8","NIN1/RPN12 binding protein 1 homolog"
"Amt",0.127825606065159,0.4828,"9","aminomethyltransferase"
"Calcoco1",0.127815923961439,0.2028,"15","calcium binding and coiled coil domain 1"
"Dbx2",0.127814348011513,0.3352,"15","developing brain homeobox 2"
"Tfeb",-0.127754052249817,0.4788,"17","transcription factor EB"
"Chst10",0.127733615967077,0.1588,"1","carbohydrate sulfotransferase 10"
"Mapk11",0.127727575569316,0.308,"15","mitogen-activated protein kinase 11"
"Gramd1c",0.127726795604883,0.6976,"16","GRAM domain containing 1C"
"Nmd3",0.127721324707253,0.42,"3","NMD3 ribosome export adaptor"
"Bag1",0.127710306906367,0.4212,"4","BCL2-associated athanogene 1"
"Myo16",-0.12769645292682,0.1736,"8","myosin XVI"
"Fam107b",-0.127670161545943,0.2904,"2","family with sequence similarity 107, member B"
"Snrnp70",0.127658492512419,0.6384,"7","small nuclear ribonucleoprotein 70 (U1)"
"Slc44a5",0.1276101702447,0.2568,"3","solute carrier family 44, member 5"
"Mknk1",0.127591751608412,0.206,"4","MAP kinase-interacting serine/threonine kinase 1"
"Dnajc2",0.127591309741902,0.21,"5","DnaJ heat shock protein family (Hsp40) member C2"
"Map1lc3b",0.127591166071551,0.3152,"8","microtubule-associated protein 1 light chain 3 beta"
"Fam174c",0.127516766525479,0.5392,"10","family with sequence similarity 174, member C"
"Odf2",0.127515040832179,0.54,"2","outer dense fiber of sperm tails 2"
"Prim1",0.127457325293479,0.5796,"10","DNA primase, p49 subunit"
"Efnb2",-0.127418576278993,0.6072,"8","ephrin B2"
"Faf2",-0.127417564363315,0.2136,"13","Fas associated factor family member 2"
"1300002E11Rik",0.127350583662866,0.3964,"16","RIKEN cDNA 1300002E11 gene"
"Ptprr",-0.127316091507414,0.1788,"10","protein tyrosine phosphatase, receptor type, R"
"Siae",0.127274004832234,0.2064,"9","sialic acid acetylesterase"
"Fbxw17",-0.127272063866162,0.3056,"13","F-box and WD-40 domain protein 17"
"Zfp383",0.127241882658025,0.38,"7","zinc finger protein 383"
"Ift88",-0.12721675241906,0.382,"14","intraflagellar transport 88"
"Manf",0.127197690815387,0.5868,"9","mesencephalic astrocyte-derived neurotrophic factor"
"Dcakd",0.127181246640555,0.408,"11","dephospho-CoA kinase domain containing"
"Galnt17",-0.127161212551552,0.1492,"5","polypeptide N-acetylgalactosaminyltransferase 17"
"Ints11",0.127142639539673,0.2876,"4","integrator complex subunit 11"
"Dclre1a",0.127103480906505,0.6484,"19","DNA cross-link repair 1A"
"Macrod2",-0.127052464045235,0.5236,"2","mono-ADP ribosylhydrolase 2"
"Abhd14a",0.126979885115558,0.2828,"9","abhydrolase domain containing 14A"
"Ttc4",0.126958236483646,0.3564,"4","tetratricopeptide repeat domain 4"
"Esyt3",0.126949874309495,0.7144,"9","extended synaptotagmin-like protein 3"
"Hps3",0.12692206580621,0.4124,"3","HPS3, biogenesis of lysosomal organelles complex 2 subunit 1"
"Yap1",-0.126854336484416,0.1992,"9","yes-associated protein 1"
"Vapa",0.126829377615717,0.154,"17","vesicle-associated membrane protein, associated protein A"
"Susd1",0.126824837163877,0.4244,"4","sushi domain containing 1"
"Id4",0.1267942860375,0.3312,"13","inhibitor of DNA binding 4"
"Dcps",0.12664753339257,0.2672,"9","decapping enzyme, scavenger"
"Hltf",0.126614569235711,0.2332,"3","helicase-like transcription factor"
"Cabyr",-0.126539530027699,0.3688,"18","calcium-binding tyrosine-(Y)-phosphorylation regulated (fibrousheathin 2)"
"Ccdc15",0.126486810752126,0.6308,"9","coiled-coil domain containing 15"
"Zbtb38",-0.126466926394321,0.6084,"9","zinc finger and BTB domain containing 38"
"Snx32",0.12646414537855,0.3876,"19","sorting nexin 32"
"Zkscan7",0.126462453726402,0.6604,"9","zinc finger with KRAB and SCAN domains 7"
"Bud13",-0.126449117032543,0.2272,"9","BUD13 homolog"
"Ephx1",-0.126442788080015,0.4308,"1","epoxide hydrolase 1, microsomal"
"Zfp384",0.126432746945083,0.3576,"6","zinc finger protein 384"
"Rilpl1",0.126354674533665,0.2188,"5","Rab interacting lysosomal protein-like 1"
"Arhgap5",-0.126348247723084,0.574,"12","Rho GTPase activating protein 5"
"Zfp711",0.12633817549432,0.414,"X","zinc finger protein 711"
"Deptor",-0.126334225431883,0.4992,"15","DEP domain containing MTOR-interacting protein"
"Ccnq",0.126304766734784,0.3496,"11","cyclin Q"
"Mllt10",0.12628057522214,0.43,"2","myeloid/lymphoid or mixed-lineage leukemia; translocated to, 10"
"Higd2a",0.126258558491202,0.3504,"13","HIG1 domain family, member 2A"
"Nudcd1",0.126233726355125,0.17,"15","NudC domain containing 1"
"Polr2d",-0.126133060426435,0.186,"18","polymerase (RNA) II (DNA directed) polypeptide D"
"Ddx49",0.126030756931177,0.3112,"8","DEAD box helicase 49"
"Myo7a",-0.125920805910916,0.5624,"7","myosin VIIA"
"Tst",0.125920185258963,0.4792,"15","thiosulfate sulfurtransferase, mitochondrial"
"4933427D14Rik",0.125916442484492,0.5332,"11","RIKEN cDNA 4933427D14 gene"
"4933427D14Rik",0.125916442484492,0.5332,"11","RIKEN cDNA 4933427D14 gene"
"4933427D14Rik",0.125916442484492,0.5332,"11","RIKEN cDNA 4933427D14 gene"
"Klhl11",0.125903105853628,0.1508,"11","kelch-like 11"
"Lrp12",-0.125895341807174,0.3796,"15","low density lipoprotein-related protein 12"
"Srrm1",0.125880063650927,0.6096,"4","serine/arginine repetitive matrix 1"
"Cib1",0.125865927916679,0.5892,"7","calcium and integrin binding 1 (calmyrin)"
"Tmem184c",0.125791596166,0.2292,"8","transmembrane protein 184C"
"A930024E05Rik",-0.125768881505592,0.2772,"5","RIKEN cDNA A930024E05 gene"
"Mex3b",0.125740821579567,0.3704,"7","mex3 RNA binding family member B"
"Chsy3",-0.125725789215078,0.504,"18","chondroitin sulfate synthase 3"
"Ccnd1",-0.125656857999511,0.632,"7","cyclin D1"
"Zfp113",-0.12565294755646,0.3064,"5","zinc finger protein 113"
"Zmynd11",0.125652619352794,0.1556,"13","zinc finger, MYND domain containing 11"
"Ppp1r1b",-0.125650969665998,0.5536,"11","protein phosphatase 1, regulatory inhibitor subunit 1B"
"Trpm3",-0.125584309091237,0.656,"19","transient receptor potential cation channel, subfamily M, member 3"
"Commd4",0.125555019323273,0.3444,"9","COMM domain containing 4"
"Rchy1",0.125551356395437,0.1144,"5","ring finger and CHY zinc finger domain containing 1"
"Cbr4",-0.125508394881389,0.2836,"8","carbonyl reductase 4"
"Adamts20",0.12550045475405,0.6784,"15","a disintegrin-like and metallopeptidase (reprolysin type) with thrombospondin type 1 motif, 20"
"Tiparp",-0.125484676422758,0.512,"3","TCDD-inducible poly(ADP-ribose) polymerase"
"Anapc5",0.125462368964194,0.2244,"5","anaphase-promoting complex subunit 5"
"2310061I04Rik",0.125446046969379,0.1496,"17","RIKEN cDNA 2310061I04 gene"
"Ebpl",0.12541724616717,0.4792,"14","emopamil binding protein-like"
"Dand5",0.125415416664187,0.2012,"8","DAN domain family member 5, BMP antagonist"
"Upp2",-0.125399021299577,0.2584,"2","uridine phosphorylase 2"
"Hps6",0.125237752604544,0.3048,"19","HPS6, biogenesis of lysosomal organelles complex 2 subunit 3"
"Hmbs",0.125227048686819,0.3236,"9","hydroxymethylbilane synthase"
"Tcn2",-0.12522512527744,0.6724,"11","transcobalamin 2"
"Alkbh6",0.125223073854368,0.2396,"7","alkB homolog 6"
"Cnot8",0.125177407502458,0.122,"11","CCR4-NOT transcription complex, subunit 8"
"Ankrd35",-0.125151371244969,0.3688,"3","ankyrin repeat domain 35"
"Serinc5",-0.125076453627148,0.3864,"13","serine incorporator 5"
"Grin2b",-0.12504834195887,0.6688,"6","glutamate receptor, ionotropic, NMDA2B (epsilon 2)"
"Mov10",0.125007986481951,0.6944,"3","Mov10 RISC complex RNA helicase"
"Rpa2",0.125003685111947,0.318,"4","replication protein A2"
"Shc1",-0.124983739180459,0.5004,"3","src homology 2 domain-containing transforming protein C1"
"Sdcbp",0.124942826125812,0.2676,"4","syndecan binding protein"
"Lrfn1",-0.12491586123633,0.0696,"7","leucine rich repeat and fibronectin type III domain containing 1"
"Npr1",-0.124915837479323,0.4704,"3","natriuretic peptide receptor 1"
"Vps13b",-0.124885300301745,0.4976,"15","vacuolar protein sorting 13B"
"Rsl24d1",0.124857179850612,0.3976,"9","ribosomal L24 domain containing 1"
"Ccdc189",0.124799367340708,0.3804,"7","coiled-coil domain containing 189"
"Zc4h2",0.124786313437101,0.1484,"X","zinc finger, C4H2 domain containing"
"Armh4",-0.124771296391744,0.5652,"14","armadillo-like helical domain containing 4"
"Atf7ip",-0.124720584168549,0.4976,"6","activating transcription factor 7 interacting protein"
"Nelfa",0.124718484252961,0.2368,"5","negative elongation factor complex member A, Whsc2"
"Rybp",-0.124707335245985,0.556,"6","RING1 and YY1 binding protein"
"Rybp",-0.124707335245985,0.556,"6","RING1 and YY1 binding protein"
"Gal3st1",0.124689014349463,0.5772,"11","galactose-3-O-sulfotransferase 1"
"Ndrg3",-0.12465412733845,0.3168,"2","N-myc downstream regulated gene 3"
"Etl4",-0.124649664655915,0.3424,"2","enhancer trap locus 4"
"Selenok",0.124641717706314,0.2916,"14","selenoprotein K"
"Tmem127",-0.124623664007338,0.0604,"2","transmembrane protein 127"
"Man2b1",0.124616725649363,0.4496,"8","mannosidase 2, alpha B1"
"Chchd2",0.124604907005865,0.3368,"5","coiled-coil-helix-coiled-coil-helix domain containing 2"
"Kif13b",-0.124596658233943,0.3868,"14","kinesin family member 13B"
"Klhl4",-0.124593014650809,0.4808,"X","kelch-like 4"
"Fam193b",0.124546799786914,0.5832,"13","family with sequence similarity 193, member B"
"Gfpt2",-0.124460464316564,0.524,"11","glutamine fructose-6-phosphate transaminase 2"
"Pak4",0.124396557007041,0.3556,"7","p21 (RAC1) activated kinase 4"
"Ddx6",-0.12438746439572,0.3092,"9","DEAD (Asp-Glu-Ala-Asp) box polypeptide 6"
"Itga8",0.124335381726042,0.5852,"2","integrin alpha 8"
"Lipe",-0.124279486353963,0.4532,"7","lipase, hormone sensitive"
"Phykpl",0.124269485372542,0.534,"11","5-phosphohydroxy-L-lysine phospholyase"
"Ermard",0.124252098002967,0.4884,"17","ER membrane associated RNA degradation"
"Slc30a4",-0.124233059944729,0.284,"2","solute carrier family 30 (zinc transporter), member 4"
"Taf1a",0.124215009412777,0.6108,"1","TATA-box binding protein associated factor, RNA polymerase I, A"
"A830082K12Rik",0.124181793693496,0.3952,"13","RIKEN cDNA A830082K12 gene"
"Cc2d2a",0.124167782813833,0.64,"5","coiled-coil and C2 domain containing 2A"
"Leo1",0.124149335832401,0.366,"9","Leo1, Paf1/RNA polymerase II complex component"
"Zbtb11os1",-0.1240608683502,0.4416,"16","zinc finger and BTB domain containing 11, opposite strand 1"
"Cacna1h",0.124026745939647,0.5856,"17","calcium channel, voltage-dependent, T type, alpha 1H subunit"
"Sulf2",-0.124017176366879,0.4248,"2","sulfatase 2"
"Pllp",-0.123996948649981,0.6296,"8","plasma membrane proteolipid"
"Wdr36",0.123995171853906,0.1752,"18","WD repeat domain 36"
"Plekhd1",-0.123986035774245,0.5588,"12","pleckstrin homology domain containing, family D (with coiled-coil domains) member 1"
"Clstn1",-0.123935430180534,0.1456,"4","calsyntenin 1"
"Dlgap2",-0.123910086728317,0.4128,"8","DLG associated protein 2"
"Hagh",0.123868245734369,0.204,"17","hydroxyacyl glutathione hydrolase"
"Wasf3",-0.12382910426386,0.2708,"5","WASP family, member 3"
"Map3k15",-0.123826019104775,0.7832,"X","mitogen-activated protein kinase kinase kinase 15"
"Plekhh1",-0.123820945838107,0.5264,"12","pleckstrin homology domain containing, family H (with MyTH4 domain) member 1"
"Elob",0.123804356620728,0.5368,"17","elongin B"
"Tchp",0.123795310314845,0.5524,"5","trichoplein, keratin filament binding"
"Prodh",0.123730403129731,0.4564,"16","proline dehydrogenase"
"Abcd4",0.12372572830073,0.3168,"12","ATP-binding cassette, sub-family D (ALD), member 4"
"Dock1",-0.123709405210655,0.2352,"7","dedicator of cytokinesis 1"
"Timm21",0.12370690525597,0.4428,"18","translocase of inner mitochondrial membrane 21"
"Gga2",0.123685415478984,0.32,"7","golgi associated, gamma adaptin ear containing, ARF binding protein 2"
"Lman1",-0.12365037621045,0.0532,"18","lectin, mannose-binding, 1"
"Myo6",-0.123594697568847,0.1508,"9","myosin VI"
"Cit",-0.123579166210766,0.7796,"5","citron"
"Rab2a",0.123573897597709,0.2228,"4","RAB2A, member RAS oncogene family"
"Vps9d1",0.123528098094287,0.3328,"8","VPS9 domain containing 1"
"Cadps",-0.123481192087985,0.4988,"14","Ca2+-dependent secretion activator"
"C77080",-0.123473495868962,0.4796,"4","expressed sequence C77080"
"Metrn",0.123457633142169,0.572,"17","meteorin, glial cell differentiation regulator"
"Rmc1",0.123454390384886,0.1952,"18","regulator of MON1-CCZ1"
"Lrrc20",-0.123454319346656,0.4164,"10","leucine rich repeat containing 20"
"Lonrf3",0.123440277827466,0.1792,"X","LON peptidase N-terminal domain and ring finger 3"
"Crcp",0.123422251253603,0.2068,"5","calcitonin gene-related peptide-receptor component protein"
"Pigu",0.123410860570078,0.2028,"2","phosphatidylinositol glycan anchor biosynthesis, class U"
"Fam107a",0.123376249495154,0.3368,"14","family with sequence similarity 107, member A"
"Ska2",0.123340068436522,0.1288,"11","spindle and kinetochore associated complex subunit 2"
"Hmgn5",0.12332426791628,0.4024,"X","high-mobility group nucleosome binding domain 5"
"Extl3",-0.123309705222801,0.0176,"14","exostosin-like glycosyltransferase 3"
"Ypel3",0.123303669313303,0.3448,"7","yippee like 3"
"Ehd2",-0.12329965083657,0.188,"7","EH-domain containing 2"
"A830082N09Rik",0.123291369615632,0.2568,"10","RIKEN cDNA A830082N09 gene"
"Ube2e3",0.123263077224942,0.1484,"2","ubiquitin-conjugating enzyme E2E 3"
"Slc15a2",0.123247949267917,0.4664,"16","solute carrier family 15 (H+/peptide transporter), member 2"
"Ccdc112",0.123230312992612,0.3664,"18","coiled-coil domain containing 112"
"Hexdc",0.123220676119696,0.4776,"11","hexosaminidase (glycosyl hydrolase family 20, catalytic domain) containing"
"Cops6",0.123124379729592,0.4056,"5","COP9 signalosome subunit 6"
"Pex5l",-0.123121531562384,0.3536,"3","peroxisomal biogenesis factor 5-like"
"Eef2k",-0.123096453523281,0.2208,"7","eukaryotic elongation factor-2 kinase"
"Mbd3",0.12309374904929,0.456,"10","methyl-CpG binding domain protein 3"
"Dhdh",0.123089461799159,0.2728,"7","dihydrodiol dehydrogenase (dimeric)"
"Sspo",0.123065976966826,0.6068,"6","SCO-spondin"
"Afap1",0.123051154604969,0.3248,"5","actin filament associated protein 1"
"Nomo1",-0.123034607140561,0.1896,"7","nodal modulator 1"
"Mthfr",0.123012905238882,0.5604,"4","methylenetetrahydrofolate reductase"
"Shisa7",0.123005028487226,0.6284,"7","shisa family member 7"
"Borcs7",0.122939941658002,0.2188,"19","BLOC-1 related complex subunit 7"
"Nop10",0.122906778367515,0.5356,"2","NOP10 ribonucleoprotein"
"Zfp821",0.122852839313802,0.3668,"8","zinc finger protein 821"
"Acot13",0.122786707795028,0.318,"13","acyl-CoA thioesterase 13"
"Plekho1",0.122786628806025,0.3392,"3","pleckstrin homology domain containing, family O member 1"
"Ppt2",0.12277902845817,0.2164,"17","palmitoyl-protein thioesterase 2"
"Zfp787",0.122778172653056,0.058,"7","zinc finger protein 787"
"Topors",-0.122761555726523,0.3748,"4","topoisomerase I binding, arginine/serine-rich"
"Rrp8",0.122753728008441,0.3148,"7","ribosomal RNA processing 8"
"1700001L19Rik",-0.122727154293495,0.4868,"13","RIKEN cDNA 1700001L19 gene"
"Kctd16",0.122700155021782,0.5888,"18","potassium channel tetramerisation domain containing 16"
"Spcs2",0.122642621300044,0.1276,"7","signal peptidase complex subunit 2 homolog (S. cerevisiae)"
"Hnrnpc",0.12262294326594,0.1404,"14","heterogeneous nuclear ribonucleoprotein C"
"Dnajc19",0.12260955967569,0.2452,"3","DnaJ heat shock protein family (Hsp40) member C19"
"Cxxc1",0.122591934039517,0.4064,"18","CXXC finger 1 (PHD domain)"
"Rexo2",0.122539217165285,0.1776,"9","RNA exonuclease 2"
"Chn1",0.122493263301005,0.2248,"2","chimerin 1"
"Ncoa2",-0.122483978179866,0.3548,"1","nuclear receptor coactivator 2"
"Slc35b2",0.122470536731716,0.4616,"17","solute carrier family 35, member B2"
"Commd1",0.122433735965331,0.2548,"11","COMM domain containing 1"
"Trappc2",0.122428942260128,0.3568,"X","trafficking protein particle complex 2"
"Aim2",-0.122421431802288,0.5252,"1","absent in melanoma 2"
"Bin3",0.122398251442748,0.3672,"14","bridging integrator 3"
"Zfp131",0.122344536990038,0.336,"13","zinc finger protein 131"
"Cstf3",0.122341039544922,0.2712,"2","cleavage stimulation factor, 3' pre-RNA, subunit 3"
"Gpr161",-0.122268451735653,0.6892,"1","G protein-coupled receptor 161"
"Lmcd1",0.122261573789912,0.5356,"6","LIM and cysteine-rich domains 1"
"Tmem147",0.122227639983926,0.3356,"7","transmembrane protein 147"
"Rdx",-0.122215960338107,0.356,"9","radixin"
"Msh2",0.122212803661416,0.15,"17","mutS homolog 2"
"Plekho2",-0.122176368095012,0.2288,"9","pleckstrin homology domain containing, family O member 2"
"Kif27",-0.122157660131586,0.5532,"13","kinesin family member 27"
"Rpl36a",0.122132266077723,0.5272,"X","ribosomal protein L36A"
"Nsg1",-0.122132249157005,0.3224,"5","neuron specific gene family member 1"
"Gne",-0.122125892512202,0.246,"4","glucosamine (UDP-N-acetyl)-2-epimerase/N-acetylmannosamine kinase"
"Asah2",-0.122060635748774,0.5288,"19","N-acylsphingosine amidohydrolase 2"
"Heatr5b",-0.122033825226445,0.3996,"17","HEAT repeat containing 5B"
"Rxra",-0.121996004903496,0.1724,"2","retinoid X receptor alpha"
"Cnih2",0.121947125172319,0.5036,"19","cornichon family AMPA receptor auxiliary protein 2"
"Papss2",0.121921627258614,0.1568,"19","3'-phosphoadenosine 5'-phosphosulfate synthase 2"
"Snapc3",0.121898818326541,0.298,"4","small nuclear RNA activating complex, polypeptide 3"
"Dynll1",0.121888669973982,0.4036,"5","dynein light chain LC8-type 1"
"Rab3b",-0.121886451070071,0.5148,"4","RAB3B, member RAS oncogene family"
"Zc3hav1",-0.121836413842649,0.5328,"6","zinc finger CCCH type, antiviral 1"
"Nrcam",-0.121818331739576,0.3788,"12","neuronal cell adhesion molecule"
"Ugdh",0.121811026108739,0.0872,"5","UDP-glucose dehydrogenase"
"Nudt8",0.121761766228007,0.4424,"19","nudix (nucleoside diphosphate linked moiety X)-type motif 8"
"Sema3d",-0.121753429582457,0.5876,"5","sema domain, immunoglobulin domain (Ig), short basic domain, secreted, (semaphorin) 3D"
"Fcho1",0.121678591450996,0.46,"8","FCH domain only 1"
"Eif2ak3",0.12165580989576,0.1668,"6","eukaryotic translation initiation factor 2 alpha kinase 3"
"Armc9",0.121622116482963,0.3452,"1","armadillo repeat containing 9"
"Asphd1",0.121620986012574,0.5272,"7","aspartate beta-hydroxylase domain containing 1"
"Txndc16",-0.12157526226446,0.2084,"14","thioredoxin domain containing 16"
"Trnau1ap",0.121543823668077,0.3152,"4","tRNA selenocysteine 1 associated protein 1"
"Sfxn1",0.121537472349466,0.078,"13","sideroflexin 1"
"Selenom",0.121532314104988,0.5924,"11","selenoprotein M"
"Rft1",-0.121520461935901,0.316,"14","RFT1 homolog"
"Fgfrl1",0.12151253102896,0.3692,"5","fibroblast growth factor receptor-like 1"
"Ppp1r3c",0.121492995354986,0.142,"19","protein phosphatase 1, regulatory subunit 3C"
"Myh6",0.121461297174986,0.7424,"14","myosin, heavy polypeptide 6, cardiac muscle, alpha"
"Brip1os",-0.121460276181396,0.3476,"11","BRCA1 interacting protein C-terminal helicase 1, opposite strand"
"Camk4",-0.12141226134573,0.3716,"18","calcium/calmodulin-dependent protein kinase IV"
"Frg1",0.121390227933893,0.2708,"8","FSHD region gene 1"
"Alkbh1",-0.121382113733842,0.3704,"12","alkB homolog 1, histone H2A dioxygenase"
"Alkbh1",-0.121382113733842,0.3704,"12","alkB homolog 1, histone H2A dioxygenase"
"Nae1",0.12137799445064,0.144,"8","NEDD8 activating enzyme E1 subunit 1"
"Degs2",0.12136591208522,0.7156,"12","delta(4)-desaturase, sphingolipid 2"
"Zcchc17",0.121335875240469,0.3248,"4","zinc finger, CCHC domain containing 17"
"Hnrnpl",0.121326139048827,0.2888,"7","heterogeneous nuclear ribonucleoprotein L"
"Crppa",0.121323382506775,0.3784,"12","CDP-L-ribitol pyrophosphorylase A"
"Ankrd17",-0.121298821606932,0.4156,"5","ankyrin repeat domain 17"
"Med21",0.12127781979829,0.264,"6","mediator complex subunit 21"
"Mt2",0.121275311211795,0.6644,"8","metallothionein 2"
"1110059G10Rik",0.121248593409044,0.332,"9","RIKEN cDNA 1110059G10 gene"
"Fuom",0.121222355526521,0.4212,"7","fucose mutarotase"
"Clec2l",0.121187563062367,0.364,"6","C-type lectin domain family 2, member L"
"Nsdhl",0.121181488346842,0.0832,"X","NAD(P) dependent steroid dehydrogenase-like"
"Fus",0.121162223233683,0.4704,"7","fused in sarcoma"
"Ddx52",0.121144905517534,0.038,"11","DExD box helicase 52"
"Tent5a",-0.121122848683872,0.5928,"9","terminal nucleotidyltransferase 5A"
"Olfml1",0.121032116930083,0.5388,"7","olfactomedin-like 1"
"Trib1",-0.120994666784063,0.416,"15","tribbles pseudokinase 1"
"Bnip1",0.120984816534992,0.2532,"17","BCL2/adenovirus E1B interacting protein 1"
"Zfp385a",-0.12093522661861,0.2696,"15","zinc finger protein 385A"
"Alg5",0.12088513070985,0.3996,"3","asparagine-linked glycosylation 5 (dolichyl-phosphate beta-glucosyltransferase)"
"Tnc",-0.120871796701326,0.1272,"4","tenascin C"
"Fam50a",0.120864844422385,0.3596,"X","family with sequence similarity 50, member A"
"Esyt2",-0.120855152908026,0.4744,"12","extended synaptotagmin-like protein 2"
"Marveld1",-0.120803924212364,0.352,"19","MARVEL (membrane-associating) domain containing 1"
"Ctdspl",0.120787235709472,0.2976,"9","CTD (carboxy-terminal domain, RNA polymerase II, polypeptide A) small phosphatase-like"
"Ciart",-0.12073997830074,0.4484,"3","circadian associated repressor of transcription"
"Emc4",0.120719913233716,0.3228,"2","ER membrane protein complex subunit 4"
"Tle2",0.120662828017807,0.6404,"10","transducin-like enhancer of split 2"
"Wdr11",-0.120650262349592,0.144,"7","WD repeat domain 11"
"Uqcc2",0.12065010381916,0.4748,"17","ubiquinol-cytochrome c reductase complex assembly factor 2"
"Srgap2",-0.120622077627454,0.1216,"1","SLIT-ROBO Rho GTPase activating protein 2"
"Fhl1",0.120619965436111,0.0688,"X","four and a half LIM domains 1"
"Echdc2",0.120604287433942,0.3896,"4","enoyl Coenzyme A hydratase domain containing 2"
"Syngr1",-0.120570525393045,0.2604,"15","synaptogyrin 1"
"Mns1",0.120564869326016,0.5668,"9","meiosis-specific nuclear structural protein 1"
"Trim39",0.120552832371062,0.4272,"17","tripartite motif-containing 39"
"Pitpnm2",0.120544601462834,0.5476,"5","phosphatidylinositol transfer protein, membrane-associated 2"
"Serpinb8",-0.1205178946566,0.7128,"1","serine (or cysteine) peptidase inhibitor, clade B, member 8"
"Myo5b",-0.120449620003411,0.49,"18","myosin VB"
"Clstn3",-0.120407127748773,0.1644,"6","calsyntenin 3"
"Etv4",0.120346737522146,0.394,"11","ets variant 4"
"Eif3h",0.120333709170486,0.2468,"15","eukaryotic translation initiation factor 3, subunit H"
"Galk2",-0.120292183226927,0.3652,"2","galactokinase 2"
"Axl",0.120276624121991,0.1928,"7","AXL receptor tyrosine kinase"
"Gabra3",-0.120262451164879,0.6644,"X","gamma-aminobutyric acid (GABA) A receptor, subunit alpha 3"
"Cbfb",0.120252550763598,0.2056,"8","core binding factor beta"
"Fn3k",-0.120222404737373,0.2912,"11","fructosamine 3 kinase"
"Parp11",0.12019880458136,0.398,"6","poly (ADP-ribose) polymerase family, member 11"
"Dnajc28",-0.120190101563232,0.402,"16","DnaJ heat shock protein family (Hsp40) member C28"
"Ube2g2",-0.120184504279238,0.3572,"10","ubiquitin-conjugating enzyme E2G 2"
"Yod1",-0.120160655018753,0.7184,"1","YOD1 deubiquitinase"
"Taf1b",0.120144191466445,0.3908,"12","TATA-box binding protein associated factor, RNA polymerase I, B"
"Pde7a",0.12011549423968,0.426,"3","phosphodiesterase 7A"
"Mpnd",0.120107359117011,0.4012,"17","MPN domain containing"
"6720489N17Rik",0.120022781736652,0.3752,"13","RIKEN cDNA 6720489N17 gene"
"Rgs4",-0.120002392654963,0.2952,"1","regulator of G-protein signaling 4"
"Cpsf4",0.119994071861974,0.4464,"5","cleavage and polyadenylation specific factor 4"
"Cnot3",0.119907884317752,0.3184,"7","CCR4-NOT transcription complex, subunit 3"
"Shf",-0.119894170742755,0.3124,"2","Src homology 2 domain containing F"
"Apoo",-0.119885311110858,0.4444,"X","apolipoprotein O"
"Acat2",0.119883358654898,0.2952,"17","acetyl-Coenzyme A acetyltransferase 2"
"Bpnt1",-0.119837679427861,0.4672,"1","3'(2'), 5'-bisphosphate nucleotidase 1"
"Zfp799",0.119811223291099,0.528,"17","zinc finger protein 799"
"Tpra1",0.119798492517619,0.3732,"6","transmembrane protein, adipocyte asscociated 1"
"Stimate",0.119770599921606,0.1508,"14","STIM activating enhancer"
"Rtl5",-0.119762256800978,0.4284,"X","retrotransposon Gag like 5"
"Ssx2ip",-0.119731383999286,0.3528,"3","synovial sarcoma, X 2 interacting protein"
"Relch",0.119720649418324,0.4872,"1","RAB11 binding and LisH domain, coiled-coil and HEAT repeat containing"
"C2cd2",-0.119699190951764,0.4632,"16","C2 calcium-dependent domain containing 2"
"Cluap1",0.11961905415106,0.1056,"16","clusterin associated protein 1"
"Cep152",0.119611795455957,0.6248,"2","centrosomal protein 152"
"Pdgfb",-0.119611027572125,0.1888,"15","platelet derived growth factor, B polypeptide"
"Wdr75",0.119564139352621,0.0432,"1","WD repeat domain 75"
"Ppwd1",0.119553775656391,0.3704,"13","peptidylprolyl isomerase domain and WD repeat containing 1"
"Krit1",0.119501356864763,0.4912,"5","KRIT1, ankyrin repeat containing"
"Acsl3",0.119492938940269,0.3,"1","acyl-CoA synthetase long-chain family member 3"
"Idh3g",0.119470261941048,0.1292,"X","isocitrate dehydrogenase 3 (NAD+), gamma"
"Gns",-0.119449135820686,0.0432,"10","glucosamine (N-acetyl)-6-sulfatase"
"Mtres1",0.119412433258104,0.302,"10","mitochondrial transcription rescue factor 1"
"Jpx",0.119402562431017,0.5368,"X","Jpx transcript, Xist activator (non-protein coding)"
"Slc4a8",-0.119401579430159,0.1948,"15","solute carrier family 4 (anion exchanger), member 8"
"Gm13446",0.119398733365998,0.4888,"2","predicted gene 13446"
"Larp6",-0.11936602403977,0.3908,"9","La ribonucleoprotein 6, translational regulator"
"Unc5c",-0.119360415633338,0.238,"3","unc-5 netrin receptor C"
"Iqcb1",0.119360174820079,0.2988,"16","IQ calmodulin-binding motif containing 1"
"Ubp1",0.119348316006539,0.5072,"9","upstream binding protein 1"
"Csnk1g2",0.119282547863385,0.328,"10","casein kinase 1, gamma 2"
"Zfp862-ps",0.11928234332229,0.4428,"6","zinc finger protein 862, pseudogene"
"H3f3a",0.119276508421015,0.1756,"1","H3.3 histone A"
"Snap25",0.119273746584501,0.3756,"2","synaptosomal-associated protein 25"
"Fgd1",-0.11926821926858,0.1016,"X","FYVE, RhoGEF and PH domain containing 1"
"Ppp4r2",-0.119224551399469,0.5316,"6","protein phosphatase 4, regulatory subunit 2"
"Ikzf5",0.119194630376838,0.2012,"7","IKAROS family zinc finger 5"
"Spats2l",-0.119177951740978,0.2412,"1","spermatogenesis associated, serine-rich 2-like"
"Klc4",0.11916547985856,0.1788,"17","kinesin light chain 4"
"Tmem268",-0.119074436855178,0.3824,"4","transmembrane protein 268"
"Gp1bb",0.119038770872674,0.5876,"16","glycoprotein Ib, beta polypeptide"
"Lsm6",0.119021022321561,0.3232,"8","LSM6 homolog, U6 small nuclear RNA and mRNA degradation associated"
"Rsph9",0.118991428378146,0.4648,"17","radial spoke head 9 homolog (Chlamydomonas)"
"Reln",-0.118990177549482,0.4268,"5","reelin"
"Zgpat",0.118989759123051,0.6724,"2","zinc finger, CCCH-type with G patch domain"
"Dhx38",-0.11897804986602,0.2124,"8","DEAH (Asp-Glu-Ala-His) box polypeptide 38"
"Riox1",-0.118965677220938,0.3732,"12","ribosomal oxygenase 1"
"Bcl7b",0.118960910748856,0.3872,"5","B cell CLL/lymphoma 7B"
"Tmem178b",-0.118931392807263,0.38,"6","transmembrane protein 178B"
"Parp8",0.118857229317769,0.4148,"13","poly (ADP-ribose) polymerase family, member 8"
"Ctsd",-0.118852731052007,0.408,"7","cathepsin D"
"Gng4",-0.118825105031788,0.3628,"13","guanine nucleotide binding protein (G protein), gamma 4"
"Cdc25a",0.11882277003307,0.5924,"9","cell division cycle 25A"
"Prr13",0.118798119907958,0.418,"15","proline rich 13"
"Zfp598",0.118777895432997,0.4728,"17","zinc finger protein 598"
"Garem1",-0.118736768232236,0.6072,"18","GRB2 associated regulator of MAPK1 subtype 1"
"Mrpl14",0.118648838130801,0.4888,"17","mitochondrial ribosomal protein L14"
"Ankrd6",0.118644141745549,0.2744,"4","ankyrin repeat domain 6"
"Slc37a4",0.118607568596653,0.3488,"9","solute carrier family 37 (glucose-6-phosphate transporter), member 4"
"Slc18a2",0.118585776415715,0.144,"19","solute carrier family 18 (vesicular monoamine), member 2"
"Gmnc",0.118490514779727,0.9008,"16","geminin coiled-coil domain containing"
"Zfp619",0.118469545886299,0.4468,"7","zinc finger protein 619"
"E4f1",0.118426493526293,0.5832,"17","E4F transcription factor 1"
"Osgep",0.118425848888021,0.0784,"14","O-sialoglycoprotein endopeptidase"
"9830166K06Rik",0.118400709604525,0.6412,"19","RIKEN cDNA 9830166K06 gene"
"Mrps5",0.118355769580939,0.2224,"2","mitochondrial ribosomal protein S5"
"Brwd1",0.118331485243524,0.48,"16","bromodomain and WD repeat domain containing 1"
"Wdr7",-0.118309752466253,0.4104,"18","WD repeat domain 7"
"Mrpl54",0.118262003948149,0.3708,"10","mitochondrial ribosomal protein L54"
"Sephs2",-0.118254883555172,0.4036,"7","selenophosphate synthetase 2"
"Ewsr1",0.118107046740663,0.502,"11","Ewing sarcoma breakpoint region 1"
"Dpcd",0.118091455347598,0.376,"19","deleted in primary ciliary dyskinesia"
"Chtop",0.118030145871887,0.0532,"3","chromatin target of PRMT1"
"Smarcd2",0.118027643027533,0.5092,"11","SWI/SNF related, matrix associated, actin dependent regulator of chromatin, subfamily d, member 2"
"Cox19",0.118011285425754,0.3596,"5","cytochrome c oxidase assembly protein 19"
"Zfp90",0.118005219129848,0.3836,"8","zinc finger protein 90"
"Wdr83os",0.117997599763386,0.5496,"8","WD repeat domain 83 opposite strand"
"Atf5",-0.117992440555884,0.3572,"7","activating transcription factor 5"
"Sbf2",0.117980779887619,0.4192,"7","SET binding factor 2"
"Rnft1",0.117926132383651,0.4868,"11","ring finger protein, transmembrane 1"
"Gpr37l1",0.117918974666491,0.4512,"1","G protein-coupled receptor 37-like 1"
"Mlh1",0.117918122233108,0.52,"9","mutL homolog 1"
"Natd1",0.117916233032043,0.1476,"11","N-acetyltransferase domain containing 1"
"Pcdhga1",-0.117897134270833,0.6004,"18","protocadherin gamma subfamily A, 1"
"C1qb",-0.117896432487354,0.5428,"4","complement component 1, q subcomponent, beta polypeptide"
"Srek1",0.117895303316238,0.6484,"13","splicing regulatory glutamine/lysine-rich protein 1"
"Tmem123",-0.117864176599435,0.6324,"9","transmembrane protein 123"
"Rnaseh2b",0.117860551336165,0.1732,"14","ribonuclease H2, subunit B"
"Mpst",0.117844807486717,0.4292,"15","mercaptopyruvate sulfurtransferase"
"Ssr4",0.117830556487634,0.26,"X","signal sequence receptor, delta"
"Lsg1",0.117824848381046,0.3908,"16","large 60S subunit nuclear export GTPase 1"
"Rabl6",0.11781389781389,0.146,"2","RAB, member RAS oncogene family-like 6"
"Atpsckmt",-0.117770828448606,0.4352,"15","ATP synthase C subunit lysine N-methyltransferase"
"Nxn",-0.117762847745199,0.6544,"11","nucleoredoxin"
"Smim10l1",0.117756742072009,0.1796,"6","small integral membrane protein 10 like 1"
"Rnf39",0.117755891740904,0.754,"17","ring finger protein 39"
"Ube2d1",0.117753077526053,0.3472,"10","ubiquitin-conjugating enzyme E2D 1"
"Prkrip1",0.117729063143673,0.19,"5","Prkr interacting protein 1 (IL11 inducible)"
"Shb",-0.117705525274637,0.386,"4","src homology 2 domain-containing transforming protein B"
"Stx8",0.117697236256129,0.3772,"11","syntaxin 8"
"Rhof",0.117689352430866,0.3496,"5","ras homolog family member F (in filopodia)"
"Polr1b",0.117682035562766,0.43,"2","polymerase (RNA) I polypeptide B"
"Mob3a",-0.117678160416069,0.42,"10","MOB kinase activator 3A"
"Flcn",0.117659926087184,0.278,"11","folliculin"
"Gng8",0.117657840604494,0.7164,"7","guanine nucleotide binding protein (G protein), gamma 8"
"Krba1",0.117622276141169,0.5452,"6","KRAB-A domain containing 1"
"Ccnl1",0.11757295491147,0.4248,"3","cyclin L1"
"Pih1d1",0.117564404563939,0.478,"7","PIH1 domain containing 1"
"Plxdc1",-0.117542902179646,0.328,"11","plexin domain containing 1"
"Ppil2",0.117530895426325,0.0748,"16","peptidylprolyl isomerase (cyclophilin)-like 2"
"Lrrc8d",-0.117511841327835,0.5044,"5","leucine rich repeat containing 8D"
"Haus2",0.117505505707089,0.1844,"2","HAUS augmin-like complex, subunit 2"
"Caml",0.117501028232521,0.06,"13","calcium modulating ligand"
"Ndufa6",0.117488300927712,0.3336,"15","NADH:ubiquinone oxidoreductase subunit A6"
"Bid",0.117482590756719,0.3832,"6","BH3 interacting domain death agonist"
"Gad2",-0.117463412718007,0.3956,"2","glutamic acid decarboxylase 2"
"Htt",-0.117461480949676,0.2256,"5","huntingtin"
"Rack1",0.11743779965331,0.304,"11","receptor for activated C kinase 1"
"Ess2",-0.117435165579196,0.0396,"16","ess-2 splicing factor"
"Pnrc2",0.117427607391345,0.162,"4","proline-rich nuclear receptor coactivator 2"
"Kcna6",-0.117417468299666,0.4884,"6","potassium voltage-gated channel, shaker-related, subfamily, member 6"
"Nsmce3",0.117412972456237,0.3668,"7","NSE3 homolog, SMC5-SMC6 complex component"
"Tada2a",0.117407631131239,0.3048,"11","transcriptional adaptor 2A"
"Cln6",-0.117399598479664,0.5108,"9","ceroid-lipofuscinosis, neuronal 6"
"Ift80",0.117353790627385,0.3108,"3","intraflagellar transport 80"
"Papola",0.117317393570233,0.2692,"12","poly (A) polymerase alpha"
"Apod",-0.117299029394602,0.708,"16","apolipoprotein D"
"Zswim1",-0.117297672653217,0.1436,"2","zinc finger SWIM-type containing 1"
"Eid2",0.117294008308077,0.3032,"7","EP300 interacting inhibitor of differentiation 2"
"Nr2c2",-0.11718824570247,0.55,"6","nuclear receptor subfamily 2, group C, member 2"
"Slc36a1",-0.117136139545411,0.2384,"11","solute carrier family 36 (proton/amino acid symporter), member 1"
"Rexo4",0.117120313705366,0.2296,"2","REX4, 3'-5' exonuclease"
"Abcb4",0.11711239989243,0.5588,"5","ATP-binding cassette, sub-family B (MDR/TAP), member 4"
"Slc25a35",0.11710775902294,0.348,"11","solute carrier family 25, member 35"
"Wrap53",0.117047599594867,0.3152,"11","WD repeat containing, antisense to Trp53"
"Prepl",-0.117047484955767,0.54,"17","prolyl endopeptidase-like"
"Snx13",-0.117039144911144,0.4892,"12","sorting nexin 13"
"Pcx",-0.116964837548241,0.0492,"19","pyruvate carboxylase"
"Rrp9",0.116937403204688,0.3084,"9","ribosomal RNA processing 9, U3 small nucleolar RNA binding protein"
"Serpinb1a",-0.116912556304935,0.6792,"13","serine (or cysteine) peptidase inhibitor, clade B, member 1a"
"Cpsf6",0.116910300663637,0.3884,"10","cleavage and polyadenylation specific factor 6"
"Gnl2",0.11690838754255,0.4164,"4","guanine nucleotide binding protein-like 2 (nucleolar)"
"Pld1",-0.11690299335403,0.2676,"3","phospholipase D1"
"Opcml",-0.116861943202685,0.5292,"9","opioid binding protein/cell adhesion molecule-like"
"Azi2",0.116813181954694,0.0144,"9","5-azacytidine induced gene 2"
"Gtf3a",-0.116782432299774,0.454,"5","general transcription factor III A"
"Gfm2",0.116780145281513,0.4904,"13","G elongation factor, mitochondrial 2"
"Uchl3",0.116680951876512,0.3328,"14","ubiquitin carboxyl-terminal esterase L3 (ubiquitin thiolesterase)"
"Tmem42",0.116680062922714,0.3916,"9","transmembrane protein 42"
"Setd2",-0.116658763311181,0.3224,"9","SET domain containing 2"
"Cript",0.116658146076071,0.3136,"17","cysteine-rich PDZ-binding protein"
"2610008E11Rik",0.116624364616129,0.5724,"10","RIKEN cDNA 2610008E11 gene"
"Mrps22",0.116617273920244,0.4152,"9","mitochondrial ribosomal protein S22"
"Dbr1",0.116616464278289,0.3484,"9","debranching RNA lariats 1"
"Hook1",0.116600346070285,0.6992,"4","hook microtubule tethering protein 1"
"Ttc21b",0.116583281439504,0.1928,"2","tetratricopeptide repeat domain 21B"
"Noa1",0.116563603005631,0.2552,"5","nitric oxide associated 1"
"Lair1",-0.116547657804695,0.5064,"7","leukocyte-associated Ig-like receptor 1"
"Gcdh",0.116499419312571,0.1596,"8","glutaryl-Coenzyme A dehydrogenase"
"Ntan1",0.116487880986268,0.2928,"16","N-terminal Asn amidase"
"Nipal3",-0.116480745135309,0.096,"4","NIPA-like domain containing 3"
"Mff",0.11645104638564,0.1504,"1","mitochondrial fission factor"
"Gpatch2",-0.116443411971097,0.242,"1","G patch domain containing 2"
"5031425E22Rik",0.116431343182173,0.1908,"5","RIKEN cDNA 5031425E22 gene"
"Elk3",-0.116420782451581,0.2808,"10","ELK3, member of ETS oncogene family"
"Fam20b",-0.116416023595457,0.2924,"1","FAM20B, glycosaminoglycan xylosylkinase"
"Psma2",0.116387118845772,0.4044,"13","proteasome subunit alpha 2"
"Zdhhc12",-0.116342214431608,0.4988,"2","zinc finger, DHHC domain containing 12"
"Glt8d2",0.116326444872558,0.6676,"10","glycosyltransferase 8 domain containing 2"
"Hdac3",0.11631333879812,0.1352,"18","histone deacetylase 3"
"Zfp438",-0.116305786312652,0.3148,"18","zinc finger protein 438"
"Nasp",0.116277933544714,0.356,"4","nuclear autoantigenic sperm protein (histone-binding)"
"Rad51d",-0.116226879290505,0.3584,"11","RAD51 paralog D"
"Katna1",0.116210365649132,0.4744,"10","katanin p60 (ATPase-containing) subunit A1"
"Psmb3",0.116186122671652,0.5404,"11","proteasome (prosome, macropain) subunit, beta type 3"
"Hapln4",-0.116183395477602,0.43,"8","hyaluronan and proteoglycan link protein 4"
"Kcnt2",0.11608668247474,0.59,"1","potassium channel, subfamily T, member 2"
"Cmtm3",0.116082393634359,0.4144,"8","CKLF-like MARVEL transmembrane domain containing 3"
"Nrgn",0.116059750403577,0.5816,"9","neurogranin"
"Ncapd3",0.116045306705452,0.4556,"9","non-SMC condensin II complex, subunit D3"
"Blnk",0.116037844608579,0.4232,"19","B cell linker"
"Cdk16",0.116025586967261,0.1348,"X","cyclin-dependent kinase 16"
"Traf7",0.116011775761415,0.4524,"17","TNF receptor-associated factor 7"
"Carmil2",0.115996889557331,0.5348,"8","capping protein regulator and myosin 1 linker 2"
"Eif4a1",0.115970202388159,0.158,"11","eukaryotic translation initiation factor 4A1"
"Naaa",0.115956641208218,0.2808,"5","N-acylethanolamine acid amidase"
"Ccdc77",0.115926848873585,0.542,"6","coiled-coil domain containing 77"
"Tmem177",0.115921610861312,0.4988,"1","transmembrane protein 177"
"Anxa11",0.115914570595324,0.4524,"14","annexin A11"
"Cetn4",-0.115911996007446,0.3528,"3","centrin 4"
"Yaf2",0.115888021410608,0.3332,"15","YY1 associated factor 2"
"Fam117a",-0.115859229495161,0.4628,"11","family with sequence similarity 117, member A"
"Tardbp",0.115821378037924,0.466,"4","TAR DNA binding protein"
"Lrrtm3",0.115819286844601,0.2616,"10","leucine rich repeat transmembrane neuronal 3"
"Timm10b",0.115796062593494,0.2672,"7","translocase of inner mitochondrial membrane 10B"
"Hapln2",-0.1157844635884,0.6044,"3","hyaluronan and proteoglycan link protein 2"
"Vps18",-0.115754481818072,0.1352,"2","VPS18 CORVET/HOPS core subunit"
"Slc30a2",0.115736527322082,0.56,"4","solute carrier family 30 (zinc transporter), member 2"
"Zfp931",0.115710884996182,0.4512,"2","zinc finger protein 931"
"N4bp2l2",0.115702932766347,0.554,"5","NEDD4 binding protein 2-like 2"
"Ralgapa2",0.115674759165717,0.5968,"2","Ral GTPase activating protein, alpha subunit 2 (catalytic)"
"Bcas2",0.115672646859793,0.128,"3","BCAS2 pre-mRNA processing factor"
"Tnrc6a",0.115671599507863,0.5732,"7","trinucleotide repeat containing 6a"
"Fat4",0.115658587296998,0.5456,"3","FAT atypical cadherin 4"
"Acadm",0.115625030904455,0.1512,"3","acyl-Coenzyme A dehydrogenase, medium chain"
"Nectin1",-0.115596431218272,0.1912,"9","nectin cell adhesion molecule 1"
"Prdm10",0.115576690600509,0.4484,"9","PR domain containing 10"
"Vps33a",-0.115542722609072,0.2872,"5","VPS33A CORVET/HOPS core subunit"
"Smarcal1",-0.115521405831833,0.118,"1","SWI/SNF related matrix associated, actin dependent regulator of chromatin, subfamily a-like 1"
"Trit1",0.115451943907609,0.2888,"4","tRNA isopentenyltransferase 1"
"Vps54",0.115333159729029,0.2632,"11","VPS54 GARP complex subunit"
"Zdhhc5",-0.115313698631991,0.3772,"2","zinc finger, DHHC domain containing 5"
"Ap3m1",0.115298488985874,0.1008,"14","adaptor-related protein complex 3, mu 1 subunit"
"Utp15",0.115285766810076,0.3204,"13","UTP15 small subunit processome component"
"Dmac2l",0.115253034057653,0.268,"12","distal membrane arm assembly complex 2 like"
"Pomt1",0.115250458332525,0.336,"2","protein-O-mannosyltransferase 1"
"Chchd4",-0.115237927114451,0.1724,"6","coiled-coil-helix-coiled-coil-helix domain containing 4"
"Lnx2",-0.115221366794898,0.2212,"5","ligand of numb-protein X 2"
"Scn2b",-0.115162180927284,0.2844,"9","sodium channel, voltage-gated, type II, beta"
"Rps3",0.11514705605023,0.442,"7","ribosomal protein S3"
"Hs6st3",-0.115136452445612,0.8152,"14","heparan sulfate 6-O-sulfotransferase 3"
"Igip",0.115119190050067,0.4896,"18","IgA inducing protein"
"Hdac9",-0.115081084016976,0.342,"12","histone deacetylase 9"
"Pou2f1",0.115066006683717,0.5796,"1","POU domain, class 2, transcription factor 1"
"Rbmx2",-0.115050615294324,0.4844,"X","RNA binding motif protein, X-linked 2"
"Dact2",-0.115008860616585,0.4996,"17","dishevelled-binding antagonist of beta-catenin 2"
"Pcdh10",-0.115004805899347,0.1936,"3","protocadherin 10"
"Ap3s1",0.114989748009931,0.1984,"18","adaptor-related protein complex 3, sigma 1 subunit"
"Zfp961",0.114959853893664,0.1576,"8","zinc finger protein 961"
"Hnrnph3",0.114955828662204,0.3012,"10","heterogeneous nuclear ribonucleoprotein H3"
"Zbtb43",-0.114944503890857,0.2492,"2","zinc finger and BTB domain containing 43"
"Pgm2l1",-0.114939843389994,0.534,"7","phosphoglucomutase 2-like 1"
"Hspa12a",-0.114891237158545,0.4076,"19","heat shock protein 12A"
"Sin3b",0.11487696749193,0.3552,"8","transcriptional regulator, SIN3B (yeast)"
"Tifa",-0.114825945814568,0.5668,"3","TRAF-interacting protein with forkhead-associated domain"
"Mterf2",0.114811513074347,0.188,"10","mitochondrial transcription termination factor 2"
"Sprtn",0.1147670795958,0.5948,"8","SprT-like N-terminal domain"
"Cd276",0.114749908023284,0.3136,"9","CD276 antigen"
"Mycbp",0.114746679485203,0.4928,"4","MYC binding protein"
"Nvl",0.114724413408211,0.7148,"1","nuclear VCP-like"
"Slc30a7",0.114716209626232,0.424,"3","solute carrier family 30 (zinc transporter), member 7"
"Vat1",-0.114710263218388,0.312,"11","vesicle amine transport 1"
"Ctif",-0.114690930089961,0.2588,"18","CBP80/20-dependent translation initiation factor"
"Aldoc",0.11468841940043,0.4328,"11","aldolase C, fructose-bisphosphate"
"Szt2",0.114686372297807,0.6812,"4","SZT2 subunit of KICSTOR complex"
"Cep295",0.114659978736036,0.6132,"9","centrosomal protein 295"
"Mcmbp",0.114648509491824,0.2588,"7","minichromosome maintenance complex binding protein"
"Cpd",-0.114640366326044,0.3644,"11","carboxypeptidase D"
"Dync1li1",-0.114633113985986,0.422,"9","dynein cytoplasmic 1 light intermediate chain 1"
"Rab28",0.114583643979002,0.1184,"5","RAB28, member RAS oncogene family"
"Setbp1",-0.114574665375487,0.64,"18","SET binding protein 1"
"Apbb3",0.114562742643461,0.3932,"18","amyloid beta (A4) precursor protein-binding, family B, member 3"
"1700123O20Rik",0.114551955715768,0.2908,"14","RIKEN cDNA 1700123O20 gene"
"Ovol1",-0.114538020376743,0.6376,"19","ovo like zinc finger 1"
"Dnajc6",-0.114531048845494,0.4652,"4","DnaJ heat shock protein family (Hsp40) member C6"
"Zfp970",0.114520911896737,0.2764,"2","zinc finger protein 970"
"Dnajb6",0.114481444716149,0.3012,"5","DnaJ heat shock protein family (Hsp40) member B6"
"Ryk",0.114481366452031,0.0792,"9","receptor-like tyrosine kinase"
"Synj1",-0.114467646769974,0.4004,"16","synaptojanin 1"
"Dnajc24",0.11446067922746,0.2592,"2","DnaJ heat shock protein family (Hsp40) member C24"
"Appl2",0.11444580095365,0.502,"10","adaptor protein, phosphotyrosine interaction, PH domain and leucine zipper containing 2"
"Psmb5",0.11443464880869,0.5444,"14","proteasome (prosome, macropain) subunit, beta type 5"
"Rcan3",-0.114394295335379,0.0744,"4","regulator of calcineurin 3"
"Fubp1",0.114391199951808,0.5836,"3","far upstream element (FUSE) binding protein 1"
"Slc25a40",0.114355856543858,0.3244,"5","solute carrier family 25, member 40"
"Ap3m2",-0.114333715634093,0.2688,"8","adaptor-related protein complex 3, mu 2 subunit"
"Taf4",0.11431434836554,0.3936,"2","TATA-box binding protein associated factor 4"
"Wdr4",0.114313684206229,0.3884,"17","WD repeat domain 4"
"Tfpt",0.114313481608166,0.476,"7","TCF3 (E2A) fusion partner"
"Slc9a5",0.114306228030078,0.5804,"8","solute carrier family 9 (sodium/hydrogen exchanger), member 5"
"Zfp708",0.11430527889201,0.2108,"13","zinc finger protein 708"
"Catspere2",0.114298772379669,0.7436,"1","cation channel sperm associated auxiliary subunit epsilon 2"
"Tmem25",0.114296160198218,0.1216,"9","transmembrane protein 25"
"Cep126",-0.114287431294536,0.458,"9","centrosomal protein 126"
"Dglucy",0.114239658018819,0.3512,"12","D-glutamate cyclase"
"Mdm2",0.114226870470548,0.2136,"10","transformed mouse 3T3 cell double minute 2"
"Cldn12",-0.114184917695595,0.2332,"5","claudin 12"
"Rhoj",-0.114165873371525,0.6892,"12","ras homolog family member J"
"Slc35d1",0.114107447084979,0.4312,"4","solute carrier family 35 (UDP-glucuronic acid/UDP-N-acetylgalactosamine dual transporter), member D1"
"Atad5",0.114100605637776,0.6788,"11","ATPase family, AAA domain containing 5"
"Arhgap32",-0.114085585242129,0.5176,"9","Rho GTPase activating protein 32"
"Drd5",0.114054244468489,0.4408,"5","dopamine receptor D5"
"Fgf10",-0.114054187575681,0.5656,"13","fibroblast growth factor 10"
"Abcc10",0.114042863188855,0.6616,"17","ATP-binding cassette, sub-family C (CFTR/MRP), member 10"
"Heca",-0.114010276295834,0.5056,"10","hdc homolog, cell cycle regulator"
"Mrps18b",0.114007310740282,0.5168,"17","mitochondrial ribosomal protein S18B"
"Fau",0.113993966090625,0.5488,"19","Finkel-Biskis-Reilly murine sarcoma virus (FBR-MuSV) ubiquitously expressed (fox derived)"
"Kcnj6",-0.113973515896665,0.536,"16","potassium inwardly-rectifying channel, subfamily J, member 6"
"Acer2",-0.113906660225051,0.4644,"4","alkaline ceramidase 2"
"Aldh2",-0.113891875891826,0.3152,"5","aldehyde dehydrogenase 2, mitochondrial"
"Myo1d",-0.113868230243775,0.606,"11","myosin ID"
"Zc3h18",-0.113851543305506,0.1184,"8","zinc finger CCCH-type containing 18"
"Ifi203",0.113842552586947,0.6112,"1","interferon activated gene 203"
"Gstm1",0.113822209750227,0.6376,"3","glutathione S-transferase, mu 1"
"Arpc1b",-0.113775828350206,0.6048,"5","actin related protein 2/3 complex, subunit 1B"
"Notch2",-0.113768206915805,0.5332,"3","notch 2"
"Aph1c",0.113750399485716,0.4904,"9","aph1 homolog C, gamma secretase subunit"
"Ccdc126",0.113700429656379,0.3016,"6","coiled-coil domain containing 126"
"Phkb",0.113695277968421,0.1528,"8","phosphorylase kinase beta"
"Cdhr3",0.113644060934496,0.6224,"12","cadherin-related family member 3"
"Ankib1",-0.11361117986858,0.4508,"5","ankyrin repeat and IBR domain containing 1"
"Smndc1",0.113603008217766,0.1424,"19","survival motor neuron domain containing 1"
"Cct8",0.113566379320797,0.242,"16","chaperonin containing Tcp1, subunit 8 (theta)"
"Atraid",0.113565227255163,0.1836,"5","all-trans retinoic acid induced differentiation factor"
"Tbl1xr1",0.113555446339182,0.128,"3","transducin (beta)-like 1X-linked receptor 1"
"Zmat3",-0.11355162431656,0.1436,"3","zinc finger matrin type 3"
"Pcyt2",0.113542077876364,0.4032,"11","phosphate cytidylyltransferase 2, ethanolamine"
"Pde8b",0.113522231217418,0.0884,"13","phosphodiesterase 8B"
"Pla2g6",0.113519172999855,0.3296,"15","phospholipase A2, group VI"
"Tmem47",0.113518044140896,0.2224,"X","transmembrane protein 47"
"Col27a1",-0.113475871234897,0.8088,"4","collagen, type XXVII, alpha 1"
"Mta3",-0.113447803195092,0.2656,"17","metastasis associated 3"
"Cd151",-0.113402963821827,0.616,"7","CD151 antigen"
"Samd1",0.113388576254382,0.3204,"8","sterile alpha motif domain containing 1"
"5530601H04Rik",0.113360975093866,0.5904,"X","RIKEN cDNA 5530601H04 gene"
"Wars2",-0.113285387636888,0.3328,"3","tryptophanyl tRNA synthetase 2 (mitochondrial)"
"Orai1",-0.113261537259162,0.4556,"5","ORAI calcium release-activated calcium modulator 1"
"Sfn",0.113251221991195,0.7324,"4","stratifin"
"Pnck",0.11324254374883,0.5192,"X","pregnancy upregulated non-ubiquitously expressed CaM kinase"
"Kcnj16",0.113238706840748,0.4256,"11","potassium inwardly-rectifying channel, subfamily J, member 16"
"Atp6v1d",0.11321665345816,0.3392,"12","ATPase, H+ transporting, lysosomal V1 subunit D"
"Alg11",0.113109940859704,0.2184,"8","asparagine-linked glycosylation 11 (alpha-1,2-mannosyltransferase)"
"Rnf26",-0.113101161075313,0.3916,"9","ring finger protein 26"
"Epha5",-0.113089718043013,0.3812,"5","Eph receptor A5"
"Rps5",0.113086731849254,0.5636,"7","ribosomal protein S5"
"Stk24",-0.113080235257591,0.3396,"14","serine/threonine kinase 24"
"Pwp2",0.113061224174749,0.4304,"10","PWP2 periodic tryptophan protein homolog (yeast)"
"Jak1",-0.113002885934621,0.3888,"4","Janus kinase 1"
"Bloc1s3",-0.113001423592077,0.4368,"7","biogenesis of lysosomal organelles complex-1, subunit 3"
"Clcn3",-0.112996320115418,0.438,"8","chloride channel, voltage-sensitive 3"
"Sorbs3",-0.112978926220229,0.5032,"14","sorbin and SH3 domain containing 3"
"Stip1",0.112972741576302,0.43,"19","stress-induced phosphoprotein 1"
"Wnt9a",0.112959045016086,0.6068,"11","wingless-type MMTV integration site family, member 9A"
"Zfp141",0.112914920295775,0.34,"7","zinc finger protein 141"
"Atp5c1",0.112890321745195,0.3248,"2","ATP synthase, H+ transporting, mitochondrial F1 complex, gamma polypeptide 1"
"C230072F16Rik",0.112883346785264,0.82,"17","RIKEN cDNA C230072F16 gene"
"Hexa",0.112852563490051,0.0688,"9","hexosaminidase A"
"Car12",-0.112845060729704,0.5144,"9","carbonic anhydrase 12"
"Gabarap",0.11281519522619,0.5528,"11","gamma-aminobutyric acid receptor associated protein"
"Arid3b",0.112776623978809,0.6128,"9","AT rich interactive domain 3B (BRIGHT-like)"
"Map3k1",-0.112766770742697,0.596,"13","mitogen-activated protein kinase kinase kinase 1"
"Tspyl2",0.112765939197045,0.2704,"X","TSPY-like 2"
"Ccng2",0.112759295036505,0.2908,"5","cyclin G2"
"Slc4a2",-0.112711676139052,0.5984,"5","solute carrier family 4 (anion exchanger), member 2"
"Phb2",0.112664109950619,0.308,"6","prohibitin 2"
"Trim36",-0.112636061981877,0.4196,"18","tripartite motif-containing 36"
"Rnf2",0.112561167865342,0.2276,"1","ring finger protein 2"
"Pdcd10",0.112546763819345,0.3864,"3","programmed cell death 10"
"Abcb10",0.112522365568402,0.0452,"8","ATP-binding cassette, sub-family B (MDR/TAP), member 10"
"Rc3h1",-0.112517600989455,0.2352,"1","RING CCCH (C3H) domains 1"
"Mis18a",0.112516379988696,0.466,"16","MIS18 kinetochore protein A"
"Zfp661",0.112498550693774,0.3196,"2","zinc finger protein 661"
"Tfap4",-0.112488845827453,0.53,"16","transcription factor AP4"
"Psma6",0.112482822467461,0.3512,"12","proteasome subunit alpha 6"
"Hivep1",-0.112448947468163,0.3108,"13","human immunodeficiency virus type I enhancer binding protein 1"
"St8sia2",-0.112426308843864,0.3996,"7","ST8 alpha-N-acetyl-neuraminide alpha-2,8-sialyltransferase 2"
"Ubn2",0.11240319539475,0.7148,"6","ubinuclein 2"
"Gm15663",0.112397923716908,0.4568,"10","predicted gene 15663"
"Matn2",-0.112329409666229,0.3876,"15","matrilin 2"
"R3hdm1",0.112326510599491,0.5988,"1","R3H domain containing 1"
"Mcur1",0.112258424630251,0.1172,"13","mitochondrial calcium uniporter regulator 1"
"Mrpl19",0.112245581700576,0.2584,"6","mitochondrial ribosomal protein L19"
"Rgs19",0.11222558677332,0.37,"2","regulator of G-protein signaling 19"
"Igdcc4",0.112203647711838,0.2492,"9","immunoglobulin superfamily, DCC subclass, member 4"
"Mrpl21",0.112188625049923,0.318,"19","mitochondrial ribosomal protein L21"
"Nolc1",-0.112164935595366,0.2064,"19","nucleolar and coiled-body phosphoprotein 1"
"Sertad3",0.112129703210613,0.586,"7","SERTA domain containing 3"
"Cav1",-0.112065883794659,0.5644,"6","caveolin 1, caveolae protein"
"Prmt1",0.112027168114547,0.3972,"7","protein arginine N-methyltransferase 1"
"Nsun6",-0.111997736276575,0.2684,"2","NOL1/NOP2/Sun domain family member 6"
"Zfp212",-0.111995570037507,0.304,"6","Zinc finger protein 212"
"Tmem115",-0.111919011876959,0.4976,"9","transmembrane protein 115"
"Nck1",0.111897996447123,0.4344,"9","non-catalytic region of tyrosine kinase adaptor protein 1"
"Megf11",0.111863360268316,0.376,"9","multiple EGF-like-domains 11"
"Rnf32",0.111853907710906,0.532,"5","ring finger protein 32"
"Gm5914",0.111779635482689,0.7816,"8","predicted gene 5914"
"Alox8",0.111746394251008,0.6052,"11","arachidonate 8-lipoxygenase"
"Unc93b1",-0.111735908244694,0.4252,"19","unc-93 homolog B1, TLR signaling regulator"
"Hspa14",0.111730540680283,0.1656,"2","heat shock protein 14"
"Ankrd63",-0.111723646683582,0.5328,"2","ankyrin repeat domain 63"
"Wwtr1",0.111712144904315,0.2252,"3","WW domain containing transcription regulator 1"
"Aasdhppt",0.111541265337644,0.13,"9","aminoadipate-semialdehyde dehydrogenase-phosphopantetheinyl transferase"
"Alkbh7",-0.111540086195771,0.6632,"17","alkB homolog 7"
"Gtf2b",0.111539472561537,0.338,"3","general transcription factor IIB"
"Tjp2",-0.111537518884199,0.4328,"19","tight junction protein 2"
"Ntpcr",0.111521861789314,0.4848,"8","nucleoside-triphosphatase, cancer-related"
"Slc7a1",-0.111464537713672,0.3568,"5","solute carrier family 7 (cationic amino acid transporter, y+ system), member 1"
"Castor2",-0.111409067746565,0.3828,"5","cytosolic arginine sensor for mTORC1 subunit 2"
"Ten1",0.111361944232466,0.4084,"11","TEN1 telomerase capping complex subunit"
"Tars2",0.111356990557507,0.4208,"3","threonyl-tRNA synthetase 2, mitochondrial (putative)"
"Syngr2",-0.11112340511828,0.6256,"11","synaptogyrin 2"
"Rab12",0.11112130960358,0.3528,"17","RAB12, member RAS oncogene family"
"Gabrd",0.11110425550482,0.626,"4","gamma-aminobutyric acid (GABA) A receptor, subunit delta"
"Zfp445",0.111102213941646,0.65,"9","zinc finger protein 445"
"2210408F21Rik",-0.111097784969044,0.3264,"6","RIKEN cDNA 2210408F21 gene"
"Zc3hc1",0.111068477187689,0.3888,"6","zinc finger, C3HC type 1"
"S100a10",0.111068157724364,0.5664,"3","S100 calcium binding protein A10 (calpactin)"
"P2ry12",-0.111056613305676,0.7436,"3","purinergic receptor P2Y, G-protein coupled 12"
"B3gat2",-0.111052209490587,0.62,"1","beta-1,3-glucuronyltransferase 2 (glucuronosyltransferase S)"
"Egr1",-0.111042935139605,0.68,"18","early growth response 1"
"Yeats2",0.11103263131092,0.6164,"16","YEATS domain containing 2"
"Eif1b",0.111030899036228,0.4584,"9","eukaryotic translation initiation factor 1B"
"Noxo1",-0.111022016433731,0.3016,"17","NADPH oxidase organizer 1"
"Asah1",0.111020279205047,0.3368,"8","N-acylsphingosine amidohydrolase 1"
"Csgalnact1",0.111015670927984,0.1712,"8","chondroitin sulfate N-acetylgalactosaminyltransferase 1"
"Ext1",-0.110945989068449,0.206,"15","exostosin glycosyltransferase 1"
"Xrcc4",0.110920231291796,0.144,"13","X-ray repair complementing defective repair in Chinese hamster cells 4"
"Aff4",-0.110918184619053,0.5416,"11","AF4/FMR2 family, member 4"
"Htra1",0.110912932571206,0.3216,"7","HtrA serine peptidase 1"
"4930503L19Rik",0.110858438646074,0.6268,"18","RIKEN cDNA 4930503L19 gene"
"Mllt6",0.110817693220294,0.5964,"11","myeloid/lymphoid or mixed-lineage leukemia; translocated to, 6"
"Spaca6",0.110798777462217,0.7512,"17","sperm acrosome associated 6"
"Hsbp1",0.110752309645718,0.4168,"8","heat shock factor binding protein 1"
"Mc4r",0.110750888273385,0.3152,"18","melanocortin 4 receptor"
"Gmpr",0.110693232904856,0.4772,"13","guanosine monophosphate reductase"
"Rbm22",0.110637405876349,0.2848,"18","RNA binding motif protein 22"
"Slc37a1",0.110625319035021,0.72,"17","solute carrier family 37 (glycerol-3-phosphate transporter), member 1"
"Atp1a3",-0.110588720564623,0.1804,"7","ATPase, Na+/K+ transporting, alpha 3 polypeptide"
"Cbs",0.110557464410196,0.4464,"17","cystathionine beta-synthase"
"Cwc25",0.110532364876482,0.1948,"11","CWC25 spliceosome-associated protein"
"Hipk3",-0.110504060812727,0.2972,"2","homeodomain interacting protein kinase 3"
"Ss18",0.110499074174246,0.2884,"18","SS18, nBAF chromatin remodeling complex subunit"
"Atp5h",0.110489578019298,0.3832,"11","ATP synthase, H+ transporting, mitochondrial F0 complex, subunit D"
"2010001A14Rik",-0.110323110680831,0.666,"11","RIKEN cDNA 2010001A14 gene"
"Ciao3",0.110317413943659,0.386,"17","cytosolic iron-sulfur assembly component 3"
"Pag1",0.110306407337579,0.3744,"3","phosphoprotein associated with glycosphingolipid microdomains 1"
"Ubxn2a",-0.110278663559014,0.4528,"12","UBX domain protein 2A"
"Camkmt",0.110268807494945,0.2336,"17","calmodulin-lysine N-methyltransferase"
"Alg3",0.110263770488098,0.4184,"16","asparagine-linked glycosylation 3 (alpha-1,3-mannosyltransferase)"
"Adam12",0.110256009408235,0.6292,"7","a disintegrin and metallopeptidase domain 12 (meltrin alpha)"
"Clip4",-0.110250088863782,0.2464,"17","CAP-GLY domain containing linker protein family, member 4"
"Gpr107",-0.110245241077994,0.1704,"2","G protein-coupled receptor 107"
"Hjurp",0.110223372285065,0.6672,"1","Holliday junction recognition protein"
"Hjurp",0.110223372285065,0.6672,"1","Holliday junction recognition protein"
"Tpt1",0.110215684570008,0.4404,"14","tumor protein, translationally-controlled 1"
"Homer2",0.110203799184106,0.5128,"7","homer scaffolding protein 2"
"Pdk3",0.110158365486402,0.3956,"X","pyruvate dehydrogenase kinase, isoenzyme 3"
"Mier3",0.110139309037416,0.224,"13","MIER family member 3"
"B4galt4",0.110137431805895,0.2684,"16","UDP-Gal:betaGlcNAc beta 1,4-galactosyltransferase, polypeptide 4"
"Vma21",0.110135789671877,0.2984,"X","VMA21 vacuolar H+-ATPase homolog (S. cerevisiae)"
"Atp13a1",0.110134028906859,0.4712,"8","ATPase type 13A1"
"Brf2",-0.110107998329696,0.2424,"8","BRF2, RNA polymerase III transcription initiation factor 50kDa subunit"
"Ube2b",0.110092057311055,0.0276,"11","ubiquitin-conjugating enzyme E2B"
"Nfe2l1",-0.110039802433702,0.0236,"11","nuclear factor, erythroid derived 2,-like 1"
"Cox6c",0.110012086552175,0.3976,"15","cytochrome c oxidase subunit 6C"
"H2-Ke6",0.109985622867653,0.3472,"17","H2-K region expressed gene 6"
"Car4",0.109921646627926,0.4268,"11","carbonic anhydrase 4"
"Fam81a",-0.109885460387956,0.2512,"9","family with sequence similarity 81, member A"
"Klhl34",-0.10987687367083,0.4944,"X","kelch-like 34"
"Ccdc58",0.109870660817083,0.4972,"16","coiled-coil domain containing 58"
"Zfp446",0.109868001962281,0.6116,"7","zinc finger protein 446"
"Tmem70",0.109856832058864,0.2688,"1","transmembrane protein 70"
"Palld",-0.109852806810166,0.2724,"8","palladin, cytoskeletal associated protein"
"Ap2a2",-0.10984656586906,0.3512,"7","adaptor-related protein complex 2, alpha 2 subunit"
"Rnf220",0.109837175692054,0.5156,"4","ring finger protein 220"
"Tspan2",-0.109830577487361,0.6536,"3","tetraspanin 2"
"Nog",0.109824844493094,0.6344,"11","noggin"
"Pigh",-0.109787997619981,0.3684,"12","phosphatidylinositol glycan anchor biosynthesis, class H"
"Snx15",0.109776348769719,0.3944,"19","sorting nexin 15"
"Fbxl12",0.109762796616409,0.6296,"9","F-box and leucine-rich repeat protein 12"
"Myo9b",0.109752269047056,0.674,"8","myosin IXb"
"Smad7",-0.109739812676456,0.364,"18","SMAD family member 7"
"Crat",0.109632684334497,0.2944,"2","carnitine acetyltransferase"
"Ylpm1",-0.109622526729568,0.5484,"12","YLP motif containing 1"
"Rnf19b",-0.109621284792828,0.4048,"4","ring finger protein 19B"
"Pcdh8",0.109611273805301,0.1372,"14","protocadherin 8"
"Nprl2",0.109569668420654,0.3588,"9","NPR2 like, GATOR1 complex subunit"
"Rbbp7",0.109558410101717,0.1332,"X","retinoblastoma binding protein 7, chromatin remodeling factor"
"Smim3",0.109553468075973,0.546,"18","small integral membrane protein 3"
"Rimbp3",0.109518814307205,0.7536,"16","RIMS binding protein 3"
"Zkscan6",0.109493329544458,0.2332,"11","zinc finger with KRAB and SCAN domains 6"
"Fkbpl",0.109450792756501,0.4472,"17","FK506 binding protein-like"
"Rex1bd",0.109442356972552,0.5236,"8","required for excision 1-B domain containing"
"Sumo3",0.109437617394874,0.288,"10","small ubiquitin-like modifier 3"
"C130046K22Rik",-0.109395819915791,0.59,"11","RIKEN cDNA C130046K22 gene"
"Tbc1d5",-0.109384693928511,0.3792,"17","TBC1 domain family, member 5"
"Cwc27",0.109373771662491,0.4184,"13","CWC27 spliceosome-associated protein"
"Qtrt2",0.109320986287982,0.536,"16","queuine tRNA-ribosyltransferase accessory subunit 2"
"Kcnf1",-0.10929535467258,0.6392,"12","potassium voltage-gated channel, subfamily F, member 1"
"Cox4i1",0.109236738854264,0.4704,"8","cytochrome c oxidase subunit 4I1"
"Qrich1",0.109228148362369,0.1084,"9","glutamine-rich 1"
"Plagl1",-0.109205411510907,0.6536,"10","pleiomorphic adenoma gene-like 1"
"Kif13a",-0.109194238734858,0.4328,"13","kinesin family member 13A"
"Cpne3",-0.109184089927211,0.5316,"4","copine III"
"Heph",-0.109170209140963,0.4524,"X","hephaestin"
"Gtpbp10",0.109159454934452,0.4572,"5","GTP-binding protein 10 (putative)"
"Cyth4",0.109144193575625,0.1832,"15","cytohesin 4"
"Tpp2",0.109140041155343,0.2536,"1","tripeptidyl peptidase II"
"Matr3",0.109114771917104,0.2996,"18","matrin 3"
"Rab11fip5",-0.109086378241586,0.2436,"6","RAB11 family interacting protein 5 (class I)"
"Kdm2b",-0.109054526395648,0.392,"5","lysine (K)-specific demethylase 2B"
"Erlin1",0.109052732487668,0.3948,"19","ER lipid raft associated 1"
"Exosc10",0.109016028402092,0.1636,"4","exosome component 10"
"Cdkl1",0.10897353991042,0.6068,"12","cyclin-dependent kinase-like 1 (CDC2-related kinase)"
"Neurod2",0.108949484539149,0.3712,"11","neurogenic differentiation 2"
"Mlst8",0.108938895740539,0.2472,"17","MTOR associated protein, LST8 homolog (S. cerevisiae)"
"Dgcr6",0.108862925266232,0.5676,"16","DiGeorge syndrome critical region gene 6"
"Tmem50a",0.108844088619865,0.3436,"4","transmembrane protein 50A"
"Ccdc9b",0.108811934658247,0.562,"2","coiled-coil domain containing 9B"
"Deaf1",0.108807461992824,0.3824,"7","DEAF1, transcription factor"
"Otulin",-0.108803161912332,0.4128,"15","OTU deubiquitinase with linear linkage specificity"
"Adal",0.108791671022121,0.3884,"2","adenosine deaminase-like"
"Mapk7",0.108763320369341,0.52,"11","mitogen-activated protein kinase 7"
"Sh3bp1",0.108753534131448,0.6048,"15","SH3-domain binding protein 1"
"Grip1",-0.10875080395821,0.3868,"10","glutamate receptor interacting protein 1"
"Polr1d",0.108714333819949,0.3932,"5","polymerase (RNA) I polypeptide D"
"Snu13",0.108709518443425,0.4256,"15","SNU13 homolog, small nuclear ribonucleoprotein (U4/U6.U5)"
"U2af1",0.108688977969028,0.1124,"17","U2 small nuclear ribonucleoprotein auxiliary factor (U2AF) 1"
"Meis3",0.108675960168916,0.4156,"7","Meis homeobox 3"
"Trmt2a",0.108605576116089,0.4516,"16","TRM2 tRNA methyltransferase 2A"
"Dcaf11",0.108602866347622,0.0868,"14","DDB1 and CUL4 associated factor 11"
"Prob1",-0.108588502758439,0.6852,"18","proline rich basic protein 1"
"Tdrd7",-0.108582812734391,0.112,"4","tudor domain containing 7"
"Wdr77",-0.108576233349229,0.1944,"3","WD repeat domain 77"
"Arntl",0.10857185480233,0.4876,"7","aryl hydrocarbon receptor nuclear translocator-like"
"Mtmr3",-0.108555656393504,0.0356,"11","myotubularin related protein 3"
"Vxn",-0.108540111048595,0.5292,"1","vexin"
"Ngdn",0.108529350880895,0.436,"14","neuroguidin, EIF4E binding protein"
"Sult2b1",0.10848934196818,0.5172,"7","sulfotransferase family, cytosolic, 2B, member 1"
"Sult2b1",0.10848934196818,0.5172,"7","sulfotransferase family, cytosolic, 2B, member 1"
"Gpank1",0.108486350685725,0.4632,"17","G patch domain and ankyrin repeats 1"
"Zbtb33",-0.108475198587397,0.584,"X","zinc finger and BTB domain containing 33"
"Ogfrl1",0.108454792296945,0.4248,"1","opioid growth factor receptor-like 1"
"Ciapin1",-0.108448798426435,0.0376,"8","cytokine induced apoptosis inhibitor 1"
"Cygb",0.108440363561093,0.338,"11","cytoglobin"
"Bak1",0.108422275046197,0.6184,"17","BCL2-antagonist/killer 1"
"Kirrel2",-0.108419790194951,0.6388,"7","kirre like nephrin family adhesion molecule 2"
"Hspa8",0.108414666502972,0.4056,"9","heat shock protein 8"
"Anapc11",0.108379372617286,0.5628,"11","anaphase promoting complex subunit 11"
"Phtf2",0.108376685122795,0.5432,"5","putative homeodomain transcription factor 2"
"Zfp811",0.108351899094393,0.4936,"17","zinc finger protein 811"
"Lancl2",-0.108350981079872,0.6556,"6","LanC (bacterial lantibiotic synthetase component C)-like 2"
"Ikbip",0.108342925984843,0.438,"10","IKBKB interacting protein"
"Gpr135",0.108332969750185,0.394,"12","G protein-coupled receptor 135"
"Gatad2b",-0.108319579675124,0.508,"3","GATA zinc finger domain containing 2B"
"Scyl1",0.108284363628102,0.3016,"19","SCY1-like 1 (S. cerevisiae)"
"Stambp",0.108270238194577,0.2532,"6","STAM binding protein"
"Golim4",-0.108252837104274,0.2132,"3","golgi integral membrane protein 4"
"Cntrob",0.108213407152069,0.5808,"11","centrobin, centrosomal BRCA2 interacting protein"
"2510002D24Rik",0.108193100357707,0.4976,"16","RIKEN cDNA 2510002D24 gene"
"Cacng4",-0.108164995143001,0.318,"11","calcium channel, voltage-dependent, gamma subunit 4"
"Hsf1",0.108151296198979,0.3856,"15","heat shock factor 1"
"Slf2",0.108145318537231,0.5848,"19","SMC5-SMC6 complex localization factor 2"
"Susd5",-0.108086846690206,0.688,"9","sushi domain containing 5"
"Pqbp1",0.108081140302596,0.4792,"X","polyglutamine binding protein 1"
"Ndufaf5",0.108079170917566,0.3924,"2","NADH:ubiquinone oxidoreductase complex assembly factor 5"
"Thtpa",0.108075375415404,0.3688,"14","thiamine triphosphatase"
"Bcl10",-0.108062332180144,0.2356,"3","B cell leukemia/lymphoma 10"
"Tmcc2",0.108037972211989,0.2644,"1","transmembrane and coiled-coil domains 2"
"Tango2",0.108036651728981,0.2472,"16","transport and golgi organization 2"
"Zfp322a",0.108032238390552,0.4812,"13","zinc finger protein 322A"
"Zfp26",0.108022141690888,0.6,"9","zinc finger protein 26"
"Chd1l",0.108012006080919,0.03,"3","chromodomain helicase DNA binding protein 1-like"
"Zfyve28",0.107998364627289,0.3388,"5","zinc finger, FYVE domain containing 28"
"Necab3",0.107964935763987,0.348,"2","N-terminal EF-hand calcium binding protein 3"
"Agt",0.107962164954846,0.6568,"8","angiotensinogen (serpin peptidase inhibitor, clade A, member 8)"
"Ldhd",0.107960464472741,0.352,"8","lactate dehydrogenase D"
"Zfyve16",0.107958461146158,0.6996,"13","zinc finger, FYVE domain containing 16"
"Sik3",-0.107900066886072,0.2088,"9","SIK family kinase 3"
"Mpeg1",0.107876822506719,0.698,"19","macrophage expressed gene 1"
"Alg6",0.10787342154889,0.6168,"4","asparagine-linked glycosylation 6 (alpha-1,3,-glucosyltransferase)"
"Phf14",0.107853144115844,0.3232,"6","PHD finger protein 14"
"Rpusd2",-0.10784970187102,0.1688,"2","RNA pseudouridylate synthase domain containing 2"
"Marchf11",0.107833194517011,0.5388,"15","membrane associated ring-CH-type finger 11"
"Fchsd1",0.107829124141092,0.4176,"18","FCH and double SH3 domains 1"
"Gjb6",0.107822147003114,0.2468,"14","gap junction protein, beta 6"
"Snapc1",0.107804752887799,0.1612,"12","small nuclear RNA activating complex, polypeptide 1"
"Rpl14",0.107801564012468,0.554,"9","ribosomal protein L14"
"Ctdspl2",0.107785308916517,0.3276,"2","CTD (carboxy-terminal domain, RNA polymerase II, polypeptide A) small phosphatase like 2"
"Atg7",0.10774340308953,0.3312,"6","autophagy related 7"
"Lsm8",0.107719927398758,0.3532,"6","LSM8 homolog, U6 small nuclear RNA associated"
"Rars",0.107718852340568,0.2728,"11","arginyl-tRNA synthetase"
"Nkain3",-0.107708297099306,0.7792,"4","Na+/K+ transporting ATPase interacting 3"
"Gpc5",0.107707133543259,0.07,"14","glypican 5"
"Mars1",0.107688844977246,0.3096,"10","methionine-tRNA synthetase 1"
"6530402F18Rik",-0.107642195416208,0.4212,"2","RIKEN cDNA 6530402F18 gene"
"Coq2",0.107573365102265,0.3148,"5","coenzyme Q2 4-hydroxybenzoate polyprenyltransferase"
"Kcnmb4",0.10755498976976,0.5256,"10","potassium large conductance calcium-activated channel, subfamily M, beta member 4"
"Slc45a1",-0.107548370846893,0.0876,"4","solute carrier family 45, member 1"
"Tmem161b",0.107531510425746,0.324,"13","transmembrane protein 161B"
"Atox1",-0.107522532536761,0.6084,"11","antioxidant 1 copper chaperone"
"Zbtb37",0.107486220446372,0.7884,"1","zinc finger and BTB domain containing 37"
"Lamtor3",0.107482547682339,0.2676,"3","late endosomal/lysosomal adaptor, MAPK and MTOR activator 3"
"Tjap1",0.107482487880357,0.514,"17","tight junction associated protein 1"
"Map3k12",0.107475365937359,0.124,"15","mitogen-activated protein kinase kinase kinase 12"
"Maml3",0.107471593983215,0.4364,"3","mastermind like transcriptional coactivator 3"
"Cmtm6",-0.107441604993279,0.4676,"9","CKLF-like MARVEL transmembrane domain containing 6"
"Sepsecs",0.107432357080235,0.4376,"5","Sep (O-phosphoserine) tRNA:Sec (selenocysteine) tRNA synthase"
"Vamp4",0.107412210434483,0.204,"1","vesicle-associated membrane protein 4"
"Sf3a3",0.107393655474923,0.148,"4","splicing factor 3a, subunit 3"
"Kctd6",0.107341936839994,0.2676,"14","potassium channel tetramerisation domain containing 6"
"Tjp1",-0.107324472710252,0.504,"7","tight junction protein 1"
"Hdhd3",0.107316914018988,0.5624,"4","haloacid dehalogenase-like hydrolase domain containing 3"
"Zfp963",-0.107316669455308,0.5936,"8","zinc finger protein 963"
"Ppa1",0.107308243362885,0.4348,"10","pyrophosphatase (inorganic) 1"
"Taf15",0.107291904570277,0.3868,"11","TATA-box binding protein associated factor 15"
"Mief2",0.107274210532081,0.2,"11","mitochondrial elongation factor 2"
"Gtf3c2",0.107262529847013,0.5096,"5","general transcription factor IIIC, polypeptide 2, beta"
"Plppr3",-0.107259763846035,0.3316,"10","phospholipid phosphatase related 3"
"Mcts2",-0.107201122135168,0.4524,"2","malignant T cell amplified sequence 2"
"Slc2a6",0.107192508799223,0.354,"2","solute carrier family 2 (facilitated glucose transporter), member 6"
"Lyrm4",0.107165657702053,0.3652,"13","LYR motif containing 4"
"Kif17",0.10715849163132,0.3576,"4","kinesin family member 17"
"Abhd13",0.107151962117107,0.252,"8","abhydrolase domain containing 13"
"Micu3",0.107143305764088,0.2972,"8","mitochondrial calcium uptake family, member 3"
"Pom121",-0.107077999610455,0.3788,"5","nuclear pore membrane protein 121"
"Ttyh1",0.107051218973245,0.136,"7","tweety family member 1"
"Gm19522",0.107037063535959,0.2856,"16","predicted gene, 19522"
"Kdm4c",0.107021492706613,0.2368,"4","lysine (K)-specific demethylase 4C"
"Gstm4",-0.107020179564515,0.5064,"3","glutathione S-transferase, mu 4"
"Smdt1",0.107008518921995,0.5236,"15","single-pass membrane protein with aspartate rich tail 1"
"Rnf150",-0.106996423944643,0.4808,"8","ring finger protein 150"
"Gtf2a1",0.106980579313433,0.3548,"12","general transcription factor II A, 1"
"Mtor",-0.106966101092175,0.1296,"4","mechanistic target of rapamycin kinase"
"Synpr",0.106926894756705,0.2856,"14","synaptoporin"
"Ranbp1",0.106918277792905,0.2916,"16","RAN binding protein 1"
"Soga3",-0.106908082118414,0.5,"10","SOGA family member 3"
"Fbxl15",0.106900285355815,0.6072,"19","F-box and leucine-rich repeat protein 15"
"Rnpep",0.106885122763131,0.2772,"1","arginyl aminopeptidase (aminopeptidase B)"
"Psme4",0.106833015270789,0.4936,"11","proteasome (prosome, macropain) activator subunit 4"
"Polr3h",0.106807925895909,0.2476,"15","polymerase (RNA) III (DNA directed) polypeptide H"
"Ndufa4",0.106799028231713,0.5276,"6","Ndufa4, mitochondrial complex associated"
"Fbxl3",0.106780538892626,0.1424,"14","F-box and leucine-rich repeat protein 3"
"Kcnk1",0.106772122068755,0.2296,"8","potassium channel, subfamily K, member 1"
"Doc2b",0.106762531329325,0.5824,"11","double C2, beta"
"Wdr73",0.106712390079299,0.4816,"7","WD repeat domain 73"
"Znhit1",0.106712156017441,0.4256,"5","zinc finger, HIT domain containing 1"
"Ppp1r14c",0.106700137653145,0.2128,"10","protein phosphatase 1, regulatory inhibitor subunit 14C"
"2610005L07Rik",-0.106698342443189,0.7232,"8","cadherin 11 pseudogene"
"Etf1",-0.106654158658652,0.4032,"18","eukaryotic translation termination factor 1"
"Klhl13",0.106648244243089,0.4096,"X","kelch-like 13"
"Gtf2e1",-0.106642543913364,0.4876,"16","general transcription factor II E, polypeptide 1 (alpha subunit)"
"Fxyd7",0.106606633379307,0.5532,"7","FXYD domain-containing ion transport regulator 7"
"Sh3gl1",0.106569989509629,0.2732,"17","SH3-domain GRB2-like 1"
"Phf20l1",0.106568615704691,0.6616,"15","PHD finger protein 20-like 1"
"Tmem69",0.106518516080611,0.254,"4","transmembrane protein 69"
"Rasl11b",-0.10647620403721,0.432,"5","RAS-like, family 11, member B"
"Celf4",0.106424559439056,0.2216,"18","CUGBP, Elav-like family member 4"
"Edil3",-0.106424221189314,0.674,"13","EGF-like repeats and discoidin I-like domains 3"
"Prkar2b",0.106411860811026,0.3356,"12","protein kinase, cAMP dependent regulatory, type II beta"
"Cbx8",0.10638307941277,0.2608,"11","chromobox 8"
"Slc7a5",-0.106349253097756,0.3228,"8","solute carrier family 7 (cationic amino acid transporter, y+ system), member 5"
"Pet100",0.106331538468242,0.5236,"8","PET100 homolog"
"Ankrd52",-0.106302295679663,0.64,"10","ankyrin repeat domain 52"
"Bco2",-0.10628767990345,0.5932,"9","beta-carotene oxygenase 2"
"Kpna2",0.106257833754114,0.5108,"11","karyopherin (importin) alpha 2"
"Zfp423",-0.10620513102501,0.074,"8","zinc finger protein 423"
"Igf2bp3",0.106200134084192,0.7532,"6","insulin-like growth factor 2 mRNA binding protein 3"
"Ing3",0.106171486096836,0.3076,"6","inhibitor of growth family, member 3"
"Pnpla6",0.106164287448926,0.4592,"8","patatin-like phospholipase domain containing 6"
"Zcrb1",0.106142428885541,0.3108,"15","zinc finger CCHC-type and RNA binding motif 1"
"Arhgap15",0.106126920666156,0.4868,"2","Rho GTPase activating protein 15"
"Nit1",0.106097632521373,0.2576,"1","nitrilase 1"
"Ubl4a",0.106096835667106,0.4252,"X","ubiquitin-like 4A"
"Ubl4a",0.106096835667106,0.4252,"X","ubiquitin-like 4A"
"Tmem63a",-0.106082564798998,0.5076,"1","transmembrane protein 63a"
"Tagln3",0.10607039017331,0.4928,"16","transgelin 3"
"Luzp1",-0.106062650808816,0.4568,"4","leucine zipper protein 1"
"Smox",0.106060037633894,0.408,"2","spermine oxidase"
"Cog3",0.106035309697024,0.3176,"14","component of oligomeric golgi complex 3"
"Gtf2e2",0.106028779464244,0.5272,"8","general transcription factor II E, polypeptide 2 (beta subunit)"
"Pex13",0.106001649257247,0.214,"11","peroxisomal biogenesis factor 13"
"Ackr3",-0.10597888061994,0.398,"1","atypical chemokine receptor 3"
"Htr5a",-0.105978823927872,0.5664,"5","5-hydroxytryptamine (serotonin) receptor 5A"
"Hccs",0.105946245763637,0.4392,"X","holocytochrome c synthetase"
"Patj",0.105919780682437,0.474,"4","PATJ, crumbs cell polarity complex component"
"Fam161b",0.105917734298592,0.3336,"12","family with sequence similarity 161, member B"
"Aldh4a1",-0.105868683217826,0.2836,"4","aldehyde dehydrogenase 4 family, member A1"
"Sdhaf4",0.105808714956922,0.5596,"1","succinate dehydrogenase complex assembly factor 4"
"Rps4x",0.10575284808356,0.3528,"X","ribosomal protein S4, X-linked"
"Ift52",-0.105743311147484,0.1604,"2","intraflagellar transport 52"
"Ppp1r11",0.105740232687517,0.45,"17","protein phosphatase 1, regulatory inhibitor subunit 11"
"Mettl8",0.105734188454025,0.2552,"2","methyltransferase like 8"
"Arnt",0.105733528251814,0.7,"3","aryl hydrocarbon receptor nuclear translocator"
"Gaa",-0.105712974080805,0.316,"11","glucosidase, alpha, acid"
"Egfl7",-0.105640234325535,0.5176,"2","EGF-like domain 7"
"Zfand1",0.105616923976456,0.2028,"3","zinc finger, AN1-type domain 1"
"Sp1",0.10561185195871,0.7184,"15","trans-acting transcription factor 1"
"Cd34",-0.105604034777243,0.7076,"1","CD34 antigen"
"Slco1a4",-0.105587895051624,0.4324,"6","solute carrier organic anion transporter family, member 1a4"
"Acsbg1",0.105546146908394,0.2544,"9","acyl-CoA synthetase bubblegum family member 1"
"Lrrfip1",0.105506663758965,0.5312,"1","leucine rich repeat (in FLII) interacting protein 1"
"Pmm2",0.105505352965418,0.4312,"16","phosphomannomutase 2"
"Exoc7",0.10549364215133,0.142,"11","exocyst complex component 7"
"Def8",-0.105439654523801,0.3296,"8","differentially expressed in FDCP 8"
"Etv3",-0.105393259869283,0.28,"3","ets variant 3"
"Zkscan3",0.105380855528884,0.656,"13","zinc finger with KRAB and SCAN domains 3"
"Hras",0.105378881373941,0.5144,"7","Harvey rat sarcoma virus oncogene"
"Snap23",-0.105375905795218,0.6024,"2","synaptosomal-associated protein 23"
"Pdlim7",0.105371371146829,0.5892,"13","PDZ and LIM domain 7"
"Tnfrsf1a",-0.10535753354081,0.5696,"6","tumor necrosis factor receptor superfamily, member 1a"
"Ythdc2",0.105347528604915,0.5012,"18","YTH domain containing 2"
"Ddhd1",0.105311983361668,0.3996,"14","DDHD domain containing 1"
"Hdhd5",0.105304725573608,0.5884,"6","haloacid dehalogenase like hydrolase domain containing 5"
"Iqsec1",-0.105303751458463,0.0196,"6","IQ motif and Sec7 domain 1"
"Dgcr8",0.105289467679803,0.5036,"16","DGCR8, microprocessor complex subunit"
"Rpl15",0.105280751812247,0.4088,"14","ribosomal protein L15"
"Fam210b",-0.105274931723746,0.2324,"2","family with sequence similarity 210, member B"
"Map4k5",0.105240023779579,0.468,"12","mitogen-activated protein kinase kinase kinase kinase 5"
"Rnpepl1",0.105211812479848,0.378,"1","arginyl aminopeptidase (aminopeptidase B)-like 1"
"Mrps10",0.105206247019366,0.3192,"17","mitochondrial ribosomal protein S10"
"Ccdc106",0.105200793749673,0.3252,"7","coiled-coil domain containing 106"
"Dus2",0.105197096018581,0.4764,"8","dihydrouridine synthase 2"
"Rasa2",-0.105190173267446,0.3176,"9","RAS p21 protein activator 2"
"Gpn1",0.105184537394778,0.3988,"5","GPN-loop GTPase 1"
"Psmb6",0.105165265759604,0.5,"11","proteasome (prosome, macropain) subunit, beta type 6"
"Kat14",-0.105158837774424,0.348,"2","lysine acetyltransferase 14"
"Septin11",0.105137927937143,0.3604,"5","septin 11"
"Nmi",0.10510677386268,0.5392,"2","N-myc (and STAT) interactor"
"Hcn1",-0.105105897785655,0.5976,"13","hyperpolarization activated cyclic nucleotide gated potassium channel 1"
"Adamts1",-0.105042943796311,0.4796,"16","a disintegrin-like and metallopeptidase (reprolysin type) with thrombospondin type 1 motif, 1"
"Uqcrh",0.105041119729955,0.3956,"4","ubiquinol-cytochrome c reductase hinge protein"
"Baiap2",0.105009499155935,0.3136,"11","brain-specific angiogenesis inhibitor 1-associated protein 2"
"Gng7",0.105009076354561,0.52,"10","guanine nucleotide binding protein (G protein), gamma 7"
"Mtif3",0.104990789821568,0.2016,"5","mitochondrial translational initiation factor 3"
"Fam114a2",0.104976937488336,0.314,"11","family with sequence similarity 114, member A2"
"Ctdsp1",-0.1049514407916,0.4892,"1","CTD (carboxy-terminal domain, RNA polymerase II, polypeptide A) small phosphatase 1"
"Ptprd",-0.104934713551954,0.5112,"4","protein tyrosine phosphatase, receptor type, D"
"Tmem130",-0.104888725496508,0.1584,"5","transmembrane protein 130"
"Dph1",0.104870379390201,0.6492,"11","diphthamide biosynthesis 1"
"Ndufb11",0.104867281935399,0.5032,"X","NADH:ubiquinone oxidoreductase subunit B11"
"Psmd10",0.104860267054556,0.4256,"X","proteasome (prosome, macropain) 26S subunit, non-ATPase, 10"
"Intu",0.104859141925588,0.7428,"3","inturned planar cell polarity protein"
"Ankrd13d",0.104843148630056,0.4964,"19","ankyrin repeat domain 13 family, member D"
"Ptdss2",-0.104835465434376,0.2864,"7","phosphatidylserine synthase 2"
"Slc9a8",-0.104827697921126,0.2352,"2","solute carrier family 9 (sodium/hydrogen exchanger), member 8"
"Nsfl1c",0.104787433049426,0.2844,"2","NSFL1 (p97) cofactor (p47)"
"Sowahc",-0.104787103264601,0.596,"10","sosondowah ankyrin repeat domain family member C"
"Pan2",0.104741662907715,0.6844,"10","PAN2 poly(A) specific ribonuclease subunit"
"Arap2",-0.104738051902037,0.3316,"5","ArfGAP with RhoGAP domain, ankyrin repeat and PH domain 2"
"Ptgfrn",-0.104731961702168,0.4948,"3","prostaglandin F2 receptor negative regulator"
"Cdc34",0.104637572296913,0.394,"10","cell division cycle 34"
"Brdt",-0.104608415492408,0.1656,"5","bromodomain, testis-specific"
"Ralgps1",0.104600666585791,0.5056,"2","Ral GEF with PH domain and SH3 binding motif 1"
"Pcdhb11",0.104512323886566,0.6664,"18","protocadherin beta 11"
"Aktip",0.104509219645376,0.3888,"8","AKT interacting protein"
"Phax",0.104498427987229,0.4428,"18","phosphorylated adaptor for RNA export"
"Arhgap22",0.104482602092029,0.858,"14","Rho GTPase activating protein 22"
"Tmod3",0.104466433517606,0.1688,"9","tropomodulin 3"
"N4bp2l1",0.104466314141799,0.5092,"5","NEDD4 binding protein 2-like 1"
"Yipf2",0.104437676106738,0.2192,"9","Yip1 domain family, member 2"
"Ntmt1",0.104427965109945,0.4052,"2","N-terminal Xaa-Pro-Lys N-methyltransferase 1"
"Zfp512b",0.104321682577086,0.7564,"2","zinc finger protein 512B"
"Spry1",0.104308365318682,0.0936,"3","sprouty RTK signaling antagonist 1"
"Mir6236",-0.104279210494355,0.7976,"9","microRNA 6236"
"Rb1",0.104257190290545,0.4396,"14","RB transcriptional corepressor 1"
"Wnt3",-0.104238898968225,0.714,"11","wingless-type MMTV integration site family, member 3"
"Slc38a6",0.104199421066784,0.764,"12","solute carrier family 38, member 6"
"Tnrc6b",-0.104165775608458,0.6116,"15","trinucleotide repeat containing 6b"
"Fbln1",0.104161616885378,0.5728,"15","fibulin 1"
"Rnf165",-0.104152434506266,0.2448,"18","ring finger protein 165"
"Syndig1",-0.104147323103946,0.5152,"2","synapse differentiation inducing 1"
"Zfyve19",0.104121635564812,0.458,"2","zinc finger, FYVE domain containing 19"
"Tcf7l2",0.104117410618748,0.5988,"19","transcription factor 7 like 2, T cell specific, HMG box"
"Rpa1",-0.104115820145834,0.1248,"11","replication protein A1"
"Rhob",0.104092886921025,0.4992,"12","ras homolog family member B"
"Actb",0.104076961710396,0.5656,"5","actin, beta"
"Tmem62",0.104054632213024,0.2324,"2","transmembrane protein 62"
"Tufm",-0.104044800910362,0.568,"7","Tu translation elongation factor, mitochondrial"
"Bax",0.104017075100818,0.598,"7","BCL2-associated X protein"
"Preb",0.10400966498363,0.2636,"5","prolactin regulatory element binding"
"Mrpl47",-0.104007424586328,0.626,"3","mitochondrial ribosomal protein L47"
"B3glct",-0.103968958399481,0.4292,"5","beta-3-glucosyltransferase"
"Psmg1",0.103959689623405,0.4708,"16","proteasome (prosome, macropain) assembly chaperone 1"
"Ddrgk1",0.103941910281463,0.1636,"2","DDRGK domain containing 1"
"Kcnip4",0.103936632180293,0.4064,"5","Kv channel interacting protein 4"
"Bnip3",0.10390226203995,0.4636,"7","BCL2/adenovirus E1B interacting protein 3"
"Cyb5d2",0.103892386696143,0.5208,"11","cytochrome b5 domain containing 2"
"Cldn5",-0.103858896002687,0.498,"16","claudin 5"
"Il34",-0.103850296979085,0.5216,"8","interleukin 34"
"Mgst3",0.103842660323324,0.5588,"1","microsomal glutathione S-transferase 3"
"Slx4",0.103835191496652,0.2024,"16","SLX4 structure-specific endonuclease subunit homolog (S. cerevisiae)"
"Tmem165",0.103828886157463,0.276,"5","transmembrane protein 165"
"Chd5",-0.103821456370626,0.5988,"4","chromodomain helicase DNA binding protein 5"
"Rps26",0.103792503283418,0.6504,"10","ribosomal protein S26"
"Ctxn1",0.103789548354584,0.5072,"8","cortexin 1"
"Cyb5r4",0.103782637305057,0.4976,"9","cytochrome b5 reductase 4"
"Cyb5r4",0.103782637305057,0.4976,"9","cytochrome b5 reductase 4"
"Abt1",0.103774090773705,0.4044,"13","activator of basal transcription 1"
"Dnal4",0.103747790215867,0.4216,"15","dynein, axonemal, light chain 4"
"Ppfibp1",-0.10373820819952,0.5032,"6","PTPRF interacting protein, binding protein 1 (liprin beta 1)"
"1700019D03Rik",0.103732160552976,0.442,"1","RIKEN cDNA 1700019D03 gene"
"Fryl",-0.103718266646547,0.3876,"5","FRY like transcription coactivator"
"Rab33a",0.103707780964538,0.4308,"X","RAB33A, member RAS oncogene family"
"Cdk5rap1",0.103703220625191,0.4036,"2","CDK5 regulatory subunit associated protein 1"
"Rpl18",0.103698377076194,0.6136,"7","ribosomal protein L18"
"Atp5l",0.103684868707229,0.4864,"9","ATP synthase, H+ transporting, mitochondrial F0 complex, subunit G"
"Sae1",-0.103678828744036,0.328,"7","SUMO1 activating enzyme subunit 1"
"Rtn2",0.103666915962768,0.488,"7","reticulon 2 (Z-band associated protein)"
"Ndufaf2",-0.103649193964234,0.3932,"13","NADH:ubiquinone oxidoreductase complex assembly factor 2"
"Nfe2l2",0.103640652496632,0.4676,"2","nuclear factor, erythroid derived 2, like 2"
"Hmox2",0.103620652631266,0.3848,"16","heme oxygenase 2"
"Tle3",-0.103598160611717,0.162,"9","transducin-like enhancer of split 3"
"Sec24a",0.103560965699682,0.6012,"11","Sec24 related gene family, member A (S. cerevisiae)"
"Sema5a",0.103472746487452,0.3544,"15","sema domain, seven thrombospondin repeats (type 1 and type 1-like), transmembrane domain (TM) and short cytoplasmic domain, (semaphorin) 5A"
"Ctbp1",0.103451749808953,0.4704,"5","C-terminal binding protein 1"
"Cemip2",-0.103443904164579,0.1932,"19","cell migration inducing hyaluronidase 2"
"Sowaha",0.103421782618429,0.5336,"11","sosondowah ankyrin repeat domain family member A"
"Mcm3ap",0.103415531182243,0.41,"10","minichromosome maintenance complex component 3 associated protein"
"Fhl2",-0.103413718004712,0.534,"1","four and a half LIM domains 2"
"Rai2",-0.103388262959101,0.3544,"X","retinoic acid induced 2"
"S100a13",0.103368825121052,0.5396,"3","S100 calcium binding protein A13"
"Rpl19",0.103354605094456,0.5116,"11","ribosomal protein L19"
"Pde5a",-0.103306376521827,0.242,"3","phosphodiesterase 5A, cGMP-specific"
"Usp19",0.103304670416966,0.4968,"9","ubiquitin specific peptidase 19"
"Prpf38b",0.103302774460387,0.552,"3","PRP38 pre-mRNA processing factor 38 (yeast) domain containing B"
"Pus1",-0.103293569865759,0.3216,"5","pseudouridine synthase 1"
"Alkbh5",-0.10326151618872,0.1088,"11","alkB homolog 5, RNA demethylase"
"Dlx1as",0.103261291109571,0.4556,"2","distal-less homeobox 1, antisense"
"Washc4",0.103255599892345,0.3088,"10","WASH complex subunit 4"
"Mrps31",0.103228023616993,0.5388,"8","mitochondrial ribosomal protein S31"
"Usp46",-0.103206236599942,0.5424,"5","ubiquitin specific peptidase 46"
"Aurkaip1",0.103198459400618,0.5344,"4","aurora kinase A interacting protein 1"
"Pou3f2",0.103166076484694,0.5588,"4","POU domain, class 3, transcription factor 2"
"Erf",-0.103165527828405,0.226,"7","Ets2 repressor factor"
"Kcnip3",0.103150696044366,0.3656,"2","Kv channel interacting protein 3, calsenilin"
"Rgs7",0.103114092452669,0.266,"1","regulator of G protein signaling 7"
"Elmo3",-0.103107540690091,0.73,"8","engulfment and cell motility 3"
"Cox6a1",0.103088392204036,0.5968,"5","cytochrome c oxidase subunit 6A1"
"Dipk1a",0.103086679840403,0.3508,"5","divergent protein kinase domain 1A"
"Robo2",-0.103081037364585,0.5504,"16","roundabout guidance receptor 2"
"Rnf8",0.102957285577955,0.6956,"17","ring finger protein 8"
"Ap1s2",0.102943079237686,0.4396,"X","adaptor-related protein complex 1, sigma 2 subunit"
"Cercam",-0.102936340409366,0.522,"2","cerebral endothelial cell adhesion molecule"
"Samd10",0.102913328918268,0.518,"2","sterile alpha motif domain containing 10"
"Rhot2",0.102898962215991,0.3188,"17","ras homolog family member T2"
"Blzf1",0.102893108778173,0.2168,"1","basic leucine zipper nuclear factor 1"
"Spire2",0.102887872692933,0.31,"8","spire type actin nucleation factor 2"
"Tnip2",0.102871435148806,0.652,"5","TNFAIP3 interacting protein 2"
"Arxes1",0.102843184444463,0.5488,"X","adipocyte-related X-chromosome expressed sequence 1"
"Tut4",0.102833010484265,0.6736,"4","terminal uridylyl transferase 4"
"Dtna",0.102815156907766,0.246,"18","dystrobrevin alpha"
"Adra1d",-0.102774982331736,0.448,"2","adrenergic receptor, alpha 1d"
"Lix1",0.10277398838659,0.2956,"17","limb and CNS expressed 1"
"Mcf2l",0.10276488658852,0.3708,"8","mcf.2 transforming sequence-like"
"Comt",0.102754689210006,0.3824,"16","catechol-O-methyltransferase"
"Lca5",-0.102736964762405,0.6128,"9","Leber congenital amaurosis 5 (human)"
"Stk39",-0.102723992328033,0.3728,"2","serine/threonine kinase 39"
"Mcts1",0.102721347840788,0.296,"X","malignant T cell amplified sequence 1"
"Mest",-0.102695194030439,0.3912,"6","mesoderm specific transcript"
"Pofut2",0.102662086247001,0.3524,"10","protein O-fucosyltransferase 2"
"Scn4b",-0.102644949510792,0.5092,"9","sodium channel, type IV, beta"
"Rpl29",0.102619352116522,0.5912,"9","ribosomal protein L29"
"Rpl13a",0.102612204698159,0.55,"7","ribosomal protein L13A"
"Smg8",0.102585541286747,0.3812,"11","SMG8 nonsense mediated mRNA decay factor"
"Col16a1",0.102536029057462,0.7236,"4","collagen, type XVI, alpha 1"
"Jade3",0.102524301677477,0.5288,"X","jade family PHD finger 3"
"Enpp6",0.102512132302798,0.676,"8","ectonucleotide pyrophosphatase/phosphodiesterase 6"
"A330009N23Rik",0.102494167920157,0.3852,"15","RIKEN cDNA A330009N23 gene"
"Eef1a1",0.102492964510402,0.3128,"9","eukaryotic translation elongation factor 1 alpha 1"
"Mrm1",-0.102454070724354,0.5236,"11","mitochondrial rRNA methyltransferase 1"
"Csrnp3",-0.102423123658732,0.4732,"2","cysteine-serine-rich nuclear protein 3"
"Khdc4",0.102418292070736,0.512,"3","KH domain containing 4, pre-mRNA splicing factor"
"Dvl1",0.102411025066202,0.2916,"4","dishevelled segment polarity protein 1"
"Cnot9",-0.102406013672543,0.1712,"1","CCR4-NOT transcription complex, subunit 9"
"Invs",0.102405196736779,0.5928,"4","inversin"
"Nr2f1",0.102404884573801,0.116,"13","nuclear receptor subfamily 2, group F, member 1"
"Gpc4",0.102402243729578,0.3,"X","glypican 4"
"2810025M15Rik",0.102388665739391,0.6164,"1","RIKEN cDNA 2810025M15 gene"
"Lmo4",0.102381183912941,0.4316,"3","LIM domain only 4"
"Nrn1",0.102353078130898,0.3384,"13","neuritin 1"
"Ppp1r3d",-0.102351384470282,0.356,"2","protein phosphatase 1, regulatory subunit 3D"
"Zfp219",0.102320859971199,0.3632,"14","zinc finger protein 219"
"Ell3",0.102296299609824,0.5512,"2","elongation factor RNA polymerase II-like 3"
"Ccdc136",-0.10228592824434,0.2548,"6","coiled-coil domain containing 136"
"Elp2",0.10226151755383,0,"18","elongator acetyltransferase complex subunit 2"
"Psmc5",0.102236009950857,0.334,"11","protease (prosome, macropain) 26S subunit, ATPase 5"
"Rbp1",-0.102206165494926,0.8244,"9","retinol binding protein 1, cellular"
"Zpr1",0.102136317886788,0.2128,"9","ZPR1 zinc finger"
"Calm2",0.102113023022984,0.3664,"17","calmodulin 2"
"Gabrg1",0.102090357520562,0.202,"5","gamma-aminobutyric acid (GABA) A receptor, subunit gamma 1"
"Trim59",-0.102014158483398,0.6532,"3","tripartite motif-containing 59"
"Wdr5b",0.101963245743244,0.5352,"16","WD repeat domain 5B"
"Ndufb9",0.10195576225104,0.5336,"15","NADH:ubiquinone oxidoreductase subunit B9"
"Tmem260",-0.101936095903556,0.1508,"14","transmembrane protein 260"
"Mdga2",-0.101931620246353,0.5892,"12","MAM domain containing glycosylphosphatidylinositol anchor 2"
"Cmc4",0.101857452580273,0.5824,"X","C-x(9)-C motif containing 4"
"Zfp469",-0.101840137930939,0.7616,"8","zinc finger protein 469"
"Adgrb1",0.101830117333783,0.552,"15","adhesion G protein-coupled receptor B1"
"Pcolce2",-0.101808985353945,0.6064,"9","procollagen C-endopeptidase enhancer 2"
"Cox7a2l",0.101789847675639,0.3384,"17","cytochrome c oxidase subunit 7A2 like"
"Gpn2",0.101764858382001,0.4856,"4","GPN-loop GTPase 2"
"Ndufb8",0.101727737772599,0.4588,"19","NADH:ubiquinone oxidoreductase subunit B8"
"Abca3",-0.101713081311198,0.3404,"17","ATP-binding cassette, sub-family A (ABC1), member 3"
"1110032F04Rik",0.101698749504962,0.3068,"3","RIKEN cDNA 1110032F04 gene"
"Zc3h12c",-0.101693519712222,0.4928,"9","zinc finger CCCH type containing 12C"
"Igf2r",-0.101674577668407,0.4252,"17","insulin-like growth factor 2 receptor"
"Ints6l",0.101673904534002,0.6544,"X","integrator complex subunit 6 like"
"Prps1l3",0.101669414901803,0.366,"12","phosphoribosyl pyrophosphate synthetase 1-like 3"
"Cpt2",-0.101647679537253,0.6404,"4","carnitine palmitoyltransferase 2"
"Cfap298",0.10163879364668,0.378,"16","cilia and flagella associate protien 298"
"Rwdd1",0.101625117204985,0.368,"10","RWD domain containing 1"
"Septin9",-0.101620810814078,0.3668,"11","septin 9"
"Mroh7",-0.101599948382042,0.7664,"4","maestro heat-like repeat family member 7"
"Socs4",-0.101564388291144,0.7292,"14","suppressor of cytokine signaling 4"
"Mfap1b",-0.101558351976153,0.3816,"2","microfibrillar-associated protein 1B"
"Mtrf1",0.101525251795848,0.6756,"14","mitochondrial translational release factor 1"
"Faah",0.101468149191925,0.3844,"4","fatty acid amide hydrolase"
"Mtf1",-0.101465167136927,0.3308,"4","metal response element binding transcription factor 1"
"Zfp791",0.10144930582261,0.1408,"8","zinc finger protein 791"
"Thbs4",0.10143285412656,0.6944,"13","thrombospondin 4"
"Pnkp",0.101416360238543,0.3536,"7","polynucleotide kinase 3'- phosphatase"
"Srsf4",0.101341810304804,0.3284,"4","serine and arginine-rich splicing factor 4"
"Prpf40b",0.101240661839439,0.5644,"15","pre-mRNA processing factor 40B"
"Arhgef6",-0.10123890215088,0.4284,"X","Rac/Cdc42 guanine nucleotide exchange factor (GEF) 6"
"Sox21",0.10122355650075,0.5904,"14","SRY (sex determining region Y)-box 21"
"Mrpl48",0.101216088603635,0.3632,"7","mitochondrial ribosomal protein L48"
"Zyg11b",-0.101204491970893,0.5576,"4","zyg-ll family member B, cell cycle regulator"
"Clvs2",0.101198807091338,0.3708,"10","clavesin 2"
"Dazap1",0.101104087526427,0.4336,"10","DAZ associated protein 1"
"Aptx",-0.101096661152205,0.0848,"4","aprataxin"
"Mrpl46",0.101078353792326,0.444,"7","mitochondrial ribosomal protein L46"
"Gjc2",-0.101078146225264,0.6248,"11","gap junction protein, gamma 2"
"Uba6",0.101063348201417,0.6784,"5","ubiquitin-like modifier activating enzyme 6"
"Snrpd1",0.101055091795821,0.4528,"18","small nuclear ribonucleoprotein D1"
"Plekha5",0.101029825182042,0.6272,"6","pleckstrin homology domain containing, family A member 5"
"Tor1b",0.100976384810458,0.5348,"2","torsin family 1, member B"
"Helb",0.100968106884215,0.7456,"10","helicase (DNA) B"
"Mrps14",0.100940113817482,0.3396,"1","mitochondrial ribosomal protein S14"
"Kcnip2",0.100889396244686,0.3016,"19","Kv channel-interacting protein 2"
"Cox5b",0.10088525206401,0.5244,"1","cytochrome c oxidase subunit 5B"
"Ndufc2",0.10087096043112,0.5304,"7","NADH:ubiquinone oxidoreductase subunit C2"
"Vamp2",-0.100870893496289,0.2724,"11","vesicle-associated membrane protein 2"
"Alg13",0.100862061827003,0.5232,"X","asparagine-linked glycosylation 13"
"Czib",0.100860208901339,0.4268,"4","CXXC motif containing zinc binding protein"
"Zfp169",0.100857149321528,0.696,"13","zinc finger protein 169"
"Gpalpp1",-0.100832584922892,0.4704,"14","GPALPP motifs containing 1"
"Nipsnap1",0.100821978478344,0.2972,"11","nipsnap homolog 1"
"Plxdc2",-0.100817053400794,0.6332,"2","plexin domain containing 2"
"Caap1",0.100807996147114,0.3648,"4","caspase activity and apoptosis inhibitor 1"
"Galnt11",0.100794860575756,0.1448,"5","polypeptide N-acetylgalactosaminyltransferase 11"
"Dpysl2",0.100750586805242,0.4572,"14","dihydropyrimidinase-like 2"
"Depdc5",-0.100736038529342,0.2484,"5","DEP domain containing 5"
"Stk10",0.100731942700052,0.6236,"11","serine/threonine kinase 10"
"Osbpl10",-0.100714774698183,0.2272,"9","oxysterol binding protein-like 10"
"Stat5b",0.100686003584634,0.4516,"11","signal transducer and activator of transcription 5B"
"Cyth3",-0.100643040411098,0.122,"5","cytohesin 3"
"Pglyrp1",-0.100624801830314,0.5104,"7","peptidoglycan recognition protein 1"
"Mfap3l",0.100613934606422,0.1828,"8","microfibrillar-associated protein 3-like"
"Zbtb7a",-0.100607074016657,0.058,"10","zinc finger and BTB domain containing 7a"
"Gldc",0.100595322889792,0.2352,"19","glycine decarboxylase"
"Lamb1",0.100590094226225,0.342,"12","laminin B1"
"Baalc",0.100580236825333,0.4404,"15","brain and acute leukemia, cytoplasmic"
"Swt1",0.100569441215143,0.6256,"1","SWT1 RNA endoribonuclease homolog (S. cerevisiae)"
"Znrf2",-0.100533701614121,0.482,"6","zinc and ring finger 2"
"Zfp971",-0.100485592190679,0.732,"2","zinc finger protein 971"
"Susd6",-0.100466640903024,0.3264,"12","sushi domain containing 6"
"Foxo6",0.100449423279508,0.6564,"4","forkhead box O6"
"Hspa1b",0.100425600975723,0.8012,"17","heat shock protein 1B"
"Slc38a1",-0.100409432658173,0.3588,"15","solute carrier family 38, member 1"
"Lama5",-0.100405918249852,0.8208,"2","laminin, alpha 5"
"Slc29a3",-0.100403839396388,0.3468,"10","solute carrier family 29 (nucleoside transporters), member 3"
"Stxbp5l",-0.1003998141444,0.4452,"16","syntaxin binding protein 5-like"
"Skiv2l",0.100395296016725,0.3792,"17","superkiller viralicidic activity 2-like (S. cerevisiae)"
"Mobp",0.100346051043067,0.806,"9","myelin-associated oligodendrocytic basic protein"
"Dip2a",-0.100263245421997,0.4772,"10","disco interacting protein 2 homolog A"
"Lztfl1",0.100249826194005,0.398,"9","leucine zipper transcription factor-like 1"
"Atad3a",0.100238043717534,0.2964,"4","ATPase family, AAA domain containing 3A"
"Optn",-0.100221289039383,0.4448,"2","optineurin"
"Lpgat1",-0.100218815351038,0.31,"1","lysophosphatidylglycerol acyltransferase 1"
"Cfl2",0.100166800146094,0.29,"12","cofilin 2, muscle"
"Mllt1",0.100135687673276,0.3676,"17","myeloid/lymphoid or mixed-lineage leukemia; translocated to, 1"
"Naga",0.100092564088443,0.5168,"15","N-acetyl galactosaminidase, alpha"
"Atp5j",0.100082824550365,0.4492,"16","ATP synthase, H+ transporting, mitochondrial F0 complex, subunit F"
"Acvr2a",0.100060172290606,0.3676,"2","activin receptor IIA"
"Dnajc16",-0.1000244899961,0.446,"4","DnaJ heat shock protein family (Hsp40) member C16"
"Ppdpf",0.0999866785942052,0.5708,"2","pancreatic progenitor cell differentiation and proliferation factor"
"Ntng2",0.0999456570723423,0.5772,"2","netrin G2"
"Psmb10",0.0999282328699387,0.5968,"8","proteasome (prosome, macropain) subunit, beta type 10"
"Mmaa",0.0998504662022448,0.5328,"8","methylmalonic aciduria (cobalamin deficiency) type A"
"Nlgn2",-0.0998446988262414,0.2348,"11","neuroligin 2"
"Sstr2",0.0998402191531667,0.5072,"11","somatostatin receptor 2"
"Phf7",-0.0998401776260391,0.4856,"14","PHD finger protein 7"
"Mrrf",0.0998396843387614,0.4608,"2","mitochondrial ribosome recycling factor"
"Vgll4",0.0998143553830735,0.3032,"6","vestigial like family member 4"
"Abhd17c",0.0998130060578442,0.4144,"7","abhydrolase domain containing 17C"
"Ngrn",0.0998072820562461,0.2296,"7","neugrin, neurite outgrowth associated"
"Tmem14c",0.0998046091415459,0.3488,"13","transmembrane protein 14C"
"Tuba1b",0.0997978378202422,0.4268,"15","tubulin, alpha 1B"
"Lrrc4b",0.0997516646037457,0.492,"7","leucine rich repeat containing 4B"
"Socs6",-0.099715740782357,0.25,"18","suppressor of cytokine signaling 6"
"Zfp493",0.0997113722285423,0.4476,"13","zinc finger protein 493"
"E130311K13Rik",0.0996985887629958,0.5044,"3","RIKEN cDNA E130311K13 gene"
"Scmh1",0.0996939742485985,0.2464,"4","sex comb on midleg homolog 1"
"Lyar",0.0996689217970759,0.466,"5","Ly1 antibody reactive clone"
"Mast4",-0.0996674350669595,0.5408,"13","microtubule associated serine/threonine kinase family member 4"
"Rps27a",0.0996656478390561,0.5232,"11","ribosomal protein S27A"
"Brd7",0.0996653865309485,0.098,"8","bromodomain containing 7"
"Ypel1",0.0996622749335216,0.4012,"16","yippee like 1"
"Trpc1",0.0996615632112476,0.248,"9","transient receptor potential cation channel, subfamily C, member 1"
"Emc9",-0.0996561355478329,0.5332,"14","ER membrane protein complex subunit 9"
"Hes5",-0.0996268127885842,0.7544,"4","hes family bHLH transcription factor 5"
"Lipo3",0.0996133647871944,0.5512,"19","lipase, member O3"
"Srgap1",-0.0996050254421901,0.4996,"10","SLIT-ROBO Rho GTPase activating protein 1"
"Arsg",-0.0995903156498139,0.6508,"11","arylsulfatase G"
"Tsga10",0.0995799790590199,0.5896,"1","testis specific 10"
"Cby1",0.0995327780899506,0.3892,"15","chibby family member 1, beta catenin antagonist"
"Galnt6",-0.0995219116758941,0.6672,"15","polypeptide N-acetylgalactosaminyltransferase 6"
"Chpf2",0.099520489624835,0.6628,"5","chondroitin polymerizing factor 2"
"Ndor1",0.0995068640804462,0.5796,"2","NADPH dependent diflavin oxidoreductase 1"
"Ndor1",0.0995068640804462,0.5796,"2","NADPH dependent diflavin oxidoreductase 1"
"Cetn2",0.0994974690229826,0.3856,"X","centrin 2"
"Cct6a",0.0994903450338871,0.4052,"5","chaperonin containing Tcp1, subunit 6a (zeta)"
"Abcb7",-0.0994829691675996,0.376,"X","ATP-binding cassette, sub-family B (MDR/TAP), member 7"
"Kcna2",-0.099474678288785,0.352,"3","potassium voltage-gated channel, shaker-related subfamily, member 2"
"Micos13",-0.0994575376778473,0.5436,"17","mitochondrial contact site and cristae organizing system subunit 13"
"Hs3st4",-0.0994538991959057,0.5916,"7","heparan sulfate (glucosamine) 3-O-sulfotransferase 4"
"Hspa1l",0.0994399499917811,0.2872,"17","heat shock protein 1-like"
"Rcor2",0.099434849295954,0.3548,"19","REST corepressor 2"
"Nbas",-0.0993913068053693,0.3472,"12","neuroblastoma amplified sequence"
"Zfp3",0.0993627721363257,0.234,"11","zinc finger protein 3"
"Zfp579",0.0993133332770739,0.692,"7","zinc finger protein 579"
"Tmem80",0.0992753475054897,0.546,"7","transmembrane protein 80"
"Hmgcs2",0.0992683417932074,0.6628,"3","3-hydroxy-3-methylglutaryl-Coenzyme A synthase 2"
"Srp19",0.0992585837388935,0.3376,"18","signal recognition particle 19"
"Swi5",0.0992572310695543,0.234,"2","SWI5 recombination repair homolog (yeast)"
"Tada1",0.0992558885524497,0.162,"1","transcriptional adaptor 1"
"Nfyc",0.0992339572430074,0.3324,"4","nuclear transcription factor-Y gamma"
"Mcfd2",0.0992227251642284,0.4376,"17","multiple coagulation factor deficiency 2"
"Col19a1",0.0992119622494645,0.7656,"1","collagen, type XIX, alpha 1"
"Fam98b",0.0991655357588526,0.24,"2","family with sequence similarity 98, member B"
"Morc3",0.0991493428663075,0.4468,"16","microrchidia 3"
"Urod",0.099136125771639,0.4304,"4","uroporphyrinogen decarboxylase"
"Rad23b",-0.0991266924149548,0.3904,"4","RAD23 homolog B, nucleotide excision repair protein"
"Zfp691",0.099061632503028,0.4576,"4","zinc finger protein 691"
"Nfya",0.0990188925123512,0.4908,"17","nuclear transcription factor-Y alpha"
"Sfmbt1",-0.0990018619544299,0.3332,"14","Scm-like with four mbt domains 1"
"Acin1",0.0990010305575728,0.5496,"14","apoptotic chromatin condensation inducer 1"
"Svbp",0.0989800676827763,0.5532,"4","small vasohibin binding protein"
"Lars2",0.0989741338736003,0.8272,"9","leucyl-tRNA synthetase, mitochondrial"
"Tmem176b",-0.0989641085270012,0.598,"6","transmembrane protein 176B"
"Cnot11",0.0989582535587958,0.0184,"1","CCR4-NOT transcription complex, subunit 11"
"Zkscan17",0.0989488698189711,0.7784,"11","zinc finger with KRAB and SCAN domains 17"
"Irf9",-0.0989333285420786,0.702,"14","interferon regulatory factor 9"
"Mboat1",-0.0989233778305705,0.716,"13","membrane bound O-acyltransferase domain containing 1"
"Ly86",0.0989180426840073,0.7732,"13","lymphocyte antigen 86"
"Ppp1r9b",0.0988964682041722,0.4496,"11","protein phosphatase 1, regulatory subunit 9B"
"Pdhb",0.0988362583786406,0.046,"14","pyruvate dehydrogenase (lipoamide) beta"
"Capn5",-0.0988069574897823,0.302,"7","calpain 5"
"H2-DMa",0.0987793718329875,0.4296,"17","histocompatibility 2, class II, locus DMa"
"Psmg2",-0.098777666668612,0.5384,"18","proteasome (prosome, macropain) assembly chaperone 2"
"Sf3b6",0.0987765959880287,0.4032,"12","splicing factor 3B, subunit 6"
"Egfr",0.0987622779742758,0.5664,"11","epidermal growth factor receptor"
"Rnf130",-0.0987318018087597,0.1624,"11","ring finger protein 130"
"Chchd5",0.0986937463189044,0.52,"2","coiled-coil-helix-coiled-coil-helix domain containing 5"
"Creld1",0.0986888319328392,0.2424,"6","cysteine-rich with EGF-like domains 1"
"Prrt3",-0.0986467265414657,0.37,"6","proline-rich transmembrane protein 3"
"Slit1",-0.0986117296303783,0.602,"19","slit guidance ligand 1"
"Adamtsl2",0.0985288415759613,0.6416,"2","ADAMTS-like 2"
"Dkk3",-0.0985096681421691,0.4716,"7","dickkopf WNT signaling pathway inhibitor 3"
"Cyp7b1",0.0985059085084696,0.6664,"3","cytochrome P450, family 7, subfamily b, polypeptide 1"
"LTO1",0.0984896789940728,0.3136,"7","ABCE maturation factor"
"Smim18",-0.0984666110339796,0.6876,"8","small integral membrane protein 18"
"Lypd1",0.0984153983485081,0.4764,"1","Ly6/Plaur domain containing 1"
"Evi5l",-0.0984153111091777,0.0152,"8","ecotropic viral integration site 5 like"
"Kdm2a",-0.0984015644087499,0.3828,"19","lysine (K)-specific demethylase 2A"
"Rab30",-0.0984005898582843,0.4924,"7","RAB30, member RAS oncogene family"
"Coa6",-0.098382342669133,0.2108,"8","cytochrome c oxidase assembly factor 6"
"Btf3",0.0983778083685438,0.51,"13","basic transcription factor 3"
"Cacna2d3",-0.0983723241505334,0.4436,"14","calcium channel, voltage-dependent, alpha2/delta subunit 3"
"Zbtb18",0.0983544731139503,0.2488,"1","zinc finger and BTB domain containing 18"
"Smyd5",0.09834431058162,0.2616,"6","SET and MYND domain containing 5"
"Rnf139",0.0983301166695014,0.4444,"15","ring finger protein 139"
"Bbs7",0.0983119758296782,0.4264,"3","Bardet-Biedl syndrome 7 (human)"
"Uba3",0.0983037006484233,0.376,"6","ubiquitin-like modifier activating enzyme 3"
"Npc2",-0.0982849289451178,0.4584,"12","NPC intracellular cholesterol transporter 2"
"Slc18b1",0.0982809603309791,0.3928,"10","solute carrier family 18, subfamily B, member 1"
"Tpcn1",0.0982321255036096,0.3216,"5","two pore channel 1"
"Relt",0.0982266147141195,0.3328,"7","RELT tumor necrosis factor receptor"
"Tcp1",0.0981827835285989,0.304,"17","t-complex protein 1"
"Zbtb26",0.098179511299465,0.6008,"2","zinc finger and BTB domain containing 26"
"Asap2",-0.0981692757559864,0.4956,"12","ArfGAP with SH3 domain, ankyrin repeat and PH domain 2"
"Gm15246",0.0981591629412804,0.6784,"X","predicted gene 15246"
"Plcl1",-0.0981537551808778,0.4792,"1","phospholipase C-like 1"
"Ppp4r3a",0.098139290416694,0.3176,"12","protein phosphatase 4 regulatory subunit 3A"
"Smarca1",0.0980748349857121,0.6356,"X","SWI/SNF related, matrix associated, actin dependent regulator of chromatin, subfamily a, member 1"
"Ddx56",0.0980699106090599,0.2556,"11","DEAD box helicase 56"
"Sez6",-0.0980681277858215,0.4884,"11","seizure related gene 6"
"Rraga",0.0980468637889329,0.32,"4","Ras-related GTP binding A"
"Polr2l",0.0980211044492618,0.6068,"7","polymerase (RNA) II (DNA directed) polypeptide L"
"Scg3",0.0979904415802739,0.1324,"9","secretogranin III"
"E2f1",-0.0979569391763948,0.4852,"2","E2F transcription factor 1"
"Ccdc171",0.0979501184083218,0.74,"4","coiled-coil domain containing 171"
"Clmp",0.097946158550303,0.4112,"9","CXADR-like membrane protein"
"D6Wsu163e",0.0978834851805264,0.402,"6","DNA segment, Chr 6, Wayne State University 163, expressed"
"Pnpt1",0.0978457758177909,0.4876,"11","polyribonucleotide nucleotidyltransferase 1"
"Prkar2a",-0.0978353656215107,0.3852,"9","protein kinase, cAMP dependent regulatory, type II alpha"
"Rtl3",0.0977825109437847,0.6144,"X","retrotransposon Gag like 3"
"Reck",0.0977710654304449,0.6756,"4","reversion-inducing-cysteine-rich protein with kazal motifs"
"Api5",0.0977580454150289,0.1984,"2","apoptosis inhibitor 5"
"Arf5",0.0977564229688372,0.5784,"6","ADP-ribosylation factor 5"
"Plxnc1",-0.0976815380690468,0.3776,"10","plexin C1"
"Fundc1",0.0976489180334461,0.248,"X","FUN14 domain containing 1"
"Vps28",0.0976483843757974,0.4588,"15","vacuolar protein sorting 28"
"Rad50",-0.0976392003782758,0.3108,"11","RAD50 double strand break repair protein"
"Kdm4a",-0.0976304883719727,0.0928,"4","lysine (K)-specific demethylase 4A"
"Yipf4",0.0976073245351117,0.3008,"17","Yip1 domain family, member 4"
"Smim10l2a",-0.0975774983265727,0.5312,"X","small integral membrane protein 10 like 2A"
"Hsdl2",0.0975443964417444,0.1928,"4","hydroxysteroid dehydrogenase like 2"
"Nol8",-0.0975056630348217,0.4556,"13","nucleolar protein 8"
"D7Ertd443e",0.0974332182836029,0.6964,"7","DNA segment, Chr 7, ERATO Doi 443, expressed"
"Uvssa",0.0974228253530036,0.7952,"5","UV stimulated scaffold protein A"
"Adipor2",-0.0974191535367561,0.6464,"6","adiponectin receptor 2"
"Kansl3",0.0974154843355768,0.2324,"1","KAT8 regulatory NSL complex subunit 3"
"Rusc2",-0.0974132558275596,0.0056,"4","RUN and SH3 domain containing 2"
"Rbbp6",0.0973745366652095,0.4772,"7","retinoblastoma binding protein 6, ubiquitin ligase"
"Cog1",0.0973686693698834,0.378,"11","component of oligomeric golgi complex 1"
"Zfp772",0.097355563103414,0.4652,"7","zinc finger protein 772"
"St8sia1",-0.0973418408061129,0.3828,"6","ST8 alpha-N-acetyl-neuraminide alpha-2,8-sialyltransferase 1"
"Eif2b4",0.0973221644198174,0.2376,"5","eukaryotic translation initiation factor 2B, subunit 4 delta"
"Naa16",0.0973188595491119,0.6116,"14","N(alpha)-acetyltransferase 16, NatA auxiliary subunit"
"Qars",0.0973098730797224,0.1336,"9","glutaminyl-tRNA synthetase"
"Slc25a33",0.0973064017672325,0.5336,"4","solute carrier family 25, member 33"
"Rbm43",0.0973016683564762,0.4588,"2","RNA binding motif protein 43"
"Espn",-0.0972940019233111,0.592,"4","espin"
"Plekhj1",0.0972745068169969,0.414,"10","pleckstrin homology domain containing, family J member 1"
"Aimp1",0.0972229396742295,0.32,"3","aminoacyl tRNA synthetase complex-interacting multifunctional protein 1"
"Edf1",0.0972032072111748,0.5208,"2","endothelial differentiation-related factor 1"
"Ydjc",0.0971929648523981,0.3928,"16","YdjC homolog (bacterial)"
"Spg21",0.0971871958370842,0.2332,"9","SPG21, maspardin"
"Tpgs2",0.0971486680179403,0.2912,"18","tubulin polyglutamylase complex subunit 2"
"Nup214",-0.097121976066024,0.1624,"2","nucleoporin 214"
"Anln",-0.0971056745886871,0.7288,"9","anillin, actin binding protein"
"Pex14",-0.0970953697578976,0.3476,"4","peroxisomal biogenesis factor 14"
"Ndufb3",0.0970779064488987,0.4468,"1","NADH:ubiquinone oxidoreductase subunit B3"
"Rnf217",0.0970764641293025,0.608,"10","ring finger protein 217"
"Ppm1h",-0.0970686810165438,0.1836,"10","protein phosphatase 1H (PP2C domain containing)"
"Pgm2",-0.0970678815343211,0.4552,"5","phosphoglucomutase 2"
"Htr3a",-0.0970640219883272,0.64,"9","5-hydroxytryptamine (serotonin) receptor 3A"
"Raly",0.0970570737084397,0.4488,"2","hnRNP-associated with lethal yellow"
"Ecd",0.0970474585400769,0.1084,"14","ecdysoneless cell cycle regulator"
"Ggct",0.0970447819257698,0.4824,"6","gamma-glutamyl cyclotransferase"
"Obscn",0.0970104966760119,0.7124,"11","obscurin, cytoskeletal calmodulin and titin-interacting RhoGEF"
"Eif4ebp2",-0.0970100633688569,0.5836,"10","eukaryotic translation initiation factor 4E binding protein 2"
"Rplp0",0.0969812294120214,0.5464,"5","ribosomal protein, large, P0"
"Lct",0.0969735772442792,0.4032,"1","lactase"
"Ddx21",-0.0969572698026671,0.2732,"10","DExD box helicase 21"
"Ndst2",0.0969409437331126,0.452,"14","N-deacetylase/N-sulfotransferase (heparan glucosaminyl) 2"
"Commd7",0.0969295605924074,0.3372,"2","COMM domain containing 7"
"Riok3",0.0969122233065836,0.2356,"18","RIO kinase 3"
"Sema6a",-0.0968808431131984,0.538,"18","sema domain, transmembrane domain (TM), and cytoplasmic domain, (semaphorin) 6A"
"Cir1",0.0968711555551329,0.3804,"2","corepressor interacting with RBPJ, 1"
"Thumpd1",-0.0968429925967653,0.3876,"7","THUMP domain containing 1"
"Cbx1",0.0968280714001182,0.0568,"11","chromobox 1"
"Pard6b",0.0968032579767031,0.5132,"2","par-6 family cell polarity regulator beta"
"Sars2",0.0967701387273068,0.4132,"7","seryl-aminoacyl-tRNA synthetase 2"
"Pmf1",0.0967037304100582,0.7272,"3","polyamine-modulated factor 1"
"Epas1",-0.0966969948552423,0.4264,"17","endothelial PAS domain protein 1"
"Ilkap",0.0966310341205112,0.4012,"1","integrin-linked kinase-associated serine/threonine phosphatase 2C"
"Rps15",0.0966309864635431,0.61,"10","ribosomal protein S15"
"Sub1",0.0966304943684682,0.3152,"15","SUB1 homolog, transcriptional regulator"
"Nbea",-0.0965809699657969,0.426,"3","neurobeachin"
"Usp21",0.0965736233212668,0.2124,"1","ubiquitin specific peptidase 21"
"Ptger1",0.0965587907954806,0.5068,"8","prostaglandin E receptor 1 (subtype EP1)"
"Scamp2",-0.0965557206559993,0.3128,"9","secretory carrier membrane protein 2"
"Lin7b",0.0965542421331245,0.5412,"7","lin-7 homolog B, crumbs cell polarity complex component"
"Plxna1",-0.0964970848531044,0.4232,"6","plexin A1"
"Smyd3",0.0964799827898535,0.1592,"1","SET and MYND domain containing 3"
"Sh3bgrl3",0.0964625547080686,0.5944,"4","SH3 domain binding glutamic acid-rich protein-like 3"
"Dtd2",0.096446064501019,0.5956,"12","D-tyrosyl-tRNA deacylase 2"
"Trim46",0.0964210085657413,0.4152,"3","tripartite motif-containing 46"
"Serpina3n",-0.096405591808808,0.5316,"12","serine (or cysteine) peptidase inhibitor, clade A, member 3N"
"Noc2l",0.0964043456696206,0.3928,"4","NOC2 like nucleolar associated transcriptional repressor"
"Piga",-0.0963979040282861,0.5484,"X","phosphatidylinositol glycan anchor biosynthesis, class A"
"Slc9a4",-0.0963771560386157,0.6796,"1","solute carrier family 9 (sodium/hydrogen exchanger), member 4"
"Tmem175",0.0963738035233233,0.2944,"5","transmembrane protein 175"
"Mn1",-0.0963650931163427,0.32,"5","meningioma 1"
"Ankmy2",0.0963567885553696,0.32,"12","ankyrin repeat and MYND domain containing 2"
"Trp53i11",0.0963171863556038,0.5456,"2","transformation related protein 53 inducible protein 11"
"Kat5",0.0963169248259348,0.15,"19","K(lysine) acetyltransferase 5"
"Dis3l",0.0963165844879574,0.3352,"9","DIS3 like exosome 3'-5' exoribonuclease"
"Uba52",0.0962802838019705,0.5968,"8","ubiquitin A-52 residue ribosomal protein fusion product 1"
"Insyn2a",-0.0962732715954471,0.5724,"7","inhibitory synaptic factor 2A"
"Ift46",0.096251332965033,0.31,"9","intraflagellar transport 46"
"Zc3h14",0.0962501544925027,0.2228,"12","zinc finger CCCH type containing 14"
"Dusp11",0.0962174222524483,0.7268,"6","dual specificity phosphatase 11 (RNA/RNP complex 1-interacting)"
"Vps37c",-0.0962093569141365,0.18,"19","vacuolar protein sorting 37C"
"Ppp2r5d",0.0961982277970073,0.238,"17","protein phosphatase 2, regulatory subunit B', delta"
"Esd",0.0961950527428845,0.4024,"14","esterase D/formylglutathione hydrolase"
"Ccdc3",-0.0961947688591449,0.7304,"2","coiled-coil domain containing 3"
"Ift81",0.0961868762592397,0.4124,"5","intraflagellar transport 81"
"Fgfbp3",0.0961766151023427,0.686,"19","fibroblast growth factor binding protein 3"
"Bmerb1",0.0961661515418726,0.456,"16","bMERB domain containing 1"
"Psmd5",0.0961083133684122,0.5392,"2","proteasome (prosome, macropain) 26S subunit, non-ATPase, 5"
"Nab2",0.0960634197929773,0.4976,"10","Ngfi-A binding protein 2"
"Grwd1",-0.0960447483954154,0.5952,"7","glutamate-rich WD repeat containing 1"
"Rtn4ip1",0.0960431096188765,0.3172,"10","reticulon 4 interacting protein 1"
"Erp29",0.0960238885324545,0.438,"5","endoplasmic reticulum protein 29"
"Ddx41",0.0959382224921956,0.4488,"13","DEAD box helicase 41"
"Cdh12",0.0958909153718368,0.6396,"15","cadherin 12"
"Trpm2",-0.0958872448267334,0.5708,"10","transient receptor potential cation channel, subfamily M, member 2"
"Ywhah",0.095882576132766,0.4904,"5","tyrosine 3-monooxygenase/tryptophan 5-monooxygenase activation protein, eta polypeptide"
"Prickle1",-0.0958584687965107,0.4032,"15","prickle planar cell polarity protein 1"
"Anapc4",0.0958126663996941,0.206,"5","anaphase promoting complex subunit 4"
"Ube2m",0.0958109487077348,0.5076,"7","ubiquitin-conjugating enzyme E2M"
"Rbm5",0.0958054908798855,0.4712,"9","RNA binding motif protein 5"
"Mmd",0.0957764218078196,0.3404,"11","monocyte to macrophage differentiation-associated"
"Peg10",0.0957722927553109,0.5232,"6","paternally expressed 10"
"Gipc3",-0.0957628556603582,0.592,"10","GIPC PDZ domain containing family, member 3"
"Satb1",0.0957539826476506,0.2168,"17","special AT-rich sequence binding protein 1"
"Sgsm2",0.0957535512689667,0.4064,"11","small G protein signaling modulator 2"
"Trappc1",0.0957272754116856,0.4772,"11","trafficking protein particle complex 1"
"Zfp758",0.0957122020297141,0.5268,"17","zinc finger protein 758"
"Evi5",-0.0957021860685883,0.3996,"5","ecotropic viral integration site 5"
"Cnnm3",0.095674606739613,0.4068,"1","cyclin M3"
"Aen",-0.0956268880867719,0.5592,"7","apoptosis enhancing nuclease"
"Maf1",0.0956123541339196,0.478,"15","MAF1 homolog, negative regulator of RNA polymerase III"
"Mon1a",0.0955874477507654,0.3444,"9","MON1 homolog A, secretory traffciking associated"
"Dock3",-0.0955695922321915,0.3012,"9","dedicator of cyto-kinesis 3"
"Mertk",-0.0955532937322534,0.626,"2","MER proto-oncogene tyrosine kinase"
"Plxna2",-0.0955101154368867,0.3688,"1","plexin A2"
"Sass6",0.0954974432805726,0.4228,"3","SAS-6 centriolar assembly protein"
"Vps45",0.095490875589487,0.3284,"3","vacuolar protein sorting 45"
"Mrps7",0.0954869749909708,0.4708,"11","mitchondrial ribosomal protein S7"
"Mrpl53",-0.0954260178043107,0.46,"6","mitochondrial ribosomal protein L53"
"Frat1",-0.0954256338953794,0.4236,"19","frequently rearranged in advanced T cell lymphomas"
"Mrps36",0.0954181608729869,0.4504,"13","mitochondrial ribosomal protein S36"
"Spsb1",0.0954116052724912,0.7172,"4","splA/ryanodine receptor domain and SOCS box containing 1"
"Nprl3",0.0954103676913531,0.4596,"11","nitrogen permease regulator-like 3"
"Gapdhs",0.0953642101232202,0.7052,"7","glyceraldehyde-3-phosphate dehydrogenase, spermatogenic"
"Gstm7",0.0953625961644162,0.706,"3","glutathione S-transferase, mu 7"
"Rnf126",0.095360725625369,0.44,"10","ring finger protein 126"
"Rubcn",-0.0953566341933278,0.1312,"16","RUN domain and cysteine-rich domain containing, Beclin 1-interacting protein"
"Gtf2h3",0.0953563932484713,0.4476,"5","general transcription factor IIH, polypeptide 3"
"Ifrd1",0.0953475429758619,0.2348,"12","interferon-related developmental regulator 1"
"Jpt1",0.0953420422526348,0.4824,"11","Jupiter microtubule associated homolog 1"
"Tmem237",0.0953256659963726,0.6344,"1","transmembrane protein 237"
"Ssbp4",0.0953093865471324,0.57,"8","single stranded DNA binding protein 4"
"Rab34",0.0952923383387239,0.6356,"11","RAB34, member RAS oncogene family"
"Rtn4",-0.0952897331387828,0.6172,"11","reticulon 4"
"Glyctk",-0.0952849437036876,0.5404,"9","glycerate kinase"
"Gucy1a1",-0.0952428700889376,0.4476,"3","guanylate cyclase 1, soluble, alpha 1"
"Fam98a",0.0952114469680296,0.2084,"17","family with sequence similarity 98, member A"
"Neurod1",0.0951997384802636,0.346,"2","neurogenic differentiation 1"
"Bzw2",0.0951913210595068,0.3608,"12","basic leucine zipper and W2 domains 2"
"Suds3",0.0951840595158506,0.354,"5","suppressor of defective silencing 3 homolog (S. cerevisiae)"
"Limd2",0.0951434627076777,0.5744,"11","LIM domain containing 2"
"Slitrk5",-0.0951357152374523,0.4456,"14","SLIT and NTRK-like family, member 5"
"Traf4",0.0951255525507064,0.4376,"11","TNF receptor associated factor 4"
"Rp2",-0.0950904344733994,0.2456,"X","retinitis pigmentosa 2 homolog"
"Gripap1",0.0950587579623106,0.3888,"X","GRIP1 associated protein 1"
"Iscu",0.095054630238252,0.4796,"5","iron-sulfur cluster assembly enzyme"
"Mfsd12",-0.0950511803994116,0.3208,"10","major facilitator superfamily domain containing 12"
"Kctd14",0.0950277457803568,0.6244,"7","potassium channel tetramerisation domain containing 14"
"Mrps27",0.0950198966653186,0.4476,"13","mitochondrial ribosomal protein S27"
"Znhit6",-0.0949904302826159,0.2556,"3","zinc finger, HIT type 6"
"Agl",-0.0949872103355442,0.0632,"3","amylo-1,6-glucosidase, 4-alpha-glucanotransferase"
"Agbl5",0.0949642032949032,0.7132,"5","ATP/GTP binding protein-like 5"
"Pla2g12a",0.0949395991150181,0.4744,"3","phospholipase A2, group XIIA"
"Armc10",0.0949322207749557,0.0268,"5","armadillo repeat containing 10"
"Zfp944",0.0949196362579006,0.4352,"17","zinc finger protein 944"
"Rfx3",0.0949027359391899,0.4544,"19","regulatory factor X, 3 (influences HLA class II expression)"
"Zfp1",0.0948962199467109,0.3228,"8","zinc finger protein 1"
"Hacd1",0.0948801611053667,0.4932,"2","3-hydroxyacyl-CoA dehydratase 1"
"Zscan12",-0.0948771738593703,0.356,"13","zinc finger and SCAN domain containing 12"
"Irf3",0.0948410362551915,0.534,"7","interferon regulatory factor 3"
"Lhx6",-0.0947836323138018,0.474,"2","LIM homeobox protein 6"
"Atxn3",0.0947737569005902,0.1436,"12","ataxin 3"
"2310057M21Rik",0.0947704438410382,0.4816,"7","RIKEN cDNA 2310057M21 gene"
"Smg9",0.0947536756727496,0.5088,"7","SMG9 nonsense mediated mRNA decay factor"
"Zfp830",0.0947206460790238,0.4912,"11","zinc finger protein 830"
"Cnot7",0.0946980146520797,0.274,"8","CCR4-NOT transcription complex, subunit 7"
"Ciao2b",-0.0946943880280608,0.5124,"8","cytosolic iron-sulfur assembly component 2B"
"Pcca",-0.0946933286164837,0.2976,"14","propionyl-Coenzyme A carboxylase, alpha polypeptide"
"Brcc3",0.0946578000326568,0.3048,"X","BRCA1/BRCA2-containing complex, subunit 3"
"Lrwd1",0.0946285788803851,0.434,"5","leucine-rich repeats and WD repeat domain containing 1"
"Tbl3",0.0946143443916867,0.3916,"17","transducin (beta)-like 3"
"E130307A14Rik",0.0945734534257068,0.4836,"10","RIKEN cDNA E130307A14 gene"
"Myh10",-0.0945589356837253,0.4068,"11","myosin, heavy polypeptide 10, non-muscle"
"D630023F18Rik",-0.0945369578888506,0.6048,"1","RIKEN cDNA D630023F18 gene"
"Alg14",0.0945213927229456,0.4292,"3","asparagine-linked glycosylation 14"
"Traf3ip1",-0.0945201184779876,0.422,"1","TRAF3 interacting protein 1"
"Qser1",0.0945182431998663,0.4992,"2","glutamine and serine rich 1"
"Sp4",-0.094483129718081,0.5128,"12","trans-acting transcription factor 4"
"Parva",-0.0944465749612329,0.232,"7","parvin, alpha"
"Mocs2",0.0943907767640306,0.3832,"13","molybdenum cofactor synthesis 2"
"Cnih1",0.0943767225970786,0.3632,"14","cornichon family AMPA receptor auxiliary protein 1"
"Mmgt1",-0.0943557122502456,0.3784,"X","membrane magnesium transporter 1"
"Tmem229b",-0.0943353690448498,0.354,"12","transmembrane protein 229B"
"Tmem214",0.0943043092573976,0.6212,"5","transmembrane protein 214"
"Eya3",0.0943028113909836,0.4636,"4","EYA transcriptional coactivator and phosphatase 3"
"Mrpl13",0.0943006890614209,0.392,"15","mitochondrial ribosomal protein L13"
"Tmem184b",-0.0942845094065268,0.238,"15","transmembrane protein 184b"
"Fcho2",0.0942839301388929,0.5088,"13","FCH domain only 2"
"Pdap1",0.0942675768797328,0.2804,"5","PDGFA associated protein 1"
"Pstpip2",0.0942571875022788,0.6432,"18","proline-serine-threonine phosphatase-interacting protein 2"
"Vbp1",0.0942347733065203,0.206,"X","von Hippel-Lindau binding protein 1"
"Ankrd33b",-0.0942342243546248,0.5936,"15","ankyrin repeat domain 33B"
"Pdp1",0.0942124392399393,0.5348,"4","pyruvate dehydrogenase phosphatase catalytic subunit 1"
"Prim2",0.094206054151762,0.3288,"1","DNA primase, p58 subunit"
"Focad",0.0941921674753683,0.5884,"4","focadhesin"
"Meak7",-0.094165298145378,0.3644,"8","MTOR associated protein, eak-7 homolog"
"Per3",0.0941301580117937,0.6184,"4","period circadian clock 3"
"Dnajc8",0.0940778513670102,0.2052,"4","DnaJ heat shock protein family (Hsp40) member C8"
"Ccdc71l",0.0940576624046985,0.4388,"12","coiled-coil domain containing 71 like"
"Lgi4",0.0940355060644169,0.338,"7","leucine-rich repeat LGI family, member 4"
"Crlf2",0.0940337641868565,0.4676,"5","cytokine receptor-like factor 2"
"Scamp4",0.0939901546755069,0.5944,"10","secretory carrier membrane protein 4"
"Yeats4",0.0939732034981349,0.3864,"10","YEATS domain containing 4"
"Prox1",0.0939718518857067,0.5404,"1","prospero homeobox 1"
"Kctd18",0.0939295343102051,0.498,"1","potassium channel tetramerisation domain containing 18"
"Armh3",-0.0938933314612846,0.514,"19","armadillo-like helical domain containing 3"
"Drg2",0.0938671386679308,0.3532,"11","developmentally regulated GTP binding protein 2"
"Ephb1",-0.0938032114994449,0.458,"9","Eph receptor B1"
"Zup1",-0.0937909044085021,0.6484,"10","zinc finger containing ubiquitin peptidase 1"
"Snx12",-0.093775639131521,0.2276,"X","sorting nexin 12"
"Disp2",-0.0937743615331481,0.308,"2","dispatched RND tramsporter family member 2"
"Snca",0.093766685299272,0.468,"6","synuclein, alpha"
"Dis3",0.093748154499802,0.5616,"14","DIS3 homolog, exosome endoribonuclease and 3'-5' exoribonuclease"
"Abl2",-0.0937170438213411,0.39,"1","v-abl Abelson murine leukemia viral oncogene 2 (arg, Abelson-related gene)"
"Lrrk2",-0.0936482246408836,0.6268,"15","leucine-rich repeat kinase 2"
"Snx8",-0.0936074230709241,0.4608,"5","sorting nexin 8"
"Ndrg2",0.0935998132903499,0.5096,"14","N-myc downstream regulated gene 2"
"Rufy1",0.0935761888526709,0.2256,"11","RUN and FYVE domain containing 1"
"Ppfia1",0.0935727632151293,0.4144,"7","protein tyrosine phosphatase, receptor type, f polypeptide (PTPRF), interacting protein (liprin), alpha 1"
"C2cd3",0.0935700983723287,0.0984,"7","C2 calcium-dependent domain containing 3"
"Farsb",0.0935606354543088,0.126,"1","phenylalanyl-tRNA synthetase, beta subunit"
"Gpatch4",0.0935531774502936,0.3456,"3","G patch domain containing 4"
"Nfkbia",0.0935500177069013,0.5644,"12","nuclear factor of kappa light polypeptide gene enhancer in B cells inhibitor, alpha"
"Plppr5",0.0934577389694553,0.4296,"3","phospholipid phosphatase related 5"
"Parp2",0.0934310285960205,0.354,"14","poly (ADP-ribose) polymerase family, member 2"
"Plin4",-0.0934040124430817,0.848,"17","perilipin 4"
"Mphosph9",0.0933991675661545,0.7004,"5","M-phase phosphoprotein 9"
"Trf",-0.0933791532919166,0.706,"9","transferrin"
"Zfp800",0.0933554680460493,0.5988,"6","zinc finger protein 800"
"Lin7c",0.09333433774004,0.3792,"2","lin-7 homolog C, crumbs cell polarity complex component"
"Ddx1",0.0932909607207693,0.294,"12","DEAD box helicase 1"
"Timm10",0.0932808789191144,0.5832,"2","translocase of inner mitochondrial membrane 10"
"Ndufv2",0.0932330119572775,0.4652,"17","NADH:ubiquinone oxidoreductase core subunit V2"
"Gabpb2",0.0932154809982437,0.724,"3","GA repeat binding protein, beta 2"
"Zfp709",0.0932154472002016,0.6332,"8","zinc finger protein 709"
"Fam78b",-0.0932067703179067,0.2552,"1","family with sequence similarity 78, member B"
"Arel1",-0.0932061758687386,0.2852,"12","apoptosis resistant E3 ubiquitin protein ligase 1"
"Kctd7",0.0932013995778909,0.572,"5","potassium channel tetramerisation domain containing 7"
"Paip2",0.0931987784504686,0.0352,"18","polyadenylate-binding protein-interacting protein 2"
"Eif3k",0.0931926195737152,0.526,"7","eukaryotic translation initiation factor 3, subunit K"
"Dennd1b",-0.0931909895618634,0.5764,"1","DENN/MADD domain containing 1B"
"Dctn6",0.0931872875261339,0.3256,"8","dynactin 6"
"Lysmd2",0.0931670194563727,0.4608,"9","LysM, putative peptidoglycan-binding, domain containing 2"
"Trmt61b",0.0931260222642329,0.3152,"17","tRNA methyltransferase 61B"
"Stub1",0.0930997448709032,0.2832,"17","STIP1 homology and U-Box containing protein 1"
"Stn1",0.0930846037679851,0.2872,"19","STN1, CST complex subunit"
"Ndufaf4",0.0930826068370534,0.1676,"4","NADH:ubiquinone oxidoreductase complex assembly factor 4"
"Rfx1",0.093078356601219,0.702,"8","regulatory factor X, 1 (influences HLA class II expression)"
"Aqp11",-0.0930758999545578,0.5276,"7","aquaporin 11"
"Telo2",0.0930493141779571,0.5148,"17","telomere maintenance 2"
"Hbs1l",0.0930351276651136,0.308,"10","Hbs1-like (S. cerevisiae)"
"Kif16b",-0.0930184258729394,0.4108,"2","kinesin family member 16B"
"Usp34",-0.0930167281031631,0.6364,"11","ubiquitin specific peptidase 34"
"Slc38a5",0.0930106548357794,0.5632,"X","solute carrier family 38, member 5"
"Ttc9",-0.0930089176599012,0.3632,"12","tetratricopeptide repeat domain 9"
"Pou3f4",-0.0929817453304711,0.1724,"X","POU domain, class 3, transcription factor 4"
"Hmgn1",0.0929712613810416,0.324,"16","high mobility group nucleosomal binding domain 1"
"Irak1bp1",0.0929696004707941,0.288,"9","interleukin-1 receptor-associated kinase 1 binding protein 1"
"Tet2",0.0929669840396885,0.788,"3","tet methylcytosine dioxygenase 2"
"Psmc6",0.0928942752644364,0.3464,"14","proteasome (prosome, macropain) 26S subunit, ATPase, 6"
"Prpsap1",0.0928787797060036,0.3412,"11","phosphoribosyl pyrophosphate synthetase-associated protein 1"
"Cnp",-0.092851259803048,0.688,"11","2',3'-cyclic nucleotide 3' phosphodiesterase"
"Mttp",-0.0928375743252836,0.4528,"3","microsomal triglyceride transfer protein"
"Tsen2",0.0928177937693886,0.3028,"6","tRNA splicing endonuclease subunit 2"
"Cyp2j9",0.0927662415011836,0.3316,"4","cytochrome P450, family 2, subfamily j, polypeptide 9"
"Adnp2",-0.0927634903246268,0.3736,"18","ADNP homeobox 2"
"Arsb",-0.0927585143719423,0.3784,"13","arylsulfatase B"
"Nubp1",0.0927515464394584,0.616,"16","nucleotide binding protein 1"
"Rpl23",0.0927173469184552,0.6092,"11","ribosomal protein L23"
"Pald1",0.0926835924573193,0.6416,"10","phosphatase domain containing, paladin 1"
"Npdc1",0.0926818526362148,0.4696,"2","neural proliferation, differentiation and control 1"
"Setdb1",0.0926352941014468,0.576,"3","SET domain, bifurcated 1"
"Rpl13",0.0926337334766396,0.6008,"8","ribosomal protein L13"
"Rab40b",0.0926184350619064,0.2068,"11","Rab40B, member RAS oncogene family"
"Lrrc8b",-0.0926145300318932,0.5216,"5","leucine rich repeat containing 8 family, member B"
"Rab3c",-0.0926060679299496,0.4864,"13","RAB3C, member RAS oncogene family"
"Klhl5",0.0926002290462309,0.0052,"5","kelch-like 5"
"Gemin8",0.0925781110887804,0.5172,"X","gem nuclear organelle associated protein 8"
"Cplane1",0.0925586002881653,0.7364,"15","ciliogenesis and planar polarity effector 1"
"Cacng8",-0.0925453049240552,0.2352,"7","calcium channel, voltage-dependent, gamma subunit 8"
"Zfp101",0.0925241713833884,0.3996,"17","zinc finger protein 101"
"Sppl3",0.0925127033852515,0.4168,"5","signal peptide peptidase 3"
"Pdk1",0.0924917158846972,0.3988,"2","pyruvate dehydrogenase kinase, isoenzyme 1"
"Sgsh",-0.0924901789955155,0.7832,"11","N-sulfoglucosamine sulfohydrolase (sulfamidase)"
"Cacul1",-0.0924772562282135,0.3232,"19","CDK2 associated, cullin domain 1"
"Obsl1",0.0924552069296514,0.6884,"1","obscurin-like 1"
"Tyw3",0.0924506909207956,0.3012,"3","tRNA-yW synthesizing protein 3 homolog (S. cerevisiae)"
"Pdcd7",-0.0924099406860246,0.3012,"9","programmed cell death 7"
"Lhfpl2",0.0923902979004838,0.3544,"13","lipoma HMGIC fusion partner-like 2"
"Tubgcp5",0.0923739792023328,0.4136,"7","tubulin, gamma complex associated protein 5"
"Slc9a3r1",0.0923631565436933,0.4828,"11","solute carrier family 9 (sodium/hydrogen exchanger), member 3 regulator 1"
"Napa",0.0923588025128659,0.4532,"7","N-ethylmaleimide sensitive fusion protein attachment protein alpha"
"Kcnj12",0.0923393435928215,0.6344,"11","potassium inwardly-rectifying channel, subfamily J, member 12"
"Rps12",0.0923189932415527,0.496,"10","ribosomal protein S12"
"Grn",-0.092313880883597,0.3224,"11","granulin"
"Chaf1a",-0.0923001168396276,0.4088,"17","chromatin assembly factor 1, subunit A (p150)"
"Tbccd1",0.0922841746929834,0.2644,"16","TBCC domain containing 1"
"Suz12",0.09223217973154,0.2012,"11","SUZ12 polycomb repressive complex 2 subunit"
"Mrpl33",0.0922183736802995,0.4296,"5","mitochondrial ribosomal protein L33"
"Actn4",-0.0922054759349322,0.094,"7","actinin alpha 4"
"St6galnac4",-0.0921997760440183,0.4404,"2","ST6 (alpha-N-acetyl-neuraminyl-2,3-beta-galactosyl-1,3)-N-acetylgalactosaminide alpha-2,6-sialyltransferase 4"
"Med12l",0.0921875757428614,0.7404,"3","mediator complex subunit 12-like"
"Ric3",-0.0921792547597571,0.2312,"7","RIC3 acetylcholine receptor chaperone"
"Tspan13",0.0921649173078034,0.286,"12","tetraspanin 13"
"Zfp52",-0.0921599646277871,0.6668,"17","zinc finger protein 52"
"Slc7a4",0.0921385415604039,0.2572,"16","solute carrier family 7 (cationic amino acid transporter, y+ system), member 4"
"Sh2b2",0.0921183460842565,0.6676,"5","SH2B adaptor protein 2"
"Catsperz",0.0920837508008798,0.496,"19","cation channel sperm associated auxiliary subunit zeta"
"Tctn1",0.0920827047232278,0.5832,"5","tectonic family member 1"
"Zbtb11",0.0920643579445777,0.456,"16","zinc finger and BTB domain containing 11"
"Cox7a2",0.0920112886989068,0.5136,"9","cytochrome c oxidase subunit 7A2"
"Uap1",0.0919983678812883,0.1372,"1","UDP-N-acetylglucosamine pyrophosphorylase 1"
"Ipmk",0.0919897778486076,0.2492,"10","inositol polyphosphate multikinase"
"Adprh",0.0919532896263711,0.5156,"16","ADP-ribosylarginine hydrolase"
"Kiz",-0.0919494046907712,0.2596,"2","kizuna centrosomal protein"
"Washc5",-0.0919476056579853,0.3596,"15","WASH complex subunit 5"
"Elovl2",0.0919024988404553,0.2728,"13","elongation of very long chain fatty acids (FEN1/Elo2, SUR4/Elo3, yeast)-like 2"
"Nsun3",-0.0918909742567942,0.6468,"16","NOL1/NOP2/Sun domain family member 3"
"Atp5md",0.0918898871044682,0.4416,"19","ATP synthase membrane subunit DAPIT"
"Atp5md",0.0918898871044682,0.4416,"19","ATP synthase membrane subunit DAPIT"
"Rragb",0.0918851960339975,0.3596,"X","Ras-related GTP binding B"
"Irgm1",-0.0918339943073283,0.6544,"11","immunity-related GTPase family M member 1"
"Carmil1",0.0918279992611239,0.5176,"13","capping protein regulator and myosin 1 linker 1"
"Slc46a3",-0.0918203113952369,0.626,"5","solute carrier family 46, member 3"
"Dlx6os1",-0.0918020107359196,0.6356,"6","distal-less homeobox 6, opposite strand 1"
"Adss",0.0917777077935433,0.28,"1","adenylosuccinate synthetase, non muscle"
"Hsp90b1",0.0917713724964635,0.4876,"10","heat shock protein 90, beta (Grp94), member 1"
"Snrpc",0.091769357716081,0.4404,"17","U1 small nuclear ribonucleoprotein C"
"Zfas1",0.0917490909200795,0.6456,"2","zinc finger, NFX1-type containing 1, antisense RNA 1"
"Cldn11",-0.0917440921481063,0.7168,"3","claudin 11"
"Scrib",0.0917401790491272,0.4956,"15","scribbled planar cell polarity"
"Nudt10",0.0917179678447955,0.1908,"X","nudix (nucleoside diphosphate linked moiety X)-type motif 10"
"Arl8b",0.0917154423414237,0.416,"6","ADP-ribosylation factor-like 8B"
"Ciz1",0.0917052083479781,0.5288,"2","CDKN1A interacting zinc finger protein 1"
"Zkscan2",-0.0916964361415569,0.8728,"7","zinc finger with KRAB and SCAN domains 2"
"Gabpb1",0.0916943187365087,0.4252,"2","GA repeat binding protein, beta 1"
"Efemp2",-0.0916866828751615,0.5008,"19","epidermal growth factor-containing fibulin-like extracellular matrix protein 2"
"Ube2e2",0.0916752353341845,0.4252,"14","ubiquitin-conjugating enzyme E2E 2"
"Kcna1",-0.0916717241096592,0.4728,"6","potassium voltage-gated channel, shaker-related subfamily, member 1"
"Rtl8a",0.0916417585147533,0.7396,"X","retrotransposon Gag like 8A"
"Cdyl",-0.091631442979085,0.262,"13","chromodomain protein, Y chromosome-like"
"Sorcs2",-0.0916132308792772,0.4836,"5","sortilin-related VPS10 domain containing receptor 2"
"Smap1",-0.0915932783197988,0.4172,"1","small ArfGAP 1"
"Haus8",-0.0915923624138038,0.5116,"8","4HAUS augmin-like complex, subunit 8"
"Armc7",0.0915130380340514,0.4312,"11","armadillo repeat containing 7"
"Zfp367",-0.091475032323967,0.604,"13","zinc finger protein 367"
"Wdyhv1",0.0914745702309969,0.5164,"15","WDYHV motif containing 1"
"Msl3",0.0914071968116961,0.1972,"X","MSL complex subunit 3"
"Fgf13",0.0913591709556094,0.4356,"X","fibroblast growth factor 13"
"Stx6",0.0913242677755282,0.2492,"1","syntaxin 6"
"Zbtb39",-0.0913113807372272,0.2784,"10","zinc finger and BTB domain containing 39"
"Mmp14",-0.0913097416359276,0.6868,"14","matrix metallopeptidase 14 (membrane-inserted)"
"Uqcrb",0.0913019733709461,0.4556,"13","ubiquinol-cytochrome c reductase binding protein"
"Gcsh",0.0912985145729195,0.406,"8","glycine cleavage system protein H (aminomethyl carrier)"
"Mid1",0.0912954529869285,0.622,"X","midline 1"
"Clns1a",0.0912815836279925,0.4504,"7","chloride channel, nucleotide-sensitive, 1A"
"Ing4",0.0912748974521378,0.5564,"6","inhibitor of growth family, member 4"
"Eif2s2",0.0912587756482495,0.314,"2","eukaryotic translation initiation factor 2, subunit 2 (beta)"
"Ppp1r21",0.0912517104884909,0.2908,"17","protein phosphatase 1, regulatory subunit 21"
"Slc25a27",0.0912408801777049,0.5948,"17","solute carrier family 25, member 27"
"Ap5m1",0.0912399709393883,0.3348,"14","adaptor-related protein complex 5, mu 1 subunit"
"Tomm40l",0.0912279646807805,0.4832,"1","translocase of outer mitochondrial membrane 40-like"
"Arl4c",-0.0911948824069553,0.46,"1","ADP-ribosylation factor-like 4C"
"Eipr1",0.0911698172073221,0.5256,"12","EARP complex and GARP complex interacting protein 1"
"Tbc1d8",0.0911379407600372,0.59,"1","TBC1 domain family, member 8"
"Nol4",0.0911267576997972,0.3932,"18","nucleolar protein 4"
"Atp23",0.0911143220653186,0.5376,"10","ATP23 metallopeptidase and ATP synthase assembly factor homolog"
"Cpne9",0.0910774454205097,0.6928,"6","copine family member IX"
"Mapk8ip2",-0.0910191622843746,0.4124,"15","mitogen-activated protein kinase 8 interacting protein 2"
"Itfg1",-0.0909993696083458,0.6772,"8","integrin alpha FG-GAP repeat containing 1"
"Tmem134",0.0909977818805228,0.5276,"19","transmembrane protein 134"
"Nfia",0.0909914725503382,0.4416,"4","nuclear factor I/A"
"Gm1673",0.0909886367802564,0.6236,"5","predicted gene 1673"
"Psma3",0.090987354157507,0.2352,"12","proteasome subunit alpha 3"
"Snhg14",0.0909672842212537,0.8156,"7","small nucleolar RNA host gene 14"
"Ccdc32",0.0909524760773204,0.4424,"2","coiled-coil domain containing 32"
"Ywhaz",0.0909257372764287,0.5384,"15","tyrosine 3-monooxygenase/tryptophan 5-monooxygenase activation protein, zeta polypeptide"
"Mettl23",0.090923492884651,0.5712,"11","methyltransferase like 23"
"Gss",0.0909119597779684,0.2956,"2","glutathione synthetase"
"App",-0.0908698913305201,0.3908,"16","amyloid beta (A4) precursor protein"
"Trpm7",0.0908202952241934,0.6224,"2","transient receptor potential cation channel, subfamily M, member 7"
"Ndufa12",0.0907910431361048,0.5588,"10","NADH:ubiquinone oxidoreductase subunit A12"
"Col12a1",-0.0907618184070071,0.744,"9","collagen, type XII, alpha 1"
"Mettl7a1",0.0907530175420881,0.3484,"15","methyltransferase like 7A1"
"Nrros",-0.0907525215251606,0.7576,"16","negative regulator of reactive oxygen species"
"Tmod1",0.0907251917957028,0.3088,"4","tropomodulin 1"
"Slc25a23",0.090720139530502,0.5592,"17","solute carrier family 25 (mitochondrial carrier; phosphate carrier), member 23"
"Gnptab",-0.090720138369849,0.4252,"10","N-acetylglucosamine-1-phosphate transferase, alpha and beta subunits"
"Rftn1",0.0907127243865231,0.6632,"17","raftlin lipid raft linker 1"
"Tpm3",-0.0907109192269848,0.4392,"3","tropomyosin 3, gamma"
"Sde2",0.0906747003651995,0.0144,"1","SDE2 telomere maintenance homolog (S. pombe)"
"Foxo4",0.090671503590503,0.4756,"X","forkhead box O4"
"Cdkn1b",0.0906621995516179,0.342,"6","cyclin-dependent kinase inhibitor 1B"
"Trp73",-0.090645830034298,0.5096,"4","transformation related protein 73"
"Mrpl52",0.0906388997644898,0.6608,"14","mitochondrial ribosomal protein L52"
"Vps8",-0.0906370897847433,0.3016,"16","VPS8 CORVET complex subunit"
"Dgki",-0.0906255801292239,0.6352,"6","diacylglycerol kinase, iota"
"Zfp53",0.0906186826457356,0.6296,"17","zinc finger protein 53"
"Spcs1",0.0906055043937961,0.5948,"14","signal peptidase complex subunit 1 homolog (S. cerevisiae)"
"Fmnl1",0.0905736417661602,0.444,"11","formin-like 1"
"Ppm1b",0.0905551657774817,0.1436,"17","protein phosphatase 1B, magnesium dependent, beta isoform"
"Gpatch1",0.0905390863067916,0.1384,"7","G patch domain containing 1"
"Supt20",0.0905333665447214,0.6224,"3","SPT20 SAGA complex component"
"Dhps",0.0905258009346097,0.5652,"8","deoxyhypusine synthase"
"Fam124a",0.0905231642307207,0.3724,"14","family with sequence similarity 124, member A"
"Akirin2",0.0904897345671714,0.2624,"4","akirin 2"
"Dync1h1",-0.0904863516774785,0.3168,"12","dynein cytoplasmic 1 heavy chain 1"
"Tsr3",0.0904761562404728,0.5352,"17","TSR3 20S rRNA accumulation"
"Scg2",-0.0904678202673148,0.5952,"1","secretogranin II"
"Eif2ak2",-0.0904621176511839,0.6844,"17","eukaryotic translation initiation factor 2-alpha kinase 2"
"Atp6v1e1",0.090437764263398,0.5032,"6","ATPase, H+ transporting, lysosomal V1 subunit E1"
"Hrh3",-0.0903998574326121,0.5196,"2","histamine receptor H3"
"Asl",-0.0903869470464915,0.4296,"5","argininosuccinate lyase"
"Socs5",0.0903500859412629,0.2452,"17","suppressor of cytokine signaling 5"
"Slc46a1",0.090324504488291,0.5764,"11","solute carrier family 46, member 1"
"Zfp536",-0.0903198972232961,0.7368,"7","zinc finger protein 536"
"Dok6",0.0903176058446782,0.4604,"18","docking protein 6"
"Tox3",0.0903105751486062,0.6456,"8","TOX high mobility group box family member 3"
"Gmeb2",0.0903000298596162,0.41,"2","glucocorticoid modulatory element binding protein 2"
"Ankrd49",0.0902979552250573,0.4872,"9","ankyrin repeat domain 49"
"Rhoc",-0.0901898392315164,0.6332,"3","ras homolog family member C"
"Baz1b",0.0901873663617625,0.5468,"5","bromodomain adjacent to zinc finger domain, 1B"
"Rnf5",0.0901619911786433,0.652,"17","ring finger protein 5"
"Gng10",0.0901490302367103,0.3388,"4","guanine nucleotide binding protein (G protein), gamma 10"
"Nsun4",-0.0901404172805726,0.472,"4","NOL1/NOP2/Sun domain family, member 4"
"Psmb1",0.0901403984712799,0.5748,"17","proteasome (prosome, macropain) subunit, beta type 1"
"Taf10",0.0901314011207983,0.568,"7","TATA-box binding protein associated factor 10"
"Chst12",0.0901116821806278,0.4572,"5","carbohydrate sulfotransferase 12"
"Mad2l2",0.0901039773711725,0.2788,"4","MAD2 mitotic arrest deficient-like 2"
"Mthfd2",0.0900987412978007,0.4964,"6","methylenetetrahydrofolate dehydrogenase (NAD+ dependent), methenyltetrahydrofolate cyclohydrolase"
"Smad3",0.0900840003323813,0.3628,"9","SMAD family member 3"
"Zfp707",0.0900813520078443,0.5192,"15","zinc finger protein 707"
"Zfp9",0.0900606485690769,0.376,"6","zinc finger protein 9"
"Tmem179",-0.0900558169154975,0.542,"12","transmembrane protein 179"
"Slc7a6",0.0900445167338955,0.6492,"8","solute carrier family 7 (cationic amino acid transporter, y+ system), member 6"
"Ptpn6",0.0900181045231869,0.632,"6","protein tyrosine phosphatase, non-receptor type 6"
"Zfp85",-0.0899956809229598,0.2732,"13","zinc finger protein 85"
"Tmem205",0.0899871803336545,0.7032,"9","transmembrane protein 205"
"Ctnnbip1",0.0899806783996526,0.3604,"4","catenin beta interacting protein 1"
"Cecr2",0.0899746417754352,0.6876,"6","CECR2, histone acetyl-lysine reader"
"Pank2",-0.0899556200840355,0.2148,"2","pantothenate kinase 2"
"Fxyd6",-0.089935081305704,0.5084,"9","FXYD domain-containing ion transport regulator 6"
"Ifi30",0.0899200398265134,0.7004,"8","interferon gamma inducible protein 30"
"P4htm",0.0898947225321614,0.5616,"9","prolyl 4-hydroxylase, transmembrane (endoplasmic reticulum)"
"Agpat1",0.0898863142644872,0.4132,"17","1-acylglycerol-3-phosphate O-acyltransferase 1 (lysophosphatidic acid acyltransferase, alpha)"
"Dbn1",0.0898716498284831,0.4348,"13","drebrin 1"
"Znfx1",-0.0898657819148712,0.3236,"2","zinc finger, NFX1-type containing 1"
"Marchf8",-0.0898621083117987,0.5408,"6","membrane associated ring-CH-type finger 8"
"Nrxn2",-0.0898578149371794,0.0672,"19","neurexin II"
"Pwp1",-0.0898546866490371,0.4184,"10","PWP1 homolog, endonuclein"
"Cyp2d22",0.0898425178279716,0.5456,"15","cytochrome P450, family 2, subfamily d, polypeptide 22"
"Ccnc",0.0898277886762298,0.358,"4","cyclin C"
"Etfa",0.0898218500959613,0.3864,"9","electron transferring flavoprotein, alpha polypeptide"
"Cfl1",0.0898166407369629,0.6376,"19","cofilin 1, non-muscle"
"Gpr146",0.089806330635156,0.3028,"5","G protein-coupled receptor 146"
"Tceanc2",-0.089796918405193,0.3836,"4","transcription elongation factor A (SII) N-terminal and central domain containing 2"
"Sema4b",0.0897878814833124,0.5416,"7","sema domain, immunoglobulin domain (Ig), transmembrane domain (TM) and short cytoplasmic domain, (semaphorin) 4B"
"Rpusd4",-0.0897811741901844,0.3716,"9","RNA pseudouridylate synthase domain containing 4"
"Svip",0.0897686787463741,0.3612,"7","small VCP/p97-interacting protein"
"M5C1000I18Rik",-0.0897554736310711,0.684,"9","RIKEN cDNA M5C1000I18 gene"
"Lamtor2",0.0897430077189725,0.4168,"3","late endosomal/lysosomal adaptor, MAPK and MTOR activator 2"
"Thsd4",-0.0897097265557916,0.552,"9","thrombospondin, type I, domain containing 4"
"Islr",0.0897034382337392,0.4828,"9","immunoglobulin superfamily containing leucine-rich repeat"
"Tmem126b",-0.0896903001846878,0.5436,"7","transmembrane protein 126B"
"Eml2",-0.0896846331771126,0.2352,"7","echinoderm microtubule associated protein like 2"
"Vps26a",0.0896779250803128,0.3472,"10","VPS26 retromer complex component A"
"Rad23a",-0.0896641933102735,0.4676,"8","RAD23 homolog A, nucleotide excision repair protein"
"Trp53inp1",0.0896498019547289,0.428,"4","transformation related protein 53 inducible nuclear protein 1"
"Igfbpl1",0.0896433129142529,0.4952,"4","insulin-like growth factor binding protein-like 1"
"Abhd5",-0.0896139061240664,0.5128,"9","abhydrolase domain containing 5"
"Rnf170",-0.089612411029715,0.3292,"8","ring finger protein 170"
"Ddx5",0.0896021966924732,0.5064,"11","DEAD box helicase 5"
"Pacsin2",0.0895883699121773,0.1828,"15","protein kinase C and casein kinase substrate in neurons 2"
"Cck",0.0895725573100741,0.616,"9","cholecystokinin"
"Fahd1",0.0895336842778693,0.3004,"17","fumarylacetoacetate hydrolase domain containing 1"
"Nr2c2ap",0.0895176211582531,0.8372,"8","nuclear receptor 2C2-associated protein"
"Dap3",0.0894897501359218,0.3104,"3","death associated protein 3"
"Clcn2",0.0894793565569278,0.6464,"16","chloride channel, voltage-sensitive 2"
"Fstl1",-0.0894472984145969,0.3256,"16","follistatin-like 1"
"Sorcs1",-0.0894467429607757,0.4672,"19","sortilin-related VPS10 domain containing receptor 1"
"Mtm1",0.0894467382032031,0.4764,"X","X-linked myotubular myopathy gene 1"
"Vegfb",0.0894463618649244,0.5772,"19","vascular endothelial growth factor B"
"2810459M11Rik",0.0894200967784635,0.5212,"1","RIKEN cDNA 2810459M11 gene"
"Smim7",0.0894085475853847,0.4424,"8","small integral membrane protein 7"
"Sgce",0.089404620071738,0.3088,"6","sarcoglycan, epsilon"
"Pxn",0.0893877734680002,0.6672,"5","paxillin"
"Tpm1",0.0893430939456961,0.3756,"9","tropomyosin 1, alpha"
"Abca1",-0.0893358319705042,0.5096,"4","ATP-binding cassette, sub-family A (ABC1), member 1"
"Adam15",0.0893109611280405,0.4708,"3","a disintegrin and metallopeptidase domain 15 (metargidin)"
"Adhfe1",0.0893108786058736,0.3164,"1","alcohol dehydrogenase, iron containing, 1"
"Max",0.0892981372966757,0.1944,"12","Max protein"
"Itgb1",-0.0892951909035595,0.456,"8","integrin beta 1 (fibronectin receptor beta)"
"Dpm1",0.0892816646880874,0.6008,"2","dolichol-phosphate (beta-D) mannosyltransferase 1"
"Ift20",0.0892710141755568,0.3488,"11","intraflagellar transport 20"
"Rgs16",-0.0892263063725607,0.4972,"1","regulator of G-protein signaling 16"
"Hddc2",0.0892234184287077,0.418,"10","HD domain containing 2"
"Cfap20",0.0892214823606912,0.3012,"8","cilia and flagella associated protein 20"
"Hunk",-0.0891922404772867,0.28,"16","hormonally upregulated Neu-associated kinase"
"Wbp1",0.0891868430367655,0.518,"6","WW domain binding protein 1"
"Mrpl38",0.0891416685337481,0.4176,"11","mitochondrial ribosomal protein L38"
"Uqcrfs1",0.0891087996115862,0.2564,"13","ubiquinol-cytochrome c reductase, Rieske iron-sulfur polypeptide 1"
"Endod1",-0.0890986248155059,0.6628,"9","endonuclease domain containing 1"
"Spen",-0.0890949496595352,0.5692,"4","spen family transcription repressor"
"Rhbdl1",0.0890870485203603,0.5292,"17","rhomboid like 1"
"Stx2",0.0890825711624608,0.5764,"5","syntaxin 2"
"Mfap2",-0.0890821234448875,0.504,"4","microfibrillar-associated protein 2"
"Pip4k2c",-0.0890801002343764,0.3924,"10","phosphatidylinositol-5-phosphate 4-kinase, type II, gamma"
"Agpat5",0.0890751731527466,0.2592,"8","1-acylglycerol-3-phosphate O-acyltransferase 5 (lysophosphatidic acid acyltransferase, epsilon)"
"Ptpn13",0.089057968377444,0.5956,"5","protein tyrosine phosphatase, non-receptor type 13"
"Ddx28",0.0890122408303626,0.4632,"8","DEAD box helicase 28"
"Srbd1",-0.0890098373640118,0.3424,"17","S1 RNA binding domain 1"
"Tdo2",-0.0889714886481765,0.53,"3","tryptophan 2,3-dioxygenase"
"Nars2",0.0889445376640356,0.3944,"7","asparaginyl-tRNA synthetase 2 (mitochondrial)(putative)"
"Usp15",0.0889330174915726,0.3188,"10","ubiquitin specific peptidase 15"
"Zc3h3",0.0889094686223943,0.7088,"15","zinc finger CCCH type containing 3"
"Glul",0.0888938506875459,0.616,"1","glutamate-ammonia ligase (glutamine synthetase)"
"Ears2",0.0888928557927273,0.5344,"7","glutamyl-tRNA synthetase 2, mitochondrial"
"Cables1",0.0888719742980939,0.6576,"18","CDK5 and Abl enzyme substrate 1"
"Laptm4b",-0.0888626478237997,0.4896,"15","lysosomal-associated protein transmembrane 4B"
"Clcc1",0.0888198599547385,0.2928,"3","chloride channel CLIC-like 1"
"Ufd1",0.0887852643629667,0.15,"16","ubiquitin recognition factor in ER-associated degradation 1"
"Tctn3",0.0887802212627982,0.6372,"19","tectonic family member 3"
"Efna1",-0.0887635304716956,0.6932,"3","ephrin A1"
"Btbd10",-0.0887633551520688,0.4096,"7","BTB (POZ) domain containing 10"
"Sik2",-0.0887404823468465,0.7572,"9","salt inducible kinase 2"
"Pdrg1",0.0887367452627359,0.4828,"2","p53 and DNA damage regulated 1"
"Trpt1",0.0887087914867246,0.4332,"19","tRNA phosphotransferase 1"
"Dpysl4",0.0886647814466626,0.5588,"7","dihydropyrimidinase-like 4"
"Hint3",-0.088664108957822,0.5908,"10","histidine triad nucleotide binding protein 3"
"Adprm",-0.0886475367759347,0.2228,"11","ADP-ribose/CDP-alcohol diphosphatase, manganese dependent"
"Qrsl1",0.0886293880480982,0.5808,"10","glutaminyl-tRNA synthase (glutamine-hydrolyzing)-like 1"
"Xpo4",-0.0886292176019543,0.7504,"14","exportin 4"
"Pgf",-0.0886111149039173,0.6104,"12","placental growth factor"
"Nsa2",0.0885911925166223,0.1216,"13","NSA2 ribosome biogenesis homolog"
"Zmynd8",0.088567560830743,0.5104,"2","zinc finger, MYND-type containing 8"
"Afap1l1",-0.0885673726623906,0.5316,"18","actin filament associated protein 1-like 1"
"Acaa1a",-0.0885240375235661,0.4404,"9","acetyl-Coenzyme A acyltransferase 1A"
"Ppat",-0.0883619624061738,0.512,"5","phosphoribosyl pyrophosphate amidotransferase"
"Kcnj11",0.0883608106261944,0.492,"7","potassium inwardly rectifying channel, subfamily J, member 11"
"Dnlz",0.0883584597744127,0.4192,"2","DNL-type zinc finger"
"Fam219a",-0.0883435212929102,0.0616,"4","family with sequence similarity 219, member A"
"Tmem143",0.088321464278998,0.326,"7","transmembrane protein 143"
"Setd3",0.0883036117316518,0.322,"12","SET domain containing 3"
"Clpp",0.0882905932221458,0.5556,"17","caseinolytic mitochondrial matrix peptidase proteolytic subunit"
"Scara3",0.0882399672702086,0.2128,"14","scavenger receptor class A, member 3"
"Txndc12",0.0882307192138088,0.3924,"4","thioredoxin domain containing 12 (endoplasmic reticulum)"
"Gabpa",0.0882294611174004,0.5024,"16","GA repeat binding protein, alpha"
"Adam17",-0.0882269925401982,0.5552,"12","a disintegrin and metallopeptidase domain 17"
"Slc25a32",-0.0882248803585708,0.514,"15","solute carrier family 25, member 32"
"Fam122a",0.0882104832497337,0.3968,"19","family with sequence similarity 122, member A"
"Dmap1",0.0882050221667221,0.5056,"4","DNA methyltransferase 1-associated protein 1"
"Rps14",0.0881888910393336,0.692,"18","ribosomal protein S14"
"Polrmt",0.0881830028031612,0.3496,"10","polymerase (RNA) mitochondrial (DNA directed)"
"Ttbk2",-0.0881637514551654,0.4988,"2","tau tubulin kinase 2"
"Vps35l",0.0881441601006072,0.088,"7","VPS35 endosomal protein sorting factor like"
"Cisd2",0.0881308596766885,0.2292,"3","CDGSH iron sulfur domain 2"
"Col4a2",0.0881126721810475,0.7872,"8","collagen, type IV, alpha 2"
"Mib2",0.0880882805072432,0.4136,"4","mindbomb E3 ubiquitin protein ligase 2"
"Serinc3",-0.088081042511857,0.5228,"2","serine incorporator 3"
"Nol3",-0.0880732940359819,0.5848,"8","nucleolar protein 3 (apoptosis repressor with CARD domain)"
"Sult1a1",0.0880660202357464,0.5972,"7","sulfotransferase family 1A, phenol-preferring, member 1"
"Ipo8",-0.088058039375821,0.3496,"6","importin 8"
"Rbpms2",0.088031820853026,0.7876,"9","RNA binding protein with multiple splicing 2"
"Crbn",0.0879870642474039,0.2788,"6","cereblon"
"Peli1",0.0879623593518764,0.3196,"11","pellino 1"
"Cacnb3",0.0879342116966733,0.4784,"15","calcium channel, voltage-dependent, beta 3 subunit"
"Zfp617",0.0879263358619156,0.4888,"8","zinc finger protein 617"
"Ift43",-0.0879007855332805,0.6168,"12","intraflagellar transport 43"
"Fgf1",0.0878997724089237,0.6072,"18","fibroblast growth factor 1"
"Alg8",-0.0878733945368375,0.5844,"7","asparagine-linked glycosylation 8 (alpha-1,3-glucosyltransferase)"
"Sh3rf3",0.0878733514667971,0.4532,"10","SH3 domain containing ring finger 3"
"Arpc1a",0.0878606614763866,0.42,"5","actin related protein 2/3 complex, subunit 1A"
"Fam117b",-0.0878583165544038,0.3784,"1","family with sequence similarity 117, member B"
"Sdc2",0.0878380028961399,0.392,"15","syndecan 2"
"Map1a",-0.0878133797358398,0.47,"2","microtubule-associated protein 1 A"
"Polm",0.0878118840655255,0.6376,"11","polymerase (DNA directed), mu"
"Gsta4",-0.0878110425203174,0.5572,"9","glutathione S-transferase, alpha 4"
"Acsl1",-0.0878108292983804,0.5184,"8","acyl-CoA synthetase long-chain family member 1"
"Wdr61",0.0877857302760114,0.4208,"9","WD repeat domain 61"
"Gmcl1",0.0877801173812038,0.3028,"6","germ cell-less, spermatogenesis associated 1"
"Serpini1",-0.0877475465372379,0.6456,"3","serine (or cysteine) peptidase inhibitor, clade I, member 1"
"Sgpp2",-0.0877393684506202,0.7756,"1","sphingosine-1-phosphate phosphatase 2"
"Cxxc4",-0.0877344482158913,0.51,"3","CXXC finger 4"
"Gle1",-0.0877160585259498,0.3224,"2","GLE1 RNA export mediator (yeast)"
"Pex16",0.0877009590457876,0.6144,"2","peroxisomal biogenesis factor 16"
"Usb1",0.0876957304856267,0.6356,"8","U6 snRNA biogenesis 1"
"Rnf169",-0.0876823023444047,0.4936,"7","ring finger protein 169"
"Acan",-0.0876676508305105,0.6944,"7","aggrecan"
"Trmt61a",-0.0876596955762179,0.5752,"12","tRNA methyltransferase 61A"
"Cirbp",-0.0876512035869617,0.5704,"10","cold inducible RNA binding protein"
"Snx22",0.0876446070732335,0.7896,"9","sorting nexin 22"
"Mas1",0.0876263644134028,0.1284,"17","MAS1 oncogene"
"Slc7a2",0.0876252428603097,0.4104,"8","solute carrier family 7 (cationic amino acid transporter, y+ system), member 2"
"Osbpl5",-0.0876072798032141,0.4176,"7","oxysterol binding protein-like 5"
"Ccdc74a",0.0875866964564294,0.5032,"16","coiled-coil domain containing 74A"
"Slc35f1",-0.0875816317869749,0.2248,"10","solute carrier family 35, member F1"
"Fgfr3",0.0875687899082589,0.4724,"5","fibroblast growth factor receptor 3"
"Ssu72",0.0875546271579593,0.4876,"4","Ssu72 RNA polymerase II CTD phosphatase homolog (yeast)"
"Kxd1",0.0875143237914831,0.3896,"8","KxDL motif containing 1"
"9130024F11Rik",-0.087502386567514,0.8656,"1","RIKEN cDNA 9130024F11 gene"
"Spata2",-0.0874929637944657,0.316,"2","spermatogenesis associated 2"
"Apbb2",-0.0874838096777237,0.4312,"5","amyloid beta (A4) precursor protein-binding, family B, member 2"
"Psmc4",0.0874163695437318,0.386,"7","proteasome (prosome, macropain) 26S subunit, ATPase, 4"
"Zfp11",0.0874001518523539,0.1436,"5","zinc finger protein 11"
"Ndst1",-0.0873940094146013,0.1312,"18","N-deacetylase/N-sulfotransferase (heparan glucosaminyl) 1"
"Npr3",-0.0873753039711627,0.6896,"15","natriuretic peptide receptor 3"
"Supv3l1",0.0873713233567344,0.2004,"10","suppressor of var1, 3-like 1 (S. cerevisiae)"
"Cdc42se1",-0.0873686164124132,0.304,"3","CDC42 small effector 1"
"Isca1",0.0873641410027544,0.4196,"13","iron-sulfur cluster assembly 1"
"Bysl",-0.0873557920959955,0.3612,"17","bystin-like"
"Htatip2",0.0873481536125897,0.4824,"7","HIV-1 Tat interactive protein 2"
"Ubl5",0.0873439381927765,0.6008,"9","ubiquitin-like 5"
"Astn1",-0.0873384568682667,0.4744,"1","astrotactin 1"
"Usp5",-0.0873297505414925,0.2324,"6","ubiquitin specific peptidase 5 (isopeptidase T)"
"Pclo",-0.0873220122327591,0.5852,"5","piccolo (presynaptic cytomatrix protein)"
"Zfp287",0.0873082949937989,0.684,"11","zinc finger protein 287"
"Bdnf",0.0873003933752656,0.5308,"2","brain derived neurotrophic factor"
"Pmm1",0.0872944306783436,0.5984,"15","phosphomannomutase 1"
"Srsf1",0.0872635158794184,0.6096,"11","serine and arginine-rich splicing factor 1"
"Prkn",0.0872275414365147,0.742,"17","parkin RBR E3 ubiquitin protein ligase"
"Tmcc3",-0.0872213955328318,0.5904,"10","transmembrane and coiled coil domains 3"
"Sorl1",-0.0872197318861954,0.5364,"9","sortilin-related receptor, LDLR class A repeats-containing"
"Wnk1",-0.0871857306595452,0.516,"6","WNK lysine deficient protein kinase 1"
"Arhgap27",0.0871810132861062,0.5404,"11","Rho GTPase activating protein 27"
"Zbtb16",-0.0871753193984102,0.6376,"9","zinc finger and BTB domain containing 16"
"Cep135",0.0871693497577888,0.6304,"5","centrosomal protein 135"
"Ski",0.0871617757290473,0.4948,"4","ski sarcoma viral oncogene homolog (avian)"
"Syt17",0.0871570303948843,0.3892,"7","synaptotagmin XVII"
"F2r",-0.0871564898271486,0.4688,"13","coagulation factor II (thrombin) receptor"
"Pdxp",0.0871544496594892,0.5712,"15","pyridoxal (pyridoxine, vitamin B6) phosphatase"
"Arl6ip5",0.0871268898591193,0.3896,"6","ADP-ribosylation factor-like 6 interacting protein 5"
"Morf4l2",0.0871251633854024,0.1044,"X","mortality factor 4 like 2"
"Polr2k",0.0871228660080527,0.4656,"15","polymerase (RNA) II (DNA directed) polypeptide K"
"Prpf4",-0.0871113556118743,0.434,"4","pre-mRNA processing factor 4"
"Edc4",0.0870667301042616,0.488,"8","enhancer of mRNA decapping 4"
"Klhl22",0.0870491230964356,0.1544,"16","kelch-like 22"
"Cpne2",-0.0870361563336086,0.59,"8","copine II"
"Mrpl11",0.087004751104848,0.4032,"19","mitochondrial ribosomal protein L11"
"Abhd17b",0.0869793352920327,0.498,"19","abhydrolase domain containing 17B"
"Ddx10",0.0869397862332688,0.4692,"9","DEAD box helicase 10"
"Eif3l",0.0868982236745142,0.264,"15","eukaryotic translation initiation factor 3, subunit L"
"Rsrc2",0.0868968094233455,0.3704,"5","arginine/serine-rich coiled-coil 2"
"Inpp5b",0.0868951802402114,0.522,"4","inositol polyphosphate-5-phosphatase B"
"Plek",0.0868871308807679,0.752,"11","pleckstrin"
"Gbf1",-0.0868673278184477,0.068,"19","golgi-specific brefeldin A-resistance factor 1"
"Pawr",-0.0868528863137084,0.7384,"10","PRKC, apoptosis, WT1, regulator"
"Mrpl43",0.0868373024951978,0.6756,"19","mitochondrial ribosomal protein L43"
"Chsy1",0.0868256948570685,0.3328,"7","chondroitin sulfate synthase 1"
"Pck2",0.0868178160786384,0.3476,"14","phosphoenolpyruvate carboxykinase 2 (mitochondrial)"
"Ifngr1",0.0868144993920597,0.5464,"10","interferon gamma receptor 1"
"Pygo1",-0.0868052653462303,0.2628,"9","pygopus 1"
"Trmt2b",-0.0867964443451501,0.4356,"X","TRM2 tRNA methyltransferase 2B"
"Fam149a",-0.0867840394342707,0.4564,"8","family with sequence similarity 149, member A"
"Slc39a9",-0.0867673939396436,0.3068,"12","solute carrier family 39 (zinc transporter), member 9"
"Klhl25",-0.0867445516952823,0.6044,"7","kelch-like 25"
"Vps29",0.0867418279507106,0.39,"5","VPS29 retromer complex component"
"Nxt2",0.0867214239877745,0.5132,"X","nuclear transport factor 2-like export factor 2"
"Icmt",-0.0867109062103655,0.2476,"4","isoprenylcysteine carboxyl methyltransferase"
"Rfxank",0.0866901522782166,0.2684,"8","regulatory factor X-associated ankyrin-containing protein"
"Parvb",-0.0866472170933905,0.2276,"15","parvin, beta"
"Ankrd42",-0.0866322483061581,0.7236,"7","ankyrin repeat domain 42"
"Abca2",-0.0866294002112387,0.4472,"2","ATP-binding cassette, sub-family A (ABC1), member 2"
"Msmo1",0.0865391119612848,0.3884,"8","methylsterol monoxygenase 1"
"Dnajb5",0.0865238102653691,0.4036,"4","DnaJ heat shock protein family (Hsp40) member B5"
"Myl6",0.0864951108683263,0.4744,"10","myosin, light polypeptide 6, alkali, smooth muscle and non-muscle"
"Tmem234",0.0864898581622811,0.1976,"4","transmembrane protein 234"
"Aggf1",-0.0864597102858129,0.2512,"13","angiogenic factor with G patch and FHA domains 1"
"Cacng7",0.0864168854024374,0.5124,"7","calcium channel, voltage-dependent, gamma subunit 7"
"Rapgef5",-0.0863993256692872,0.3996,"12","Rap guanine nucleotide exchange factor (GEF) 5"
"Flrt1",-0.0863824022727679,0.7164,"19","fibronectin leucine rich transmembrane protein 1"
"Pptc7",-0.0863410125961863,0.1408,"5","PTC7 protein phosphatase homolog"
"Lyst",-0.0863122078560687,0.6552,"13","lysosomal trafficking regulator"
"Pcgf3",-0.0862962238602609,0.63,"5","polycomb group ring finger 3"
"Eaf1",-0.0862825109900776,0.3372,"14","ELL associated factor 1"
"Tnik",-0.0862501403969507,0.6924,"3","TRAF2 and NCK interacting kinase"
"Vmac",0.0861916788896639,0.362,"17","vimentin-type intermediate filament associated coiled-coil protein"
"Rasgrp1",-0.0861883366626444,0.5132,"2","RAS guanyl releasing protein 1"
"Tbc1d31",-0.0861607447143329,0.7112,"15","TBC1 domain family, member 31"
"Prep",-0.0861457982725256,0.5256,"10","prolyl endopeptidase"
"Slc35e4",-0.0861329960858521,0.5276,"11","solute carrier family 35, member E4"
"Fastk",0.0860981453377088,0.5172,"5","Fas-activated serine/threonine kinase"
"Oxr1",-0.0860975423042865,0.636,"15","oxidation resistance 1"
"Tubb5",0.086093304880059,0.5364,"17","tubulin, beta 5 class I"
"Zcchc8",0.0860743508363369,0.4884,"5","zinc finger, CCHC domain containing 8"
"Sema3e",-0.0860661675689265,0.6964,"5","sema domain, immunoglobulin domain (Ig), short basic domain, secreted, (semaphorin) 3E"
"Anapc16",0.0860650534852185,0.5948,"10","anaphase promoting complex subunit 16"
"Ldb3",-0.0860311337927979,0.5148,"14","LIM domain binding 3"
"Kctd5",0.0860014803122464,0.3996,"17","potassium channel tetramerisation domain containing 5"
"Bex2",0.0859546946959835,0.5552,"X","brain expressed X-linked 2"
"Spin2c",-0.0858735600649965,0.54,"X","spindlin family, member 2C"
"Srp9",0.0858182284504707,0.3932,"1","signal recognition particle 9"
"Sart1",0.0858112917269072,0.3468,"19","squamous cell carcinoma antigen recognized by T cells 1"
"Caprin2",0.0857753925867111,0.6684,"6","caprin family member 2"
"Sp3",0.0857647404323609,0.3036,"2","trans-acting transcription factor 3"
"Ino80dos",0.0857643086799547,0.7684,"1","INO80 complex subunit D, opposite strand"
"Wasf1",-0.0857467244167598,0.4788,"10","WASP family, member 1"
"Kif22",0.0857092679908351,0.7148,"7","kinesin family member 22"
"1110002E22Rik",0.0857067036808448,0.6712,"3","RIKEN cDNA 1110002E22 gene"
"Slc38a10",-0.0856976992551024,0.1664,"11","solute carrier family 38, member 10"
"Epha3",-0.085658208137644,0.62,"16","Eph receptor A3"
"Dgat1",0.0856323038967695,0.662,"15","diacylglycerol O-acyltransferase 1"
"Hmgn2",0.0856279140830845,0.2828,"4","high mobility group nucleosomal binding domain 2"
"Slc35e2",0.0856182940678334,0.534,"4","solute carrier family 35, member E2"
"Bcorl1",-0.085612998944975,0.6168,"X","BCL6 co-repressor-like 1"
"Ppm1e",-0.0856115713531693,0.4224,"11","protein phosphatase 1E (PP2C domain containing)"
"Stard7",0.0855782869852018,0.254,"2","START domain containing 7"
"Fbrsl1",0.0855782863876886,0.4204,"5","fibrosin-like 1"
"Gfra4",0.0855766278539436,0.5952,"2","glial cell line derived neurotrophic factor family receptor alpha 4"
"Tmem39a",0.0855709120788837,0.6188,"16","transmembrane protein 39a"
"Tmem242",0.0855701326789777,0.5432,"17","transmembrane protein 242"
"Ankrd50",-0.0855402872205975,0.2676,"3","ankyrin repeat domain 50"
"Aldh1l1",0.0855384786627358,0.4656,"6","aldehyde dehydrogenase 1 family, member L1"
"Rps15a",0.0855151895111774,0.114,"7","ribosomal protein S15A"
"Ddx46",0.0854714755579016,0.6164,"13","DEAD box helicase 46"
"Glud1",0.0854706380317332,0.3512,"14","glutamate dehydrogenase 1"
"BC031181",0.0854311824159044,0.5024,"18","cDNA sequence BC031181"
"Pced1b",-0.0854248152796515,0.7216,"15","PC-esterase domain containing 1B"
"Micu2",0.0854218703540708,0.3344,"14","mitochondrial calcium uptake 2"
"Tmf1",0.085411363467907,0.1372,"6","TATA element modulatory factor 1"
"Cops3",0.0853751484364071,0.5236,"11","COP9 signalosome subunit 3"
"A830018L16Rik",0.0853704127252337,0.4156,"1","RIKEN cDNA A830018L16 gene"
"Myrf",-0.08536822017434,0.6344,"19","myelin regulatory factor"
"Sft2d2",-0.0853654107845481,0.3952,"1","SFT2 domain containing 2"
"Ndufc1",0.0853638868217397,0.662,"3","NADH:ubiquinone oxidoreductase subunit C1"
"Bclaf1",0.0852428673683914,0.4956,"10","BCL2-associated transcription factor 1"
"Cenpx",0.0852374780897693,0.7012,"11","centromere protein X"
"Siah1b",0.0852333819844751,0.6276,"X","siah E3 ubiquitin protein ligase 1B"
"Nme5",0.0852198937634068,0.6556,"18","NME/NM23 family member 5"
"Lrpprc",0.0852130618307365,0.2028,"17","leucine-rich PPR-motif containing"
"Pabpn1",0.0851750343268574,0.7164,"14","poly(A) binding protein, nuclear 1"
"Pabpn1",0.0851750343268574,0.7164,"14","poly(A) binding protein, nuclear 1"
"Rbck1",0.0851633648793859,0.3768,"2","RanBP-type and C3HC4-type zinc finger containing 1"
"Dhrs7b",0.0851510571798939,0.5008,"11","dehydrogenase/reductase (SDR family) member 7B"
"Phospho2",0.0851149007192751,0.4608,"2","phosphatase, orphan 2"
"Ppp1cb",0.0850607326381985,0.4612,"5","protein phosphatase 1 catalytic subunit beta"
"Chchd6",0.0849965632524752,0.528,"6","coiled-coil-helix-coiled-coil-helix domain containing 6"
"Rims1",-0.0849651166066971,0.4372,"1","regulating synaptic membrane exocytosis 1"
"Smim20",0.0849645056201593,0.5604,"5","small integral membrane protein 20"
"Pno1",0.0849590898168309,0.2456,"11","partner of NOB1 homolog"
"Itpripl2",-0.084956408821359,0.45,"7","inositol 1,4,5-triphosphate receptor interacting protein-like 2"
"Zcchc2",-0.0848942299138438,0.5488,"1","zinc finger, CCHC domain containing 2"
"Zswim9",-0.0848930638839027,0.454,"7","zinc finger SWIM-type containing 9"
"Gsr",0.0848276921916762,0.4336,"8","glutathione reductase"
"Pcdhgb6",-0.0847710277328715,0.7232,"18","protocadherin gamma subfamily B, 6"
"Palm",0.0847652845957487,0.56,"10","paralemmin"
"Jade1",-0.0847553847310705,0.4712,"3","jade family PHD finger 1"
"Mvd",0.0846979487473409,0.5232,"8","mevalonate (diphospho) decarboxylase"
"Sypl2",0.0846967175486566,0.302,"3","synaptophysin-like 2"
"Tmtc4",0.0846654440399432,0.7012,"14","transmembrane and tetratricopeptide repeat containing 4"
"Rpl27a",0.0846577521433041,0.6188,"7","ribosomal protein L27A"
"Bcl2",-0.0846420487015336,0.5072,"1","B cell leukemia/lymphoma 2"
"Zfp523",0.0846325173228148,0.5036,"17","zinc finger protein 523"
"Rbm7",0.0846113915032278,0.4676,"9","RNA binding motif protein 7"
"Dhtkd1",-0.08460687523976,0.8092,"2","dehydrogenase E1 and transketolase domain containing 1"
"Cwf19l2",0.0845945758027256,0.6596,"9","CWF19-like 2, cell cycle control (S. pombe)"
"Add2",-0.0845842586028205,0.4916,"6","adducin 2 (beta)"
"Snx19",-0.084577179206077,0.388,"9","sorting nexin 19"
"Tmem151a",0.0844995640024475,0.6356,"19","transmembrane protein 151A"
"Prkab1",-0.0844433319727478,0.4848,"5","protein kinase, AMP-activated, beta 1 non-catalytic subunit"
"Eps8",0.0844153319774392,0.2872,"6","epidermal growth factor receptor pathway substrate 8"
"Hectd1",-0.0844113262033357,0.4048,"12","HECT domain E3 ubiquitin protein ligase 1"
"Mpp1",0.0844080224463779,0.2544,"X","membrane protein, palmitoylated"
"Hdac8",0.0844030260750905,0.3768,"X","histone deacetylase 8"
"Rapgefl1",0.0843983970074191,0.5828,"11","Rap guanine nucleotide exchange factor (GEF)-like 1"
"Erg28",0.084362525975652,0.4072,"12","ergosterol biosynthesis 28"
"Coq8b",0.0843481959021091,0.4492,"7","coenzyme Q8B"
"4933434E20Rik",0.0843426483380094,0.3288,"3","RIKEN cDNA 4933434E20 gene"
"Mrps30",0.0843373485662129,0.5788,"13","mitochondrial ribosomal protein S30"
"Itfg2",0.0843138324897055,0.1828,"6","integrin alpha FG-GAP repeat containing 2"
"Rnft2",-0.0843028223083655,0.2804,"5","ring finger protein, transmembrane 2"
"Zfp251",-0.0842123219555662,0.3424,"15","zinc finger protein 251"
"Naa25",-0.0842020937358177,0.5436,"5","N(alpha)-acetyltransferase 25, NatB auxiliary subunit"
"Eef1b2",0.0841914474762895,0.4744,"1","eukaryotic translation elongation factor 1 beta 2"
"Rab3d",0.0841796698897634,0.2736,"9","RAB3D, member RAS oncogene family"
"Amer1",0.0841791508061287,0.6576,"X","APC membrane recruitment 1"
"Il17rd",0.0841704579282472,0.7668,"14","interleukin 17 receptor D"
"Atg5",0.0841521169732395,0.4544,"10","autophagy related 5"
"Zfp943",0.0841521028357226,0.4676,"17","zinc finger prtoein 943"
"Lin37",0.0841504373856896,0.3576,"7","lin-37 DREAM MuvB core complex component"
"Med13l",0.0841342278678647,0.552,"5","mediator complex subunit 13-like"
"Mrpl4",0.0840825039967434,0.5796,"9","mitochondrial ribosomal protein L4"
"Ddt",0.0840606824804162,0.5688,"10","D-dopachrome tautomerase"
"Plekha3",0.0840575036552558,0.2792,"2","pleckstrin homology domain-containing, family A (phosphoinositide binding specific) member 3"
"Atp6v0d1",0.0840523292521898,0.46,"8","ATPase, H+ transporting, lysosomal V0 subunit D1"
"Rora",-0.0840370963983004,0.4404,"9","RAR-related orphan receptor alpha"
"Dgkg",-0.0840250399809737,0.3112,"16","diacylglycerol kinase, gamma"
"Macroh2a1",0.0840065828997041,0.2876,"13","macroH2A.1 histone"
"Ctxn2",0.0839783042073221,0.6416,"2","cortexin 2"
"Plch2",-0.0839694503574355,0.3376,"4","phospholipase C, eta 2"
"Slc12a5",-0.0839411354220161,0.268,"2","solute carrier family 12, member 5"
"Tstd2",-0.083928160710065,0.674,"4","thiosulfate sulfurtransferase (rhodanese)-like domain containing 2"
"Sec14l5",-0.0838990312773249,0.8028,"16","SEC14-like lipid binding 5"
"Ina",0.0838840180384626,0.3508,"19","internexin neuronal intermediate filament protein, alpha"
"Mms19",0.0838537991651629,0.2376,"19","MMS19 cytosolic iron-sulfur assembly component"
"Grm4",-0.0838364223548829,0.5084,"17","glutamate receptor, metabotropic 4"
"Usp12",-0.083804464655441,0.6196,"5","ubiquitin specific peptidase 12"
"Hpgds",0.0837555418215171,0.8024,"6","hematopoietic prostaglandin D synthase"
"Rps27l",0.0837445582053293,0.5752,"9","ribosomal protein S27-like"
"Ptgs2",-0.0837337721261751,0.6732,"1","prostaglandin-endoperoxide synthase 2"
"Senp3",0.083689165729254,0.3376,"11","SUMO/sentrin specific peptidase 3"
"Atl1",0.083686383243962,0.4468,"12","atlastin GTPase 1"
"Ensa",0.0836771738169126,0.2228,"3","endosulfine alpha"
"Aldh5a1",0.0836044324829128,0.188,"13","aldhehyde dehydrogenase family 5, subfamily A1"
"2410002F23Rik",0.0835959359108749,0.4376,"7","RIKEN cDNA 2410002F23 gene"
"H1f10",0.0835851828428433,0.6976,"6","H1.10 linker histone"
"G6pdx",0.0835751077427123,0.402,"X","glucose-6-phosphate dehydrogenase X-linked"
"Hibadh",0.0835618987443958,0.4208,"6","3-hydroxyisobutyrate dehydrogenase"
"Got1",0.0835293581496277,0.448,"19","glutamic-oxaloacetic transaminase 1, soluble"
"Srp68",0.0835260825685387,0.2548,"11","signal recognition particle 68"
"Lsm7",0.0835217271325908,0.6464,"10","LSM7 homolog, U6 small nuclear RNA and mRNA degradation associated"
"Als2",-0.0835205841476414,0.4788,"1","alsin Rho guanine nucleotide exchange factor"
"Tbata",0.083482167154215,0.2068,"10","thymus, brain and testes associated"
"Med19",0.0834761131555588,0.3808,"2","mediator complex subunit 19"
"Bbs4",0.0834500798979159,0.2084,"9","Bardet-Biedl syndrome 4 (human)"
"Sdad1",-0.0833971499558475,0.5392,"5","SDA1 domain containing 1"
"Mfsd5",0.0833791203970486,0.6072,"15","major facilitator superfamily domain containing 5"
"Ppp6c",0.0833738145486853,0.6392,"2","protein phosphatase 6, catalytic subunit"
"Acbd3",-0.0833631815262583,0.4908,"1","acyl-Coenzyme A binding domain containing 3"
"Ankrd13b",0.0833599463054231,0.4924,"11","ankyrin repeat domain 13b"
"Slc8a1",-0.0833490889140567,0.6492,"17","solute carrier family 8 (sodium/calcium exchanger), member 1"
"Ssh3",0.0833487673294826,0.6744,"19","slingshot protein phosphatase 3"
"Hsf2",0.0833141980416432,0.0752,"10","heat shock factor 2"
"Shisa4",-0.0833118772665289,0.4884,"1","shisa family member 4"
"Syt7",0.0833010809810908,0.5532,"19","synaptotagmin VII"
"Med26",0.0832988977280298,0.2732,"8","mediator complex subunit 26"
"Rad54l2",-0.0832907295625267,0.6416,"9","RAD54 like 2 (S. cerevisiae)"
"Ptpn11",-0.083284525992199,0.3784,"5","protein tyrosine phosphatase, non-receptor type 11"
"Fbrs",0.0832813553411826,0.6228,"7","fibrosin"
"Map3k9",-0.0832671834401548,0.5836,"12","mitogen-activated protein kinase kinase kinase 9"
"Slc41a2",0.0832632487522664,0.3756,"10","solute carrier family 41, member 2"
"Ndufb2",0.0832493417596076,0.5072,"6","NADH:ubiquinone oxidoreductase subunit B2"
"Inpp1",-0.0832474958601832,0.4316,"1","inositol polyphosphate-1-phosphatase"
"Phlpp1",-0.0832313093062806,0.434,"1","PH domain and leucine rich repeat protein phosphatase 1"
"Slc1a3",0.0832295855021759,0.1032,"15","solute carrier family 1 (glial high affinity glutamate transporter), member 3"
"Igbp1",0.0832292972240678,0.3688,"X","immunoglobulin (CD79A) binding protein 1"
"Ccnf",-0.0832050016702177,0.622,"17","cyclin F"
"Arf2",-0.0832000102760801,0.464,"11","ADP-ribosylation factor 2"
"Bex3",0.0831437317561701,0.5224,"X","brain expressed X-linked 3"
"Pkia",0.0831047541457632,0.3328,"3","protein kinase inhibitor, alpha"
"Hnrnpu",0.0831016570734011,0.442,"1","heterogeneous nuclear ribonucleoprotein U"
"Snhg16",0.0830761386754668,0.844,"11","small nucleolar RNA host gene 16"
"Dhrs7",0.0830697979378678,0.442,"12","dehydrogenase/reductase (SDR family) member 7"
"Phgdh",0.0830661558975478,0.572,"3","3-phosphoglycerate dehydrogenase"
"Nfe2l3",-0.0830645951455549,0.6332,"6","nuclear factor, erythroid derived 2, like 3"
"Pot1b",0.0830211226650923,0.746,"17","protection of telomeres 1B"
"Uchl1",0.0830084602655461,0.7176,"5","ubiquitin carboxy-terminal hydrolase L1"
"Sgsm3",0.083004583497801,0.312,"15","small G protein signaling modulator 3"
"Tmem167b",-0.083000616539838,0.3408,"3","transmembrane protein 167B"
"Rbm39",0.0829984528147492,0.4868,"2","RNA binding motif protein 39"
"Zmat2",0.0829653805762298,0.41,"18","zinc finger, matrin type 2"
"Chrna5",-0.0829583741318674,0.8008,"9","cholinergic receptor, nicotinic, alpha polypeptide 5"
"Pias1",-0.0829480566548604,0.514,"9","protein inhibitor of activated STAT 1"
"Dgkb",-0.0829093524404998,0.6476,"12","diacylglycerol kinase, beta"
"Ogn",-0.0828793823180149,0.806,"13","osteoglycin"
"Vps25",0.0828684524719483,0.5632,"11","vacuolar protein sorting 25"
"Agbl3",0.0828570038746945,0.5576,"6","ATP/GTP binding protein-like 3"
"Scamp1",-0.0827810777865343,0.3412,"13","secretory carrier membrane protein 1"
"Klhl8",0.0827787536692473,0.5912,"5","kelch-like 8"
"Hlcs",-0.0827687121720331,0.2836,"16","holocarboxylase synthetase (biotin-"
"Zfp281",-0.082760709708718,0.3484,"1","zinc finger protein 281"
"Psd2",0.0827379993407336,0.7908,"18","pleckstrin and Sec7 domain containing 2"
"Gtf2ird2",0.0827274972355467,0.5372,"5","GTF2I repeat domain containing 2"
"Usp39",0.0827203006963382,0.3064,"6","ubiquitin specific peptidase 39"
"Lhfpl4",-0.0827153768328888,0.3336,"6","lipoma HMGIC fusion partner-like protein 4"
"Mphosph6",0.0827022468134766,0.4664,"8","M phase phosphoprotein 6"
"Map2k2",0.0826587227995663,0.5856,"10","mitogen-activated protein kinase kinase 2"
"Mvb12a",0.0826346607738007,0.69,"8","multivesicular body subunit 12A"
"Sumf1",0.0826132512262774,0.5544,"6","sulfatase modifying factor 1"
"Dars",0.0825640592694379,0.3372,"1","aspartyl-tRNA synthetase"
"Cox6a2",0.0825564823754084,0.732,"7","cytochrome c oxidase subunit 6A2"
"Vps52",0.082550895816289,0.3276,"17","VPS52 GARP complex subunit"
"Lhx2",0.0825397429567678,0.3784,"2","LIM homeobox protein 2"
"Gjb1",-0.0825117043767607,0.7092,"X","gap junction protein, beta 1"
"Olfm3",-0.0824885548157197,0.5796,"3","olfactomedin 3"
"Zfp950",0.0824767210539683,0.7572,"19","zinc finger protein 950"
"Rabgef1",0.0824272068242706,0.1048,"5","RAB guanine nucleotide exchange factor (GEF) 1"
"Pomgnt2",-0.0824096600193247,0.4164,"9","protein O-linked mannose beta 1,4-N-acetylglucosaminyltransferase 2"
"Polr1c",0.0823592541307221,0.3428,"17","polymerase (RNA) I polypeptide C"
"Dnttip2",0.082352127362876,0.3416,"3","deoxynucleotidyltransferase, terminal, interacting protein 2"
"Rasgrp2",-0.0823481744366812,0.6788,"19","RAS, guanyl releasing protein 2"
"Grin2d",0.0823273390494368,0.592,"7","glutamate receptor, ionotropic, NMDA2D (epsilon 4)"
"Esrrg",-0.0823205923078394,0.4216,"1","estrogen-related receptor gamma"
"Zfp397",0.0823132284765391,0.6996,"18","zinc finger protein 397"
"E2f4",0.0822907079538506,0.2068,"8","E2F transcription factor 4"
"Rpl41",0.0822832748130891,0.75,"10","ribosomal protein L41"
"Lrp10",-0.0822809278757077,0.6964,"14","low-density lipoprotein receptor-related protein 10"
"Pspc1",0.0822786427454885,0.4524,"14","paraspeckle protein 1"
"Dstyk",-0.0822695705934153,0.5096,"1","dual serine/threonine and tyrosine protein kinase"
"Ablim1",-0.0822484157684116,0.332,"19","actin-binding LIM protein 1"
"Magi1",0.0822455541255227,0.5856,"6","membrane associated guanylate kinase, WW and PDZ domain containing 1"
"Magi1",0.0822455541255227,0.5856,"6","membrane associated guanylate kinase, WW and PDZ domain containing 1"
"Gas2",0.082239314060605,0.6512,"7","growth arrest specific 2"
"Ndufa2",0.0821386340160988,0.6952,"18","NADH:ubiquinone oxidoreductase subunit A2"
"Zswim5",0.0821170376685831,0.4864,"4","zinc finger SWIM-type containing 5"
"Pbx4",0.0821058483309449,0.53,"8","pre B cell leukemia homeobox 4"
"Pcf11",0.0820718728359457,0.6448,"7","PCF11 cleavage and polyadenylation factor subunit"
"Jund",0.0820543678648393,0.6356,"8","jun D proto-oncogene"
"Ctdsp2",0.0820275588400898,0.436,"10","CTD (carboxy-terminal domain, RNA polymerase II, polypeptide A) small phosphatase 2"
"Cox18",0.0820252672834059,0.2928,"5","cytochrome c oxidase assembly protein 18"
"Nrg3",-0.0820250657785726,0.6532,"14","neuregulin 3"
"Tmem164",0.0820245066891561,0.6188,"X","transmembrane protein 164"
"Crocc2",0.0820109529048101,0.8216,"1","ciliary rootlet coiled-coil, rootletin family member 2"
"Kifc2",0.0820014953699211,0.51,"15","kinesin family member C2"
"Psmd4",0.0819791385738426,0.4188,"3","proteasome (prosome, macropain) 26S subunit, non-ATPase, 4"
"Ccdc137",0.0819292461880501,0.3768,"11","coiled-coil domain containing 137"
"Rps19",0.0818984133770035,0.6656,"7","ribosomal protein S19"
"Rerg",0.0818954688944329,0.7,"6","RAS-like, estrogen-regulated, growth-inhibitor"
"Copb1",0.0818927221958283,0.3128,"7","coatomer protein complex, subunit beta 1"
"Prelid1",0.0818782812802263,0.5764,"13","PRELI domain containing 1"
"Abcc1",0.0818597285069815,0.53,"16","ATP-binding cassette, sub-family C (CFTR/MRP), member 1"
"Ethe1",0.0818274039384752,0.6028,"7","ethylmalonic encephalopathy 1"
"Zfp941",0.0818243319099681,0.6408,"7","zinc finger protein 941"
"AI504432",0.0817824914014595,0.6308,"3","expressed sequence AI504432"
"Spg11",0.0817664365125177,0.7284,"2","SPG11, spatacsin vesicle trafficking associated"
"Snrnp40",0.0817619562627447,0.3468,"4","small nuclear ribonucleoprotein 40 (U5)"
"Smarca5",0.0817218885090751,0.3828,"8","SWI/SNF related, matrix associated, actin dependent regulator of chromatin, subfamily a, member 5"
"Morn4",0.0816858817484789,0.5212,"19","MORN repeat containing 4"
"Pmp22",0.0816439586518545,0.6716,"11","peripheral myelin protein 22"
"Setd1a",0.0815897872198281,0.6824,"7","SET domain containing 1A"
"Pknox1",0.0815896368042162,0.1884,"17","Pbx/knotted 1 homeobox"
"Lrrc1",-0.0815892621842851,0.5256,"9","leucine rich repeat containing 1"
"Trim35",-0.0815871071787031,0.3336,"14","tripartite motif-containing 35"
"C9orf72",0.0815694541237102,0.182,"4","C9orf72, member of C9orf72-SMCR8 complex"
"Dusp6",0.0815688764292695,0.7856,"10","dual specificity phosphatase 6"
"1110032A03Rik",0.081559200226736,0.518,"9","RIKEN cDNA 1110032A03 gene"
"Alas2",0.0815415226038954,0.7744,"X","aminolevulinic acid synthase 2, erythroid"
"Hat1",0.0815310999864076,0.4928,"2","histone aminotransferase 1"
"Snrpd2",0.0815111324612179,0.6576,"7","small nuclear ribonucleoprotein D2"
"Gstp1",0.0815049202554361,0.6716,"19","glutathione S-transferase, pi 1"
"Atp2b4",-0.0814969616610117,0.5672,"1","ATPase, Ca++ transporting, plasma membrane 4"
"Ramp2",0.0814311105462631,0.6872,"11","receptor (calcitonin) activity modifying protein 2"
"Arl1",-0.0814237016049075,0.6124,"10","ADP-ribosylation factor-like 1"
"Snx30",-0.0814044866559209,0.4604,"4","sorting nexin family member 30"
"Banf1",0.0813852674084323,0.6944,"19","BAF nuclear assembly factor 1"
"Nudt18",0.0813618682956863,0.5812,"14","nudix (nucleoside diphosphate linked moiety X)-type motif 18"
"Fpgs",-0.0813544252401925,0.6984,"2","folylpolyglutamyl synthetase"
"Prdm11",-0.0813435983471722,0.5636,"2","PR domain containing 11"
"Reep1",0.0813131980494859,0.376,"6","receptor accessory protein 1"
"Clip3",-0.0812996410518636,0.2892,"7","CAP-GLY domain containing linker protein 3"
"Gcc1",-0.081277428436926,0.4036,"6","golgi coiled coil 1"
"Top1mt",0.0812574711230747,0.4144,"15","DNA topoisomerase 1, mitochondrial"
"Ufl1",0.0812270700221767,0.5264,"4","UFM1 specific ligase 1"
"Pcdh15",-0.0812115840402212,0.7296,"10","protocadherin 15"
"Ltbp4",-0.0812089777233798,0.6624,"7","latent transforming growth factor beta binding protein 4"
"Tmem132e",-0.0812075972748825,0.5192,"11","transmembrane protein 132E"
"Babam1",0.0811730438140836,0.4336,"8","BRISC and BRCA1 A complex member 1"
"Mdp1",0.0811688673767943,0.4192,"14","magnesium-dependent phosphatase 1"
"Dusp5",-0.0811505942937547,0.7852,"19","dual specificity phosphatase 5"
"Hnrnpd",0.0811496518478831,0.3296,"5","heterogeneous nuclear ribonucleoprotein D"
"Coq9",0.0811169896721315,0.3008,"8","coenzyme Q9"
"2310033P09Rik",0.0811052829570338,0.4268,"11","RIKEN cDNA 2310033P09 gene"
"Atg3",0.0810833962580677,0.5016,"16","autophagy related 3"
"Nt5m",0.0810546300081549,0.5676,"11","5',3'-nucleotidase, mitochondrial"
"Ahsa2",0.0810475846947956,0.5932,"11","AHA1, activator of heat shock protein ATPase 2"
"Hspb1",-0.0810453834230382,0.79,"5","heat shock protein 1"
"Fam104a",0.0810376805613622,0.3688,"11","family with sequence similarity 104, member A"
"Mast2",0.0810365265956685,0.546,"4","microtubule associated serine/threonine kinase 2"
"Plrg1",0.0810331412999563,0.524,"3","pleiotropic regulator 1"
"Cyb5rl",0.0810223589228727,0.494,"4","cytochrome b5 reductase-like"
"Nedd4",-0.0810213182833017,0.546,"9","neural precursor cell expressed, developmentally down-regulated 4"
"Pde4a",0.0810084812168448,0.5948,"9","phosphodiesterase 4A, cAMP specific"
"Suv39h1",0.0809713728972037,0.3876,"X","suppressor of variegation 3-9 1"
"Inpp5a",0.0809671880579295,0.5504,"7","inositol polyphosphate-5-phosphatase A"
"Tubb2b",0.0809621586816611,0.4028,"13","tubulin, beta 2B class IIB"
"Ubac1",0.0809615280380207,0.4508,"2","ubiquitin associated domain containing 1"
"Lyrm7",-0.0809604190598274,0.4108,"11","LYR motif containing 7"
"Fbxw2",0.0809440186028247,0.3112,"2","F-box and WD-40 domain protein 2"
"Cnrip1",0.0809368715235399,0.5264,"11","cannabinoid receptor interacting protein 1"
"Mtus1",-0.0809153543723102,0.5688,"8","mitochondrial tumor suppressor 1"
"Scnm1",0.0808915488126516,0.5972,"3","sodium channel modifier 1"
"Cisd3",0.0808573075065135,0.674,"11","CDGSH iron sulfur domain 3"
"Cox8a",0.0808517906852426,0.664,"19","cytochrome c oxidase subunit 8A"
"Slc19a1",0.0808353724691377,0.426,"10","solute carrier family 19 (folate transporter), member 1"
"Zfp414",0.0807980419777694,0.5624,"17","zinc finger protein 414"
"Snx14",-0.0807947419824568,0.4908,"9","sorting nexin 14"
"Acot2",0.0807855163764932,0.572,"12","acyl-CoA thioesterase 2"
"Minpp1",0.0807756310150447,0.5048,"19","multiple inositol polyphosphate histidine phosphatase 1"
"Nr4a2",0.0807597625867977,0.7452,"2","nuclear receptor subfamily 4, group A, member 2"
"Nectin2",-0.0807418790635412,0.5912,"7","nectin cell adhesion molecule 2"
"1810058I24Rik",0.0807302039157065,0.6732,"6","RIKEN cDNA 1810058I24 gene"
"Klf3",-0.0807271939392589,0.6392,"5","Kruppel-like factor 3 (basic)"
"Srrm2",0.0807182737411303,0.802,"17","serine/arginine repetitive matrix 2"
"Acss1",0.080693453345555,0.6672,"2","acyl-CoA synthetase short-chain family member 1"
"Tmed5",0.0806832400184874,0.2936,"5","transmembrane p24 trafficking protein 5"
"Arid5a",-0.0806802604140202,0.3056,"1","AT rich interactive domain 5A (MRF1-like)"
"Psmd14",0.0806660257188412,0.3088,"2","proteasome (prosome, macropain) 26S subunit, non-ATPase, 14"
"B230307C23Rik",0.0806620439921915,0.7368,"16","RIKEN cDNA B230307C23 gene"
"Lysmd1",-0.080631367718905,0.5972,"3","LysM, putative peptidoglycan-binding, domain containing 1"
"Ogfod2",0.0806249063855251,0.5956,"5","2-oxoglutarate and iron-dependent oxygenase domain containing 2"
"Zc3h10",-0.0806230715115861,0.498,"10","zinc finger CCCH type containing 10"
"Ttyh2",-0.0806196136904171,0.7476,"11","tweety family member 2"
"Mgat4b",0.0805915182758774,0.4524,"11","mannoside acetylglucosaminyltransferase 4, isoenzyme B"
"Sbk1",0.0805846705954245,0.4828,"7","SH3-binding kinase 1"
"Scn1a",-0.0805740438919127,0.552,"2","sodium channel, voltage-gated, type I, alpha"
"Gid4",0.0805701179764959,0.386,"11","GID complex subunit 4, VID24 homolog"
"Zxdc",-0.0805230473263538,0.544,"6","ZXD family zinc finger C"
"Lamb2",-0.0805057154418476,0.5716,"9","laminin, beta 2"
"Meaf6",0.0805018230003611,0.1856,"4","MYST/Esa1-associated factor 6"
"Prelid3a",0.0804908350143245,0.566,"18","PRELI domain containing 3A"
"Fam78a",-0.080474216946679,0.7496,"2","family with sequence similarity 78, member A"
"Cd9",-0.0804740053357058,0.7236,"6","CD9 antigen"
"Cep112",0.0804685341313289,0.7544,"11","centrosomal protein 112"
"Folh1",0.0804500246895032,0.6116,"7","folate hydrolase 1"
"Cdc14a",0.0804469135873274,0.5972,"3","CDC14 cell division cycle 14A"
"Vstm2a",0.0804246106545365,0.6492,"11","V-set and transmembrane domain containing 2A"
"Zcchc18",0.080379872479293,0.3212,"X","zinc finger, CCHC domain containing 18"
"Fkbp8",0.0803461971365778,0.5612,"8","FK506 binding protein 8"
"Capn15",0.0803379576901797,0.5396,"17","calpain 15"
"Rpap1",0.0803340095652478,0.6304,"2","RNA polymerase II associated protein 1"
"Cdc123",0.0803274639865572,0.1664,"2","cell division cycle 123"
"Sestd1",0.0803054876322715,0.374,"2","SEC14 and spectrin domains 1"
"Ier3ip1",0.0802823997391071,0.3216,"18","immediate early response 3 interacting protein 1"
"Reps1",0.0802818465418005,0.3352,"10","RalBP1 associated Eps domain containing protein"
"Elf1",-0.0802793245230067,0.4752,"14","E74 like ETS transcription factor 1"
"Gse1",0.0802616089085069,0.626,"8","genetic suppressor element 1, coiled-coil protein"
"Slitrk4",-0.0802606201128597,0.6368,"X","SLIT and NTRK-like family, member 4"
"Prxl2c",-0.0802563751756376,0.4328,"13","peroxiredoxin like 2C"
"Ppp1r7",-0.0802216303382961,0.4956,"1","protein phosphatase 1, regulatory subunit 7"
"Traf3ip2",-0.0801456706361519,0.7732,"10","TRAF3 interacting protein 2"
"Bend3",-0.0801449052773369,0.4464,"10","BEN domain containing 3"
"Naxe",0.0801368017524435,0.49,"3","NAD(P)HX epimerase"
"Sec61a2",0.080116081308339,0.4976,"2","Sec61, alpha subunit 2 (S. cerevisiae)"
"Foxo1",0.0801142648731981,0.3568,"3","forkhead box O1"
"Fam216a",0.0801053774809519,0.3532,"5","family with sequence similarity 216, member A"
"Tspan5",0.0800976202017338,0.3492,"3","tetraspanin 5"
"Map10",-0.0800958030765662,0.5364,"8","microtubule-associated protein 10"
"Abce1",0.0800682120706,0.2284,"8","ATP-binding cassette, sub-family E (OABP), member 1"
"Dars2",0.0800308819570561,0.4692,"1","aspartyl-tRNA synthetase 2 (mitochondrial)"
"Cacnb2",-0.0800240538130215,0.4196,"2","calcium channel, voltage-dependent, beta 2 subunit"
"Prkca",-0.0799776993179311,0.5324,"11","protein kinase C, alpha"
"Mettl2",0.0799177714757864,0.4956,"11","methyltransferase like 2"
"Rab11fip3",-0.0799054704682405,0.3808,"17","RAB11 family interacting protein 3 (class II)"
"Pttg1ip",0.0798976448981339,0.1956,"10","pituitary tumor-transforming 1 interacting protein"
"Dennd5b",-0.0798913870220446,0.5196,"6","DENN/MADD domain containing 5B"
"Msrb2",-0.0798832715871223,0.3296,"2","methionine sulfoxide reductase B2"
"Mb21d2",0.0798718905250624,0.3104,"16","Mab-21 domain containing 2"
"Unc45a",0.0798502799064034,0.5928,"7","unc-45 myosin chaperone A"
"Gpn3",0.0798324738626093,0.2468,"5","GPN-loop GTPase 3"
"Med16",0.079826493480625,0.5212,"10","mediator complex subunit 16"
"Wdr24",-0.0797996676806614,0.4652,"17","WD repeat domain 24"
"Pcdhb6",0.07976343857626,0.7028,"18","protocadherin beta 6"
"Atg4a",0.0797614393161994,0.4248,"X","autophagy related 4A, cysteine peptidase"
"Ndn",0.0797562496140793,0.7616,"7","necdin, MAGE family member"
"Nle1",0.0797513352780976,0.65,"11","notchless homolog 1"
"Sgip1",-0.0797407755331569,0.5648,"4","SH3-domain GRB2-like (endophilin) interacting protein 1"
"Ints3",0.0797299346951617,0.2404,"3","integrator complex subunit 3"
"9930104L06Rik",-0.0797298234127339,0.4472,"4","RIKEN cDNA 9930104L06 gene"
"Tiam1",0.0797245775978999,0.3948,"16","T cell lymphoma invasion and metastasis 1"
"Pcdhb9",-0.0797068889259753,0.6504,"18","protocadherin beta 9"
"Enpp5",-0.0797048645889582,0.3996,"17","ectonucleotide pyrophosphatase/phosphodiesterase 5"
"Fkbp9",-0.0796947920803701,0.3876,"6","FK506 binding protein 9"
"Sdccag8",0.0796732201245387,0.576,"1","serologically defined colon cancer antigen 8"
"Gpkow",0.0796727979440703,0.1016,"X","G patch domain and KOW motifs"
"Dmtn",0.079654006251106,0.3208,"14","dematin actin binding protein"
"Pfdn4",0.0795601580446839,0.4556,"2","prefoldin 4"
"Daglb",-0.0795372119273301,0.3908,"5","diacylglycerol lipase, beta"
"Kif1a",-0.0795327336404714,0.1152,"1","kinesin family member 1A"
"Wdr43",0.079528112618318,0.3176,"17","WD repeat domain 43"
"Xpnpep3",-0.0795247171920295,0.5508,"15","X-prolyl aminopeptidase 3, mitochondrial"
"Fbxo25",0.0795121272209984,0.406,"8","F-box protein 25"
"Cep41",-0.0795104796081056,0.4568,"6","centrosomal protein 41"
"Tceal1",0.0795062557312862,0.5408,"X","transcription elongation factor A (SII)-like 1"
"Srrd",0.0794973939870278,0.4256,"5","SRR1 domain containing"
"Rfx5",0.0794968477366025,0.516,"3","regulatory factor X, 5 (influences HLA class II expression)"
"Spout1",0.0794594835148041,0.5616,"2","SPOUT domain containing methyltransferase 1"
"Yes1",0.079445485335389,0.4272,"5","YES proto-oncogene 1, Src family tyrosine kinase"
"Nsmf",0.0794293934610515,0.4632,"2","NMDA receptor synaptonuclear signaling and neuronal migration factor"
"Frmd5",0.0793991860919556,0.2,"2","FERM domain containing 5"
"Baz2b",0.0793828776252195,0.784,"2","bromodomain adjacent to zinc finger domain, 2B"
"Rnf207",-0.0793723931279542,0.8244,"4","ring finger protein 207"
"Aars2",0.0793721882700638,0.5796,"17","alanyl-tRNA synthetase 2, mitochondrial"
"Tex264",0.0793675665249012,0.5472,"9","testis expressed gene 264"
"Kcnq5",-0.0793484064112242,0.6396,"1","potassium voltage-gated channel, subfamily Q, member 5"
"Ptpn1",0.0793117139667538,0.416,"2","protein tyrosine phosphatase, non-receptor type 1"
"Tgfb2",-0.079304737618739,0.5304,"1","transforming growth factor, beta 2"
"Sltm",0.0792834329823942,0.5408,"9","SAFB-like, transcription modulator"
"Cplx2",0.0792681597005966,0.5132,"13","complexin 2"
"Tspyl1",-0.0792548489281106,0.5904,"10","testis-specific protein, Y-encoded-like 1"
"Asap1",-0.0792512568987274,0.5028,"15","ArfGAP with SH3 domain, ankyrin repeat and PH domain1"
"Bcas1",0.0792180524257731,0.792,"2","brain enriched myelin associated protein 1"
"Pcsk6",-0.0791748693347607,0.56,"7","proprotein convertase subtilisin/kexin type 6"
"Mospd3",0.0791733940030408,0.6428,"5","motile sperm domain containing 3"
"Zfp639",0.0791718147195031,0.4624,"3","zinc finger protein 639"
"Nudt3",0.0791481021537663,0.5312,"17","nudix (nucleotide diphosphate linked moiety X)-type motif 3"
"Pogz",0.0791223938327299,0.5256,"3","pogo transposable element with ZNF domain"
"A830036E02Rik",0.0790860835512222,0.8064,"11","RIKEN cDNA A830036E02 gene"
"Ism1",0.0790813517779405,0.4592,"2","isthmin 1, angiogenesis inhibitor"
"Zfp128",0.0790805451395711,0.5084,"7","zinc finger protein 128"
"Csf2ra",0.0790496111866865,0.7808,"19","colony stimulating factor 2 receptor, alpha, low-affinity (granulocyte-macrophage)"
"Dffa",-0.0790477860288989,0.3064,"4","DNA fragmentation factor, alpha subunit"
"Tarsl2",-0.0790365169023222,0.536,"7","threonyl-tRNA synthetase-like 2"
"Sez6l2",-0.0790306763764157,0.35,"7","seizure related 6 homolog like 2"
"Atm",-0.0790217135503513,0.718,"9","ataxia telangiectasia mutated"
"Cadm3",-0.0789929358143802,0.4776,"1","cell adhesion molecule 3"
"Usp10",0.078974420123914,0.1468,"8","ubiquitin specific peptidase 10"
"Fth1",0.0789549477893328,0.7484,"19","ferritin heavy polypeptide 1"
"Prkx",0.0789310562017516,0.39,"X","protein kinase, X-linked"
"Wtap",0.0789219465154831,0.1776,"17","WT1 associating protein"
"Esco1",-0.0788946030462188,0.4728,"18","establishment of sister chromatid cohesion N-acetyltransferase 1"
"Cops5",0.0788826613157356,0.5468,"1","COP9 signalosome subunit 5"
"Cacng3",0.0788676224806508,0.5784,"7","calcium channel, voltage-dependent, gamma subunit 3"
"Dpysl3",-0.0788638206770136,0.4232,"18","dihydropyrimidinase-like 3"
"Kansl1",0.0788521507530326,0.4056,"11","KAT8 regulatory NSL complex subunit 1"
"Btbd19",0.0788497306666676,0.5692,"4","BTB (POZ) domain containing 19"
"Mrpl40",0.0788369955749353,0.538,"16","mitochondrial ribosomal protein L40"
"Foxq1",-0.0788060562816422,0.6,"13","forkhead box Q1"
"Alpk1",0.0787882656277867,0.7416,"3","alpha-kinase 1"
"Pgk1",0.0787595490925712,0.5068,"X","phosphoglycerate kinase 1"
"Med1",-0.0787586045601687,0.5488,"11","mediator complex subunit 1"
"Atp5k",0.0787458879894576,0.6672,"5","ATP synthase, H+ transporting, mitochondrial F1F0 complex, subunit E"
"Fubp3",0.0787445356076519,0.6656,"2","far upstream element (FUSE) binding protein 3"
"Pfn1",0.0787440248615345,0.684,"11","profilin 1"
"Sc5d",-0.07873603551855,0.5368,"9","sterol-C5-desaturase"
"Slc35f3",0.0787276133015986,0.3268,"8","solute carrier family 35, member F3"
"Nat8f1",0.078723705855325,0.6484,"6","N-acetyltransferase 8 (GCN5-related) family member 1"
"Fars2",0.0787211472572231,0.5752,"13","phenylalanine-tRNA synthetase 2 (mitochondrial)"
"Fbxo16",0.0786640794436941,0.43,"14","F-box protein 16"
"Zfp607b",-0.0786598750596901,0.5612,"7","zinc finger protein 607B"
"Adgre5",-0.0786405333108156,0.63,"8","adhesion G protein-coupled receptor E5"
"Ahi1",0.0786393759968842,0.5944,"10","Abelson helper integration site 1"
"Frs3",-0.0786381483004854,0.4704,"17","fibroblast growth factor receptor substrate 3"
"Ankrd54",0.0786015537000262,0.544,"15","ankyrin repeat domain 54"
"Asphd2",0.0785382689308749,0.5204,"5","aspartate beta-hydroxylase domain containing 2"
"Ccdc28a",0.0785368108167814,0.3332,"10","coiled-coil domain containing 28A"
"Ndufb10",0.0785199462659127,0.588,"17","NADH:ubiquinone oxidoreductase subunit B10"
"Farsa",0.0785093365055429,0.4436,"8","phenylalanyl-tRNA synthetase, alpha subunit"
"Fbxo10",-0.0785020606671738,0.5136,"4","F-box protein 10"
"Mau2",0.0784937384603346,0.5324,"8","MAU2 sister chromatid cohesion factor"
"Sfmbt2",0.0784825733103853,0.8984,"2","Scm-like with four mbt domains 2"
"Map3k11",-0.0784649017922021,0.5724,"19","mitogen-activated protein kinase kinase kinase 11"
"Paqr7",0.0784427560226675,0.416,"4","progestin and adipoQ receptor family member VII"
"Sec11c",0.0784347970605532,0.3864,"18","SEC11 homolog C, signal peptidase complex subunit"
"Porcn",0.0784277829163811,0.4676,"X","porcupine O-acyltransferase"
"Pus10",0.078394746887243,0.6684,"11","pseudouridylate synthase 10"
"Cnksr2",-0.078387137312907,0.622,"X","connector enhancer of kinase suppressor of Ras 2"
"Dlx2",-0.0783744014104188,0.552,"2","distal-less homeobox 2"
"Clec16a",-0.0783487655216648,0.2572,"16","C-type lectin domain family 16, member A"
"Rasa1",0.0783207234972529,0.478,"13","RAS p21 protein activator 1"
"Rtn4r",0.0782879535773748,0.558,"16","reticulon 4 receptor"
"Scai",0.0782873908296144,0.6728,"2","suppressor of cancer cell invasion"
"Txndc15",0.0782843052766058,0.3708,"13","thioredoxin domain containing 15"
"Coq6",0.0782782450760684,0.528,"12","coenzyme Q6 monooxygenase"
"Spred1",0.078269521771297,0.332,"2","sprouty protein with EVH-1 domain 1, related sequence"
"Mpdz",0.0782646625568857,0.6608,"4","multiple PDZ domain crumbs cell polarity complex component"
"Creb3",0.0782614896120259,0.3196,"4","cAMP responsive element binding protein 3"
"Armcx3",-0.0782058276120061,0.5108,"X","armadillo repeat containing, X-linked 3"
"Lrba",-0.0781907427593547,0.5872,"3","LPS-responsive beige-like anchor"
"Rae1",0.0781880784124516,0.37,"2","ribonucleic acid export 1"
"Nfkbib",0.0781713999304925,0.5172,"7","nuclear factor of kappa light polypeptide gene enhancer in B cells inhibitor, beta"
"Ndufs3",0.0781649493053118,0.6232,"2","NADH:ubiquinone oxidoreductase core subunit S3"
"Ttc33",0.0781552288690657,0.4696,"15","tetratricopeptide repeat domain 33"
"Cog4",0.0781250365173163,0.3796,"8","component of oligomeric golgi complex 4"
"Cav2",-0.0781004803176319,0.3208,"6","caveolin 2"
"Dusp12",0.0780934608331707,0.6872,"1","dual specificity phosphatase 12"
"Emc2",0.0780863390353099,0.1716,"15","ER membrane protein complex subunit 2"
"Rgcc",0.0780591936026767,0.598,"14","regulator of cell cycle"
"Pxdn",0.0780570351932868,0.7712,"12","peroxidasin"
"Gas8",0.0780528740253006,0.4976,"8","growth arrest specific 8"
"Fam207a",0.0780462374143216,0.4136,"10","family with sequence similarity 207, member A"
"Tfg",0.0780455193434104,0.4724,"16","Trk-fused gene"
"Map3k5",0.0780205660902267,0.5392,"10","mitogen-activated protein kinase kinase kinase 5"
"Ppia",0.0780162095440744,0.5472,"11","peptidylprolyl isomerase A"
"Rps6",0.0780059065408345,0.5448,"4","ribosomal protein S6"
"Manba",-0.0779641431148712,0.5084,"3","mannosidase, beta A, lysosomal"
"Pcyt1a",-0.0779609466981679,0.3028,"16","phosphate cytidylyltransferase 1, choline, alpha isoform"
"Snx25",-0.0779350258216391,0.3636,"8","sorting nexin 25"
"Eef1d",0.0779188742274375,0.5184,"15","eukaryotic translation elongation factor 1 delta (guanine nucleotide exchange protein)"
"Arpp21",0.0779024221004283,0.276,"9","cyclic AMP-regulated phosphoprotein, 21"
"Zfp940",0.0778848855595435,0.3648,"7","zinc finger protein 940"
"Rnf180",-0.0778460736177138,0.3484,"13","ring finger protein 180"
"Slc17a8",-0.0778390011357604,0.6748,"10","solute carrier family 17 (sodium-dependent inorganic phosphate cotransporter), member 8"
"Calm1",0.077827540025849,0.4204,"12","calmodulin 1"
"Ino80b",0.0777661476823326,0.6288,"6","INO80 complex subunit B"
"Gfod1",0.0777494942682777,0.5256,"13","glucose-fructose oxidoreductase domain containing 1"
"Elk1",0.0777350205481708,0.2564,"X","ELK1, member of ETS oncogene family"
"Ndufa8",0.0777317906554691,0.6344,"2","NADH:ubiquinone oxidoreductase subunit A8"
"Snrpa",0.0776860043056722,0.486,"7","small nuclear ribonucleoprotein polypeptide A"
"Zdhhc17",0.0776791378273636,0.4572,"10","zinc finger, DHHC domain containing 17"
"Zkscan14",0.077669083980862,0.5204,"5","zinc finger with KRAB and SCAN domains 14"
"B4galt7",0.0776484650168188,0.53,"13","xylosylprotein beta1,4-galactosyltransferase, polypeptide 7 (galactosyltransferase I)"
"Mgll",0.0776330532018061,0.5292,"6","monoglyceride lipase"
"Sh3pxd2b",-0.0776029750111711,0.2336,"11","SH3 and PX domains 2B"
"Nup85",0.0775648390702717,0.1688,"11","nucleoporin 85"
"Auh",0.0775383244809262,0.4092,"13","AU RNA binding protein/enoyl-coenzyme A hydratase"
"Ccar1",0.0775359619883282,0.5116,"10","cell division cycle and apoptosis regulator 1"
"Hspb11",0.0775343682723753,0.6448,"4","heat shock protein family B (small), member 11"
"Srsf10",0.0775316319275587,0.4948,"4","serine and arginine-rich splicing factor 10"
"Ercc1",0.0774954249879114,0.5644,"7","excision repair cross-complementing rodent repair deficiency, complementation group 1"
"Golga7",0.0774527760088199,0.5928,"8","golgi autoantigen, golgin subfamily a, 7"
"Golga7",0.0774527760088199,0.5928,"8","golgi autoantigen, golgin subfamily a, 7"
"Lrrc28",-0.0774499641268243,0.6572,"7","leucine rich repeat containing 28"
"Hk2",-0.0774291218768024,0.7508,"6","hexokinase 2"
"Snupn",0.0774202750219906,0.4688,"9","snurportin 1"
"Ercc5",0.0773907295980303,0.566,"1","excision repair cross-complementing rodent repair deficiency, complementation group 5"
"Gramd2",0.0773891475466302,0.8864,"9","GRAM domain containing 2"
"Rpl27",0.0773821554054237,0.6344,"11","ribosomal protein L27"
"Kdelr1",0.077372771453045,0.386,"7","KDEL (Lys-Asp-Glu-Leu) endoplasmic reticulum protein retention receptor 1"
"Inpp5e",0.0773608359002891,0.5968,"2","inositol polyphosphate-5-phosphatase E"
"Paxx",0.0773599714521218,0.6148,"2","non-homologous end joining factor"
"Klhl20",-0.0773437703910105,0.4012,"1","kelch-like 20"
"Eml5",0.0773336386592485,0.798,"12","echinoderm microtubule associated protein like 5"
"Bean1",0.0773224088198674,0.5676,"8","brain expressed, associated with Nedd4, 1"
"Cds2",-0.0773200098883056,0.192,"2","CDP-diacylglycerol synthase (phosphatidate cytidylyltransferase) 2"
"Prtg",-0.0772834209115838,0.7416,"9","protogenin"
"Ica1",0.0772718839315125,0.4488,"6","islet cell autoantigen 1"
"Bnip3l",0.077265725195832,0.5004,"14","BCL2/adenovirus E1B interacting protein 3-like"
"Rab5c",0.0772304178329497,0.4936,"11","RAB5C, member RAS oncogene family"
"Zdhhc7",0.0772078582088476,0.4788,"8","zinc finger, DHHC domain containing 7"
"Nr3c2",-0.0771987811880646,0.3812,"8","nuclear receptor subfamily 3, group C, member 2"
"Rom1",0.0771791503379267,0.7612,"19","rod outer segment membrane protein 1"
"Rdh11",0.0771468750923523,0.4656,"12","retinol dehydrogenase 11"
"Mnat1",0.0771238258606339,0.4012,"12","menage a trois 1"
"Slc9a1",-0.0771208072011218,0.1008,"4","solute carrier family 9 (sodium/hydrogen exchanger), member 1"
"Mta1",0.0771184535692662,0.332,"12","metastasis associated 1"
"Pkd2l2",0.0771177873148585,0.3184,"18","polycystic kidney disease 2-like 2"
"Stxbp6",0.0770759590754224,0.6016,"12","syntaxin binding protein 6 (amisyn)"
"Rhbdd3",0.0770693802250388,0.6936,"11","rhomboid domain containing 3"
"Adck2",-0.077066514605443,0.4432,"6","aarF domain containing kinase 2"
"Dmac1",-0.0770121734325429,0.4264,"4","distal membrane arm assembly complex 1"
"Rbmxl1",0.076954030815946,0.3476,"8","RNA binding motif protein, X-linked like-1"
"Raph1",0.0769479777428073,0.5332,"1","Ras association (RalGDS/AF-6) and pleckstrin homology domains 1"
"Brpf3",0.0769384547690857,0.5956,"17","bromodomain and PHD finger containing, 3"
"Pfdn1",0.0769354197942915,0.5884,"18","prefoldin 1"
"Parp9",-0.0769340737140245,0.7312,"16","poly (ADP-ribose) polymerase family, member 9"
"Snhg12",0.07692328823628,0.5816,"4","small nucleolar RNA host gene 12"
"Lix1l",-0.0769120432813599,0.3756,"3","Lix1-like"
"Stpg1",0.0769102634780081,0.8092,"4","sperm tail PG rich repeat containing 1"
"Gnal",0.0769001106737282,0.2224,"18","guanine nucleotide binding protein, alpha stimulating, olfactory type"
"Clasp2",0.076896970739619,0.2308,"9","CLIP associating protein 2"
"Vangl1",-0.0768614403628303,0.6332,"3","VANGL planar cell polarity 1"
"H2aj",0.0768414572406444,0.6472,"6","H2J.A histone"
"Flywch1",-0.0768357818563397,0.318,"17","FLYWCH-type zinc finger 1"
"Rmnd5b",0.0768169678706947,0.468,"11","required for meiotic nuclear division 5 homolog B"
"Rbm6",0.0768043608570839,0.5456,"9","RNA binding motif protein 6"
"Pold3",0.0767981343504811,0.536,"7","polymerase (DNA-directed), delta 3, accessory subunit"
"Nostrin",-0.076789504211616,0.6524,"2","nitric oxide synthase trafficker"
"Phb",0.0767750523031321,0.5452,"11","prohibitin"
"Mapk9",-0.0767711019290385,0.2804,"11","mitogen-activated protein kinase 9"
"St18",-0.076768577481209,0.6156,"1","suppression of tumorigenicity 18"
"Dph6",0.0767625595388779,0.3764,"2","diphthamine biosynthesis 6"
"Faxc",-0.0767231166937181,0.4636,"4","failed axon connections homolog"
"Nos1ap",-0.0767194348105402,0.5924,"1","nitric oxide synthase 1 (neuronal) adaptor protein"
"Prps1",-0.0767076652901411,0.5424,"X","phosphoribosyl pyrophosphate synthetase 1"
"Zkscan5",-0.0767016979149728,0.7532,"5","zinc finger with KRAB and SCAN domains 5"
"Fndc10",0.0766887937089047,0.6644,"4","fibronectin type III domain containing 10"
"Mrpl41",0.0766544592269005,0.4984,"2","mitochondrial ribosomal protein L41"
"Mtmr14",0.0766503251759567,0.476,"6","myotubularin related protein 14"
"Mrpl50",-0.0765952316207761,0.4324,"4","mitochondrial ribosomal protein L50"
"Trmt5",0.0765701845312736,0.5156,"12","TRM5 tRNA methyltransferase 5"
"Plcxd2",-0.0765509716636998,0.6656,"16","phosphatidylinositol-specific phospholipase C, X domain containing 2"
"Dennd11",-0.0765440406240065,0.4452,"6","DENN domain containing 11"
"1500011B03Rik",0.0765372845236207,0.5692,"5","RIKEN cDNA 1500011B03 gene"
"1500011B03Rik",0.0765372845236207,0.5692,"5","RIKEN cDNA 1500011B03 gene"
"Rbm15b",-0.0765328354915136,0.418,"9","RNA binding motif protein 15B"
"Fiz1",0.0765206619768657,0.3844,"7","Flt3 interacting zinc finger protein 1"
"Apc2",-0.0765169321681691,0.4412,"10","APC regulator of WNT signaling pathway 2"
"Zfp329",0.0764998897027764,0.6912,"7","zinc finger protein 329"
"Myo18a",-0.0764812734512983,0.174,"11","myosin XVIIIA"
"Patz1",0.076473785077547,0.1132,"11","POZ (BTB) and AT hook containing zinc finger 1"
"Ggps1",0.0764632081481453,0.3836,"13","geranylgeranyl diphosphate synthase 1"
"Rem2",0.0764575380545134,0.6312,"14","rad and gem related GTP binding protein 2"
"Egln3",0.0764518069578863,0.6408,"12","egl-9 family hypoxia-inducible factor 3"
"Kmt5a",0.0764250607434427,0.3536,"5","lysine methyltransferase 5A"
"Lor",0.0764176963259167,0.5048,"3","loricrin"
"Cdh9",0.0763912317149362,0.4832,"15","cadherin 9"
"Gpm6a",0.0763818789742885,0.4504,"8","glycoprotein m6a"
"Hadha",-0.0763728998861186,0.2256,"5","hydroxyacyl-CoA dehydrogenase trifunctional multienzyme complex subunit alpha"
"Bckdk",0.0763643584708458,0.4572,"7","branched chain ketoacid dehydrogenase kinase"
"Stk11",0.0763389688301697,0.4232,"10","serine/threonine kinase 11"
"Arpc3",0.0763001607740899,0.5572,"5","actin related protein 2/3 complex, subunit 3"
"Zfp385b",-0.0762894227048614,0.5732,"2","zinc finger protein 385B"
"Slc22a4",-0.0762292098274604,0.6636,"11","solute carrier family 22 (organic cation transporter), member 4"
"Dop1b",-0.0761995712763461,0.348,"16","DOP1 leucine zipper like protein B"
"Polr2c",0.0761938685940908,0.2608,"8","polymerase (RNA) II (DNA directed) polypeptide C"
"Ndufb5",0.0761832984549571,0.564,"3","NADH:ubiquinone oxidoreductase subunit B5"
"Lrp1b",-0.0761761244396935,0.8356,"2","low density lipoprotein-related protein 1B"
"Ube2q2",-0.0761642512509288,0.5632,"9","ubiquitin-conjugating enzyme E2Q family member 2"
"Tmem108",0.0761355106752495,0.588,"9","transmembrane protein 108"
"Zfp420",0.0761349005825895,0.6336,"7","zinc finger protein 420"
"Trappc6b",0.0761346310979594,0.1232,"12","trafficking protein particle complex 6B"
"Uqcr10",0.076124988143933,0.646,"11","ubiquinol-cytochrome c reductase, complex III subunit X"
"Anks1",0.0760989166807251,0.5748,"17","ankyrin repeat and SAM domain containing 1"
"Fgf12",-0.076079778133237,0.5772,"16","fibroblast growth factor 12"
"Gng13",-0.0760679551580878,0.6964,"17","guanine nucleotide binding protein (G protein), gamma 13"
"Tagln2",-0.0760457395695822,0.764,"1","transgelin 2"
"Spindoc",0.075999675423212,0.432,"19","spindlin interactor and repressor of chromatin binding"
"Kcnc4",0.0759908267984475,0.5644,"3","potassium voltage gated channel, Shaw-related subfamily, member 4"
"Fermt2",0.0759870961654165,0.2108,"14","fermitin family member 2"
"Cap1",0.0759735208844869,0.4476,"4","CAP, adenylate cyclase-associated protein 1 (yeast)"
"Htra2",0.0759698265221704,0.5396,"6","HtrA serine peptidase 2"
"Osbpl7",0.0759693374508332,0.554,"11","oxysterol binding protein-like 7"
"Pcbd2",0.0759642550613311,0.772,"13","pterin 4 alpha carbinolamine dehydratase/dimerization cofactor of hepatocyte nuclear factor 1 alpha (TCF1) 2"
"Slc39a13",0.0759573246927792,0.5336,"2","solute carrier family 39 (metal ion transporter), member 13"
"Ddx42",0.0759571890730122,0.3576,"11","DEAD box helicase 42"
"Dpy19l1",-0.0759542619115923,0.544,"9","dpy-19-like 1 (C. elegans)"
"Prdx1",0.0759434737991711,0.5772,"4","peroxiredoxin 1"
"Cbx4",0.0759387807173102,0.3532,"11","chromobox 4"
"Ptms",0.0759355734132079,0.7068,"6","parathymosin"
"Eif4b",-0.0758941010948009,0.3404,"15","eukaryotic translation initiation factor 4B"
"Top2b",0.075873262062788,0.3776,"14","topoisomerase (DNA) II beta"
"Hdac6",0.0758182652294597,0.638,"X","histone deacetylase 6"
"Ddhd2",0.0758079495919572,0.486,"8","DDHD domain containing 2"
"Arhgef17",-0.0758056310545747,0.2896,"7","Rho guanine nucleotide exchange factor (GEF) 17"
"Ranbp10",0.0758028745029984,0.662,"8","RAN binding protein 10"
"Zscan21",-0.0757871208951642,0.4748,"5","zinc finger and SCAN domain containing 21"
"Fasn",-0.0757860931102607,0.1708,"11","fatty acid synthase"
"Zfp788",0.0757707759630284,0.3696,"7","zinc finger protein 788"
"Myl12b",0.0757413885570859,0.5916,"17","myosin, light chain 12B, regulatory"
"Sil1",-0.075724767468504,0.4972,"18","SIL1 nucleotide exchange factor"
"Wdr54",-0.0757241475577866,0.6536,"6","WD repeat domain 54"
"Ildr2",-0.0757178980735818,0.3772,"1","immunoglobulin-like domain containing receptor 2"
"Oaz2",-0.0757047474561672,0.4324,"9","ornithine decarboxylase antizyme 2"
"Aarsd1",0.0756893663068325,0.5492,"11","alanyl-tRNA synthetase domain containing 1"
"Gcc2",-0.0756825035541171,0.7604,"10","GRIP and coiled-coil domain containing 2"
"Gas2l1",0.0756622093545927,0.1836,"11","growth arrest-specific 2 like 1"
"Lzts3",0.0756521650398359,0.5936,"2","leucine zipper, putative tumor suppressor family member 3"
"Slc17a6",-0.0756183209046422,0.8576,"7","solute carrier family 17 (sodium-dependent inorganic phosphate cotransporter), member 6"
"Gar1",-0.0756004129263497,0.5236,"3","GAR1 ribonucleoprotein"
"Prss36",0.0755967096265433,0.6284,"7","protease, serine 36"
"Ngf",0.0755899633300623,0.722,"3","nerve growth factor"
"Ash1l",-0.0755586341007835,0.6328,"3","ASH1 like histone lysine methyltransferase"
"Nt5c3b",0.0755426302169049,0.394,"11","5'-nucleotidase, cytosolic IIIB"
"Tgfbr3",-0.0755398815476438,0.4172,"5","transforming growth factor, beta receptor III"
"Zfp937",0.0755091635811076,0.3992,"2","zinc finger protein 937"
"Eif3a",-0.0755066734225638,0.6588,"19","eukaryotic translation initiation factor 3, subunit A"
"Haghl",0.0755065914692405,0.5872,"17","hydroxyacylglutathione hydrolase-like"
"Nek6",0.0755014010024126,0.5068,"2","NIMA (never in mitosis gene a)-related expressed kinase 6"
"Wwp1",-0.0754925245254787,0.2588,"4","WW domain containing E3 ubiquitin protein ligase 1"
"Coq10a",0.0754907136008036,0.4096,"10","coenzyme Q10A"
"Scfd1",0.075476204938937,0.35,"12","Sec1 family domain containing 1"
"Cpeb2",0.0754694388213295,0.5556,"5","cytoplasmic polyadenylation element binding protein 2"
"Mul1",0.0754576860330731,0.1324,"4","mitochondrial ubiquitin ligase activator of NFKB 1"
"2610044O15Rik8",0.0754306542893919,0.5004,"8","RIKEN cDNA 2610044O15 gene"
"Ficd",0.0754263583805099,0.5208,"5","FIC domain containing"
"Ppargc1a",-0.0754131134570972,0.5076,"5","peroxisome proliferative activated receptor, gamma, coactivator 1 alpha"
"Rpl37a",0.0754030264918866,0.6956,"1","ribosomal protein L37a"
"Dhx34",0.0753859448773651,0.3932,"7","DEAH (Asp-Glu-Ala-His) box polypeptide 34"
"Tmem251",0.0753844317215067,0.6184,"12","transmembrane protein 251"
"Dhfr",0.0753711722068711,0.3312,"13","dihydrofolate reductase"
"Usp20",-0.0753601842498401,0.3056,"2","ubiquitin specific peptidase 20"
"Dcx",0.0753597790847333,0.7764,"X","doublecortin"
"Cul7",-0.0753385052550168,0.2688,"17","cullin 7"
"Timp4",0.0753353401857124,0.5192,"6","tissue inhibitor of metalloproteinase 4"
"Nt5dc3",-0.0753349959821721,0.4528,"10","5'-nucleotidase domain containing 3"
"Car5b",-0.0753344089821006,0.584,"X","carbonic anhydrase 5b, mitochondrial"
"Mief1",-0.0753202311800312,0.092,"15","mitochondrial elongation factor 1"
"Atp6v1g2",0.0752764874467857,0.5752,"17","ATPase, H+ transporting, lysosomal V1 subunit G2"
"Nyap1",-0.0752734330168758,0.1372,"5","neuronal tyrosine-phosphorylated phosphoinositide 3-kinase adaptor 1"
"Slc7a8",-0.0752602627879151,0.2892,"14","solute carrier family 7 (cationic amino acid transporter, y+ system), member 8"
"Senp2",0.0752447059674317,0.3056,"16","SUMO/sentrin specific peptidase 2"
"Frmpd3",-0.0752384240106272,0.518,"X","FERM and PDZ domain containing 3"
"Junb",0.0752273492691149,0.8196,"8","jun B proto-oncogene"
"Zfp263",0.0752270210601518,0.508,"16","zinc finger protein 263"
"Mrps16",0.0752230105994367,0.59,"14","mitochondrial ribosomal protein S16"
"Ap3b1",0.0752195943252891,0.1916,"13","adaptor-related protein complex 3, beta 1 subunit"
"Axin2",0.075138103792602,0.7148,"11","axin 2"
"Csnk1e",0.0751330039931242,0.2224,"15","casein kinase 1, epsilon"
"Usp30",0.0751235307099787,0.2704,"5","ubiquitin specific peptidase 30"
"Usp30",0.0751235307099787,0.2704,"5","ubiquitin specific peptidase 30"
"Mapk3",0.0750676751847239,0.6428,"7","mitogen-activated protein kinase 3"
"Cct3",0.0750567027215165,0.3552,"3","chaperonin containing Tcp1, subunit 3 (gamma)"
"Nrxn3",-0.0750528601429714,0.5252,"12","neurexin III"
"H2ax",0.075016110884782,0.646,"9","H2A.X variant histone"
"Eapp",0.0750115111238463,0.21,"12","E2F-associated phosphoprotein"
"Btf3l4",0.0749860475356545,0.3668,"4","basic transcription factor 3-like 4"
"Akr1b10",0.0749838553233326,0.4616,"6","aldo-keto reductase family 1, member B10 (aldose reductase)"
"Pak2",-0.0749647010206447,0.4676,"16","p21 (RAC1) activated kinase 2"
"Ggnbp1",0.0749538816591739,0.7576,"17","gametogenetin binding protein 1"
"Trnt1",-0.0749424690812446,0.5328,"6","tRNA nucleotidyl transferase, CCA-adding, 1"
"Med25",0.0749232647545517,0.5576,"7","mediator complex subunit 25"
"B3gat3",0.0749193874714491,0.6108,"19","beta-1,3-glucuronyltransferase 3 (glucuronosyltransferase I)"
"Nme7",0.0748847686712408,0.5256,"1","NME/NM23 family member 7"
"Cad",0.0748325916913934,0.66,"5","carbamoyl-phosphate synthetase 2, aspartate transcarbamylase, and dihydroorotase"
"Sema7a",-0.0747866432529332,0.2652,"9","sema domain, immunoglobulin domain (Ig), and GPI membrane anchor, (semaphorin) 7A"
"Fam3c",0.074764802585773,0.2952,"6","FAM3 metabolism regulating signaling molecule C"
"Lmnb2",0.0747560627865367,0.5192,"10","lamin B2"
"Rps28",0.0747553360822533,0.7152,"17","ribosomal protein S28"
"Hmgcr",-0.0747528175441294,0.5568,"13","3-hydroxy-3-methylglutaryl-Coenzyme A reductase"
"Chst11",-0.0747328139755101,0.6288,"10","carbohydrate sulfotransferase 11"
"Sstr3",-0.0746863888821698,0.6388,"15","somatostatin receptor 3"
"Xrcc6",-0.074664511354694,0.1352,"15","X-ray repair complementing defective repair in Chinese hamster cells 6"
"Unkl",0.0746523338889222,0.4376,"17","unkempt family like zinc finger"
"Ubtf",0.0746493437312363,0.2704,"11","upstream binding transcription factor, RNA polymerase I"
"Eea1",0.0746483706732972,0.6228,"10","early endosome antigen 1"
"Ppp1r12a",0.0746466111898316,0.5904,"10","protein phosphatase 1, regulatory subunit 12A"
"Srpk1",0.0746396909431866,0.5924,"17","serine/arginine-rich protein specific kinase 1"
"Pdpr",0.0746366195651365,0.8068,"8","pyruvate dehydrogenase phosphatase regulatory subunit"
"Bmi1",0.0746305126286098,0.3248,"2","Bmi1 polycomb ring finger oncogene"
"Srd5a1",0.0746290549152548,0.684,"13","steroid 5 alpha-reductase 1"
"Egr4",0.0746134553949629,0.778,"6","early growth response 4"
"Bad",-0.0745687092100162,0.604,"19","BCL2-associated agonist of cell death"
"Stambpl1",0.0745628925450896,0.3376,"19","STAM binding protein like 1"
"Tti1",-0.0745527242227606,0.244,"2","TELO2 interacting protein 1"
"Fuz",0.0745429627997236,0.6408,"7","fuzzy planar cell polarity protein"
"Ybx1",0.0745277567158675,0.3812,"4","Y box protein 1"
"Tmem101",0.0745076416968233,0.6336,"11","transmembrane protein 101"
"Amdhd2",0.0744423650365373,0.668,"17","amidohydrolase domain containing 2"
"Sec14l2",0.074425693582687,0.2428,"11","SEC14-like lipid binding 2"
"Gng11",0.0744187602026325,0.718,"6","guanine nucleotide binding protein (G protein), gamma 11"
"Zxdb",0.0744182820294768,0.604,"X","zinc finger, X-linked, duplicated B"
"St3gal1",-0.0744065228116471,0.5836,"15","ST3 beta-galactoside alpha-2,3-sialyltransferase 1"
"Zfp783",-0.0743971107152874,0.6996,"6","zinc finger protein 783"
"Smg1",0.0743750404111161,0.7508,"7","SMG1 nonsense mediated mRNA decay associated PI3K related kinase"
"Bloc1s1",0.074367721800864,0.6412,"10","biogenesis of lysosomal organelles complex-1, subunit 1"
"Aspscr1",0.074340177479022,0.6188,"11","alveolar soft part sarcoma chromosome region, candidate 1 (human)"
"Brinp1",-0.0743118596987218,0.6284,"4","bone morphogenic protein/retinoic acid inducible neural specific 1"
"Lrrc14b",-0.0743115712329454,0.708,"13","leucine rich repeat containing 14B"
"Ap2b1",-0.0743043233750704,0.3564,"11","adaptor-related protein complex 2, beta 1 subunit"
"Mtx2",0.0742986564913588,0.3268,"2","metaxin 2"
"Tctn2",-0.0742869053900375,0.5188,"5","tectonic family member 2"
"Smurf2",0.0742841351253061,0.3396,"11","SMAD specific E3 ubiquitin protein ligase 2"
"Mcm4",-0.0742748536755427,0.5208,"16","minichromosome maintenance complex component 4"
"1700007F19Rik",-0.0742604876629589,0.7564,"3","RIKEN cDNA 1700007F19 gene"
"Fam162a",0.0742214701729731,0.4284,"16","family with sequence similarity 162, member A"
"Znhit2",0.0742083906921058,0.6732,"19","zinc finger, HIT domain containing 2"
"Pa2g4",0.0741860268364443,0.4416,"10","proliferation-associated 2G4"
"Plcd1",0.0741688220837493,0.6832,"9","phospholipase C, delta 1"
"Bicd1",0.0741407502783655,0.6332,"6","BICD cargo adaptor 1"
"Coro2a",-0.0741356492862781,0.47,"4","coronin, actin binding protein 2A"
"Lgals8",-0.0741169909278199,0.4632,"13","lectin, galactose binding, soluble 8"
"Mdh2",0.0741118271323717,0.5504,"5","malate dehydrogenase 2, NAD (mitochondrial)"
"Galnt2",-0.0741112242080177,0.2952,"8","polypeptide N-acetylgalactosaminyltransferase 2"
"Acsl5",-0.0741052299994633,0.5376,"19","acyl-CoA synthetase long-chain family member 5"
"Grm5",-0.0741042541253414,0.5936,"7","glutamate receptor, metabotropic 5"
"Pdxk",-0.0740900699973643,0.4008,"10","pyridoxal (pyridoxine, vitamin B6) kinase"
"Omg",0.074083632598227,0.4936,"11","oligodendrocyte myelin glycoprotein"
"Dvl2",0.0740783878985622,0.6492,"11","dishevelled segment polarity protein 2"
"Ccnd2",-0.0740766624281735,0.5992,"6","cyclin D2"
"Hpdl",0.074041328824078,0.6928,"4","4-hydroxyphenylpyruvate dioxygenase-like"
"Sumf2",0.0740379963554303,0.624,"5","sulfatase modifying factor 2"
"Acad11",-0.0740116270083426,0.4552,"9","acyl-Coenzyme A dehydrogenase family, member 11"
"Morc2a",0.0740050283888261,0.6548,"11","microrchidia 2A"
"Fosl2",-0.0740023286493479,0.6444,"5","fos-like antigen 2"
"Brd4",-0.0739999317017155,0.5268,"17","bromodomain containing 4"
"Orc2",0.0739918893418521,0.32,"1","origin recognition complex, subunit 2"
"Rps6kl1",0.073976640564414,0.3176,"12","ribosomal protein S6 kinase-like 1"
"Mpc1",0.0739713250906462,0.2484,"17","mitochondrial pyruvate carrier 1"
"Rab21",0.0739702616821081,0.2608,"10","RAB21, member RAS oncogene family"
"Rabggta",0.0739662677747059,0.6052,"14","Rab geranylgeranyl transferase, a subunit"
"Alad",0.07395320023236,0.538,"4","aminolevulinate, delta-, dehydratase"
"Pgm1",0.0739490106037852,0.456,"4","phosphoglucomutase 1"
"Nudt16",0.0739254632216704,0.5584,"9","nudix (nucleoside diphosphate linked moiety X)-type motif 16"
"Celf2",0.0739215862254188,0.4672,"2","CUGBP, Elav-like family member 2"
"Panx2",0.0738834378737421,0.5468,"15","pannexin 2"
"Ndufs7",0.0738767475340696,0.6676,"10","NADH:ubiquinone oxidoreductase core subunit S7"
"Fer",0.0738665660214082,0.6924,"17","fer (fms/fps related) protein kinase"
"Gm13889",0.0738511735824092,0.7484,"2","predicted gene 13889"
"2310022A10Rik",0.0738238205158632,0.3916,"7","RIKEN cDNA 2310022A10 gene"
"Klhl2",0.0738195400289126,0.5084,"8","kelch-like 2, Mayven"
"Tubg1",0.073813948611825,0.4668,"11","tubulin, gamma 1"
"Shmt2",0.0738090416622104,0.4836,"10","serine hydroxymethyltransferase 2 (mitochondrial)"
"Plekhb1",0.0737993612055003,0.8344,"7","pleckstrin homology domain containing, family B (evectins) member 1"
"Atp6v1a",-0.0737910780509328,0.6276,"16","ATPase, H+ transporting, lysosomal V1 subunit A"
"Rela",0.0737753951056579,0.2548,"19","v-rel reticuloendotheliosis viral oncogene homolog A (avian)"
"Tmem256",-0.0737559089190505,0.6676,"11","transmembrane protein 256"
"Polr3f",0.0737547358801027,0.3312,"2","polymerase (RNA) III (DNA directed) polypeptide F"
"Dzank1",-0.0737497340350703,0.54,"2","double zinc ribbon and ankyrin repeat domains 1"
"Klhdc8b",-0.0736990347956938,0.6856,"9","kelch domain containing 8B"
"Mpi",0.0736986093508314,0.5036,"9","mannose phosphate isomerase"
"Ift74",0.0736914002123088,0.4072,"4","intraflagellar transport 74"
"Dnah9",-0.0736589082939751,0.6164,"11","dynein, axonemal, heavy chain 9"
"Ints7",0.0736531066471899,0.7308,"1","integrator complex subunit 7"
"Zmym3",0.0736314197517309,0.7032,"X","zinc finger, MYM-type 3"
"Ssr2",0.0736210481803727,0.5172,"3","signal sequence receptor, beta"
"Adra2a",0.0736061159905832,0.412,"19","adrenergic receptor, alpha 2a"
"Tomm6",0.0735851581250921,0.7132,"17","translocase of outer mitochondrial membrane 6"
"Zfp995",0.0735762965956326,0.6604,"17","zinc finger protein 995"
"Kctd13",0.0735703566501389,0.5668,"7","potassium channel tetramerisation domain containing 13"
"Cib2",0.0735664076141838,0.6568,"9","calcium and integrin binding family member 2"
"Kpna6",-0.0735613771128065,0.3696,"4","karyopherin (importin) alpha 6"
"Tbc1d13",-0.0735596702300692,0.2904,"2","TBC1 domain family, member 13"
"1810037I17Rik",0.0735426851003753,0.6088,"3","RIKEN cDNA 1810037I17 gene"
"Sms",-0.0735393274477119,0.4936,"X","spermine synthase"
"Fabp5",0.0734928947493909,0.5096,"3","fatty acid binding protein 5, epidermal"
"Xab2",0.0734876823071717,0.3444,"8","XPA binding protein 2"
"Tub",0.0734832466427564,0.684,"7","tubby bipartite transcription factor"
"Rell1",0.0734696155778658,0.5376,"5","RELT-like 1"
"Ppp6r2",-0.0734390198617936,0.2508,"15","protein phosphatase 6, regulatory subunit 2"
"Cyb561d2",-0.0734138729083931,0.6944,"9","cytochrome b-561 domain containing 2"
"Brk1",0.0734002293368343,0.6056,"6","BRICK1, SCAR/WAVE actin-nucleating complex subunit"
"Llgl1",0.0733899274362635,0.2516,"11","LLGL1 scribble cell polarity complex component"
"Osbpl1a",-0.0733883859592597,0.5396,"18","oxysterol binding protein-like 1A"
"Il16",-0.0733581317096323,0.5348,"7","interleukin 16"
"Csdc2",0.0733442306469536,0.5708,"15","cold shock domain containing C2, RNA binding"
"Naca",0.0733359846927151,0.462,"10","nascent polypeptide-associated complex alpha polypeptide"
"Coq7",0.0733299202607816,0.5656,"7","demethyl-Q 7"
"Grik5",0.073308714310178,0.5356,"7","glutamate receptor, ionotropic, kainate 5 (gamma 2)"
"Rnf103",-0.07328204275698,0.2568,"6","ring finger protein 103"
"Pafah1b3",-0.0732529977472267,0.7008,"7","platelet-activating factor acetylhydrolase, isoform 1b, subunit 3"
"Tbl2",-0.073252939160251,0.3244,"5","transducin (beta)-like 2"
"Zfp326",0.0732490901724825,0.4928,"5","zinc finger protein 326"
"Pias4",0.073246700031544,0.2352,"10","protein inhibitor of activated STAT 4"
"Map7",-0.0732432493918589,0.4744,"10","microtubule-associated protein 7"
"Tnfrsf19",0.0732305910373778,0.2264,"14","tumor necrosis factor receptor superfamily, member 19"
"Nrip1",-0.0732121454784957,0.6052,"16","nuclear receptor interacting protein 1"
"Pabpc4",0.0732115162423197,0.0136,"4","poly(A) binding protein, cytoplasmic 4"
"Shroom1",-0.0732083658806286,0.5952,"11","shroom family member 1"
"Cyc1",0.0731676490583721,0.5308,"15","cytochrome c-1"
"Rit1",0.0731499715149715,0.5756,"3","Ras-like without CAAX 1"
"Zfp867",-0.0731316924837491,0.32,"11","zinc finger protein 867"
"Cnot6",0.073127080466926,0.5144,"11","CCR4-NOT transcription complex, subunit 6"
"Thsd7b",-0.0731120841980828,0.7768,"1","thrombospondin, type I, domain containing 7B"
"Kcnk2",0.0731096975485448,0.5084,"1","potassium channel, subfamily K, member 2"
"Creld2",0.0730626472883893,0.7036,"15","cysteine-rich with EGF-like domains 2"
"Zfp330",0.07306025811301,0.3092,"8","zinc finger protein 330"
"Hpca",0.0730573952852485,0.6312,"4","hippocalcin"
"Dctn5",0.0730254400414694,0.4792,"7","dynactin 5"
"Ttc39b",-0.0730235198352718,0.7356,"4","tetratricopeptide repeat domain 39B"
"Mapt",-0.0730120437635868,0.1292,"11","microtubule-associated protein tau"
"Mtmr6",-0.0729854474552365,0.5784,"14","myotubularin related protein 6"
"Nrep",0.0729690969454992,0.2696,"18","neuronal regeneration related protein"
"Rffl",0.0729630404093333,0.6648,"11","ring finger and FYVE like domain containing protein"
"Nxpe4",-0.0728853966450211,0.6328,"9","neurexophilin and PC-esterase domain family, member 4"
"Ddo",0.0728780821934274,0.5916,"10","D-aspartate oxidase"
"Kcnk13",0.0728589811680016,0.7628,"12","potassium channel, subfamily K, member 13"
"Kcnk3",-0.0728267418498962,0.6924,"5","potassium channel, subfamily K, member 3"
"Eif3e",0.0727926866515585,0.2924,"15","eukaryotic translation initiation factor 3, subunit E"
"Grcc10",0.0727863209059993,0.6892,"6","gene rich cluster, C10 gene"
"Rsrp1",0.0727782629585132,0.6812,"4","arginine/serine rich protein 1"
"Mars2",-0.0727762216887591,0.7552,"1","methionine-tRNA synthetase 2 (mitochondrial)"
"Zbtb1",0.0727506110802931,0.604,"12","zinc finger and BTB domain containing 1"
"Ccdc71",-0.0727325685067433,0.5416,"9","coiled-coil domain containing 71"
"Nek1",0.0727309316032363,0.7328,"8","NIMA (never in mitosis gene a)-related expressed kinase 1"
"Rufy3",0.0726757519635832,0.2804,"5","RUN and FYVE domain containing 3"
"Cyba",0.0726425004857385,0.7296,"8","cytochrome b-245, alpha polypeptide"
"Zfp865",0.072641876134905,0.5172,"7","zinc finger protein 865"
"Snx16",0.0726274213291589,0.6328,"3","sorting nexin 16"
"N4bp1",0.0726166078734396,0.5228,"8","NEDD4 binding protein 1"
"Taf4b",-0.0725809338772363,0.6552,"18","TATA-box binding protein associated factor 4b"
"Cdh10",0.072579448593256,0.6388,"15","cadherin 10"
"Tmed1",-0.0725588051418793,0.7836,"9","transmembrane p24 trafficking protein 1"
"Ssbp2",0.0725562615661204,0.3188,"13","single-stranded DNA binding protein 2"
"Fdxr",0.0725472181762408,0.7588,"11","ferredoxin reductase"
"Mettl22",-0.0725321026184025,0.6148,"16","methyltransferase like 22"
"Adamts4",-0.0725278074667184,0.692,"1","a disintegrin-like and metallopeptidase (reprolysin type) with thrombospondin type 1 motif, 4"
"Kat2a",0.072502139627999,0.338,"11","K(lysine) acetyltransferase 2A"
"Tsc2",0.0724717827927321,0.4396,"17","TSC complex subunit 2"
"Tac1",-0.0724387936654842,0.5504,"6","tachykinin 1"
"Large1",-0.0724380258727573,0.5168,"8","LARGE xylosyl- and glucuronyltransferase 1"
"Zfp64",0.0724188420203058,0.5004,"2","zinc finger protein 64"
"Ing5",-0.0724151921343013,0.5124,"1","inhibitor of growth family, member 5"
"Borcs8",0.0723651438657944,0.4888,"8","BLOC-1 related complex subunit 8"
"Plekha7",-0.072355866322892,0.6956,"7","pleckstrin homology domain containing, family A member 7"
"Dock11",-0.0723348732618621,0.4512,"X","dedicator of cytokinesis 11"
"Mtss1",-0.0722973025421458,0.4132,"15","MTSS I-BAR domain containing 1"
"Slc9a9",0.0722849610484673,0.4272,"9","solute carrier family 9 (sodium/hydrogen exchanger), member 9"
"Arhgap24",-0.0722809638533564,0.55,"5","Rho GTPase activating protein 24"
"Pdia3",0.0722584117752163,0.644,"2","protein disulfide isomerase associated 3"
"Fis1",0.0722498585749562,0.68,"5","fission, mitochondrial 1"
"Dgcr2",-0.0722450815266154,0.332,"16","DiGeorge syndrome critical region gene 2"
"Stim2",0.0722175901976936,0.4228,"5","stromal interaction molecule 2"
"Upf1",0.0721962060974262,0.4488,"8","UPF1 regulator of nonsense transcripts homolog (yeast)"
"Znrf1",0.0721956236497423,0.1812,"8","zinc and ring finger 1"
"Srpr",-0.0721882966936063,0.4044,"9","signal recognition particle receptor ('docking protein')"
"Sdhd",0.0721836056738416,0.5724,"9","succinate dehydrogenase complex, subunit D, integral membrane protein"
"Zfhx2",0.0721798803223459,0.806,"14","zinc finger homeobox 2"
"Dnaja2",0.0721690713213849,0.4412,"8","DnaJ heat shock protein family (Hsp40) member A2"
"Dpf3",-0.0721533263177534,0.6328,"12","double PHD fingers 3"
"Acp1",0.0721460722345793,0.316,"12","acid phosphatase 1, soluble"
"Rabac1",0.0721318264478139,0.7152,"7","Rab acceptor 1 (prenylated)"
"Zfp68",0.0721049637456765,0.3392,"5","zinc finger protein 68"
"Ctr9",-0.0721017679605103,0.162,"7","CTR9 homolog, Paf1/RNA polymerase II complex component"
"Dsel",0.0720475251737169,0.6036,"1","dermatan sulfate epimerase-like"
"Nup160",0.0720364455722473,0.6532,"2","nucleoporin 160"
"Golga1",0.0720167196503017,0.5532,"2","golgi autoantigen, golgin subfamily a, 1"
"Snx24",0.0720021673950404,0.0712,"18","sorting nexing 24"
"Rpl3",0.0719990456798971,0.5764,"15","ribosomal protein L3"
"Trmt12",-0.0719895142836187,0.5596,"15","tRNA methyltransferase 12"
"Prox2",0.0719484998612621,0.9072,"12","prospero homeobox 2"
"Wrnip1",0.0719250513545484,0.3892,"13","Werner helicase interacting protein 1"
"Gm9899",-0.0719073526120684,0.714,"5","predicted gene 9899"
"Cacybp",0.0719043517286631,0.6056,"1","calcyclin binding protein"
"Irgq",-0.0719030358449926,0.1408,"7","immunity-related GTPase family, Q"
"Gfap",0.0718703312040567,0.7588,"11","glial fibrillary acidic protein"
"Cxxc5",0.0718622641110471,0.524,"18","CXXC finger 5"
"Pcbp4",0.0718473408925462,0.552,"9","poly(rC) binding protein 4"
"Jmjd6",0.0718397829122237,0.626,"11","jumonji domain containing 6"
"Lpcat4",0.0718198025262904,0.5308,"2","lysophosphatidylcholine acyltransferase 4"
"Gapvd1",-0.0718087371770038,0.3008,"2","GTPase activating protein and VPS9 domains 1"
"Eif3g",0.0718072760600368,0.5216,"9","eukaryotic translation initiation factor 3, subunit G"
"Dennd4a",-0.0717907152364194,0.4916,"9","DENN/MADD domain containing 4A"
"Inppl1",0.071785992845161,0.5564,"7","inositol polyphosphate phosphatase-like 1"
"6430548M08Rik",-0.0717533522260085,0.2928,"8","RIKEN cDNA 6430548M08 gene"
"G3bp2",-0.0717495735302309,0.6752,"5","GTPase activating protein (SH3 domain) binding protein 2"
"Cchcr1",0.0717395001569612,0.752,"17","coiled-coil alpha-helical rod protein 1"
"Tmem8b",-0.0717335045238512,0.424,"4","transmembrane protein 8B"
"Zfp583",0.0717017930922341,0.6172,"7","zinc finger protein 583"
"Pdcd4",0.071661086747933,0.4076,"19","programmed cell death 4"
"Eif3i",0.0716529992925237,0.518,"4","eukaryotic translation initiation factor 3, subunit I"
"Gabra5",0.0716310777807063,0.4932,"7","gamma-aminobutyric acid (GABA) A receptor, subunit alpha 5"
"Ptbp2",0.071602052807739,0.506,"3","polypyrimidine tract binding protein 2"
"Slc25a12",-0.0715980487663508,0.49,"2","solute carrier family 25 (mitochondrial carrier, Aralar), member 12"
"Atpif1",0.0715835359289283,0.646,"4","ATPase inhibitory factor 1"
"Syt4",0.0715490643417915,0.5364,"18","synaptotagmin IV"
"Nr2c1",-0.0715228924312044,0.5208,"10","nuclear receptor subfamily 2, group C, member 1"
"Slc25a3",0.0715132674403085,0.4956,"10","solute carrier family 25 (mitochondrial carrier, phosphate carrier), member 3"
"Rcan2",-0.0714386775187519,0.694,"17","regulator of calcineurin 2"
"Gm15446",0.0714354145355744,0.7912,"5","predicted gene 15446"
"Sgpp1",0.0714186688680014,0.538,"12","sphingosine-1-phosphate phosphatase 1"
"Ube2l3",0.0714063930349855,0.63,"16","ubiquitin-conjugating enzyme E2L 3"
"Gabarapl1",-0.0713908069003981,0.5004,"6","gamma-aminobutyric acid (GABA) A receptor-associated protein-like 1"
"Patl1",0.0713542481370437,0.2104,"19","protein associated with topoisomerase II homolog 1 (yeast)"
"Bptf",-0.0713368572394693,0.6916,"11","bromodomain PHD finger transcription factor"
"Hsd17b11",-0.0713301998227251,0.486,"5","hydroxysteroid (17-beta) dehydrogenase 11"
"Stk32c",0.0713222030644092,0.5584,"7","serine/threonine kinase 32C"
"Fstl5",-0.0712968581611593,0.7904,"3","follistatin-like 5"
"Slc35b4",0.0712860736874825,0.2636,"6","solute carrier family 35, member B4"
"Pdha1",-0.0712851269778456,0.4936,"X","pyruvate dehydrogenase E1 alpha 1"
"Ipo11",0.0712820129124863,0.4912,"13","importin 11"
"Slc27a3",0.0712814645867823,0.7524,"3","solute carrier family 27 (fatty acid transporter), member 3"
"Maz",0.0712800451399689,0.578,"7","MYC-associated zinc finger protein (purine-binding transcription factor)"
"Bet1",0.0712509971820459,0.654,"6","Bet1 golgi vesicular membrane trafficking protein"
"Atg12",0.0712322870553193,0.4812,"18","autophagy related 12"
"Atp5g3",0.0712063572472958,0.5436,"2","ATP synthase, H+ transporting, mitochondrial F0 complex, subunit C3 (subunit 9)"
"Sgk3",-0.0711801389729634,0.7168,"1","serum/glucocorticoid regulated kinase 3"
"Cxcl12",-0.0711791118450815,0.3876,"6","chemokine (C-X-C motif) ligand 12"
"Zfp638",0.0711707957685048,0.33,"6","zinc finger protein 638"
"St7",0.0711559474684789,0.1592,"6","suppression of tumorigenicity 7"
"Cc2d1b",0.0711473456653628,0.6808,"4","coiled-coil and C2 domain containing 1B"
"Fnip1",0.0711297337466039,0.586,"11","folliculin interacting protein 1"
"Helq",0.071121256477003,0.7708,"5","helicase, POLQ-like"
"Plod3",0.0711181203514615,0.5708,"5","procollagen-lysine, 2-oxoglutarate 5-dioxygenase 3"
"Pcnx",-0.0711152421704995,0.5664,"12","pecanex homolog"
"Cttn",-0.0711097022705678,0.4444,"7","cortactin"
"Slc26a4",0.0710986549668453,0.0708,"12","solute carrier family 26, member 4"
"Wipf2",-0.0710926363131961,0.4192,"11","WAS/WASL interacting protein family, member 2"
"Tmem63c",-0.0710656515720949,0.5408,"12","transmembrane protein 63c"
"Slc25a44",-0.0710518458669487,0.4924,"3","solute carrier family 25, member 44"
"Itgb5",-0.0710387166764788,0.684,"16","integrin beta 5"
"Klhdc2",0.0710258906397438,0.506,"12","kelch domain containing 2"
"Cbln1",0.0709877815479762,0.7388,"8","cerebellin 1 precursor protein"
"Efna2",0.0709777578187976,0.4988,"10","ephrin A2"
"Drg1",0.0709535140420154,0.4344,"11","developmentally regulated GTP binding protein 1"
"Cfap36",0.0709463443960958,0.318,"11","cilia and flagella associated protein 36"
"Jup",-0.070945514738475,0.7068,"11","junction plakoglobin"
"Homez",-0.0709370124096007,0.556,"14","homeodomain leucine zipper-encoding gene"
"Kmt2d",0.0709136532761248,0.8296,"15","lysine (K)-specific methyltransferase 2D"
"Pmepa1",-0.0709093831962884,0.546,"2","prostate transmembrane protein, androgen induced 1"
"Setd5",-0.0709023321687665,0.558,"6","SET domain containing 5"
"Amer2",-0.0708870075096577,0.5124,"14","APC membrane recruitment 2"
"3110040N11Rik",0.0708370869187167,0.6188,"7","RIKEN cDNA 3110040N11 gene"
"Fyn",0.0708036530433764,0.3984,"10","Fyn proto-oncogene"
"Btg2",0.0707999515966762,0.6708,"1","BTG anti-proliferation factor 2"
"Prdm4",-0.0707869320258405,0.2932,"10","PR domain containing 4"
"Dpp3",-0.0707693270559941,0.4384,"19","dipeptidylpeptidase 3"
"Fkbp10",0.0707407755073768,0.7512,"11","FK506 binding protein 10"
"Mxi1",0.0707377497007391,0.5056,"19","MAX interactor 1, dimerization protein"
"Aif1l",-0.0707279501108586,0.7136,"2","allograft inflammatory factor 1-like"
"Rftn2",0.0707030685497179,0.3336,"1","raftlin family member 2"
"Pcgf5",-0.0707001722874625,0.5928,"19","polycomb group ring finger 5"
"Cbr3",0.0706899232194869,0.6564,"16","carbonyl reductase 3"
"Gtdc1",0.070682991649031,0.474,"2","glycosyltransferase-like domain containing 1"
"Cln8",-0.0706730776928595,0.5696,"8","CLN8 transmembrane ER and ERGIC protein"
"Atp5e",0.0706013694761349,0.7396,"2","ATP synthase, H+ transporting, mitochondrial F1 complex, epsilon subunit"
"Sun2",-0.070589735369742,0.6492,"15","Sad1 and UNC84 domain containing 2"
"Adamts3",0.0705886817118255,0.4516,"5","a disintegrin-like and metallopeptidase (reprolysin type) with thrombospondin type 1 motif, 3"
"Atad1",0.0705855961791881,0.3908,"19","ATPase family, AAA domain containing 1"
"Man1c1",-0.0705705442516162,0.312,"4","mannosidase, alpha, class 1C, member 1"
"Ar",-0.0705688718645572,0.6776,"X","androgen receptor"
"Nat8l",-0.0705685570363066,0.4468,"5","N-acetyltransferase 8-like"
"Cep97",0.0705420074799283,0.5204,"16","centrosomal protein 97"
"Kdsr",0.0705328297482177,0.3564,"1","3-ketodihydrosphingosine reductase"
"C030018K13Rik",0.0705234888333026,0.8452,"5","RIKEN cDNA C030018K13 gene"
"Usp13",-0.0705085097224756,0.584,"3","ubiquitin specific peptidase 13 (isopeptidase T-3)"
"Dnajb14",-0.0704956604981879,0.8392,"3","DnaJ heat shock protein family (Hsp40) member B14"
"Gm19410",-0.0704923743984462,0.886,"8","predicted gene, 19410"
"Faim2",-0.0704855189357083,0.4144,"15","Fas apoptotic inhibitory molecule 2"
"Exosc1",0.0704608357516578,0.5092,"19","exosome component 1"
"Pabpc1",0.0704449274195866,0.4576,"15","poly(A) binding protein, cytoplasmic 1"
"Itih3",0.0704391726343827,0.7848,"14","inter-alpha trypsin inhibitor, heavy chain 3"
"Emx1",0.0704349599656418,0.6856,"6","empty spiracles homeobox 1"
"Polq",0.0704300807313962,0.842,"16","polymerase (DNA directed), theta"
"Rap2b",-0.0704256808542389,0.4468,"3","RAP2B, member of RAS oncogene family"
"Tgfbrap1",-0.0704240127600038,0.166,"1","transforming growth factor, beta receptor associated protein 1"
"Khdrbs3",0.0704114474712787,0.348,"15","KH domain containing, RNA binding, signal transduction associated 3"
"Ddx27",0.0703212227540018,0.6324,"2","DEAD box helicase 27"
"Ppt1",-0.0702799345902712,0.4332,"4","palmitoyl-protein thioesterase 1"
"Zfp825",0.0702167370470406,0.7028,"13","zinc finger protein 825"
"Hdac1",0.0702157221158863,0.466,"4","histone deacetylase 1"
"Camta1",0.0702114863365573,0.4496,"4","calmodulin binding transcription activator 1"
"Atp11c",-0.0702008193644987,0.718,"X","ATPase, class VI, type 11C"
"Hid1",-0.0701779745770947,0.2976,"11","HID1 domain containing"
"Kif21b",-0.0701738023086182,0.7712,"1","kinesin family member 21B"
"Mfge8",0.070164876959673,0.7192,"7","milk fat globule EGF and factor V/VIII domain containing"
"B3galt5",-0.0701520849930333,0.6804,"16","UDP-Gal:betaGlcNAc beta 1,3-galactosyltransferase, polypeptide 5"
"Zfp746",-0.0701419802291268,0.2672,"6","zinc finger protein 746"
"Ube2d-ps",0.0701335498149103,0.6356,"11","ubiquitin-conjugating enzyme E2D, pseudogene"
"Bsn",-0.0701116946384222,0.5404,"9","bassoon"
"Zfp729a",-0.070109073154593,0.6676,"13","zinc finger protein 729a"
"Spata24",-0.0700992581994582,0.6208,"18","spermatogenesis associated 24"
"Bin1",0.0700817182112967,0.4404,"18","bridging integrator 1"
"1700037H04Rik",-0.0700798127508993,0.6332,"2","RIKEN cDNA 1700037H04 gene"
"Sf3a2",0.0700669442648749,0.7336,"10","splicing factor 3a, subunit 2"
"Camk1",-0.0700599591740954,0.6424,"6","calcium/calmodulin-dependent protein kinase I"
"Gpsm2",0.0700345943481064,0.4136,"3","G-protein signalling modulator 2 (AGS3-like, C. elegans)"
"Tubb2a",0.0700154212428714,0.5752,"13","tubulin, beta 2A class IIA"
"Aven",0.0700012830105439,0.6344,"2","apoptosis, caspase activation inhibitor"
"Arpc4",0.0699999589693627,0.562,"6","actin related protein 2/3 complex, subunit 4"
"Stk25",0.0699921265899368,0.3832,"1","serine/threonine kinase 25 (yeast)"
"Dyrk1b",-0.0699812598957976,0.4276,"7","dual-specificity tyrosine-(Y)-phosphorylation regulated kinase 1b"
"Dop1a",0.0699756297811538,0.6904,"9","DOP1 leucine zipper like protein A"
"Stmn4",0.0699736619321571,0.6496,"14","stathmin-like 4"
"Maob",-0.0699514960964001,0.6308,"X","monoamine oxidase B"
"Cyb5r1",0.0699288490205037,0.5648,"1","cytochrome b5 reductase 1"
"Rpap2",0.0699045495225077,0.3232,"5","RNA polymerase II associated protein 2"
"Fgfr1",0.0698930295436568,0.43,"8","fibroblast growth factor receptor 1"
"Pdgfc",-0.0698886703067969,0.8108,"3","platelet-derived growth factor, C polypeptide"
"2610035D17Rik",0.0698360058722702,0.5104,"11","RIKEN cDNA 2610035D17 gene"
"2610035D17Rik",0.0698360058722702,0.5104,"11","RIKEN cDNA 2610035D17 gene"
"Mtrf1l",0.0698290480015893,0.6056,"10","mitochondrial translational release factor 1-like"
"Timm22",-0.0698233534760426,0.648,"11","translocase of inner mitochondrial membrane 22"
"Kcng4",0.0698225703274922,0.28,"8","potassium voltage-gated channel, subfamily G, member 4"
"Ociad2",-0.0698150391497734,0.4652,"5","OCIA domain containing 2"
"Prmt9",0.0698080559453582,0.5244,"8","protein arginine methyltransferase 9"
"Astn2",-0.0698063434907281,0.5812,"4","astrotactin 2"
"Strada",0.0698025438602112,0.6748,"11","STE20-related kinase adaptor alpha"
"Syt5",0.0697610062490357,0.6056,"7","synaptotagmin V"
"Ttll3",0.0697500823045543,0.808,"6","tubulin tyrosine ligase-like family, member 3"
"Dock6",-0.0697127462191824,0.83,"9","dedicator of cytokinesis 6"
"Lingo1",-0.0696876022664359,0.542,"9","leucine rich repeat and Ig domain containing 1"
"Lactb2",0.0696869771161341,0.5296,"1","lactamase, beta 2"
"B3galnt2",0.0696397533835276,0.6804,"13","UDP-GalNAc:betaGlcNAc beta 1,3-galactosaminyltransferase, polypeptide 2"
"Arhgef25",0.069634948291263,0.5428,"10","Rho guanine nucleotide exchange factor (GEF) 25"
"Zfp560",-0.0696324286411296,0.4796,"9","zinc finger protein 560"
"Dda1",0.0696215946042615,0.4848,"8","DET1 and DDB1 associated 1"
"9330159F19Rik",0.0696187508974235,0.592,"10","RIKEN cDNA 9330159F19 gene"
"Ubqln4",0.0696112654463725,0.3564,"3","ubiquilin 4"
"D3Ertd751e",-0.0696002231719897,0.362,"3","DNA segment, Chr 3, ERATO Doi 751, expressed"
"Pum2",0.0695555863700248,0.4032,"12","pumilio RNA-binding family member 2"
"Fuca2",-0.0695548578180549,0.2172,"10","fucosidase, alpha-L- 2, plasma"
"Rida",0.0695288683526094,0.6852,"15","reactive intermediate imine deaminase A homolog"
"Palmd",-0.0695270315809919,0.5384,"3","palmdelphin"
"Tex9",-0.0695200659405599,0.6844,"9","testis expressed gene 9"
"Nphp4",0.069519214630871,0.6856,"4","nephronophthisis 4 (juvenile) homolog (human)"
"Fut8",0.0694968260834763,0.456,"12","fucosyltransferase 8"
"Rpl7a",0.0694959833176458,0.5676,"2","ribosomal protein L7A"
"Mif",0.0694911197040975,0.6532,"10","macrophage migration inhibitory factor (glycosylation-inhibiting factor)"
"Scpep1",-0.0694515667814755,0.4608,"11","serine carboxypeptidase 1"
"Uty",0.0694382049095754,0.6936,"Y","ubiquitously transcribed tetratricopeptide repeat containing, Y-linked"
"Lpcat1",-0.0694338914963657,0.3452,"13","lysophosphatidylcholine acyltransferase 1"
"Pop7",0.0693906484953155,0.7884,"5","processing of precursor 7, ribonuclease P family, (S. cerevisiae)"
"Smc4",-0.0693718768889364,0.5184,"3","structural maintenance of chromosomes 4"
"Uxt",-0.0693215774410794,0.7708,"X","ubiquitously expressed prefoldin like chaperone"
"Atp6v0a1",0.0693138325995921,0.3916,"11","ATPase, H+ transporting, lysosomal V0 subunit A1"
"Zfp740",-0.069313023876008,0.4084,"15","zinc finger protein 740"
"Slc6a15",-0.0693016179237862,0.562,"10","solute carrier family 6 (neurotransmitter transporter), member 15"
"Rnf215",0.0692415755682667,0.5868,"11","ring finger protein 215"
"Fos",0.0692362412141674,0.9108,"12","FBJ osteosarcoma oncogene"
"Lrif1",-0.0692312071300276,0.5408,"3","ligand dependent nuclear receptor interacting factor 1"
"Tstd3",-0.0692272437348667,0.62,"4","thiosulfate sulfurtransferase (rhodanese)-like domain containing 3"
"Pigs",0.069226320330408,0.2088,"11","phosphatidylinositol glycan anchor biosynthesis, class S"
"Cdiptos",0.0692150271893708,0.8948,"7","CDIP transferase, opposite strand"
"Mfsd11",-0.0692130420220334,0.228,"11","major facilitator superfamily domain containing 11"
"Ywhab",0.0692107636462644,0.4444,"2","tyrosine 3-monooxygenase/tryptophan 5-monooxygenase activation protein, beta polypeptide"
"Ankrd16",0.0692002686080269,0.7832,"2","ankyrin repeat domain 16"
"Irf2bp2",0.0691834307249497,0.4536,"8","interferon regulatory factor 2 binding protein 2"
"Lgi1",0.0691635641385639,0.4592,"19","leucine-rich repeat LGI family, member 1"
"Fbxl16",0.0691582757315157,0.64,"17","F-box and leucine-rich repeat protein 16"
"C87436",0.0691559952713652,0.5016,"6","expressed sequence C87436"
"Coa5",0.0691371793481395,0.4848,"1","cytochrome C oxidase assembly factor 5"
"Cog5",-0.0691352990651453,0.704,"12","component of oligomeric golgi complex 5"
"Wdr66",-0.0691194127677628,0.6676,"5","WD repeat domain 66"
"Mtrex",-0.0691104386943762,0.6676,"13","Mtr4 exosome RNA helicase"
"Mfn2",-0.0690977617649819,0.37,"4","mitofusin 2"
"Arhgef2",0.0690611335680762,0.5492,"3","rho/rac guanine nucleotide exchange factor (GEF) 2"
"Tgfb1i1",-0.0690413160706003,0.7104,"7","transforming growth factor beta 1 induced transcript 1"
"Zfp618",0.0690400156622633,0.6964,"4","zinc finger protein 618"
"Ccdc22",0.0690121867686138,0.626,"X","coiled-coil domain containing 22"
"Zfp697",0.0690009174767399,0.5144,"3","zinc finger protein 697"
"Tmc6",-0.0689963618840779,0.7564,"11","transmembrane channel-like gene family 6"
"Zbtb8a",-0.068996254920981,0.5652,"4","zinc finger and BTB domain containing 8a"
"Atp6v0b",0.0689823435911059,0.476,"4","ATPase, H+ transporting, lysosomal V0 subunit B"
"Scarb2",-0.0689616322398514,0.4844,"5","scavenger receptor class B, member 2"
"Rbm12",-0.0689476114814003,0.7472,"2","RNA binding motif protein 12"
"Zkscan16",0.0689196098539684,0.7176,"4","zinc finger with KRAB and SCAN domains 16"
"Sgf29",0.0689087697168196,0.5984,"7","SAGA complex associated factor 29"
"Ptpn23",0.0689017518313477,0.7608,"9","protein tyrosine phosphatase, non-receptor type 23"
"Nwd1",-0.0688285060604432,0.5528,"8","NACHT and WD repeat domain containing 1"
"Dpy30",-0.0688109912934474,0.6448,"17","dpy-30, histone methyltransferase complex regulatory subunit"
"4933428G20Rik",0.0687942903117116,0.8452,"11","RIKEN cDNA 4933428G20 gene"
"Nup62",-0.0687865771287122,0.5424,"7","nucleoporin 62"
"Aifm1",0.0687748907640477,0.418,"X","apoptosis-inducing factor, mitochondrion-associated 1"
"Adcy7",0.0687507058446997,0.854,"8","adenylate cyclase 7"
"Ddx31",0.0687495107000671,0.676,"2","DEAD/H box helicase 31"
"Smarcb1",0.0687492831713188,0.5616,"10","SWI/SNF related, matrix associated, actin dependent regulator of chromatin, subfamily b, member 1"
"Timm13",0.0687461880049636,0.7472,"10","translocase of inner mitochondrial membrane 13"
"Letmd1",0.0687435225175044,0.3428,"15","LETM1 domain containing 1"
"Sobp",-0.0687350496581001,0.3048,"10","sine oculis binding protein"
"Smim19",0.0687297318190998,0.6396,"8","small integral membrane protein 19"
"Slc41a1",-0.0687236577399339,0.1336,"1","solute carrier family 41, member 1"
"Sem1",0.0687179828217133,0.57,"6","SEM1, 26S proteasome complex subunit"
"Afap1l2",0.0687155724575099,0.4256,"19","actin filament associated protein 1-like 2"
"Lyplal1",0.0686968724811077,0.7256,"1","lysophospholipase-like 1"
"Prrc2b",-0.0686922572648729,0.526,"2","proline-rich coiled-coil 2B"
"Acvr1",0.0686040194327191,0.4296,"2","activin A receptor, type 1"
"Ophn1",0.0685996302553367,0.6756,"X","oligophrenin 1"
"Alyref2",-0.0685974278854067,0.5604,"1","Aly/REF export factor 2"
"Prdx3",0.0685971308139584,0.5352,"19","peroxiredoxin 3"
"Tm7sf3",-0.06858643190757,0.6404,"6","transmembrane 7 superfamily member 3"
"Bend5",0.0685678762476618,0.6872,"4","BEN domain containing 5"
"Smcr8",0.0685633420164704,0.6048,"11","Smith-Magenis syndrome chromosome region, candidate 8 homolog (human)"
"Prrg1",-0.0685468606618014,0.76,"X","proline rich Gla (G-carboxyglutamic acid) 1"
"Cul9",0.0685464354707692,0.6304,"17","cullin 9"
"Zfp60",0.0685159447823169,0.3508,"7","zinc finger protein 60"
"Arc",-0.0684970867781987,0.8228,"15","activity regulated cytoskeletal-associated protein"
"Dph2",0.0684903155680829,0.6144,"4","DPH2 homolog"
"1810010H24Rik",0.0684847610339561,0.6708,"11","RIKEN cDNA 1810010H24 gene"
"Zfp763",0.0684800715761305,0.5424,"17","zinc finger protein 763"
"Dad1",0.068468730980813,0.698,"14","defender against cell death 1"
"Senp6",0.0684674553218123,0.4432,"9","SUMO/sentrin specific peptidase 6"
"2210016L21Rik",0.0684654391662951,0.5488,"5","RIKEN cDNA 2210016L21 gene"
"Pgbd5",0.0684231283430634,0.5264,"8","piggyBac transposable element derived 5"
"Selenon",0.0684172525546245,0.5452,"4","selenoprotein N"
"Pik3cb",0.0683720641130527,0.4304,"9","phosphatidylinositol-4,5-bisphosphate 3-kinase catalytic subunit beta"
"Pdpk1",-0.0683458139047941,0.6208,"17","3-phosphoinositide dependent protein kinase 1"
"Glrx5",0.0683393992007737,0.6492,"12","glutaredoxin 5"
"Cd38",0.0683354183917948,0.4048,"5","CD38 antigen"
"Dpy19l3",-0.0682917386413333,0.654,"7","dpy-19-like 3 (C. elegans)"
"Rnd2",0.0682724546164941,0.6768,"11","Rho family GTPase 2"
"Fip1l1",-0.068258960494906,0.6776,"5","FIP1 like 1 (S. cerevisiae)"
"Shisa6",-0.0682384080444516,0.622,"11","shisa family member 6"
"Chpf",-0.0682236644014669,0.5452,"1","chondroitin polymerizing factor"
"Zfpm1",0.0682130200604405,0.6848,"8","zinc finger protein, multitype 1"
"Ikbkb",0.0681692750885539,0.596,"8","inhibitor of kappaB kinase beta"
"Uso1",-0.0681631099008051,0.4012,"5","USO1 vesicle docking factor"
"Rtn3",-0.0681327125959612,0.3988,"19","reticulon 3"
"Apex2",0.0681008192052572,0.6444,"X","apurinic/apyrimidinic endonuclease 2"
"Nrsn1",0.0680977733267856,0.6072,"13","neurensin 1"
"Gtpbp2",0.0680929760034656,0.7404,"17","GTP binding protein 2"
"Mical2",0.0680919226672536,0.5724,"7","microtubule associated monooxygenase, calponin and LIM domain containing 2"
"Gtf2h4",0.0680916204061104,0.566,"17","general transcription factor II H, polypeptide 4"
"Cnbp",0.0680705481121979,0.4912,"6","cellular nucleic acid binding protein"
"Safb2",0.0680540888856171,0.734,"17","scaffold attachment factor B2"
"Ttbk1",-0.0680448680441685,0.5932,"17","tau tubulin kinase 1"
"Cd164",-0.0680383911357589,0.5172,"10","CD164 antigen"
"Pdlim2",-0.0680376275235313,0.8196,"14","PDZ and LIM domain 2"
"Med12",0.0680323248670849,0.7848,"X","mediator complex subunit 12"
"Gatc",0.068026812198676,0.4508,"5","glutamyl-tRNA(Gln) amidotransferase, subunit C"
"D5Ertd579e",-0.0680146642013506,0.4888,"5","DNA segment, Chr 5, ERATO Doi 579, expressed"
"Jpt2",-0.0680141292147196,0.7032,"17","Jupiter microtubule associated homolog 2"
"Ggact",-0.0679852531078886,0.674,"14","gamma-glutamylamine cyclotransferase"
"Nucb2",0.0679797505360185,0.4728,"7","nucleobindin 2"
"Csrnp2",0.0679686156652082,0.396,"15","cysteine-serine-rich nuclear protein 2"
"Ddx19a",-0.0679643348633983,0.4096,"8","DEAD box helicase 19a"
"Zbtb9",-0.0679634980664017,0.4808,"17","zinc finger and BTB domain containing 9"
"Kremen1",-0.0679564515889508,0.3492,"11","kringle containing transmembrane protein 1"
"Nub1",-0.0679564328585665,0.1036,"5","negative regulator of ubiquitin-like proteins 1"
"Cbll1",-0.0679519773751549,0.674,"12","Casitas B-lineage lymphoma-like 1"
"Matk",0.067945258785949,0.566,"10","megakaryocyte-associated tyrosine kinase"
"Nono",0.0679359595543483,0.2664,"X","non-POU-domain-containing, octamer binding protein"
"Ro60",-0.0679173902965662,0.6916,"1","Ro60, Y RNA binding protein"
"Arrdc3",-0.0679098168688501,0.73,"13","arrestin domain containing 3"
"Ralyl",0.0679018584620454,0.538,"3","RALY RNA binding protein-like"
"Wwc2",-0.067873609777604,0.4832,"8","WW, C2 and coiled-coil domain containing 2"
"Rbm27",-0.0678531194535132,0.5956,"18","RNA binding motif protein 27"
"Kbtbd4",0.0678361418817701,0.572,"2","kelch repeat and BTB (POZ) domain containing 4"
"Ice2",0.0678176404874815,0.7092,"9","interactor of little elongation complex ELL subunit 2"
"Pja2",-0.0677838341362502,0.6744,"17","praja ring finger ubiquitin ligase 2"
"Spin1",0.0677794612201241,0.3984,"13","spindlin 1"
"Zcchc4",-0.0677771553528381,0.4644,"5","zinc finger, CCHC domain containing 4"
"Fbxo22",0.0677765154506886,0.2032,"9","F-box protein 22"
"Ngef",0.067756876430944,0.556,"1","neuronal guanine nucleotide exchange factor"
"Zmat1",0.0677216694368772,0.6252,"X","zinc finger, matrin type 1"
"Sgk1",0.0677070909731707,0.802,"10","serum/glucocorticoid regulated kinase 1"
"Taf9b",0.0676790919796222,0.4588,"X","TATA-box binding protein associated factor 9B"
"Rac1",0.0676760857234218,0.532,"5","Rac family small GTPase 1"
"Erc1",-0.0676753276832658,0.4376,"6","ELKS/RAB6-interacting/CAST family member 1"
"Lmf1",-0.0676715741931941,0.536,"17","lipase maturation factor 1"
"Clu",0.0676614773373547,0.5932,"14","clusterin"
"Glb1l",0.0676465445358123,0.8048,"1","galactosidase, beta 1-like"
"Sash1",-0.0676427773195707,0.4588,"10","SAM and SH3 domain containing 1"
"Smim15",0.0676352447210382,0.562,"13","small integral membrane protein 15"
"Erh",0.0676187608875338,0.5868,"12","ERH mRNA splicing and mitosis factor"
"Agtrap",-0.0676164296414705,0.6712,"4","angiotensin II, type I receptor-associated protein"
"Ube2w",0.0676157525839143,0.5284,"1","ubiquitin-conjugating enzyme E2W (putative)"
"Hdgfl2",0.0675972210034121,0.636,"17","HDGF like 2"
"Fahd2a",-0.0675935956744755,0.5732,"2","fumarylacetoacetate hydrolase domain containing 2A"
"Tln2",-0.0675924325296755,0.3332,"9","talin 2"
"Nabp2",0.06759046998281,0.7336,"10","nucleic acid binding protein 2"
"Spr",0.0675718905008571,0.742,"6","sepiapterin reductase"
"Hcfc1",-0.067540867512963,0.512,"X","host cell factor C1"
"Zfyve1",-0.0675302150689685,0.3628,"12","zinc finger, FYVE domain containing 1"
"Rab4a",0.0675252755948383,0.3752,"8","RAB4A, member RAS oncogene family"
"Eef2kmt",-0.067519372946248,0.7812,"16","eukaryotic elongation factor 2 lysine methyltransferase"
"Sptbn1",-0.0675136986327534,0.516,"11","spectrin beta, non-erythrocytic 1"
"Tasor",0.0674852224790499,0.686,"14","transcription activation suppressor"
"Ttc39c",-0.0674728075130862,0.5364,"18","tetratricopeptide repeat domain 39C"
"Tmem243",0.0674628632888874,0.4664,"5","transmembrane protein 243, mitochondrial"
"Cntfr",0.0674564778353659,0.6836,"4","ciliary neurotrophic factor receptor"
"Dtx3l",-0.0674519618207379,0.5896,"16","deltex 3-like, E3 ubiquitin ligase"
"Tle5",0.0674358996629518,0.7032,"10","TLE family member 5, transcriptional modulator"
"Arih1",0.0674292455383361,0.6028,"9","ariadne RBR E3 ubiquitin protein ligase 1"
"Hdlbp",-0.0673736663258522,0.3604,"1","high density lipoprotein (HDL) binding protein"
"Dusp7",0.0673221405971818,0.5852,"9","dual specificity phosphatase 7"
"Slc2a8",-0.0673123016627075,0.7532,"2","solute carrier family 2, (facilitated glucose transporter), member 8"
"Cystm1",0.0673046154219001,0.676,"18","cysteine-rich transmembrane module containing 1"
"Rasl10b",0.0673039312742461,0.6,"11","RAS-like, family 10, member B"
"Mppe1",-0.0673018817057578,0.3956,"18","metallophosphoesterase 1"
"Slc33a1",0.0672906855906268,0.2564,"3","solute carrier family 33 (acetyl-CoA transporter), member 1"
"Hexim1",0.0672251991235449,0.334,"11","hexamethylene bis-acetamide inducible 1"
"Zfp983",0.06721676797578,0.6108,"17","zinc finger protein 983"
"Emc6",0.0672116144653785,0.5588,"11","ER membrane protein complex subunit 6"
"Dclre1c",0.0671984865121611,0.8072,"2","DNA cross-link repair 1C"
"Gprasp1",0.0671958161316777,0.5664,"X","G protein-coupled receptor associated sorting protein 1"
"Arl14ep",0.0671810034878524,0.5076,"2","ADP-ribosylation factor-like 14 effector protein"
"Ddx39b",0.0671799128579771,0.5276,"17","DEAD box helicase 39b"
"Erbin",-0.0671474365674829,0.6916,"13","Erbb2 interacting protein"
"Glcci1",0.0671472606104544,0.3404,"6","glucocorticoid induced transcript 1"
"Mfsd6",-0.0671391941987709,0.624,"1","major facilitator superfamily domain containing 6"
"Ndst3",0.06712234036062,0.8732,"3","N-deacetylase/N-sulfotransferase (heparan glucosaminyl) 3"
"Peak1",-0.0671186046538264,0.5956,"9","pseudopodium-enriched atypical kinase 1"
"Pcsk1n",0.0671028169920778,0.7624,"X","proprotein convertase subtilisin/kexin type 1 inhibitor"
"Entpd3",0.0671000166483608,0.6316,"9","ectonucleoside triphosphate diphosphohydrolase 3"
"Cfap300",0.0670840036560341,0.566,"9","cilia and flagella associated protein 300"
"Npepl1",0.0670786496059752,0.682,"2","aminopeptidase-like 1"
"Phf12",0.0670571109871778,0.5872,"11","PHD finger protein 12"
"Bccip",0.0670559806552902,0.304,"7","BRCA2 and CDKN1A interacting protein"
"Wdr17",-0.0670451927084477,0.6312,"8","WD repeat domain 17"
"Nagpa",0.0670313688290207,0.5732,"16","N-acetylglucosamine-1-phosphodiester alpha-N-acetylglucosaminidase"
"Rpl5",0.0669835549699433,0.4444,"5","ribosomal protein L5"
"Orc3",0.0669683557955327,0.4972,"4","origin recognition complex, subunit 3"
"Sycp3",0.0669677429108892,0.6548,"10","synaptonemal complex protein 3"
"Usp53",-0.0669399744000589,0.7348,"3","ubiquitin specific peptidase 53"
"Armcx1",0.0669095995118898,0.4268,"X","armadillo repeat containing, X-linked 1"
"Cfap65",-0.0669067042665663,0.8744,"1","cilia and flagella associated protein 65"
"Prickle2",-0.0668881950388833,0.5784,"6","prickle planar cell polarity protein 2"
"Cops8",0.0668706958070633,0.4308,"1","COP9 signalosome subunit 8"
"Rassf1",0.0668551240070081,0.5564,"9","Ras association (RalGDS/AF-6) domain family member 1"
"Spire1",0.0668507336420587,0.356,"18","spire type actin nucleation factor 1"
"Hspbp1",-0.0668328387648822,0.7396,"7","HSPA (heat shock 70kDa) binding protein, cytoplasmic cochaperone 1"
"Ubn1",-0.0668041482629151,0.5496,"16","ubinuclein 1"
"Pon2",0.0667967370663094,0.4344,"6","paraoxonase 2"
"Sox2",0.0667832280353755,0.5984,"3","SRY (sex determining region Y)-box 2"
"Amot",-0.0667521885259976,0.534,"X","angiomotin"
"Tspan7",0.0667317194833252,0.568,"X","tetraspanin 7"
"Ablim3",0.0667157623400554,0.536,"18","actin binding LIM protein family, member 3"
"Pla2g15",-0.0667156550318735,0.3952,"8","phospholipase A2, group XV"
"Ndufb7",0.0667134512980923,0.674,"8","NADH:ubiquinone oxidoreductase subunit B7"
"Acad9",0.0667097246568424,0.3732,"3","acyl-Coenzyme A dehydrogenase family, member 9"
"Abr",-0.0667008728661642,0.252,"11","active BCR-related gene"
"Ybx3",0.0666996434282803,0.4644,"6","Y box protein 3"
"Slc25a28",0.0666970583283755,0.424,"19","solute carrier family 25, member 28"
"Coa7",-0.0666867306414414,0.6056,"4","cytochrome c oxidase assembly factor 7"
"Fbxo33",-0.0666846305233522,0.6272,"12","F-box protein 33"
"Dhx36",0.0666789284968621,0.5348,"3","DEAH (Asp-Glu-Ala-His) box polypeptide 36"
"Impdh2",0.0666687243501887,0.4452,"9","inosine monophosphate dehydrogenase 2"
"BC004004",0.066652908944854,0.5692,"17","cDNA sequence BC004004"
"Utp3",0.0666525935167872,0.6512,"5","UTP3 small subunit processome component"
"Cse1l",0.0666393847371456,0.416,"2","chromosome segregation 1-like (S. cerevisiae)"
"Shc4",-0.0666343182518099,0.6596,"2","SHC (Src homology 2 domain containing) family, member 4"
"Cep350",-0.0666098986267647,0.6652,"1","centrosomal protein 350"
"Prcp",0.0665907961300407,0.7392,"7","prolylcarboxypeptidase (angiotensinase C)"
"Hnmt",-0.0665786297467186,0.68,"2","histamine N-methyltransferase"
"Lin7a",-0.0665754337235933,0.5224,"10","lin-7 homolog A, crumbs cell polarity complex component"
"Armc1",0.0665686557535219,0.4096,"3","armadillo repeat containing 1"
"Gucy2g",0.0665546948874123,0.6136,"19","guanylate cyclase 2g"
"Plppr1",0.066542256857451,0.6392,"4","phospholipid phosphatase related 1"
"Wdr13",0.0665419208455722,0.456,"X","WD repeat domain 13"
"Tacc3",0.0665340757977924,0.7352,"5","transforming, acidic coiled-coil containing protein 3"
"Slc11a2",0.0665237638323699,0.5348,"15","solute carrier family 11 (proton-coupled divalent metal ion transporters), member 2"
"Cacfd1",-0.0665053886648508,0.5576,"2","calcium channel flower domain containing 1"
"Gucy2e",0.0664697015040536,0.7592,"11","guanylate cyclase 2e"
"Zdhhc6",0.0664641688608745,0.3072,"19","zinc finger, DHHC domain containing 6"
"Idh3b",0.0664529115246362,0.2896,"2","isocitrate dehydrogenase 3 (NAD+) beta"
"Cdc27",0.0664424438877749,0.45,"11","cell division cycle 27"
"G0s2",0.0663982173049629,0.7556,"1","G0/G1 switch gene 2"
"Gspt1",-0.0663769718566343,0.5952,"16","G1 to S phase transition 1"
"Pfas",0.0663600733580312,0.7588,"11","phosphoribosylformylglycinamidine synthase (FGAR amidotransferase)"
"Cept1",0.0663430756149976,0.4336,"3","choline/ethanolaminephosphotransferase 1"
"Commd8",0.0663430254976989,0.4228,"5","COMM domain containing 8"
"Tma16",-0.0663428932489345,0.7648,"8","translation machinery associated 16"
"Coq8a",-0.0663280283088321,0.4772,"1","coenzyme Q8A"
"Epb41l1",0.0663179162542509,0.4496,"2","erythrocyte membrane protein band 4.1 like 1"
"Tmem222",0.0663114041914108,0.5584,"4","transmembrane protein 222"
"Pgam1",-0.0663099182625597,0.6404,"19","phosphoglycerate mutase 1"
"Peg3",-0.0662938026960429,0.8432,"7","paternally expressed 3"
"Chordc1",0.06627224061286,0.6928,"9","cysteine and histidine-rich domain (CHORD)-containing, zinc-binding protein 1"
"Slc25a37",-0.066261243898996,0.74,"14","solute carrier family 25, member 37"
"Saraf",0.0662451513342681,0.536,"8","store-operated calcium entry-associated regulatory factor"
"Ddr1",-0.0662160226816129,0.6472,"17","discoidin domain receptor family, member 1"
"Gfra1",-0.0662105695469126,0.6544,"19","glial cell line derived neurotrophic factor family receptor alpha 1"
"Gm5617",-0.0662022620375666,0.768,"9","predicted gene 5617"
"Fntb",-0.0661904754316112,0.4332,"12","farnesyltransferase, CAAX box, beta"
"Lmo3",0.0661724727476338,0.4996,"6","LIM domain only 3"
"Sox13",-0.0661605746578822,0.372,"1","SRY (sex determining region Y)-box 13"
"Nup153",-0.0661548756742336,0.664,"13","nucleoporin 153"
"Man1b1",-0.0661036898480862,0.194,"2","mannosidase, alpha, class 1B, member 1"
"Fxn",0.066077389790399,0.5848,"19","frataxin"
"Orai2",0.066059656493767,0.4776,"5","ORAI calcium release-activated calcium modulator 2"
"Paip1",0.0660533147682774,0.3644,"13","polyadenylate binding protein-interacting protein 1"
"Dlg4",0.0660243622548382,0.5952,"11","discs large MAGUK scaffold protein 4"
"Smad5",-0.0660230516068232,0.5228,"13","SMAD family member 5"
"Lama2",-0.066010903041124,0.5592,"10","laminin, alpha 2"
"Ddn",0.0660004586023835,0.642,"15","dendrin"
"Ssh2",-0.0659894225251989,0.4812,"11","slingshot protein phosphatase 2"
"Ccdc162",-0.0659666114103965,0.8968,"10","coiled-coil domain containing 162"
"Prdm15",0.0659634473822859,0.7196,"16","PR domain containing 15"
"Adamts10",0.0659275373532493,0.8144,"17","a disintegrin-like and metallopeptidase (reprolysin type) with thrombospondin type 1 motif, 10"
"Pgap2",-0.0659125384217822,0.5376,"7","post-GPI attachment to proteins 2"
"Mamld1",-0.065909603020601,0.6908,"X","mastermind-like domain containing 1"
"Usp14",0.0659094430531431,0.5604,"18","ubiquitin specific peptidase 14"
"C2cd2l",-0.065903633749989,0.4624,"9","C2 calcium-dependent domain containing 2-like"
"Synj2bp",0.0658998212593467,0.4196,"12","synaptojanin 2 binding protein"
"Polr2j",0.0658844944244672,0.622,"5","polymerase (RNA) II (DNA directed) polypeptide J"
"Cldnd1",0.0658832630467874,0.5696,"16","claudin domain containing 1"
"Enox2",-0.065866980367288,0.7384,"X","ecto-NOX disulfide-thiol exchanger 2"
"Chgb",-0.065838142718933,0.686,"2","chromogranin B"
"Tob1",0.0658299461302025,0.3108,"11","transducer of ErbB-2.1"
"Snx3",0.0658276962247362,0.646,"10","sorting nexin 3"
"Brsk1",0.065818305658949,0.5788,"7","BR serine/threonine kinase 1"
"Tubgcp3",0.0658113707189409,0.3552,"8","tubulin, gamma complex associated protein 3"
"Fsd1l",0.065807930608492,0.5976,"4","fibronectin type III and SPRY domain containing 1-like"
"Gas7",-0.065805717605226,0.3872,"11","growth arrest specific 7"
"Lrrc75b",0.0657980903230273,0.3916,"10","leucine rich repeat containing 75B"
"Kctd3",-0.0657889680391426,0.5272,"1","potassium channel tetramerisation domain containing 3"
"Zfp599",-0.0657579436746953,0.4804,"9","zinc finger protein 599"
"Zfp574",-0.0657391487773049,0.506,"7","zinc finger protein 574"
"Lmtk2",-0.0657352649689855,0.5312,"5","lemur tyrosine kinase 2"
"Ebna1bp2",0.0657195311126939,0.1612,"4","EBNA1 binding protein 2"
"Sar1b",0.0657002401607336,0.5028,"11","secretion associated Ras related GTPase 1B"
"Fbxo34",0.0656964241389524,0.3644,"14","F-box protein 34"
"Park7",0.0656782227041184,0.6428,"4","Parkinson disease (autosomal recessive, early onset) 7"
"Tcf3",0.0656470591885343,0.6236,"10","transcription factor 3"
"Slu7",-0.0656214692807833,0.5524,"11","SLU7 splicing factor homolog (S. cerevisiae)"
"Dlx5",-0.0656043387444973,0.7736,"6","distal-less homeobox 5"
"Stk38l",-0.0655920018528668,0.2704,"6","serine/threonine kinase 38 like"
"Tox4",-0.0655899688305031,0.5124,"14","TOX high mobility group box family member 4"
"Cep76",0.065571035997988,0.5412,"18","centrosomal protein 76"
"Tead1",0.0655555346667054,0.6628,"7","TEA domain family member 1"
"Pdlim5",-0.0655436007786445,0.5924,"3","PDZ and LIM domain 5"
"Mef2d",-0.065533178809698,0.5084,"3","myocyte enhancer factor 2D"
"Kars",0.065506077123203,0.5408,"8","lysyl-tRNA synthetase"
"Nipsnap2",-0.0655056000733873,0.3076,"5","nipsnap homolog 2"
"Sh3d19",-0.0654947210195083,0.7596,"3","SH3 domain protein D19"
"Atg4c",0.0654759449568925,0.3624,"4","autophagy related 4C, cysteine peptidase"
"Atf4",0.0654684581802707,0.438,"15","activating transcription factor 4"
"Gm14326",0.0654239901848626,0.7104,"2","predicted gene 14326"
"Gm14326",0.0654239901848626,0.7104,"2","predicted gene 14326"
"Zfp612",0.0653360112008512,0.5712,"8","zinc finger protein 612"
"Acsf3",-0.0653304703579622,0.5596,"8","acyl-CoA synthetase family member 3"
"Mia3",0.0653098490475728,0.5492,"1","MIA SH3 domain ER export factor 3"
"Rbfox3",0.0652403786580518,0.4368,"11","RNA binding protein, fox-1 homolog (C. elegans) 3"
"Stag2",0.0652383974205328,0.5964,"X","stromal antigen 2"
"Ctdnep1",0.0652362229320085,0.5312,"11","CTD nuclear envelope phosphatase 1"
"Snapc2",0.0652285149153897,0.6676,"8","small nuclear RNA activating complex, polypeptide 2"
"Sigmar1",0.0652195163418057,0.2968,"4","sigma non-opioid intracellular receptor 1"
"Mt3",0.0652144886550428,0.746,"8","metallothionein 3"
"Hpcal1",0.0652053113394127,0.6376,"12","hippocalcin-like 1"
"Wdr44",-0.0652025681863897,0.642,"X","WD repeat domain 44"
"Ilf2",0.0651882464265325,0.4204,"3","interleukin enhancer binding factor 2"
"Shisa2",0.065186533714032,0.8328,"14","shisa family member 2"
"Pex7",0.0651794893070692,0.5244,"10","peroxisomal biogenesis factor 7"
"Rpl32",0.0651686912749305,0.6244,"6","ribosomal protein L32"
"Hes6",0.0651415610812873,0.746,"1","hairy and enhancer of split 6"
"Cdr2",0.0651137874263883,0.8212,"7","cerebellar degeneration-related 2"
"Zfp513",0.0651110672327739,0.5188,"5","zinc finger protein 513"
"Kdm5b",-0.0651069207548174,0.268,"1","lysine (K)-specific demethylase 5B"
"Rprd1a",0.0650780144111929,0.6212,"18","regulation of nuclear pre-mRNA domain containing 1A"
"Bms1",0.0650740827525595,0.7184,"6","BMS1, ribosome biogenesis factor"
"Rfx2",0.0650662901584003,0.7928,"17","regulatory factor X, 2 (influences HLA class II expression)"
"Cbfa2t3",0.0650309716814492,0.7864,"8","CBFA2/RUNX1 translocation partner 3"
"Zswim6",0.0650298309556989,0.48,"13","zinc finger SWIM-type containing 6"
"Traf2",-0.0650140525517577,0.4748,"2","TNF receptor-associated factor 2"
"Ldhb",0.0650061850037265,0.5496,"6","lactate dehydrogenase B"
"Mtmr1",0.0650026990787627,0.3956,"X","myotubularin related protein 1"
"Dnajc30",0.0649957754222532,0.6744,"5","DnaJ heat shock protein family (Hsp40) member C30"
"Nacc2",-0.0649855514727227,0.4852,"2","nucleus accumbens associated 2, BEN and BTB (POZ) domain containing"
"Vps11",0.0649763228367011,0.0672,"9","VPS11, CORVET/HOPS core subunit"
"Hyls1",0.0649589040542802,0.6464,"9","HYLS1, centriolar and ciliogenesis associated"
"Dolpp1",0.064955347853985,0.4864,"2","dolichyl pyrophosphate phosphatase 1"
"Sap130",-0.0649453215585245,0.4236,"18","Sin3A associated protein"
"Trir",0.0649355005446735,0.6412,"8","telomerase RNA component interacting RNase"
"Tmem114",-0.0649227355147088,0.7976,"16","transmembrane protein 114"
"Trip10",-0.0649128836863544,0.6112,"17","thyroid hormone receptor interactor 10"
"Zmpste24",0.064900606507603,0.404,"4","zinc metallopeptidase, STE24"
"Ambra1",-0.0648935752104363,0.1996,"2","autophagy/beclin 1 regulator 1"
"Slc25a16",0.0648637950522204,0.4616,"10","solute carrier family 25 (mitochondrial carrier, Graves disease autoantigen), member 16"
"Synrg",-0.0648555735852705,0.4028,"11","synergin, gamma"
"Pnoc",0.0648450155847731,0.6436,"14","prepronociceptin"
"Irs2",-0.0648342709992695,0.4196,"8","insulin receptor substrate 2"
"Tpst1",0.064833500578005,0.5752,"5","protein-tyrosine sulfotransferase 1"
"Rnasek",0.0648257938590575,0.7592,"11","ribonuclease, RNase K"
"Rnf146",-0.0648253178079115,0.4744,"10","ring finger protein 146"
"Cep250",0.0648082114454986,0.7024,"2","centrosomal protein 250"
"Wdfy1",0.0647017423515415,0.8368,"1","WD repeat and FYVE domain containing 1"
"Slc31a2",0.0646987669847752,0.7152,"4","solute carrier family 31, member 2"
"Ptrh2",0.0646869476014844,0.5032,"11","peptidyl-tRNA hydrolase 2"
"Abcd2",0.0646791436342999,0.422,"15","ATP-binding cassette, sub-family D (ALD), member 2"
"Mtg1",0.0646759539993291,0.5092,"7","mitochondrial ribosome-associated GTPase 1"
"Haus5",0.0646408277168788,0.7064,"7","HAUS augmin-like complex, subunit 5"
"Sec16a",-0.0646127292018415,0.6584,"2","SEC16 homolog A, endoplasmic reticulum export factor"
"Nfil3",0.0646094756144677,0.756,"13","nuclear factor, interleukin 3, regulated"
"Cherp",-0.0645965860221711,0.57,"8","calcium homeostasis endoplasmic reticulum protein"
"Tradd",-0.0645936178589168,0.6732,"8","TNFRSF1A-associated via death domain"
"Myrip",-0.0645897534720561,0.2796,"9","myosin VIIA and Rab interacting protein"
"Arid1a",-0.0645843290000254,0.5568,"4","AT rich interactive domain 1A (SWI-like)"
"Sox10",-0.0645556849954945,0.7052,"15","SRY (sex determining region Y)-box 10"
"Magt1",0.0645444599196479,0.6968,"X","magnesium transporter 1"
"Ap4e1",0.0645368503166335,0.822,"2","adaptor-related protein complex AP-4, epsilon 1"
"Ak6",0.064525503175092,0.6736,"13","adenylate kinase 6"
"Ak6",0.064525503175092,0.6736,"13","adenylate kinase 6"
"Rab5if",-0.0645199745889,0.5688,"2","RAB5 interacting factor"
"Tspan15",0.0645169913612227,0.7176,"10","tetraspanin 15"
"Adcy8",-0.0645088558670328,0.6548,"15","adenylate cyclase 8"
"Ccdc73",0.0644859717571999,0.7912,"2","coiled-coil domain containing 73"
"Cpsf7",0.0644734975102228,0.5368,"19","cleavage and polyadenylation specific factor 7"
"Ncam1",0.0644692523804427,0.5148,"9","neural cell adhesion molecule 1"
"Kctd20",-0.0644672277725249,0.0244,"17","potassium channel tetramerisation domain containing 20"
"Pcnt",-0.0644511913908516,0.6128,"10","pericentrin (kendrin)"
"Cacna2d1",0.0644372479631112,0.41,"5","calcium channel, voltage-dependent, alpha2/delta subunit 1"
"Atf1",0.0644292369346466,0.5592,"15","activating transcription factor 1"
"Mrto4",0.0644235319289761,0.1728,"4","mRNA turnover 4, ribosome maturation factor"
"Brinp2",-0.0644104292758714,0.5948,"1","bone morphogenic protein/retinoic acid inducible neural-specific 2"
"Syn3",-0.0644029846202816,0.7116,"10","synapsin III"
"Acat1",0.0643979903553094,0.2932,"9","acetyl-Coenzyme A acetyltransferase 1"
"Gmppb",0.0643497434430635,0.588,"9","GDP-mannose pyrophosphorylase B"
"Stx5a",0.0643459515417701,0.6244,"19","syntaxin 5A"
"Pde1a",-0.0642932801390339,0.642,"2","phosphodiesterase 1A, calmodulin-dependent"
"Pelo",-0.0642896695608819,0.798,"13","pelota mRNA surveillance and ribosome rescue factor"
"Vav2",-0.0642722315066195,0.562,"2","vav 2 oncogene"
"Slc9a2",-0.0642650283749759,0.6236,"1","solute carrier family 9 (sodium/hydrogen exchanger), member 2"
"Aprt",0.06425935817522,0.6524,"8","adenine phosphoribosyl transferase"
"Gm7694",0.0642312434419434,0.7932,"1","predicted gene 7694"
"Hsph1",0.064195199901917,0.634,"5","heat shock 105kDa/110kDa protein 1"
"Txndc9",0.0641742361426765,0.498,"1","thioredoxin domain containing 9"
"Poli",0.0641548144985449,0.566,"18","polymerase (DNA directed), iota"
"Wnt7b",0.064143828585892,0.6804,"15","wingless-type MMTV integration site family, member 7B"
"Pak1ip1",0.0641148703322791,0.1864,"13","PAK1 interacting protein 1"
"Sf3b3",0.064113643907846,0.0896,"8","splicing factor 3b, subunit 3"
"Phyhip",-0.0640691925608401,0.5248,"14","phytanoyl-CoA hydroxylase interacting protein"
"Nr1h3",-0.0640565449012982,0.7292,"2","nuclear receptor subfamily 1, group H, member 3"
"Slitrk1",-0.0640430342943361,0.4764,"14","SLIT and NTRK-like family, member 1"
"Phtf1",0.0640359354402493,0.4708,"3","putative homeodomain transcription factor 1"
"Mettl26",0.0640227073416701,0.6768,"17","methyltransferase like 26"
"Dhcr24",-0.0640054706989526,0.6584,"4","24-dehydrocholesterol reductase"
"Sfr1",0.0640001309683562,0.5876,"19","SWI5 dependent recombination repair 1"
"Cyb5a",0.0639939792497382,0.6404,"18","cytochrome b5 type A (microsomal)"
"Emx2",0.0639914039092337,0.5728,"19","empty spiracles homeobox 2"
"Cdr2l",-0.0639874260706152,0.48,"11","cerebellar degeneration-related protein 2-like"
"Nfic",-0.0639416534450854,0.5416,"10","nuclear factor I/C"
"Mycbpap",-0.0639357072879232,0.8984,"11","MYCBP associated protein"
"Chst1",0.0639258683050397,0.4712,"2","carbohydrate sulfotransferase 1"
"Rbm3",0.0639255910306629,0.3684,"X","RNA binding motif (RNP1, RRM) protein 3"
"Rbm3",0.0639255910306629,0.3684,"X","RNA binding motif (RNP1, RRM) protein 3"
"Rbm41",0.063830911191388,0.6888,"X","RNA binding motif protein 41"
"Zfp180",0.0638088880375571,0.2732,"7","zinc finger protein 180"
"Mical1",-0.0638082422266164,0.6268,"10","microtubule associated monooxygenase, calponin and LIM domain containing 1"
"Ecm2",-0.0637976291097888,0.6824,"13","extracellular matrix protein 2, female organ and adipocyte specific"
"Rnf41",-0.0637827090584855,0.6156,"10","ring finger protein 41"
"Ggnbp2",0.0637624914183155,0.4172,"11","gametogenetin binding protein 2"
"Ttc38",0.0637620081927373,0.6984,"15","tetratricopeptide repeat domain 38"
"Gorab",-0.0637561076461903,0.5284,"1","golgin, RAB6-interacting"
"Ncapg2",-0.0637412860945028,0.7476,"12","non-SMC condensin II complex, subunit G2"
"Tle1",0.0637391362089064,0.2348,"4","transducin-like enhancer of split 1"
"Leprot",-0.0637313717816195,0.5156,"4","leptin receptor overlapping transcript"
"Rps13",0.0636903840191287,0.6856,"7","ribosomal protein S13"
"Lonrf1",-0.0636741184608232,0.5176,"8","LON peptidase N-terminal domain and ring finger 1"
"Trerf1",0.0636589304079349,0.7304,"17","transcriptional regulating factor 1"
"Ccdc107",0.0636239467009325,0.6936,"4","coiled-coil domain containing 107"
"Ankrd13c",0.0636225732459037,0.4616,"3","ankyrin repeat domain 13c"
"Car14",-0.0636180381927574,0.8172,"3","carbonic anhydrase 14"
"Pard3b",-0.0636179777526675,0.784,"1","par-3 family cell polarity regulator beta"
"Panx1",0.0636132246139085,0.6212,"9","pannexin 1"
"Rbak",0.0635890331475424,0.6236,"5","RB-associated KRAB zinc finger"
"Zfp874a",0.063586835805213,0.5816,"13","zinc finger protein 874a"
"Mycl",0.0635225278429932,0.6136,"4","v-myc avian myelocytomatosis viral oncogene lung carcinoma derived"
"Rpp25l",0.0635152259121692,0.7824,"4","ribonuclease P/MRP 25 subunit-like"
"Ppp6r3",0.0634861472617541,0.1224,"19","protein phosphatase 6, regulatory subunit 3"
"Csf1",0.0634801496749073,0.3776,"3","colony stimulating factor 1 (macrophage)"
"Cuedc2",0.0634799682798448,0.6736,"19","CUE domain containing 2"
"Dennd2a",-0.0634626376249088,0.166,"6","DENN/MADD domain containing 2A"
"Cops9",0.0634515183270405,0.6784,"1","COP9 signalosome subunit 9"
"Pnp",0.0634448923036564,0.6228,"14","purine-nucleoside phosphorylase"
"Bbx",-0.063435738618538,0.71,"16","bobby sox HMG box containing"
"Tmem132b",-0.0634131559666997,0.4448,"5","transmembrane protein 132B"
"Rhbdd2",-0.063409260564419,0.5008,"5","rhomboid domain containing 2"
"Snrk",-0.0634012724744943,0.6196,"9","SNF related kinase"
"Cplx1",-0.0633785372558293,0.6556,"5","complexin 1"
"Ckap5",0.0633436628656341,0.2416,"2","cytoskeleton associated protein 5"
"Plekhm3",-0.0633250770778373,0.454,"1","pleckstrin homology domain containing, family M, member 3"
"Bbs1",-0.0633241438506964,0.574,"19","Bardet-Biedl syndrome 1 (human)"
"Dnajc18",-0.06332331896754,0.3708,"18","DnaJ heat shock protein family (Hsp40) member C18"
"Praf2",0.0633124069125079,0.652,"X","PRA1 domain family 2"
"Stox2",-0.0633120821970312,0.5924,"8","storkhead box 2"
"Taok1",-0.0633085277530832,0.536,"11","TAO kinase 1"
"Gtpbp4",-0.0633079126176561,0.6416,"13","GTP binding protein 4"
"Grhpr",0.0632955440145295,0.71,"4","glyoxylate reductase/hydroxypyruvate reductase"
"Tpd52l1",0.0632076299090798,0.6444,"10","tumor protein D52-like 1"
"Tut1",0.0632037914287604,0.5768,"19","terminal uridylyl transferase 1, U6 snRNA-specific"
"Trmt9b",0.0631935455350665,0.8164,"8","tRNA methyltransferase 9B"
"Tcf7l1",-0.0631807851138335,0.714,"6","transcription factor 7 like 1 (T cell specific, HMG box)"
"Ranbp3l",0.0631686650922254,0.6856,"15","RAN binding protein 3-like"
"Gba",0.0631388526659533,0.6052,"3","glucosidase, beta, acid"
"Pld3",-0.0630978938509177,0.6524,"7","phospholipase D family, member 3"
"Sdf2l1",0.063087641992845,0.8264,"16","stromal cell-derived factor 2-like 1"
"Recql",0.0630646576205081,0.644,"6","RecQ protein-like"
"Bola3",-0.0630554082433985,0.7116,"6","bolA-like 3 (E. coli)"
"Usp28",0.0630491174255408,0.6576,"9","ubiquitin specific peptidase 28"
"Rflnb",-0.0630168000232807,0.6284,"11","refilin B"
"Tob2",0.0630048180661111,0.466,"15","transducer of ERBB2, 2"
"B4galnt4",0.0629937282197419,0.42,"7","beta-1,4-N-acetyl-galactosaminyl transferase 4"
"Adcy2",0.0629873185375374,0.4676,"13","adenylate cyclase 2"
"Uimc1",0.0629854811227322,0.7836,"13","ubiquitin interaction motif containing 1"
"Asrgl1",0.0629723802248892,0.424,"19","asparaginase like 1"
"Rbm15",-0.0629710177381937,0.7072,"3","RNA binding motif protein 15"
"Tollip",-0.0629453264339475,0.4372,"7","toll interacting protein"
"Nipsnap3b",-0.0629294405639227,0.774,"4","nipsnap homolog 3B"
"Tars",0.0628924293957782,0.4424,"15","threonyl-tRNA synthetase"
"Mrpl36",0.0628874618574553,0.6816,"13","mitochondrial ribosomal protein L36"
"Slc44a1",-0.0628688574083069,0.7492,"4","solute carrier family 44, member 1"
"Nrxn1",0.062845424251563,0.3152,"17","neurexin I"
"Tlcd1",0.0628431681473787,0.6408,"11","TLC domain containing 1"
"Tprgl",0.0628365716076074,0.6188,"4","transformation related protein 63 regulated like"
"Epn1",0.0628224967750981,0.6976,"7","epsin 1"
"Ssna1",0.0628140398173445,0.5596,"2","SS nuclear autoantigen 1"
"Herc6",-0.0628049182440866,0.804,"6","hect domain and RLD 6"
"Tmem9b",0.0627954354274616,0.6088,"7","TMEM9 domain family, member B"
"Dync2li1",-0.0627833984810597,0.5912,"17","dynein cytoplasmic 2 light intermediate chain 1"
"Zdhhc24",0.0627700221739715,0.5544,"19","zinc finger, DHHC domain containing 24"
"Gng5",0.0627532051313118,0.7028,"3","G protein subunit gamma 5"
"Mboat7",-0.0627415604045378,0.3456,"7","membrane bound O-acyltransferase domain containing 7"
"Arsa",-0.0627295078579611,0.4652,"15","arylsulfatase A"
"Ppp1r12c",0.062725662787984,0.5492,"7","protein phosphatase 1, regulatory subunit 12C"
"Slc8a3",0.0627180674820305,0.6028,"12","solute carrier family 8 (sodium/calcium exchanger), member 3"
"Slc20a2",0.0626579069789797,0.2804,"8","solute carrier family 20, member 2"
"Setmar",0.0626405170003062,0.6016,"6","SET domain without mariner transposase fusion"
"Mtmr11",-0.0626345342301664,0.6076,"3","myotubularin related protein 11"
"Cops7b",0.0626213420889323,0.576,"1","COP9 signalosome subunit 7B"
"S1pr5",-0.0625864301770278,0.7528,"9","sphingosine-1-phosphate receptor 5"
"Star",0.0625700286212449,0.752,"8","steroidogenic acute regulatory protein"
"Vamp3",0.0625601169048879,0.6096,"4","vesicle-associated membrane protein 3"
"Sema4f",0.0625583705798389,0.6608,"6","sema domain, immunoglobulin domain (Ig), TM domain, and short cytoplasmic domain"
"Zmat4",-0.0625554783762841,0.7344,"8","zinc finger, matrin type 4"
"Arpc5l",0.0625466320246719,0.5092,"2","actin related protein 2/3 complex, subunit 5-like"
"Tmem35a",0.0625383711708727,0.5708,"X","transmembrane protein 35A"
"Arhgap23",-0.062503552577704,0.4104,"11","Rho GTPase activating protein 23"
"Acox3",-0.0624995728833904,0.168,"5","acyl-Coenzyme A oxidase 3, pristanoyl"
"Ndufs4",0.0624906260107325,0.5728,"13","NADH:ubiquinone oxidoreductase core subunit S4"
"Tbcd",-0.0624828072899826,0.4456,"11","tubulin-specific chaperone d"
"Sirt6",0.0624462902599019,0.6004,"10","sirtuin 6"
"Trappc12",0.0624454827951668,0.2984,"12","trafficking protein particle complex 12"
"Tceal6",-0.06243665352621,0.5928,"X","transcription elongation factor A (SII)-like 6"
"Zbtb2",0.0624086290549091,0.4788,"10","zinc finger and BTB domain containing 2"
"Tmtc2",-0.062405783081156,0.6856,"10","transmembrane and tetratricopeptide repeat containing 2"
"Tmem161a",0.0624000227025858,0.6088,"8","transmembrane protein 161A"
"Csad",0.0623919437444966,0.7336,"15","cysteine sulfinic acid decarboxylase"
"Igsf9b",0.0623907273475721,0.8516,"9","immunoglobulin superfamily, member 9B"
"Psat1",0.0623825397803568,0.7116,"19","phosphoserine aminotransferase 1"
"Gosr2",-0.0623634898941736,0.5204,"11","golgi SNAP receptor complex member 2"
"Fnta",0.0623466642666788,0.506,"8","farnesyltransferase, CAAX box, alpha"
"Stx1a",-0.0623142614310286,0.55,"5","syntaxin 1A (brain)"
"Zfp12",0.0623102680049383,0.4644,"5","zinc finger protein 12"
"Dennd4c",-0.0623065829962317,0.7348,"4","DENN/MADD domain containing 4C"
"Cryab",0.0623012492809725,0.8196,"9","crystallin, alpha B"
"Rprd2",-0.0622907201816618,0.574,"3","regulation of nuclear pre-mRNA domain containing 2"
"Pde1b",0.0622731307379709,0.564,"15","phosphodiesterase 1B, Ca2+-calmodulin dependent"
"Ppp2r5a",0.0622619040250987,0.3648,"1","protein phosphatase 2, regulatory subunit B', alpha"
"Fam171a2",-0.0622586436507158,0.5312,"11","family with sequence similarity 171, member A2"
"Hacd2",0.0622585798988631,0.508,"16","3-hydroxyacyl-CoA dehydratase 2"
"Ncoa3",0.0622536704179728,0.6644,"2","nuclear receptor coactivator 3"
"Spty2d1",-0.0622523737588851,0.6604,"7","SPT2 chromatin protein domain containing 1"
"Tox2",-0.0622366659672373,0.6272,"2","TOX high mobility group box family member 2"
"Ppp1r37",0.0622117989429363,0.46,"7","protein phosphatase 1, regulatory subunit 37"
"Ikzf4",0.0621866210209845,0.652,"10","IKAROS family zinc finger 4"
"Itpka",0.062178689378146,0.7368,"2","inositol 1,4,5-trisphosphate 3-kinase A"
"Itga6",0.0621447053489788,0.718,"2","integrin alpha 6"
"Icosl",0.0621442291621759,0.6336,"10","icos ligand"
"Idh1",0.0621374604377651,0.4532,"1","isocitrate dehydrogenase 1 (NADP+), soluble"
"Mdga1",0.0621309761065083,0.6028,"17","MAM domain containing glycosylphosphatidylinositol anchor 1"
"Atad2",-0.0620928550061537,0.7856,"15","ATPase family, AAA domain containing 2"
"Kmt5b",-0.0620892227668275,0.6524,"19","lysine methyltransferase 5B"
"Agap1",-0.0620779780464122,0.4524,"1","ArfGAP with GTPase domain, ankyrin repeat and PH domain 1"
"Wiz",0.0620759558144863,0.6412,"17","widely-interspaced zinc finger motifs"
"Radil",0.0620645100604005,0.746,"5","Ras association and DIL domains"
"Map9",-0.062057145752191,0.6144,"3","microtubule-associated protein 9"
"Ergic1",-0.0620419873024129,0.476,"17","endoplasmic reticulum-golgi intermediate compartment (ERGIC) 1"
"Dio2",-0.0620377141071451,0.5304,"12","deiodinase, iodothyronine, type II"
"Zfp780b",0.062031759163049,0.6032,"7","zinc finger protein 780B"
"Slc22a23",-0.0620310107247111,0.4984,"13","solute carrier family 22, member 23"
"Tspyl3",-0.0620085353674993,0.718,"2","TSPY-like 3"
"Errfi1",-0.0620057483687857,0.7724,"4","ERBB receptor feedback inhibitor 1"
"Asns",0.0620034137716479,0.6444,"6","asparagine synthetase"
"C630043F03Rik",0.0620027871046291,0.4172,"4","RIKEN cDNA C630043F03 gene"
"Adam10",-0.0620023095191566,0.488,"9","a disintegrin and metallopeptidase domain 10"
"Rab27a",-0.0619944273402768,0.5864,"9","RAB27A, member RAS oncogene family"
"Atrnl1",-0.0619925760258031,0.5496,"19","attractin like 1"
"Slc25a4",0.0619898671361181,0.5968,"8","solute carrier family 25 (mitochondrial carrier, adenine nucleotide translocator), member 4"
"Slc5a6",-0.0619880161918274,0.7052,"5","solute carrier family 5 (sodium-dependent vitamin transporter), member 6"
"Cipc",0.0619281173684918,0.3644,"12","CLOCK interacting protein, circadian"
"St3gal4",0.0619259091437767,0.5412,"9","ST3 beta-galactoside alpha-2,3-sialyltransferase 4"
"Strn",-0.0619191954283904,0.5296,"17","striatin, calmodulin binding protein"
"Resp18",0.0619100775179864,0.6652,"1","regulated endocrine-specific protein 18"
"Kcna4",-0.0618882188447731,0.5524,"2","potassium voltage-gated channel, shaker-related subfamily, member 4"
"Gon4l",0.0618533015259981,0.6848,"3","gon-4-like (C.elegans)"
"Zik1",-0.0618494779818533,0.6928,"7","zinc finger protein interacting with K protein 1"
"Mlxip",-0.0618249330591105,0.7788,"5","MLX interacting protein"
"Elmod2",0.0618222831953856,0.618,"8","ELMO/CED-12 domain containing 2"
"Arl6",-0.061795393399406,0.402,"16","ADP-ribosylation factor-like 6"
"Pcbp2",0.0617380626840172,0.1632,"15","poly(rC) binding protein 2"
"Opa1",-0.0617314233818202,0.5636,"16","OPA1, mitochondrial dynamin like GTPase"
"Midn",-0.0617304160601284,0.7164,"10","midnolin"
"Irf1",0.0617278746504923,0.4816,"11","interferon regulatory factor 1"
"Ptp4a3",0.0617248379916511,0.5496,"15","protein tyrosine phosphatase 4a3"
"Sox1",-0.0617218474274135,0.5812,"8","SRY (sex determining region Y)-box 1"
"Pde10a",-0.0617019604658502,0.706,"17","phosphodiesterase 10A"
"Epha10",0.061677394389398,0.776,"4","Eph receptor A10"
"Usp36",-0.0616732838573624,0.7124,"11","ubiquitin specific peptidase 36"
"Prmt3",0.0616715491615114,0.3416,"7","protein arginine N-methyltransferase 3"
"Tspoap1",0.061628302243955,0.7956,"11","TSPO associated protein 1"
"Gpt2",-0.0615972348596552,0.4204,"8","glutamic pyruvate transaminase (alanine aminotransferase) 2"
"Acadl",-0.0615930555737263,0.6064,"1","acyl-Coenzyme A dehydrogenase, long-chain"
"Snta1",0.0615574872609548,0.7044,"2","syntrophin, acidic 1"
"Plpp4",-0.0615214602137488,0.772,"7","phospholipid phosphatase 4"
"Ythdf3",0.0615030952452953,0.6952,"3","YTH N6-methyladenosine RNA binding protein 3"
"Eif3f",0.0614952333919554,0.6892,"7","eukaryotic translation initiation factor 3, subunit F"
"Zfp280d",0.0614889358248147,0.5928,"9","zinc finger protein 280D"
"Tecr",0.0614798697712935,0.7332,"8","trans-2,3-enoyl-CoA reductase"
"Vac14",0.0614675624880361,0.4612,"8","Vac14 homolog (S. cerevisiae)"
"Ccdc88a",0.0614129364068088,0.7528,"11","coiled coil domain containing 88A"
"Higd1a",0.0614059346437497,0.5944,"9","HIG1 domain family, member 1A"
"Fastkd3",0.0614018065543638,0.6624,"13","FAST kinase domains 3"
"Plscr4",-0.061372906222215,0.7792,"9","phospholipid scramblase 4"
"Rhoa",0.0613596218604631,0.564,"9","ras homolog family member A"
"Bcar3",0.0613448010359852,0.4772,"3","breast cancer anti-estrogen resistance 3"
"Smoc1",0.0613441511220474,0.7012,"12","SPARC related  modular calcium binding 1"
"Pitrm1",-0.0613373285732433,0.4992,"13","pitrilysin metallepetidase 1"
"Crebrf",0.0613364391269808,0.4908,"17","CREB3 regulatory factor"
"Strap",0.061324038661545,0.4996,"6","serine/threonine kinase receptor associated protein"
"Gfra2",0.0612518765305028,0.5732,"14","glial cell line derived neurotrophic factor family receptor alpha 2"
"Ifitm10",0.0612383504899086,0.7128,"7","interferon induced transmembrane protein 10"
"Sp2",-0.0612086184546738,0.5976,"11","Sp2 transcription factor"
"Map4k4",-0.0612017619568617,0.5924,"1","mitogen-activated protein kinase kinase kinase kinase 4"
"Adam9",-0.0611904705063049,0.62,"8","a disintegrin and metallopeptidase domain 9 (meltrin gamma)"
"Polk",-0.0611882708346378,0.7376,"13","polymerase (DNA directed), kappa"
"Mvk",-0.0611408967621623,0.5996,"5","mevalonate kinase"
"Zfp949",-0.0611339637285573,0.6368,"9","zinc finger protein 949"
"Ociad1",0.0610935004097364,0.4508,"5","OCIA domain containing 1"
"Tsc22d2",0.0610194652254332,0.518,"3","TSC22 domain family, member 2"
"Mr1",0.0610165185854967,0.7964,"1","major histocompatibility complex, class I-related"
"Med24",0.0610130293765225,0.6256,"11","mediator complex subunit 24"
"Hdac11",-0.0610082431848751,0.4548,"6","histone deacetylase 11"
"Yae1d1",-0.0609929711330341,0.6624,"13","Yae1 domain containing 1"
"Bcl7c",0.0609880746672973,0.7316,"7","B cell CLL/lymphoma 7C"
"Lpin1",-0.0609731356798546,0.4744,"12","lipin 1"
"Phkg1",0.060972422110658,0.6,"5","phosphorylase kinase gamma 1"
"Gps2",0.0609572846220408,0.548,"11","G protein pathway suppressor 2"
"Zfp14",0.0609553249748997,0.4968,"7","zinc finger protein 14"
"Ube2f",0.0609435221206951,0.5368,"1","ubiquitin-conjugating enzyme E2F (putative)"
"Hace1",0.0609294589658749,0.508,"10","HECT domain and ankyrin repeat containing, E3 ubiquitin protein ligase 1"
"Dpagt1",0.0609003160504513,0.4748,"9","dolichyl-phosphate N-acetylglucosaminephosphotransferase 1"
"Opa3",-0.0609002232952003,0.6672,"7","optic atrophy 3"
"Acot7",0.0608832675940469,0.702,"4","acyl-CoA thioesterase 7"
"Klf13",-0.0608610878035893,0.56,"7","Kruppel-like factor 13"
"Scg5",0.060853262033155,0.6016,"2","secretogranin V"
"Zswim4",-0.060841200037947,0.436,"8","zinc finger SWIM-type containing 4"
"Srrm4",0.0608124864430319,0.6484,"5","serine/arginine repetitive matrix 4"
"Prdx5",0.0608094991745709,0.6364,"19","peroxiredoxin 5"
"A630072M18Rik",0.0607494650034894,0.5864,"5","RIKEN cDNA A630072M18 gene"
"Unk",-0.0607473706992963,0.5804,"11","unkempt family zinc finger"
"Bod1l",-0.0607340629256532,0.6848,"5","biorientation of chromosomes in cell division 1-like"
"Ypel5",0.0606979363960978,0.4016,"17","yippee like 5"
"Hecw1",-0.0606957260250027,0.698,"13","HECT, C2 and WW domain containing E3 ubiquitin protein ligase 1"
"Prkg1",0.0606937452898966,0.732,"19","protein kinase, cGMP-dependent, type I"
"Gemin4",-0.0606889427751409,0.5804,"11","gem nuclear organelle associated protein 4"
"Cep290",0.0606713528754521,0.7908,"10","centrosomal protein 290"
"Cabp7",0.0606431051844893,0.6396,"11","calcium binding protein 7"
"P2rx6",-0.0606392969240015,0.6408,"16","purinergic receptor P2X, ligand-gated ion channel, 6"
"Spred2",-0.060619071472007,0.6624,"11","sprouty-related EVH1 domain containing 2"
"Ppa2",0.0606098252753347,0.424,"3","pyrophosphatase (inorganic) 2"
"Ly6h",0.060595851066231,0.6432,"15","lymphocyte antigen 6 complex, locus H"
"Gdi2",0.0605933946843225,0.4216,"13","guanosine diphosphate (GDP) dissociation inhibitor 2"
"Rnf40",0.0605215178264649,0.278,"7","ring finger protein 40"
"Lancl1",-0.0605172271945777,0.5552,"1","LanC (bacterial lantibiotic synthetase component C)-like 1"
"Brix1",0.0605150003791808,0.6704,"15","BRX1, biogenesis of ribosomes"
"Borcs6",0.0605037885068826,0.678,"11","BLOC-1 related complex subunit 6"
"Jakmip3",0.0604981138990635,0.6032,"7","janus kinase and microtubule interacting protein 3"
"Gdap2",0.0604855779482509,0.6148,"3","ganglioside-induced differentiation-associated-protein 2"
"Lig3",0.0604828013613359,0.6604,"11","ligase III, DNA, ATP-dependent"
"Sppl2a",0.0604758129397185,0.4684,"2","signal peptide peptidase like 2A"
"Zdhhc2",0.0604671044444647,0.7176,"8","zinc finger, DHHC domain containing 2"
"Stk38",0.0604532781887821,0.7504,"17","serine/threonine kinase 38"
"Bag2",-0.0604412380766117,0.7272,"1","BCL2-associated athanogene 2"
"Pex6",0.060429601848365,0.5716,"17","peroxisomal biogenesis factor 6"
"Tmem121",0.0604156981978119,0.6296,"12","transmembrane protein 121"
"Gcn1",0.0604105555782137,0.73,"5","GCN1 activator of EIF2AK4"
"Senp1",0.0604012320076781,0.6048,"15","SUMO1/sentrin specific peptidase 1"
"Bfar",0.0603966355343619,0.4768,"16","bifunctional apoptosis regulator"
"Bfar",0.0603966355343619,0.4768,"16","bifunctional apoptosis regulator"
"Slit2",-0.0603606799486354,0.8048,"5","slit guidance ligand 2"
"Sav1",0.0602454237931038,0.3208,"12","salvador family WW domain containing 1"
"E2f5",-0.0602433982911843,0.6292,"3","E2F transcription factor 5"
"Mrpl9",0.0602355579166103,0.4176,"3","mitochondrial ribosomal protein L9"
"Zfp120",-0.0602074700306319,0.5948,"2","zinc finger protein 120"
"Ccdc62",0.0601764305662111,0.8936,"5","coiled-coil domain containing 62"
"Gosr1",0.0601617189234016,0.124,"11","golgi SNAP receptor complex member 1"
"Pou6f1",0.0601390008477969,0.6484,"15","POU domain, class 6, transcription factor 1"
"Zranb1",0.0601227655173417,0.6092,"7","zinc finger, RAN-binding domain containing 1"
"Extl1",-0.0601107775235166,0.5996,"4","exostosin-like glycosyltransferase 1"
"Prr3",0.060107186336495,0.6512,"17","proline-rich polypeptide 3"
"Adam23",-0.0600835868574929,0.3164,"1","a disintegrin and metallopeptidase domain 23"
"Cggbp1",-0.0600698670431044,0.5108,"16","CGG triplet repeat binding protein 1"
"Rundc3b",-0.0600638038889523,0.796,"5","RUN domain containing 3B"
"Cd3eap",0.0600524057437362,0.5136,"7","CD3E antigen, epsilon polypeptide associated protein"
"Slc6a11",0.060029070858346,0.314,"6","solute carrier family 6 (neurotransmitter transporter, GABA), member 11"
"Arf6",-0.0600230997879114,0.5928,"12","ADP-ribosylation factor 6"
"Begain",0.0600015565494445,0.6516,"12","brain-enriched guanylate kinase-associated"
"Scap",-0.0600000284463595,0.4436,"9","SREBF chaperone"
"Pknox2",0.0599561971000311,0.2996,"9","Pbx/knotted 1 homeobox 2"
"Etnppl",0.0599451403373035,0.7976,"3","ethanolamine phosphate phospholyase"
"Ccdc134",0.0599154776410651,0.7304,"15","coiled-coil domain containing 134"
"Kat6b",0.0598811944500914,0.6944,"14","K(lysine) acetyltransferase 6B"
"Ccbe1",-0.0598536981459032,0.6476,"18","collagen and calcium binding EGF domains 1"
"Yme1l1",0.0598362731176358,0.5372,"2","YME1-like 1 (S. cerevisiae)"
"Auts2",0.0598249389857806,0.6912,"5","autism susceptibility candidate 2"
"Elmod3",0.0598243031606165,0.6448,"6","ELMO/CED-12 domain containing 3"
"Glo1",0.0598052557126261,0.5608,"17","glyoxalase 1"
"Eef1g",0.0598039509525234,0.5696,"19","eukaryotic translation elongation factor 1 gamma"
"Insig2",0.0598012060401851,0.33,"1","insulin induced gene 2"
"Pex2",0.0597828486717233,0.596,"3","peroxisomal biogenesis factor 2"
"Slc38a9",0.0597644924207295,0.6532,"13","solute carrier family 38, member 9"
"Ddx23",0.0597090228456496,0.3748,"15","DEAD box helicase 23"
"Ubiad1",0.059701215544687,0.5208,"4","UbiA prenyltransferase domain containing 1"
"Dnajc7",0.0596962798699252,0.116,"11","DnaJ heat shock protein family (Hsp40) member C7"
"Kcnj4",0.0596402884496374,0.8016,"15","potassium inwardly-rectifying channel, subfamily J, member 4"
"Selenof",0.0596299569429952,0.5464,"3","selenoprotein F"
"Enpp4",-0.0596271709664755,0.7624,"17","ectonucleotide pyrophosphatase/phosphodiesterase 4"
"Rbbp4",0.0595735272937947,0.4892,"4","retinoblastoma binding protein 4, chromatin remodeling factor"
"Brinp3",-0.0595635290043184,0.6968,"1","bone morphogenetic protein/retinoic acid inducible neural specific 3"
"Dse",-0.0595467255208191,0.624,"10","dermatan sulfate epimerase"
"Npnt",0.0595144436708006,0.2392,"3","nephronectin"
"Cep128",0.0595135710282437,0.6884,"12","centrosomal protein 128"
"Atl2",0.0595129671671009,0.2356,"17","atlastin GTPase 2"
"Rbbp9",-0.0595052270651903,0.4152,"2","retinoblastoma binding protein 9, serine hydrolase"
"Slc35a1",0.0594954340322191,0.5764,"4","solute carrier family 35 (CMP-sialic acid transporter), member 1"
"Pde4dip",-0.059486247740721,0.5376,"3","phosphodiesterase 4D interacting protein (myomegalin)"
"Surf1",0.0594780657326064,0.4832,"2","surfeit gene 1"
"Cwc15",0.0594528413497644,0.5816,"9","CWC15 spliceosome-associated protein"
"Wdr26",0.0594167619006711,0.4512,"1","WD repeat domain 26"
"Supt7l",0.0594088238705286,0.426,"5","SPT7-like, STAGA complex gamma subunit"
"Tmem43",-0.0594057361115308,0.5724,"6","transmembrane protein 43"
"Daxx",0.0593979019726669,0.5952,"17","Fas death domain-associated protein"
"Mmachc",-0.0593420233794606,0.664,"4","methylmalonic aciduria cblC type, with homocystinuria"
"Coro1b",0.0593367729485745,0.556,"19","coronin, actin binding protein 1B"
"Acap2",0.0593295431281193,0.7444,"16","ArfGAP with coiled-coil, ankyrin repeat and PH domains 2"
"Rtl6",-0.0593282273655218,0.4116,"15","retrotransposon Gag like 6"
"Ccdc115",0.0593105207396558,0.6196,"1","coiled-coil domain containing 115"
"Abca8a",-0.0592900025409735,0.78,"11","ATP-binding cassette, sub-family A (ABC1), member 8a"
"Cdadc1",0.0592875821545311,0.2808,"14","cytidine and dCMP deaminase domain containing 1"
"Dedd2",-0.0592790658390978,0.7628,"7","death effector domain-containing DNA binding protein 2"
"Pmvk",-0.0592553825966267,0.6324,"3","phosphomevalonate kinase"
"Eif3m",0.0592494405113575,0.4876,"2","eukaryotic translation initiation factor 3, subunit M"
"Them6",0.059243575857546,0.7328,"15","thioesterase superfamily member 6"
"Rcor1",0.0592412088821348,0.6116,"12","REST corepressor 1"
"Chpt1",-0.0591804241834089,0.6156,"10","choline phosphotransferase 1"
"Nr1h2",-0.0591688771640877,0.6804,"7","nuclear receptor subfamily 1, group H, member 2"
"Mapkapk5",0.0591572389620776,0.4708,"5","MAP kinase-activated protein kinase 5"
"Tm9sf2",-0.0591468622512057,0.5908,"14","transmembrane 9 superfamily member 2"
"Plekha8",0.0591406548886813,0.686,"6","pleckstrin homology domain containing, family A (phosphoinositide binding specific) member 8"
"Ip6k2",0.0591347716837536,0.552,"9","inositol hexaphosphate kinase 2"
"Dhx40",0.0591339326867146,0.3556,"11","DEAH (Asp-Glu-Ala-His) box polypeptide 40"
"Sec24c",-0.0591302890493193,0.4836,"14","Sec24 related gene family, member C (S. cerevisiae)"
"Mrps17",0.0591218053942937,0.5052,"5","mitochondrial ribosomal protein S17"
"Zfp516",0.059095276679761,0.6868,"18","zinc finger protein 516"
"Pcdhb3",0.0590933944116032,0.5524,"18","protocadherin beta 3"
"Hdac4",-0.0590760478569843,0.3816,"1","histone deacetylase 4"
"Inpp4b",-0.0590685034561811,0.67,"8","inositol polyphosphate-4-phosphatase, type II"
"Tmem185a",-0.0590469471329564,0.58,"X","transmembrane protein 185A"
"Pros1",-0.0590403063529368,0.7112,"16","protein S (alpha)"
"Tcea1",0.0590358370322832,0.5912,"1","transcription elongation factor A (SII) 1"
"Slc29a2",0.0590344023430416,0.7028,"19","solute carrier family 29 (nucleoside transporters), member 2"
"Armc5",-0.0590318591075949,0.7052,"7","armadillo repeat containing 5"
"Ncaph2",0.059010252010733,0.338,"15","non-SMC condensin II complex, subunit H2"
"Srr",0.0590088622738145,0.4964,"11","serine racemase"
"Cop1",0.0589673592345159,0.2716,"1","COP1, E3 ubiquitin ligase"
"Rbm14",-0.0589636426377762,0.2824,"19","RNA binding motif protein 14"
"Cct7",0.0589548473775352,0.6264,"6","chaperonin containing Tcp1, subunit 7 (eta)"
"Commd2",-0.0589435815891819,0.4428,"3","COMM domain containing 2"
"Efcc1",-0.0589388839765959,0.648,"6","EF hand and coiled-coil domain containing 1"
"Tcf4",0.058898453020646,0.5556,"18","transcription factor 4"
"Frmd4b",0.0588868869090238,0.4096,"6","FERM domain containing 4B"
"Mrpl49",0.0588762427079814,0.6236,"19","mitochondrial ribosomal protein L49"
"Ykt6",-0.0588722867760278,0.416,"11","YKT6 v-SNARE homolog (S. cerevisiae)"
"Rabep2",0.058863210555383,0.6948,"7","rabaptin, RAB GTPase binding effector protein 2"
"Apbb1",-0.0588563219265055,0.6348,"7","amyloid beta (A4) precursor protein-binding, family B, member 1"
"Atrn",-0.0588368418233909,0.4632,"2","attractin"
"Atg2a",0.0588071086932551,0.6832,"19","autophagy related 2A"
"Lamc1",-0.0587937475429046,0.3,"1","laminin, gamma 1"
"Pcdh20",0.0587919599072695,0.6544,"14","protocadherin 20"
"Otud7a",-0.0587857211272604,0.4984,"7","OTU domain containing 7A"
"Mad1l1",0.0587771814894706,0.7376,"5","MAD1 mitotic arrest deficient 1-like 1"
"Clybl",0.0587549227030042,0.554,"14","citrate lyase beta like"
"Epop",0.0587316327417637,0.7756,"11","elongin BC and polycomb repressive complex 2 associated protein"
"Rnf121",-0.0587249057021086,0.4816,"7","ring finger protein 121"
"Pdcd5",0.058709431494707,0.6148,"7","programmed cell death 5"
"Samm50",0.0586984471434642,0.3644,"15","SAMM50 sorting and assembly machinery component"
"Ttc3",0.0586983747200875,0.5652,"16","tetratricopeptide repeat domain 3"
"Dennd5a",0.0586849291879386,0.5132,"7","DENN/MADD domain containing 5A"
"Klhl12",-0.0586847212537158,0.322,"1","kelch-like 12"
"Osbpl2",-0.0586677170566361,0.4328,"2","oxysterol binding protein-like 2"
"Umad1",0.0586666797770592,0.4604,"6","UMAP1-MVP12 associated (UMA) domain containing 1"
"Slc20a1",0.0586531003422266,0.6256,"2","solute carrier family 20, member 1"
"Pik3c2b",0.0586358777066955,0.7576,"1","phosphatidylinositol-4-phosphate 3-kinase catalytic subunit type 2 beta"
"Thoc5",0.0586243138632616,0.356,"11","THO complex 5"
"Plekhm1",0.0586145458026444,0.6084,"11","pleckstrin homology domain containing, family M (with RUN domain) member 1"
"Atp5o",0.0585160990285738,0.6856,"16","ATP synthase, H+ transporting, mitochondrial F1 complex, O subunit"
"Btg1",0.0585150014774225,0.6744,"10","BTG anti-proliferation factor 1"
"Azin1",-0.0584820221131448,0.6732,"15","antizyme inhibitor 1"
"Vars",0.058478752795736,0.6132,"17","valyl-tRNA synthetase"
"Rpl10a",0.0584723467365125,0.6724,"17","ribosomal protein L10A"
"Grb2",0.0584638654335459,0.57,"11","growth factor receptor bound protein 2"
"Pkdcc",-0.0584625557005105,0.758,"17","protein kinase domain containing, cytoplasmic"
"Ndrg1",-0.0584624195252292,0.7996,"15","N-myc downstream regulated gene 1"
"Clmn",-0.0584503705799735,0.5912,"12","calmin"
"Syap1",0.0584283490895521,0.3388,"X","synapse associated protein 1"
"Cox7b",0.0583977195226533,0.616,"X","cytochrome c oxidase subunit 7B"
"Aimp2",0.0583895186737386,0.6164,"5","aminoacyl tRNA synthetase complex-interacting multifunctional protein 2"
"Apln",0.0583592669001503,0.5984,"X","apelin"
"Ahcyl1",0.0583524642811266,0.2136,"3","S-adenosylhomocysteine hydrolase-like 1"
"Ubr1",-0.0583482688439503,0.712,"2","ubiquitin protein ligase E3 component n-recognin 1"
"Cic",-0.0583428351358606,0.552,"7","capicua transcriptional repressor"
"P4hb",-0.0583068335431607,0.598,"11","prolyl 4-hydroxylase, beta polypeptide"
"Adrb1",0.0582876289054162,0.56,"19","adrenergic receptor, beta 1"
"Nucb1",-0.0582811212231968,0.5188,"7","nucleobindin 1"
"Cgrrf1",-0.058272459599678,0.4476,"14","cell growth regulator with ring finger domain 1"
"Gm973",0.0582688597551457,0.7036,"1","predicted gene 973"
"Ubfd1",0.0582550328622604,0.684,"7","ubiquitin family domain containing 1"
"Nnat",-0.0582481969734934,0.7496,"2","neuronatin"
"Ctps",-0.0582359579044676,0.4216,"4","cytidine 5'-triphosphate synthase"
"Nfyb",0.0582192374877755,0.6024,"10","nuclear transcription factor-Y beta"
"Brd8",0.0582166199594436,0.6324,"18","bromodomain containing 8"
"Bicral",0.0582162073407275,0.6968,"17","BRD4 interacting chromatin remodeling complex associated protein like"
"Jam2",0.0582117641067192,0.5196,"16","junction adhesion molecule 2"
"Lrp1",-0.0581893706536132,0.7108,"10","low density lipoprotein receptor-related protein 1"
"Snw1",0.0581888955890957,0.3128,"12","SNW domain containing 1"
"Lrp6",-0.0581821783206324,0.6072,"6","low density lipoprotein receptor-related protein 6"
"Pars2",0.0581697985846836,0.7052,"4","prolyl-tRNA synthetase (mitochondrial)(putative)"
"Pik3r3",-0.0581382233066048,0.4952,"4","phosphoinositide-3-kinase regulatory subunit 3"
"Lmo1",0.0581279681122524,0.742,"7","LIM domain only 1"
"Zc3h6",-0.0581214618040109,0.6984,"2","zinc finger CCCH type containing 6"
"Ptcd2",0.0581129726147784,0.5072,"13","pentatricopeptide repeat domain 2"
"Ltbp3",-0.0580797272688107,0.81,"19","latent transforming growth factor beta binding protein 3"
"Caprin1",-0.0580668772256638,0.6568,"2","cell cycle associated protein 1"
"6030458C11Rik",-0.0580541209523782,0.4696,"15","RIKEN cDNA 6030458C11 gene"
"Mesd",0.0580469357975968,0.4424,"7","mesoderm development LRP chaperone"
"Ank2",-0.0580450933455054,0.5008,"3","ankyrin 2, brain"
"9530068E07Rik",-0.0580432163636457,0.4676,"11","RIKEN cDNA 9530068E07 gene"
"Tmc7",0.0580419720192102,0.5488,"7","transmembrane channel-like gene family 7"
"Aco1",-0.0580404318159378,0.2448,"4","aconitase 1"
"Syf2",0.0580289673531738,0.4864,"4","SYF2 homolog, RNA splicing factor (S. cerevisiae)"
"Sertad4",0.058020110556317,0.6228,"1","SERTA domain containing 4"
"Zfp442",0.0580198632997582,0.7564,"2","zinc finger protein 442"
"Dbndd1",-0.057987708656102,0.5308,"8","dysbindin (dystrobrevin binding protein 1) domain containing 1"
"Plpp6",-0.0579620194303585,0.4984,"19","phospholipid phosphatase 6"
"Tesk1",0.0579301033891619,0.538,"4","testis specific protein kinase 1"
"Trmt10a",0.05792845585434,0.4288,"3","tRNA methyltransferase 10A"
"Cadm4",-0.057919571784053,0.7172,"7","cell adhesion molecule 4"
"Nlk",0.0579125536190492,0.5808,"11","nemo like kinase"
"Ankrd11",-0.0578937040642975,0.6872,"8","ankyrin repeat domain 11"
"Tesc",0.0578826692471388,0.726,"5","tescalcin"
"Sac3d1",-0.057880880401632,0.784,"19","SAC3 domain containing 1"
"Dlec1",0.0578704045124914,0.9476,"9","deleted in lung and esophageal cancer 1"
"Emg1",0.0578494353525079,0.4232,"6","EMG1 N1-specific pseudouridine methyltransferase"
"Scn3a",0.0578310653933878,0.7296,"2","sodium channel, voltage-gated, type III, alpha"
"Akap11",-0.0578248632969194,0.6936,"14","A kinase (PRKA) anchor protein 11"
"Drd1",0.0578226983976453,0.752,"13","dopamine receptor D1"
"Txndc5",-0.0578152677114616,0.5476,"13","thioredoxin domain containing 5"
"Psap",-0.057797410992924,0.5536,"10","prosaposin"
"Hectd2",0.0577925709143381,0.7968,"19","HECT domain E3 ubiquitin protein ligase 2"
"Ryr3",0.0577611607516726,0.8584,"2","ryanodine receptor 3"
"Napb",-0.0577525074606093,0.6984,"2","N-ethylmaleimide sensitive fusion protein attachment protein beta"
"Tekt5",-0.0577236645798389,0.9188,"16","tektin 5"
"Gpcpd1",0.0577155842178714,0.7088,"2","glycerophosphocholine phosphodiesterase 1"
"Dpf1",0.0577136971532317,0.6772,"7","double PHD fingers 1"
"Endov",-0.0576922881946462,0.6032,"11","endonuclease V"
"Ric8b",0.0576830821938197,0.5524,"10","RIC8 guanine nucleotide exchange factor B"
"Ccdc181",0.0576822559083574,0.42,"1","coiled-coil domain containing 181"
"Parvg",0.057677262747037,0.8072,"15","parvin, gamma"
"Zranb2",0.0576553586107975,0.6964,"3","zinc finger, RAN-binding domain containing 2"
"Ripk1",-0.0576540905729792,0.7056,"13","receptor (TNFRSF)-interacting serine-threonine kinase 1"
"Pwwp3a",0.0576416624266285,0.6356,"10","PWWP domain containing 3A, DNA repair factor"
"Xndc1",-0.0576355365242707,0.616,"7","Xrcc1 N-terminal domain containing 1"
"Tmcc1",0.0576086385718213,0.2808,"6","transmembrane and coiled coil domains 1"
"Pdcd11",0.0575999185556384,0.7284,"19","programmed cell death 11"
"Mindy2",0.0575630488363865,0.3544,"9","MINDY lysine 48 deubiquitinase 2"
"Urgcp",-0.0575383808801337,0.4516,"11","upregulator of cell proliferation"
"Usp48",0.0575302370198436,0.7604,"4","ubiquitin specific peptidase 48"
"Cpsf3",0.0575084010733491,0.1208,"12","cleavage and polyadenylation specificity factor 3"
"Selenoi",-0.0575042762412821,0.4844,"5","selenoprotein I"
"Enoph1",0.0575029379584677,0.644,"5","enolase-phosphatase 1"
"Rasd2",0.0574896711441202,0.6348,"8","RASD family, member 2"
"H3f3b",0.05747959220776,0.5012,"11","H3.3 histone B"
"Psmb2",0.0574790759528518,0.6252,"4","proteasome (prosome, macropain) subunit, beta type 2"
"Clip2",-0.0574707224052657,0.342,"5","CAP-GLY domain containing linker protein 2"
"Naa20",0.057446656026479,0.45,"2","N(alpha)-acetyltransferase 20, NatB catalytic subunit"
"Rab7",0.0574430224368587,0.5004,"6","RAB7, member RAS oncogene family"
"Ythdf1",0.0574248149685728,0.5064,"2","YTH N6-methyladenosine RNA binding protein 1"
"Cacng2",-0.0573983040688288,0.5004,"15","calcium channel, voltage-dependent, gamma subunit 2"
"Zfp267",0.0573915275216761,0.4328,"3","zinc finger protein 267"
"Plat",-0.0573787258200564,0.5156,"8","plasminogen activator, tissue"
"Lenep",0.0573554410222248,0.7496,"3","lens epithelial protein"
"Klhl33",0.0573482537472785,0.8448,"14","kelch-like 33"
"Mcoln1",0.0573474530906148,0.4984,"8","mucolipin 1"
"Fbxo30",-0.0573248259010626,0.5756,"10","F-box protein 30"
"Ppox",0.0573116907941644,0.8212,"1","protoporphyrinogen oxidase"
"Smad1",0.0572963439141478,0.5948,"8","SMAD family member 1"
"Sh3tc2",-0.0572956580290227,0.8316,"18","SH3 domain and tetratricopeptide repeats 2"
"Atp1a1",-0.0572631806560189,0.386,"3","ATPase, Na+/K+ transporting, alpha 1 polypeptide"
"Adcy9",-0.0572496693087698,0.3776,"16","adenylate cyclase 9"
"Mettl6",-0.0572490720417074,0.5084,"14","methyltransferase like 6"
"H2bc4",0.0572444571521382,0.6704,"13","H2B clustered histone 4"
"Aamdc",-0.0572381365678565,0.6,"7","adipogenesis associated Mth938 domain containing"
"Glis2",0.0572230756312937,0.752,"16","GLIS family zinc finger 2"
"Ctnna1",-0.0572091934941117,0.5976,"18","catenin (cadherin associated protein), alpha 1"
"Ube2z",-0.0572020684173005,0.514,"11","ubiquitin-conjugating enzyme E2Z"
"Gng2",0.0571996777855759,0.6032,"14","guanine nucleotide binding protein (G protein), gamma 2"
"Wsb2",0.0571742185833566,0.57,"5","WD repeat and SOCS box-containing 2"
"Parp6",0.0571359819876989,0.4568,"9","poly (ADP-ribose) polymerase family, member 6"
"Sox9",-0.0571154123719833,0.5492,"11","SRY (sex determining region Y)-box 9"
"Aldh18a1",-0.0571022848345448,0.4864,"19","aldehyde dehydrogenase 18 family, member A1"
"Dnaja3",-0.0570999858030286,0.4888,"16","DnaJ heat shock protein family (Hsp40) member A3"
"Mysm1",0.0570937103292515,0.7668,"4","myb-like, SWIRM and MPN domains 1"
"Phactr4",-0.0570855966426258,0.6904,"4","phosphatase and actin regulator 4"
"Tmem129",0.0570846036592823,0.4068,"5","transmembrane protein 129"
"Vamp1",0.0570839133835044,0.4556,"6","vesicle-associated membrane protein 1"
"Vamp1",0.0570839133835044,0.4556,"6","vesicle-associated membrane protein 1"
"Sdhaf1",0.0570817795822762,0.754,"7","succinate dehydrogenase complex assembly factor 1"
"Mgat3",-0.0570811253110159,0.5708,"15","mannoside acetylglucosaminyltransferase 3"
"Pex19",-0.0570714120131068,0.554,"1","peroxisomal biogenesis factor 19"
"Txnrd2",-0.0570712670664908,0.7768,"16","thioredoxin reductase 2"
"Aox1",0.0570579947851191,0.8504,"1","aldehyde oxidase 1"
"Snph",0.0570530795949473,0.5844,"2","syntaphilin"
"Ajm1",0.057045103683512,0.7004,"2","apical junction component 1"
"Gabrr2",0.057025637875685,0.8804,"4","gamma-aminobutyric acid (GABA) C receptor, subunit rho 2"
"Fam118a",-0.0570231974419437,0.2528,"15","family with sequence similarity 118, member A"
"Lmnb1",-0.0570201100486845,0.5576,"18","lamin B1"
"Maged1",0.0570091579320042,0.2676,"X","MAGE family member D1"
"Tppp3",0.0569932790011247,0.8416,"8","tubulin polymerization-promoting protein family member 3"
"Tbc1d22a",0.056991411139971,0.5896,"15","TBC1 domain family, member 22a"
"Cdk5rap2",-0.0569899781489784,0.7072,"4","CDK5 regulatory subunit associated protein 2"
"Ublcp1",0.0569759798451708,0.4884,"11","ubiquitin-like domain containing CTD phosphatase 1"
"Oat",0.056959817007975,0.6076,"7","ornithine aminotransferase"
"Ptbp3",0.056954462498763,0.6776,"4","polypyrimidine tract binding protein 3"
"Trpm4",-0.0569359353438839,0.6204,"7","transient receptor potential cation channel, subfamily M, member 4"
"Cgn",-0.0569155228870932,0.8804,"3","cingulin"
"St13",-0.0569144897455702,0.7264,"15","suppression of tumorigenicity 13"
"Cyb5b",-0.0569094257713294,0.5068,"8","cytochrome b5 type B"
"Cnih3",0.0569072132730311,0.7312,"1","cornichon family AMPA receptor auxiliary protein 3"
"Grk4",0.0568927338749896,0.8088,"5","G protein-coupled receptor kinase 4"
"Smc5",0.0568788405503247,0.7556,"19","structural maintenance of chromosomes 5"
"Hax1",0.0568731661341761,0.5568,"3","HCLS1 associated X-1"
"Pax6",-0.0568624343464523,0.716,"2","paired box 6"
"Dusp10",-0.0567983250073358,0.7064,"1","dual specificity phosphatase 10"
"Spata7",-0.0567975846618958,0.5472,"12","spermatogenesis associated 7"
"Zc3h8",-0.056775666920049,0.7428,"2","zinc finger CCCH type containing 8"
"Phactr3",0.0567525696876974,0.534,"2","phosphatase and actin regulator 3"
"Aacs",-0.0567307677326285,0.5848,"5","acetoacetyl-CoA synthetase"
"Ano3",0.0567274855865403,0.6864,"2","anoctamin 3"
"Tbcel",-0.056723133473632,0.3284,"9","tubulin folding cofactor E-like"
"Mycbp2",0.0567198747266318,0.7448,"14","MYC binding protein 2, E3 ubiquitin protein ligase"
"Hmg20b",0.0567187998696665,0.6048,"10","high mobility group 20B"
"Chn2",-0.0567184089003501,0.736,"6","chimerin 2"
"Pcyox1",-0.0567153127729521,0.5928,"6","prenylcysteine oxidase 1"
"Dram2",0.0566931367186383,0.4844,"3","DNA-damage regulated autophagy modulator 2"
"Col7a1",-0.0566804068307949,0.8964,"9","collagen, type VII, alpha 1"
"Kndc1",-0.0566738268799494,0.5728,"7","kinase non-catalytic C-lobe domain (KIND) containing 1"
"Sqle",0.0566361789806313,0.5456,"15","squalene epoxidase"
"Slc25a13",-0.0566191283341948,0.8688,"6","solute carrier family 25 (mitochondrial carrier, adenine nucleotide translocator), member 13"
"Gm11696",0.056602248430248,0.6716,"11","predicted gene 11696"
"Arf4",0.0565655336439743,0.5032,"14","ADP-ribosylation factor 4"
"Tor1aip1",-0.0565647679623282,0.3284,"1","torsin A interacting protein 1"
"Jtb",-0.0565561416754088,0.3892,"3","jumping translocation breakpoint"
"Sf3a1",-0.0565534260082794,0.3484,"11","splicing factor 3a, subunit 1"
"Cfap44",0.0565497332213245,0.918,"16","cilia and flagella associated protein 44"
"Smg6",-0.0565494952683929,0.636,"11","SMG6 nonsense mediated mRNA decay factor"
"Gpr68",0.0565449696818519,0.5132,"12","G protein-coupled receptor 68"
"Plin3",-0.0565396894420322,0.7752,"17","perilipin 3"
"Rgs6",-0.0565298097536369,0.5036,"12","regulator of G-protein signaling 6"
"Micos10",0.056521829394125,0.5684,"4","mitochondrial contact site and cristae organizing system subunit 10"
"Neurl1b",0.0565125448614037,0.588,"17","neuralized E3 ubiquitin protein ligase 1B"
"Glyr1",-0.0564968166073117,0.2996,"16","glyoxylate reductase 1 homolog (Arabidopsis)"
"Ablim2",0.0564929214460888,0.3784,"5","actin-binding LIM protein 2"
"Apex1",0.0564917535829963,0.6952,"14","apurinic/apyrimidinic endonuclease 1"
"Esf1",0.0564450685462736,0.5268,"2","ESF1 nucleolar pre-rRNA processing protein homolog"
"Ado",-0.056426655137086,0.6432,"10","2-aminoethanethiol (cysteamine) dioxygenase"
"Ccdc157",-0.05641688913488,0.7612,"11","coiled-coil domain containing 157"
"Dclk3",0.0564099720806386,0.6384,"9","doublecortin-like kinase 3"
"Gpr173",0.0564018186942405,0.532,"X","G-protein coupled receptor 173"
"Plaa",0.0563949728275333,0.4912,"4","phospholipase A2, activating protein"
"Usp25",-0.0563684115541507,0.6408,"16","ubiquitin specific peptidase 25"
"Npy2r",-0.0563672608016272,0.67,"3","neuropeptide Y receptor Y2"
"Tmem144",0.0563579198573958,0.5884,"3","transmembrane protein 144"
"Aoc2",0.0563326931638262,0.87,"11","amine oxidase, copper containing 2 (retina-specific)"
"Ezr",0.0563306323718065,0.5476,"17","ezrin"
"Dpp9",0.056315148514706,0.4228,"17","dipeptidylpeptidase 9"
"Jmjd8",-0.0563063129656927,0.304,"17","jumonji domain containing 8"
"Timm23",0.0562960123307334,0.6176,"14","translocase of inner mitochondrial membrane 23"
"Lclat1",-0.056291755260645,0.4948,"17","lysocardiolipin acyltransferase 1"
"Zfp668",0.0562776361075521,0.348,"7","zinc finger protein 668"
"Sgsm1",0.0562606787314079,0.6736,"5","small G protein signaling modulator 1"
"Ccnk",0.0562385372634449,0.5308,"12","cyclin K"
"Dync1li2",-0.0562339826705704,0.4612,"8","dynein, cytoplasmic 1 light intermediate chain 2"
"Pip4k2a",-0.0562243187959544,0.6896,"2","phosphatidylinositol-5-phosphate 4-kinase, type II, alpha"
"Ssbp1",0.056196768450798,0.4944,"6","single-stranded DNA binding protein 1"
"Ncl",0.0561887807655648,0.412,"1","nucleolin"
"Lmo2",-0.0561777741759411,0.5756,"2","LIM domain only 2"
"St3gal6",-0.056177340974755,0.8228,"16","ST3 beta-galactoside alpha-2,3-sialyltransferase 6"
"Dcaf10",-0.0561594101088634,0.5624,"4","DDB1 and CUL4 associated factor 10"
"Rapgef2",-0.0561484261086438,0.6164,"3","Rap guanine nucleotide exchange factor (GEF) 2"
"Prkd1",0.0561426116524548,0.1916,"12","protein kinase D1"
"Ankfy1",-0.0561373333466761,0.4832,"11","ankyrin repeat and FYVE domain containing 1"
"Khsrp",0.0561334454288964,0.6052,"17","KH-type splicing regulatory protein"
"Trmt1l",0.0561025002697191,0.5256,"1","tRNA methyltransferase 1 like"
"Ccdc88b",-0.0560935146847199,0.744,"19","coiled-coil domain containing 88B"
"Mical3",-0.0560881093317596,0.6892,"6","microtubule associated monooxygenase, calponin and LIM domain containing 3"
"Tm2d1",0.0560547740833832,0.6744,"4","TM2 domain containing 1"
"H1f0",-0.0560539806867126,0.5664,"15","H1.0 linker histone"
"Lcor",0.0560047105126076,0.8068,"19","ligand dependent nuclear receptor corepressor"
"Ywhae",0.0559998433686317,0.5892,"11","tyrosine 3-monooxygenase/tryptophan 5-monooxygenase activation protein, epsilon polypeptide"
"Tmed7",0.055995888313511,0.5864,"18","transmembrane p24 trafficking protein 7"
"Npat",-0.0559815442862961,0.5828,"9","nuclear protein in the AT region"
"Ptgds",-0.0559746974148858,0.9012,"2","prostaglandin D2 synthase (brain)"
"Mta2",0.0559655096519203,0.514,"19","metastasis-associated gene family, member 2"
"Stard3nl",0.0559584258825794,0.6604,"13","STARD3 N-terminal like"
"Gm1976",-0.055953024124507,0.7628,"17","predicted gene 1976"
"B230354K17Rik",-0.0559367416599339,0.5464,"17","RIKEN cDNA B230354K17 gene"
"Smyd4",-0.0559194861806178,0.5376,"11","SET and MYND domain containing 4"
"Rnf128",0.0559127408939659,0.6372,"X","ring finger protein 128"
"Fan1",-0.0559070153914423,0.6296,"7","FANCD2/FANCI-associated nuclease 1"
"Mia2",-0.0559061022750988,0.4936,"12","MIA SH3 domain ER export factor 2"
"Abat",-0.0558406116402637,0.2696,"16","4-aminobutyrate aminotransferase"
"Zfp715",0.0558081076786783,0.668,"7","zinc finger protein 715"
"Ppp1r15b",-0.0557720087181037,0.486,"1","protein phosphatase 1, regulatory subunit 15B"
"Serpinb6a",0.0557708489291713,0.6488,"13","serine (or cysteine) peptidase inhibitor, clade B, member 6a"
"Crb2",-0.0557704356075943,0.8536,"2","crumbs family member 2"
"Galns",0.0557664213211662,0.704,"8","galactosamine (N-acetyl)-6-sulfate sulfatase"
"Atxn7",0.0557595858115034,0.8016,"14","ataxin 7"
"Ndnf",0.0557541171260398,0.7512,"6","neuron-derived neurotrophic factor"
"Zfp462",-0.0557538298012235,0.7736,"4","zinc finger protein 462"
"Kcnv1",-0.0557477566700539,0.6972,"15","potassium channel, subfamily V, member 1"
"Lnpk",-0.0557021657407546,0.58,"2","lunapark, ER junction formation factor"
"Gpr3",-0.0557017893323026,0.7736,"4","G-protein coupled receptor 3"
"Dusp15",0.055698494712705,0.7068,"2","dual specificity phosphatase-like 15"
"Zfp626",0.0556948867171068,0.82,"7","zinc finger protein 626"
"Gnb1",0.0556910228973777,0.4816,"4","guanine nucleotide binding protein (G protein), beta 1"
"Gde1",0.0556758841855771,0.6224,"7","glycerophosphodiester phosphodiesterase 1"
"Phf5a",0.0556544041072549,0.6692,"15","PHD finger protein 5A"
"Zdhhc1",0.0556518387909151,0.738,"8","zinc finger, DHHC domain containing 1"
"Plk3",-0.0556400604693836,0.7632,"4","polo like kinase 3"
"Tmem59",0.0556385642841413,0.6352,"4","transmembrane protein 59"
"Speg",0.0556377216438539,0.722,"1","SPEG complex locus"
"Itgb1bp1",0.0556282429310002,0.6056,"12","integrin beta 1 binding protein 1"
"Itgb1bp1",0.0556282429310002,0.6056,"12","integrin beta 1 binding protein 1"
"Tfdp2",-0.0556013336768402,0.4848,"9","transcription factor Dp 2"
"Cybc1",0.0555974698124508,0.4788,"11","cytochrome b 245 chaperone 1"
"Sap18",0.0555734766288669,0.576,"14","Sin3-associated polypeptide 18"
"C1ql2",0.0555604073061309,0.7108,"1","complement component 1, q subcomponent-like 2"
"Pef1",0.0555547088052055,0.7128,"4","penta-EF hand domain containing 1"
"Sec24b",0.0555307161312948,0.638,"3","Sec24 related gene family, member B (S. cerevisiae)"
"Rgs8",-0.0555230466291325,0.554,"1","regulator of G-protein signaling 8"
"Egln1",0.0555228368397014,0.5704,"8","egl-9 family hypoxia-inducible factor 1"
"Tmem201",0.0555185608504383,0.6276,"4","transmembrane protein 201"
"Ppp2r2d",0.0554881329524894,0.5148,"7","protein phosphatase 2, regulatory subunit B, delta"
"Rrp7a",-0.0554653918182577,0.562,"15","ribosomal RNA processing 7 homolog A"
"Tmub2",0.0554587527016217,0.374,"11","transmembrane and ubiquitin-like domain containing 2"
"Triobp",0.0554552205753125,0.5992,"15","TRIO and F-actin binding protein"
"2510009E07Rik",-0.0554493470667028,0.44,"16","RIKEN cDNA 2510009E07 gene"
"A930004D18Rik",0.0554328369845942,0.6584,"2","RIKEN cDNA A930004D18 gene"
"Nrip3",-0.0554002483673903,0.7352,"7","nuclear receptor interacting protein 3"
"Exoc3",-0.055384886628282,0.4112,"13","exocyst complex component 3"
"Klhl29",0.0553736167982883,0.546,"12","kelch-like 29"
"L2hgdh",0.0553655586410531,0.4748,"12","L-2-hydroxyglutarate dehydrogenase"
"Ric8a",0.0553372925555644,0.4516,"7","RIC8 guanine nucleotide exchange factor A"
"Scaf4",0.0553268793207273,0.7872,"16","SR-related CTD-associated factor 4"
"Dtx1",0.055326371051998,0.5684,"5","deltex 1, E3 ubiquitin ligase"
"Nup54",-0.0553259037644183,0.7564,"5","nucleoporin 54"
"Nr6a1",0.0553220166274371,0.7256,"2","nuclear receptor subfamily 6, group A, member 1"
"Tmem87b",0.0553191522520144,0.5604,"2","transmembrane protein 87B"
"Arhgef28",-0.0553057652296385,0.1028,"13","Rho guanine nucleotide exchange factor (GEF) 28"
"Enkur",-0.0553007840109792,0.8556,"2","enkurin, TRPC channel interacting protein"
"Lrig3",-0.055294103608639,0.8416,"10","leucine-rich repeats and immunoglobulin-like domains 3"
"Kcnk10",-0.0552854942247043,0.7648,"12","potassium channel, subfamily K, member 10"
"Serbp1",0.0552767665826357,0.598,"6","serpine1 mRNA binding protein 1"
"Ube2n",0.0552720324425193,0.498,"10","ubiquitin-conjugating enzyme E2N"
"2310011J03Rik",0.0552618968780427,0.7528,"10","RIKEN cDNA 2310011J03 gene"
"Mrps24",0.0552458463046532,0.7504,"11","mitochondrial ribosomal protein S24"
"Proz",0.0552447421157813,0.7016,"8","protein Z, vitamin K-dependent plasma glycoprotein"
"Pcsk2",-0.0552262249737367,0.642,"2","proprotein convertase subtilisin/kexin type 2"
"Selenoo",0.055205830378708,0.5264,"15","selenoprotein O"
"Tspan31",0.0551957836318104,0.636,"10","tetraspanin 31"
"Rgs9",0.0551764860322859,0.8044,"11","regulator of G-protein signaling 9"
"Aldh6a1",0.0551752768818323,0.2532,"12","aldehyde dehydrogenase family 6, subfamily A1"
"Shtn1",0.0551740458921675,0.7584,"19","shootin 1"
"Tmem120a",-0.0551739762293142,0.5888,"5","transmembrane protein 120A"
"Stat2",0.0551640234683548,0.7076,"10","signal transducer and activator of transcription 2"
"St6galnac6",-0.0551522999579923,0.5496,"2","ST6 (alpha-N-acetyl-neuraminyl-2,3-beta-galactosyl-1,3)-N-acetylgalactosaminide alpha-2,6-sialyltransferase 6"
"Fbxo6",-0.0551329963705531,0.6748,"4","F-box protein 6"
"1500009L16Rik",-0.0551265780010364,0.802,"10","RIKEN cDNA 1500009L16 gene"
"D030056L22Rik",0.0551199694827593,0.5176,"19","RIKEN cDNA D030056L22 gene"
"Manea",-0.055106462316898,0.6532,"4","mannosidase, endo-alpha"
"Kdm5a",-0.0550934837506061,0.7168,"6","lysine (K)-specific demethylase 5A"
"Zfand4",-0.0550933576154569,0.8104,"6","zinc finger, AN1-type domain 4"
"Mpv17l",0.055089624725456,0.4176,"16","Mpv17 transgene, kidney disease mutant-like"
"Tbk1",0.0550661794546974,0.4996,"10","TANK-binding kinase 1"
"Tmem44",0.0550626725750014,0.7708,"16","transmembrane protein 44"
"Mien1",-0.0550154683482829,0.7188,"11","migration and invasion enhancer 1"
"Psmd13",0.0550018613016023,0.6084,"7","proteasome (prosome, macropain) 26S subunit, non-ATPase, 13"
"Unc5a",0.0549529393799588,0.616,"13","unc-5 netrin receptor A"
"Zfp866",-0.0549510863553175,0.732,"8","zinc finger protein 866"
"Msantd1",0.0549065604158547,0.794,"5","Myb/SANT-like DNA-binding domain containing 1"
"Zmym4",0.0549029878611922,0.4728,"4","zinc finger, MYM-type 4"
"Mob4",0.0548874178937622,0.6072,"1","MOB family member 4, phocein"
"Ak4",-0.0548796477711653,0.7664,"4","adenylate kinase 4"
"Malsu1",0.0548331627626939,0.7372,"6","mitochondrial assembly of ribosomal large subunit 1"
"Aldh3a2",-0.05483190587963,0.3344,"11","aldehyde dehydrogenase family 3, subfamily A2"
"Xpot",0.0548127625450574,0.4444,"10","exportin, tRNA (nuclear export receptor for tRNAs)"
"Rims2",-0.054766687987148,0.602,"15","regulating synaptic membrane exocytosis 2"
"Prmt2",-0.0547364916978612,0.6088,"10","protein arginine N-methyltransferase 2"
"Psmb7",0.0547091318967645,0.6644,"2","proteasome (prosome, macropain) subunit, beta type 7"
"Cnn3",0.0546924796702752,0.46,"3","calponin 3, acidic"
"Sema4c",0.0546784264256921,0.7956,"1","sema domain, immunoglobulin domain (Ig), transmembrane domain (TM) and short cytoplasmic domain, (semaphorin) 4C"
"Ttll1",0.0546696793748858,0.4084,"15","tubulin tyrosine ligase-like 1"
"Ndel1",0.0546528684919902,0.6132,"11","nudE neurodevelopment protein 1 like 1"
"Camk1d",-0.054647811763969,0.7192,"2","calcium/calmodulin-dependent protein kinase ID"
"Thap7",-0.054637785820173,0.6388,"16","THAP domain containing 7"
"Rab8b",0.0546155487627003,0.7248,"9","RAB8B, member RAS oncogene family"
"Cyb561a3",-0.054601228949013,0.5364,"19","cytochrome b561 family, member A3"
"Pld2",0.0545907355517805,0.6444,"11","phospholipase D2"
"Prmt5",0.0545782445586713,0.5272,"14","protein arginine N-methyltransferase 5"
"Hnrnpul2",-0.054561592696504,0.5388,"19","heterogeneous nuclear ribonucleoprotein U-like 2"
"Tmem88b",-0.0545306173182389,0.8168,"4","transmembrane protein 88B"
"Rtraf",0.0545300443840819,0.596,"14","RNA transcription, translation and transport factor"
"Git2",0.0545146232766687,0.3908,"5","GIT ArfGAP 2"
"Dctn3",0.0545085905643283,0.7404,"4","dynactin 3"
"Zfp72",-0.0545009048971723,0.656,"13","zinc finger protein 72"
"Tor1aip2",-0.054499824207829,0.4808,"1","torsin A interacting protein 2"
"Pvr",0.0544975324095516,0.8064,"7","poliovirus receptor"
"Ppm1g",0.0544805320980393,0.4136,"5","protein phosphatase 1G (formerly 2C), magnesium-dependent, gamma isoform"
"Zmiz2",0.0544747001745254,0.7112,"11","zinc finger, MIZ-type containing 2"
"Bcl6",0.05447422345945,0.426,"16","B cell leukemia/lymphoma 6"
"Nedd4l",0.0544685430951102,0.5604,"18","neural precursor cell expressed, developmentally down-regulated gene 4-like"
"Mdh1",0.0544560577895723,0.5224,"11","malate dehydrogenase 1, NAD (soluble)"
"Otud4",0.0544497964524222,0.8204,"8","OTU domain containing 4"
"Ccdc124",0.0544464154949535,0.7332,"8","coiled-coil domain containing 124"
"Fbxo7",0.0544450448501328,0.706,"10","F-box protein 7"
"Strbp",0.0544377640112925,0.7408,"2","spermatid perinuclear RNA binding protein"
"B3galt2",0.0544201820305874,0.7988,"1","UDP-Gal:betaGlcNAc beta 1,3-galactosyltransferase, polypeptide 2"
"Bcap29",0.0544135640451522,0.5108,"12","B cell receptor associated protein 29"
"Htr4",-0.0543838192131596,0.67,"18","5 hydroxytryptamine (serotonin) receptor 4"
"Farp2",-0.0543787422377657,0.7648,"1","FERM, RhoGEF and pleckstrin domain protein 2"
"Cr1l",0.0543517544549279,0.754,"1","complement component (3b/4b) receptor 1-like"
"Tomm5",-0.0543490050108213,0.7892,"4","translocase of outer mitochondrial membrane 5"
"Cat",0.0543309888176404,0.4316,"2","catalase"
"Vcl",0.0542847701792111,0.6716,"14","vinculin"
"Tsen34",0.0542258571883352,0.712,"7","tRNA splicing endonuclease subunit 34"
"Slc25a29",0.0542227095328669,0.7332,"12","solute carrier family 25 (mitochondrial carrier, palmitoylcarnitine transporter), member 29"
"Impa1",0.0541922109837856,0.3956,"3","inositol (myo)-1(or 4)-monophosphatase 1"
"Pole3",0.0541916586344557,0.5144,"4","polymerase (DNA directed), epsilon 3 (p17 subunit)"
"Cyp46a1",0.054183239584999,0.6564,"12","cytochrome P450, family 46, subfamily a, polypeptide 1"
"Pik3r1",-0.0541819144902593,0.5496,"13","phosphoinositide-3-kinase regulatory subunit 1"
"Tonsl",-0.0541792915757422,0.7392,"15","tonsoku-like, DNA repair protein"
"Ubald1",0.0541702004357818,0.7128,"16","UBA-like domain containing 1"
"Kat7",0.0541365604594413,0.4492,"11","K(lysine) acetyltransferase 7"
"Zfp768",-0.0541288395790951,0.6096,"7","zinc finger protein 768"
"Tpd52l2",0.0541205316486266,0.4808,"2","tumor protein D52-like 2"
"Ttn",0.0541032564581245,0.86,"2","titin"
"Rnf13",0.0540879584210527,0.7916,"3","ring finger protein 13"
"Ube2v1",-0.0540721075955615,0.6096,"2","ubiquitin-conjugating enzyme E2 variant 1"
"Slx4ip",-0.0540536006583232,0.7796,"2","SLX4 interacting protein"
"Fbxo42",-0.0540436801677187,0.5152,"4","F-box protein 42"
"Arl2",0.0540413053544508,0.7492,"19","ADP-ribosylation factor-like 2"
"Gorasp1",-0.0540296785812062,0.694,"9","golgi reassembly stacking protein 1"
"Hspa4l",-0.0540173398302128,0.8448,"3","heat shock protein 4 like"
"Nudt2",0.0540065868233208,0.7168,"4","nudix (nucleoside diphosphate linked moiety X)-type motif 2"
"Yipf5",0.0540032711889236,0.5764,"18","Yip1 domain family, member 5"
"Inpp5f",-0.0539853329336806,0.5372,"7","inositol polyphosphate-5-phosphatase F"
"Exosc6",-0.0539794823812247,0.764,"8","exosome component 6"
"Prpf40a",0.053978629059487,0.69,"2","pre-mRNA processing factor 40A"
"Asb1",-0.0539426509688452,0.5276,"1","ankyrin repeat and SOCS box-containing 1"
"Atp7a",-0.0539389913035078,0.786,"X","ATPase, Cu++ transporting, alpha polypeptide"
"Usp3",0.053921676554574,0.6176,"9","ubiquitin specific peptidase 3"
"Utp14a",0.0538953178613033,0.6668,"X","UTP14A small subunit processome component"
"Dyrk1a",0.0538797558955384,0.372,"16","dual-specificity tyrosine-(Y)-phosphorylation regulated kinase 1a"
"Mterf4",0.0538642873008399,0.5028,"1","mitochondrial transcription termination factor 4"
"Capn10",0.053863415900147,0.6668,"1","calpain 10"
"Evl",0.0538305197816609,0.4844,"12","Ena-vasodilator stimulated phosphoprotein"
"Katnbl1",0.0538228422852418,0.6948,"2","katanin p80 subunit B like 1"
"Fam32a",-0.0538102951470565,0.7152,"8","family with sequence similarity 32, member A"
"Mindy3",0.0538057830550871,0.5964,"2","MINDY lysine 48 deubiquitinase 3"
"Cand1",-0.0537998648049944,0.6188,"10","cullin associated and neddylation disassociated 1"
"Taf8",-0.0537992667804623,0.5156,"17","TATA-box binding protein associated factor 8"
"Nr2f6",0.053788095381174,0.6956,"8","nuclear receptor subfamily 2, group F, member 6"
"Marcksl1",0.0537613761932478,0.7628,"4","MARCKS-like 1"
"Pnpla8",-0.0537600493868071,0.702,"12","patatin-like phospholipase domain containing 8"
"Mettl27",0.0537364354458028,0.7164,"5","methyltransferase like 27"
"Mtch2",0.0537306608248054,0.3708,"2","mitochondrial carrier 2"
"Psmc1",-0.053725356356062,0.5848,"12","protease (prosome, macropain) 26S subunit, ATPase 1"
"Snx11",-0.0537215104452473,0.5908,"11","sorting nexin 11"
"Snrpg",0.0536964443902814,0.7584,"6","small nuclear ribonucleoprotein polypeptide G"
"Desi1",-0.0536901230279332,0.6948,"15","desumoylating isopeptidase 1"
"Lysmd4",0.0536873595992571,0.6068,"7","LysM, putative peptidoglycan-binding, domain containing 4"
"Ets2",-0.053684070222288,0.4252,"16","E26 avian leukemia oncogene 2, 3' domain"
"Tbrg1",0.0536768491041171,0.4748,"9","transforming growth factor beta regulated gene 1"
"Nat9",0.0536702556075817,0.78,"11","N-acetyltransferase 9 (GCN5-related, putative)"
"Mettl14",0.0536575177228968,0.506,"3","methyltransferase like 14"
"Tubgcp6",-0.0536561157220818,0.7596,"15","tubulin, gamma complex associated protein 6"
"Tada2b",-0.0536190356500486,0.5228,"5","transcriptional adaptor 2B"
"Tomm22",0.0536018827018481,0.6112,"15","translocase of outer mitochondrial membrane 22"
"Phyhd1",0.0535783873860307,0.7744,"2","phytanoyl-CoA dioxygenase domain containing 1"
"Zfp334",-0.0535766170293086,0.4904,"2","zinc finger protein 334"
"Kdm1b",0.0535550761575667,0.79,"13","lysine (K)-specific demethylase 1B"
"Mtfr1l",0.0535338806496322,0.462,"4","mitochondrial fission regulator 1-like"
"Lrrn1",-0.0535246950018076,0.69,"6","leucine rich repeat protein 1, neuronal"
"Kdelr2",0.053521600464653,0.7136,"5","KDEL (Lys-Asp-Glu-Leu) endoplasmic reticulum protein retention receptor 2"
"Fam3a",0.0535176418133343,0.624,"X","FAM3 metabolism regulating signaling molecule A"
"Zfp518a",-0.0535036617720905,0.772,"19","zinc finger protein 518A"
"Commd6",0.0534941124089396,0.5728,"14","COMM domain containing 6"
"Slc26a2",-0.0534841298107006,0.8416,"18","solute carrier family 26 (sulfate transporter), member 2"
"Vwa5a",-0.0534557998854774,0.8572,"9","von Willebrand factor A domain containing 5A"
"Prr12",-0.0534520277087305,0.7248,"7","proline rich 12"
"Dipk2a",-0.0534168213218482,0.6072,"9","divergent protein kinase domain 2A"
"Arhgap42",-0.0534138449350556,0.75,"9","Rho GTPase activating protein 42"
"Polg",0.0533956930960127,0.73,"7","polymerase (DNA directed), gamma"
"Ppm1k",-0.0533859986892393,0.4032,"6","protein phosphatase 1K (PP2C domain containing)"
"Ccm2",0.0533769401000637,0.6216,"11","cerebral cavernous malformation 2"
"Kcnn2",0.0533748692915301,0.4888,"18","potassium intermediate/small conductance calcium-activated channel, subfamily N, member 2"
"N6amt1",-0.0533722105165664,0.564,"16","N-6 adenine-specific DNA methyltransferase 1 (putative)"
"Csnk1d",-0.0533676807445111,0.436,"11","casein kinase 1, delta"
"Kcmf1",0.0533655169808078,0.5168,"6","potassium channel modulatory factor 1"
"Zeb2os",-0.0533570967479573,0.6912,"2","zinc finger E-box binding homeobox 2, opposite strand"
"Map7d1",-0.0533489920171046,0.3264,"4","MAP7 domain containing 1"
"Lcmt1",0.0533396909557684,0.472,"7","leucine carboxyl methyltransferase 1"
"Srrt",0.0533269776822554,0.7292,"5","serrate RNA effector molecule homolog (Arabidopsis)"
"Mrps26",0.0533159458363057,0.7856,"2","mitochondrial ribosomal protein S26"
"Pus3",0.053315820256834,0.5052,"9","pseudouridine synthase 3"
"Pip4p2",-0.0533007231813292,0.5636,"4","phosphatidylinositol-4,5-bisphosphate 4-phosphatase 2"
"Adrm1",0.0532746114248672,0.6868,"2","adhesion regulating molecule 1 26S proteasome ubiquitin receptor"
"Usp40",0.0532609529218799,0.786,"1","ubiquitin specific peptidase 40"
"Map3k6",0.0532202465947011,0.848,"4","mitogen-activated protein kinase kinase kinase 6"
"Opalin",-0.0532164748929578,0.8236,"19","oligodendrocytic myelin paranodal and inner loop protein"
"Tspyl5",0.0532038368290246,0.5212,"15","testis-specific protein, Y-encoded-like 5"
"Gtf3c6",0.0531755453467255,0.6948,"10","general transcription factor IIIC, polypeptide 6, alpha"
"Smu1",-0.0531636897842809,0.404,"4","smu-1 suppressor of mec-8 and unc-52 homolog (C. elegans)"
"Nt5c1a",0.0531413481307312,0.8844,"4","5'-nucleotidase, cytosolic IA"
"Prr7",0.0531408864610832,0.7496,"13","proline rich 7 (synaptic)"
"Znrf3",0.0531032892354371,0.678,"11","zinc and ring finger 3"
"Yy1",0.0530917541830744,0.0636,"12","YY1 transcription factor"
"Por",-0.0530649007111084,0.4892,"5","cytochrome p450 oxidoreductase"
"Sall2",-0.0530250218632613,0.584,"14","spalt like transcription factor 2"
"Srrm3",-0.0530203708860606,0.63,"5","serine/arginine repetitive matrix 3"
"Hmgxb3",-0.0529658954851948,0.3888,"18","HMG box domain containing 3"
"Nfatc2ip",-0.0529593612811627,0.5152,"7","nuclear factor of activated T cells, cytoplasmic, calcineurin dependent 2 interacting protein"
"Scnn1a",0.0529421967486035,0.7148,"6","sodium channel, nonvoltage-gated 1 alpha"
"Zadh2",-0.052935446933482,0.6304,"18","zinc binding alcohol dehydrogenase, domain containing 2"
"AI597479",0.0529238544327439,0.4088,"1","expressed sequence AI597479"
"Dclk2",-0.0528999859647969,0.3396,"3","doublecortin-like kinase 2"
"Ebag9",0.0528968089588284,0.616,"15","estrogen receptor-binding fragment-associated gene 9"
"Rpl36",0.0528852004487996,0.7696,"17","ribosomal protein L36"
"Synpo",-0.0528778929346032,0.6156,"18","synaptopodin"
"Pcnx4",0.0528764038882406,0.5576,"12","pecanex homolog 4"
"Trappc3",0.0528721546730599,0.5648,"4","trafficking protein particle complex 3"
"Rfc2",0.052834461400046,0.6344,"5","replication factor C (activator 1) 2"
"Taf1",-0.0528260204158117,0.6592,"X","TATA-box binding protein associated factor 1"
"Crnkl1",0.0527880407729948,0.6452,"2","crooked neck pre-mRNA splicing factor 1"
"Efhd2",0.0527796494528383,0.3996,"4","EF hand domain containing 2"
"Wdr37",-0.0527627144225251,0.6344,"13","WD repeat domain 37"
"Adgrl3",-0.0527342186413895,0.75,"5","adhesion G protein-coupled receptor L3"
"B3galt1",0.052711412390499,0.5196,"2","UDP-Gal:betaGlcNAc beta 1,3-galactosyltransferase, polypeptide 1"
"Ubr5",0.0527025174070737,0.7372,"15","ubiquitin protein ligase E3 component n-recognin 5"
"Vdac2",0.0527016659777582,0.5828,"14","voltage-dependent anion channel 2"
"Cfap69",0.052694805961647,0.8856,"5","cilia and flagella associated protein 69"
"Igsf1",0.0526898589484426,0.6524,"X","immunoglobulin superfamily, member 1"
"Nkapd1",0.0526874343286261,0.4612,"9","NKAP domain containing 1"
"Map3k2",-0.0526718328618472,0.8532,"18","mitogen-activated protein kinase kinase kinase 2"
"AW209491",0.052670841367441,0.7256,"13","expressed sequence AW209491"
"Eif4a3",0.0526597100627608,0.7276,"11","eukaryotic translation initiation factor 4A3"
"Rab2b",0.0526544255286465,0.5836,"14","RAB2B, member RAS oncogene family"
"Rgs7bp",-0.0526365477343287,0.6692,"13","regulator of G-protein signalling 7 binding protein"
"Acer3",0.0526143611147116,0.6856,"7","alkaline ceramidase 3"
"Thap4",0.0526053169355412,0.72,"1","THAP domain containing 4"
"Derl1",0.0525999332211278,0.544,"15","Der1-like domain family, member 1"
"Traf6",-0.0525978994760479,0.4344,"2","TNF receptor-associated factor 6"
"Nudt22",-0.0525978582479367,0.8844,"19","nudix (nucleoside diphosphate linked moiety X)-type motif 22"
"Myorg",0.0525902153496904,0.462,"4","myogenesis regulating glycosidase (putative)"
"Psmd7",0.0525764378714992,0.5468,"8","proteasome (prosome, macropain) 26S subunit, non-ATPase, 7"
"AA986860",-0.052545106233477,0.7984,"1","expressed sequence AA986860"
"Wdfy3",-0.0525367781114818,0.7016,"5","WD repeat and FYVE domain containing 3"
"Ift22",0.0525337792687708,0.6704,"5","intraflagellar transport 22"
"Cfap100",0.0525317592456744,0.8424,"6","cilia and flagella associated protein 100"
"Faap20",0.0525091574176235,0.73,"4","Fanconi anemia core complex associated protein 20"
"Ttpa",0.052497715578649,0.7244,"4","tocopherol (alpha) transfer protein"
"Efcab12",-0.0524522315551059,0.8492,"6","EF-hand calcium binding domain 12"
"Sox11",0.052450221980723,0.7744,"12","SRY (sex determining region Y)-box 11"
"3830406C13Rik",0.0524472875233251,0.6612,"14","RIKEN cDNA 3830406C13 gene"
"Zdhhc18",-0.0524391257396442,0.3216,"4","zinc finger, DHHC domain containing 18"
"Maneal",0.052433455629993,0.454,"4","mannosidase, endo-alpha-like"
"Rbfa",0.0524214344862237,0.5488,"18","ribosome binding factor A"
"Gsto1",-0.0524207705180411,0.7132,"19","glutathione S-transferase omega 1"
"Poldip3",-0.052389396771062,0.5444,"15","polymerase (DNA-directed), delta interacting protein 3"
"Zfp521",0.0523827565740991,0.7584,"18","zinc finger protein 521"
"Nipa1",-0.0523733934967074,0.6772,"7","non imprinted in Prader-Willi/Angelman syndrome 1 homolog (human)"
"Eif3b",0.0523695870826728,0.4,"5","eukaryotic translation initiation factor 3, subunit B"
"Eif2ak1",0.05236693020092,0.5436,"5","eukaryotic translation initiation factor 2 alpha kinase 1"
"Ciao2a",0.0523602624069501,0.6964,"9","cytosolic iron-sulfur assembly component 2A"
"Akna",0.0523521691436586,0.8312,"4","AT-hook transcription factor"
"Med17",0.0523520339892167,0.5292,"9","mediator complex subunit 17"
"Rdh14",0.052345274512164,0.4396,"12","retinol dehydrogenase 14 (all-trans and 9-cis)"
"Ogdh",-0.0523385109165142,0.2896,"11","oxoglutarate (alpha-ketoglutarate) dehydrogenase (lipoamide)"
"Ehd1",0.0523291852301639,0.582,"19","EH-domain containing 1"
"Lrrc27",-0.0523180353940691,0.672,"7","leucine rich repeat containing 27"
"Mus81",0.0522697751070504,0.61,"19","MUS81 structure-specific endonuclease subunit"
"Mrpl16",0.0522536765543751,0.578,"19","mitochondrial ribosomal protein L16"
"Stx16",0.0522206288354736,0.6892,"2","syntaxin 16"
"Usp29",-0.0522203586224412,0.5796,"7","ubiquitin specific peptidase 29"
"Babam2",0.0522126359178241,0.7508,"5","BRISC and BRCA1 A complex member 2"
"Golgb1",-0.0521780465135802,0.866,"16","golgi autoantigen, golgin subfamily b, macrogolgin 1"
"Med11",0.0521740114893983,0.7488,"11","mediator complex subunit 11"
"Tceal5",-0.0521608541286733,0.584,"X","transcription elongation factor A (SII)-like 5"
"Rab22a",-0.0521239388999941,0.5908,"2","RAB22A, member RAS oncogene family"
"Ankrd26",0.0521030466796817,0.7808,"6","ankyrin repeat domain 26"
"Nrbf2",0.0520663672804575,0.6296,"10","nuclear receptor binding factor 2"
"Zfp266",0.0520567977519946,0.57,"9","zinc finger protein 266"
"Mast1",0.0520422913813672,0.6156,"8","microtubule associated serine/threonine kinase 1"
"AI837181",0.0520369414184803,0.7888,"19","expressed sequence AI837181"
"Nell1",-0.0520354858037289,0.7232,"7","NEL-like 1"
"Ppie",0.0520333742255028,0.6796,"4","peptidylprolyl isomerase E (cyclophilin E)"
"Eif4a2",0.0520235931432591,0.512,"16","eukaryotic translation initiation factor 4A2"
"Uvrag",-0.0520171973827184,0.542,"7","UV radiation resistance associated gene"
"Yipf6",0.0520123327699107,0.3896,"X","Yip1 domain family, member 6"
"Mboat2",-0.0519968275733973,0.6364,"12","membrane bound O-acyltransferase domain containing 2"
"Dnah10",0.0519811088311872,0.8724,"5","dynein, axonemal, heavy chain 10"
"Rab23",0.0519349611893931,0.3952,"1","RAB23, member RAS oncogene family"
"Tapbp",-0.051931314193526,0.782,"17","TAP binding protein"
"Wdhd1",0.0519275202297349,0.728,"14","WD repeat and HMG-box DNA binding protein 1"
"Mcat",-0.0519274789779018,0.7612,"15","malonyl CoA:ACP acyltransferase (mitochondrial)"
"Tmx1",0.0519158471427614,0.6024,"12","thioredoxin-related transmembrane protein 1"
"Ddb2",-0.0519095009911981,0.7876,"2","damage specific DNA binding protein 2"
"2610306M01Rik",-0.051897274661254,0.816,"6","RIKEN cDNA 2610306M01 gene"
"Xpo1",0.0518885031818943,0.6476,"11","exportin 1"
"Abracl",0.051881705717177,0.7044,"10","ABRA C-terminal like"
"Lrig2",0.0518761214175107,0.7212,"3","leucine-rich repeats and immunoglobulin-like domains 2"
"Usf2",0.0518722618950562,0.58,"7","upstream transcription factor 2"
"Ctbs",-0.0518600129889699,0.714,"3","chitobiase"
"Fam234a",-0.0518571054188186,0.788,"17","family with sequence similarity 234, member A"
"Atp1a2",0.0518402672644029,0.6176,"1","ATPase, Na+/K+ transporting, alpha 2 polypeptide"
"Scand1",0.0518298339962531,0.7988,"2","SCAN domain-containing 1"
"Dcaf6",0.0518157353339728,0.5168,"1","DDB1 and CUL4 associated factor 6"
"Chd2",-0.0518028278340985,0.7464,"7","chromodomain helicase DNA binding protein 2"
"Ppp3cc",0.0517835230739809,0.1712,"14","protein phosphatase 3, catalytic subunit, gamma isoform"
"Syp",-0.0517733215926519,0.5644,"X","synaptophysin"
"Metap2",0.05175512297187,0.3576,"10","methionine aminopeptidase 2"
"Carm1",0.0517496835400886,0.5016,"9","coactivator-associated arginine methyltransferase 1"
"Pole4",0.051732648763994,0.5112,"6","polymerase (DNA-directed), epsilon 4 (p12 subunit)"
"Plpp2",-0.0517264886356115,0.8748,"10","phospholipid phosphatase 2"
"Lmtk3",0.0517111712222906,0.8188,"7","lemur tyrosine kinase 3"
"Mmd2",0.0517053612568334,0.54,"5","monocyte to macrophage differentiation-associated 2"
"Prkaca",-0.0516977300768859,0.6272,"8","protein kinase, cAMP dependent, catalytic, alpha"
"Rrp12",-0.0516932282961395,0.8508,"19","ribosomal RNA processing 12 homolog"
"Hemk1",-0.0516901038806945,0.8176,"9","HemK methyltransferase family member 1"
"Baz2a",0.0516900011381063,0.752,"10","bromodomain adjacent to zinc finger domain, 2A"
"Thap11",0.0516713493300704,0.7112,"8","THAP domain containing 11"
"Sdhaf2",0.0516513035467199,0.4532,"19","succinate dehydrogenase complex assembly factor 2"
"Kcnj10",0.0516289590017962,0.4588,"1","potassium inwardly-rectifying channel, subfamily J, member 10"
"Zfp689",-0.0515862765605051,0.5872,"7","zinc finger protein 689"
"Zbtb6",0.0515755571512262,0.5204,"2","zinc finger and BTB domain containing 6"
"Sec61b",0.0515616366189655,0.7904,"4","Sec61 beta subunit"
"Lap3",0.0515552200657883,0.6536,"5","leucine aminopeptidase 3"
"Lzic",-0.0515440954318884,0.568,"4","leucine zipper and CTNNBIP1 domain containing"
"Eya4",0.0515370809259421,0.7396,"10","EYA transcriptional coactivator and phosphatase 4"
"Cspg5",0.0515290389081651,0.5532,"9","chondroitin sulfate proteoglycan 5"
"Trappc5",-0.0515108648411253,0.5828,"8","trafficking protein particle complex 5"
"Blvrb",0.0515040294202143,0.7732,"7","biliverdin reductase B (flavin reductase (NADPH))"
"Syt16",-0.051501125365033,0.6728,"12","synaptotagmin XVI"
"Snd1",0.0514943604174656,0.616,"6","staphylococcal nuclease and tudor domain containing 1"
"Prr5l",-0.0514818651510578,0.8012,"2","proline rich 5 like"
"Cdan1",0.0514724328373211,0.7524,"2","congenital dyserythropoietic anemia, type I (human)"
"Pls3",0.0514671163634395,0.6184,"X","plastin 3 (T-isoform)"
"Rsf1",-0.0514376568142305,0.6728,"7","remodeling and spacing factor 1"
"Vps72",0.0514080327146109,0.6936,"3","vacuolar protein sorting 72"
"Pcyt1b",-0.0513940221957121,0.5496,"X","phosphate cytidylyltransferase 1, choline, beta isoform"
"Golt1b",0.0513882504571646,0.4504,"6","golgi transport 1B"
"Nudt19",0.0513758655826591,0.6912,"7","nudix (nucleoside diphosphate linked moiety X)-type motif 19"
"AI987944",0.0513591768319772,0.734,"7","expressed sequence AI987944"
"Ntm",0.0513568539433384,0.512,"9","neurotrimin"
"Rpl17",0.0513102678337498,0.6936,"18","ribosomal protein L17"
"Son",0.0512950446065297,0.7916,"16","Son DNA binding protein"
"Osbpl8",0.0512744575655111,0.6912,"10","oxysterol binding protein-like 8"
"Socs7",-0.0512688240850645,0.5128,"11","suppressor of cytokine signaling 7"
"Marchf5",0.0512437253521183,0.5216,"19","membrane associated ring-CH-type finger 5"
"Sncb",0.0512426357638631,0.7276,"13","synuclein, beta"
"Nap1l2",-0.0512309836569411,0.7184,"X","nucleosome assembly protein 1-like 2"
"Cog8",-0.0512141308155156,0.5376,"8","component of oligomeric golgi complex 8"
"Cep104",-0.0511951520134932,0.6664,"4","centrosomal protein 104"
"Hcfc2",0.0511841522049332,0.7168,"10","host cell factor C2"
"Grin1",0.0511767316815952,0.6804,"2","glutamate receptor, ionotropic, NMDA1 (zeta 1)"
"Rnaseh2a",0.0511642793990355,0.7996,"8","ribonuclease H2, large subunit"
"Zwint",0.0511624835110229,0.562,"10","ZW10 interactor"
"Pacc1",-0.0511591913585248,0.7024,"1","proton activated chloride channel 1"
"Pcdhb17",0.0511586127735342,0.4164,"18","protocadherin beta 17"
"Rap2a",0.0511524485143298,0.5404,"14","RAS related protein 2a"
"Tnk2",0.0511482806587527,0.6644,"16","tyrosine kinase, non-receptor, 2"
"Gpnmb",-0.0511276042513207,0.7832,"6","glycoprotein (transmembrane) nmb"
"Zfp87",-0.0511105053686851,0.5784,"13","zinc finger protein 87"
"Cdc42ep1",-0.0511024938897142,0.74,"15","CDC42 effector protein (Rho GTPase binding) 1"
"Rasal2",-0.0510630745165486,0.7548,"1","RAS protein activator like 2"
"Mfap1a",-0.0510600492298203,0.6564,"2","microfibrillar-associated protein 1A"
"Ptcd1",0.0510527561595273,0.77,"5","pentatricopeptide repeat domain 1"
"Gpatch11",0.0510414692649341,0.3396,"17","G patch domain containing 11"
"Atp2b3",-0.0510373821577907,0.6648,"X","ATPase, Ca++ transporting, plasma membrane 3"
"Fbxo41",0.0510367033746881,0.6376,"6","F-box protein 41"
"Ftsj3",0.0510186320578976,0.286,"11","FtsJ RNA methyltransferase homolog 3 (E. coli)"
"Iffo2",0.0510173334315587,0.548,"4","intermediate filament family orphan 2"
"Psen2",0.0509752877626859,0.6936,"1","presenilin 2"
"Ints5",0.050973960843967,0.5216,"19","integrator complex subunit 5"
"Arhgap26",-0.0509498386023131,0.692,"18","Rho GTPase activating protein 26"
"Apc",-0.0509365496738425,0.686,"18","APC, WNT signaling pathway regulator"
"Rps6ka2",-0.0509269764092206,0.6012,"17","ribosomal protein S6 kinase, polypeptide 2"
"Nell2",-0.0508999298291037,0.69,"15","NEL-like 2"
"Mlf2",-0.0508790207643539,0.614,"6","myeloid leukemia factor 2"
"Sertm1",-0.0508634884644046,0.7436,"3","serine rich and transmembrane domain containing 1"
"Stx12",0.0508628554007169,0.5036,"4","syntaxin 12"
"Unc80",0.0508614404432084,0.78,"1","unc-80, NALCN activator"
"Taok2",-0.0508526407608585,0.484,"7","TAO kinase 2"
"Idnk",-0.0508404174906949,0.646,"13","idnK gluconokinase homolog (E. coli)"
"Mkrn1",-0.0508374804402187,0.5248,"6","makorin, ring finger protein, 1"
"Lfng",-0.0508028395634099,0.7532,"5","LFNG O-fucosylpeptide 3-beta-N-acetylglucosaminyltransferase"
"Ulk4",-0.0508027927608055,0.7824,"9","unc-51-like kinase 4"
"Slc1a2",0.0507880704582782,0.6496,"2","solute carrier family 1 (glial high affinity glutamate transporter), member 2"
"Usp45",0.0507822693127125,0.7364,"4","ubiquitin specific petidase 45"
"Ptdss1",0.0507745622639098,0.6408,"13","phosphatidylserine synthase 1"
"Gpr37",-0.0507676580940855,0.7836,"6","G protein-coupled receptor 37"
"Fmr1",0.0507581382676898,0.7184,"X","fragile X messenger ribonucleoprotein 1"
"Pank3",-0.0507569461765778,0.6152,"11","pantothenate kinase 3"
"Unc5d",0.0507404137681107,0.7144,"8","unc-5 netrin receptor D"
"Pum1",0.0507209279393557,0.504,"4","pumilio RNA-binding family member 1"
"Polr3e",0.0507101244046133,0.714,"7","polymerase (RNA) III (DNA directed) polypeptide E"
"Med30",-0.0506906782546022,0.7536,"15","mediator complex subunit 30"
"Msi2",0.0506865852019569,0.6776,"11","musashi RNA-binding protein 2"
"Zfp868",-0.0506849796028677,0.6608,"8","zinc finger protein 868"
"Hspd1",-0.0506814755516505,0.7148,"1","heat shock protein 1 (chaperonin)"
"Rspry1",-0.0506611587435692,0.5864,"8","ring finger and SPRY domain containing 1"
"Ptprj",-0.0506565486549455,0.5688,"2","protein tyrosine phosphatase, receptor type, J"
"Bhlhe40",-0.0506512661132801,0.7356,"6","basic helix-loop-helix family, member e40"
"Fbxo8",0.0506512032284796,0.5744,"8","F-box protein 8"
"Mtfmt",0.0506480828011338,0.6184,"9","mitochondrial methionyl-tRNA formyltransferase"
"Actr5",0.0506449199670294,0.7008,"2","ARP5 actin-related protein 5"
"Trim28",0.0506427907659921,0.508,"7","tripartite motif-containing 28"
"Nucks1",0.0506421640124977,0.5152,"1","nuclear casein kinase and cyclin-dependent kinase substrate 1"
"Dgkz",0.0506382403788841,0.6652,"2","diacylglycerol kinase zeta"
"Proser3",-0.0506371013631455,0.8744,"7","proline and serine rich 3"
"Aftph",0.0505905528337323,0.5044,"11","aftiphilin"
"Tpgs1",0.0505904456092185,0.768,"10","tubulin polyglutamylase complex subunit 1"
"Atp1b2",0.050579752528229,0.6468,"11","ATPase, Na+/K+ transporting, beta 2 polypeptide"
"Marf1",0.0505693606265929,0.5296,"16","meiosis regulator and mRNA stability 1"
"Znrd2",0.05054923129721,0.7728,"19","zinc ribbon domain containing 2"
"Farp1",-0.0505384609279274,0.6888,"14","FERM, RhoGEF (Arhgef) and pleckstrin domain protein 1 (chondrocyte-derived)"
"Ilk",0.050527571719571,0.5536,"7","integrin linked kinase"
"Zfp710",0.0505210510735417,0.6572,"7","zinc finger protein 710"
"Frs2",-0.0505157104760903,0.6212,"10","fibroblast growth factor receptor substrate 2"
"Pcsk7",0.050510879093201,0.728,"9","proprotein convertase subtilisin/kexin type 7"
"Chmp5",0.0505025968673749,0.5448,"4","charged multivesicular body protein 5"
"Lsamp",-0.0504984298346276,0.616,"16","limbic system-associated membrane protein"
"Mctp1",0.0504957416963903,0.7988,"13","multiple C2 domains, transmembrane 1"
"Capns1",0.0504769727946321,0.8424,"7","calpain, small subunit 1"
"Zfp748",0.0504687428147768,0.7536,"13","zinc finger protein 748"
"Ap1ar",-0.0504541128554452,0.7548,"3","adaptor-related protein complex 1 associated regulatory protein"
"Ift172",0.0504388591242373,0.7572,"5","intraflagellar transport 172"
"Yars",0.0504361830484141,0.614,"4","tyrosyl-tRNA synthetase"
"Hpf1",0.05042270076886,0.4812,"8","histone PARylation factor 1"
"Atxn10",0.0504003919610865,0.6468,"15","ataxin 10"
"Osbp",-0.0503995704021465,0.3228,"19","oxysterol binding protein"
"Mkrn2",0.0503977725762974,0.3276,"6","makorin, ring finger protein, 2"
"Chga",-0.0503953204235223,0.57,"12","chromogranin A"
"Fam168a",-0.0503895187137982,0.442,"7","family with sequence similarity 168, member A"
"Ccnjl",-0.050378622279009,0.6968,"11","cyclin J-like"
"Cblb",0.0503644524908013,0.6604,"16","Casitas B-lineage lymphoma b"
"Elk4",0.0503639318074018,0.7404,"1","ELK4, member of ETS oncogene family"
"Ankrd9",0.050351319506722,0.7168,"12","ankyrin repeat domain 9"
"Gps1",0.0503447334862246,0.6588,"11","G protein pathway suppressor 1"
"Ankrd34a",-0.05033755952436,0.714,"3","ankyrin repeat domain 34A"
"Zfp775",0.0503302264537679,0.6288,"6","zinc finger protein 775"
"Srf",0.0503226776281993,0.6324,"17","serum response factor"
"Agap3",0.0503218083297075,0.664,"5","ArfGAP with GTPase domain, ankyrin repeat and PH domain 3"
"Ntrk2",-0.0503145213480209,0.3784,"13","neurotrophic tyrosine kinase, receptor, type 2"
"Pced1a",0.0502792229866893,0.5752,"2","PC-esterase domain containing 1A"
"Mapre3",0.0502674492665793,0.6576,"5","microtubule-associated protein, RP/EB family, member 3"
"Ltn1",0.0502649634254801,0.7176,"16","listerin E3 ubiquitin protein ligase 1"
"Mfsd4a",-0.0502590610167921,0.578,"1","major facilitator superfamily domain containing 4A"
"Adat2",0.050239717326416,0.7956,"10","adenosine deaminase, tRNA-specific 2"
"Magoh",-0.0501139795370866,0.5036,"4","mago homolog, exon junction complex core component"
"Cdk5r1",0.050111148519127,0.5632,"11","cyclin-dependent kinase 5, regulatory subunit 1 (p35)"
"Tubb4b",0.0501067573534275,0.67,"2","tubulin, beta 4B class IVB"
"Ighmbp2",0.0500924587394755,0.7856,"19","immunoglobulin mu DNA binding protein 2"
"Zbtb12",0.0500867343288149,0.5936,"17","zinc finger and BTB domain containing 12"
"Yif1a",0.0500699432777476,0.7792,"19","Yip1 interacting factor homolog A (S. cerevisiae)"
"Itgav",-0.0500659231905249,0.6856,"2","integrin alpha V"
"Dcp2",-0.0500558577674957,0.6128,"18","decapping mRNA 2"
"Scaf11",-0.050052890138935,0.658,"15","SR-related CTD-associated factor 11"
"Dbi",0.0500528136039415,0.808,"1","diazepam binding inhibitor"
"Eloc",0.0500439292220394,0.574,"1","elongin C"
"Nap1l3",-0.0500382484810693,0.6056,"X","nucleosome assembly protein 1-like 3"
"Septin7",0.0500341956930548,0.66,"9","septin 7"
"Reep5",-0.0500201830794875,0.6548,"18","receptor accessory protein 5"
"Fabp7",0.0500158063487524,0.7448,"10","fatty acid binding protein 7, brain"
"Lmo7",0.0500029332078533,0.7504,"14","LIM domain only 7"
"Mdm4",0.0499926938240884,0.8476,"1","transformed mouse 3T3 cell double minute 4"
"Mospd2",0.0499807723006809,0.748,"X","motile sperm domain containing 2"
"Tlnrd1",-0.0499616745690155,0.6428,"7","talin rod domain containing 1"
"Rnf138",0.0499522079484715,0.6356,"18","ring finger protein 138"
"Zfp398",-0.0499403487457144,0.8052,"6","zinc finger protein 398"
"Zscan22",0.0499390390706571,0.6672,"7","zinc finger and SCAN domain containing 22"
"Capn7",0.0499374592912813,0.5692,"14","calpain 7"
"Sar1a",0.0499310445579493,0.5676,"10","secretion associated Ras related GTPase 1A"
"Slc30a9",0.0498987616365234,0.438,"5","solute carrier family 30 (zinc transporter), member 9"
"Marchf2",0.0498751791280787,0.6612,"17","membrane associated ring-CH-type finger 2"
"Ppp1r8",0.0498555155002522,0.3812,"4","protein phosphatase 1, regulatory subunit 8"
"Prrc2a",-0.0498257105251163,0.656,"17","proline-rich coiled-coil 2A"
"Tent4a",-0.049821395147041,0.5288,"13","terminal nucleotidyltransferase 4A"
"Stx17",0.0498129599435337,0.5596,"4","syntaxin 17"
"Ica1l",0.0497925243187858,0.5992,"1","islet cell autoantigen 1-like"
"Tmem131l",0.0497689035190554,0.796,"3","transmembrane 131 like"
"Med28",0.0497633271276721,0.5456,"5","mediator complex subunit 28"
"Dab2ip",-0.0497513316594471,0.7504,"2","disabled 2 interacting protein"
"Spcs3",0.0497473436319851,0.6924,"8","signal peptidase complex subunit 3 homolog (S. cerevisiae)"
"Eid1",-0.049732916832582,0.738,"2","EP300 interacting inhibitor of differentiation 1"
"D030028A08Rik",-0.0497315968239347,0.742,"11","RIKEN cDNA D030028A08 gene"
"Ttc5",0.0497230321933833,0.7108,"14","tetratricopeptide repeat domain 5"
"Cbarp",-0.0497102857305087,0.602,"10","calcium channel, voltage-dependent, beta subunit associated regulatory protein"
"Immt",0.0497099599034607,0.4352,"6","inner membrane protein, mitochondrial"
"Ndufs6",0.0497088323001025,0.718,"13","NADH:ubiquinone oxidoreductase core subunit S6"
"Pik3c3",0.0497079933198954,0.4844,"18","phosphatidylinositol 3-kinase catalytic subunit type 3"
"Cdk20",0.0497002357121694,0.6852,"13","cyclin-dependent kinase 20"
"Wdr47",0.0496857373891784,0.5964,"3","WD repeat domain 47"
"Fam219aos",-0.0496817229273141,0.6596,"4","family with sequence similarity 219, member A, opposite strand"
"Naa80",0.0496639579804388,0.742,"9","N(alpha)-acetyltransferase 80, NatH catalytic subunit"
"Mcm9",0.0496557341213228,0.6084,"10","minichromosome maintenance 9 homologous recombination repair factor"
"Kalrn",-0.0496429298293162,0.5484,"16","kalirin, RhoGEF kinase"
"Abl1",-0.0496313853701542,0.5472,"2","c-abl oncogene 1, non-receptor tyrosine kinase"
"Fam168b",-0.0495890489266753,0.4232,"1","family with sequence similarity 168, member B"
"Nav3",-0.0495866356146069,0.6756,"10","neuron navigator 3"
"Chmp1b",0.0495766772686537,0.6272,"18","charged multivesicular body protein 1B"
"Csrnp1",-0.0495440910334035,0.6624,"9","cysteine-serine-rich nuclear protein 1"
"Lgmn",-0.0495173871452224,0.6488,"12","legumain"
"1700003E16Rik",0.0494997920570786,0.6652,"6","RIKEN cDNA 1700003E16 gene"
"Lrfn3",-0.0494730219985593,0.7292,"7","leucine rich repeat and fibronectin type III domain containing 3"
"Fbxw11",-0.0494577048341309,0.4984,"11","F-box and WD-40 domain protein 11"
"Fam76b",0.0494548554725651,0.7744,"9","family with sequence similarity 76, member B"
"Flt3",0.0494548456247985,0.838,"5","FMS-like tyrosine kinase 3"
"Rab39b",-0.0494546484794691,0.7652,"X","RAB39B, member RAS oncogene family"
"Nlgn1",-0.0494335077574002,0.7732,"3","neuroligin 1"
"Cyfip2",-0.0494328487838231,0.6612,"11","cytoplasmic FMR1 interacting protein 2"
"Dbt",-0.0494153378291253,0.6368,"3","dihydrolipoamide branched chain transacylase E2"
"Mob2",0.0494088607101499,0.7168,"7","MOB kinase activator 2"
"Fndc3b",-0.049390360297584,0.7264,"3","fibronectin type III domain containing 3B"
"Cpeb1",0.0493831481198699,0.6564,"7","cytoplasmic polyadenylation element binding protein 1"
"Rbm10",0.0493764998787052,0.7288,"X","RNA binding motif protein 10"
"Mark1",-0.0493742061269504,0.334,"1","MAP/microtubule affinity regulating kinase 1"
"Msantd3",0.0493602686438956,0.7616,"4","Myb/SANT-like DNA-binding domain containing 3"
"Cd274",-0.049332751134221,0.7748,"19","CD274 antigen"
"Card6",0.0493151028152963,0.7676,"15","caspase recruitment domain family, member 6"
"Hspa5",0.0493121330080211,0.8604,"2","heat shock protein 5"
"Capzb",0.0493048612504943,0.7232,"4","capping actin protein of muscle Z-line subunit beta"
"Coil",0.0492765595514069,0.4944,"11","coilin"
"Stac2",-0.0492245492317647,0.67,"11","SH3 and cysteine rich domain 2"
"Mafg",-0.049224071234474,0.7688,"11","v-maf musculoaponeurotic fibrosarcoma oncogene family, protein G (avian)"
"Exosc5",-0.0492202816295224,0.7708,"7","exosome component 5"
"Eps15l1",0.0492167032154898,0.6848,"8","epidermal growth factor receptor pathway substrate 15-like 1"
"Ddah2",0.0491836352076813,0.7092,"17","dimethylarginine dimethylaminohydrolase 2"
"Fezf2",-0.049181890039911,0.6852,"14","Fez family zinc finger 2"
"Ajap1",0.0491816391882782,0.6228,"4","adherens junction associated protein 1"
"Grik1",-0.0491747356853138,0.8308,"16","glutamate receptor, ionotropic, kainate 1"
"Ppp1r3f",-0.0491676526785154,0.6588,"X","protein phosphatase 1, regulatory subunit 3F"
"Hif1a",-0.0491633101016253,0.8464,"12","hypoxia inducible factor 1, alpha subunit"
"Col11a2",0.0491610884637312,0.8284,"17","collagen, type XI, alpha 2"
"Zfp335",0.0491382839177827,0.7192,"2","zinc finger protein 335"
"Pdyn",0.0491356206930824,0.7492,"2","prodynorphin"
"Acss2",-0.049097666757457,0.6096,"2","acyl-CoA synthetase short-chain family member 2"
"Loxl3",-0.0490860047867279,0.8056,"6","lysyl oxidase-like 3"
"Pde7b",0.0490727537793072,0.6864,"10","phosphodiesterase 7B"
"Krt1",-0.0490702478484528,0.834,"15","keratin 1"
"4933431E20Rik",0.0490637738265196,0.4808,"3","RIKEN cDNA 4933431E20 gene"
"Mypop",-0.0490555872461629,0.5952,"7","Myb-related transcription factor, partner of profilin"
"Xpo7",0.0490357831391597,0.5968,"14","exportin 7"
"Gclc",0.0490005240411131,0.4324,"9","glutamate-cysteine ligase, catalytic subunit"
"Ogfr",0.0489665927876937,0.6016,"2","opioid growth factor receptor"
"Epb41l5",-0.0489556083183973,0.7512,"1","erythrocyte membrane protein band 4.1 like 5"
"Vash1",-0.0489511414583372,0.5968,"12","vasohibin 1"
"Krtcap2",0.0489466965913294,0.7768,"3","keratinocyte associated protein 2"
"Pcdhb5",0.0489075027005157,0.7688,"18","protocadherin beta 5"
"Ppm1f",-0.0488919297176826,0.5448,"16","protein phosphatase 1F (PP2C domain containing)"
"Impact",0.0488850767789737,0.4188,"18","impact, RWD domain protein"
"Polr1e",-0.0488679151096196,0.7052,"4","polymerase (RNA) I polypeptide E"
"Ndufb6",0.0488561717596667,0.7916,"4","NADH:ubiquinone oxidoreductase subunit B6"
"Slc7a14",0.0488516315913774,0.6764,"3","solute carrier family 7 (cationic amino acid transporter, y+ system), member 14"
"Nbeal1",-0.0488509010549985,0.8672,"1","neurobeachin like 1"
"Tcaim",-0.0488497543146256,0.6432,"9","T cell activation inhibitor, mitochondrial"
"Svop",-0.0488481146546293,0.6812,"5","SV2 related protein"
"Gatad2a",-0.0488465342222737,0.5008,"8","GATA zinc finger domain containing 2A"
"Zfp39",0.0488302653312016,0.7336,"11","zinc finger protein 39"
"Ctu2",0.0488231536459081,0.7708,"8","cytosolic thiouridylase subunit 2"
"Rnf208",0.0488203890561394,0.7564,"2","ring finger protein 208"
"Klk8",0.0488146656367432,0.746,"7","kallikrein related-peptidase 8"
"Arfip1",0.048811835430719,0.6264,"3","ADP-ribosylation factor interacting protein 1"
"Cotl1",-0.048798656128092,0.7572,"8","coactosin-like 1 (Dictyostelium)"
"Kcnc1",-0.0487948571444656,0.6472,"7","potassium voltage gated channel, Shaw-related subfamily, member 1"
"Has3",-0.0487936766997419,0.832,"8","hyaluronan synthase 3"
"Pde4b",-0.0487882280022482,0.714,"4","phosphodiesterase 4B, cAMP specific"
"Pigg",-0.0487736241879317,0.698,"5","phosphatidylinositol glycan anchor biosynthesis, class G"
"Arl5a",0.0487666749332716,0.6424,"2","ADP-ribosylation factor-like 5A"
"Iqcd",-0.0487604542257059,0.8688,"5","IQ motif containing D"
"Ppp2r5c",0.0487300130475248,0.5036,"12","protein phosphatase 2, regulatory subunit B', gamma"
"Eml3",0.0486974455158338,0.7092,"19","echinoderm microtubule associated protein like 3"
"Bub3",0.0486930077662286,0.6456,"7","BUB3 mitotic checkpoint protein"
"Vkorc1l1",-0.0486913860575955,0.6344,"5","vitamin K epoxide reductase complex, subunit 1-like 1"
"Gstt1",-0.0486870521761773,0.9088,"10","glutathione S-transferase, theta 1"
"Cgref1",-0.0486674226078567,0.7648,"5","cell growth regulator with EF hand domain 1"
"Asb6",-0.0486613906851749,0.6732,"2","ankyrin repeat and SOCS box-containing 6"
"3110082I17Rik",0.0486600043202978,0.7944,"5","RIKEN cDNA 3110082I17 gene"
"Sipa1l1",0.0486587725672987,0.6636,"12","signal-induced proliferation-associated 1 like 1"
"Zbed6",0.0486464097386907,0.95,"1","zinc finger, BED type containing 6"
"Pnkd",0.0486430221264254,0.6932,"1","paroxysmal nonkinesiogenic dyskinesia"
"Larp1b",-0.048611417064981,0.7128,"3","La ribonucleoprotein 1B"
"Ankdd1b",-0.04858526596492,0.6532,"13","ankyrin repeat and death domain containing 1B"
"Eif2ak4",0.0485475847232575,0.734,"2","eukaryotic translation initiation factor 2 alpha kinase 4"
"Pcsk5",-0.048536555522019,0.7328,"19","proprotein convertase subtilisin/kexin type 5"
"Dhrs1",0.0485356409063353,0.636,"14","dehydrogenase/reductase (SDR family) member 1"
"Ttll5",-0.0484985599640133,0.4176,"12","tubulin tyrosine ligase-like family, member 5"
"Pcna",0.0484961486740465,0.7164,"2","proliferating cell nuclear antigen"
"Chmp1a",0.048488265438392,0.6464,"8","charged multivesicular body protein 1A"
"Sh3glb2",0.048483811583794,0.642,"2","SH3-domain GRB2-like endophilin B2"
"Ibtk",0.0484695106469157,0.7112,"9","inhibitor of Bruton agammaglobulinemia tyrosine kinase"
"Sod1",0.0484608992870088,0.7552,"16","superoxide dismutase 1, soluble"
"Sort1",-0.0484517213863356,0.5016,"3","sortilin 1"
"Dpp8",-0.0484423598553967,0.6816,"9","dipeptidylpeptidase 8"
"Cdk10",0.0484237406289383,0.774,"8","cyclin-dependent kinase 10"
"Zmynd10",0.0484174508698407,0.858,"9","zinc finger, MYND domain containing 10"
"Pepd",-0.0484098257737431,0.7424,"7","peptidase D"
"Dnal1",0.0484007610801216,0.6216,"12","dynein, axonemal, light chain 1"
"Fcgrt",-0.0483875701266316,0.7692,"7","Fc fragment of IgG receptor and transporter"
"Cd83",-0.0483721715870171,0.7328,"13","CD83 antigen"
"Oard1",0.0483719213393266,0.5748,"17","O-acyl-ADP-ribose deacylase 1"
"Repin1",0.0483565913245281,0.5484,"6","replication initiator 1"
"Tfam",-0.0483539392260202,0.4364,"10","transcription factor A, mitochondrial"
"Rabl3",-0.0483528571800527,0.6708,"16","RAB, member RAS oncogene family-like 3"
"Stx7",0.048331885000283,0.498,"10","syntaxin 7"
"Cnih4",0.0483256618453813,0.7668,"1","cornichon family AMPA receptor auxiliary protein 4"
"Ldlrad3",-0.0483186379140017,0.668,"2","low density lipoprotein receptor class A domain containing 3"
"Zfp81",-0.0483183010142665,0.876,"17","zinc finger protein 81"
"Polr3d",0.0483176096279694,0.4976,"14","polymerase (RNA) III (DNA directed) polypeptide D"
"Erlin2",-0.0483061836702001,0.5792,"8","ER lipid raft associated 2"
"Tra2b",0.0482270694973082,0.4716,"16","transformer 2 beta"
"Kif21a",-0.0482159798209532,0.6568,"15","kinesin family member 21A"
"Aldh1l2",0.0482086444535939,0.7692,"10","aldehyde dehydrogenase 1 family, member L2"
"Ube2k",0.0482076422363749,0.4144,"5","ubiquitin-conjugating enzyme E2K"
"Tinf2",0.0481806785245933,0.6728,"14","Terf1 (TRF1)-interacting nuclear factor 2"
"Ppp1r16a",0.0481601824400251,0.8112,"15","protein phosphatase 1, regulatory subunit 16A"
"C4b",0.0481503838752699,0.7984,"17","complement component 4B (Chido blood group)"
"Myo9a",-0.0481460562037572,0.7624,"9","myosin IXa"
"Gpr89",0.0481297709985569,0.598,"3","G protein-coupled receptor 89"
"Cacna1i",-0.0481164549269808,0.8572,"15","calcium channel, voltage-dependent, alpha 1I subunit"
"Smarca4",-0.0481129545070944,0.4444,"9","SWI/SNF related, matrix associated, actin dependent regulator of chromatin, subfamily a, member 4"
"Aldh7a1",-0.0480553503494274,0.554,"18","aldehyde dehydrogenase family 7, member A1"
"Coro1c",-0.0480550784560831,0.468,"5","coronin, actin binding protein 1C"
"Rph3a",0.0480386973112736,0.6504,"5","rabphilin 3A"
"Fndc3a",-0.0480341744379364,0.7644,"14","fibronectin type III domain containing 3A"
"Rhou",-0.0480181116565008,0.8088,"8","ras homolog family member U"
"Mogs",0.0480153875431526,0.5144,"6","mannosyl-oligosaccharide glucosidase"
"Zfp280c",0.0479656748837938,0.8688,"X","zinc finger protein 280C"
"Mbnl1",0.0479634084472433,0.4892,"3","muscleblind like splicing factor 1"
"Mzt2",0.0479633042145533,0.8316,"16","mitotic spindle organizing protein 2"
"Zfp641",0.047959797222425,0.7872,"15","zinc finger protein 641"
"Mrtfa",-0.0479341187242071,0.642,"15","myocardin related transcription factor A"
"Nol6",-0.0478970608141331,0.494,"4","nucleolar protein family 6 (RNA-associated)"
"Hcn3",0.0478854981988754,0.8704,"3","hyperpolarization-activated, cyclic nucleotide-gated K+ 3"
"Oma1",0.0478847180142283,0.6768,"4","OMA1 zinc metallopeptidase"
"Mrps12",0.047857757412328,0.7164,"7","mitochondrial ribosomal protein S12"
"Usp37",0.0478559903630389,0.61,"1","ubiquitin specific peptidase 37"
"Akap10",-0.0478559760707062,0.6676,"11","A kinase (PRKA) anchor protein 10"
"Map4",-0.047844880517756,0.4168,"9","microtubule-associated protein 4"
"Slc27a4",-0.0478347434285604,0.6808,"2","solute carrier family 27 (fatty acid transporter), member 4"
"Kcnk9",0.0478152968698442,0.8888,"15","potassium channel, subfamily K, member 9"
"Stxbp5",0.0478128184258404,0.5636,"10","syntaxin binding protein 5 (tomosyn)"
"Mfap3",0.0478071216025366,0.6036,"11","microfibrillar-associated protein 3"
"Sox2ot",0.0477999487884286,0.7612,"3","SOX2 overlapping transcript (non-protein coding)"
"Trp53rka",-0.0477917140598594,0.6772,"2","transformation related protein 53 regulating kinase A"
"Itga3",-0.0477832327036398,0.7784,"11","integrin alpha 3"
"Shprh",-0.0477804971295166,0.7756,"10","SNF2 histone linker PHD RING helicase"
"Ahcy",-0.0477754652324687,0.7604,"2","S-adenosylhomocysteine hydrolase"
"Oxnad1",0.0477738125986518,0.5748,"14","oxidoreductase NAD-binding domain containing 1"
"Bach1",-0.0477665116621933,0.6192,"16","BTB and CNC homology 1, basic leucine zipper transcription factor 1"
"1600014C10Rik",0.0477663765350407,0.5272,"7","RIKEN cDNA 1600014C10 gene"
"Krcc1",-0.0477193748947862,0.66,"6","lysine-rich coiled-coil 1"
"Perm1",-0.0477066287011514,0.8652,"4","PPARGC1 and ESRR induced regulator, muscle 1"
"Ccdc170",0.0477042400157122,0.9252,"10","coiled-coil domain containing 170"
"Mink1",-0.0477028202271992,0.378,"11","misshapen-like kinase 1 (zebrafish)"
"Zfp568",0.0476982526095375,0.8972,"7","zinc finger protein 568"
"Atp2c1",0.0476924440028075,0.5904,"9","ATPase, Ca++-sequestering"
"Eef1e1",0.0476559419309992,0.6052,"13","eukaryotic translation elongation factor 1 epsilon 1"
"Dnaja4",-0.0476333169560554,0.7036,"9","DnaJ heat shock protein family (Hsp40) member A4"
"Egln2",-0.0476182431621082,0.6704,"7","egl-9 family hypoxia-inducible factor 2"
"Zfp870",0.0476018019654316,0.6384,"17","zinc finger protein 870"
"Phc1",0.0475956288592521,0.638,"6","polyhomeotic 1"
"Ormdl1",-0.047591370662261,0.714,"1","ORM1-like 1 (S. cerevisiae)"
"Gpr22",0.0475849838820714,0.6616,"12","G protein-coupled receptor 22"
"Nanos1",-0.0475839342242264,0.7176,"19","nanos C2HC-type zinc finger 1"
"Snrpb2",0.047582338605725,0.5952,"2","U2 small nuclear ribonucleoprotein B"
"Ubtd2",0.0475722681125328,0.5884,"11","ubiquitin domain containing 2"
"Pomp",-0.04756845629782,0.6684,"5","proteasome maturation protein"
"Bcap31",0.047557107115729,0.6516,"X","B cell receptor associated protein 31"
"Zswim8",0.0475230008031877,0.796,"14","zinc finger SWIM-type containing 8"
"Ssr3",0.0475221349642272,0.5696,"3","signal sequence receptor, gamma"
"Cnot2",0.0475046139890347,0.5452,"10","CCR4-NOT transcription complex, subunit 2"
"Plpp5",0.0475038838306148,0.6368,"8","phospholipid phosphatase 5"
"Pdia6",0.0474938819399124,0.8372,"12","protein disulfide isomerase associated 6"
"Tmem109",0.0474935076940195,0.654,"19","transmembrane protein 109"
"Ccnt2",-0.0474759375651796,0.8584,"1","cyclin T2"
"Pde8a",-0.0474734079315038,0.7884,"7","phosphodiesterase 8A"
"Tmem231",-0.0474658409319701,0.518,"8","transmembrane protein 231"
"Lrrtm1",-0.0474642079149019,0.6288,"6","leucine rich repeat transmembrane neuronal 1"
"2810004N23Rik",0.0474609138582878,0.7084,"8","RIKEN cDNA 2810004N23 gene"
"Kmt2e",0.0474512560170064,0.6828,"5","lysine (K)-specific methyltransferase 2E"
"Zfp976",0.0474258118724866,0.79,"7","zinc finger protein 976"
"Laptm4a",0.0474212850593423,0.6896,"12","lysosomal-associated protein transmembrane 4A"
"Zc2hc1a",0.0474103291693169,0.7192,"3","zinc finger, C2HC-type containing 1A"
"Brd3os",0.0474065445241161,0.5552,"2","bromodomain containing 3, opposite strand"
"Slc25a1",0.0473935327278081,0.716,"16","solute carrier family 25 (mitochondrial carrier, citrate transporter), member 1"
"Adgrb2",0.0473794824465656,0.688,"4","adhesion G protein-coupled receptor B2"
"Slc39a1",0.0473794566030987,0.7048,"3","solute carrier family 39 (zinc transporter), member 1"
"Ube2g1",0.0473752210885365,0.6576,"11","ubiquitin-conjugating enzyme E2G 1"
"Psmc3",0.0473649737850188,0.644,"2","proteasome (prosome, macropain) 26S subunit, ATPase 3"
"Rnf20",0.0473622925338999,0.7064,"4","ring finger protein 20"
"Siah2",0.047324508773559,0.7444,"3","siah E3 ubiquitin protein ligase 2"
"B4galt5",0.0472951497301723,0.6264,"2","UDP-Gal:betaGlcNAc beta 1,4-galactosyltransferase, polypeptide 5"
"Pogk",-0.0472881503720748,0.7872,"1","pogo transposable element with KRAB domain"
"Edc3",-0.0472657677180228,0.6848,"9","enhancer of mRNA decapping 3"
"Fancc",0.0472446116121201,0.7528,"13","Fanconi anemia, complementation group C"
"Mbp",0.0472208606259219,0.9204,"18","myelin basic protein"
"Pccb",-0.0472145094985423,0.4884,"9","propionyl Coenzyme A carboxylase, beta polypeptide"
"Mbd1",0.0472058125967623,0.6492,"18","methyl-CpG binding domain protein 1"
"Gpam",0.0472038140135433,0.4164,"19","glycerol-3-phosphate acyltransferase, mitochondrial"
"Agpat4",-0.0472012589806976,0.7152,"17","1-acylglycerol-3-phosphate O-acyltransferase 4 (lysophosphatidic acid acyltransferase, delta)"
"Bcl11a",0.0471925339817725,0.5832,"11","B cell CLL/lymphoma 11A (zinc finger protein)"
"Ppard",-0.0471812890708483,0.4344,"17","peroxisome proliferator activator receptor delta"
"Ppard",-0.0471812890708483,0.4344,"17","peroxisome proliferator activator receptor delta"
"Unc13a",0.04716876444928,0.7812,"8","unc-13 homolog A"
"Axin1",-0.0471578303601623,0.4928,"17","axin 1"
"Cdc16",0.0471376608348262,0.44,"8","CDC16 cell division cycle 16"
"Clvs1",0.0471230968606173,0.8504,"4","clavesin 1"
"Kcnc3",-0.0471226709015831,0.716,"7","potassium voltage gated channel, Shaw-related subfamily, member 3"
"Nck2",0.0470943153269605,0.608,"1","non-catalytic region of tyrosine kinase adaptor protein 2"
"Lrrc8a",-0.0470767114380779,0.454,"2","leucine rich repeat containing 8A VRAC subunit A"
"Sh3bp5l",-0.0470549915025424,0.656,"11","SH3 binding domain protein 5 like"
"Zfp236",0.0470542659574527,0.5432,"18","zinc finger protein 236"
"Sqstm1",0.0470418524655205,0.6716,"11","sequestosome 1"
"Hipk4",-0.0470227833906538,0.788,"7","homeodomain interacting protein kinase 4"
"Upf3b",0.0470200127950493,0.7016,"X","UPF3 regulator of nonsense transcripts homolog B (yeast)"
"Susd4",0.0470047447133384,0.5836,"1","sushi domain containing 4"
"Arpp19",0.0470003079556456,0.7188,"9","cAMP-regulated phosphoprotein 19"
"Pcnp",0.0469818806235969,0.5692,"16","PEST proteolytic signal containing nuclear protein"
"Zfp365",0.0469646408981674,0.6376,"10","zinc finger protein 365"
"Pdxdc1",0.046950561431327,0.5824,"16","pyridoxal-dependent decarboxylase domain containing 1"
"Lrp11",-0.0469430229019832,0.6068,"10","low density lipoprotein receptor-related protein 11"
"Sh3pxd2a",-0.0469219306033786,0.6152,"19","SH3 and PX domains 2A"
"Map4k3",0.0468995655468554,0.7156,"17","mitogen-activated protein kinase kinase kinase kinase 3"
"Iws1",0.0468712604238899,0.7056,"18","IWS1, SUPT6 interacting protein"
"Nup93",0.0468603122865705,0.3796,"8","nucleoporin 93"
"Extl2",0.0468494253302891,0.5756,"3","exostosin-like glycosyltransferase 2"
"Eif4e",0.0468399731697664,0.5636,"3","eukaryotic translation initiation factor 4E"
"S100pbp",0.0468307798846475,0.466,"4","S100P binding protein"
"Mapre2",-0.0467927572104481,0.5944,"18","microtubule-associated protein, RP/EB family, member 2"
"Gpatch2l",-0.0467804727294796,0.4892,"12","G patch domain containing 2 like"
"Nav2",0.0467801742978775,0.8584,"7","neuron navigator 2"
"Rab11b",0.0467759793960791,0.7132,"17","RAB11B, member RAS oncogene family"
"Grb14",-0.0467677023163713,0.7052,"2","growth factor receptor bound protein 14"
"Psmd11",0.0467528666510635,0.6096,"11","proteasome (prosome, macropain) 26S subunit, non-ATPase, 11"
"Man1a2",-0.0467508543657864,0.6416,"3","mannosidase, alpha, class 1A, member 2"
"Zfp275",-0.0467327958963732,0.554,"X","zinc finger protein 275"
"Vsnl1",0.046718475122896,0.7472,"12","visinin-like 1"
"Tmem132a",0.0467155326201194,0.5628,"19","transmembrane protein 132A"
"Ddx59",0.0466799516594345,0.792,"1","DEAD box helicase 59"
"Spg7",0.0466533393681292,0.598,"8","SPG7, paraplegin matrix AAA peptidase subunit"
"Xrn2",0.0466221632633887,0.6508,"2","5'-3' exoribonuclease 2"
"2700049A03Rik",0.0466038128198014,0.7504,"12","RIKEN cDNA 2700049A03 gene"
"Avp",-0.0465954692552152,0.9092,"2","arginine vasopressin"
"Birc6",0.0465918540479677,0.7628,"17","baculoviral IAP repeat-containing 6"
"Sephs1",0.0465863808620339,0.5408,"2","selenophosphate synthetase 1"
"Dsp",0.0465736897103124,0.7104,"13","desmoplakin"
"Cask",0.0465713762235538,0.5244,"X","calcium/calmodulin-dependent serine protein kinase (MAGUK family)"
"Tspyl4",-0.0465624012220687,0.6584,"10","TSPY-like 4"
"Paxip1",0.0465615656876563,0.5724,"5","PAX interacting (with transcription-activation domain) protein 1"
"Slc30a10",0.0465540114163305,0.7312,"1","solute carrier family 30, member 10"
"Cep85l",-0.0465516046568792,0.7512,"10","centrosomal protein 85-like"
"Sgta",-0.0465242476930703,0.6528,"10","small glutamine-rich tetratricopeptide repeat (TPR)-containing, alpha"
"Dnase1",-0.0465235412838858,0.8012,"16","deoxyribonuclease I"
"Dcaf1",0.0465214744475624,0.5912,"9","DDB1 and CUL4 associated factor 1"
"Skida1",-0.0465158656284492,0.586,"2","SKI/DACH domain containing 1"
"B3gat1",0.0465071770141741,0.6764,"9","beta-1,3-glucuronyltransferase 1 (glucuronosyltransferase P)"
"Igsf8",0.0464892250437456,0.5776,"1","immunoglobulin superfamily, member 8"
"Nfu1",0.0464833138800405,0.7192,"6","NFU1 iron-sulfur cluster scaffold"
"Psd3",-0.0464709507414973,0.7464,"8","pleckstrin and Sec7 domain containing 3"
"Suclg2",0.0464473558049399,0.6664,"6","succinate-Coenzyme A ligase, GDP-forming, beta subunit"
"Ubr3",-0.0464456014615386,0.7404,"2","ubiquitin protein ligase E3 component n-recognin 3"
"Mrps6",0.046438537054176,0.8548,"16","mitochondrial ribosomal protein S6"
"Tmem199",0.0464223271743389,0.442,"11","transmembrane protein 199"
"Nt5c3",0.0464188332466273,0.6752,"6","5'-nucleotidase, cytosolic III"
"Tafa2",0.0464186016774848,0.7092,"10","TAFA chemokine like family member 2"
"Zfp93",0.046392584473804,0.562,"7","zinc finger protein 93"
"Tor3a",-0.0463557822653873,0.616,"1","torsin family 3, member A"
"Aldh1b1",-0.0463315719820967,0.7952,"4","aldehyde dehydrogenase 1 family, member B1"
"Ccser2",-0.0463312389134973,0.5452,"14","coiled-coil serine rich 2"
"Armcx4",0.046328332775194,0.7764,"X","armadillo repeat containing, X-linked 4"
"Mthfd1",0.0462927652322929,0.3804,"12","methylenetetrahydrofolate dehydrogenase (NADP+ dependent), methenyltetrahydrofolate cyclohydrolase, formyltetrahydrofolate synthase"
"Nfib",0.0462871429425968,0.5196,"4","nuclear factor I/B"
"Tusc2",0.0462701762401307,0.6976,"9","tumor suppressor 2, mitochondrial calcium regulator"
"Tmem125",-0.0462555695855404,0.8524,"4","transmembrane protein 125"
"Ppih",0.0462206059363242,0.7424,"4","peptidyl prolyl isomerase H"
"Gabra1",-0.0462188843892219,0.8332,"11","gamma-aminobutyric acid (GABA) A receptor, subunit alpha 1"
"Larp4",0.0461914004944939,0.6684,"15","La ribonucleoprotein 4"
"Ube2q1",0.0461878609600284,0.57,"3","ubiquitin-conjugating enzyme E2Q family member 1"
"Abcb8",0.0461825815960983,0.692,"5","ATP-binding cassette, sub-family B (MDR/TAP), member 8"
"C330018D20Rik",-0.0461555481626856,0.7212,"18","RIKEN cDNA C330018D20 gene"
"Prkacb",0.0461514699593391,0.5688,"3","protein kinase, cAMP dependent, catalytic, beta"
"Txn2",0.0461513844935153,0.7808,"15","thioredoxin 2"
"Map3k7",0.0461475174902963,0.5876,"4","mitogen-activated protein kinase kinase kinase 7"
"Myadm",-0.046142595785355,0.4364,"7","myeloid-associated differentiation marker"
"Gria3",0.0461188286230163,0.724,"X","glutamate receptor, ionotropic, AMPA3 (alpha 3)"
"Yrdc",-0.0461074674291844,0.7112,"4","yrdC domain containing (E.coli)"
"Utp18",0.0460972460605165,0.484,"11","UTP18 small subunit processome component"
"Hr",-0.0460854597756217,0.642,"14","lysine demethylase and nuclear receptor corepressor"
"Slc49a4",0.0460723419133391,0.602,"16","solute carrier family 49 member 4"
"Sfpq",0.0460709707863902,0.6828,"4","splicing factor proline/glutamine rich (polypyrimidine tract binding protein associated)"
"Tmco3",-0.0460686555674741,0.6324,"8","transmembrane and coiled-coil domains 3"
"Gtf2ird1",0.0460557147456497,0.7824,"5","general transcription factor II I repeat domain-containing 1"
"Syt13",-0.0460528842142445,0.5648,"2","synaptotagmin XIII"
"Creg1",0.0460312301607368,0.5444,"1","cellular repressor of E1A-stimulated genes 1"
"Phf2",0.0460308208033071,0.64,"13","PHD finger protein 2"
"Cyth1",0.0460227132727233,0.4744,"11","cytohesin 1"
"Pold2",0.046020532146902,0.7216,"11","polymerase (DNA directed), delta 2, regulatory subunit"
"Gli2",0.0460032233385088,0.864,"1","GLI-Kruppel family member GLI2"
"Syngr3",0.0459949655856988,0.6912,"17","synaptogyrin 3"
"Mbnl2",0.0459794194357439,0.6268,"14","muscleblind like splicing factor 2"
"Zfp853",0.0459719757254633,0.8892,"5","zinc finger protein 853"
"Ncbp1",0.0459491510172425,0.522,"4","nuclear cap binding protein subunit 1"
"Hnrnpab",0.0459475263725597,0.6672,"11","heterogeneous nuclear ribonucleoprotein A/B"
"Hmbox1",0.0459441307855748,0.7924,"14","homeobox containing 1"
"Serp1",0.0459435605584027,0.5312,"3","stress-associated endoplasmic reticulum protein 1"
"Nceh1",-0.0459088421198226,0.7152,"3","neutral cholesterol ester hydrolase 1"
"Zscan25",-0.0459081493452391,0.7772,"5","zinc finger and SCAN domain containing 25"
"Nap1l5",0.0458928936352212,0.632,"6","nucleosome assembly protein 1-like 5"
"Jph4",0.0458849714296292,0.71,"14","junctophilin 4"
"Pcdh9",-0.0458767554997053,0.788,"14","protocadherin 9"
"Rnf181",0.0458760891493704,0.7432,"6","ring finger protein 181"
"Hectd3",0.04586576842404,0.4992,"4","HECT domain E3 ubiquitin protein ligase 3"
"Plekha6",-0.0458493238952684,0.83,"1","pleckstrin homology domain containing, family A member 6"
"Nbr1",-0.0458470213640236,0.3372,"11","NBR1, autophagy cargo receptor"
"Psmd2",-0.0458185905748412,0.5236,"16","proteasome (prosome, macropain) 26S subunit, non-ATPase, 2"
"Purb",0.0458133444568158,0.6404,"11","purine rich element binding protein B"
"Dnmbp",-0.0457979399795878,0.656,"19","dynamin binding protein"
"1110004F10Rik",0.0457967917044728,0.626,"7","RIKEN cDNA 1110004F10 gene"
"Timeless",-0.0457929265017392,0.7868,"10","timeless circadian clock 1"
"Ralbp1",0.0457925808902608,0.6344,"17","ralA binding protein 1"
"Dclk1",-0.045792283959905,0.66,"3","doublecortin-like kinase 1"
"Csnk1g3",-0.0457906737836069,0.686,"18","casein kinase 1, gamma 3"
"Spryd3",-0.045769053934408,0.6564,"15","SPRY domain containing 3"
"Lgi3",-0.045759169149389,0.6592,"14","leucine-rich repeat LGI family, member 3"
"Gfod2",-0.045752233222637,0.7124,"8","glucose-fructose oxidoreductase domain containing 2"
"Eif2b2",0.0456378735987037,0.688,"12","eukaryotic translation initiation factor 2B, subunit 2 beta"
"Eif5b",0.0456181735445691,0.4776,"1","eukaryotic translation initiation factor 5B"
"Rap1gap2",-0.0455843768051558,0.492,"11","RAP1 GTPase activating protein 2"
"Ube2s",0.0455748434072856,0.7252,"7","ubiquitin-conjugating enzyme E2S"
"Nek9",-0.0455706272247571,0.65,"12","NIMA (never in mitosis gene a)-related expressed kinase 9"
"Tshz3",0.0455650279931215,0.7612,"7","teashirt zinc finger family member 3"
"Nup98",0.0455408777372179,0.5252,"7","nucleoporin 98"
"Dnm3",-0.0455150348448274,0.4824,"1","dynamin 3"
"Smarcc2",0.0455131031065807,0.5352,"10","SWI/SNF related, matrix associated, actin dependent regulator of chromatin, subfamily c, member 2"
"Rpl8",0.0454654946667574,0.7504,"15","ribosomal protein L8"
"Dnpep",0.0454598114486604,0.6832,"1","aspartyl aminopeptidase"
"Skil",-0.0454388980169433,0.7588,"3","SKI-like"
"Rprm",-0.0454301761868368,0.8076,"2","reprimo, TP53 dependent G2 arrest mediator candidate"
"Slain1",0.0454116011168937,0.7072,"14","SLAIN motif family, member 1"
"Hint2",-0.045401093289104,0.7704,"4","histidine triad nucleotide binding protein 2"
"Cdh24",0.0453928246002224,0.9056,"14","cadherin-like 24"
"Hnrnpr",-0.0453890324428734,0.5988,"4","heterogeneous nuclear ribonucleoprotein R"
"Pum3",0.0453885409403734,0.6228,"19","pumilio RNA-binding family member 3"
"Zfp454",-0.045386978526444,0.756,"11","zinc finger protein 454"
"Tagap1",0.0453784621035798,0.5896,"17","T cell activation GTPase activating protein 1"
"Cacna1b",-0.045372309984681,0.738,"2","calcium channel, voltage-dependent, N type, alpha 1B subunit"
"Dhx35",0.0453714849800164,0.8204,"2","DEAH (Asp-Glu-Ala-His) box polypeptide 35"
"Idh3a",0.0453518367868524,0.5976,"9","isocitrate dehydrogenase 3 (NAD+) alpha"
"Ndp",0.0453319908096796,0.7764,"X","Norrie disease (pseudoglioma) (human)"
"Rock2",0.0453195934391895,0.6412,"12","Rho-associated coiled-coil containing protein kinase 2"
"Alcam",-0.0453172206523256,0.6996,"16","activated leukocyte cell adhesion molecule"
"Scamp3",-0.0453121973983639,0.8352,"3","secretory carrier membrane protein 3"
"Rhog",-0.0453062025499369,0.9344,"7","ras homolog family member G"
"Gtpbp3",0.0452639622964321,0.7272,"8","GTP binding protein 3"
"Srgap3",-0.0452594456317748,0.5836,"6","SLIT-ROBO Rho GTPase activating protein 3"
"Exoc8",0.0452337117193355,0.5552,"8","exocyst complex component 8"
"Hnrnpll",0.0452335959400045,0.638,"17","heterogeneous nuclear ribonucleoprotein L-like"
"Grhl1",0.0452270978898435,0.782,"12","grainyhead like transcription factor 1"
"Kcnj9",-0.0452094472990137,0.7752,"1","potassium inwardly-rectifying channel, subfamily J, member 9"
"Cops2",0.0452018363828497,0.6648,"2","COP9 signalosome subunit 2"
"Dapk1",-0.0451949034125052,0.672,"13","death associated protein kinase 1"
"6330403K07Rik",0.0451893297067905,0.6728,"11","RIKEN cDNA 6330403K07 gene"
"Dhdds",0.0451728506326869,0.5828,"4","dehydrodolichyl diphosphate synthase"
"Kcnt1",-0.0451717162364877,0.8408,"2","potassium channel, subfamily T, member 1"
"Bcl7a",0.0451667526436967,0.5504,"5","B cell CLL/lymphoma 7A"
"Herpud2",-0.0451576147990567,0.5864,"9","HERPUD family member 2"
"Setd7",-0.0451408062659544,0.6016,"3","SET domain containing (lysine methyltransferase) 7"
"Eif4g2",-0.0451256856374069,0.652,"7","eukaryotic translation initiation factor 4, gamma 2"
"Cptp",0.0451119423169848,0.7108,"4","ceramide-1-phosphate transfer protein"
"Thop1",0.0451040058684802,0.6796,"10","thimet oligopeptidase 1"
"Ermn",-0.045102702119876,0.8588,"2","ermin, ERM-like protein"
"Jrk",0.045100662097278,0.8428,"15","jerky"
"Fbxo32",-0.045052823468863,0.7848,"15","F-box protein 32"
"Ptcd3",0.045038517555394,0.6028,"6","pentatricopeptide repeat domain 3"
"Ampd3",0.0450316663341663,0.6904,"7","adenosine monophosphate deaminase 3"
"Rnps1",0.0450268053090221,0.314,"17","RNA binding protein with serine rich domain 1"
"Tsg101",0.0450207340502269,0.6316,"7","tumor susceptibility gene 101"
"Atp2a2",-0.0450201835030732,0.474,"5","ATPase, Ca++ transporting, cardiac muscle, slow twitch 2"
"Drap1",0.0450045568545709,0.7684,"19","Dr1 associated protein 1 (negative cofactor 2 alpha)"
"Acap3",0.0450037802221903,0.5568,"4","ArfGAP with coiled-coil, ankyrin repeat and PH domains 3"
"Prkcg",0.0449901177444456,0.734,"7","protein kinase C, gamma"
"Rin1",0.044980536527226,0.7008,"19","Ras and Rab interactor 1"
"Kazn",-0.0449627702205451,0.7476,"4","kazrin, periplakin interacting protein"
"Als2cl",-0.0449624778948539,0.8288,"9","ALS2 C-terminal like"
"Tnfaip8l3",0.0449499759073642,0.8368,"9","tumor necrosis factor, alpha-induced protein 8-like 3"
"Zfp27",-0.0449291813443784,0.5576,"7","zinc finger protein 27"
"Uhrf2",-0.0449242982971514,0.6828,"19","ubiquitin-like, containing PHD and RING finger domains 2"
"Ptn",0.0449232193322695,0.3608,"6","pleiotrophin"
"Gga1",0.0449192958652311,0.6264,"15","golgi associated, gamma adaptin ear containing, ARF binding protein 1"
"Celsr1",0.0449172653507355,0.7256,"15","cadherin, EGF LAG seven-pass G-type receptor 1"
"Nudc",0.0448995372168461,0.7216,"4","nudC nuclear distribution protein"
"Pcnx3",-0.0448967945524279,0.7396,"19","pecanex homolog 3"
"Utp4",0.0448720796782016,0.5972,"8","UTP4 small subunit processome component"
"Rrbp1",-0.0448705302528642,0.7208,"2","ribosome binding protein 1"
"Crip2",0.0448606137256009,0.746,"12","cysteine rich protein 2"
"Slc26a8",0.044832597303945,0.8296,"17","solute carrier family 26, member 8"
"Adar",-0.0448053065413383,0.4712,"3","adenosine deaminase, RNA-specific"
"Kctd15",0.0447882867128575,0.6916,"7","potassium channel tetramerisation domain containing 15"
"Ubl7",0.0447833557378177,0.6808,"9","ubiquitin-like 7 (bone marrow stromal cell-derived)"
"Acp6",0.0447681947196426,0.8144,"3","acid phosphatase 6, lysophosphatidic"
"Pdzd2",0.0447673094106946,0.7464,"15","PDZ domain containing 2"
"St8sia5",0.0447598113922867,0.7336,"18","ST8 alpha-N-acetyl-neuraminide alpha-2,8-sialyltransferase 5"
"Scamp5",-0.0447389142090255,0.6,"9","secretory carrier membrane protein 5"
"Ap4s1",0.0447337148864504,0.664,"12","adaptor-related protein complex AP-4, sigma 1"
"Nenf",0.0447264212722773,0.776,"1","neuron derived neurotrophic factor"
"Afdn",0.0447048309383682,0.758,"17","afadin, adherens junction formation factor"
"Nop53",0.0446991478027163,0.7228,"7","NOP53 ribosome biogenesis factor"
"Rps6kc1",-0.0446559022844326,0.5704,"1","ribosomal protein S6 kinase polypeptide 1"
"Psmd8",0.0446407656031216,0.6656,"7","proteasome (prosome, macropain) 26S subunit, non-ATPase, 8"
"Entpd7",-0.044630277522157,0.4128,"19","ectonucleoside triphosphate diphosphohydrolase 7"
"Mpdu1",-0.044625047552965,0.6676,"11","mannose-P-dolichol utilization defect 1"
"Pdzk1",-0.0446005981624169,0.5928,"3","PDZ domain containing 1"
"Inip",0.0445984644638866,0.542,"4","INTS3 and NABP interacting protein"
"Fam219b",-0.0445879901269119,0.5544,"9","family with sequence similarity 219, member B"
"Mras",0.044575910827243,0.694,"9","muscle and microspikes RAS"
"Cinp",-0.0445747184860004,0.65,"12","cyclin-dependent kinase 2 interacting protein"
"Syt3",0.0445685681353627,0.8208,"7","synaptotagmin III"
"Adora1",-0.0445645850409591,0.5932,"1","adenosine A1 receptor"
"Txnl4a",0.044555417901412,0.6876,"18","thioredoxin-like 4A"
"Wdpcp",-0.0445408865909673,0.6744,"11","WD repeat containing planar cell polarity effector"
"Ppp6r1",-0.0445399137803015,0.3652,"7","protein phosphatase 6, regulatory subunit 1"
"Gm2a",0.0445397865439539,0.6964,"11","GM2 ganglioside activator protein"
"Zfp777",-0.0445230805248764,0.6164,"6","zinc finger protein 777"
"Tmem86a",-0.0445131069358631,0.8052,"7","transmembrane protein 86A"
"Snrpb",-0.0444863496236785,0.7432,"2","small nuclear ribonucleoprotein B"
"Chmp4b",0.0444512332451907,0.648,"2","charged multivesicular body protein 4B"
"Epc1",0.0444482706926221,0.5288,"18","enhancer of polycomb homolog 1"
"Pola2",-0.0444397394968146,0.5892,"19","polymerase (DNA directed), alpha 2"
"Sap30l",0.0444355434795005,0.7364,"11","SAP30-like"
"Slc38a3",-0.0444314933707481,0.8384,"9","solute carrier family 38, member 3"
"Slc35c1",-0.0444268815758653,0.6128,"2","solute carrier family 35, member C1"
"Sdhb",0.0444234459612503,0.7524,"4","succinate dehydrogenase complex, subunit B, iron sulfur (Ip)"
"Rmdn3",0.0444222646523409,0.4792,"2","regulator of microtubule dynamics 3"
"Zfp426",0.0443978691721965,0.3872,"9","zinc finger protein 426"
"Ppil1",0.0443734745642947,0.7008,"17","peptidylprolyl isomerase (cyclophilin)-like 1"
"Tet1",-0.0443583204287457,0.8164,"10","tet methylcytosine dioxygenase 1"
"Heatr5a",0.044310922686766,0.8044,"12","HEAT repeat containing 5A"
"Raf1",-0.0443025423136429,0.4868,"6","v-raf-leukemia viral oncogene 1"
"Cul3",-0.0442917611969103,0.7492,"1","cullin 3"
"Spsb3",0.0442905203290707,0.6676,"17","splA/ryanodine receptor domain and SOCS box containing 3"
"Ahctf1",-0.0442705590233397,0.8076,"1","AT hook containing transcription factor 1"
"Mpped2",0.0442505220332929,0.7912,"2","metallophosphoesterase domain containing 2"
"Cant1",0.0442475960609992,0.3332,"11","calcium activated nucleotidase 1"
"Ttc13",0.0442448884178868,0.7276,"8","tetratricopeptide repeat domain 13"
"Atg13",-0.0442343646326036,0.366,"2","autophagy related 13"
"Get1",-0.0442341038610756,0.672,"16","guided entry of tail-anchored proteins factor 1"
"Ipo7",0.0442318494416982,0.6416,"7","importin 7"
"Ndufv1",-0.0441681244092287,0.7008,"19","NADH:ubiquinone oxidoreductase core subunit V1"
"Ranbp17",0.0441545600912003,0.8292,"11","RAN binding protein 17"
"Ndufaf6",0.0441526866853499,0.7536,"4","NADH:ubiquinone oxidoreductase complex assembly factor 6"
"Arhgap21",0.0441471789141765,0.75,"2","Rho GTPase activating protein 21"
"Gpm6b",0.0441320059067003,0.5724,"X","glycoprotein m6b"
"Zfp407",-0.0441309427374543,0.8272,"18","zinc finger protein 407"
"Nr4a3",-0.0441145296446166,0.862,"4","nuclear receptor subfamily 4, group A, member 3"
"Uhrf1bp1",-0.0440981290597695,0.8192,"17","UHRF1 (ICBP90) binding protein 1"
"Pam",-0.0440980220168967,0.6996,"1","peptidylglycine alpha-amidating monooxygenase"
"Atp5pb",0.04409725741343,0.7208,"3","ATP synthase peripheral stalk-membrane subunit b"
"Vps26b",0.0440839152583559,0.5192,"9","VPS26 retromer complex component B"
"Togaram1",0.0440643948569965,0.7444,"12","TOG array regulator of axonemal microtubules 1"
"Ppcdc",0.0440615740008337,0.7256,"9","phosphopantothenoylcysteine decarboxylase"
"Taf13",0.044049952730993,0.7444,"3","TATA-box binding protein associated factor 13"
"Sdf2",-0.0440489797429464,0.674,"11","stromal cell derived factor 2"
"Cep164",0.0440423198798356,0.8628,"9","centrosomal protein 164"
"Pgrmc2",-0.0440342204224757,0.7132,"3","progesterone receptor membrane component 2"
"Atad2b",0.0440248471780951,0.8744,"12","ATPase family, AAA domain containing 2B"
"Twf1",0.0440207469646241,0.6472,"15","twinfilin actin binding protein 1"
"Abtb2",-0.0440091148036683,0.7884,"2","ankyrin repeat and BTB (POZ) domain containing 2"
"Lrtm2",0.0440083355805561,0.3048,"6","leucine-rich repeats and transmembrane domains 2"
"Tada3",0.0439993292493108,0.6896,"6","transcriptional adaptor 3"
"Rasgef1b",0.043992816049947,0.7732,"5","RasGEF domain family, member 1B"
"Pmpca",0.0439856557765665,0.4192,"2","peptidase (mitochondrial processing) alpha"
"Mrpl15",0.0439793006145495,0.7224,"1","mitochondrial ribosomal protein L15"
"Iigp1",-0.0439782863721649,0.8924,"18","interferon inducible GTPase 1"
"Elmod1",-0.0439782179194088,0.6428,"9","ELMO/CED-12 domain containing 1"
"Itm2c",-0.0439751812742006,0.76,"1","integral membrane protein 2C"
"Washc2",-0.0439675727355144,0.5608,"6","WASH complex subunit 2"
"Cort",-0.0439647962428169,0.84,"4","cortistatin"
"Nek7",0.0439465690687904,0.7792,"1","NIMA (never in mitosis gene a)-related expressed kinase 7"
"Pigk",-0.0439396725252923,0.4208,"3","phosphatidylinositol glycan anchor biosynthesis, class K"
"Nckap1",0.0439174208022646,0.6016,"2","NCK-associated protein 1"
"Fnip2",0.043905009920687,0.5472,"3","folliculin interacting protein 2"
"Acvr1c",0.0438972443952155,0.7132,"2","activin A receptor, type IC"
"Rab31",-0.0438783439030948,0.7848,"17","RAB31, member RAS oncogene family"
"Ppp2r1b",-0.0438583018052974,0.784,"9","protein phosphatase 2, regulatory subunit A, beta"
"Jag2",0.043846934797406,0.8708,"12","jagged 2"
"Fads1",0.0438293674079215,0.6824,"19","fatty acid desaturase 1"
"Kif1b",-0.0438129639659657,0.5652,"4","kinesin family member 1B"
"Ephb6",0.0438053867214601,0.6428,"6","Eph receptor B6"
"Nup133",-0.0438012374347805,0.4196,"8","nucleoporin 133"
"Pdcl",0.0437775976411876,0.7968,"2","phosducin-like"
"Trib2",-0.0437667084711411,0.6636,"12","tribbles pseudokinase 2"
"Bhlhe22",0.0437498843509063,0.662,"3","basic helix-loop-helix family, member e22"
"Ndufaf1",0.0437381460847446,0.7136,"2","NADH:ubiquinone oxidoreductase complex assembly factor 1"
"Atp9b",-0.0437376784146712,0.7428,"18","ATPase, class II, type 9B"
"Thap2",0.0437268637492085,0.666,"10","THAP domain containing, apoptosis associated protein 2"
"Mthfsd",0.0437116567531817,0.7648,"8","methenyltetrahydrofolate synthetase domain containing"
"Gng3",0.0436732703407561,0.7792,"19","guanine nucleotide binding protein (G protein), gamma 3"
"Pdf",0.0436583161453035,0.5772,"8","peptide deformylase (mitochondrial)"
"Eogt",-0.0436399766706055,0.8748,"6","EGF domain-specific O-linked N-acetylglucosamine (GlcNAc) transferase"
"Pex1",0.0436386917430989,0.7216,"5","peroxisomal biogenesis factor 1"
"Fam53a",0.0436340439639169,0.6444,"5","family with sequence similarity 53, member A"
"Eif1",0.0436066008873226,0.738,"11","eukaryotic translation initiation factor 1"
"Marchf6",-0.0436042972373478,0.6128,"15","membrane associated ring-CH-type finger 6"
"Washc1",0.0436015573419706,0.6576,"17","WASH complex subunit 1"
"Stk16",0.0435709396013335,0.67,"1","serine/threonine kinase 16"
"Ctbp2",-0.043555649578134,0.62,"7","C-terminal binding protein 2"
"Jakmip2",-0.0435312271027914,0.662,"18","janus kinase and microtubule interacting protein 2"
"Bmp2k",-0.0435310333575392,0.7184,"5","BMP2 inducible kinase"
"Oxtr",0.0435184631732626,0.8264,"6","oxytocin receptor"
"D8Ertd738e",0.0435160585320675,0.7712,"8","DNA segment, Chr 8, ERATO Doi 738, expressed"
"Diaph1",-0.0435102219618209,0.5312,"18","diaphanous related formin 1"
"Pi4kb",-0.0435055228059884,0.4936,"3","phosphatidylinositol 4-kinase beta"
"Rnf14",0.0434793400110571,0.6052,"18","ring finger protein 14"
"Zkscan8",0.0434734485508503,0.6548,"13","zinc finger with KRAB and SCAN domains 8"
"Pxk",0.0434317465556511,0.602,"14","PX domain containing serine/threonine kinase"
"Zfp747",-0.0434312746172965,0.6828,"7","zinc finger protein 747"
"Abraxas2",-0.0434282218478241,0.7568,"7","BRISC complex subunit"
"Dnajc9",0.0434280664242239,0.748,"14","DnaJ heat shock protein family (Hsp40) member C9"
"Lonp2",-0.0434168790038481,0.6404,"8","lon peptidase 2, peroxisomal"
"Htatsf1",0.043394931168816,0.2228,"X","HIV TAT specific factor 1"
"Pibf1",-0.0433804680868688,0.7828,"14","progesterone immunomodulatory binding factor 1"
"Ddx24",0.0433651378840096,0.5484,"12","DEAD box helicase 24"
"Klhl26",0.043363663061017,0.506,"8","kelch-like 26"
"Esrra",-0.043361904437714,0.6172,"19","estrogen related receptor, alpha"
"Arhgap20",-0.0433577489120367,0.8408,"9","Rho GTPase activating protein 20"
"Zdhhc20",0.0433380708780104,0.4052,"14","zinc finger, DHHC domain containing 20"
"Akt2",0.0433129253047095,0.474,"7","thymoma viral proto-oncogene 2"
"Smad2",-0.0432550932274571,0.7052,"18","SMAD family member 2"
"Gpr12",-0.0432288508324108,0.6408,"5","G-protein coupled receptor 12"
"Rpap3",0.0431942519571402,0.6208,"15","RNA polymerase II associated protein 3"
"Ppp1r18",-0.0431895167848224,0.6796,"17","protein phosphatase 1, regulatory subunit 18"
"Miga1",0.0431849785416745,0.6012,"3","mitoguardin 1"
"Car10",-0.0431614276202925,0.6732,"11","carbonic anhydrase 10"
"Sri",0.0431554208938145,0.698,"5","sorcin"
"Entpd5",0.0431377221425659,0.4788,"12","ectonucleoside triphosphate diphosphohydrolase 5"
"Mcl1",-0.0431150419984423,0.5832,"3","myeloid cell leukemia sequence 1"
"Pak1",-0.0431084445612395,0.726,"7","p21 (RAC1) activated kinase 1"
"Twf2",0.0431036990745968,0.8224,"9","twinfilin actin binding protein 2"
"Sat2",0.0430928570401896,0.7232,"11","spermidine/spermine N1-acetyl transferase 2"
"Hipk1",-0.0430928443652885,0.6348,"3","homeodomain interacting protein kinase 1"
"Sh3bp5",0.0430525628746379,0.6148,"14","SH3-domain binding protein 5 (BTK-associated)"
"Nfkbil1",0.043050351791762,0.7272,"17","nuclear factor of kappa light polypeptide gene enhancer in B cells inhibitor like 1"
"Pelp1",0.0430275474938702,0.6804,"11","proline, glutamic acid and leucine rich protein 1"
"Mrps23",-0.0430170728227468,0.7236,"11","mitochondrial ribosomal protein S23"
"Actr1b",-0.0430131202243889,0.522,"1","ARP1 actin-related protein 1B, centractin beta"
"Arhgef3",-0.0430119917102285,0.6272,"14","Rho guanine nucleotide exchange factor (GEF) 3"
"Acot9",-0.0430045155118459,0.7572,"X","acyl-CoA thioesterase 9"
"Slx1b",0.0430002408788388,0.7736,"7","SLX1 structure-specific endonuclease subunit homolog B (S. cerevisiae)"
"Tusc3",0.0429997369117281,0.7564,"8","tumor suppressor candidate 3"
"Rai1",-0.0429956710816732,0.7652,"11","retinoic acid induced 1"
"Jkamp",-0.0429831717869558,0.5996,"12","JNK1/MAPK8-associated membrane protein"
"Nrde2",0.0429691472297615,0.7148,"12","nrde-2 necessary for RNA interference, domain containing"
"Pradc1",-0.0429688426439858,0.8088,"6","protease-associated domain containing 1"
"Pde9a",0.0429646830206072,0.8488,"17","phosphodiesterase 9A"
"Acaa2",0.0429545939206517,0.7928,"18","acetyl-Coenzyme A acyltransferase 2 (mitochondrial 3-oxoacyl-Coenzyme A thiolase)"
"Efr3a",0.0429501949387889,0.4976,"15","EFR3 homolog A"
"Brat1",0.0428557881172198,0.6296,"5","BRCA1-associated ATM activator 1"
"Paip2b",-0.0428476798165445,0.6916,"6","poly(A) binding protein interacting protein 2B"
"Sars",0.0428404696622104,0.4616,"3","seryl-aminoacyl-tRNA synthetase"
"Arl5b",-0.0428361658391498,0.8024,"2","ADP-ribosylation factor-like 5B"
"Ppp2r1a",0.0428315015142537,0.74,"17","protein phosphatase 2, regulatory subunit A, alpha"
"Rif1",0.0428297641627449,0.7896,"2","replication timing regulatory factor 1"
"4933421O10Rik",0.0428270662048389,0.784,"4","RIKEN cDNA 4933421O10 gene"
"Camkv",-0.0428160067127568,0.7104,"9","CaM kinase-like vesicle-associated"
"Rps6kb1",0.0427990897548485,0.6908,"11","ribosomal protein S6 kinase, polypeptide 1"
"Hspa4",-0.0427860687800745,0.6916,"11","heat shock protein 4"
"Spast",0.0427850839141897,0.4928,"17","spastin"
"Wdr33",-0.0427355800177631,0.3584,"18","WD repeat domain 33"
"Lsm12",-0.0427276950723572,0.578,"11","LSM12 homolog"
"Fut11",0.0427118050255886,0.778,"14","fucosyltransferase 11"
"Tbcc",0.0427069673362297,0.7472,"17","tubulin-specific chaperone C"
"Pip5k1b",0.0427059463240269,0.644,"19","phosphatidylinositol-4-phosphate 5-kinase, type 1 beta"
"Sft2d3",0.0427055110205634,0.764,"18","SFT2 domain containing 3"
"Ppp1r10",-0.0426982076090914,0.522,"17","protein phosphatase 1, regulatory subunit 10"
"Mgat2",0.0426963512892033,0.8048,"12","mannoside acetylglucosaminyltransferase 2"
"Vps4b",-0.0426852617424478,0.7352,"1","vacuolar protein sorting 4B"
"Zfp652",-0.0426761535557496,0.7388,"11","zinc finger protein 652"
"Btbd1",0.0426754143997155,0.5156,"7","BTB (POZ) domain containing 1"
"Napg",0.0426608770570764,0.6136,"18","N-ethylmaleimide sensitive fusion protein attachment protein gamma"
"Sh2b3",0.0426499075393698,0.4836,"5","SH2B adaptor protein 3"
"Uba1",-0.0426484935317486,0.492,"X","ubiquitin-like modifier activating enzyme 1"
"Bop1",0.0426379647128439,0.6952,"15","block of proliferation 1"
"Kbtbd11",0.0426247319284228,0.7,"8","kelch repeat and BTB (POZ) domain containing 11"
"Ctu1",-0.0426184968421901,0.7712,"7","cytosolic thiouridylase subunit 1"
"Creb5",-0.042584375145311,0.774,"6","cAMP responsive element binding protein 5"
"Ttc9c",0.0425838282371229,0.4644,"19","tetratricopeptide repeat domain 9C"
"Alg9",0.0425732674223163,0.6716,"9","asparagine-linked glycosylation 9 (alpha 1,2 mannosyltransferase)"
"Tlk2",0.0425454219388124,0.5224,"11","tousled-like kinase 2 (Arabidopsis)"
"Thrb",0.0425393710071091,0.7628,"14","thyroid hormone receptor beta"
"Slc17a5",-0.0425235459880042,0.766,"9","solute carrier family 17 (anion/sugar transporter), member 5"
"Ankrd12",0.0425172379846437,0.8016,"17","ankyrin repeat domain 12"
"Tmem107",0.0424994696671028,0.8068,"11","transmembrane protein 107"
"Tmem250-ps",0.0424651758344261,0.7108,"2","transmembrane protein 250, pseudogene"
"Sap30bp",0.0424393664293445,0.5656,"11","SAP30 binding protein"
"Ercc6",0.0424390427755492,0.8188,"14","excision repair cross-complementing rodent repair deficiency, complementation group 6"
"Crtc3",-0.0424277379828117,0.6552,"7","CREB regulated transcription coactivator 3"
"Zdbf2",0.0424274126217377,0.8436,"1","zinc finger, DBF-type containing 2"
"Ptprk",0.04240764329227,0.732,"10","protein tyrosine phosphatase, receptor type, K"
"Rdh10",0.042373495903623,0.6856,"1","retinol dehydrogenase 10 (all-trans)"
"Pvalb",-0.0423264010252469,0.7276,"15","parvalbumin"
"Inpp4a",0.0423180397613017,0.4088,"1","inositol polyphosphate-4-phosphatase, type I"
"Ccdc90b",0.0423074956816967,0.5396,"7","coiled-coil domain containing 90B"
"Actr8",-0.0422486200805068,0.6208,"14","ARP8 actin-related protein 8"
"Rpp38",0.0422412914148138,0.7868,"2","ribonuclease P/MRP 38 subunit"
"Mepce",0.0422388640136333,0.5436,"5","methylphosphate capping enzyme"
"Lrp8",0.0422210827970817,0.7392,"4","low density lipoprotein receptor-related protein 8, apolipoprotein e receptor"
"Sh2d5",0.0422097422450838,0.6632,"4","SH2 domain containing 5"
"Zfp771",0.0421841859133805,0.7556,"7","zinc finger protein 771"
"Tsnax",0.0421732686183818,0.5664,"8","translin-associated factor X"
"Scn3b",0.0421661170173646,0.7236,"9","sodium channel, voltage-gated, type III, beta"
"Ppp5c",0.0421654037512065,0.5616,"7","protein phosphatase 5, catalytic subunit"
"Ehd3",0.0421614175057075,0.6832,"17","EH-domain containing 3"
"Retreg2",0.042112195600172,0.6984,"1","reticulophagy regulator family member 2"
"Epb41l2",-0.04210189494788,0.5388,"10","erythrocyte membrane protein band 4.1 like 2"
"Zbtb41",0.042101730056487,0.7856,"1","zinc finger and BTB domain containing 41"
"Btbd3",0.0420940034668593,0.4664,"2","BTB (POZ) domain containing 3"
"Kyat3",0.042075996231961,0.8096,"3","kynurenine aminotransferase 3"
"Gpr85",0.0420627258870407,0.6636,"6","G protein-coupled receptor 85"
"Naa38",0.0420485064837299,0.84,"11","N(alpha)-acetyltransferase 38, NatC auxiliary subunit"
"Ell",0.0420395104166689,0.712,"8","elongation factor RNA polymerase II"
"Stim1",-0.042032221203554,0.5748,"7","stromal interaction molecule 1"
"Zc3h15",0.0419708932990606,0.6624,"2","zinc finger CCCH-type containing 15"
"Abhd17a",0.0419702275329463,0.8176,"10","abhydrolase domain containing 17A"
"Jph1",0.0419680308299428,0.6456,"1","junctophilin 1"
"Aar2",-0.0419547760160288,0.7052,"2","AAR2 splicing factor homolog"
"Pot1a",-0.0419033834027323,0.766,"6","protection of telomeres 1A"
"Pdpn",0.0418875084776658,0.68,"4","podoplanin"
"Arhgap11a",0.0418844772077946,0.8124,"2","Rho GTPase activating protein 11A"
"Ptprt",-0.0418800531231778,0.604,"2","protein tyrosine phosphatase, receptor type, T"
"Hint1",0.0418718645104361,0.7252,"11","histidine triad nucleotide binding protein 1"
"Ppp2ca",0.0418623969410064,0.7072,"11","protein phosphatase 2 (formerly 2A), catalytic subunit, alpha isoform"
"Tk2",0.0418258329986498,0.6036,"8","thymidine kinase 2, mitochondrial"
"Akr1a1",-0.0418187715016201,0.7728,"4","aldo-keto reductase family 1, member A1 (aldehyde reductase)"
"Itgb4",-0.0418138254073872,0.8472,"11","integrin beta 4"
"Bdp1",-0.0418016558810086,0.734,"13","B double prime 1, subunit of RNA polymerase III transcription initiation factor IIIB"
"Lrrc73",-0.0418006112787959,0.7908,"17","leucine rich repeat containing 73"
"Cep57",-0.0417695432372698,0.848,"9","centrosomal protein 57"
"Lrch3",0.0417669170393609,0.8496,"16","leucine-rich repeats and calponin homology (CH) domain containing 3"
"Paqr8",0.041763294255345,0.6444,"1","progestin and adipoQ receptor family member VIII"
"Iqce",0.0417524343371944,0.8192,"5","IQ motif containing E"
"Senp5",0.0417403855962553,0.6304,"16","SUMO/sentrin specific peptidase 5"
"Coa3",0.0417403653477209,0.7652,"11","cytochrome C oxidase assembly factor 3"
"Agbl4",-0.0417229980457385,0.7556,"4","ATP/GTP binding protein-like 4"
"Ncoa1",-0.0417090138219409,0.5308,"12","nuclear receptor coactivator 1"
"Nmt2",0.0417056061041556,0.6324,"2","N-myristoyltransferase 2"
"Scly",0.0417008266763954,0.5748,"1","selenocysteine lyase"
"Cabin1",0.0416944179886878,0.6636,"10","calcineurin binding protein 1"
"Nde1",0.0416857582986063,0.81,"16","nudE neurodevelopment protein 1"
"Rab5b",-0.0416722700288243,0.5396,"10","RAB5B, member RAS oncogene family"
"Mvp",-0.0416696117603093,0.8376,"7","major vault protein"
"Doc2a",0.0416572598940101,0.7792,"7","double C2, alpha"
"Arhgap44",-0.0416555556398501,0.656,"11","Rho GTPase activating protein 44"
"Kmt2a",-0.0416355164195457,0.8636,"9","lysine (K)-specific methyltransferase 2A"
"Mal",-0.0416233717044161,0.8816,"2","myelin and lymphocyte protein, T cell differentiation protein"
"Ap3b2",0.0416110264879626,0.4404,"7","adaptor-related protein complex 3, beta 2 subunit"
"Tmem87a",0.0416106812385983,0.6404,"2","transmembrane protein 87A"
"Slc3a2",0.041590095903886,0.6552,"19","solute carrier family 3 (activators of dibasic and neutral amino acid transport), member 2"
"Cep85",0.041583128462531,0.7544,"4","centrosomal protein 85"
"Gpc1",-0.041571976152575,0.7532,"1","glypican 1"
"Amigo1",0.0415212857135012,0.4684,"3","adhesion molecule with Ig like domain 1"
"Msl1",0.0414959612564472,0.5568,"11","male specific lethal 1"
"Rsph3b",0.0414736908618458,0.8176,"17","radial spoke 3B homolog (Chlamydomonas)"
"Rap1gds1",-0.041471885023995,0.7016,"3","RAP1, GTP-GDP dissociation stimulator 1"
"Ptrhd1",0.041470334450965,0.6188,"12","peptidyl-tRNA hydrolase domain containing 1"
"Nip7",0.0414345845596404,0.5836,"8","NIP7, nucleolar pre-rRNA processing protein"
"Arhgap33",0.0414056747771703,0.7732,"7","Rho GTPase activating protein 33"
"Dcp1a",0.0414011663374181,0.6964,"14","decapping mRNA 1A"
"Map2k7",0.0414001309968279,0.5492,"8","mitogen-activated protein kinase kinase 7"
"Tmub1",-0.0413557234800521,0.7552,"5","transmembrane and ubiquitin-like domain containing 1"
"Arhgef7",0.0413507599593714,0.564,"8","Rho guanine nucleotide exchange factor (GEF7)"
"Ccnd3",-0.0413212790034487,0.7748,"17","cyclin D3"
"Vps37b",0.0413145368779979,0.6592,"5","vacuolar protein sorting 37B"
"St3gal2",0.0412930033293195,0.668,"8","ST3 beta-galactoside alpha-2,3-sialyltransferase 2"
"Pml",0.0412846192858343,0.622,"9","promyelocytic leukemia"
"Pdcd6ip",-0.0412727669648163,0.558,"9","programmed cell death 6 interacting protein"
"Slc25a25",0.0412503063756402,0.7024,"2","solute carrier family 25 (mitochondrial carrier, phosphate carrier), member 25"
"2310002F09Rik",-0.041250166244426,0.6612,"7","RIKEN cDNA 2310002F09 gene"
"Aida",-0.0412501158252887,0.5228,"1","axin interactor, dorsalization associated"
"Ndufv3",0.041230572564678,0.8072,"17","NADH:ubiquinone oxidoreductase core subunit V3"
"Mkln1",-0.0412227268395888,0.7504,"6","muskelin 1, intracellular mediator containing kelch motifs"
"Cct5",0.041219137412873,0.6916,"15","chaperonin containing Tcp1, subunit 5 (epsilon)"
"Rhobtb2",-0.0412022932190146,0.6632,"14","Rho-related BTB domain containing 2"
"Get4",0.0411981660745697,0.7492,"5","golgi to ER traffic protein 4"
"Pfkfb2",0.0411979440483945,0.7996,"1","6-phosphofructo-2-kinase/fructose-2,6-biphosphatase 2"
"Tomm7",-0.0411837267992876,0.8056,"5","translocase of outer mitochondrial membrane 7"
"Hnrnpa2b1",0.0411823716082331,0.6636,"6","heterogeneous nuclear ribonucleoprotein A2/B1"
"Slc12a6",0.041170694380896,0.6648,"2","solute carrier family 12, member 6"
"Ubc",-0.041165228847337,0.7952,"5","ubiquitin C"
"Smug1",0.0411623370652903,0.6676,"15","single-strand selective monofunctional uracil DNA glycosylase"
"Galnt13",-0.0411432032786316,0.8608,"2","polypeptide N-acetylgalactosaminyltransferase 13"
"Dtx4",-0.0411429967367676,0.84,"19","deltex 4, E3 ubiquitin ligase"
"Fastkd5",0.0411353100811671,0.784,"2","FAST kinase domains 5"
"Zfp804a",-0.0411318762293931,0.6676,"2","zinc finger protein 804A"
"Car7",0.041129026325061,0.886,"8","carbonic anhydrase 7"
"Kcnh5",-0.0411207162840035,0.896,"12","potassium voltage-gated channel, subfamily H (eag-related), member 5"
"Pphln1",0.0411101464223629,0.564,"15","periphilin 1"
"Igf1r",-0.0411071706398136,0.7936,"7","insulin-like growth factor I receptor"
"Zfp280b",0.041105938588065,0.6708,"10","zinc finger protein 280B"
"Msl2",0.0410948336250776,0.6456,"9","MSL complex subunit 2"
"Igdcc3",0.0410868713656387,0.8012,"9","immunoglobulin superfamily, DCC subclass, member 3"
"Slc35e1",-0.0410850810487187,0.718,"8","solute carrier family 35, member E1"
"Khk",-0.0410760053486809,0.7196,"5","ketohexokinase"
"Ip6k1",-0.0410702358506878,0.432,"9","inositol hexaphosphate kinase 1"
"Hadh",-0.0410654735449221,0.7588,"3","hydroxyacyl-Coenzyme A dehydrogenase"
"Tsr1",-0.0410390168474524,0.8824,"11","TSR1 20S rRNA accumulation"
"Atn1",-0.0410106415510025,0.7728,"6","atrophin 1"
"Nadk2",0.0409994144863726,0.4824,"15","NAD kinase 2, mitochondrial"
"Cnot1",-0.0409966368757964,0.708,"8","CCR4-NOT transcription complex, subunit 1"
"Erp44",0.0409812790947699,0.702,"4","endoplasmic reticulum protein 44"
"G6pc3",-0.0409785305212864,0.7832,"11","glucose 6 phosphatase, catalytic, 3"
"Inpp5k",0.0409761457048257,0.6688,"11","inositol polyphosphate 5-phosphatase K"
"Jsrp1",0.0409694110876342,0.8476,"10","junctional sarcoplasmic reticulum protein 1"
"Mrpl35",0.0409616302596669,0.7272,"6","mitochondrial ribosomal protein L35"
"Gyg",0.0409466673487273,0.742,"3","glycogenin"
"Grid1",-0.0409341430308032,0.6936,"14","glutamate receptor, ionotropic, delta 1"
"Grip2",0.0409241844207249,0.8164,"6","glutamate receptor interacting protein 2"
"Syngap1",0.0409208656120459,0.7864,"17","synaptic Ras GTPase activating protein 1 homolog (rat)"
"Hdgf",0.0409091825426291,0.5396,"3","heparin binding growth factor"
"Kcns2",-0.0409041643194552,0.8016,"15","K+ voltage-gated channel, subfamily S, 2"
"Acot8",0.0409025687187294,0.644,"2","acyl-CoA thioesterase 8"
"Frmd8",0.0408923265370369,0.754,"19","FERM domain containing 8"
"Dnm1l",0.0408887461685596,0.6428,"16","dynamin 1-like"
"Kcnk4",-0.0408883963030955,0.6796,"19","potassium channel, subfamily K, member 4"
"Tpm4",-0.0408755949888588,0.7032,"8","tropomyosin 4"
"Ncbp3",-0.0408628117594869,0.658,"11","nuclear cap binding subunit 3"
"Armt1",0.0408511617715162,0.5632,"10","acidic residue methyltransferase 1"
"Klc1",0.0408440390790847,0.6316,"12","kinesin light chain 1"
"Arrdc2",0.040841908807435,0.8784,"8","arrestin domain containing 2"
"Scd2",-0.0408320149157859,0.6176,"19","stearoyl-Coenzyme A desaturase 2"
"Ints2",0.0407775186278734,0.8048,"11","integrator complex subunit 2"
"Xpr1",0.0407582861456293,0.5048,"1","xenotropic and polytropic retrovirus receptor 1"
"Fam13b",-0.0407556338694013,0.8544,"18","family with sequence similarity 13, member B"
"Copz1",0.0407401903600011,0.7012,"15","coatomer protein complex, subunit zeta 1"
"Ankrd27",0.0407242195867914,0.6152,"7","ankyrin repeat domain 27 (VPS9 domain)"
"Usp54",-0.0407161680353942,0.7996,"14","ubiquitin specific peptidase 54"
"Ctnnbl1",0.0407123627695958,0.5284,"2","catenin, beta like 1"
"Inka1",0.0406940114888652,0.8764,"9","inka box actin regulator 1"
"Dock9",-0.0406770404380996,0.7128,"14","dedicator of cytokinesis 9"
"Pfn2",0.0406740254565268,0.7172,"3","profilin 2"
"Zfp952",-0.0406665929762404,0.4812,"17","zinc finger protein 952"
"Vezf1",-0.0406629290829965,0.7264,"11","vascular endothelial zinc finger 1"
"Azin2",-0.0406609942220646,0.7384,"4","antizyme inhibitor 2"
"1700025G04Rik",0.040659856064682,0.462,"1","RIKEN cDNA 1700025G04 gene"
"Keap1",-0.0406466255312044,0.6504,"9","kelch-like ECH-associated protein 1"
"Tns3",-0.0406348447114047,0.7804,"11","tensin 3"
"Tmx4",-0.0406224494810115,0.6192,"2","thioredoxin-related transmembrane protein 4"
"Cope",0.0406219367743157,0.7104,"8","coatomer protein complex, subunit epsilon"
"Prkab2",-0.0406174065441016,0.8268,"3","protein kinase, AMP-activated, beta 2 non-catalytic subunit"
"Hprt",0.0405835387881037,0.714,"X","hypoxanthine guanine phosphoribosyl transferase"
"Kidins220",-0.0405705033322583,0.7928,"12","kinase D-interacting substrate 220"
"Rusc1",-0.0405542484042174,0.4464,"3","RUN and SH3 domain containing 1"
"Npas4",0.0405522859865948,0.9336,"19","neuronal PAS domain protein 4"
"Kptn",0.0405519831234837,0.8164,"7","kaptin"
"Stradb",0.040547021856427,0.4328,"1","STE20-related kinase adaptor beta"
"Wdr53",0.0405300019318844,0.6944,"16","WD repeat domain 53"
"Fbxl5",0.0405265906763468,0.534,"5","F-box and leucine-rich repeat protein 5"
"Cog2",-0.0405051656667235,0.7852,"8","component of oligomeric golgi complex 2"
"Ube2i",0.0404948842937989,0.5832,"17","ubiquitin-conjugating enzyme E2I"
"Tmem169",0.0404862507731698,0.7612,"1","transmembrane protein 169"
"Pnrc1",0.0404723852726994,0.7516,"4","proline-rich nuclear receptor coactivator 1"
"Ythdf2",0.0404661974784783,0.7428,"4","YTH N6-methyladenosine RNA binding protein 2"
"Ppp1r14a",0.0404619348738331,0.8692,"7","protein phosphatase 1, regulatory inhibitor subunit 14A"
"Srp14",0.0404404382464811,0.6412,"2","signal recognition particle 14"
"Chil1",0.0404328325143486,0.7508,"1","chitinase-like 1"
"Trim3",0.0404291722442309,0.4596,"7","tripartite motif-containing 3"
"Impdh1",0.0404289958229231,0.6524,"6","inosine monophosphate dehydrogenase 1"
"Ing1",0.0403636321740857,0.7044,"8","inhibitor of growth family, member 1"
"Thsd1",-0.0403635469580936,0.8044,"8","thrombospondin, type I, domain 1"
"Mettl16",0.0403540216975786,0.6856,"11","methyltransferase like 16"
"Fuca1",0.040347048122003,0.7576,"4","fucosidase, alpha-L- 1, tissue"
"Rimkla",-0.0403249789522611,0.6628,"4","ribosomal modification protein rimK-like family member A"
"Smurf1",-0.04031290383839,0.42,"5","SMAD specific E3 ubiquitin protein ligase 1"
"Pgrmc1",0.0402928144797929,0.5444,"X","progesterone receptor membrane component 1"
"Copg1",-0.0402869713080118,0.4372,"6","coatomer protein complex, subunit gamma 1"
"Scrn3",0.040282389860602,0.728,"2","secernin 3"
"Pkp2",0.0402822620353662,0.66,"16","plakophilin 2"
"Tmem59l",0.0402719882470457,0.7896,"8","transmembrane protein 59-like"
"Syn1",0.0402686835805781,0.7356,"X","synapsin I"
"Evc",0.0402682498963567,0.8456,"5","EvC ciliary complex subunit 1"
"Josd1",-0.0402576307688243,0.6984,"15","Josephin domain containing 1"
"Lrrcc1",0.0402557888971526,0.9196,"3","leucine rich repeat and coiled-coil domain containing 1"
"Tanc2",-0.0402493692736998,0.7864,"11","tetratricopeptide repeat, ankyrin repeat and coiled-coil containing 2"
"Fgfr2",0.040216697169063,0.7936,"7","fibroblast growth factor receptor 2"
"Sox12",0.0402085620407409,0.8144,"2","SRY (sex determining region Y)-box 12"
"Ncdn",0.0401971234425069,0.7228,"4","neurochondrin"
"Ppp4r3b",-0.0401939170029957,0.6012,"11","protein phosphatase 4 regulatory subunit 3B"
"Ust",-0.0401937810985427,0.708,"10","uronyl-2-sulfotransferase"
"Gmpr2",0.0401641954910756,0.518,"14","guanosine monophosphate reductase 2"
"Cox10",0.0401618875540128,0.5628,"11","heme A:farnesyltransferase cytochrome c oxidase assembly factor 10"
"Ube3c",-0.0401433676149852,0.7084,"5","ubiquitin protein ligase E3C"
"Rpia",0.0401373501119955,0.7484,"6","ribose 5-phosphate isomerase A"
"Nup188",0.0401331015666502,0.726,"2","nucleoporin 188"
"Slc6a9",-0.0401319480174989,0.8616,"4","solute carrier family 6 (neurotransmitter transporter, glycine), member 9"
"Acadvl",0.0401290098371039,0.7668,"11","acyl-Coenzyme A dehydrogenase, very long chain"
"Dynll2",-0.0401234795458887,0.5636,"11","dynein light chain LC8-type 2"
"Aph1b",-0.0401118003713581,0.7412,"9","aph1 homolog B, gamma secretase subunit"
"Steap3",0.0401048073585448,0.6924,"1","STEAP family member 3"
"Polr2g",0.0400940982816325,0.7148,"19","polymerase (RNA) II (DNA directed) polypeptide G"
"Slc25a26",0.0400897791455348,0.7736,"6","solute carrier family 25 (mitochondrial carrier, phosphate carrier), member 26"
"Wipi2",0.0400688498868176,0.3488,"5","WD repeat domain, phosphoinositide interacting 2"
"Kcnq4",-0.0400537034158481,0.8596,"4","potassium voltage-gated channel, subfamily Q, member 4"
"Rara",0.0400406546175285,0.7812,"11","retinoic acid receptor, alpha"
"Gmds",0.040028088445502,0.7796,"13","GDP-mannose 4, 6-dehydratase"
"Rnf167",0.0400228470033746,0.7664,"11","ring finger protein 167"
"Ddx3y",0.0400159311396076,0.83,"Y","DEAD box helicase 3, Y-linked"
"Plcg1",0.0400092440679014,0.8672,"2","phospholipase C, gamma 1"
"Bora",-0.0399655359159148,0.8808,"14","bora, aurora kinase A activator"
"Mdk",0.0399563512023544,0.9304,"2","midkine"
"Usf1",0.0399514525283404,0.7252,"1","upstream transcription factor 1"
"Pds5b",-0.0399205940934744,0.8172,"5","PDS5 cohesin associated factor B"
"Zfp839",-0.0399169974899753,0.7284,"12","zinc finger protein 839"
"Gfer",-0.0399066477525882,0.7604,"17","growth factor, augmenter of liver regeneration"
"Fbxl20",0.039898873285888,0.6768,"11","F-box and leucine-rich repeat protein 20"
"Nmt1",-0.0398970970253973,0.5416,"11","N-myristoyltransferase 1"
"Tcf20",-0.0398850266746127,0.7692,"15","transcription factor 20"
"Kif3a",0.0398841011672681,0.4764,"11","kinesin family member 3A"
"Dctn1",-0.0398451412942205,0.4668,"6","dynactin 1"
"Hhatl",0.0398185992111775,0.8232,"9","hedgehog acyltransferase-like"
"Slc10a7",-0.0398152148972328,0.8516,"8","solute carrier family 10 (sodium/bile acid cotransporter family), member 7"
"Slc25a51",0.0398003680289412,0.4004,"4","solute carrier family 25, member 51"
"Akirin1",0.0397991957783708,0.5108,"4","akirin 1"
"Rhpn2",0.0397895246248909,0.8548,"7","rhophilin, Rho GTPase binding protein 2"
"Tbc1d16",-0.0397621728756938,0.5988,"11","TBC1 domain family, member 16"
"Rwdd2b",-0.0397281654273525,0.5372,"16","RWD domain containing 2B"
"Cyp2s1",0.039709263551488,0.8028,"7","cytochrome P450, family 2, subfamily s, polypeptide 1"
"Pnpo",-0.0397044940463243,0.7784,"11","pyridoxine 5'-phosphate oxidase"
"Tcaf1",-0.0397044898655761,0.6748,"6","TRPM8 channel-associated factor 1"
"Fam120b",0.0396940718400742,0.5092,"17","family with sequence similarity 120, member B"
"Atp6v1f",0.0396844473106155,0.8052,"6","ATPase, H+ transporting, lysosomal V1 subunit F"
"Trappc8",-0.0396639499336553,0.8272,"18","trafficking protein particle complex 8"
"Pin1",-0.0396626942605653,0.75,"9","peptidyl-prolyl cis/trans isomerase, NIMA-interacting 1"
"Kcnk12",-0.0396416769213963,0.8684,"17","potassium channel, subfamily K, member 12"
"Msi1",0.0396383286422255,0.8772,"5","musashi RNA-binding protein 1"
"Ino80d",-0.039618106715924,0.8164,"1","INO80 complex subunit D"
"Lemd3",-0.0396089187327027,0.528,"10","LEM domain containing 3"
"Ctnnd1",-0.0395773470524379,0.55,"2","catenin (cadherin associated protein), delta 1"
"Ccdc34",0.0395749953744273,0.672,"2","coiled-coil domain containing 34"
"Nisch",0.0395663654999332,0.53,"14","nischarin"
"Sdhc",0.0395609656509208,0.6852,"1","succinate dehydrogenase complex, subunit C, integral membrane protein"
"Lrrc14",0.0395513541729953,0.6848,"15","leucine rich repeat containing 14"
"Gga3",0.0395379457163374,0.858,"11","golgi associated, gamma adaptin ear containing, ARF binding protein 3"
"Ttc27",0.0394850910795141,0.5772,"17","tetratricopeptide repeat domain 27"
"Tpst2",-0.0394829356896036,0.6972,"5","protein-tyrosine sulfotransferase 2"
"Gnb5",0.0394797043758697,0.62,"9","guanine nucleotide binding protein (G protein), beta 5"
"Phldb1",-0.0394771362701887,0.7904,"9","pleckstrin homology like domain, family B, member 1"
"Lamtor1",0.0394356323441514,0.768,"7","late endosomal/lysosomal adaptor, MAPK and MTOR activator 1"
"Arnt2",-0.0394334449311371,0.6568,"7","aryl hydrocarbon receptor nuclear translocator 2"
"Gfm1",-0.0394000274321513,0.668,"3","G elongation factor, mitochondrial 1"
"Naa35",-0.0393810313269993,0.626,"13","N(alpha)-acetyltransferase 35, NatC auxiliary subunit"
"Rev1",0.0393639413604365,0.8132,"1","REV1, DNA directed polymerase"
"Itpa",0.0393608013757145,0.7608,"2","inosine triphosphatase (nucleoside triphosphate pyrophosphatase)"
"Ccdc167",0.0393502156120031,0.874,"17","coiled-coil domain containing 167"
"Csnk2b",0.0393500860987501,0.7164,"17","casein kinase 2, beta polypeptide"
"Brd3",0.0393494986157341,0.596,"2","bromodomain containing 3"
"Snhg8",0.0393440107247103,0.7496,"3","small nucleolar RNA host gene 8"
"Wdr18",0.0393353926488267,0.754,"10","WD repeat domain 18"
"Kcnip1",0.0393119688474401,0.8148,"11","Kv channel-interacting protein 1"
"Grid2",0.0393106320716514,0.7216,"6","glutamate receptor, ionotropic, delta 2"
"Usp4",0.0393030748216008,0.4472,"9","ubiquitin specific peptidase 4 (proto-oncogene)"
"Zdhhc23",-0.0392787867548501,0.7732,"16","zinc finger, DHHC domain containing 23"
"Rwdd4a",-0.0392670358400613,0.6404,"8","RWD domain containing 4A"
"Zfp629",0.0392477878074029,0.6532,"7","zinc finger protein 629"
"Map1lc3a",-0.0392453770971111,0.85,"2","microtubule-associated protein 1 light chain 3 alpha"
"Stxbp1",-0.0392046508894577,0.5228,"2","syntaxin binding protein 1"
"Wipf1",-0.0392003760094415,0.8456,"2","WAS/WASL interacting protein family, member 1"
"Cnpy2",0.0391852569157525,0.6828,"10","canopy FGF signaling regulator 2"
"Rxrb",-0.0391371736629198,0.6656,"17","retinoid X receptor beta"
"Efl1",0.0391238109432464,0.5568,"7","elongation factor like GTPase 1"
"Stac",0.0391230945274845,0.9064,"9","src homology three (SH3) and cysteine rich domain"
"Rgma",0.0390991268646044,0.7732,"7","repulsive guidance molecule family member A"
"Fam222b",-0.0390973189944432,0.6076,"11","family with sequence similarity 222, member B"
"Nmnat1",0.0390800703726728,0.7476,"4","nicotinamide nucleotide adenylyltransferase 1"
"Zfp37",0.0390763639514198,0.7096,"4","zinc finger protein 37"
"Ppp2r2a",0.0390754544651495,0.748,"14","protein phosphatase 2, regulatory subunit B, alpha"
"Abca5",0.0390668954360844,0.9028,"11","ATP-binding cassette, sub-family A (ABC1), member 5"
"Pop4",0.0390609784514568,0.7696,"7","processing of precursor 4, ribonuclease P/MRP family, (S. cerevisiae)"
"Tmem196",0.0390428286756497,0.7016,"12","transmembrane protein 196"
"Trub1",0.0390381539303739,0.608,"19","TruB pseudouridine (psi) synthase family member 1"
"Mlec",-0.0390368760098143,0.6928,"5","malectin"
"Dicer1",0.0390341442532662,0.802,"12","dicer 1, ribonuclease type III"
"D630045J12Rik",-0.0390265315621052,0.8256,"6","RIKEN cDNA D630045J12 gene"
"Leng9",0.0390153843692964,0.7732,"7","leukocyte receptor cluster (LRC) member 9"
"Rfx7",0.0389994635259665,0.8232,"9","regulatory factor X, 7"
"Ube2r2",0.0389991554931424,0.7868,"4","ubiquitin-conjugating enzyme E2R 2"
"Tmbim6",-0.0389898905408383,0.7224,"15","transmembrane BAX inhibitor motif containing 6"
"Mgat1",-0.0389851447769045,0.7636,"11","mannoside acetylglucosaminyltransferase 1"
"Cnot6l",0.0389753259322969,0.8128,"5","CCR4-NOT transcription complex, subunit 6-like"
"Eno1",-0.0389659858917888,0.812,"4","enolase 1, alpha non-neuron"
"Mtx3",-0.0389508758627928,0.7348,"13","metaxin 3"
"Naa50",0.0389360474982823,0.642,"16","N(alpha)-acetyltransferase 50, NatE catalytic subunit"
"Zfp706",0.0389229845367325,0.7416,"15","zinc finger protein 706"
"Bcl2l1",-0.0389086850992983,0.9208,"2","BCL2-like 1"
"Cdc23",0.0389028912494176,0.5972,"18","CDC23 cell division cycle 23"
"Smco3",0.0388907387087229,0.9496,"6","single-pass membrane protein with coiled-coil domains 3"
"Acad8",-0.038858771288532,0.7336,"9","acyl-Coenzyme A dehydrogenase family, member 8"
"Mex3d",-0.0388538401412757,0.7572,"10","mex3 RNA binding family member D"
"Spock1",-0.0388513968948025,0.8492,"13","sparc/osteonectin, cwcv and kazal-like domains proteoglycan 1"
"Glod4",0.0388494304219371,0.7436,"11","glyoxalase domain containing 4"
"Mmp16",0.0388327554391035,0.6996,"4","matrix metallopeptidase 16"
"Prmt7",0.0388238263947134,0.6388,"8","protein arginine N-methyltransferase 7"
"Dcbld2",0.0388208547709832,0.6852,"16","discoidin, CUB and LCCL domain containing 2"
"Ppara",-0.0387907453027436,0.7844,"15","peroxisome proliferator activated receptor alpha"
"Rad9a",0.038776570553313,0.7328,"19","RAD9 checkpoint clamp component A"
"Men1",0.038771337018388,0.584,"19","multiple endocrine neoplasia 1"
"Rnh1",-0.0387689160884745,0.7612,"7","ribonuclease/angiogenin inhibitor 1"
"Sod2",0.0387638847040073,0.7604,"17","superoxide dismutase 2, mitochondrial"
"B3galt6",-0.0387398152721161,0.6992,"4","UDP-Gal:betaGal beta 1,3-galactosyltransferase, polypeptide 6"
"Ubox5",0.0387280536318104,0.8084,"2","U box domain containing 5"
"Gls",0.038697959615476,0.5048,"1","glutaminase"
"Ankhd1",0.0386973575693332,0.8576,"18","ankyrin repeat and KH domain containing 1"
"2900079G21Rik",0.0386792783538485,0.6824,"9","RIKEN cDNA 2900079G21 gene"
"Mphosph8",-0.0386715716249748,0.7484,"14","M-phase phosphoprotein 8"
"Csmd1",-0.0386706967749699,0.8536,"8","CUB and Sushi multiple domains 1"
"Nuak1",-0.0386639689584793,0.792,"10","NUAK family, SNF1-like kinase, 1"
"Wasl",-0.0386632226893262,0.7624,"6","WASP like actin nucleation promoting factor"
"Uqcc1",0.0386620935117854,0.6388,"2","ubiquinol-cytochrome c reductase complex assembly factor 1"
"Fbxw7",0.0386613564573395,0.5316,"3","F-box and WD-40 domain protein 7"
"Slc25a17",-0.0386586461054268,0.6716,"15","solute carrier family 25 (mitochondrial carrier, peroxisomal membrane protein), member 17"
"Tcirg1",0.0386450929220392,0.836,"19","T cell, immune regulator 1, ATPase, H+ transporting, lysosomal V0 protein A3"
"Septin3",0.0386378963437082,0.5476,"15","septin 3"
"Mrpl18",-0.0386366927879953,0.704,"17","mitochondrial ribosomal protein L18"
"Tnrc6c",-0.0386204786476103,0.8408,"11","trinucleotide repeat containing 6C"
"Snap47",0.0386199685597877,0.788,"11","synaptosomal-associated protein, 47"
"Anxa4",-0.0386169483598868,0.8016,"6","annexin A4"
"Snx1",-0.0386155460021387,0.678,"9","sorting nexin 1"
"Dck",-0.0386026421503485,0.708,"5","deoxycytidine kinase"
"Cep19",-0.038574805447694,0.7668,"16","centrosomal protein 19"
"Ubqln2",-0.0385694319320145,0.6756,"X","ubiquilin 2"
"Ptpn21",-0.0385671136426184,0.794,"12","protein tyrosine phosphatase, non-receptor type 21"
"Ddx17",0.0385612188151114,0.776,"15","DEAD box helicase 17"
"Tspan33",-0.0385525694640263,0.7248,"6","tetraspanin 33"
"Vps41",0.0385051312550946,0.6188,"13","VPS41 HOPS complex subunit"
"Furin",-0.0384950253142629,0.5944,"7","furin (paired basic amino acid cleaving enzyme)"
"Fdft1",0.0384159276156506,0.6268,"14","farnesyl diphosphate farnesyl transferase 1"
"Rnf11",-0.038401539609997,0.7964,"4","ring finger protein 11"
"Ubap2l",0.0383912760332237,0.6952,"3","ubiquitin-associated protein 2-like"
"Cdk5",0.038385153071455,0.6812,"5","cyclin-dependent kinase 5"
"Prr14l",-0.0383411561815645,0.6272,"5","proline rich 14-like"
"Cct4",0.0383189486194384,0.7572,"11","chaperonin containing Tcp1, subunit 4 (delta)"
"Brox",0.0383050319990277,0.6048,"1","BRO1 domain and CAAX motif containing"
"Apoe",0.0382968197081262,0.8096,"7","apolipoprotein E"
"Tgfb3",-0.0382958843130199,0.7652,"12","transforming growth factor, beta 3"
"Megf10",0.0382952130888494,0.714,"18","multiple EGF-like-domains 10"
"Cux1",0.0382814597541632,0.5672,"5","cut-like homeobox 1"
"Prpf8",-0.0382749970036285,0.282,"11","pre-mRNA processing factor 8"
"Taldo1",0.0382574535742659,0.8608,"7","transaldolase 1"
"Il1rapl1",0.0382476642903851,0.8196,"X","interleukin 1 receptor accessory protein-like 1"
"Nkain4",0.0382464829709495,0.7892,"2","Na+/K+ transporting ATPase interacting 4"
"Cactin",-0.0382460133816798,0.5468,"10","cactin, spliceosome C complex subunit"
"Nelfcd",0.0382452666853608,0.6016,"2","negative elongation factor complex member C/D, Th1l"
"Tom1l1",-0.0382336823176241,0.5976,"11","target of myb1-like 1 (chicken)"
"Golph3",0.0382231490664502,0.5624,"15","golgi phosphoprotein 3"
"Slc6a1",-0.0382180207749983,0.4684,"6","solute carrier family 6 (neurotransmitter transporter, GABA), member 1"
"Nap1l1",0.0381912138833655,0.672,"10","nucleosome assembly protein 1-like 1"
"Camk2a",0.0381797918760594,0.7872,"18","calcium/calmodulin-dependent protein kinase II alpha"
"Shisal1",0.0381655341256053,0.6428,"15","shisa like 1"
"Serp2",0.0381604221759329,0.772,"14","stress-associated endoplasmic reticulum protein family member 2"
"Mtfr1",-0.0381296795504324,0.8512,"3","mitochondrial fission regulator 1"
"Snn",-0.038128198033883,0.74,"16","stannin"
"Nifk",0.038126687656832,0.7472,"1","nucleolar protein interacting with the FHA domain of MKI67"
"Rac3",0.0380992279712999,0.5224,"11","Rac family small GTPase 3"
"Egr3",-0.0380655420166089,0.8016,"14","early growth response 3"
"Ciao1",0.0380599356248386,0.6788,"2","cytosolic iron-sulfur protein assembly 1"
"Abcf3",0.0380492628588467,0.454,"16","ATP-binding cassette, sub-family F (GCN20), member 3"
"Efcab2",-0.038030008208791,0.8,"1","EF-hand calcium binding domain 2"
"Wee1",0.0380260045996019,0.8028,"7","WEE 1 homolog 1 (S. pombe)"
"Gm45871",0.0380161664293155,0.7644,"18","predicted gene 45871"
"Sncg",-0.0380121772718858,0.8732,"14","synuclein, gamma"
"Appl1",0.0380032628610802,0.7832,"14","adaptor protein, phosphotyrosine interaction, PH domain and leucine zipper containing 1"
"Btaf1",0.0379987359436136,0.8256,"19","B-TFIID TATA-box binding protein associated factor 1"
"Rnf214",-0.0379915818078027,0.4108,"9","ring finger protein 214"
"Ier5",0.037982918026306,0.7608,"1","immediate early response 5"
"Bmpr2",-0.0379640889052677,0.8268,"1","bone morphogenetic protein receptor, type II (serine/threonine kinase)"
"Chrac1",-0.037939414069069,0.8184,"15","chromatin accessibility complex 1"
"2210408I21Rik",-0.0379391709949273,0.7308,"13","RIKEN cDNA 2210408I21 gene"
"Spata13",0.0379338141084737,0.7744,"14","spermatogenesis associated 13"
"Alms1",0.0379142160781463,0.8416,"6","ALMS1, centrosome and basal body associated"
"Dock7",-0.0379123291515278,0.8416,"4","dedicator of cytokinesis 7"
"Rabgap1l",0.0379098716932491,0.7104,"1","RAB GTPase activating protein 1-like"
"Ipo13",-0.0379096626972402,0.484,"4","importin 13"
"Plxnd1",-0.0379042102068592,0.7896,"6","plexin D1"
"Med9",0.0378938865335616,0.7464,"11","mediator complex subunit 9"
"Kcnb2",-0.0378871332342268,0.7532,"1","potassium voltage gated channel, Shab-related subfamily, member 2"
"Phlpp2",-0.0378851070659767,0.8164,"8","PH domain and leucine rich repeat protein phosphatase 2"
"Acot11",0.0378745119352191,0.5644,"4","acyl-CoA thioesterase 11"
"Atf6b",0.0378366739358773,0.7228,"17","activating transcription factor 6 beta"
"G3bp1",0.0378284752651377,0.534,"11","GTPase activating protein (SH3 domain) binding protein 1"
"Kpna1",-0.0378198117221391,0.8144,"16","karyopherin (importin) alpha 1"
"Mef2c",0.0378188012167753,0.5308,"13","myocyte enhancer factor 2C"
"Lrrc10b",0.0378148397282541,0.7436,"19","leucine rich repeat containing 10B"
"Abcb9",0.0378085683402105,0.8128,"5","ATP-binding cassette, sub-family B (MDR/TAP), member 9"
"Eif4g3",-0.0378063089868999,0.6272,"4","eukaryotic translation initiation factor 4 gamma, 3"
"Rundc1",-0.0377996544105592,0.5376,"11","RUN domain containing 1"
"Pea15a",0.0377711174017872,0.7712,"1","proliferation and apoptosis adaptor protein 15A"
"Zfp84",-0.0377708901497709,0.7744,"7","zinc finger protein 84"
"Ttl",0.0377347264582166,0.6556,"2","tubulin tyrosine ligase"
"Dgkq",-0.0377248791983247,0.81,"5","diacylglycerol kinase, theta"
"Isoc2a",0.0376806714275979,0.8076,"7","isochorismatase domain containing 2a"
"Apip",0.0376761471412665,0.7268,"2","APAF1 interacting protein"
"Tppp",-0.037654768219296,0.788,"13","tubulin polymerization promoting protein"
"Ncan",-0.0376529078264509,0.7404,"8","neurocan"
"Galnt18",-0.0376414015971331,0.6904,"7","polypeptide N-acetylgalactosaminyltransferase 18"
"Aars",0.0376391140240599,0.5496,"8","alanyl-tRNA synthetase"
"Cebpg",0.0376259653904238,0.5232,"7","CCAAT/enhancer binding protein (C/EBP), gamma"
"Fzr1",0.0376138624554274,0.71,"10","fizzy and cell division cycle 20 related 1"
"Zfp444",-0.0376118967148997,0.7876,"7","zinc finger protein 444"
"Cntnap1",0.0376030806119658,0.5704,"11","contactin associated protein-like 1"
"Poglut1",0.0375958111928165,0.6532,"16","protein O-glucosyltransferase 1"
"Ppp1r35",0.0375844637358447,0.8976,"5","protein phosphatase 1, regulatory subunit 35"
"Pwwp2a",0.0375792922967166,0.6368,"11","PWWP domain containing 2A"
"Thoc2",-0.0375733877376847,0.7844,"X","THO complex 2"
"Msh3",0.0375713021966533,0.6648,"13","mutS homolog 3"
"Haus3",0.0375641469189705,0.6732,"5","HAUS augmin-like complex, subunit 3"
"Lamp1",0.0375448774580445,0.79,"8","lysosomal-associated membrane protein 1"
"Pigt",-0.037542540356494,0.658,"2","phosphatidylinositol glycan anchor biosynthesis, class T"
"Pbxip1",-0.0375213456839303,0.7396,"3","pre B cell leukemia transcription factor interacting protein 1"
"Rgs3",0.03751851437654,0.8052,"4","regulator of G-protein signaling 3"
"Bcat2",0.037513007072584,0.7948,"7","branched chain aminotransferase 2, mitochondrial"
"Zfp108",-0.0374984050463234,0.7784,"7","zinc finger protein 108"
"Psme2",-0.0374826977043448,0.6692,"14","proteasome (prosome, macropain) activator subunit 2 (PA28 beta)"
"Mtmr10",0.0374822584436973,0.706,"7","myotubularin related protein 10"
"Tmeff1",0.0374769162702711,0.7532,"4","transmembrane protein with EGF-like and two follistatin-like domains 1"
"Crim1",0.0374763746112059,0.8064,"17","cysteine rich transmembrane BMP regulator 1 (chordin like)"
"B3galt4",0.0374699722473493,0.8532,"17","UDP-Gal:betaGlcNAc beta 1,3-galactosyltransferase, polypeptide 4"
"Plekhg1",-0.037464521580298,0.8844,"10","pleckstrin homology domain containing, family G (with RhoGef domain) member 1"
"Dnajb11",0.0374624610669727,0.6708,"16","DnaJ heat shock protein family (Hsp40) member B11"
"Pard3",0.0374592686866615,0.6836,"8","par-3 family cell polarity regulator"
"Hgsnat",0.0374586346023085,0.4988,"8","heparan-alpha-glucosaminide N-acetyltransferase"
"Vipas39",0.0374482472731463,0.4808,"12","VPS33B interacting protein, apical-basolateral polarity regulator, spe-39 homolog"
"Dmxl1",-0.0374411336933989,0.8336,"18","Dmx-like 1"
"Ik",0.037429136305259,0.5344,"18","IK cytokine"
"Gpr180",0.0374225161617505,0.4452,"14","G protein-coupled receptor 180"
"Zfp13",-0.0374196764633918,0.6476,"17","zinc finger protein 13"
"Nr3c1",0.0374072987306118,0.766,"18","nuclear receptor subfamily 3, group C, member 1"
"Arrdc4",0.0374039590983104,0.7472,"7","arrestin domain containing 4"
"Aass",-0.0373875788211646,0.752,"6","aminoadipate-semialdehyde synthase"
"Slc6a7",-0.0373777102550159,0.7236,"18","solute carrier family 6 (neurotransmitter transporter, L-proline), member 7"
"Klhdc1",0.0373560535152349,0.7128,"12","kelch domain containing 1"
"Mtmr2",-0.0373501846620945,0.8384,"9","myotubularin related protein 2"
"Aifm3",0.037330827039737,0.858,"16","apoptosis-inducing factor, mitochondrion-associated 3"
"Snx5",0.0373079943973309,0.584,"2","sorting nexin 5"
"Retreg1",0.0372675474979332,0.7964,"15","reticulophagy regulator 1"
"Ccdc66",0.0372234741824968,0.8136,"14","coiled-coil domain containing 66"
"Pianp",0.0372179902201157,0.8128,"6","PILR alpha associated neural protein"
"Chst2",-0.0372085175680379,0.7256,"9","carbohydrate sulfotransferase 2"
"Caskin1",0.0372047590456654,0.724,"17","CASK interacting protein 1"
"Vasp",-0.0372043559585515,0.8792,"7","vasodilator-stimulated phosphoprotein"
"Cdc42",0.0371981493810098,0.7304,"4","cell division cycle 42"
"Ssh1",0.0371963691029231,0.5788,"5","slingshot protein phosphatase 1"
"Prex1",-0.0371833979387244,0.4988,"2","phosphatidylinositol-3,4,5-trisphosphate-dependent Rac exchange factor 1"
"Pfdn2",0.037172963122277,0.764,"1","prefoldin 2"
"Araf",0.0371714842910258,0.5692,"X","Araf proto-oncogene, serine/threonine kinase"
"Foxn2",-0.0371669189271566,0.7168,"17","forkhead box N2"
"Asb13",0.0371598675615497,0.482,"13","ankyrin repeat and SOCS box-containing 13"
"Fbxo2",0.0371578740030589,0.8936,"4","F-box protein 2"
"Ing2",0.0371459188112064,0.6388,"8","inhibitor of growth family, member 2"
"Egfl6",0.0371241084921308,0.8576,"X","EGF-like-domain, multiple 6"
"AA414768",-0.0371182064019808,0.8268,"X","expressed sequence AA414768"
"Psmd9",0.0371151255702653,0.7336,"5","proteasome (prosome, macropain) 26S subunit, non-ATPase, 9"
"Nfatc2",0.0371113926474225,0.8244,"2","nuclear factor of activated T cells, cytoplasmic, calcineurin dependent 2"
"Ahdc1",-0.0371032180301958,0.7624,"4","AT hook, DNA binding motif, containing 1"
"Sema6d",0.0370776105047579,0.7336,"2","sema domain, transmembrane domain (TM), and cytoplasmic domain, (semaphorin) 6D"
"Apba2",-0.0370735513123428,0.3092,"7","amyloid beta (A4) precursor protein-binding, family A, member 2"
"Nup107",-0.0370683883169041,0.7956,"10","nucleoporin 107"
"Rasgef1a",0.0370672887823282,0.7208,"6","RasGEF domain family, member 1A"
"Mrpl44",0.037054051537285,0.8348,"1","mitochondrial ribosomal protein L44"
"Zfp292",0.0370502944461473,0.8492,"4","zinc finger protein 292"
"Snx10",-0.0370493694251275,0.8268,"6","sorting nexin 10"
"Lypd6b",0.0370473618692548,0.8236,"2","LY6/PLAUR domain containing 6B"
"Imp4",-0.0370437762364886,0.686,"1","IMP4, U3 small nucleolar ribonucleoprotein"
"Pigq",-0.0370278055105437,0.4988,"17","phosphatidylinositol glycan anchor biosynthesis, class Q"
"Mrpl20",0.0370119517065648,0.8136,"4","mitochondrial ribosomal protein L20"
"Fzd7",-0.0370017648265195,0.8676,"1","frizzled class receptor 7"
"Cend1",-0.0369877771695544,0.7432,"7","cell cycle exit and neuronal differentiation 1"
"Mapk4",0.0369862732409025,0.8296,"18","mitogen-activated protein kinase 4"
"Limk2",0.0369457196152467,0.7328,"11","LIM motif-containing protein kinase 2"
"Tmem150c",0.036944724850775,0.704,"5","transmembrane protein 150C"
"Wbp11",-0.0369410385918343,0.5708,"6","WW domain binding protein 11"
"Slc45a4",-0.0369312340086267,0.5848,"15","solute carrier family 45, member 4"
"Mtfp1",0.0369248743564183,0.7188,"11","mitochondrial fission process 1"
"Eepd1",-0.0369203760165062,0.734,"9","endonuclease/exonuclease/phosphatase family domain containing 1"
"Arhgap4",0.0369087275915523,0.8848,"X","Rho GTPase activating protein 4"
"Rttn",-0.036904592934826,0.9136,"18","rotatin"
"Atp5b",-0.0369020430998379,0.7472,"10","ATP synthase, H+ transporting mitochondrial F1 complex, beta subunit"
"Bmt2",-0.0368992084421951,0.7308,"6","base methyltransferase of 25S rRNA 2"
"Tbc1d20",0.0368935163441826,0.6464,"2","TBC1 domain family, member 20"
"Nmral1",0.036881360232548,0.8136,"16","NmrA-like family domain containing 1"
"Rab13",-0.0368575113179705,0.7968,"3","RAB13, member RAS oncogene family"
"Clint1",-0.0368510385976544,0.7972,"11","clathrin interactor 1"
"Cyp4f16",-0.0368507530709667,0.8276,"17","cytochrome P450, family 4, subfamily f, polypeptide 16"
"Vps13d",-0.0368440866975197,0.8048,"4","vacuolar protein sorting 13D"
"Pkd1",0.0368053769573766,0.8752,"17","polycystin 1, transient receptor potential channel interacting"
"Mrps18a",0.0367979058905981,0.826,"17","mitochondrial ribosomal protein S18A"
"Mccc2",0.0367837209441468,0.494,"13","methylcrotonoyl-Coenzyme A carboxylase 2 (beta)"
"Nme1",0.0367765793903985,0.7824,"11","NME/NM23 nucleoside diphosphate kinase 1"
"Ufsp2",0.036738630566183,0.7596,"8","UFM1-specific peptidase 2"
"Rnasel",0.036732787200195,0.8052,"1","ribonuclease L (2', 5'-oligoisoadenylate synthetase-dependent)"
"Slc23a2",0.0367250822915564,0.6176,"2","solute carrier family 23 (nucleobase transporters), member 2"
"Topbp1",0.036721581201248,0.7848,"9","topoisomerase (DNA) II binding protein 1"
"Bcl2l13",-0.0367173975393627,0.5956,"6","BCL2-like 13 (apoptosis facilitator)"
"Tmem218",-0.0367062562878,0.7616,"9","transmembrane protein 218"
"Golga2",0.036690058983698,0.5664,"2","golgi autoantigen, golgin subfamily a, 2"
"Nup50",-0.0366725290277756,0.48,"15","nucleoporin 50"
"Gatm",0.0366714023670447,0.89,"2","glycine amidinotransferase (L-arginine:glycine amidinotransferase)"
"Asic1",-0.0366679977988946,0.6012,"15","acid-sensing (proton-gated) ion channel 1"
"Prkag2",0.036658981448868,0.5436,"5","protein kinase, AMP-activated, gamma 2 non-catalytic subunit"
"Ralgps2",0.0366478676460851,0.7124,"1","Ral GEF with PH domain and SH3 binding motif 2"
"Tmem50b",0.0366328991369036,0.716,"16","transmembrane protein 50B"
"H2bc21",0.0365954627944949,0.5644,"3","H2B clustered histone 21"
"Eif2b5",-0.0365845883061615,0.5364,"16","eukaryotic translation initiation factor 2B, subunit 5 epsilon"
"Larp1",-0.0365835414329734,0.564,"11","La ribonucleoprotein 1, translational regulator"
"Krt73",0.0365504890739552,0.8304,"15","keratin 73"
"Ap1b1",-0.0365411034563445,0.5496,"11","adaptor protein complex AP-1, beta 1 subunit"
"Epb41l4b",-0.0365366654752268,0.758,"4","erythrocyte membrane protein band 4.1 like 4b"
"Nom1",0.0365279122334954,0.6528,"5","nucleolar protein with MIF4G domain 1"
"Pigp",-0.0365027834266174,0.7268,"16","phosphatidylinositol glycan anchor biosynthesis, class P"
"Gkap1",0.0364974152726139,0.6032,"13","G kinase anchoring protein 1"
"Dcaf8",-0.0364724574537796,0.3968,"1","DDB1 and CUL4 associated factor 8"
"Rgp1",0.0364648306095035,0.8544,"4","RAB6A GEF compex partner 1"
"Serinc1",0.0364594827935658,0.7356,"10","serine incorporator 1"
"Ap2a1",-0.0364487637936541,0.436,"7","adaptor-related protein complex 2, alpha 1 subunit"
"Rnaseh2c",-0.0364382520325988,0.852,"19","ribonuclease H2, subunit C"
"Uhrf1bp1l",-0.0364163977220144,0.6428,"10","UHRF1 (ICBP90) binding protein 1-like"
"Arhgap12",-0.036391543032976,0.8124,"18","Rho GTPase activating protein 12"
"Zfp622",0.0363734782126022,0.7052,"15","zinc finger protein 622"
"Tmem104",0.0363451285031262,0.7164,"11","transmembrane protein 104"
"Map3k3",-0.0363256096278368,0.7308,"11","mitogen-activated protein kinase kinase kinase 3"
"Ranbp2",-0.0362878888318949,0.8656,"10","RAN binding protein 2"
"Wapl",-0.0362793612184467,0.732,"14","WAPL cohesin release factor"
"Ddit4l",0.0362776342406033,0.8448,"3","DNA-damage-inducible transcript 4-like"
"Csde1",0.0362328755533312,0.4596,"3","cold shock domain containing E1, RNA binding"
"Flnb",0.0362169624712747,0.9076,"14","filamin, beta"
"Tmem131",-0.036213517027976,0.8684,"1","transmembrane protein 131"
"Lmbr1l",0.0362123944850135,0.8896,"15","limb region 1 like"
"Mrm3",0.0362039618622458,0.6936,"11","mitochondrial rRNA methyltransferase 3"
"Gpr108",0.0361966916974481,0.7984,"17","G protein-coupled receptor 108"
"Ddx51",-0.0361941555349041,0.7744,"5","DEAD box helicase 51"
"Inpp5j",-0.0361833038487491,0.566,"11","inositol polyphosphate 5-phosphatase J"
"Stam",0.0361804732447775,0.7448,"2","signal transducing adaptor molecule (SH3 domain and ITAM motif) 1"
"Tmem158",0.0361755662040659,0.7492,"9","transmembrane protein 158"
"Slc12a2",-0.0361563515864098,0.8668,"18","solute carrier family 12, member 2"
"Mtch1",-0.0361483600853649,0.7588,"17","mitochondrial carrier 1"
"Chmp3",0.0361245751451449,0.6288,"6","charged multivesicular body protein 3"
"Raver1",0.0361189687591006,0.826,"9","ribonucleoprotein, PTB-binding 1"
"BC005537",-0.0361162473996153,0.53,"13","cDNA sequence BC005537"
"Zfp955a",0.036111806194381,0.8708,"17","zinc finger protein 955A"
"Ahcyl2",0.0361108893662951,0.6016,"6","S-adenosylhomocysteine hydrolase-like 2"
"Rab1b",-0.0361009933923651,0.794,"19","RAB1B, member RAS oncogene family"
"Trps1",0.03606049508313,0.8704,"15","transcriptional repressor GATA binding 1"
"Tatdn2",-0.0360588600769134,0.7104,"6","TatD DNase domain containing 2"
"Nudcd3",-0.0360392080698091,0.6828,"11","NudC domain containing 3"
"Sema5b",0.0360335129733542,0.8312,"16","sema domain, seven thrombospondin repeats (type 1 and type 1-like), transmembrane domain (TM) and short cytoplasmic domain, (semaphorin) 5B"
"Cmss1",0.0360312601770758,0.7384,"16","cms small ribosomal subunit 1"
"Exosc4",-0.0360242753326467,0.8488,"15","exosome component 4"
"Atp13a2",0.0360218276937445,0.6908,"4","ATPase type 13A2"
"Aebp2",0.0360149415524322,0.626,"6","AE binding protein 2"
"Fah",-0.0360098820037766,0.7196,"7","fumarylacetoacetate hydrolase"
"Chuk",0.0360023316164124,0.92,"19","conserved helix-loop-helix ubiquitous kinase"
"Plaat1",-0.0360012439710373,0.7972,"16","phospholipase A and acyltransferase 1"
"Ascl1",0.0360005606566522,0.7832,"10","achaete-scute family bHLH transcription factor 1"
"Sgpl1",-0.0359988176786459,0.6032,"10","sphingosine phosphate lyase 1"
"Cdon",-0.0359951230874316,0.7816,"9","cell adhesion molecule-related/down-regulated by oncogenes"
"Klc2",0.0359883232446983,0.676,"19","kinesin light chain 2"
"Gnptg",0.0359839676085771,0.758,"17","N-acetylglucosamine-1-phosphotransferase, gamma subunit"
"Nampt",0.0359734973613648,0.8124,"12","nicotinamide phosphoribosyltransferase"
"Arhgap35",-0.0359698620274269,0.6564,"7","Rho GTPase activating protein 35"
"Tm2d3",0.035961774681545,0.7984,"7","TM2 domain containing 3"
"Sec61a1",-0.0359596577020387,0.658,"6","Sec61 alpha 1 subunit (S. cerevisiae)"
"Disp3",0.0359504608306409,0.7176,"4","dispatched RND transporter family member 3"
"Rapgef3",-0.0359455431885429,0.7732,"15","Rap guanine nucleotide exchange factor (GEF) 3"
"Septin4",-0.0359324131634899,0.8552,"11","septin 4"
"Parg",-0.0359257859147801,0.6064,"14","poly (ADP-ribose) glycohydrolase"
"Hars2",0.0359196452295851,0.8748,"18","histidyl-tRNA synthetase 2"
"Stx18",-0.0359150252435745,0.7692,"5","syntaxin 18"
"Usp16",0.035879654895675,0.8076,"16","ubiquitin specific peptidase 16"
"Vezt",0.0358791706738106,0.7272,"10","vezatin, adherens junctions transmembrane protein"
"Kif5a",0.0358568937467147,0.7792,"10","kinesin family member 5A"
"Exoc6b",-0.0358530049125978,0.5864,"6","exocyst complex component 6B"
"Rap1a",0.0358465889665656,0.6272,"3","RAS-related protein 1a"
"Gnao1",0.0358410974777481,0.688,"8","guanine nucleotide binding protein, alpha O"
"Mid1ip1",-0.0358171542405072,0.754,"X","Mid1 interacting protein 1 (gastrulation specific G12-like (zebrafish))"
"Mfsd14a",0.0358147056160414,0.6232,"3","major facilitator superfamily domain containing 14A"
"Ggh",-0.0358120338041985,0.8712,"4","gamma-glutamyl hydrolase"
"Ubqln1",-0.0358016829511136,0.6212,"13","ubiquilin 1"
"Dact3",0.0357849221710094,0.804,"7","dishevelled-binding antagonist of beta-catenin 3"
"Abhd8",0.0357670686971385,0.8268,"8","abhydrolase domain containing 8"
"Nicn1",-0.0357613336831442,0.7024,"9","nicolin 1"
"Ttll11",-0.0357248970468111,0.7112,"2","tubulin tyrosine ligase-like family, member 11"
"Fam110a",-0.0357126805749619,0.8052,"2","family with sequence similarity 110, member A"
"Smim13",-0.0356939010917019,0.756,"13","small integral membrane protein 13"
"Cpne8",-0.0356796943034796,0.8308,"15","copine VIII"
"Rpl11",0.0356675520913274,0.8268,"4","ribosomal protein L11"
"Hsd17b12",0.0356655297959643,0.7464,"2","hydroxysteroid (17-beta) dehydrogenase 12"
"Pacrg",0.0356638399934393,0.832,"17","PARK2 co-regulated"
"Dolk",0.0356563923594968,0.7912,"2","dolichol kinase"
"Parn",-0.0356542692947537,0.4928,"16","poly(A)-specific ribonuclease (deadenylation nuclease)"
"Calr",0.0356541934384857,0.7324,"8","calreticulin"
"Cbx2",0.0356490183128471,0.8504,"11","chromobox 2"
"Ss18l1",0.0356371502988004,0.6424,"2","SS18, nBAF chromatin remodeling complex subunit like 1"
"Arfgef2",-0.0356236627819602,0.68,"2","ADP-ribosylation factor guanine nucleotide-exchange factor 2 (brefeldin A-inhibited)"
"Pex26",0.0356161666196315,0.814,"6","peroxisomal biogenesis factor 26"
"Dixdc1",-0.0356016868454896,0.734,"9","DIX domain containing 1"
"Glce",-0.0355974519933229,0.5104,"9","glucuronyl C5-epimerase"
"Sacm1l",0.0355935898001603,0.7424,"9","SAC1 suppressor of actin mutations 1-like (yeast)"
"Agap2",-0.035547122214501,0.748,"10","ArfGAP with GTPase domain, ankyrin repeat and PH domain 2"
"Prrt2",0.0355408523410254,0.716,"7","proline-rich transmembrane protein 2"
"Carns1",0.0355229407419149,0.7512,"19","carnosine synthase 1"
"Slc24a3",-0.0355225162882409,0.698,"2","solute carrier family 24 (sodium/potassium/calcium exchanger), member 3"
"Avpi1",0.0355016790630986,0.8164,"19","arginine vasopressin-induced 1"
"Cfap410",0.0354993683144302,0.7492,"10","cilia and flagella associated protein 410"
"Fosb",0.0354845187189046,0.9476,"7","FBJ osteosarcoma oncogene B"
"Usf3",-0.0354622537093032,0.786,"16","upstream transcription factor family member 3"
"Neu1",0.0354482744593367,0.522,"17","neuraminidase 1"
"Xiap",0.035442389241612,0.7588,"X","X-linked inhibitor of apoptosis"
"Itga4",-0.0354317183973087,0.8364,"2","integrin alpha 4"
"Ntrk3",0.0354313388354459,0.8208,"7","neurotrophic tyrosine kinase, receptor, type 3"
"Ntrk3",0.0354313388354459,0.8208,"7","neurotrophic tyrosine kinase, receptor, type 3"
"Dtx2",0.0354227606952691,0.6588,"5","deltex 2, E3 ubiquitin ligase"
"Rabgap1",-0.0354015879756142,0.534,"2","RAB GTPase activating protein 1"
"Kctd2",-0.0354001142246281,0.722,"11","potassium channel tetramerisation domain containing 2"
"Nrbp1",0.0353683391183868,0.5744,"5","nuclear receptor binding protein 1"
"Csnk1g1",0.0353497007136809,0.7816,"9","casein kinase 1, gamma 1"
"Ndufaf8",0.0353424449438733,0.8412,"11","NADH:ubiquinone oxidoreductase complex assembly factor 8"
"Rock1",0.0353299298991079,0.82,"18","Rho-associated coiled-coil containing protein kinase 1"
"Ppp1r13b",0.0353230147337875,0.6256,"12","protein phosphatase 1, regulatory subunit 13B"
"Ppp4r1l-ps",0.0353111658682219,0.8784,"2","protein phosphatase 4, regulatory subunit 1-like, pseudogene"
"Elovl4",0.0352991774353102,0.754,"9","elongation of very long chain fatty acids (FEN1/Elo2, SUR4/Elo3, yeast)-like 4"
"Maml2",0.0352851482120631,0.7516,"9","mastermind like transcriptional coactivator 2"
"Ncoa5",0.0352747369646584,0.6504,"2","nuclear receptor coactivator 5"
"Homer3",0.0352618118924033,0.8072,"8","homer scaffolding protein 3"
"Gm15706",-0.0352436112111416,0.842,"6","predicted gene 15706"
"Zbtb8os",0.0352366553610004,0.6564,"4","zinc finger and BTB domain containing 8 opposite strand"
"Etv6",-0.0352140421554674,0.696,"6","ets variant 6"
"Cmas",0.0351879877403194,0.6064,"6","cytidine monophospho-N-acetylneuraminic acid synthetase"
"Prkra",0.0351841381471685,0.7848,"2","protein kinase, interferon inducible double stranded RNA dependent activator"
"Dut",0.0351812336950452,0.7348,"2","deoxyuridine triphosphatase"
"Ipo4",0.0351658792483676,0.6804,"14","importin 4"
"Sdc3",-0.0351635683332194,0.5268,"4","syndecan 3"
"Ikbkg",-0.0351628997635096,0.5048,"X","inhibitor of kappaB kinase gamma"
"Celsr2",-0.0351516112773851,0.7052,"3","cadherin, EGF LAG seven-pass G-type receptor 2"
"Ccdc141",-0.0351346311788694,0.9004,"2","coiled-coil domain containing 141"
"Tex261",0.035101620325952,0.7892,"6","testis expressed gene 261"
"Ubr4",0.0350869872921296,0.8952,"4","ubiquitin protein ligase E3 component n-recognin 4"
"Adsl",0.035083586258092,0.7068,"15","adenylosuccinate lyase"
"Tubb4a",0.0350365408972966,0.94,"17","tubulin, beta 4A class IVA"
"Camta2",0.0350269677272994,0.7884,"11","calmodulin binding transcription activator 2"
"Epg5",-0.0349651030739677,0.73,"18","ectopic P-granules autophagy protein 5 homolog (C. elegans)"
"Zhx1",0.0349462819935873,0.7516,"15","zinc fingers and homeoboxes 1"
"Dbp",-0.0349333593596697,0.806,"7","D site albumin promoter binding protein"
"Abtb1",-0.0349304239673742,0.72,"6","ankyrin repeat and  BTB (POZ) domain containing 1"
"Trappc4",-0.0349116550611708,0.8304,"9","trafficking protein particle complex 4"
"Blmh",0.0349096567725615,0.728,"11","bleomycin hydrolase"
"Riok2",0.0349069593870412,0.6696,"17","RIO kinase 2"
"Anxa5",0.0348942512266674,0.8208,"3","annexin A5"
"Ngly1",0.0348730546569707,0.6812,"14","N-glycanase 1"
"Alas1",-0.0348711254503051,0.4428,"9","aminolevulinic acid synthase 1"
"Spns2",0.034859898127495,0.6184,"11","spinster homolog 2"
"Tshz1",0.0348589407726037,0.6924,"18","teashirt zinc finger family member 1"
"Srd5a3",-0.0348516583311462,0.7856,"5","steroid 5 alpha-reductase 3"
"Sel1l",-0.0348515931191775,0.7392,"12","sel-1 suppressor of lin-12-like (C. elegans)"
"Lonp1",0.0348447346030367,0.3136,"17","lon peptidase 1, mitochondrial"
"Nudt1",-0.0348416332632007,0.7588,"5","nudix (nucleoside diphosphate linked moiety X)-type motif 1"
"Dkc1",0.0348410341412384,0.7532,"X","dyskeratosis congenita 1, dyskerin"
"Prr14",0.0348371116336121,0.7808,"7","proline rich 14"
"Asb7",-0.034834816262074,0.8076,"7","ankyrin repeat and SOCS box-containing 7"
"Tmc3",-0.0348337980445743,0.9032,"7","transmembrane channel-like gene family 3"
"Zfp2",0.034808774854032,0.7912,"11","zinc finger protein 2"
"Nrbp2",-0.0348036638971951,0.7872,"15","nuclear receptor binding protein 2"
"D16Ertd472e",-0.0347921937571529,0.8032,"16","DNA segment, Chr 16, ERATO Doi 472, expressed"
"Rsad1",0.0347811304345336,0.8924,"11","radical S-adenosyl methionine domain containing 1"
"Wdr81",-0.0347680916277238,0.6828,"11","WD repeat domain 81"
"Rbm18",0.0347550463828794,0.6532,"2","RNA binding motif protein 18"
"Btbd9",-0.034753157906132,0.5868,"17","BTB (POZ) domain containing 9"
"Fbxl2",-0.0347472672530982,0.6748,"9","F-box and leucine-rich repeat protein 2"
"Fam241b",0.0347030995376625,0.7988,"10","family with sequence similarity 241, member B"
"Atxn7l3b",0.0346998044318676,0.6988,"10","ataxin 7-like 3B"
"Islr2",-0.0346980227141245,0.6152,"9","immunoglobulin superfamily containing leucine-rich repeat 2"
"Odf2l",0.0346868491727461,0.8636,"3","outer dense fiber of sperm tails 2-like"
"Tspan17",0.0346744430989006,0.8048,"13","tetraspanin 17"
"Pik3r2",0.0346532978895526,0.7316,"8","phosphoinositide-3-kinase regulatory subunit 2"
"Spats2",-0.0346507715775104,0.6896,"15","spermatogenesis associated, serine-rich 2"
"Pebp1",-0.0346436062316409,0.75,"5","phosphatidylethanolamine binding protein 1"
"Rap1gap",0.0346402755829507,0.6856,"4","Rap1 GTPase-activating protein"
"Tpr",-0.0346175050918482,0.7336,"1","translocated promoter region, nuclear basket protein"
"Nqo1",0.0346064048711374,0.8096,"8","NAD(P)H dehydrogenase, quinone 1"
"Tedc2",0.0345703917800408,0.8596,"17","tubulin epsilon and delta complex 2"
"Glg1",-0.0345666657930668,0.3856,"8","golgi apparatus protein 1"
"Tvp23b",-0.034565590786185,0.5856,"11","trans-golgi network vesicle protein 23B"
"Zer1",0.0345588262024847,0.718,"2","zyg-11 related, cell cycle regulator"
"Pdzd4",-0.0345213523647754,0.702,"X","PDZ domain containing 4"
"Tbc1d23",-0.034506725929111,0.6048,"16","TBC1 domain family, member 23"
"Rab11fip2",0.0345066647117225,0.7572,"19","RAB11 family interacting protein 2 (class I)"
"Atf2",0.0344862914276201,0.7212,"2","activating transcription factor 2"
"Pde6d",0.0344608534957773,0.8672,"1","phosphodiesterase 6D, cGMP-specific, rod, delta"
"Emd",0.0344422307783674,0.7356,"X","emerin"
"Bend4",0.034437636042953,0.8332,"5","BEN domain containing 4"
"Kat8",0.0344238539313277,0.6612,"7","K(lysine) acetyltransferase 8"
"Ttc19",-0.0344182654113077,0.666,"11","tetratricopeptide repeat domain 19"
"Tcf12",-0.0344105045603671,0.7508,"9","transcription factor 12"
"Ccdc43",0.0344019982292503,0.7052,"11","coiled-coil domain containing 43"
"Thada",-0.0343890632934212,0.7664,"17","thyroid adenoma associated"
"Adk",0.0343880718849769,0.7564,"14","adenosine kinase"
"Agrn",0.0343664373590125,0.8576,"4","agrin"
"Papss1",0.0343606138915264,0.7128,"3","3'-phosphoadenosine 5'-phosphosulfate synthase 1"
"0610030E20Rik",0.0343321706053406,0.808,"6","RIKEN cDNA 0610030E20 gene"
"Sord",0.0343308985148543,0.5116,"2","sorbitol dehydrogenase"
"Anp32e",-0.0343278435608827,0.6604,"3","acidic (leucine-rich) nuclear phosphoprotein 32 family, member E"
"Adpgk",-0.0343150778693913,0.69,"9","ADP-dependent glucokinase"
"Zfp354c",0.0342804050808398,0.7456,"11","zinc finger protein 354C"
"Tlr3",0.0342742690998019,0.958,"8","toll-like receptor 3"
"Exph5",0.0342741689878385,0.926,"9","exophilin 5"
"Bace1",-0.0342722572635283,0.4336,"9","beta-site APP cleaving enzyme 1"
"Ap1g1",-0.0342694607655183,0.6004,"8","adaptor protein complex AP-1, gamma 1 subunit"
"Lmbr1",0.0342665332928407,0.75,"5","limb region 1"
"Tmem248",0.0342644762992323,0.6456,"5","transmembrane protein 248"
"Mocs3",0.0342581029729869,0.7204,"2","molybdenum cofactor synthesis 3"
"Map3k10",0.0342461913698582,0.7016,"7","mitogen-activated protein kinase kinase kinase 10"
"Ivd",0.0342330189329489,0.7396,"2","isovaleryl coenzyme A dehydrogenase"
"Wwp2",0.0342223942645266,0.5592,"8","WW domain containing E3 ubiquitin protein ligase 2"
"Dhx30",0.0341981392466613,0.5072,"9","DEAH (Asp-Glu-Ala-His) box polypeptide 30"
"Trak1",-0.0341653894802469,0.6416,"9","trafficking protein, kinesin binding 1"
"Tubgcp2",0.0341554010898673,0.724,"7","tubulin, gamma complex associated protein 2"
"Ssr1",-0.034151890176938,0.5112,"13","signal sequence receptor, alpha"
"Kiss1r",-0.0341475813403178,0.9248,"10","KISS1 receptor"
"Slc25a19",0.0341285951956314,0.444,"11","solute carrier family 25 (mitochondrial thiamine pyrophosphate carrier), member 19"
"Arhgap17",0.0340799887126373,0.8632,"7","Rho GTPase activating protein 17"
"Ints8",0.034044030130822,0.7952,"4","integrator complex subunit 8"
"Mybbp1a",0.0340429644828539,0.79,"11","MYB binding protein (P160) 1a"
"Wdr35",-0.0340330474894373,0.7748,"12","WD repeat domain 35"
"Pgs1",0.0340151875722077,0.8184,"11","phosphatidylglycerophosphate synthase 1"
"Tmem126a",0.0340093905798273,0.494,"7","transmembrane protein 126A"
"Grpel2",-0.0339992187901963,0.2348,"18","GrpE-like 2, mitochondrial"
"Akap1",0.0339795078169498,0.6836,"11","A kinase (PRKA) anchor protein 1"
"Bnip2",-0.0339764095927162,0.7372,"9","BCL2/adenovirus E1B interacting protein 2"
"Heatr3",0.0339706602405361,0.552,"8","HEAT repeat containing 3"
"Zfp51",0.0339669356008869,0.85,"17","zinc finger protein 51"
"Haus1",-0.0339652656928653,0.7296,"18","HAUS augmin-like complex, subunit 1"
"Usp32",-0.0339539418853176,0.752,"11","ubiquitin specific peptidase 32"
"Adcyap1r1",-0.0339491577525175,0.4984,"6","adenylate cyclase activating polypeptide 1 receptor 1"
"Slc12a9",-0.0339428179936538,0.8452,"5","solute carrier family 12 (potassium/chloride transporters), member 9"
"Ghitm",0.0339383387261964,0.6368,"14","growth hormone inducible transmembrane protein"
"Eif5",0.0339207108520112,0.4932,"12","eukaryotic translation initiation factor 5"
"Paqr9",0.0339181776180517,0.7312,"9","progestin and adipoQ receptor family member IX"
"Sgk2",-0.0338847257788966,0.8708,"2","serum/glucocorticoid regulated kinase 2"
"Sppl2b",0.0338712553043869,0.8076,"10","signal peptide peptidase like 2B"
"Ecsit",0.0338680363670685,0.7652,"9","ECSIT signalling integrator"
"Edrf1",-0.0338665596897272,0.772,"7","erythroid differentiation regulatory factor 1"
"Pcmtd1",0.0338570985684212,0.7424,"1","protein-L-isoaspartate (D-aspartate) O-methyltransferase domain containing 1"
"Dusp3",-0.0338383951566481,0.7204,"11","dual specificity phosphatase 3 (vaccinia virus phosphatase VH1-related)"
"Thap1",-0.033832426855247,0.752,"8","THAP domain containing, apoptosis associated protein 1"
"Fbxo3",0.0338166455437738,0.7112,"2","F-box protein 3"
"Prdm8",-0.0338065458775514,0.8132,"5","PR domain containing 8"
"Brwd3",0.033797836125248,0.8696,"X","bromodomain and WD repeat domain containing 3"
"Lrrtm2",0.033795515371609,0.85,"18","leucine rich repeat transmembrane neuronal 2"
"Tab1",0.0337784534413208,0.7536,"15","TGF-beta activated kinase 1/MAP3K7 binding protein 1"
"Plaat3",-0.0337763538182818,0.8344,"19","phospholipase A and acyltransferase 3"
"Chmp2b",-0.0337354430727297,0.8452,"16","charged multivesicular body protein 2B"
"Flii",0.0337143519316454,0.8452,"11","flightless I actin binding protein"
"Unc119b",-0.0337107306666677,0.6884,"5","unc-119 lipid binding chaperone B"
"Marcks",0.0337079087349608,0.608,"10","myristoylated alanine rich protein kinase C substrate"
"Eif5a",0.033704731209717,0.7724,"11","eukaryotic translation initiation factor 5A"
"D2hgdh",0.0336995224142846,0.806,"1","D-2-hydroxyglutarate dehydrogenase"
"Sfxn5",0.0336879235258003,0.7496,"6","sideroflexin 5"
"Ccng1",-0.0336839141577592,0.6704,"11","cyclin G1"
"Il1rap",0.0336661833297605,0.7368,"16","interleukin 1 receptor accessory protein"
"Fbxo31",0.0336644131801309,0.7728,"8","F-box protein 31"
"Plcb1",-0.0336607895044185,0.7972,"2","phospholipase C, beta 1"
"Rere",-0.033649850607449,0.766,"4","arginine glutamic acid dipeptide (RE) repeats"
"Tmod2",-0.0336462073688928,0.69,"9","tropomodulin 2"
"Zfhx4",-0.0336249525225378,0.8348,"3","zinc finger homeodomain 4"
"Tkt",-0.0336247037250095,0.7932,"14","transketolase"
"Jun",0.0336237211924999,0.7592,"4","jun proto-oncogene"
"Slc35a5",0.0336189824560771,0.6792,"16","solute carrier family 35, member A5"
"Kbtbd3",-0.0336133005433004,0.8392,"9","kelch repeat and BTB (POZ) domain containing 3"
"Twsg1",0.0336075715874466,0.6388,"17","twisted gastrulation BMP signaling modulator 1"
"Src",0.0335969244647112,0.6552,"2","Rous sarcoma oncogene"
"Ndufs2",0.033594241335428,0.5764,"1","NADH:ubiquinone oxidoreductase core subunit S2"
"P4ha1",0.033590232485893,0.8556,"10","procollagen-proline, 2-oxoglutarate 4-dioxygenase (proline 4-hydroxylase), alpha 1 polypeptide"
"Ksr1",-0.0335895382832287,0.7676,"11","kinase suppressor of ras 1"
"Mid2",0.0335860700464385,0.7616,"X","midline 2"
"Plekha2",0.03358379535441,0.6424,"8","pleckstrin homology domain-containing, family A (phosphoinositide binding specific) member 2"
"Rpgr",0.0335769617881878,0.814,"X","retinitis pigmentosa GTPase regulator"
"Nova2",-0.0335662549429125,0.7872,"7","NOVA alternative splicing regulator 2"
"Snrpd3",0.0335605704895627,0.7872,"10","small nuclear ribonucleoprotein D3"
"Sema4g",0.033548202183221,0.8608,"19","sema domain, immunoglobulin domain (Ig), transmembrane domain (TM) and short cytoplasmic domain, (semaphorin) 4G"
"Rnmt",-0.033544465372076,0.6612,"18","RNA (guanine-7-) methyltransferase"
"Rtn4rl1",-0.0335355770845833,0.698,"11","reticulon 4 receptor-like 1"
"Zfp623",0.0335292867348214,0.8404,"15","zinc finger protein 623"
"Rimklb",0.0335280789142978,0.9228,"6","ribosomal modification protein rimK-like family member B"
"Nol10",-0.0335243003600167,0.6476,"12","nucleolar protein 10"
"Micall1",0.0335071416001709,0.768,"15","microtubule associated monooxygenase, calponin and LIM domain containing -like 1"
"Lifr",-0.0334751356453378,0.7364,"15","LIF receptor alpha"
"Sh3rf1",-0.0334724970820091,0.684,"8","SH3 domain containing ring finger 1"
"Srpk2",-0.0334697895498639,0.692,"5","serine/arginine-rich protein specific kinase 2"
"Efna3",-0.0334330770487794,0.7396,"3","ephrin A3"
"Ncs1",0.0334260759207137,0.786,"2","neuronal calcium sensor 1"
"Slbp",0.0333959141419027,0.7608,"5","stem-loop binding protein"
"Bckdha",-0.033392222624463,0.8324,"7","branched chain ketoacid dehydrogenase E1, alpha polypeptide"
"Lrrc4c",0.0333560724359891,0.7768,"2","leucine rich repeat containing 4C"
"Kat2b",-0.0333405788403978,0.8484,"17","K(lysine) acetyltransferase 2B"
"Tex10",0.0333097113301566,0.7772,"4","testis expressed gene 10"
"Tmem267",0.0332810675038795,0.8532,"13","transmembrane protein 267"
"Rab3il1",0.0332146843682772,0.8468,"19","RAB3A interacting protein (rabin3)-like 1"
"Lrpap1",-0.0332093709014654,0.682,"5","low density lipoprotein receptor-related protein associated protein 1"
"Copa",0.0332003242572876,0.4112,"1","coatomer protein complex subunit alpha"
"Ctnna2",0.0331926865959806,0.7784,"6","catenin (cadherin associated protein), alpha 2"
"Kansl1l",0.0331908674583268,0.8044,"1","KAT8 regulatory NSL complex subunit 1-like"
"Shd",-0.0331875646953232,0.8412,"17","src homology 2 domain-containing transforming protein D"
"Map2k5",-0.0331811878581911,0.738,"9","mitogen-activated protein kinase kinase 5"
"Vdac3",0.0331787925918512,0.7156,"8","voltage-dependent anion channel 3"
"Anapc13",-0.0331751313860202,0.8188,"9","anaphase promoting complex subunit 13"
"Mis12",-0.0331713328457592,0.8392,"11","MIS12 kinetochore complex component"
"Tmem167",0.0331541554388819,0.5828,"13","transmembrane protein 167"
"Tbr1",0.0331493899377797,0.7296,"2","T-box brain transcription factor 1"
"Cenpb",0.0331485317936808,0.906,"2","centromere protein B"
"Srprb",0.0331439493164059,0.8092,"9","signal recognition particle receptor, B subunit"
"Dctn4",0.033138008492406,0.6732,"18","dynactin 4"
"Ganc",0.0331366253199739,0.8336,"2","glucosidase, alpha; neutral C"
"Sos1",-0.0331060906985856,0.8108,"17","SOS Ras/Rac guanine nucleotide exchange factor 1"
"Chchd10",-0.0331042010561164,0.8556,"10","coiled-coil-helix-coiled-coil-helix domain containing 10"
"Tafa5",-0.0330894640808319,0.7868,"15","TAFA chemokine like family member 5"
"Uspl1",0.0330738371840527,0.62,"5","ubiquitin specific peptidase like 1"
"Nphp3",0.0330586191471602,0.9076,"9","nephronophthisis 3 (adolescent)"
"Dhx29",0.0330295948456785,0.7624,"13","DEAH (Asp-Glu-Ala-His) box polypeptide 29"
"Ndufa3",-0.0330294866010972,0.8876,"7","NADH:ubiquinone oxidoreductase subunit A3"
"Atp5d",0.0330263877803745,0.8836,"10","ATP synthase, H+ transporting, mitochondrial F1 complex, delta subunit"
"Magi3",-0.0330233543873595,0.8208,"3","membrane associated guanylate kinase, WW and PDZ domain containing 3"
"Cd68",-0.0330165698594158,0.9108,"11","CD68 antigen"
"Ddah1",0.0330137271608377,0.724,"3","dimethylarginine dimethylaminohydrolase 1"
"Rptor",-0.0330084742273193,0.654,"11","regulatory associated protein of MTOR, complex 1"
"Cntnap5a",0.0330060766300768,0.852,"1","contactin associated protein-like 5A"
"Scn1b",0.0329906630463643,0.8004,"7","sodium channel, voltage-gated, type I, beta"
"Xbp1",0.0329788433708007,0.8712,"11","X-box binding protein 1"
"Mosmo",0.0329736868322836,0.6324,"7","modulator of smoothened"
"Cpped1",-0.0329334847335065,0.7428,"16","calcineurin-like phosphoesterase domain containing 1"
"Scp2",0.0329307842991788,0.7692,"4","sterol carrier protein 2, liver"
"Cox6b1",0.0329155228873397,0.8528,"7","cytochrome c oxidase, subunit 6B1"
"Sorbs1",-0.0328964971535441,0.7136,"19","sorbin and SH3 domain containing 1"
"Ccdc93",-0.0328901081800934,0.7924,"1","coiled-coil domain containing 93"
"Fn3krp",-0.0328900067085218,0.5184,"11","fructosamine 3 kinase related protein"
"Arglu1",0.0328796619450493,0.7724,"8","arginine and glutamate rich 1"
"Ino80",-0.0328792767331612,0.7416,"2","INO80 complex subunit"
"Gart",-0.0328744364485321,0.7464,"16","phosphoribosylglycinamide formyltransferase"
"Dexi",0.0328215202308844,0.8148,"16","dexamethasone-induced transcript"
"Tef",0.0328173873739708,0.6044,"15","thyrotroph embryonic factor"
"Acadsb",0.0328022281573332,0.5724,"7","acyl-Coenzyme A dehydrogenase, short/branched chain"
"Il17d",-0.0327918351647001,0.8612,"14","interleukin 17D"
"Lsm2",0.0327774191173562,0.8128,"17","LSM2 homolog, U6 small nuclear RNA and mRNA degradation associated"
"Hus1",0.0327434314972113,0.6924,"11","HUS1 checkpoint clamp component"
"Ercc2",-0.0327274185459059,0.8096,"7","excision repair cross-complementing rodent repair deficiency, complementation group 2"
"Exoc2",-0.0327080236232611,0.7964,"13","exocyst complex component 2"
"Stoml2",0.0326886573888956,0.7584,"4","stomatin (Epb7.2)-like 2"
"Puf60",0.0326802001035453,0.722,"15","poly-U binding splicing factor 60"
"Ehbp1l1",0.0326781225718049,0.7528,"19","EH domain binding protein 1-like 1"
"Hmgcs1",0.0326498773791348,0.7584,"13","3-hydroxy-3-methylglutaryl-Coenzyme A synthase 1"
"Csrp1",0.0326492087539805,0.904,"1","cysteine and glycine-rich protein 1"
"Ube2d3",0.032647312416171,0.7556,"3","ubiquitin-conjugating enzyme E2D 3"
"Agps",0.0326389302310179,0.732,"2","alkylglycerone phosphate synthase"
"Gm1043",0.0326329332080446,0.9516,"5","predicted gene 1043"
"Ptges2",-0.0326234775541137,0.8528,"2","prostaglandin E synthase 2"
"Lingo3",-0.0326083931435788,0.8224,"10","leucine rich repeat and Ig domain containing 3"
"1700017B05Rik",-0.0325756929081669,0.7264,"9","RIKEN cDNA 1700017B05 gene"
"C1qtnf4",0.0325672805124642,0.8692,"2","C1q and tumor necrosis factor related protein 4"
"Rgs17",0.0325590306730259,0.8392,"10","regulator of G-protein signaling 17"
"Msantd4",0.032540582483974,0.8424,"9","Myb/SANT-like DNA-binding domain containing 4 with coiled-coils"
"Trim41",0.032536283201221,0.854,"11","tripartite motif-containing 41"
"Rad21",0.0325327733369614,0.7276,"15","RAD21 cohesin complex component"
"Cpt1a",0.0325227129030168,0.7976,"19","carnitine palmitoyltransferase 1a, liver"
"Cpeb3",-0.032519366904955,0.8232,"19","cytoplasmic polyadenylation element binding protein 3"
"Tacc1",0.0325188843332578,0.726,"8","transforming, acidic coiled-coil containing protein 1"
"Gfpt1",-0.0325103429583331,0.7716,"6","glutamine fructose-6-phosphate transaminase 1"
"Slc22a17",-0.0325019893878675,0.8212,"14","solute carrier family 22 (organic cation transporter), member 17"
"Wipi1",0.0324932675734191,0.5716,"11","WD repeat domain, phosphoinositide interacting 1"
"Ecpas",0.0324615018429233,0.768,"4","Ecm29 proteasome adaptor and scaffold"
"Nudt4",-0.0324440818302048,0.8472,"10","nudix (nucleoside diphosphate linked moiety X)-type motif 4"
"Gm10033",-0.0324346546847347,0.748,"8","predicted gene 10033"
"Map2k1",-0.0324175004670142,0.8024,"9","mitogen-activated protein kinase kinase 1"
"Matn4",-0.0324104216631369,0.872,"2","matrilin 4"
"Zfp65",-0.0324025547036211,0.7892,"13","zinc finger protein 65"
"Tpp1",0.0323951647975216,0.6796,"7","tripeptidyl peptidase I"
"Gria2",0.0323931858823787,0.8736,"3","glutamate receptor, ionotropic, AMPA2 (alpha 2)"
"Usp47",-0.032370705727911,0.6624,"7","ubiquitin specific peptidase 47"
"Casc3",0.0323676736093441,0.6524,"11","cancer susceptibility candidate 3"
"Ramp3",0.0323673885520841,0.9212,"11","receptor (calcitonin) activity modifying protein 3"
"Kdm4b",0.0323362976206774,0.802,"17","lysine (K)-specific demethylase 4B"
"Slc22a5",-0.0323336568263568,0.7948,"11","solute carrier family 22 (organic cation transporter), member 5"
"Arl3",0.0323207622087525,0.7948,"19","ADP-ribosylation factor-like 3"
"Rcan1",0.0323166563725268,0.7528,"16","regulator of calcineurin 1"
"Tbc1d10b",-0.0322966793737969,0.7536,"7","TBC1 domain family, member 10b"
"Lpp",0.0322935796335022,0.812,"16","LIM domain containing preferred translocation partner in lipoma"
"Rab43",-0.032282318510795,0.5736,"6","RAB43, member RAS oncogene family"
"C1qbp",0.0322815717241687,0.6928,"11","complement component 1, q subcomponent binding protein"
"Snrpe",0.0322737378402533,0.8284,"1","small nuclear ribonucleoprotein E"
"Iqcc",0.0322637834704982,0.7332,"4","IQ motif containing C"
"Cdk17",0.0322583255541788,0.8292,"10","cyclin-dependent kinase 17"
"Ncln",0.0322470429573194,0.7612,"10","nicalin"
"Mettl4",-0.0321967023367336,0.7548,"17","methyltransferase like 4"
"Cd81",0.0321959812510979,0.8344,"7","CD81 antigen"
"Tcerg1",0.0321743709263025,0.7408,"18","transcription elongation regulator 1 (CA150)"
"Kctd17",0.0321613803703666,0.8176,"15","potassium channel tetramerisation domain containing 17"
"Zfp831",0.0321593303528793,0.814,"2","zinc finger protein 831"
"Med14",0.0321403506179676,0.6756,"X","mediator complex subunit 14"
"Ppp2cb",0.0321321542053425,0.7436,"8","protein phosphatase 2 (formerly 2A), catalytic subunit, beta isoform"
"Fam131a",-0.0321229978557849,0.8012,"16","family with sequence similarity 131, member A"
"Dcaf4",0.0321218467963917,0.7512,"12","DDB1 and CUL4 associated factor 4"
"Atf6",-0.0321175559007996,0.8136,"1","activating transcription factor 6"
"Diras2",-0.032101937458938,0.7128,"13","DIRAS family, GTP-binding RAS-like 2"
"Plcl2",-0.0321009550198736,0.8164,"17","phospholipase C-like 2"
"Pcbp3",0.0320880458329151,0.6564,"10","poly(rC) binding protein 3"
"Tmem178",0.0320771814688072,0.7572,"17","transmembrane protein 178"
"Spef1",0.0320752355263716,0.8544,"2","sperm flagellar 1"
"Gnb2",0.0320733331950374,0.7708,"5","guanine nucleotide binding protein (G protein), beta 2"
"Dst",-0.0320730110261529,0.8532,"1","dystonin"
"Fkrp",-0.0320714107010032,0.794,"7","fukutin related protein"
"Sirt2",0.0320688399827045,0.8288,"7","sirtuin 2"
"Mrtfb",0.0320628303374608,0.698,"16","myocardin related transcription factor B"
"Anp32b",0.0320528008793417,0.7336,"4","acidic (leucine-rich) nuclear phosphoprotein 32 family, member B"
"Psma7",0.0320450348087711,0.698,"2","proteasome subunit alpha 7"
"Rrs1",0.0320404819638593,0.662,"1","ribosome biogenesis regulator 1"
"Lsm4",0.0320158957649292,0.8272,"8","LSM4 homolog, U6 small nuclear RNA and mRNA degradation associated"
"Taf11",0.0320135378523041,0.8732,"17","TATA-box binding protein associated factor 11"
"Ctnnb1",-0.03199585875028,0.6744,"9","catenin (cadherin associated protein), beta 1"
"Zfp36l2",0.031988275009815,0.8148,"17","zinc finger protein 36, C3H type-like 2"
"Sec23b",0.0319864217818919,0.67,"2","SEC23 homolog B, COPII coat complex component"
"Pias2",0.0319764575423136,0.6044,"18","protein inhibitor of activated STAT 2"
"Emc3",0.0319694114047335,0.7184,"6","ER membrane protein complex subunit 3"
"Acads",0.0319645362810919,0.8752,"5","acyl-Coenzyme A dehydrogenase, short chain"
"Nup210",-0.0319519174686826,0.8332,"6","nucleoporin 210"
"Tbc1d17",0.0319448757282705,0.726,"7","TBC1 domain family, member 17"
"Flot2",-0.0319437477912725,0.7584,"11","flotillin 2"
"Arpin",-0.0319372039911308,0.7472,"7","actin-related protein 2/3 complex inhibitor"
"Tigd5",-0.0319289677127275,0.6816,"15","tigger transposable element derived 5"
"Bola1",0.0319013934280101,0.89,"3","bolA-like 1 (E. coli)"
"Zfp248",-0.0318986559719092,0.7344,"6","zinc finger protein 248"
"Mark4",-0.0318954952552088,0.6568,"7","MAP/microtubule affinity regulating kinase 4"
"Ralgds",0.0318935995709877,0.78,"2","ral guanine nucleotide dissociation stimulator"
"Zfyve21",0.031890559693645,0.8484,"12","zinc finger, FYVE domain containing 21"
"Utp11",-0.0318763113364522,0.7064,"4","UTP11 small subunit processome component"
"Ubash3b",0.031871887775698,0.8368,"9","ubiquitin associated and SH3 domain containing, B"
"Ston2",-0.0318664257740924,0.6416,"12","stonin 2"
"Tnrc18",-0.0318595302333886,0.8404,"5","trinucleotide repeat containing 18"
"Wdr41",-0.0318445613101908,0.4488,"13","WD repeat domain 41"
"Pten",-0.0318388402396197,0.8,"19","phosphatase and tensin homolog"
"Fzd8",-0.0318363156957653,0.762,"18","frizzled class receptor 8"
"Bhlhe41",0.0318338717541096,0.7112,"6","basic helix-loop-helix family, member e41"
"Mfsd13a",-0.0318175308420559,0.7712,"19","major facilitator superfamily domain containing 13a"
"Psmd1",0.0318112582881165,0.7156,"1","proteasome (prosome, macropain) 26S subunit, non-ATPase, 1"
"Smpd3",-0.031783974376185,0.626,"8","sphingomyelin phosphodiesterase 3, neutral"
"Bcr",-0.0317710443786412,0.8804,"10","BCR activator of RhoGEF and GTPase"
"Mapk8ip3",-0.0317655807654251,0.3096,"17","mitogen-activated protein kinase 8 interacting protein 3"
"Ier5l",-0.0317620327579413,0.8452,"2","immediate early response 5-like"
"Ly6e",-0.0317323347928067,0.8472,"15","lymphocyte antigen 6 complex, locus E"
"Camsap1",-0.0317243079779965,0.6468,"2","calmodulin regulated spectrin-associated protein 1"
"Kank1",0.0316941317418546,0.8036,"19","KN motif and ankyrin repeat domains 1"
"Rnf122",-0.0316940702835278,0.8028,"8","ring finger protein 122"
"Antxr1",-0.0316855231270816,0.8884,"6","anthrax toxin receptor 1"
"Tmem11",0.0316621254805982,0.8096,"11","transmembrane protein 11"
"Mblac2",-0.0316245961227759,0.7176,"13","metallo-beta-lactamase domain containing 2"
"Tnks2",0.0316189889350138,0.6976,"19","tankyrase, TRF1-interacting ankyrin-related ADP-ribose polymerase 2"
"Pde3b",0.0316151881042526,0.8288,"7","phosphodiesterase 3B, cGMP-inhibited"
"Nsd2",-0.0316103292106238,0.8488,"5","nuclear receptor binding SET domain protein 2"
"Kdm3a",0.0316097185680908,0.848,"6","lysine (K)-specific demethylase 3A"
"Acbd5",-0.0316045203227819,0.7684,"2","acyl-Coenzyme A binding domain containing 5"
"Diablo",0.0316038652157307,0.8052,"5","diablo, IAP-binding mitochondrial protein"
"Polr3c",0.031579002186704,0.7112,"3","polymerase (RNA) III (DNA directed) polypeptide C"
"Reep6",-0.0315751967282258,0.8712,"10","receptor accessory protein 6"
"Retreg3",0.0315634808076819,0.6696,"11","reticulophagy regulator family member 3"
"Soga1",-0.0315608061871515,0.7328,"2","suppressor of glucose, autophagy associated 1"
"Coro1a",0.0315543406735186,0.8408,"7","coronin, actin binding protein 1A"
"Dhcr7",-0.0315511957755357,0.794,"7","7-dehydrocholesterol reductase"
"Rnf19a",0.0315453145932469,0.602,"15","ring finger protein 19A"
"Ralb",-0.0315440877063828,0.8784,"1","v-ral simian leukemia viral oncogene B"
"Spock3",-0.0315402008063366,0.8984,"8","sparc/osteonectin, cwcv and kazal-like domains proteoglycan 3"
"Zbtb5",-0.0315341900162367,0.6912,"4","zinc finger and BTB domain containing 5"
"Grm3",-0.0315187425896681,0.7336,"5","glutamate receptor, metabotropic 3"
"Riox2",-0.0315140490801817,0.8284,"16","ribosomal oxygenase 2"
"Ralgapb",-0.0315012018468162,0.7272,"2","Ral GTPase activating protein, beta subunit (non-catalytic)"
"Hs6st1",-0.0314934986871673,0.72,"1","heparan sulfate 6-O-sulfotransferase 1"
"Ppfibp2",0.0314897725527645,0.754,"7","PTPRF interacting protein, binding protein 2 (liprin beta 2)"
"Myt1l",-0.0314720691405403,0.8272,"12","myelin transcription factor 1-like"
"Gba2",0.0314489486678431,0.7156,"4","glucosidase beta 2"
"Sorbs2",-0.0314290593808808,0.7688,"8","sorbin and SH3 domain containing 2"
"Gap43",-0.0314273721073679,0.8456,"16","growth associated protein 43"
"Zdhhc8",-0.0314234344075563,0.7152,"16","zinc finger, DHHC domain containing 8"
"Sptbn4",0.0314226515321074,0.878,"7","spectrin beta, non-erythrocytic 4"
"Phc2",0.0313672443411495,0.7088,"4","polyhomeotic 2"
"Cnot10",0.031352637585182,0.7592,"9","CCR4-NOT transcription complex, subunit 10"
"Parp1",-0.0313519085992002,0.4116,"1","poly (ADP-ribose) polymerase family, member 1"
"Sbno1",0.0313490163151044,0.6944,"5","strawberry notch 1"
"Galnt16",-0.0313417917652217,0.7236,"12","polypeptide N-acetylgalactosaminyltransferase 16"
"Septin5",0.0313404975024838,0.7548,"16","septin 5"
"Cx3cl1",-0.0313306499014168,0.818,"8","chemokine (C-X3-C motif) ligand 1"
"Etfrf1",0.0313299852715954,0.5624,"6","electron transfer flavoprotein regulatory factor 1"
"Dnajc5",-0.0313150219751517,0.766,"2","DnaJ heat shock protein family (Hsp40) member C5"
"Rrp36",0.0313043479180681,0.6968,"17","ribosomal RNA processing 36"
"Lhpp",0.0313038702524109,0.7752,"7","phospholysine phosphohistidine inorganic pyrophosphate phosphatase"
"Ube4a",-0.0312939538386745,0.752,"9","ubiquitination factor E4A"
"Map2",-0.0312896958083648,0.8412,"1","microtubule-associated protein 2"
"Vps13a",0.0312896899929083,0.8648,"19","vacuolar protein sorting 13A"
"Bend6",0.0312888858368829,0.7136,"1","BEN domain containing 6"
"Capza2",0.0312824850876261,0.7644,"6","capping actin protein of muscle Z-line subunit alpha 2"
"Slc25a36",0.0312802891416766,0.8884,"9","solute carrier family 25, member 36"
"Actr3",0.031249066366084,0.772,"1","ARP3 actin-related protein 3"
"Kcnd1",0.0312479725299748,0.88,"X","potassium voltage-gated channel, Shal-related family, member 1"
"Osbpl11",0.0312392871783462,0.8336,"16","oxysterol binding protein-like 11"
"Epb41l4a",0.0312325883085456,0.8524,"18","erythrocyte membrane protein band 4.1 like 4a"
"Wtip",-0.0312297573367193,0.8684,"7","WT1 interacting protein"
"Atat1",0.0312165270117335,0.6864,"17","alpha tubulin acetyltransferase 1"
"Pcid2",0.0312145424748227,0.7428,"8","PCI domain containing 2"
"Vps36",-0.031177621969495,0.6296,"8","vacuolar protein sorting 36"
"Tasp1",-0.03117217211414,0.8708,"2","taspase, threonine aspartase 1"
"Slc25a53",0.0311551562801942,0.8284,"X","solute carrier family 25, member 53"
"Nlgn3",-0.031145528056113,0.724,"X","neuroligin 3"
"Rangap1",-0.0311421538970063,0.7116,"15","RAN GTPase activating protein 1"
"Tmco1",0.031138392314042,0.6532,"1","transmembrane and coiled-coil domains 1"
"Hacl1",-0.031137075249932,0.9056,"14","2-hydroxyacyl-CoA lyase 1"
"Nptn",0.0311308350415853,0.6404,"9","neuroplastin"
"Clptm1",-0.0311300550688749,0.7416,"7","cleft lip and palate associated transmembrane protein 1"
"Scaf8",0.0311173232905446,0.698,"17","SR-related CTD-associated factor 8"
"Gspt2",0.03111374725363,0.7356,"X","G1 to S phase transition 2"
"4931414P19Rik",0.0311127989413631,0.7588,"14","RIKEN cDNA 4931414P19 gene"
"Slc39a14",0.0310899667222699,0.6948,"14","solute carrier family 39 (zinc transporter), member 14"
"Il33",0.0310812946305203,0.8996,"19","interleukin 33"
"Tfrc",-0.0310772636778269,0.7184,"16","transferrin receptor"
"Zbtb17",0.0310770494630326,0.6016,"4","zinc finger and BTB domain containing 17"
"Slc25a14",-0.031066738243422,0.7944,"X","solute carrier family 25 (mitochondrial carrier, brain), member 14"
"Mib1",0.0310296320054366,0.7036,"18","MIB E3 ubiquitin protein ligase 1"
"Tceal3",0.0310294478433111,0.7832,"X","transcription elongation factor A (SII)-like 3"
"Eprs",-0.03102278814427,0.5652,"1","glutamyl-prolyl-tRNA synthetase"
"Smc3",-0.031011210961096,0.8612,"19","structural maintenance of chromosomes 3"
"Cstf2",0.0310086130370371,0.812,"X","cleavage stimulation factor, 3' pre-RNA subunit 2"
"2010315B03Rik",0.0309853918643377,0.8336,"9","RIKEN cDNA 2010315B03 gene"
"Gnl1",-0.0309771417745841,0.7328,"17","guanine nucleotide binding protein-like 1"
"Cluh",0.0309763927196922,0.6364,"11","clustered mitochondria (cluA/CLU1) homolog"
"Nim1k",0.0309723495061709,0.6932,"13","NIM1 serine/threonine protein kinase"
"Slc25a38",0.0309222745067368,0.806,"9","solute carrier family 25, member 38"
"Phf3",0.0309140269556289,0.7336,"1","PHD finger protein 3"
"Cdk7",0.0308943401365882,0.6124,"13","cyclin-dependent kinase 7"
"Pfkfb4",-0.0308873708562807,0.8612,"9","6-phosphofructo-2-kinase/fructose-2,6-biphosphatase 4"
"Naa60",0.0308765318360891,0.7496,"16","N(alpha)-acetyltransferase 60, NatF catalytic subunit"
"Snap91",-0.0308727913439455,0.7672,"9","synaptosomal-associated protein 91"
"Bscl2",-0.0308722336073153,0.7476,"19","Berardinelli-Seip congenital lipodystrophy 2 (seipin)"
"Kctd12b",-0.0308342361738387,0.8132,"X","potassium channel tetramerisation domain containing 12b"
"Nras",-0.0308141431548741,0.7992,"3","neuroblastoma ras oncogene"
"Nsun2",0.0308025547012871,0.6788,"13","NOL1/NOP2/Sun domain family member 2"
"Necap2",0.0307963396725661,0.7424,"4","NECAP endocytosis associated 2"
"Actn1",0.0307925094780268,0.8568,"12","actinin, alpha 1"
"Stk19",0.0307680248120104,0.8048,"17","serine/threonine kinase 19"
"Cdh19",-0.0307667358692076,0.8896,"1","cadherin 19, type 2"
"Slc37a3",-0.0307635061398157,0.5876,"6","solute carrier family 37 (glycerol-3-phosphate transporter), member 3"
"Tmem259",-0.0307530965957667,0.7652,"10","transmembrane protein 259"
"Septin10",-0.030716324126741,0.8728,"10","septin 10"
"Sprn",-0.0307001682811068,0.7272,"7","shadow of prion protein"
"Nop2",0.0306866963755184,0.64,"6","NOP2 nucleolar protein"
"Pitpnm3",-0.0306841891243508,0.7736,"11","PITPNM family member 3"
"Shisa5",0.0306817561037205,0.7544,"9","shisa family member 5"
"Osbpl9",0.0306567565782991,0.6636,"4","oxysterol binding protein-like 9"
"Pex10",0.0306565141681503,0.708,"4","peroxisomal biogenesis factor 10"
"Htr5b",-0.0306535765606464,0.8984,"1","5-hydroxytryptamine (serotonin) receptor 5B"
"Nop14",0.0306420779074594,0.7156,"5","NOP14 nucleolar protein"
"Zap70",-0.0306409056493822,0.9076,"1","zeta-chain (TCR) associated protein kinase"
"Acaca",-0.0306205857541739,0.6632,"11","acetyl-Coenzyme A carboxylase alpha"
"Atp6v1b2",0.0305696230309156,0.7872,"8","ATPase, H+ transporting, lysosomal V1 subunit B2"
"Ogfod1",0.0305651205926676,0.6824,"8","2-oxoglutarate and iron-dependent oxygenase domain containing 1"
"Cidea",-0.0305608356266012,0.872,"18","cell death-inducing DNA fragmentation factor, alpha subunit-like effector A"
"Stau1",-0.0305402453856063,0.2604,"2","staufen double-stranded RNA binding protein 1"
"Tmem120b",0.0305395537595401,0.7716,"5","transmembrane protein 120B"
"Ran",0.0305283218392036,0.7156,"5","RAN, member RAS oncogene family"
"Tll2",-0.0305197598803653,0.898,"19","tolloid-like 2"
"Neat1",0.0305051505629654,0.9416,"19","nuclear paraspeckle assembly transcript 1 (non-protein coding)"
"Tmem198b",-0.0304815044403415,0.8928,"10","transmembrane protein 198b"
"AI593442",0.0304605505500604,0.73,"9","expressed sequence AI593442"
"Mog",-0.0304387925157217,0.8952,"17","myelin oligodendrocyte glycoprotein"
"Trim33",-0.0304368301573481,0.8144,"3","tripartite motif-containing 33"
"Nr1d1",-0.0304267977930532,0.7148,"11","nuclear receptor subfamily 1, group D, member 1"
"Mga",-0.0304260799683957,0.8852,"2","MAX gene associated"
"Slc35c2",-0.0304179208302813,0.8008,"2","solute carrier family 35, member C2"
"Btbd2",0.0304146355885511,0.8224,"10","BTB (POZ) domain containing 2"
"Klhl42",0.030399431628604,0.6164,"6","kelch-like 42"
"Scd3",-0.0303993249677297,0.9088,"19","stearoyl-coenzyme A desaturase 3"
"Rnd3",-0.0303810107311251,0.7636,"2","Rho family GTPase 3"
"Slc48a1",0.0303721365889977,0.8632,"15","solute carrier family 48 (heme transporter), member 1"
"Cd99l2",0.0303433368040018,0.672,"X","CD99 antigen-like 2"
"Cisd1",-0.0303349387792862,0.796,"10","CDGSH iron sulfur domain 1"
"Bod1",-0.030333013818761,0.8456,"11","biorientation of chromosomes in cell division 1"
"Cul2",0.0303301447110185,0.7032,"18","cullin 2"
"Cerk",-0.0303159369419639,0.684,"15","ceramide kinase"
"Dnaaf2",0.0303138499730768,0.8744,"12","dynein, axonemal assembly factor 2"
"Plekhg3",0.0303084323633191,0.86,"12","pleckstrin homology domain containing, family G (with RhoGef domain) member 3"
"Zfp930",0.0303037871430636,0.776,"8","zinc finger protein 930"
"Mmp17",0.030303092072165,0.714,"5","matrix metallopeptidase 17"
"Nudt11",0.0302965650731233,0.734,"X","nudix (nucleoside diphosphate linked moiety X)-type motif 11"
"Mapk12",0.0302792891351888,0.8868,"15","mitogen-activated protein kinase 12"
"Pip4p1",0.0302566632618246,0.8096,"14","phosphatidylinositol-4,5-bisphosphate 4-phosphatase 1"
"Rbm48",0.0302525060761742,0.8264,"5","RNA binding motif protein 48"
"Prdx6",0.0302341494013483,0.8152,"1","peroxiredoxin 6"
"Ephb3",-0.0302313900706528,0.9128,"16","Eph receptor B3"
"Fbf1",0.0302286455370586,0.8064,"11","Fas (TNFRSF6) binding factor 1"
"Zfp346",-0.0302168342705791,0.826,"13","zinc finger protein 346"
"Sec61g",0.0302113710079368,0.7764,"11","SEC61, gamma subunit"
"Ppp4r4",0.0302104029135934,0.884,"12","protein phosphatase 4, regulatory subunit 4"
"Tcerg1l",-0.0302024127957687,0.8088,"7","transcription elongation regulator 1-like"
"Khdrbs1",0.0301870099667942,0.6972,"4","KH domain containing, RNA binding, signal transduction associated 1"
"Zfp449",0.0301783687273121,0.8232,"X","zinc finger protein 449"
"Ate1",-0.0301782878610339,0.7552,"7","arginyltransferase 1"
"Slc39a7",-0.0301728891589343,0.6444,"17","solute carrier family 39 (zinc transporter), member 7"
"Ilvbl",-0.0301683812921669,0.7756,"10","ilvB (bacterial acetolactate synthase)-like"
"Fam220a",0.0301643227364403,0.8068,"5","family with sequence similarity 220, member A"
"Fam220a",0.0301643227364403,0.8068,"5","family with sequence similarity 220, member A"
"Fam220a",0.0301643227364403,0.8068,"5","family with sequence similarity 220, member A"
"Fam220a",0.0301643227364403,0.8068,"5","family with sequence similarity 220, member A"
"Cog7",0.0301622939596378,0.6708,"7","component of oligomeric golgi complex 7"
"Ube3b",0.0301556301585055,0.684,"5","ubiquitin protein ligase E3B"
"Coro2b",0.0301520570902376,0.7032,"9","coronin, actin binding protein, 2B"
"Saysd1",0.0301519930526464,0.9136,"14","SAYSVFN motif domain containing 1"
"Rprml",-0.0301504435240263,0.8372,"11","reprimo-like"
"Clcn7",0.030139175721895,0.7476,"17","chloride channel, voltage-sensitive 7"
"Fam169a",0.0301200969858355,0.7856,"13","family with sequence similarity 169, member A"
"Nefm",-0.0301171344516291,0.69,"14","neurofilament, medium polypeptide"
"Dmwd",0.030111394157263,0.7896,"7","dystrophia myotonica-containing WD repeat motif"
"Oga",-0.0301063204445002,0.8572,"19","O-GlcNAcase"
"Homer1",-0.0301031113566648,0.8468,"13","homer scaffolding protein 1"
"Lhx9",-0.0301006224289244,0.818,"1","LIM homeobox protein 9"
"Usp35",-0.0300938134435058,0.8164,"7","ubiquitin specific peptidase 35"
"Rnf182",0.0300744986741632,0.7988,"13","ring finger protein 182"
"Dusp26",0.0300595048047754,0.9316,"8","dual specificity phosphatase 26 (putative)"
"Map3k4",0.030056333328683,0.7088,"17","mitogen-activated protein kinase kinase kinase 4"
"Arhgap39",-0.0300537098262899,0.6452,"15","Rho GTPase activating protein 39"
"Mecp2",-0.0300497459836944,0.7128,"X","methyl CpG binding protein 2"
"Stk4",0.0300454296311399,0.6036,"2","serine/threonine kinase 4"
"Etaa1",-0.0300226622546993,0.8236,"11","Ewing tumor-associated antigen 1"
"Tmem150a",0.0300173209827794,0.884,"6","transmembrane protein 150A"
"Ythdc1",0.0300134662683327,0.8028,"5","YTH domain containing 1"
"Rcbtb1",-0.0300059476464449,0.7492,"14","regulator of chromosome condensation (RCC1) and BTB (POZ) domain containing protein 1"
"Uhmk1",-0.0299977050354281,0.7312,"1","U2AF homology motif (UHM) kinase 1"
"Uqcrc2",0.0299924669134928,0.7192,"7","ubiquinol cytochrome c reductase core protein 2"
"Rab4b",0.0299897503558606,0.8532,"7","RAB4B, member RAS oncogene family"
"Add1",-0.0299855430499196,0.7016,"5","adducin 1 (alpha)"
"Wrap73",0.0299680461554175,0.7124,"4","WD repeat containing, antisense to Trp73"
"Eif1ad",-0.0299654749584635,0.786,"19","eukaryotic translation initiation factor 1A domain containing"
"Zfp606",-0.0299632831836285,0.7208,"7","zinc finger protein 606"
"Fbxo28",0.0299619857763549,0.5492,"1","F-box protein 28"
"Casd1",0.0299602936692676,0.7236,"6","CAS1 domain containing 1"
"Nqo2",0.0299500590380659,0.7304,"13","N-ribosyldihydronicotinamide quinone reductase 2"
"Usp33",0.0299361609075239,0.734,"3","ubiquitin specific peptidase 33"
"Ryr2",0.0299320284673801,0.9028,"13","ryanodine receptor 2, cardiac"
"Hip1r",-0.0299235035991767,0.6768,"5","huntingtin interacting protein 1 related"
"Prps2",-0.0298813016176842,0.7108,"X","phosphoribosyl pyrophosphate synthetase 2"
"Eftud2",0.0298521296837153,0.6332,"11","elongation factor Tu GTP binding domain containing 2"
"Zc3h4",-0.0298467368207618,0.7048,"7","zinc finger CCCH-type containing 4"
"Cyld",-0.0298442263945544,0.7076,"8","CYLD lysine 63 deubiquitinase"
"Plxnb2",-0.029839343208768,0.8544,"15","plexin B2"
"Ireb2",0.0298234911909763,0.7568,"9","iron responsive element binding protein 2"
"Stmn2",0.0298064184464604,0.8708,"3","stathmin-like 2"
"Acp2",0.0297895526602376,0.5848,"2","acid phosphatase 2, lysosomal"
"Fbxo9",0.0297783974681645,0.8456,"9","f-box protein 9"
"Tent4b",-0.0297748448712865,0.778,"8","terminal nucleotidyltransferase 4B"
"Rps9",0.0297147817304246,0.8508,"7","ribosomal protein S9"
"Ccdc88c",-0.0297098286554744,0.8508,"12","coiled-coil domain containing 88C"
"Tm9sf3",-0.0297066175065526,0.8212,"19","transmembrane 9 superfamily member 3"
"Gpr75",-0.0297015883374434,0.7132,"11","G protein-coupled receptor 75"
"Lman2",-0.029690902765882,0.7436,"13","lectin, mannose-binding 2"
"Slc39a10",-0.0296856114058359,0.8076,"1","solute carrier family 39 (zinc transporter), member 10"
"Nans",0.0296786852015218,0.8976,"4","N-acetylneuraminic acid synthase (sialic acid synthase)"
"Scrt1",0.0296651559412471,0.7068,"15","scratch family zinc finger 1"
"Epm2aip1",0.0296322568389034,0.7496,"9","EPM2A (laforin) interacting protein 1"
"Daam2",-0.0296214586962922,0.794,"17","dishevelled associated activator of morphogenesis 2"
"Rell2",-0.0296149543992934,0.936,"18","RELT-like 2"
"Dcun1d4",0.0296091145494826,0.7544,"5","DCN1, defective in cullin neddylation 1, domain containing 4 (S. cerevisiae)"
"Tepsin",0.0295776974316349,0.7656,"11","TEPSIN, adaptor related protein complex 4 accessory protein"
"Cbx3",0.0295768588820824,0.7888,"6","chromobox 3"
"Cacna1g",0.0295511780469599,0.9252,"11","calcium channel, voltage-dependent, T type, alpha 1G subunit"
"Ammecr1l",-0.0295258100665148,0.812,"18","AMME chromosomal region gene 1-like"
"Gk",-0.0295200215128837,0.7828,"X","glycerol kinase"
"Morf4l1",-0.0295188201033758,0.8336,"9","mortality factor 4 like 1"
"Morf4l1",-0.0295188201033758,0.8336,"9","mortality factor 4 like 1"
"Sec31a",0.029513394865087,0.644,"5","Sec31 homolog A (S. cerevisiae)"
"Lpl",-0.0295088734366802,0.798,"8","lipoprotein lipase"
"Fdx1",-0.0294889475387121,0.6848,"9","ferredoxin 1"
"Ddx54",-0.0294792176267222,0.912,"5","DEAD box helicase 54"
"Fam43b",0.0294600945173595,0.7652,"4","family with sequence similarity 43, member B"
"Tprn",0.0294584344513744,0.8756,"2","taperin"
"Pcdhb19",0.0294332284357541,0.9088,"18","protocadherin beta 19"
"Usp22",-0.0294255537122687,0.7928,"11","ubiquitin specific peptidase 22"
"Cacna1a",0.0294233963288164,0.7816,"8","calcium channel, voltage-dependent, P/Q type, alpha 1A subunit"
"Rpl39",-0.0294192245168476,0.8704,"X","ribosomal protein L39"
"Zfp235",0.0294184747334825,0.646,"7","zinc finger protein 235"
"Pds5a",0.0294114688202267,0.806,"5","PDS5 cohesin associated factor A"
"Ttll12",0.0294080639317826,0.7516,"15","tubulin tyrosine ligase-like family, member 12"
"Bcl2l11",-0.0294079234965823,0.7928,"2","BCL2-like 11 (apoptosis facilitator)"
"Jakmip1",0.0294034878224014,0.7836,"5","janus kinase and microtubule interacting protein 1"
"Tom1l2",-0.0294022467851693,0.5612,"11","target of myb1-like 2 (chicken)"
"Lgr4",-0.0294003219758627,0.8264,"2","leucine-rich repeat-containing G protein-coupled receptor 4"
"Gabra4",0.0293753834351191,0.8316,"5","gamma-aminobutyric acid (GABA) A receptor, subunit alpha 4"
"Cd320",-0.0293703140461448,0.8068,"17","CD320 antigen"
"Trafd1",0.0293684593059949,0.722,"5","TRAF type zinc finger domain containing 1"
"Atg10",0.0293614422263313,0.8184,"13","autophagy related 10"
"Gpat4",-0.0293607446099173,0.5932,"8","glycerol-3-phosphate acyltransferase 4"
"Otulinl",-0.0293351870252079,0.7308,"15","OTU deubiquitinase with linear linkage specificity like"
"Gabrb1",-0.0293267167570521,0.764,"5","gamma-aminobutyric acid (GABA) A receptor, subunit beta 1"
"Zeb1",0.0293073733368079,0.7236,"18","zinc finger E-box binding homeobox 1"
"Rbm11",0.0292915548722292,0.876,"16","RNA binding motif protein 11"
"Spon1",0.0292724474244128,0.8548,"7","spondin 1, (f-spondin) extracellular matrix protein"
"Chst15",0.0292455438761392,0.8168,"7","carbohydrate sulfotransferase 15"
"Lactb",0.0292412758024749,0.784,"9","lactamase, beta"
"Gdap1l1",0.0292328058441989,0.8128,"2","ganglioside-induced differentiation-associated protein 1-like 1"
"Rtkn",0.0292240509995008,0.8496,"6","rhotekin"
"Psmf1",-0.0292044339229669,0.694,"2","proteasome (prosome, macropain) inhibitor subunit 1"
"Mtmr4",0.0291881030984937,0.8676,"11","myotubularin related protein 4"
"Mapre1",0.0291833094257212,0.6928,"2","microtubule-associated protein, RP/EB family, member 1"
"Vars2",0.02917810439852,0.7852,"17","valyl-tRNA synthetase 2, mitochondrial"
"Commd10",-0.0291689258901924,0.8228,"18","COMM domain containing 10"
"Pxdc1",-0.0291547636994234,0.7828,"13","PX domain containing 1"
"Trpc5",0.0291486368212253,0.8432,"X","transient receptor potential cation channel, subfamily C, member 5"
"Rnf145",-0.0291448531637419,0.7048,"11","ring finger protein 145"
"Srcap",-0.0291377860940374,0.9336,"7","Snf2-related CREBBP activator protein"
"Dele1",0.0291315656069653,0.6716,"18","DAP3 binding cell death enhancer 1"
"Mpv17l2",-0.0291189077447056,0.8496,"8","MPV17 mitochondrial membrane protein-like 2"
"Cep120",-0.0291170628506618,0.6808,"18","centrosomal protein 120"
"Slc35a4",0.0291057464886189,0.7988,"18","solute carrier family 35, member A4"
"Ubap1",-0.0291019597878766,0.7688,"4","ubiquitin-associated protein 1"
"Kat6a",-0.0290777009909347,0.8268,"8","K(lysine) acetyltransferase 6A"
"Srebf1",0.0290466627785904,0.7096,"11","sterol regulatory element binding transcription factor 1"
"Usp8",-0.0290197072009253,0.8124,"2","ubiquitin specific peptidase 8"
"Xrcc2",-0.0290194699881887,0.7836,"5","X-ray repair complementing defective repair in Chinese hamster cells 2"
"Hnrnpk",0.0290148308783138,0.662,"13","heterogeneous nuclear ribonucleoprotein K"
"Copg2",0.0290104098910549,0.7208,"6","coatomer protein complex, subunit gamma 2"
"Rbsn",-0.0289976653953747,0.8196,"6","rabenosyn, RAB effector"
"Igsf3",0.028991570898123,0.8604,"3","immunoglobulin superfamily, member 3"
"Sharpin",0.0289901661584864,0.8104,"15","SHANK-associated RH domain interacting protein"
"Cnn2",0.0289894349891329,0.8988,"10","calponin 2"
"Sparc",0.0289330107650825,0.7628,"11","secreted acidic cysteine rich glycoprotein"
"Zcchc12",-0.0289244946263869,0.7716,"X","zinc finger, CCHC domain containing 12"
"Mamdc4",-0.028904751417915,0.9148,"2","MAM domain containing 4"
"Bloc1s4",0.0288988010699835,0.8636,"5","biogenesis of lysosomal organelles complex-1, subunit 4, cappuccino"
"Ncald",0.0288984968115962,0.8012,"15","neurocalcin delta"
"Boc",-0.0288978568868599,0.7452,"16","biregional cell adhesion molecule-related/down-regulated by oncogenes (Cdon) binding protein"
"Epn2",0.0288976503984379,0.5812,"11","epsin 2"
"Sptan1",-0.0288774317483309,0.75,"2","spectrin alpha, non-erythrocytic 1"
"Hic2",0.0288742035189129,0.8556,"16","hypermethylated in cancer 2"
"Slc35a2",-0.0288415335224617,0.7888,"X","solute carrier family 35 (UDP-galactose transporter), member A2"
"Eif4e2",-0.0288393166924559,0.594,"1","eukaryotic translation initiation factor 4E member 2"
"Kif2a",-0.0288246046974043,0.7008,"13","kinesin family member 2A"
"Fam53b",-0.0288217791646979,0.6068,"7","family with sequence similarity 53, member B"
"Uri1",-0.0288070520862389,0.8224,"7","URI1, prefoldin-like chaperone"
"Ostc",0.028806723475296,0.834,"3","oligosaccharyltransferase complex subunit (non-catalytic)"
"Pcbp1",-0.028804282097548,0.8056,"6","poly(rC) binding protein 1"
"Stk35",-0.0287806065631413,0.648,"2","serine/threonine kinase 35"
"Per2",-0.0287743618918199,0.8512,"1","period circadian clock 2"
"Myl6b",0.0287664282427653,0.856,"10","myosin, light polypeptide 6B"
"Lyrm9",0.0287546283473521,0.7972,"11","LYR motif containing 9"
"Pisd",-0.0287319449399028,0.7108,"5","phosphatidylserine decarboxylase"
"Senp7",0.0287309737086376,0.8612,"16","SUMO1/sentrin specific peptidase 7"
"Ccpg1",-0.028728841153673,0.8052,"9","cell cycle progression 1"
"Ippk",-0.0287248567781653,0.7156,"13","inositol 1,3,4,5,6-pentakisphosphate 2-kinase"
"Fmnl2",0.0287192006119543,0.7416,"2","formin-like 2"
"Fam174a",-0.0287190079531259,0.782,"1","family with sequence similarity 174, member A"
"Mzt1",0.0287170572020647,0.8352,"14","mitotic spindle organizing protein 1"
"Fbxo11",0.028704814002749,0.766,"17","F-box protein 11"
"Tvp23a",-0.0286908259278489,0.7684,"16","trans-golgi network vesicle protein 23A"
"Thy1",0.0286887072676851,0.784,"9","thymus cell antigen 1, theta"
"Slc7a6os",0.028688260993972,0.7912,"8","solute carrier family 7, member 6 opposite strand"
"Tmem219",-0.0286863965879727,0.8872,"7","transmembrane protein 219"
"D430019H16Rik",0.0286786891431374,0.8364,"12","RIKEN cDNA D430019H16 gene"
"Uqcc3",-0.0286662384092242,0.78,"19","ubiquinol-cytochrome c reductase complex assembly factor 3"
"Tdrd3",-0.0286651937248017,0.7708,"14","tudor domain containing 3"
"Msl3l2",0.0286628894451284,0.8548,"10","MSL3 like 2"
"Dmpk",-0.0286627521753289,0.8832,"7","dystrophia myotonica-protein kinase"
"Lpar6",0.0286496538793095,0.8492,"14","lysophosphatidic acid receptor 6"
"Lmbrd1",-0.0286412664943514,0.7136,"1","LMBR1 domain containing 1"
"Vps39",0.0286392597004435,0.5596,"2","VPS39 HOPS complex subunit"
"Nkain1",-0.0286316982640695,0.9208,"4","Na+/K+ transporting ATPase interacting 1"
"Map2k4",0.0286285577604293,0.6932,"11","mitogen-activated protein kinase kinase 4"
"Ddc",-0.0285670383924685,0.9056,"11","dopa decarboxylase"
"Insc",0.0285624993011671,0.9404,"7","INSC spindle orientation adaptor protein"
"Zfr",0.0285557440623734,0.7676,"15","zinc finger RNA binding protein"
"Snapin",0.0285200338078972,0.788,"3","SNAP-associated protein"
"Mapk1ip1l",-0.0285192034876216,0.7652,"14","mitogen-activated protein kinase 1 interacting protein 1-like"
"Wdr82",0.0284999562894459,0.616,"9","WD repeat domain containing 82"
"Rtf2",0.0284863300655012,0.69,"2","replication termination factor 2"
"Zfp654",0.0284697779823775,0.782,"16","zinc finger protein 654"
"Cep83",0.0284686577151385,0.862,"10","centrosomal protein 83"
"Ptp4a2",0.0284661362908532,0.7496,"4","protein tyrosine phosphatase 4a2"
"Hey1",-0.0283941849778264,0.7716,"3","hairy/enhancer-of-split related with YRPW motif 1"
"Rpl22",0.02838582020446,0.6992,"4","ribosomal protein L22"
"Slc5a5",-0.0283738093698562,0.6628,"8","solute carrier family 5 (sodium iodide symporter), member 5"
"Hspa1a",0.02837119623746,0.9048,"17","heat shock protein 1A"
"Mrpl39",0.0283648538646171,0.772,"16","mitochondrial ribosomal protein L39"
"Chmp7",0.0283546067373157,0.6488,"14","charged multivesicular body protein 7"
"Sec23ip",-0.0283395114410032,0.5772,"7","Sec23 interacting protein"
"Mfsd14b",0.0283349075887322,0.7384,"13","major facilitator superfamily domain containing 14B"
"Taf3",0.0283028471526503,0.7836,"2","TATA-box binding protein associated factor 3"
"Zfp91",0.0282850799048804,0.6204,"19","zinc finger protein 91"
"Arhgef12",-0.0282770576985136,0.6528,"9","Rho guanine nucleotide exchange factor (GEF) 12"
"Nkd1",-0.0282767464277285,0.8,"8","naked cuticle 1"
"Ankrd40",0.0282751383606223,0.8604,"11","ankyrin repeat domain 40"
"Ifngr2",0.0282290724090766,0.804,"16","interferon gamma receptor 2"
"9930021J03Rik",0.0282194151674027,0.8468,"19","RIKEN cDNA 9930021J03 gene"
"Atp5g1",0.0282156235875588,0.8764,"11","ATP synthase, H+ transporting, mitochondrial F0 complex, subunit C1 (subunit 9)"
"Mrpl12",0.0282144851112296,0.8548,"11","mitochondrial ribosomal protein L12"
"Dhx57",0.028206228567166,0.6988,"17","DEAH (Asp-Glu-Ala-Asp/His) box polypeptide 57"
"Pin4",0.0282015901137269,0.8408,"X","peptidyl-prolyl cis/trans isomerase, NIMA-interacting, 4 (parvulin)"
"Bloc1s6",0.0282010667224766,0.7672,"2","biogenesis of lysosomal organelles complex-1, subunit 6, pallidin"
"Cyth2",0.0281616377718521,0.7716,"7","cytohesin 2"
"Peli2",0.0281571746551785,0.5864,"14","pellino 2"
"Peli2",0.0281571746551785,0.5864,"14","pellino 2"
"Plec",-0.0281458786638504,0.8716,"15","plectin"
"Tnpo2",-0.0281430791756208,0.514,"8","transportin 2 (importin 3, karyopherin beta 2b)"
"Tfe3",0.028141921832141,0.5644,"X","transcription factor E3"
"Tab3",0.0281411474187871,0.8704,"X","TGF-beta activated kinase 1/MAP3K7 binding protein 3"
"Ttc17",0.0281294095051683,0.6404,"2","tetratricopeptide repeat domain 17"
"Zfp532",-0.0281260774623346,0.7076,"18","zinc finger protein 532"
"Peg13",-0.0281180367815068,0.748,"15","paternally expressed 13"
"Prune1",0.0281096682933155,0.708,"3","prune exopolyphosphatase"
"Phc3",0.0281092730469785,0.8904,"3","polyhomeotic 3"
"Eif2s3x",-0.0280883313341977,0.8736,"X","eukaryotic translation initiation factor 2, subunit 3, structural gene X-linked"
"B4gat1",-0.0280852908129052,0.784,"19","beta-1,4-glucuronyltransferase 1"
"Itm2b",0.0280519755655622,0.8272,"14","integral membrane protein 2B"
"Dbnl",-0.028039777250175,0.6408,"11","drebrin-like"
"Rngtt",-0.0280384652258139,0.8128,"4","RNA guanylyltransferase and 5'-phosphatase"
"Chrm1",0.0280369013114061,0.674,"19","cholinergic receptor, muscarinic 1, CNS"
"Ackr1",0.0280345714370629,0.5736,"1","atypical chemokine receptor 1 (Duffy blood group)"
"Tmbim1",-0.028031662505648,0.8952,"1","transmembrane BAX inhibitor motif containing 1"
"Camk2d",-0.028024893990243,0.7548,"3","calcium/calmodulin-dependent protein kinase II, delta"
"Uggt1",-0.0280221300656773,0.7168,"1","UDP-glucose glycoprotein glucosyltransferase 1"
"Fam135a",0.028021854681417,0.8552,"1","family with sequence similarity 135, member A"
"Arvcf",-0.0280176682083004,0.7724,"16","armadillo repeat gene deleted in velocardiofacial syndrome"
"Zfp451",-0.0280109396001755,0.8216,"1","zinc finger protein 451"
"Elavl2",-0.0280103020446862,0.9268,"4","ELAV like RNA binding protein 1"
"Zfp146",0.02800335028848,0.6944,"7","zinc finger protein 146"
"Prkcsh",0.0279945059997724,0.7412,"9","protein kinase C substrate 80K-H"
"Klf10",0.0279918254551177,0.8364,"15","Kruppel-like factor 10"
"4930570G19Rik",0.0279601286171665,0.8916,"3","RIKEN cDNA 4930570G19 gene"
"Zrsr2",0.0279314020585799,0.7304,"X","zinc finger (CCCH type), RNA binding motif and serine/arginine rich 2"
"Mier1",0.0279307888691305,0.8216,"4","MEIR1 treanscription regulator"
"Rasa3",0.027924590801617,0.6892,"8","RAS p21 protein activator 3"
"Fbxo44",0.0279136017666577,0.7712,"4","F-box protein 44"
"Zfp518b",-0.0278929398357466,0.8556,"5","zinc finger protein 518B"
"Tmed10",-0.0278535137756979,0.7468,"12","transmembrane p24 trafficking protein 10"
"Grsf1",0.0278457915538795,0.6684,"5","G-rich RNA sequence binding factor 1"
"Sez6l",-0.0278243316259204,0.6624,"5","seizure related 6 homolog like"
"Nfs1",0.0278199063843729,0.5884,"2","nitrogen fixation gene 1 (S. cerevisiae)"
"Rtl4",0.0278005202346245,0.9032,"X","retrotransposon Gag like 4"
"Zfp276",0.0277980475973028,0.8612,"8","zinc finger protein (C2H2 type) 276"
"Aldoa",0.027793939203054,0.81,"7","aldolase A, fructose-bisphosphate"
"Inafm2",0.0277546984640624,0.8468,"2","InaF motif containing 2"
"Syndig1l",0.0277466266482804,0.9192,"12","synapse differentiation inducing 1 like"
"Otud1",-0.0277210362603824,0.8124,"2","OTU domain containing 1"
"Tram1",0.0277204649363982,0.8216,"1","translocating chain-associating membrane protein 1"
"Pygo2",-0.0277193502945838,0.7884,"3","pygopus 2"
"Dgat2",0.0277164403804901,0.7904,"7","diacylglycerol O-acyltransferase 2"
"Podxl2",-0.0276860488656316,0.8124,"6","podocalyxin-like 2"
"Smad9",-0.0276835615233955,0.7636,"3","SMAD family member 9"
"Klf9",-0.0276823987332442,0.808,"19","Kruppel-like factor 9"
"Mtarc2",-0.0276759725396962,0.6248,"1","mitochondrial amidoxime reducing component 2"
"Bet1l",0.0276706901045509,0.8268,"7","Bet1 golgi vesicular membrane trafficking protein like"
"Wdr12",0.0276668612405606,0.7364,"1","WD repeat domain 12"
"Vipr1",0.0276538046854098,0.8324,"9","vasoactive intestinal peptide receptor 1"
"Zdhhc21",-0.0276534220444988,0.7332,"4","zinc finger, DHHC domain containing 21"
"Sugp2",0.0276348257736654,0.8708,"8","SURP and G patch domain containing 2"
"Selenop",0.0276274224274404,0.7916,"15","selenoprotein P"
"Gtf2h1",0.02760814177062,0.7828,"7","general transcription factor II H, polypeptide 1"
"Atp6ap1",-0.0275746270928252,0.716,"X","ATPase, H+ transporting, lysosomal accessory protein 1"
"Top1",0.0275732027331559,0.828,"2","topoisomerase (DNA) I"
"Gdap1",0.0275484318510699,0.7916,"1","ganglioside-induced differentiation-associated-protein 1"
"Lefty1",0.0275414168623227,0.912,"1","left right determination factor 1"
"Gpatch3",-0.0275391347997354,0.816,"4","G patch domain containing 3"
"Cdh8",0.0275229687285092,0.8332,"8","cadherin 8"
"Cc2d1a",0.0275153289875565,0.7364,"8","coiled-coil and C2 domain containing 1A"
"Chd9",-0.0275107678331041,0.8404,"8","chromodomain helicase DNA binding protein 9"
"Tbc1d1",-0.0275033632202417,0.856,"5","TBC1 domain family, member 1"
"Rims4",-0.0274929441498482,0.876,"2","regulating synaptic membrane exocytosis 4"
"Eif2d",-0.0274927808526204,0.7748,"1","eukaryotic translation initiation factor 2D"
"Vps26c",0.0274919730456435,0.75,"16","VPS26 endosomal protein sorting factor C"
"Syt11",-0.0274743627774594,0.732,"3","synaptotagmin XI"
"Pygm",-0.0274632858879302,0.852,"19","muscle glycogen phosphorylase"
"Gtpbp1",0.0274579812101274,0.6976,"15","GTP binding protein 1"
"Prpf31",0.0274513724881285,0.6844,"7","pre-mRNA processing factor 31"
"Lta4h",0.0274232380700985,0.476,"10","leukotriene A4 hydrolase"
"Ptpdc1",-0.0274083477869098,0.7796,"13","protein tyrosine phosphatase domain containing 1"
"Csmd3",-0.0274014737990864,0.914,"15","CUB and Sushi multiple domains 3"
"Ccdc50",-0.0273557305324195,0.8004,"16","coiled-coil domain containing 50"
"Nsd3",-0.0273460764624618,0.8592,"8","nuclear receptor binding SET domain protein 3"
"Pex5",0.0273443371770581,0.6568,"6","peroxisomal biogenesis factor 5"
"Nos1",-0.0273035707159757,0.8392,"5","nitric oxide synthase 1, neuronal"
"Gpaa1",0.0272742253950646,0.798,"15","GPI anchor attachment protein 1"
"Nploc4",0.0272642692427318,0.718,"11","NPL4 homolog, ubiquitin recognition factor"
"Rps10",0.0272563596526894,0.8588,"17","ribosomal protein S10"
"Lamp2",-0.027255049597728,0.8312,"X","lysosomal-associated membrane protein 2"
"Efhd1",-0.0272547902714111,0.9084,"1","EF hand domain containing 1"
"Camsap3",0.0272395567208887,0.7412,"8","calmodulin regulated spectrin-associated protein family, member 3"
"Tmem41a",-0.0272309857419151,0.7316,"16","transmembrane protein 41a"
"Pes1",0.0272299326528893,0.8004,"11","pescadillo ribosomal biogenesis factor 1"
"Lrrn2",-0.0272259207166812,0.7884,"1","leucine rich repeat protein 2, neuronal"
"Snx21",-0.0272190435033322,0.7732,"2","sorting nexin family member 21"
"Cep162",0.0272154776476556,0.8212,"9","centrosomal protein 162"
"Gpbp1",0.0272103472648189,0.6696,"13","GC-rich promoter binding protein 1"
"Ocln",-0.0272096984994832,0.8084,"13","occludin"
"Ak5",-0.0272087581968385,0.85,"3","adenylate kinase 5"
"Mpv17",0.0272069252785982,0.7168,"5","MpV17 mitochondrial inner membrane protein"
"Pgam5",0.0272036520764161,0.6868,"5","phosphoglycerate mutase family member 5"
"Derl2",0.0272000790646079,0.7904,"11","Der1-like domain family, member 2"
"Ganab",-0.0271775259095337,0.5964,"19","alpha glucosidase 2 alpha neutral subunit"
"Hpcal4",0.0271729991455878,0.7452,"4","hippocalcin-like 4"
"Sugp1",0.0271729393006481,0.7632,"8","SURP and G patch domain containing 1"
"Lrch1",-0.0271708031917095,0.8096,"14","leucine-rich repeats and calponin homology (CH) domain containing 1"
"Zfp974",0.0271643355914781,0.8308,"7","zinc finger protein 974"
"Smpd1",-0.0271556355404199,0.7868,"7","sphingomyelin phosphodiesterase 1, acid lysosomal"
"Epha4",-0.027153322723942,0.8672,"1","Eph receptor A4"
"Fgfr1op2",0.0271504235859155,0.8048,"6","FGFR1 oncogene partner 2"
"Nudt13",0.0271458426885269,0.8356,"14","nudix (nucleoside diphosphate linked moiety X)-type motif 13"
"Pkn2",0.0271290529610457,0.7644,"3","protein kinase N2"
"Fam136a",-0.0271214096793555,0.8008,"6","family with sequence similarity 136, member A"
"Fam136a",-0.0271214096793555,0.8008,"6","family with sequence similarity 136, member A"
"Rcn1",0.0271205292295553,0.6752,"2","reticulocalbin 1"
"Plppr2",0.0271203301408853,0.7808,"9","phospholipid phosphatase related 2"
"B4galnt1",0.027112399735115,0.6248,"10","beta-1,4-N-acetyl-galactosaminyl transferase 1"
"Gsk3b",-0.027097055788758,0.8004,"16","glycogen synthase kinase 3 beta"
"Wdr20",-0.0270861293674365,0.7672,"12","WD repeat domain 20"
"Stmn3",-0.027073951106015,0.854,"2","stathmin-like 3"
"Ccdc30",0.0270704762018896,0.8488,"4","coiled-coil domain containing 30"
"Snhg4",0.0270701849121497,0.7976,"18","small nucleolar RNA host gene 4"
"Nab1",0.0270524078963295,0.7688,"1","Ngfi-A binding protein 1"
"Stard4",0.027052085089307,0.8236,"18","StAR-related lipid transfer (START) domain containing 4"
"Maea",0.0270520459299277,0.7748,"5","macrophage erythroblast attacher"
"Smad4",-0.0270515024293418,0.716,"18","SMAD family member 4"
"Pgp",0.0270461085651874,0.866,"17","phosphoglycolate phosphatase"
"Ccdc85a",0.0270303229792104,0.8352,"11","coiled-coil domain containing 85A"
"Cnot4",0.0270257633231727,0.778,"6","CCR4-NOT transcription complex, subunit 4"
"Commd9",-0.0270160328915967,0.876,"2","COMM domain containing 9"
"Mmgt2",0.027008336985384,0.8416,"11","membrane magnesium transporter 2"
"Rit2",-0.0270081308423293,0.7716,"18","Ras-like without CAAX 2"
"Prnp",0.0270069434275992,0.7792,"2","prion protein"
"Ifrd2",0.026993085651962,0.804,"9","interferon-related developmental regulator 2"
"Ap2m1",0.0269694232041591,0.808,"16","adaptor-related protein complex 2, mu 1 subunit"
"Atp6v1h",-0.0269653020367606,0.8056,"1","ATPase, H+ transporting, lysosomal V1 subunit H"
"Tle4",-0.0269627807276436,0.8076,"19","transducin-like enhancer of split 4"
"Arl4d",0.0269585614016128,0.8992,"11","ADP-ribosylation factor-like 4D"
"Larp4b",0.0269539079532821,0.412,"13","La ribonucleoprotein 4B"
"Mtdh",-0.0269394714803406,0.786,"15","metadherin"
"Ano6",-0.026938335800355,0.7996,"15","anoctamin 6"
"Nrd1",0.0269381052319355,0.6968,"4","nardilysin, N-arginine dibasic convertase, NRD convertase 1"
"Reep2",0.0269114468381,0.8768,"18","receptor accessory protein 2"
"Atcay",-0.026906936596311,0.7936,"10","ataxia, cerebellar, Cayman type"
"Aig1",0.0268940443521473,0.8244,"10","androgen-induced 1"
"Aip",0.0268754656950971,0.8372,"19","aryl-hydrocarbon receptor-interacting protein"
"Fig4",0.0268671686373558,0.6644,"10","FIG4 phosphoinositide 5-phosphatase"
"Ints4",-0.0268574130515766,0.4848,"7","integrator complex subunit 4"
"Ei24",0.0268331329949616,0.7668,"9","etoposide induced 2.4 mRNA"
"Atpaf1",0.0268135218529446,0.8696,"4","ATP synthase mitochondrial F1 complex assembly factor 1"
"Slc6a6",-0.0268071236583287,0.8848,"6","solute carrier family 6 (neurotransmitter transporter, taurine), member 6"
"Pkp4",0.0267936147283621,0.8768,"2","plakophilin 4"
"Htr1a",0.0267892168693642,0.8916,"13","5-hydroxytryptamine (serotonin) receptor 1A"
"Arid2",0.0267890953628234,0.7648,"15","AT rich interactive domain 2 (ARID, RFX-like)"
"Eef2",-0.0267889731580073,0.7492,"10","eukaryotic translation elongation factor 2"
"Epdr1",0.0267808329608616,0.8064,"13","ependymin related protein 1 (zebrafish)"
"Snrnp48",0.0267780521539143,0.8364,"13","small nuclear ribonucleoprotein 48 (U11/U12)"
"P2rx4",-0.0267744600521675,0.7372,"5","purinergic receptor P2X, ligand-gated ion channel 4"
"Zbtb24",0.0267385293344304,0.7976,"10","zinc finger and BTB domain containing 24"
"Ankrd46",0.0267331003680278,0.868,"15","ankyrin repeat domain 46"
"Cct2",0.0267242997478983,0.8016,"10","chaperonin containing Tcp1, subunit 2 (beta)"
"Ankle2",0.0267148025569472,0.812,"5","ankyrin repeat and LEM domain containing 2"
"Zbtb45",-0.0267076202850802,0.8756,"7","zinc finger and BTB domain containing 45"
"Ost4",0.0267046638666022,0.8392,"5","oligosaccharyltransferase complex subunit 4 (non-catalytic)"
"Arhgef40",-0.0266939167099061,0.8368,"14","Rho guanine nucleotide exchange factor (GEF) 40"
"Fgd6",0.0266915410944595,0.8496,"10","FYVE, RhoGEF and PH domain containing 6"
"Tmpo",0.0266684507706829,0.7368,"10","thymopoietin"
"Tbc1d24",0.0266526453017173,0.8384,"17","TBC1 domain family, member 24"
"Ggt7",-0.0266399627350609,0.7648,"2","gamma-glutamyltransferase 7"
"Pbx1",-0.0266179663743884,0.6588,"1","pre B cell leukemia homeobox 1"
"Rnf38",-0.0266166532110548,0.8284,"4","ring finger protein 38"
"Ubr2",0.0266087461535482,0.7752,"17","ubiquitin protein ligase E3 component n-recognin 2"
"Arhgef10",-0.0266011067334597,0.8852,"8","Rho guanine nucleotide exchange factor (GEF) 10"
"Ddx20",-0.0265911010524538,0.7924,"3","DEAD box helicase 20"
"Rgs12",0.0265899868385793,0.8012,"5","regulator of G-protein signaling 12"
"Cited2",-0.0265842454239982,0.8312,"10","Cbp/p300-interacting transactivator, with Glu/Asp-rich carboxy-terminal domain, 2"
"Cnpy4",-0.0265724682965152,0.7192,"5","canopy FGF signaling regulator 4"
"Lrch2",0.0265643409069476,0.86,"X","leucine-rich repeats and calponin homology (CH) domain containing 2"
"Rbms1",-0.0265602473932955,0.9,"2","RNA binding motif, single stranded interacting protein 1"
"Zfp41",0.0265521711413994,0.8896,"15","zinc finger protein 41"
"Sfxn3",0.0265450148750546,0.7956,"19","sideroflexin 3"
"Cenpt",0.0265439670950998,0.798,"8","centromere protein T"
"Ccdc92",-0.0265408525556126,0.79,"5","coiled-coil domain containing 92"
"Pou3f1",0.026540301829721,0.8988,"4","POU domain, class 3, transcription factor 1"
"Rufy2",0.02653938287862,0.872,"10","RUN and FYVE domain-containing 2"
"Nap1l4",-0.0265361204292489,0.7892,"7","nucleosome assembly protein 1-like 4"
"Lims1",0.0265311891693054,0.8596,"10","LIM and senescent cell antigen-like domains 1"
"Cemip",-0.026528827602414,0.9392,"7","cell migration inducing protein, hyaluronan binding"
"Fam76a",0.0265271600002306,0.5164,"4","family with sequence similarity 76, member A"
"Hikeshi",0.0265152352777376,0.7688,"7","heat shock protein nuclear import factor"
"Sox4",-0.0264831934283105,0.8004,"13","SRY (sex determining region Y)-box 4"
"Akap17b",-0.0264769992356504,0.8456,"X","A kinase (PRKA) anchor protein 17B"
"Dusp8",-0.0264630159832562,0.8096,"7","dual specificity phosphatase 8"
"Ercc3",-0.0264600063171381,0.7812,"18","excision repair cross-complementing rodent repair deficiency, complementation group 3"
"Maged2",0.0264477404082939,0.6524,"X","MAGE family member D2"
"Supt16",0.0264357484456568,0.7388,"14","SPT16, facilitates chromatin remodeling subunit"
"Tspan14",0.0264332201307171,0.816,"14","tetraspanin 14"
"Nadk",0.0263931038421319,0.6724,"4","NAD kinase"
"St8sia3",-0.0263795109672795,0.8136,"18","ST8 alpha-N-acetyl-neuraminide alpha-2,8-sialyltransferase 3"
"Hspe1",0.0263271401604381,0.7872,"1","heat shock protein 1 (chaperonin 10)"
"Setd1b",-0.0263245129832885,0.8288,"5","SET domain containing 1B"
"Fibcd1",-0.0263139698995527,0.87,"2","fibrinogen C domain containing 1"
"Lurap1",0.0262987459970834,0.858,"4","leucine rich adaptor protein 1"
"Rhot1",0.0262811239944334,0.7496,"11","ras homolog family member T1"
"Pex3",0.0262587970849122,0.7692,"10","peroxisomal biogenesis factor 3"
"Spred3",-0.0262536411939616,0.8708,"7","sprouty-related EVH1 domain containing 3"
"Polr2b",0.0262285708132506,0.7996,"5","polymerase (RNA) II (DNA directed) polypeptide B"
"Vps50",0.0262256599607751,0.82,"6","VPS50 EARP/GARPII complex subunit"
"Cdpf1",-0.0262044573362403,0.828,"15","cysteine rich, DPF motif domain containing 1"
"Grina",0.0262041494364755,0.8468,"15","glutamate receptor, ionotropic, N-methyl D-aspartate-associated protein 1 (glutamate binding)"
"Faf1",0.0261986621739725,0.5536,"4","Fas-associated factor 1"
"Wac",0.0261924812987182,0.8536,"18","WW domain containing adaptor with coiled-coil"
"Cdc26",0.0261852686437174,0.6792,"4","cell division cycle 26"
"Ift57",0.0261753203306005,0.7512,"16","intraflagellar transport 57"
"Dgkd",-0.0261032242116466,0.7268,"1","diacylglycerol kinase, delta"
"Hmgb1",0.0260913407016714,0.7744,"5","high mobility group box 1"
"Dis3l2",0.0260886164193925,0.7528,"1","DIS3 like 3'-5' exoribonuclease 2"
"Med22",-0.0260845904719798,0.7624,"2","mediator complex subunit 22"
"Twnk",-0.0260822825105191,0.6916,"19","twinkle mtDNA helicase"
"Stau2",0.0260803775893566,0.7804,"1","staufen double-stranded RNA binding protein 2"
"Atp5a1",-0.026073686230335,0.768,"18","ATP synthase, H+ transporting, mitochondrial F1 complex, alpha subunit 1"
"Ehmt2",0.0260630964535844,0.8228,"17","euchromatic histone lysine N-methyltransferase 2"
"Klf6",-0.0260474674515203,0.8704,"13","Kruppel-like factor 6"
"Ppargc1b",0.0260419345158871,0.9108,"18","peroxisome proliferative activated receptor, gamma, coactivator 1 beta"
"Fbxw4",0.0260117437099154,0.9288,"19","F-box and WD-40 domain protein 4"
"Col5a2",-0.0260018552212267,0.9524,"1","collagen, type V, alpha 2"
"Mitf",-0.0259955725585428,0.852,"6","melanogenesis associated transcription factor"
"Tanc1",-0.0259740038183232,0.83,"2","tetratricopeptide repeat, ankyrin repeat and coiled-coil containing 1"
"Trim32",0.0259424937014732,0.7952,"4","tripartite motif-containing 32"
"Sarm1",-0.025930970563012,0.5188,"11","sterile alpha and HEAT/Armadillo motif containing 1"
"Ctso",-0.0259194078825677,0.7536,"3","cathepsin O"
"Zfp664",-0.0259155156065409,0.784,"5","zinc finger protein 664"
"Slmap",-0.0258952016530385,0.8424,"14","sarcolemma associated protein"
"Fat3",0.0258860827017404,0.8516,"9","FAT atypical cadherin 3"
"Rab11a",0.0258808003705813,0.8392,"9","RAB11A, member RAS oncogene family"
"Ubr7",0.0258693790423683,0.7488,"12","ubiquitin protein ligase E3 component n-recognin 7 (putative)"
"Tax1bp1",0.0258460552036555,0.7688,"6","Tax1 (human T cell leukemia virus type I) binding protein 1"
"Slc38a7",-0.0258322698185456,0.6484,"8","solute carrier family 38, member 7"
"Hs3st1",-0.0258317295409398,0.73,"5","heparan sulfate (glucosamine) 3-O-sulfotransferase 1"
"Slc29a1",0.0258250408464482,0.8564,"17","solute carrier family 29 (nucleoside transporters), member 1"
"Slc39a11",-0.0258163462939769,0.8208,"11","solute carrier family 39 (metal ion transporter), member 11"
"Arfrp1",0.0257903110991977,0.8044,"2","ADP-ribosylation factor related protein 1"
"Atg101",0.0257847772722659,0.8048,"15","autophagy related 101"
"Drp2",-0.0257748830357372,0.8628,"X","dystrophin related protein 2"
"Csnk2a1",0.0257729321244415,0.56,"2","casein kinase 2, alpha 1 polypeptide"
"Slc66a2",-0.0257725798123145,0.8416,"18","solute carrier family 66 member 2"
"Fgf14",0.025759181619188,0.9332,"14","fibroblast growth factor 14"
"Pacs1",0.0257511182272641,0.7096,"19","phosphofurin acidic cluster sorting protein 1"
"Tfr2",0.0257464444664537,0.8708,"5","transferrin receptor 2"
"Yif1b",0.0257411728039569,0.88,"7","Yip1 interacting factor homolog B (S. cerevisiae)"
"Zfp316",-0.0257304060123165,0.7484,"5","zinc finger protein 316"
"Vti1b",0.0257292985941229,0.7644,"12","vesicle transport through interaction with t-SNAREs 1B"
"Flna",0.0257168174811566,0.9132,"X","filamin, alpha"
"Man2a2",-0.0257123715847731,0.8272,"7","mannosidase 2, alpha 2"
"Jam3",-0.0256801480477185,0.8292,"9","junction adhesion molecule 3"
"Ccnyl1",0.0256756723435165,0.8156,"1","cyclin Y-like 1"
"Cs",0.0256582407095927,0.8052,"10","citrate synthase"
"Rbm42",0.0256308504747969,0.862,"7","RNA binding motif protein 42"
"Ttc12",0.0255884170935747,0.8996,"9","tetratricopeptide repeat domain 12"
"Sh3yl1",0.0255842673037727,0.8212,"12","Sh3 domain YSC-like 1"
"Tmbim4",-0.0255834893736075,0.8316,"10","transmembrane BAX inhibitor motif containing 4"
"Atic",-0.0255834233481185,0.7556,"1","5-aminoimidazole-4-carboxamide ribonucleotide formyltransferase/IMP cyclohydrolase"
"Casp9",0.0255714922231576,0.7152,"4","caspase 9"
"Jazf1",0.0255656237013602,0.7488,"6","JAZF zinc finger 1"
"B3galnt1",0.0255541943046644,0.7668,"3","UDP-GalNAc:betaGlcNAc beta 1,3-galactosaminyltransferase, polypeptide 1"
"Isyna1",-0.0255500311769774,0.8392,"8","myo-inositol 1-phosphate synthase A1"
"Naf1",-0.0255409778215299,0.716,"8","nuclear assembly factor 1 ribonucleoprotein"
"Gbe1",-0.0255405754367715,0.8356,"16","glucan (1,4-alpha-), branching enzyme 1"
"Pi4k2a",0.0255397855922261,0.778,"19","phosphatidylinositol 4-kinase type 2 alpha"
"Wnt2",-0.0255226008447185,0.9176,"6","wingless-type MMTV integration site family, member 2"
"Ank",0.0254607278169141,0.7304,"15","progressive ankylosis"
"Sptlc2",-0.0254530268285293,0.78,"12","serine palmitoyltransferase, long chain base subunit 2"
"Rab1a",-0.0254492957697696,0.7528,"11","RAB1A, member RAS oncogene family"
"Col4a1",0.0254421913397911,0.9468,"8","collagen, type IV, alpha 1"
"Phlda3",-0.0254341347660301,0.9148,"1","pleckstrin homology like domain, family A, member 3"
"Trim17",-0.0254129822313756,0.8784,"11","tripartite motif-containing 17"
"Clgn",0.0254088373838735,0.8672,"8","calmegin"
"Uap1l1",-0.0254007424789187,0.8772,"2","UDP-N-acteylglucosamine pyrophosphorylase 1-like 1"
"Jag1",-0.0253883664629946,0.9476,"2","jagged 1"
"Ptpru",-0.0253847999528967,0.9164,"4","protein tyrosine phosphatase, receptor type, U"
"Asb8",-0.0253824938736411,0.8108,"15","ankyrin repeat and SOCS box-containing 8"
"Suclg1",0.0253747649158722,0.7912,"6","succinate-CoA ligase, GDP-forming, alpha subunit"
"Cdc42ep2",-0.0253733271721797,0.9188,"19","CDC42 effector protein (Rho GTPase binding) 2"
"Mrpl2",0.0253633637560071,0.8204,"17","mitochondrial ribosomal protein L2"
"Scd1",-0.0253515162843865,0.892,"19","stearoyl-Coenzyme A desaturase 1"
"Foxj2",-0.0253419769539684,0.77,"6","forkhead box J2"
"Emc7",0.0253416897982675,0.8436,"2","ER membrane protein complex subunit 7"
"Chic1",-0.0253362970563851,0.6664,"X","cysteine-rich hydrophobic domain 1"
"Nckap5l",-0.0253340890489291,0.8884,"15","NCK-associated protein 5-like"
"Tmem9",-0.0253334975627322,0.8472,"1","transmembrane protein 9"
"Camkk1",0.0253310555259034,0.7356,"11","calcium/calmodulin-dependent protein kinase kinase 1, alpha"
"Dlgap3",0.0253240770912342,0.8324,"4","DLG associated protein 3"
"Pcdhb18",-0.0253044603939347,0.8156,"18","protocadherin beta 18"
"Tnfsf12",-0.0252954360741322,0.892,"11","tumor necrosis factor (ligand) superfamily, member 12"
"Emc1",-0.0252947282928755,0.704,"4","ER membrane protein complex subunit 1"
"Fbll1",0.0252908453465954,0.8636,"11","fibrillarin-like 1"
"Adarb1",-0.0252835158695994,0.494,"10","adenosine deaminase, RNA-specific, B1"
"Cdv3",0.0252686631771386,0.7428,"9","carnitine deficiency-associated gene expressed in ventricle 3"
"Nptx1",0.0252610322992393,0.7716,"11","neuronal pentraxin 1"
"Eri3",0.0252583877145964,0.8476,"4","exoribonuclease 3"
"Pigf",0.0252530310449512,0.8256,"17","phosphatidylinositol glycan anchor biosynthesis, class F"
"Ddx3x",-0.0252344429033036,0.922,"X","DEAD box helicase 3, X-linked"
"Zmiz1",0.0252326769215552,0.9168,"14","zinc finger, MIZ-type containing 1"
"Polr3g",-0.0251940064382472,0.892,"13","polymerase (RNA) III (DNA directed) polypeptide G"
"Cabp1",0.0251691975702633,0.8296,"5","calcium binding protein 1"
"Kcnb1",-0.0251623396899436,0.8848,"2","potassium voltage gated channel, Shab-related subfamily, member 1"
"Klhl23",0.0251570569034723,0.7932,"2","kelch-like 23"
"Csnk1a1",0.025156826125718,0.8012,"18","casein kinase 1, alpha 1"
"Akt3",-0.0251521642847479,0.7652,"1","thymoma viral proto-oncogene 3"
"Tasor2",0.0251037988109459,0.8436,"13","transcription activation suppressor family member 2"
"Ccni",0.025083075084936,0.7548,"5","cyclin I"
"Cyp51",-0.0250806375127048,0.7484,"5","cytochrome P450, family 51"
"Tbrg4",0.025079889202142,0.7552,"11","transforming growth factor beta regulated gene 4"
"Otub1",0.0250785195529364,0.8452,"19","OTU domain, ubiquitin aldehyde binding 1"
"Naa15",-0.0250466638505307,0.6936,"3","N(alpha)-acetyltransferase 15, NatA auxiliary subunit"
"Rab3gap1",-0.0250461765609327,0.6716,"1","RAB3 GTPase activating protein subunit 1"
"Trappc6a",0.0250272178844217,0.9652,"7","trafficking protein particle complex 6A"
"Cyb5r3",-0.0250271745791517,0.8288,"15","cytochrome b5 reductase 3"
"Eefsec",0.0250220125046958,0.87,"6","eukaryotic elongation factor, selenocysteine-tRNA-specific"
"Pfkl",0.0250193305256783,0.7504,"10","phosphofructokinase, liver, B-type"
"Rnf7",0.0250126485377535,0.8584,"9","ring finger protein 7"
"Ano4",-0.0250013468759169,0.8576,"10","anoctamin 4"
"Cdc14b",0.0249923454916421,0.9276,"13","CDC14 cell division cycle 14B"
"BC003965",0.0249862584162486,0.8564,"17","cDNA sequence BC003965"
"Pigm",0.0249730611514023,0.8056,"1","phosphatidylinositol glycan anchor biosynthesis, class M"
"Golga4",-0.024971065063256,0.8444,"9","golgi autoantigen, golgin subfamily a, 4"
"Fam171a1",0.024968397717223,0.6488,"2","family with sequence similarity 171, member A1"
"Cilk1",-0.0249439930730082,0.7004,"9","ciliogenesis associated kinase 1"
"Nkiras1",0.0249407674116444,0.792,"14","NFKB inhibitor interacting Ras-like protein 1"
"Uck2",-0.0249405790092938,0.8868,"1","uridine-cytidine kinase 2"
"Otud5",0.0249297740553605,0.7224,"X","OTU domain containing 5"
"Klhl3",0.0249277046893823,0.7972,"13","kelch-like 3"
"Id3",-0.0249267700350799,0.9088,"4","inhibitor of DNA binding 3"
"Bpgm",0.0249196421146314,0.8348,"6","2,3-bisphosphoglycerate mutase"
"Nptx2",-0.0248938533388197,0.8424,"5","neuronal pentraxin 2"
"Orai3",-0.0248937345756399,0.8568,"7","ORAI calcium release-activated calcium modulator 3"
"Adcy6",-0.024872319389929,0.9008,"15","adenylate cyclase 6"
"Fh1",-0.0248697864742935,0.8736,"1","fumarate hydratase 1"
"Cep89",-0.0248646707524278,0.882,"7","centrosomal protein 89"
"Tnpo3",0.0248385966342726,0.7732,"6","transportin 3"
"Dipk1b",-0.0248369204435557,0.9368,"2","divergent protein kinase domain 1B"
"Eif4enif1",0.0248352290935117,0.5712,"11","eukaryotic translation initiation factor 4E nuclear import factor 1"
"Eci2",0.0248325444338269,0.7848,"13","enoyl-Coenzyme A delta isomerase 2"
"Rps18",0.0248316039423937,0.8604,"17","ribosomal protein S18"
"Supt6",-0.0248188325676768,0.6812,"11","SPT6, histone chaperone and transcription elongation factor"
"Gsdme",0.0248002837206798,0.7704,"6","gasdermin E"
"Nfx1",0.0247823919451307,0.8228,"4","nuclear transcription factor, X-box binding 1"
"Rabggtb",0.0247478052123471,0.7732,"3","Rab geranylgeranyl transferase, b subunit"
"Necap1",-0.0247442522280812,0.8212,"6","NECAP endocytosis associated 1"
"Map6",-0.0247441828757529,0.6636,"7","microtubule-associated protein 6"
"Ppfia4",0.02472785154416,0.7784,"1","protein tyrosine phosphatase, receptor type, f polypeptide (PTPRF), interacting protein (liprin), alpha 4"
"Hcn2",0.024720093010278,0.8188,"10","hyperpolarization-activated, cyclic nucleotide-gated K+ 2"
"Daam1",-0.024711075906831,0.7328,"12","dishevelled associated activator of morphogenesis 1"
"Samd8",0.0247052849258544,0.7348,"14","sterile alpha motif domain containing 8"
"Fkbp4",0.0246911965301475,0.8636,"6","FK506 binding protein 4"
"Mlc1",0.0246836744793884,0.8172,"15","megalencephalic leukoencephalopathy with subcortical cysts 1 homolog (human)"
"2210016F16Rik",0.0246719249839686,0.6596,"13","RIKEN cDNA 2210016F16 gene"
"Hcfc1r1",0.0246686687259965,0.92,"17","host cell factor C1 regulator 1 (XPO1-dependent)"
"Tpi1",-0.0246637774969827,0.822,"6","triosephosphate isomerase 1"
"Plcb3",0.0246383177800684,0.6916,"19","phospholipase C, beta 3"
"Ncoa4",-0.0246239375181094,0.9032,"14","nuclear receptor coactivator 4"
"Denn2b",0.0246012922879473,0.8612,"7","DENN domain containing 2B"
"Asb16",-0.0246004932836534,0.9256,"11","ankyrin repeat and SOCS box-containing 16"
"Ppp2r2b",0.0245795751326741,0.7308,"18","protein phosphatase 2, regulatory subunit B, beta"
"Usp31",0.0245723790117935,0.7736,"7","ubiquitin specific peptidase 31"
"Smoc2",0.0245423044130177,0.7948,"17","SPARC related modular calcium binding 2"
"Wbp4",0.0245084716399013,0.8064,"14","WW domain binding protein 4"
"Cul5",-0.0244942484571329,0.8464,"9","cullin 5"
"St6gal2",-0.0244936887414546,0.8916,"17","beta galactoside alpha 2,6 sialyltransferase 2"
"Thnsl1",-0.0244898922218062,0.8984,"2","threonine synthase-like 1 (bacterial)"
"Crebl2",0.0244879614021505,0.8096,"6","cAMP responsive element binding protein-like 2"
"Sptssa",-0.0244800179363036,0.8444,"12","serine palmitoyltransferase, small subunit A"
"Chd1",0.0244797108796337,0.79,"17","chromodomain helicase DNA binding protein 1"
"Tmem65",0.0244780127312891,0.7072,"15","transmembrane protein 65"
"Syt6",0.0244598249758012,0.8576,"3","synaptotagmin VI"
"Myl12a",-0.0244514811573984,0.8484,"17","myosin, light chain 12A, regulatory, non-sarcomeric"
"Slc6a8",0.0244442452865021,0.6444,"X","solute carrier family 6 (neurotransmitter transporter, creatine), member 8"
"Iars2",-0.0244441532814088,0.6252,"1","isoleucine-tRNA synthetase 2, mitochondrial"
"Plekha1",-0.0244321195923192,0.7868,"7","pleckstrin homology domain containing, family A (phosphoinositide binding specific) member 1"
"5730409E04Rik",-0.0244314143309676,0.768,"4","RIKEN cDNA 5730409E04Rik gene"
"Rilp",-0.0244211170375364,0.972,"11","Rab interacting lysosomal protein"
"Cox17",0.0244077157934681,0.8164,"16","cytochrome c oxidase assembly protein 17, copper chaperone"
"Zfyve27",0.0244009798919382,0.6808,"19","zinc finger, FYVE domain containing 27"
"Sec14l1",0.0244005224699446,0.6968,"11","SEC14-like lipid binding 1"
"Hspbap1",0.0243979294801719,0.7852,"16","Hspb associated protein 1"
"Mthfd1l",-0.0243825546993297,0.8556,"10","methylenetetrahydrofolate dehydrogenase (NADP+ dependent) 1-like"
"Frmd6",0.0243668755089161,0.852,"12","FERM domain containing 6"
"Ccdc47",-0.0243609895760981,0.8828,"11","coiled-coil domain containing 47"
"Grb10",-0.0243575479950717,0.7952,"11","growth factor receptor bound protein 10"
"Zfyve9",0.0243401945600468,0.7012,"4","zinc finger, FYVE domain containing 9"
"1110038F14Rik",-0.0243296490168801,0.784,"15","RIKEN cDNA 1110038F14 gene"
"Abcf2",-0.0243005163370915,0.7668,"5","ATP-binding cassette, sub-family F (GCN20), member 2"
"Vps51",-0.0242978405505143,0.7656,"19","VPS51 GARP complex subunit"
"Mllt3",-0.0242977063400991,0.6848,"4","myeloid/lymphoid or mixed-lineage leukemia; translocated to, 3"
"Dok4",-0.0242811460709644,0.8492,"8","docking protein 4"
"Cbx7",-0.0242722532772417,0.3956,"15","chromobox 7"
"Hsdl1",-0.0242693592389172,0.7892,"8","hydroxysteroid dehydrogenase like 1"
"Jak3",0.0242661570338076,0.8624,"8","Janus kinase 3"
"Mnt",-0.0242574302413514,0.7656,"11","max binding protein"
"Dpp6",0.0242520410278289,0.714,"5","dipeptidylpeptidase 6"
"Sipa1l2",0.0242505433691855,0.7872,"8","signal-induced proliferation-associated 1 like 2"
"Evc2",-0.0242433085694129,0.8328,"5","EvC ciliary complex subunit 2"
"Trappc11",0.0242216905350672,0.7112,"8","trafficking protein particle complex 11"
"Dlg3",-0.0242174356691027,0.766,"X","discs large MAGUK scaffold protein 3"
"Eif3d",0.0242165837405715,0.7592,"15","eukaryotic translation initiation factor 3, subunit D"
"Samd4b",-0.0242157454860523,0.7856,"7","sterile alpha motif domain containing 4B"
"Lrrc8c",0.0242129113299923,0.8812,"5","leucine rich repeat containing 8 family, member C"
"Denr",0.0242094875160319,0.7692,"5","density-regulated protein"
"Actr1a",-0.0241843914680313,0.782,"19","ARP1 actin-related protein 1A, centractin alpha"
"Wnk2",-0.0241812803455481,0.8532,"13","WNK lysine deficient protein kinase 2"
"B230219D22Rik",0.0241373304064663,0.8072,"13","RIKEN cDNA B230219D22 gene"
"Tmem19",-0.0241183843419321,0.6824,"10","transmembrane protein 19"
"Nacad",-0.0241160918764161,0.7336,"11","NAC alpha domain containing"
"Kctd9",-0.0241148717537683,0.7952,"14","potassium channel tetramerisation domain containing 9"
"Chp1",-0.0241058724048937,0.7908,"2","calcineurin-like EF hand protein 1"
"Ctps2",0.0241026972050431,0.8008,"X","cytidine 5'-triphosphate synthase 2"
"Nsf",0.0241019901908803,0.7848,"11","N-ethylmaleimide sensitive fusion protein"
"Ccdc25",0.0241009041414788,0.4672,"14","coiled-coil domain containing 25"
"Ccdc191",0.0240976944498423,0.8852,"16","coiled-coil domain containing 191"
"Dab1",0.024092739051329,0.786,"4","disabled 1"
"Dnajc21",0.0240850992844486,0.796,"15","DnaJ heat shock protein family (Hsp40) member C21"
"Gtf2f1",0.0240849463670649,0.7932,"17","general transcription factor IIF, polypeptide 1"
"Bag5",-0.024076063088601,0.742,"12","BCL2-associated athanogene 5"
"Vopp1",-0.0240744873392487,0.7524,"6","vesicular, overexpressed in cancer, prosurvival protein 1"
"Bmpr1a",0.0240624101471028,0.7888,"14","bone morphogenetic protein receptor, type 1A"
"Relb",0.0240588939511905,0.8572,"7","avian reticuloendotheliosis viral (v-rel) oncogene related B"
"Ndrg4",-0.024040710041664,0.7772,"8","N-myc downstream regulated gene 4"
"Fam110b",0.0240165392033456,0.868,"4","family with sequence similarity 110, member B"
"Slc39a12",0.0240071541412714,0.8696,"2","solute carrier family 39 (zinc transporter), member 12"
"Herc2",-0.024006515187093,0.9092,"7","HECT and RLD domain containing E3 ubiquitin protein ligase 2"
"Card19",-0.024003901138784,0.8332,"13","caspase recruitment domain family, member 19"
"Tmx2",-0.0240003844986827,0.7988,"2","thioredoxin-related transmembrane protein 2"
"Naxd",0.0239941675549451,0.8096,"8","NAD(P)HX dehydratase"
"Ccs",0.0239906295244499,0.8744,"19","copper chaperone for superoxide dismutase"
"Rab8a",0.0239636326163266,0.8164,"8","RAB8A, member RAS oncogene family"
"Yju2",-0.0239427397988505,0.8696,"17","YJU2 splicing factor"
"Tmem94",0.0239096687824389,0.8656,"11","transmembrane protein 94"
"Neurod6",0.0239066348249288,0.8908,"6","neurogenic differentiation 6"
"Syne1",0.023897785014924,0.9036,"10","spectrin repeat containing, nuclear envelope 1"
"Gm10509",-0.0238867246677907,0.8972,"17","predicted gene 10509"
"G2e3",-0.0238858884812525,0.8872,"12","G2/M-phase specific E3 ubiquitin ligase"
"Lrfn5",0.0238603489826481,0.7008,"12","leucine rich repeat and fibronectin type III domain containing 5"
"Cnnm1",0.0238436324884912,0.8168,"19","cyclin M1"
"Fam102a",-0.0238414017527617,0.7292,"2","family with sequence similarity 102, member A"
"Fdps",-0.0238409515984683,0.8368,"3","farnesyl diphosphate synthetase"
"Dnajc3",-0.0238351045141849,0.8584,"14","DnaJ heat shock protein family (Hsp40) member C3"
"1810055G02Rik",0.0238231851627093,0.7536,"19","RIKEN cDNA 1810055G02 gene"
"Mef2a",0.0238205745190445,0.844,"7","myocyte enhancer factor 2A"
"Spink8",0.0238183762046074,0.8516,"9","serine peptidase inhibitor, Kazal type 8"
"Snrnp200",-0.0238123846777007,0.764,"2","small nuclear ribonucleoprotein 200 (U5)"
"Lrrc47",0.0238100111191457,0.7088,"4","leucine rich repeat containing 47"
"Gab1",-0.0237924552327016,0.8784,"8","growth factor receptor bound protein 2-associated protein 1"
"Fancg",0.023775713456796,0.8684,"4","Fanconi anemia, complementation group G"
"Cacna2d2",-0.023767770391951,0.862,"9","calcium channel, voltage-dependent, alpha 2/delta subunit 2"
"Prkce",-0.0237670695330081,0.7224,"17","protein kinase C, epsilon"
"Atp13a3",0.0237641899312395,0.8124,"16","ATPase type 13A3"
"Fbn1",-0.0237508972660403,0.9328,"2","fibrillin 1"
"Atp6v0e",-0.0237478759197685,0.8528,"17","ATPase, H+ transporting, lysosomal V0 subunit E"
"Mrm2",0.0237294319844987,0.8856,"5","mitochondrial rRNA methyltransferase 2"
"Abcd1",-0.0237159206695914,0.8044,"X","ATP-binding cassette, sub-family D (ALD), member 1"
"Arfgef1",0.0236976047336306,0.782,"1","ADP-ribosylation factor guanine nucleotide-exchange factor 1(brefeldin A-inhibited)"
"Zfp655",-0.023697472503696,0.8236,"5","zinc finger protein 655"
"Dnajc1",0.0236968957138224,0.8704,"2","DnaJ heat shock protein family (Hsp40) member C1"
"Csgalnact2",0.0236968769636579,0.8592,"6","chondroitin sulfate N-acetylgalactosaminyltransferase 2"
"Zfp74",-0.0236958873945023,0.7956,"7","zinc finger protein 74"
"Amz2",0.0236946266681057,0.6944,"11","archaelysin family metallopeptidase 2"
"Jdp2",0.0236765826652219,0.812,"12","Jun dimerization protein 2"
"Foxp4",0.023659383614457,0.9604,"17","forkhead box P4"
"Cnst",0.0236491250160551,0.7344,"1","consortin, connexin sorting protein"
"Grk2",0.0236355948866116,0.7972,"19","G protein-coupled receptor kinase 2"
"Txnrd1",0.0236122257343165,0.7892,"10","thioredoxin reductase 1"
"Hacd3",0.0236083618600116,0.7568,"9","3-hydroxyacyl-CoA dehydratase 3"
"Otx1",-0.0235799188532084,0.9068,"11","orthodenticle homeobox 1"
"Hsp90ab1",0.023564032511489,0.8004,"17","heat shock protein 90 alpha (cytosolic), class B member 1"
"Jmjd1c",-0.0235576474243748,0.8904,"10","jumonji domain containing 1C"
"Zmynd19",-0.023556279846022,0.818,"2","zinc finger, MYND domain containing 19"
"Fbxw8",0.0235483643412682,0.8092,"5","F-box and WD-40 domain protein 8"
"Rbpj",0.0235225454097217,0.6704,"5","recombination signal binding protein for immunoglobulin kappa J region"
"Ppp3r1",0.0235145126155363,0.8104,"11","protein phosphatase 3, regulatory subunit B, alpha isoform (calcineurin B, type I)"
"Arhgef10l",-0.0235120795985919,0.852,"4","Rho guanine nucleotide exchange factor (GEF) 10-like"
"Zhx2",0.02349458524992,0.7696,"15","zinc fingers and homeoboxes 2"
"Macf1",0.0234872181126899,0.9128,"4","microtubule-actin crosslinking factor 1"
"Tchh",-0.023481593341498,0.952,"3","trichohyalin"
"Me2",-0.0234721655620618,0.7252,"18","malic enzyme 2, NAD(+)-dependent, mitochondrial"
"Plxnb3",0.023463113750581,0.9028,"X","plexin B3"
"Msh6",-0.0234427708885478,0.806,"17","mutS homolog 6"
"Slc25a22",-0.0234322862458338,0.7892,"7","solute carrier family 25 (mitochondrial carrier, glutamate), member 22"
"Paqr3",-0.02342696693947,0.7752,"5","progestin and adipoQ receptor family member III"
"Gdi1",0.0234221913321342,0.5472,"X","guanosine diphosphate (GDP) dissociation inhibitor 1"
"Tor1a",0.0234173634918955,0.8628,"2","torsin family 1, member A (torsin A)"
"Engase",-0.0233978733167626,0.8696,"11","endo-beta-N-acetylglucosaminidase"
"Zfp667",0.0233892303396042,0.9008,"7","zinc finger protein 667"
"A230057D06Rik",-0.0233891914029623,0.9548,"7","RIKEN cDNA A230057D06 gene"
"Grpel1",0.0233874272211683,0.8248,"5","GrpE-like 1, mitochondrial"
"Actr10",0.0233858119945136,0.7696,"12","ARP10 actin-related protein 10"
"Brf1",0.0233788876603986,0.5872,"12","BRF1, RNA polymerase III transcription initiation factor 90 kDa subunit"
"Pcdh19",-0.0233724352411677,0.8688,"X","protocadherin 19"
"Cpxm1",0.0233684670915029,0.7984,"2","carboxypeptidase X 1 (M14 family)"
"Tnfaip8l1",-0.0233627399764553,0.9156,"17","tumor necrosis factor, alpha-induced protein 8-like 1"
"Fam163a",0.0233605122844591,0.8432,"1","family with sequence similarity 163, member A"
"Cmip",0.0233528834103431,0.8512,"8","c-Maf inducing protein"
"Tapt1",0.023341512574504,0.734,"5","transmembrane anterior posterior transformation 1"
"Ddx50",-0.0233283962398456,0.6664,"10","DExD box helicase 50"
"Eif5a2",-0.0232779379480315,0.8732,"3","eukaryotic translation initiation factor 5A2"
"Zfp609",-0.0232708541077669,0.7396,"9","zinc finger protein 609"
"Plekhm2",0.0232673408725068,0.836,"4","pleckstrin homology domain containing, family M (with RUN domain) member 2"
"Prkci",-0.0232654876344762,0.8436,"3","protein kinase C, iota"
"1600012H06Rik",0.0232549719873392,0.6688,"17","RIKEN cDNA 1600012H06 gene"
"Gng12",-0.0232155238680569,0.8152,"6","guanine nucleotide binding protein (G protein), gamma 12"
"Pkn1",-0.0232126261439554,0.8792,"8","protein kinase N1"
"Madd",0.023210729862404,0.7292,"2","MAP-kinase activating death domain"
"Nif3l1",0.0232051233240469,0.8576,"1","Ngg1 interacting factor 3-like 1 (S. pombe)"
"Tenm3",-0.02320165650156,0.8884,"8","teneurin transmembrane protein 3"
"Aldh9a1",0.0231986898668799,0.848,"1","aldehyde dehydrogenase 9, subfamily A1"
"Prkaa2",0.0231766724381366,0.8444,"4","protein kinase, AMP-activated, alpha 2 catalytic subunit"
"Rtn1",0.0231635208030152,0.8104,"12","reticulon 1"
"Nmrk1",-0.0231601935063277,0.8876,"19","nicotinamide riboside kinase 1"
"Dock10",-0.0231575339900232,0.9092,"1","dedicator of cytokinesis 10"
"Ankrd45",-0.0231562417345383,0.838,"1","ankyrin repeat domain 45"
"Scarb1",-0.0231530973309724,0.8036,"5","scavenger receptor class B, member 1"
"Prmt6",0.0231479411601203,0.7944,"3","protein arginine N-methyltransferase 6"
"Sh3glb1",0.0231287775431177,0.6924,"3","SH3-domain GRB2-like B1 (endophilin)"
"Tcf25",0.0231266677500983,0.7688,"8","transcription factor 25 (basic helix-loop-helix)"
"Gapdh",0.0231236859277821,0.8712,"6","glyceraldehyde-3-phosphate dehydrogenase"
"Mcm2",-0.0231204711329323,0.888,"6","minichromosome maintenance complex component 2"
"Irak1",0.0231084449023644,0.7976,"X","interleukin-1 receptor-associated kinase 1"
"Ccm2l",-0.0231037667324632,0.932,"2","cerebral cavernous malformation 2-like"
"Nxpe3",-0.0230974557511514,0.8352,"16","neurexophilin and PC-esterase domain family, member 3"
"Tmed2",0.0230919276208947,0.718,"5","transmembrane p24 trafficking protein 2"
"Bphl",0.0230805039340591,0.83,"13","biphenyl hydrolase-like (serine hydrolase, breast epithelial mucin-associated antigen)"
"Abcg1",-0.0230656281666857,0.7588,"17","ATP binding cassette subfamily G member 1"
"Lpcat3",0.0230623668422876,0.8192,"6","lysophosphatidylcholine acyltransferase 3"
"Tsen15",0.0230566208638527,0.8128,"1","tRNA splicing endonuclease subunit 15"
"Rasgrf1",0.0230565906200706,0.8252,"9","RAS protein-specific guanine nucleotide-releasing factor 1"
"Hrk",0.0230274248092366,0.7764,"5","harakiri, BCL2 interacting protein (contains only BH3 domain)"
"Toe1",0.0230151746074307,0.7988,"4","target of EGR1, member 1 (nuclear)"
"Atp5mpl",0.0230105979046549,0.8148,"12","ATP synthase membrane subunit 6.8PL"
"Pafah2",0.0230092019843151,0.8548,"4","platelet-activating factor acetylhydrolase 2"
"Clasp1",0.0230044269072316,0.7892,"1","CLIP associating protein 1"
"Lztr1",-0.022984643664862,0.6324,"16","leucine-zipper-like transcriptional regulator, 1"
"Pgpep1",-0.022984019834845,0.8816,"8","pyroglutamyl-peptidase I"
"Virma",0.0229565640883065,0.8532,"4","vir like m6A methyltransferase associated"
"Tmem141",0.0229514237924793,0.8972,"2","transmembrane protein 141"
"Lrig1",0.0229501737616831,0.7772,"6","leucine-rich repeats and immunoglobulin-like domains 1"
"Cryz",-0.022928297217029,0.8524,"3","crystallin, zeta"
"Rprd1b",0.0229274727161854,0.6872,"2","regulation of nuclear pre-mRNA domain containing 1B"
"Mtpap",0.0229254444829134,0.7428,"18","mitochondrial poly(A) polymerase"
"Myh14",-0.0229159999452868,0.8964,"7","myosin, heavy polypeptide 14"
"Fibp",0.0229047561432205,0.8776,"19","fibroblast growth factor (acidic) intracellular binding protein"
"Zfp719",-0.0228975354361403,0.7688,"7","zinc finger protein 719"
"Gemin5",-0.0228843348279897,0.6436,"11","gem nuclear organelle associated protein 5"
"Morn1",0.0228785765107298,0.916,"4","MORN repeat containing 1"
"Ccdc186",-0.022877432173007,0.9108,"19","coiled-coil domain containing 186"
"Cndp2",0.0228733487397372,0.7856,"18","CNDP dipeptidase 2 (metallopeptidase M20 family)"
"Rrp1",0.0228649158967151,0.8276,"10","ribosomal RNA processing 1"
"Ndufa9",0.0228377125200803,0.8176,"6","NADH:ubiquinone oxidoreductase subunit A9"
"Klhl9",0.022794237125864,0.782,"4","kelch-like 9"
"Snx4",-0.022793400910615,0.8456,"16","sorting nexin 4"
"Hars",0.022787252100553,0.8404,"18","histidyl-tRNA synthetase"
"Shank2",-0.0227804767463198,0.8724,"7","SH3 and multiple ankyrin repeat domains 2"
"Hectd4",-0.0227719101737343,0.8416,"5","HECT domain E3 ubiquitin protein ligase 4"
"Ndufa13",-0.0227662295719648,0.8936,"8","NADH:ubiquinone oxidoreductase subunit A13"
"Pigz",0.0227541155764417,0.8928,"16","phosphatidylinositol glycan anchor biosynthesis, class Z"
"Trappc10",-0.0227501722455781,0.5652,"10","trafficking protein particle complex 10"
"Ddx25",0.022744023537224,0.7592,"9","DEAD box helicase 25"
"Mydgf",-0.0227383059055324,0.9364,"17","myeloid derived growth factor"
"Hdac7",0.0227312139394904,0.9164,"15","histone deacetylase 7"
"Slc1a1",-0.0227262553419934,0.6764,"19","solute carrier family 1 (neuronal/epithelial high affinity glutamate transporter, system Xag), member 1"
"Nme2",-0.0227207652796606,0.9068,"11","NME/NM23 nucleoside diphosphate kinase 2"
"Usp1",0.0227194086486406,0.8484,"4","ubiquitin specific peptidase 1"
"Ift27",-0.0227168775311171,0.8716,"15","intraflagellar transport 27"
"Grik3",-0.0227087878189485,0.862,"4","glutamate receptor, ionotropic, kainate 3"
"Zdhhc3",0.0226999350333665,0.732,"9","zinc finger, DHHC domain containing 3"
"Ttc37",-0.0226978707414451,0.9108,"13","tetratricopeptide repeat domain 37"
"E2f6",0.022694613561562,0.804,"12","E2F transcription factor 6"
"Enc1",-0.0226819519567663,0.8216,"13","ectodermal-neural cortex 1"
"Hk1",-0.0226593813729128,0.658,"10","hexokinase 1"
"Stk11ip",0.0226548245171969,0.818,"1","serine/threonine kinase 11 interacting protein"
"Gltp",-0.0226501165683155,0.9468,"5","glycolipid transfer protein"
"Gpr45",0.0226385103605464,0.8764,"1","G protein-coupled receptor 45"
"Dcaf12",-0.0226308698913753,0.758,"4","DDB1 and CUL4 associated factor 12"
"Slc25a39",-0.0226265375061203,0.8992,"11","solute carrier family 25, member 39"
"Pitpnc1",0.0226211122089532,0.7724,"11","phosphatidylinositol transfer protein, cytoplasmic 1"
"Sebox",0.0226205216771111,0.8556,"11","SEBOX homeobox"
"Prmt8",-0.0225983466273592,0.7704,"6","protein arginine N-methyltransferase 8"
"Chl1",-0.0225960427459713,0.9136,"6","cell adhesion molecule L1-like"
"Pcgf2",0.0225774000878856,0.9376,"11","polycomb group ring finger 2"
"H2-K2",0.0225337679710602,0.944,"17","histocompatibility 2, K region locus 2"
"Chid1",-0.0225264748133629,0.7596,"7","chitinase domain containing 1"
"Tmtc1",-0.0225173405984957,0.7788,"6","transmembrane and tetratricopeptide repeat containing 1"
"Isca2",0.022487501189616,0.7824,"12","iron-sulfur cluster assembly 2"
"Lrp4",0.0224442889711023,0.7116,"2","low density lipoprotein receptor-related protein 4"
"Vps53",0.0224379582005696,0.794,"11","VPS53 GARP complex subunit"
"Msrb1",0.0224298902437461,0.8916,"17","methionine sulfoxide reductase B1"
"Crtac1",-0.0224234490938029,0.8516,"19","cartilage acidic protein 1"
"Cadm2",-0.0224157873300186,0.8604,"16","cell adhesion molecule 2"
"Rasgrf2",-0.0223991102038861,0.812,"13","RAS protein-specific guanine nucleotide-releasing factor 2"
"Vps35",0.0223952330633397,0.8604,"8","VPS35 retromer complex component"
"Pex11a",0.0223766618888313,0.8724,"7","peroxisomal biogenesis factor 11 alpha"
"Stk3",-0.0223640638329323,0.8848,"15","serine/threonine kinase 3"
"Arhgef11",-0.0223399799832125,0.7592,"3","Rho guanine nucleotide exchange factor (GEF) 11"
"Irf2bpl",0.0223397003825836,0.6804,"12","interferon regulatory factor 2 binding protein-like"
"Stard3",0.0223365912693465,0.7432,"11","START domain containing 3"
"Ubxn2b",-0.0223183611919211,0.9068,"4","UBX domain protein 2B"
"Kbtbd2",-0.0223052733853262,0.8444,"6","kelch repeat and BTB (POZ) domain containing 2"
"Chchd3",0.0222769299988528,0.874,"6","coiled-coil-helix-coiled-coil-helix domain containing 3"
"Grin2a",0.0222708766922484,0.9128,"16","glutamate receptor, ionotropic, NMDA2A (epsilon 1)"
"Tomm20",-0.0222695212342749,0.8152,"8","translocase of outer mitochondrial membrane 20"
"Thra",0.0222538813840121,0.8536,"11","thyroid hormone receptor alpha"
"Kcnq3",0.0222523772684315,0.866,"15","potassium voltage-gated channel, subfamily Q, member 3"
"Ahr",-0.0222468847097814,0.926,"12","aryl-hydrocarbon receptor"
"Gprc5b",0.0222437560705355,0.7948,"7","G protein-coupled receptor, family C, group 5, member B"
"Osbp2",-0.0222408902822417,0.576,"11","oxysterol binding protein 2"
"Arap1",-0.0222146621908701,0.8848,"7","ArfGAP with RhoGAP domain, ankyrin repeat and PH domain 1"
"Fam13a",0.0222113503220243,0.842,"6","family with sequence similarity 13, member A"
"Slc16a7",-0.0221909897108592,0.91,"10","solute carrier family 16 (monocarboxylic acid transporters), member 7"
"Crebbp",0.0221883440535375,0.9456,"16","CREB binding protein"
"Ric1",0.0221699802678152,0.932,"19","RAB6A GEF complex partner 1"
"Aspa",-0.0221570178255108,0.9172,"11","aspartoacylase"
"Pdzd11",-0.0221556878105655,0.8344,"X","PDZ domain containing 11"
"Txndc17",0.0221543255221182,0.8184,"11","thioredoxin domain containing 17"
"Adck1",-0.022142901776963,0.7248,"12","aarF domain containing kinase 1"
"Gm20300",0.0221422799996649,0.8464,"10","predicted gene, 20300"
"Agfg2",0.0221393140458277,0.742,"5","ArfGAP with FG repeats 2"
"Guk1",0.0221065122042354,0.8752,"11","guanylate kinase 1"
"Sorcs3",-0.022100565752905,0.8636,"19","sortilin-related VPS10 domain containing receptor 3"
"Picalm",0.022094921279975,0.7476,"7","phosphatidylinositol binding clathrin assembly protein"
"Rnf144a",0.0220823531148149,0.8196,"12","ring finger protein 144A"
"Mindy4",0.0220818000265863,0.8612,"6","MINDY lysine 48 deubiquitinase 4"
"Dlst",-0.0220640316606673,0.5712,"12","dihydrolipoamide S-succinyltransferase (E2 component of 2-oxo-glutarate complex)"
"Il10rb",0.0220630198713323,0.8948,"16","interleukin 10 receptor, beta"
"Tbc1d9b",-0.0220423652271116,0.8472,"11","TBC1 domain family, member 9B"
"Ppip5k2",0.0220288419927996,0.9212,"1","diphosphoinositol pentakisphosphate kinase 2"
"Cep68",0.0220250555438266,0.7512,"11","centrosomal protein 68"
"Rbl2",0.0220082488728819,0.7684,"8","RB transcriptional corepressor like 2"
"Elavl4",-0.0219865478533814,0.8348,"4","ELAV like RNA binding protein 4"
"Trip12",-0.0219718289281117,0.8756,"1","thyroid hormone receptor interactor 12"
"Tmem81",-0.021963176038188,0.8528,"1","transmembrane protein 81"
"Dnajb9",0.0219566906710549,0.8832,"12","DnaJ heat shock protein family (Hsp40) member B9"
"Gabbr2",0.0219559566954146,0.8788,"4","gamma-aminobutyric acid (GABA) B receptor, 2"
"Mxd1",0.0219440685937142,0.8436,"6","MAX dimerization protein 1"
"Ak1",0.0219209249674375,0.8428,"2","adenylate kinase 1"
"Slc25a5",0.0219178957187198,0.8,"X","solute carrier family 25 (mitochondrial carrier, adenine nucleotide translocator), member 5"
"Dstn",0.0218799480381824,0.8904,"2","destrin"
"Tyw1",0.0218787759133185,0.812,"5","tRNA-yW synthesizing protein 1 homolog (S. cerevisiae)"
"Fmo1",0.021873302878133,0.9188,"1","flavin containing monooxygenase 1"
"Ywhaq",0.0218661702336327,0.8852,"12","tyrosine 3-monooxygenase/tryptophan 5-monooxygenase activation protein theta"
"Grk3",-0.0218629117121294,0.9004,"5","G protein-coupled receptor kinase 3"
"Ptgr2",0.0218619136043703,0.8184,"12","prostaglandin reductase 2"
"Hs2st1",0.0218521942749801,0.734,"3","heparan sulfate 2-O-sulfotransferase 1"
"Golph3l",-0.0218515667770749,0.866,"3","golgi phosphoprotein 3-like"
"Exoc6",-0.0218220250727503,0.8304,"19","exocyst complex component 6"
"Isg20l2",0.0218126624282218,0.8184,"3","interferon stimulated exonuclease gene 20-like 2"
"Tmem33",-0.0218028845241971,0.8496,"5","transmembrane protein 33"
"Nudt6",-0.0217931723771159,0.8852,"3","nudix (nucleoside diphosphate linked moiety X)-type motif 6"
"Cryzl2",-0.0217922929296153,0.9472,"1","crystallin zeta like 2"
"Ermp1",-0.0217722791718957,0.8652,"19","endoplasmic reticulum metallopeptidase 1"
"Cntn1",-0.0217694811522691,0.8376,"15","contactin 1"
"Kifbp",0.0217646035935344,0.7828,"10","kinesin family binding protein"
"Fjx1",-0.0217435357796116,0.858,"2","four jointed box 1"
"Pid1",-0.0217185888689135,0.8052,"1","phosphotyrosine interaction domain containing 1"
"Anxa7",-0.021707614417906,0.8224,"14","annexin A7"
"Bsdc1",-0.0216656104813762,0.8288,"4","BSD domain containing 1"
"Ube2o",-0.021640300858131,0.6368,"11","ubiquitin-conjugating enzyme E2O"
"Lrrn3",0.021639419316644,0.8776,"12","leucine rich repeat protein 3, neuronal"
"Etfb",0.0216378337355652,0.9216,"7","electron transferring flavoprotein, beta polypeptide"
"Rrm2b",-0.0216353206580751,0.8732,"15","ribonucleotide reductase M2 B (TP53 inducible)"
"Zfp646",-0.0216081223016049,0.8788,"7","zinc finger protein 646"
"Map2k3",0.0216019984555431,0.8752,"11","mitogen-activated protein kinase kinase 3"
"Ppp3cb",-0.0215967401945019,0.874,"14","protein phosphatase 3, catalytic subunit, beta isoform"
"Syt1",-0.0215912851577578,0.9156,"10","synaptotagmin I"
"Ldlrad4",-0.0215911402467688,0.8732,"18","low density lipoprotein receptor class A domain containing 4"
"Prkdc",0.0215833295489931,0.9216,"16","protein kinase, DNA activated, catalytic polypeptide"
"Arid4b",-0.0215721971354634,0.8508,"13","AT rich interactive domain 4B (RBP1-like)"
"Akap9",-0.0215696111187187,0.908,"5","A kinase (PRKA) anchor protein (yotiao) 9"
"Sf1",0.0215403486040717,0.8116,"19","splicing factor 1"
"Gucy1a2",0.0215282988075813,0.9112,"9","guanylate cyclase 1, soluble, alpha 2"
"Psip1",0.0215174336115478,0.8252,"4","PC4 and SFRS1 interacting protein 1"
"Sirpa",-0.0215132093082424,0.73,"2","signal-regulatory protein alpha"
"Gzf1",-0.021481702531144,0.8124,"2","GDNF-inducible zinc finger protein 1"
"Smarcad1",0.0214792363600687,0.8152,"6","SWI/SNF-related, matrix-associated actin-dependent regulator of chromatin, subfamily a, containing DEAD/H box 1"
"Itsn2",-0.0214596230251294,0.9484,"12","intersectin 2"
"Gcnt4",0.0214396363791796,0.956,"13","glucosaminyl (N-acetyl) transferase 4, core 2 (beta-1,6-N-acetylglucosaminyltransferase)"
"Arhgdia",0.0214284993966594,0.8656,"11","Rho GDP dissociation inhibitor (GDI) alpha"
"Pcif1",-0.02142571622411,0.856,"2","phosphorylated CTD interacting factor 1"
"Ache",-0.0214161483316708,0.8364,"5","acetylcholinesterase"
"Oplah",0.0214050415766573,0.8492,"15","5-oxoprolinase (ATP-hydrolysing)"
"Wdr46",-0.0213823167615952,0.9008,"17","WD repeat domain 46"
"Afg3l1",-0.0213683064675472,0.814,"8","AFG3-like AAA ATPase 1"
"Slc12a4",0.0213671327765299,0.8936,"8","solute carrier family 12, member 4"
"Tmem121b",-0.0213660756314837,0.7936,"6","transmembrane protein 121B"
"Zfp324",-0.0213492277442668,0.7992,"7","zinc finger protein 324"
"Arhgef9",-0.0213381244019093,0.796,"X","CDC42 guanine nucleotide exchange factor (GEF) 9"
"Aifm2",-0.021330706079969,0.854,"10","apoptosis-inducing factor, mitochondrion-associated 2"
"Utp25",0.021322070708699,0.876,"1","UTP25 small subunit processome component"
"Cyp4f13",0.0213137734608302,0.8976,"17","cytochrome P450, family 4, subfamily f, polypeptide 13"
"Sidt2",0.0213082411544878,0.8332,"9","SID1 transmembrane family, member 2"
"Rrm1",-0.0212990079296973,0.9036,"7","ribonucleotide reductase M1"
"Wipf3",-0.0212948940172915,0.8436,"6","WAS/WASL interacting protein family, member 3"
"Tmed3",0.0212916961630727,0.9236,"9","transmembrane p24 trafficking protein 3"
"Txn1",0.021274123628678,0.8552,"4","thioredoxin 1"
"Rassf5",-0.0212555971620398,0.8088,"1","Ras association (RalGDS/AF-6) domain family member 5"
"Elp1",-0.0212547373369585,0.8532,"4","elongator complex protein 1"
"E2f3",0.0212470405916401,0.8276,"13","E2F transcription factor 3"
"Tsn",-0.0212437062070467,0.6576,"1","translin"
"Atg14",-0.0212383841680355,0.7804,"14","autophagy related 14"
"Edem3",0.0212376013956375,0.826,"1","ER degradation enhancer, mannosidase alpha-like 3"
"Il17ra",0.0212308009690951,0.9092,"6","interleukin 17 receptor A"
"Scyl2",0.0212302117447427,0.8032,"10","SCY1-like 2 (S. cerevisiae)"
"Pdgfa",0.0212258913496228,0.888,"5","platelet derived growth factor, alpha"
"Stard5",0.0212215487240215,0.8576,"7","StAR-related lipid transfer (START) domain containing 5"
"Fam171b",-0.0211813502325899,0.8008,"2","family with sequence similarity 171, member B"
"Inafm1",0.021178947840534,0.7372,"7","InaF motif containing 1"
"Pkd2",0.0211771503279827,0.9184,"5","polycystin 2, transient receptor potential cation channel"
"Ror1",-0.0211715926074518,0.922,"4","receptor tyrosine kinase-like orphan receptor 1"
"Eif6",-0.0211627383362103,0.896,"2","eukaryotic translation initiation factor 6"
"C130071C03Rik",0.0211511313804218,0.8284,"13","RIKEN cDNA C130071C03 gene"
"Vdac1",0.0211288666468743,0.8024,"11","voltage-dependent anion channel 1"
"Mbd5",-0.0211147792054556,0.8584,"2","methyl-CpG binding domain protein 5"
"Tmed8",0.0211098120784516,0.8516,"12","transmembrane p24 trafficking protein 8"
"Clba1",0.021105926132873,0.8896,"12","clathrin binding box of aftiphilin containing 1"
"Eml4",0.0211056548180233,0.856,"17","echinoderm microtubule associated protein like 4"
"Sdr39u1",0.0210986884425592,0.7836,"14","short chain dehydrogenase/reductase family 39U, member 1"
"Ola1",0.0210826486953568,0.896,"2","Obg-like ATPase 1"
"Aplp1",0.0210730992799775,0.876,"7","amyloid beta (A4) precursor-like protein 1"
"Txlna",0.0210691830788798,0.828,"4","taxilin alpha"
"Igsf21",-0.0210640557236941,0.8864,"4","immunoglobulin superfamily, member 21"
"Angpt1",0.0210273464624198,0.8972,"15","angiopoietin 1"
"Ddx19b",0.0210206971571152,0.8972,"8","DEAD box helicase 19b"
"Dohh",0.0210197193517629,0.8712,"10","deoxyhypusine hydroxylase/monooxygenase"
"Npas1",0.02101965553942,0.9288,"7","neuronal PAS domain protein 1"
"Gprin1",-0.0210093018928834,0.876,"13","G protein-regulated inducer of neurite outgrowth 1"
"Cdk13",-0.0209838824548791,0.818,"13","cyclin-dependent kinase 13"
"Atp8a1",-0.0209594195509037,0.8344,"5","ATPase, aminophospholipid transporter (APLT), class I, type 8A, member 1"
"Rassf2",0.0209387086562005,0.8576,"2","Ras association (RalGDS/AF-6) domain family member 2"
"Ptpn9",0.0209291188563752,0.7244,"9","protein tyrosine phosphatase, non-receptor type 9"
"Abhd4",0.0209256119330812,0.8724,"14","abhydrolase domain containing 4"
"Sdc4",0.0209106338629317,0.8816,"2","syndecan 4"
"Tor2a",0.0209073576916827,0.8604,"2","torsin family 2, member A"
"Atp6v0e2",-0.0209053331864038,0.85,"6","ATPase, H+ transporting, lysosomal V0 subunit E2"
"Mapk6",0.0208947430574593,0.826,"9","mitogen-activated protein kinase 6"
"Mtmr12",0.0208935687652678,0.6512,"15","myotubularin related protein 12"
"Dnajc14",-0.0208796446364348,0.7772,"10","DnaJ heat shock protein family (Hsp40) member C14"
"Zfp608",0.020875403332985,0.846,"18","zinc finger protein 608"
"Mak16",-0.0208444156010712,0.722,"8","MAK16 homolog"
"Lrp3",-0.0208381725328151,0.7152,"7","low density lipoprotein receptor-related protein 3"
"Hexim2",-0.0208377743414871,0.8176,"11","hexamethylene bis-acetamide inducible 2"
"Samd4",0.0208214741321529,0.8856,"14","sterile alpha motif domain containing 4"
"Cpsf2",0.0208094620213508,0.7592,"12","cleavage and polyadenylation specific factor 2"
"Borcs5",0.0207966226740339,0.8556,"6","BLOC-1 related complex subunit 5"
"Oaz3",0.020784404279949,0.904,"3","ornithine decarboxylase antizyme 3"
"Tmed9",0.0207756607061578,0.8364,"13","transmembrane p24 trafficking protein 9"
"Prpf18",0.0207707798409098,0.6992,"2","pre-mRNA processing factor 18"
"Sybu",0.0207706913629577,0.8008,"15","syntabulin (syntaxin-interacting)"
"Foxk1",-0.0207586876909609,0.8364,"5","forkhead box K1"
"Olig2",0.0207421362709335,0.9064,"16","oligodendrocyte transcription factor 2"
"Nrp1",0.020736984657062,0.82,"8","neuropilin 1"
"Mbtps1",0.0207162534840535,0.6268,"8","membrane-bound transcription factor peptidase, site 1"
"Fam227a",0.0207144165119053,0.9196,"15","family with sequence similarity 227, member A"
"Mark2",0.0207136147581606,0.7892,"19","MAP/microtubule affinity regulating kinase 2"
"Foxj3",0.0206862927503426,0.7296,"4","forkhead box J3"
"Mcm8",-0.0206833580769041,0.8924,"2","minichromosome maintenance 8 homologous recombination repair factor"
"Trim8",-0.0206735998321417,0.8056,"19","tripartite motif-containing 8"
"Klhdc7a",-0.020672574988704,0.8732,"4","kelch domain containing 7A"
"Psmc2",0.0206676751376484,0.8156,"5","proteasome (prosome, macropain) 26S subunit, ATPase 2"
"Alg2",0.0206641918382768,0.8764,"4","asparagine-linked glycosylation 2 (alpha-1,3-mannosyltransferase)"
"Plxnb1",-0.0206544690457324,0.8628,"9","plexin B1"
"Tomm70a",0.0206540221087064,0.882,"16","translocase of outer mitochondrial membrane 70A"
"Armc8",0.0206119354091276,0.7332,"9","armadillo repeat containing 8"
"Usp7",0.0206113483413377,0.8712,"16","ubiquitin specific peptidase 7"
"Kmt2b",-0.0205825763153884,0.916,"7","lysine (K)-specific methyltransferase 2B"
"Vapb",-0.0205770157890948,0.7004,"2","vesicle-associated membrane protein, associated protein B and C"
"Ubtd1",-0.0205755183764893,0.876,"19","ubiquitin domain containing 1"
"Lsm14b",0.0205668211571259,0.762,"2","LSM family member 14B"
"Scoc",0.0205501936729231,0.8296,"8","short coiled-coil protein"
"Urb1",0.0205482936846675,0.854,"16","URB1 ribosome biogenesis 1 homolog (S. cerevisiae)"
"Cyp2j6",0.0205381204060773,0.8816,"4","cytochrome P450, family 2, subfamily j, polypeptide 6"
"Ube2j1",-0.0205362621635574,0.7336,"4","ubiquitin-conjugating enzyme E2J 1"
"Slc1a4",-0.0205084077827857,0.7244,"11","solute carrier family 1 (glutamate/neutral amino acid transporter), member 4"
"Pard6a",0.0204928051760618,0.9008,"8","par-6 family cell polarity regulator alpha"
"Mxra7",-0.0204860918775309,0.7864,"11","matrix-remodelling associated 7"
"Cpox",-0.0204851396532915,0.88,"16","coproporphyrinogen oxidase"
"Slc39a3",-0.0204835008778126,0.8248,"10","solute carrier family 39 (zinc transporter), member 3"
"Slc13a3",-0.0204655990882761,0.9096,"2","solute carrier family 13 (sodium-dependent dicarboxylate transporter), member 3"
"Zbtb40",0.0204634389458844,0.8964,"4","zinc finger and BTB domain containing 40"
"Kcnh3",0.0204602035451202,0.9056,"15","potassium voltage-gated channel, subfamily H (eag-related), member 3"
"Lonrf2",0.0204472071252608,0.6676,"1","LON peptidase N-terminal domain and ring finger 2"
"Rpl7l1",-0.020443369140315,0.8572,"17","ribosomal protein L7-like 1"
"Cpne4",0.0204365221981293,0.916,"9","copine IV"
"Map6d1",0.0204323096088519,0.8124,"16","MAP6 domain containing 1"
"Luc7l2",0.0204228786158964,0.9088,"6","LUC7-like 2 (S. cerevisiae)"
"Ttpal",-0.0203874306612448,0.704,"2","tocopherol (alpha) transfer protein-like"
"Sall3",-0.0203768392987995,0.8716,"18","spalt like transcription factor 3"
"Nln",0.0203721155052676,0.868,"13","neurolysin (metallopeptidase M3 family)"
"Dlg2",-0.0203654664883199,0.8348,"7","discs large MAGUK scaffold protein 2"
"Slc25a20",0.020362054360334,0.832,"9","solute carrier family 25 (mitochondrial carnitine/acylcarnitine translocase), member 20"
"Alkbh2",-0.0203567331639871,0.9372,"5","alkB homolog 2, alpha-ketoglutarate-dependent dioxygenase"
"Myh9",-0.0203077822878059,0.828,"15","myosin, heavy polypeptide 9, non-muscle"
"Insr",-0.0203009809671659,0.9288,"8","insulin receptor"
"Sv2a",-0.0203002071678622,0.8056,"3","synaptic vesicle glycoprotein 2 a"
"Otub2",0.0202900083005115,0.8456,"12","OTU domain, ubiquitin aldehyde binding 2"
"Syde2",0.0202719486032721,0.904,"3","synapse defective 1, Rho GTPase, homolog 2 (C. elegans)"
"Bcor",-0.0202411437414236,0.8128,"X","BCL6 interacting corepressor"
"Katnal2",-0.0202382493362498,0.8988,"18","katanin p60 subunit A-like 2"
"D11Wsu47e",0.0202135509568873,0.856,"11","DNA segment, Chr 11, Wayne State University 47, expressed"
"Fam172a",0.0202010563876689,0.8628,"13","family with sequence similarity 172, member A"
"Usp2",0.0202010004800561,0.8484,"9","ubiquitin specific peptidase 2"
"Eml1",-0.0201985075751212,0.7224,"12","echinoderm microtubule associated protein like 1"
"Ldha",0.0201801792022298,0.8524,"7","lactate dehydrogenase A"
"Cdc5l",-0.0201607643781818,0.8556,"17","cell division cycle 5-like (S. pombe)"
"Kpna4",-0.0201585766520465,0.8908,"3","karyopherin (importin) alpha 4"
"Gnai2",-0.020152642940217,0.8708,"9","guanine nucleotide binding protein (G protein), alpha inhibiting 2"
"Rasal1",0.0201503657001147,0.8756,"5","RAS protein activator like 1 (GAP1 like)"
"Gadd45b",-0.0201450383121156,0.9184,"10","growth arrest and DNA-damage-inducible 45 beta"
"L3mbtl2",-0.0201442334410329,0.8408,"15","L3MBTL2 polycomb repressive complex 1 subunit"
"Mapk14",0.0201360384479399,0.712,"17","mitogen-activated protein kinase 14"
"Sema3c",0.0201308808336993,0.8896,"5","sema domain, immunoglobulin domain (Ig), short basic domain, secreted, (semaphorin) 3C"
"Gemin7",0.0201253563555408,0.9404,"7","gem nuclear organelle associated protein 7"
"Gpx4",0.0201201358721468,0.884,"10","glutathione peroxidase 4"
"Nwd2",-0.0201150162177166,0.9056,"5","NACHT and WD repeat domain containing 2"
"Etfdh",0.0201111631525208,0.8688,"3","electron transferring flavoprotein, dehydrogenase"
"Zfp827",0.0201066719150838,0.7816,"8","zinc finger protein 827"
"Ep400",-0.0200954024388569,0.8808,"5","E1A binding protein p400"
"Prpf6",-0.0200696866191468,0.8248,"2","pre-mRNA splicing factor 6"
"Neurl1a",0.0200524983960078,0.872,"19","neuralized E3 ubiquitin protein ligase 1A"
"Stoml1",-0.0200506277949186,0.8364,"9","stomatin-like 1"
"Zdhhc14",0.0200225636387659,0.788,"17","zinc finger, DHHC domain containing 14"
"Mfsd1",0.0200172237431167,0.7664,"3","major facilitator superfamily domain containing 1"
"Prkaa1",-0.0199911827845929,0.8012,"15","protein kinase, AMP-activated, alpha 1 catalytic subunit"
"Pycr2",-0.0199677438926589,0.9056,"1","pyrroline-5-carboxylate reductase family, member 2"
"Nsmce2",0.019957079975351,0.7784,"15","NSE2/MMS21 homolog, SMC5-SMC6 complex SUMO ligase"
"Eno2",-0.0199549393969214,0.854,"6","enolase 2, gamma neuronal"
"Fam131b",-0.0199445914399474,0.8244,"6","family with sequence similarity 131, member B"
"Cd109",-0.0199434275347214,0.9744,"9","CD109 antigen"
"Tnks1bp1",0.0199426733338131,0.852,"2","tankyrase 1 binding protein 1"
"Zfp157",-0.0199305825026705,0.8524,"5","zinc finger protein 157"
"Hira",-0.0199140707208514,0.6904,"16","histone cell cycle regulator"
"Timm17a",-0.0199076572262182,0.8392,"1","translocase of inner mitochondrial membrane 17a"
"Foxred2",-0.0198894433222065,0.8604,"15","FAD-dependent oxidoreductase domain containing 2"
"Ubxn11",0.0198774418500056,0.9284,"4","UBX domain protein 11"
"Scyl3",0.0198661981375734,0.894,"1","SCY1-like 3 (S. cerevisiae)"
"St6galnac5",0.0198264084580781,0.8148,"3","ST6 (alpha-N-acetyl-neuraminyl-2,3-beta-galactosyl-1,3)-N-acetylgalactosaminide alpha-2,6-sialyltransferase 5"
"Rnf4",-0.0198253106934843,0.8024,"5","ring finger protein 4"
"Rplp2",-0.0198116448256842,0.8996,"7","ribosomal protein, large P2"
"Calu",-0.0197847290683084,0.8108,"6","calumenin"
"Gpld1",-0.0197825870141006,0.8656,"13","glycosylphosphatidylinositol specific phospholipase D1"
"Hmgb3",0.0197768334163726,0.8672,"X","high mobility group box 3"
"Secisbp2l",-0.0197686379587276,0.832,"2","SECIS binding protein 2-like"
"Polr2m",0.0197652363188396,0.8784,"9","polymerase (RNA) II (DNA directed) polypeptide M"
"Trim62",-0.0197623888350713,0.7648,"4","tripartite motif-containing 62"
"Iqgap2",0.0197417954373718,0.944,"13","IQ motif containing GTPase activating protein 2"
"Zcchc24",-0.0197110612456761,0.9248,"14","zinc finger, CCHC domain containing 24"
"Ext2",0.0196970943173103,0.8436,"2","exostosin glycosyltransferase 2"
"Brpf1",-0.0196724086451852,0.8028,"6","bromodomain and PHD finger containing, 1"
"Dido1",0.0196711707812636,0.8752,"2","death inducer-obliterator 1"
"Sqor",-0.0196671730852422,0.906,"2","sulfide quinone oxidoreductase"
"Nkain2",0.0196634994172209,0.7696,"10","Na+/K+ transporting ATPase interacting 2"
"Klhl18",0.0196252540598243,0.7716,"9","kelch-like 18"
"Bbc3",0.0195999202952715,0.924,"7","BCL2 binding component 3"
"Cd47",0.0195853988702872,0.8584,"16","CD47 antigen (Rh-related antigen, integrin-associated signal transducer)"
"Snx18",0.0195734365906395,0.8228,"13","sorting nexin 18"
"Traf3",0.0195617218136013,0.7472,"12","TNF receptor-associated factor 3"
"Inf2",0.0195584236924056,0.8036,"12","inverted formin, FH2 and WH2 domain containing"
"Rpl28",0.0195403210009033,0.9272,"7","ribosomal protein L28"
"Actr3b",0.0195329605527288,0.8352,"5","ARP3 actin-related protein 3B"
"Bcar1",-0.01952810067879,0.88,"8","breast cancer anti-estrogen resistance 1"
"Dyrk3",0.0195210297194341,0.8504,"1","dual-specificity tyrosine-(Y)-phosphorylation regulated kinase 3"
"Mapkbp1",-0.019510830233938,0.9152,"2","mitogen-activated protein kinase binding protein 1"
"Atg4b",-0.0195077872965026,0.7312,"1","autophagy related 4B, cysteine peptidase"
"Pacsin1",-0.0194923260895496,0.6848,"17","protein kinase C and casein kinase substrate in neurons 1"
"Ncoa6",0.0194831386213892,0.8432,"2","nuclear receptor coactivator 6"
"Mtpn",0.0194718638375146,0.8172,"6","myotrophin"
"Nav1",-0.0194669323941428,0.926,"1","neuron navigator 1"
"Zfp46",0.0194639725229706,0.8624,"4","zinc finger protein 46"
"Shc2",-0.0194497742597379,0.8748,"10","SHC (Src homology 2 domain containing) transforming protein 2"
"Tubb3",-0.0194390657341161,0.872,"8","tubulin, beta 3 class III"
"Tmem238",-0.0194327845526741,0.9392,"7","transmembrane protein 238"
"Eif3c",-0.0194169818187087,0.8256,"7","eukaryotic translation initiation factor 3, subunit C"
"Septin6",0.0194141542954513,0.8284,"X","septin 6"
"Notch1",0.0194139787301726,0.9312,"2","notch 1"
"Sike1",-0.0194102998169452,0.8488,"3","suppressor of IKBKE 1"
"Paics",0.0194088571586795,0.8496,"5","phosphoribosylaminoimidazole carboxylase, phosphoribosylaminoribosylaminoimidazole, succinocarboxamide synthetase"
"Cmc2",0.0194067417856676,0.8904,"8","COX assembly mitochondrial protein 2"
"Amph",-0.0194036062353966,0.88,"13","amphiphysin"
"Nemf",0.0193942490924712,0.8,"12","nuclear export mediator factor"
"Lypd6",-0.0193925098988466,0.8512,"2","LY6/PLAUR domain containing 6"
"Nat14",0.0193921653494531,0.83,"7","N-acetyltransferase 14"
"Dact1",0.0193844829659042,0.964,"12","dishevelled-binding antagonist of beta-catenin 1"
"Cxadr",-0.0193718298202863,0.9068,"16","coxsackie virus and adenovirus receptor"
"Gna11",0.0193567804065671,0.9016,"10","guanine nucleotide binding protein, alpha 11"
"Hmg20a",0.0193413649714476,0.6784,"9","high mobility group 20A"
"A230072C01Rik",0.0193337942061076,0.8948,"X","RIKEN cDNA A230072C01 gene"
"Fgf11",0.0193285885207635,0.9592,"11","fibroblast growth factor 11"
"Top3a",0.0193175558751233,0.88,"11","topoisomerase (DNA) III alpha"
"Dusp22",0.0193131678890532,0.8072,"13","dual specificity phosphatase 22"
"Fabp3",-0.0193067215570055,0.864,"4","fatty acid binding protein 3, muscle and heart"
"Usp11",0.0192986413708729,0.8008,"X","ubiquitin specific peptidase 11"
"Thsd7a",-0.0192968350886398,0.88,"6","thrombospondin, type I, domain containing 7A"
"Phf8",-0.0192893852758678,0.8344,"X","PHD finger protein 8"
"Amer3",0.0192811148960406,0.7472,"1","APC membrane recruitment 3"
"Cycs",0.0192738595049819,0.8672,"6","cytochrome c, somatic"
"Hnrnpf",-0.0192711766745282,0.8312,"6","heterogeneous nuclear ribonucleoprotein F"
"Ilrun",0.0192696482331183,0.8388,"17","inflammation and lipid regulator with UBA-like and NBR1-like domains"
"Mmab",-0.0192443331091736,0.7964,"5","methylmalonic aciduria (cobalamin deficiency) cblB type homolog (human)"
"Fam122b",0.0192407013544806,0.868,"X","family with sequence similarity 122, member B"
"Ubxn8",-0.0192357900993718,0.8996,"8","UBX domain protein 8"
"Ppp2r5e",-0.0192346662598721,0.746,"12","protein phosphatase 2, regulatory subunit B', epsilon"
"Bok",0.0192344254032735,0.9288,"1","BCL2-related ovarian killer"
"Ddost",-0.0192233431709088,0.864,"4","dolichyl-di-phosphooligosaccharide-protein glycotransferase"
"Gm14305",-0.0192159281269477,0.92,"2","predicted gene 14305"
"Map3k20",-0.0191942075139941,0.9036,"2","mitogen-activated protein kinase kinase kinase 20"
"Specc1",-0.0191925868879244,0.752,"11","sperm antigen with calponin homology and coiled-coil domains 1"
"Arhgap10",-0.0191544409178506,0.794,"8","Rho GTPase activating protein 10"
"Ube2h",0.0191474698101741,0.7608,"6","ubiquitin-conjugating enzyme E2H"
"Rsph3a",0.0191426981869922,0.93,"17","radial spoke 3A homolog (Chlamydomonas)"
"Strn3",0.0191232467025726,0.7612,"12","striatin, calmodulin binding protein 3"
"Vps37a",0.0191224927270248,0.8844,"8","vacuolar protein sorting 37A"
"Nt5dc2",0.0191202283150065,0.8608,"14","5'-nucleotidase domain containing 2"
"Tmem168",-0.0191163486600079,0.872,"6","transmembrane protein 168"
"Akap13",0.0191115180025552,0.9404,"7","A kinase (PRKA) anchor protein 13"
"Septin8",0.0190968951084827,0.7052,"11","septin 8"
"Morn2",-0.0190861181749069,0.8992,"17","MORN repeat containing 2"
"Pacs2",-0.0190833003432216,0.8756,"12","phosphofurin acidic cluster sorting protein 2"
"Bcl9",-0.0190635443933278,0.8692,"3","B cell CLL/lymphoma 9"
"Mrpl58",0.0190462036282568,0.822,"11","mitochondrial ribosomal protein L58"
"Map7d2",-0.0190328836326241,0.8544,"X","MAP7 domain containing 2"
"Frmd4a",0.0190281634071887,0.896,"2","FERM domain containing 4A"
"Zfp428",-0.0190177398891542,0.8976,"7","zinc finger protein 428"
"Pja1",0.0190163946759343,0.806,"X","praja ring finger ubiquitin ligase 1"
"Zfp592",-0.0190038837559259,0.878,"7","zinc finger protein 592"
"Npas3",0.0190031656810539,0.8644,"12","neuronal PAS domain protein 3"
"Fkbp3",0.0189868946577709,0.8536,"12","FK506 binding protein 3"
"Ppm1m",0.0189577397588203,0.8732,"9","protein phosphatase 1M"
"Elavl3",0.0189289403278163,0.8136,"9","ELAV like RNA binding protein 3"
"Limk1",-0.0189265147939883,0.7916,"5","LIM-domain containing, protein kinase"
"Adcy5",-0.0189247607934195,0.6684,"16","adenylate cyclase 5"
"Zfp317",-0.0189207056091512,0.8192,"9","zinc finger protein 317"
"Lars",0.0189155852190437,0.7316,"18","leucyl-tRNA synthetase"
"Syncrip",0.0189116973647483,0.8628,"9","synaptotagmin binding, cytoplasmic RNA interacting protein"
"Anapc1",-0.0189068253299745,0.8408,"2","anaphase promoting complex subunit 1"
"Plp1",-0.0189041556586318,0.926,"X","proteolipid protein (myelin) 1"
"Kansl2",-0.0188847660495322,0.83,"15","KAT8 regulatory NSL complex subunit 2"
"Tfip11",-0.0188787436671802,0.7708,"5","tuftelin interacting protein 11"
"Rer1",-0.0188775261608365,0.8928,"4","retention in endoplasmic reticulum sorting receptor 1"
"U2af2",-0.0188771969115002,0.7832,"7","U2 small nuclear ribonucleoprotein auxiliary factor (U2AF) 2"
"Tmem203",0.0188601492785518,0.8944,"2","transmembrane protein 203"
"Rragc",-0.0188545685794388,0.8636,"4","Ras-related GTP binding C"
"Kdm6b",0.0188502128203698,0.928,"11","KDM1 lysine (K)-specific demethylase 6B"
"Nbl1",-0.0188439841550956,0.8848,"4","NBL1, DAN family BMP antagonist"
"Hopx",0.0188406737519333,0.8712,"5","HOP homeobox"
"Glmp",-0.0188398246812733,0.902,"3","glycosylated lysosomal membrane protein"
"Pprc1",0.0188306677011525,0.9576,"19","peroxisome proliferative activated receptor, gamma, coactivator-related 1"
"Pygb",-0.0188289093926244,0.8088,"2","brain glycogen phosphorylase"
"Asnsd1",-0.018825389364034,0.8328,"1","asparagine synthetase domain containing 1"
"Creb1",-0.0188142786563397,0.8568,"1","cAMP responsive element binding protein 1"
"Dcdc2a",0.0188017759066241,0.8096,"13","doublecortin domain containing 2a"
"Cacnb4",-0.018794340091187,0.8876,"2","calcium channel, voltage-dependent, beta 4 subunit"
"Ccdc91",0.0187784371927675,0.9148,"6","coiled-coil domain containing 91"
"Usp38",0.0187566658360927,0.8256,"8","ubiquitin specific peptidase 38"
"Ppp2r3c",-0.0187523234524103,0.8548,"12","protein phosphatase 2, regulatory subunit B'', gamma"
"Dcaf5",-0.0187492189011191,0.6892,"12","DDB1 and CUL4 associated factor 5"
"Fkbp1a",0.0187161772672919,0.8672,"2","FK506 binding protein 1a"
"Sec22c",0.0187110573984226,0.8152,"9","SEC22 homolog C, vesicle trafficking protein"
"Ntf3",0.0187100240708524,0.9044,"6","neurotrophin 3"
"Kctd21",-0.0187051267342024,0.8668,"7","potassium channel tetramerisation domain containing 21"
"Tmem106b",0.018701105043446,0.8884,"6","transmembrane protein 106B"
"Faim",0.0186945124281319,0.8036,"9","Fas apoptotic inhibitory molecule"
"Surf4",-0.0186805163913926,0.8632,"2","surfeit gene 4"
"Exosc7",-0.0186728798414526,0.8668,"9","exosome component 7"
"Tuba4a",-0.0186645546951034,0.8776,"1","tubulin, alpha 4A"
"Paf1",0.0186503096124078,0.8408,"7","Paf1, RNA polymerase II complex component"
"Osgepl1",0.0186395268319108,0.8736,"1","O-sialoglycoprotein endopeptidase-like 1"
"Rtcb",0.0186364572696078,0.7844,"10","RNA 2',3'-cyclic phosphate and 5'-OH ligase"
"Elac2",0.0186341656315685,0.6756,"11","elaC ribonuclease Z 2"
"Ndufaf3",0.0186311816267519,0.8596,"9","NADH:ubiquinone oxidoreductase complex assembly factor 3"
"Lamtor5",0.0186025461909862,0.9164,"3","late endosomal/lysosomal adaptor, MAPK and MTOR activator 5"
"Gdpd1",0.0185979988305878,0.8872,"11","glycerophosphodiester phosphodiesterase domain containing 1"
"Ctsb",0.0185788791603372,0.8956,"14","cathepsin B"
"Prkcz",0.0185542363688631,0.7552,"4","protein kinase C, zeta"
"Frzb",0.0185444731410174,0.924,"2","frizzled-related protein"
"Las1l",-0.0185443095898581,0.7944,"X","LAS1-like (S. cerevisiae)"
"C030029H02Rik",0.0185397118567341,0.9004,"7","RIKEN cDNA C030029H02 gene"
"Gpx1",0.0185364516240734,0.872,"9","glutathione peroxidase 1"
"Strip1",-0.0185246712787128,0.7672,"3","striatin interacting protein 1"
"8030462N17Rik",-0.0185157116895569,0.8148,"18","RIKEN cDNA 8030462N17 gene"
"Ebp",0.0185080432989686,0.8492,"X","phenylalkylamine Ca2+ antagonist (emopamil) binding protein"
"Scrt2",0.0184928489544181,0.9016,"2","scratch family zinc finger 2"
"Zmym5",0.0184709114163519,0.882,"14","zinc finger, MYM-type 5"
"Nmnat2",-0.0184576720144953,0.7672,"1","nicotinamide nucleotide adenylyltransferase 2"
"Pacsin3",0.0184548705305785,0.8768,"2","protein kinase C and casein kinase substrate in neurons 3"
"Spata2l",-0.0184514611959852,0.8476,"8","spermatogenesis associated 2-like"
"Kif5b",-0.0184418189568341,0.778,"18","kinesin family member 5B"
"Cdk6",0.018433880758937,0.9452,"5","cyclin-dependent kinase 6"
"Fchsd2",0.0184300031004634,0.8216,"7","FCH and double SH3 domains 2"
"Flad1",-0.0183955229922459,0.8548,"3","flavin adenine dinucleotide synthetase 1"
"Ctcf",0.0183883090221197,0.7868,"8","CCCTC-binding factor"
"Tmem266",0.0183861596518011,0.9088,"9","transmembrane protein 266"
"Cebpz",0.0183762345534184,0.8524,"17","CCAAT/enhancer binding protein zeta"
"Oxsr1",0.018372073538651,0.8852,"9","oxidative-stress responsive 1"
"Rexo1",-0.0183659216487415,0.8376,"10","REX1, RNA exonuclease 1"
"Cd63",-0.0183537866534378,0.9104,"10","CD63 antigen"
"Elac1",0.0183495325556544,0.7888,"18","elaC ribonuclease Z 1"
"Hivep2",-0.0183392179949724,0.8596,"10","human immunodeficiency virus type I enhancer binding protein 2"
"Creg2",-0.018337928350908,0.9348,"1","cellular repressor of E1A-stimulated genes 2"
"Dbndd2",0.0183316123615498,0.9472,"2","dysbindin (dystrobrevin binding protein 1) domain containing 2"
"Hdgfl3",0.0183141779892297,0.862,"7","HDGF like 3"
"Uxs1",-0.0183123988823768,0.7824,"1","UDP-glucuronate decarboxylase 1"
"Gpbp1l1",-0.0182949707558677,0.8372,"4","GC-rich promoter binding protein 1-like 1"
"Glrb",0.0182941877222937,0.8712,"3","glycine receptor, beta subunit"
"Zfp512",-0.01824587062415,0.7456,"5","zinc finger protein 512"
"Slc35e3",-0.0182105469027984,0.8364,"10","solute carrier family 35, member E3"
"Letm2",0.0182035625653993,0.9124,"8","leucine zipper-EF-hand containing transmembrane protein 2"
"Smc6",0.0182017933901832,0.8464,"12","structural maintenance of chromosomes 6"
"Cacna1c",0.0181815919766608,0.9352,"6","calcium channel, voltage-dependent, L type, alpha 1C subunit"
"Oprl1",-0.018181575046146,0.882,"2","opioid receptor-like 1"
"Atxn2",0.0181788553771973,0.7664,"5","ataxin 2"
"Adipor1",-0.0181783309984525,0.856,"1","adiponectin receptor 1"
"Sdr42e1",-0.0181599353720112,0.8424,"8","short chain dehydrogenase/reductase family 42E, member 1"
"Tsen54",0.0181503957180231,0.932,"11","tRNA splicing endonuclease subunit 54"
"Ctns",0.018144135075457,0.892,"11","cystinosis, nephropathic"
"Neto1",0.0181256197835511,0.8912,"18","neuropilin (NRP) and tolloid (TLL)-like 1"
"Cfap74",0.0181000221212804,0.9412,"4","cilia and flagella associated protein 74"
"Slc9a7",-0.0180761663931328,0.8184,"X","solute carrier family 9 (sodium/hydrogen exchanger), member 7"
"Lpar1",0.0180746238093503,0.948,"4","lysophosphatidic acid receptor 1"
"Lrrc7",-0.0180724889569275,0.9208,"3","leucine rich repeat containing 7"
"Drc3",0.0180523999707494,0.91,"11","dynein regulatory complex subunit 3"
"Ctc1",-0.0180519531786443,0.7256,"11","CTS telomere maintenance complex component 1"
"Gphn",0.0180355022985621,0.838,"12","gephyrin"
"Ssrp1",-0.0179935732232188,0.8164,"2","structure specific recognition protein 1"
"Nacc1",-0.0179909501525399,0.8392,"8","nucleus accumbens associated 1, BEN and BTB (POZ) domain containing"
"Luzp2",-0.0179843054718072,0.8532,"7","leucine zipper protein 2"
"Adamtsl4",-0.0179570200174681,0.9584,"3","ADAMTS-like 4"
"Dnajc27",-0.0179434512747374,0.9016,"12","DnaJ heat shock protein family (Hsp40) member C27"
"Dcun1d1",0.0179420662156389,0.796,"3","DCN1, defective in cullin neddylation 1, domain containing 1 (S. cerevisiae)"
"Slc4a3",0.0179329160298343,0.7824,"1","solute carrier family 4 (anion exchanger), member 3"
"Gpd1",0.0179210229051998,0.852,"15","glycerol-3-phosphate dehydrogenase 1 (soluble)"
"Idh2",0.0179205924989549,0.8324,"7","isocitrate dehydrogenase 2 (NADP+), mitochondrial"
"Fndc1",0.0179195926234401,0.926,"17","fibronectin type III domain containing 1"
"Cpt1c",0.0179052689447543,0.8232,"7","carnitine palmitoyltransferase 1c"
"Lrfn4",0.0178960578675396,0.7648,"19","leucine rich repeat and fibronectin type III domain containing 4"
"Abhd6",0.0178926903151426,0.85,"14","abhydrolase domain containing 6"
"Etnk1",-0.017885566792585,0.9152,"6","ethanolamine kinase 1"
"Atl3",-0.0178682190859689,0.8852,"19","atlastin GTPase 3"
"Acsl6",0.0178359134120658,0.7364,"11","acyl-CoA synthetase long-chain family member 6"
"Adgra2",-0.0178277665119664,0.9064,"8","adhesion G protein-coupled receptor A2"
"Rin2",0.0178189980875167,0.8656,"2","Ras and Rab interactor 2"
"Rin2",0.0178189980875167,0.8656,"2","Ras and Rab interactor 2"
"Pde2a",0.0178007085710519,0.88,"7","phosphodiesterase 2A, cGMP-stimulated"
"Kcnn1",-0.0177816870053533,0.8704,"8","potassium intermediate/small conductance calcium-activated channel, subfamily N, member 1"
"Kcnd3",-0.0177723191386594,0.8496,"3","potassium voltage-gated channel, Shal-related family, member 3"
"Akt1s1",0.0177705685447842,0.9028,"7","AKT1 substrate 1 (proline-rich)"
"L1cam",-0.0177648038174825,0.8264,"X","L1 cell adhesion molecule"
"Igfbp5",0.0177642512981659,0.7452,"1","insulin-like growth factor binding protein 5"
"Serac1",0.0177472625669441,0.9572,"17","serine active site containing 1"
"Mylip",-0.0177437127318418,0.8808,"13","myosin regulatory light chain interacting protein"
"Mgrn1",-0.0177408434192587,0.7944,"16","mahogunin, ring finger 1"
"Psmd3",-0.0177371997267057,0.844,"11","proteasome (prosome, macropain) 26S subunit, non-ATPase, 3"
"Acyp1",-0.0177280676542479,0.8512,"12","acylphosphatase 1, erythrocyte (common) type"
"1700066M21Rik",-0.017709892841876,0.8564,"1","RIKEN cDNA 1700066M21 gene"
"Prpsap2",-0.0177040436275391,0.852,"11","phosphoribosyl pyrophosphate synthetase-associated protein 2"
"Elp6",0.0176963264107624,0.848,"9","elongator acetyltransferase complex subunit 6"
"Bag6",0.0176933290140227,0.802,"17","BCL2-associated athanogene 6"
"Cdh20",0.0176928831280283,0.8996,"1","cadherin 20"
"Pcdhb13",0.0176616955926154,0.928,"18","protocadherin beta 13"
"Plekhg5",-0.0176416344516959,0.9196,"4","pleckstrin homology domain containing, family G (with RhoGef domain) member 5"
"Net1",0.0176224333627886,0.8912,"13","neuroepithelial cell transforming gene 1"
"Akap5",0.0176172077988106,0.9316,"12","A kinase (PRKA) anchor protein 5"
"Nsrp1",0.0176153698883956,0.876,"11","nuclear speckle regulatory protein 1"
"Atp9a",-0.0176092182795866,0.8708,"2","ATPase, class II, type 9A"
"Cdk11b",-0.0175984027226113,0.7816,"4","cyclin-dependent kinase 11B"
"Filip1",0.0175885829890374,0.906,"9","filamin A interacting protein 1"
"Cstf1",0.0175760247558969,0.7984,"2","cleavage stimulation factor, 3' pre-RNA, subunit 1"
"Ubxn4",-0.0175637770681805,0.752,"1","UBX domain protein 4"
"Coro6",-0.0175605034212207,0.9632,"11","coronin 6"
"Rab5a",0.017539787375294,0.8816,"17","RAB5A, member RAS oncogene family"
"Slc30a6",-0.0175313082224218,0.8684,"17","solute carrier family 30 (zinc transporter), member 6"
"Spop",0.0175306633786212,0.796,"11","speckle-type BTB/POZ protein"
"Mapk8ip1",0.0175246467559962,0.8364,"2","mitogen-activated protein kinase 8 interacting protein 1"
"Map1b",-0.0175055570942781,0.8792,"13","microtubule-associated protein 1B"
"Dennd1a",-0.0175035300613526,0.8856,"2","DENN/MADD domain containing 1A"
"Lasp1",-0.0175018995042615,0.8644,"11","LIM and SH3 protein 1"
"Mmut",0.0174880066824219,0.8584,"17","methylmalonyl-Coenzyme A mutase"
"Rnf114",0.0174708104764862,0.804,"2","ring finger protein 114"
"Sec23a",0.0174684762023425,0.8676,"12","SEC23 homolog A, COPII coat complex component"
"Pomt2",0.0174666556753689,0.792,"12","protein-O-mannosyltransferase 2"
"Lrrc58",-0.0174609193146198,0.8616,"16","leucine rich repeat containing 58"
"Vstm2l",-0.0174415757131747,0.9084,"2","V-set and transmembrane domain containing 2-like"
"Cdyl2",0.0174366999925519,0.8784,"8","chromodomain protein, Y chromosome-like 2"
"Uqcr11",-0.0174267304884665,0.9068,"10","ubiquinol-cytochrome c reductase, complex III subunit XI"
"Kdm5c",0.0174259714585041,0.8892,"X","lysine (K)-specific demethylase 5C"
"Rps16",0.0174257432464806,0.918,"7","ribosomal protein S16"
"Smim4",0.0174092348405226,0.958,"14","small integral membrane protein 4"
"Fbxw5",0.0174004440730267,0.8716,"2","F-box and WD-40 domain protein 5"
"A2m",0.0173510757984898,0.9424,"6","alpha-2-macroglobulin"
"Abcb6",-0.0173497722537146,0.8088,"1","ATP-binding cassette, sub-family B (MDR/TAP), member 6"
"Champ1",0.0173285848601115,0.7472,"8","chromosome alignment maintaining phosphoprotein 1"
"Rmnd5a",0.0173255663709329,0.832,"6","required for meiotic nuclear division 5 homolog A"
"Cdc42ep4",-0.017325551091206,0.8368,"11","CDC42 effector protein (Rho GTPase binding) 4"
"Smarca2",0.0173098141783736,0.8316,"19","SWI/SNF related, matrix associated, actin dependent regulator of chromatin, subfamily a, member 2"
"C1galt1c1",-0.0173068513245509,0.9012,"X","C1GALT1-specific chaperone 1"
"Galnt1",0.0172976105411182,0.874,"18","polypeptide N-acetylgalactosaminyltransferase 1"
"Gtf2h5",0.0172760499448037,0.8712,"17","general transcription factor IIH, polypeptide 5"
"Zfand5",0.0172758331527589,0.7628,"19","zinc finger, AN1-type domain 5"
"Cep170",0.0172723392178176,0.888,"1","centrosomal protein 170"
"Plch1",-0.0172620724731014,0.9036,"3","phospholipase C, eta 1"
"Ufm1",-0.0172537884084152,0.8416,"3","ubiquitin-fold modifier 1"
"Prrc1",-0.0172338166317818,0.864,"18","proline-rich coiled-coil 1"
"Padi2",-0.0172069485803243,0.9264,"4","peptidyl arginine deiminase, type II"
"Wwox",0.0172040553846684,0.912,"8","WW domain-containing oxidoreductase"
"Adgra3",-0.0172002058960761,0.9084,"5","adhesion G protein-coupled receptor A3"
"Wfs1",0.0171999512551837,0.938,"5","wolframin ER transmembrane glycoprotein"
"Nefh",-0.0171964329090066,0.8624,"11","neurofilament, heavy polypeptide"
"Hsd3b7",0.0171892055843972,0.9332,"7","hydroxy-delta-5-steroid dehydrogenase, 3 beta- and steroid delta-isomerase 7"
"Plpp1",-0.0171786950425861,0.8996,"13","phospholipid phosphatase 1"
"Gria1",0.0171738197725197,0.8508,"11","glutamate receptor, ionotropic, AMPA1 (alpha 1)"
"Tmem176a",-0.0171723123969416,0.8792,"6","transmembrane protein 176A"
"Psph",0.0171653004540513,0.854,"5","phosphoserine phosphatase"
"Tnfrsf21",-0.0171451881333544,0.8508,"17","tumor necrosis factor receptor superfamily, member 21"
"Zfyve26",0.0171074259795789,0.8756,"12","zinc finger, FYVE domain containing 26"
"Tprkb",0.0170883372601836,0.7564,"6","Tp53rk binding protein"
"Acvr1b",-0.0170811017481274,0.8548,"15","activin A receptor, type 1B"
"Dhrs3",-0.0170619928850657,0.9232,"4","dehydrogenase/reductase (SDR family) member 3"
"Ezh2",-0.0170408445867198,0.8616,"6","enhancer of zeste 2 polycomb repressive complex 2 subunit"
"Tro",-0.0170394539086534,0.914,"X","trophinin"
"Pick1",0.0170384859856068,0.8596,"15","protein interacting with C kinase 1"
"Kif1c",-0.0170279398988704,0.8972,"11","kinesin family member 1C"
"Prex2",0.0170220454263408,0.9236,"1","phosphatidylinositol-3,4,5-trisphosphate-dependent Rac exchange factor 2"
"Klf8",-0.0170210678815894,0.8988,"X","Kruppel-like factor 8"
"Bcl2l2",-0.0170134134607469,0.7396,"14","BCL2-like 2"
"5730455P16Rik",-0.0170110100448175,0.8384,"11","RIKEN cDNA 5730455P16 gene"
"S100a1",0.0170094297212922,0.9316,"3","S100 calcium binding protein A1"
"Numb",-0.0170006295308509,0.8376,"12","NUMB endocytic adaptor protein"
"Cyb5d1",0.0169961527287015,0.8052,"11","cytochrome b5 domain containing 1"
"Prkd2",-0.0169881787879143,0.9164,"7","protein kinase D2"
"Slc25a10",-0.0169656549280539,0.8764,"11","solute carrier family 25 (mitochondrial carrier, dicarboxylate transporter), member 10"
"Slc22a15",-0.0169531497891207,0.9076,"3","solute carrier family 22 (organic anion/cation transporter), member 15"
"Brap",0.0169498189226296,0.588,"5","BRCA1 associated protein"
"Ranbp3",-0.0169369302597664,0.864,"17","RAN binding protein 3"
"Rap2c",-0.0169354541266289,0.864,"X","RAP2C, member of RAS oncogene family"
"Snap29",-0.0169314351651568,0.9016,"16","synaptosomal-associated protein 29"
"Polr2a",-0.0169302947566203,0.8992,"11","polymerase (RNA) II (DNA directed) polypeptide A"
"Cep170b",-0.0169262381122337,0.7968,"12","centrosomal protein 170B"
"Atxn1",0.0169250836917954,0.906,"13","ataxin 1"
"Sntg1",0.0169031361106162,0.9392,"1","syntrophin, gamma 1"
"Shc3",-0.0168985918983351,0.872,"13","src homology 2 domain-containing transforming protein C3"
"Sphkap",-0.0168711174062368,0.8644,"1","SPHK1 interactor, AKAP domain containing"
"Sesn2",-0.0168708143711305,0.8808,"4","sestrin 2"
"Wbp2",0.0168676941986821,0.884,"11","WW domain binding protein 2"
"Txndc11",0.0168545455667575,0.8936,"16","thioredoxin domain containing 11"
"Luc7l",0.0168527828120881,0.8596,"17","Luc7-like"
"Mmp24",-0.0168517650919515,0.9136,"2","matrix metallopeptidase 24"
"Tbc1d10a",0.0168274277963798,0.8192,"11","TBC1 domain family, member 10a"
"Yipf3",-0.0168243296967541,0.894,"17","Yip1 domain family, member 3"
"Srxn1",0.016808461516149,0.8488,"2","sulfiredoxin 1 homolog (S. cerevisiae)"
"Entpd2",-0.0168054522841894,0.9256,"2","ectonucleoside triphosphate diphosphohydrolase 2"
"Elmo2",0.0168039614257216,0.78,"2","engulfment and cell motility 2"
"Shank1",0.0168020899338828,0.9808,"7","SH3 and multiple ankyrin repeat domains 1"
"Dcaf7",-0.0167891115352905,0.8104,"11","DDB1 and CUL4 associated factor 7"
"Tmem230",-0.0167785472351265,0.8536,"2","transmembrane protein 230"
"Mfhas1",-0.0167704776748314,0.8684,"8","malignant fibrous histiocytoma amplified sequence 1"
"Acvr2b",0.0167603656795343,0.924,"9","activin receptor IIB"
"Arhgap1",-0.0167499526113808,0.8424,"2","Rho GTPase activating protein 1"
"Poldip2",-0.01674234650788,0.8872,"11","polymerase (DNA-directed), delta interacting protein 2"
"Dazap2",0.0167386939246557,0.8484,"15","DAZ associated protein 2"
"Atp6v1c1",0.0167383907802252,0.8164,"15","ATPase, H+ transporting, lysosomal V1 subunit C1"
"Klhdc3",0.0167334547865687,0.8292,"17","kelch domain containing 3"
"Atp8b2",0.0167100296560356,0.912,"3","ATPase, class I, type 8B, member 2"
"Dhrs4",0.016700831574703,0.874,"14","dehydrogenase/reductase (SDR family) member 4"
"Cdk5rap3",0.0166971981919923,0.8008,"11","CDK5 regulatory subunit associated protein 3"
"Nr1d2",0.0166955982665167,0.9224,"14","nuclear receptor subfamily 1, group D, member 2"
"Ccp110",-0.016672700319873,0.9616,"7","centriolar coiled coil protein 110"
"Mrps2",-0.016672407675153,0.8328,"2","mitochondrial ribosomal protein S2"
"Wls",-0.0166708145644208,0.9472,"3","wntless WNT ligand secretion mediator"
"Mrfap1",0.0166642024224668,0.9016,"5","Morf4 family associated protein 1"
"Unc13b",-0.0166396549446688,0.9548,"4","unc-13 homolog B"
"Unc119",-0.0166365068172531,0.9324,"11","unc-119 lipid binding chaperone"
"Plcd3",0.0166346720643245,0.9148,"11","phospholipase C, delta 3"
"Pex11b",0.0166194809796094,0.9208,"3","peroxisomal biogenesis factor 11 beta"
"Myd88",-0.0166067362877205,0.8704,"9","myeloid differentiation primary response gene 88"
"Ccdc92b",-0.0165893145154339,0.9172,"11","coiled-coil domain containing 92B"
"Atg4d",-0.0165873382816546,0.8992,"9","autophagy related 4D, cysteine peptidase"
"Mansc1",-0.016564524714783,0.808,"6","MANSC domain containing 1"
"Marchf4",0.0165638307173657,0.8668,"1","membrane associated ring-CH-type finger 4"
"Kpnb1",-0.0165585743608405,0.718,"11","karyopherin (importin) beta 1"
"Clcn4",-0.0165448401646824,0.7344,"7","chloride channel, voltage-sensitive 4"
"Suco",0.0165371610422662,0.8212,"1","SUN domain containing ossification factor"
"Rab26",0.0165200523436457,0.8656,"17","RAB26, member RAS oncogene family"
"Limch1",-0.0164895087269317,0.8104,"5","LIM and calponin homology domains 1"
"Rab33b",0.0164894858557343,0.8628,"3","RAB33B, member RAS oncogene family"
"Gabrb2",0.0164770766608298,0.872,"11","gamma-aminobutyric acid (GABA) A receptor, subunit beta 2"
"Zbtb4",0.0164631026366955,0.8572,"11","zinc finger and BTB domain containing 4"
"Fam199x",-0.0164486364256646,0.8776,"X","family with sequence similarity 199, X-linked"
"Wdr59",-0.0164364854707406,0.8456,"8","WD repeat domain 59"
"Gramd4",0.0164261436868003,0.8144,"15","GRAM domain containing 4"
"Slc44a2",0.0164159258343162,0.8092,"9","solute carrier family 44, member 2"
"Grk6",-0.0164069894407621,0.7628,"13","G protein-coupled receptor kinase 6"
"Sun1",0.0164035198677306,0.8296,"5","Sad1 and UNC84 domain containing 1"
"Ptpro",0.0163901520827014,0.8756,"6","protein tyrosine phosphatase, receptor type, O"
"Gda",0.0163834729044687,0.8852,"19","guanine deaminase"
"Mark3",0.0163816271994524,0.6688,"12","MAP/microtubule affinity regulating kinase 3"
"Cntln",-0.0163739229760194,0.8352,"4","centlein, centrosomal protein"
"Oscp1",0.0163675427568073,0.8484,"4","organic solute carrier partner 1"
"Cry2",-0.016339117715658,0.8644,"2","cryptochrome 2 (photolyase-like)"
"Efnb3",-0.0163328744266353,0.8912,"11","ephrin B3"
"Dynlt3",-0.0163294912901444,0.8336,"X","dynein light chain Tctex-type 3"
"Arhgdig",0.0163292191576456,0.928,"17","Rho GDP dissociation inhibitor (GDI) gamma"
"Tmed4",0.0163227916238631,0.834,"11","transmembrane p24 trafficking protein 4"
"Naa30",0.0163208580022456,0.7856,"14","N(alpha)-acetyltransferase 30, NatC catalytic subunit"
"Nin",0.0163161245080259,0.9348,"12","ninein"
"Akain1",-0.0163141806135707,0.8544,"17","A kinase (PRKA) anchor inhibitor 1"
"Dhx33",0.0163108282286224,0.8892,"11","DEAH (Asp-Glu-Ala-His) box polypeptide 33"
"Clptm1l",0.0163046827552416,0.7664,"13","CLPTM1-like"
"Tspan3",0.016301728115157,0.9084,"9","tetraspanin 3"
"Ccdc127",0.0162908311616023,0.7884,"13","coiled-coil domain containing 127"
"Colgalt1",0.0162832993530149,0.712,"8","collagen beta(1-O)galactosyltransferase 1"
"Chdh",0.0162509778592597,0.9,"14","choline dehydrogenase"
"Erap1",0.0162484451827938,0.8952,"13","endoplasmic reticulum aminopeptidase 1"
"Sdf4",-0.0162418780412308,0.8692,"4","stromal cell derived factor 4"
"Pnpla2",0.0162242634708321,0.9272,"7","patatin-like phospholipase domain containing 2"
"Lsm11",0.0162214230209567,0.904,"11","U7 snRNP-specific Sm-like protein LSM11"
"Trim66",0.0162145816659813,0.9412,"7","tripartite motif-containing 66"
"Fam234b",-0.016208123677643,0.8008,"6","family with sequence similarity 234, member B"
"Kifc3",0.0161906815172186,0.858,"8","kinesin family member C3"
"Arsj",0.0161868841418489,0.8848,"3","arylsulfatase J"
"Fndc5",-0.0161528298329348,0.8776,"4","fibronectin type III domain containing 5"
"Angptl6",-0.0161429828701323,0.9072,"9","angiopoietin-like 6"
"Mrpl28",0.0161361173721675,0.9196,"17","mitochondrial ribosomal protein L28"
"Gabrb3",-0.0161308561292994,0.8,"7","gamma-aminobutyric acid (GABA) A receptor, subunit beta 3"
"Rnd1",-0.0161238106322505,0.932,"15","Rho family GTPase 1"
"Tsc1",-0.016119432088491,0.9244,"2","TSC complex subunit 1"
"Cnr1",-0.0161114266069777,0.9132,"4","cannabinoid receptor 1 (brain)"
"Cdk18",0.0161094765948944,0.9248,"1","cyclin-dependent kinase 18"
"Cap2",0.0160982172313648,0.8372,"13","CAP, adenylate cyclase-associated protein, 2 (yeast)"
"Rplp1",0.0160766558846106,0.928,"9","ribosomal protein, large, P1"
"Nhsl2",-0.0160718546939531,0.9024,"X","NHS-like 2"
"Sytl2",-0.0160542999784807,0.8192,"7","synaptotagmin-like 2"
"Rab3gap2",-0.0160507550619,0.888,"1","RAB3 GTPase activating protein subunit 2"
"Ripor1",0.0160468147295045,0.8544,"8","RHO family interacting cell polarization regulator 1"
"Fads2",0.0160414959606578,0.834,"19","fatty acid desaturase 2"
"Vim",-0.0160405802481973,0.9292,"2","vimentin"
"Vwa3a",-0.0160388965398388,0.928,"7","von Willebrand factor A domain containing 3A"
"Nosip",0.0160342515593808,0.874,"7","nitric oxide synthase interacting protein"
"Zfp809",0.0160328596511441,0.8968,"9","zinc finger protein 809"
"Phf10",-0.0160302957513867,0.8272,"17","PHD finger protein 10"
"St7l",0.0160168176970252,0.8856,"3","suppression of tumorigenicity 7-like"
"Plcxd1",-0.0160127103529075,0.9328,"5","phosphatidylinositol-specific phospholipase C, X domain containing 1"
"Pik3ip1",-0.0160002026364481,0.83,"11","phosphoinositide-3-kinase interacting protein 1"
"Hook3",0.0159800536380335,0.9204,"8","hook microtubule tethering protein 3"
"Aatk",-0.0159800032362476,0.7116,"11","apoptosis-associated tyrosine kinase"
"Fkbp1b",-0.0159763546653924,0.93,"12","FK506 binding protein 1b"
"Stxbp3",-0.01597478124273,0.906,"3","syntaxin binding protein 3"
"Srp72",0.0159458310719236,0.7888,"5","signal recognition particle 72"
"Rev3l",0.0159411249325929,0.9024,"10","REV3 like, DNA directed polymerase zeta catalytic subunit"
"Map1s",0.0159353661143253,0.8792,"8","microtubule-associated protein 1S"
"Diras1",0.0159151644655537,0.8496,"10","DIRAS family, GTP-binding RAS-like 1"
"Tmem18",0.0159125378415359,0.8792,"12","transmembrane protein 18"
"Adap1",-0.0159028248547424,0.8848,"5","ArfGAP with dual PH domains 1"
"Kin",0.0159021323650919,0.7796,"2","Kin17 DNA and RNA binding protein"
"Adamts2",0.0158683877762626,0.9164,"11","a disintegrin-like and metallopeptidase (reprolysin type) with thrombospondin type 1 motif, 2"
"Tnfaip1",-0.0158645748614408,0.6488,"11","tumor necrosis factor, alpha-induced protein 1 (endothelial)"
"Ice1",0.0158618844950427,0.9324,"13","interactor of little elongation complex ELL subunit 1"
"Smpdl3a",-0.0158489350011966,0.8984,"10","sphingomyelin phosphodiesterase, acid-like 3A"
"Cuta",0.0158374773552437,0.9216,"17","cutA divalent cation tolerance homolog"
"4931428F04Rik",-0.0158314761482141,0.8996,"8","RIKEN cDNA 4931428F04 gene"
"Tiam2",0.015817938688496,0.8472,"17","T cell lymphoma invasion and metastasis 2"
"Cdk5r2",-0.0158150430072101,0.9384,"1","cyclin-dependent kinase 5, regulatory subunit 2 (p39)"
"Xk",0.0158010872634939,0.9208,"X","X-linked Kx blood group"
"Vcan",-0.0157925247254269,0.9084,"13","versican"
"Rpn1",0.0157726630388373,0.8216,"6","ribophorin I"
"Lats1",0.0157600892346617,0.9,"10","large tumor suppressor"
"Tuba1a",0.015745471352961,0.9344,"15","tubulin, alpha 1A"
"Tcta",0.0157328798950997,0.9212,"9","T cell leukemia translocation altered gene"
"Vhl",0.0157323516290884,0.8788,"6","von Hippel-Lindau tumor suppressor"
"Dhx8",0.015724602779505,0.8172,"11","DEAH (Asp-Glu-Ala-His) box polypeptide 8"
"Dhx9",-0.0157184688697933,0.906,"1","DEAH (Asp-Glu-Ala-His) box polypeptide 9"
"Coq5",0.0157063546973788,0.9,"5","coenzyme Q5 methyltransferase"
"Zfp418",0.015700713879873,0.9488,"7","zinc finger protein 418"
"Hmgcl",0.0156982940921813,0.892,"4","3-hydroxy-3-methylglutaryl-Coenzyme A lyase"
"Pcdhga10",-0.0156735372338117,0.9556,"18","protocadherin gamma subfamily A, 10"
"Psme3",0.0156730977366193,0.8136,"11","proteaseome (prosome, macropain) activator subunit 3 (PA28 gamma, Ki)"
"Sema4d",-0.0156489821206591,0.856,"13","sema domain, immunoglobulin domain (Ig), transmembrane domain (TM) and short cytoplasmic domain, (semaphorin) 4D"
"Metap1",-0.0156473259881533,0.8368,"3","methionyl aminopeptidase 1"
"Pcmt1",-0.0156355830064436,0.8848,"10","protein-L-isoaspartate (D-aspartate) O-methyltransferase 1"
"Ndfip1",0.0156230316305699,0.8948,"18","Nedd4 family interacting protein 1"
"S100a6",0.0156206667051064,0.934,"3","S100 calcium binding protein A6 (calcyclin)"
"Elp3",-0.0156185776223845,0.8756,"14","elongator acetyltransferase complex subunit 3"
"Smc2",-0.0156122158332415,0.9516,"4","structural maintenance of chromosomes 2"
"Exo5",-0.0155856099764673,0.8536,"4","exonuclease 5"
"Plagl2",0.0155856011077753,0.8508,"2","pleiomorphic adenoma gene-like 2"
"Akr1e1",0.0155849538891335,0.8468,"13","aldo-keto reductase family 1, member E1"
"Eid2b",0.0155782558255941,0.8768,"7","EP300 interacting inhibitor of differentiation 2B"
"Zeb2",-0.01557745179921,0.9572,"2","zinc finger E-box binding homeobox 2"
"Dgke",-0.0155565056645761,0.7964,"11","diacylglycerol kinase, epsilon"
"Epc2",-0.0155559825042246,0.9104,"2","enhancer of polycomb homolog 2"
"Spryd7",0.0155558713104975,0.8432,"14","SPRY domain containing 7"
"Rpf2",0.0155506537301493,0.8904,"10","ribosome production factor 2 homolog"
"Scn8a",0.0155353012601296,0.8888,"15","sodium channel, voltage-gated, type VIII, alpha"
"Crmp1",0.0155267125380725,0.8776,"5","collapsin response mediator protein 1"
"Mast3",-0.0154883519385027,0.8708,"8","microtubule associated serine/threonine kinase 3"
"Hmgxb4",-0.0154740807735365,0.9116,"8","HMG box domain containing 4"
"Fmn2",0.0154663437308686,0.8948,"1","formin 2"
"Ash2l",-0.0154469592075284,0.8484,"8","ASH2 like histone lysine methyltransferase complex subunit"
"Exoc3l",0.0154294209284629,0.898,"8","exocyst complex component 3-like"
"Nlrx1",-0.01541801719589,0.932,"9","NLR family member X1"
"Sf3b2",-0.0154042130920669,0.6552,"19","splicing factor 3b, subunit 2"
"Prr36",-0.0153721873082606,0.9444,"8","proline rich 36"
"Ep300",0.0153427243511297,0.8872,"15","E1A binding protein p300"
"Kdm3b",0.015342520560643,0.8712,"18","KDM3B lysine (K)-specific demethylase 3B"
"Sgcb",-0.0153396690769485,0.784,"5","sarcoglycan, beta (dystrophin-associated glycoprotein)"
"Mex3c",0.0153238588274656,0.8888,"18","mex3 RNA binding family member C"
"Nol9",-0.0153223876880419,0.8756,"4","nucleolar protein 9"
"Zdhhc16",0.0153166166609306,0.856,"19","zinc finger, DHHC domain containing 16"
"Rbfox1",0.0153111448800445,0.8632,"16","RNA binding protein, fox-1 homolog (C. elegans) 1"
"Lrfn2",0.0153104963914652,0.8788,"17","leucine rich repeat and fibronectin type III domain containing 2"
"Zfp106",-0.0152865865199825,0.8772,"2","zinc finger protein 106"
"Camk2g",0.0152731823244094,0.846,"14","calcium/calmodulin-dependent protein kinase II gamma"
"Calcrl",-0.0152341627310133,0.9456,"2","calcitonin receptor-like"
"Iffo1",-0.01523413030068,0.9292,"6","intermediate filament family orphan 1"
"Ldb1",0.0152163649501418,0.7844,"19","LIM domain binding 1"
"Srfbp1",0.0152021719101727,0.8184,"18","serum response factor binding protein 1"
"Ube4b",0.0152013931228323,0.7528,"4","ubiquitination factor E4B"
"Mtg2",-0.0151940896469274,0.9212,"2","mitochondrial ribosome associated GTPase 2"
"Acox1",-0.0151737719861247,0.772,"11","acyl-Coenzyme A oxidase 1, palmitoyl"
"Tmem183a",0.0151706784599623,0.808,"1","transmembrane protein 183A"
"Micu1",0.0151579787884462,0.8348,"10","mitochondrial calcium uptake 1"
"Wdtc1",0.0151522352849716,0.8788,"4","WD and tetratricopeptide repeats 1"
"Atp11a",-0.0151060666792784,0.8996,"8","ATPase, class VI, type 11A"
"Nudt9",-0.0151000565494073,0.872,"5","nudix (nucleoside diphosphate linked moiety X)-type motif 9"
"Sema6b",-0.0150980173138917,0.794,"17","sema domain, transmembrane domain (TM), and cytoplasmic domain, (semaphorin) 6B"
"Slc38a2",-0.0150754604999994,0.908,"15","solute carrier family 38, member 2"
"Ephx2",-0.0150469501268429,0.884,"14","epoxide hydrolase 2, cytoplasmic"
"Dnajb1",0.0150306776414162,0.912,"8","DnaJ heat shock protein family (Hsp40) member B1"
"Kcnab2",-0.0150209675046256,0.9404,"4","potassium voltage-gated channel, shaker-related subfamily, beta member 2"
"Arl15",0.0150062664386059,0.912,"13","ADP-ribosylation factor-like 15"
"Ncapd2",0.0149552951238672,0.8924,"6","non-SMC condensin I complex, subunit D2"
"Stt3b",-0.0149447955766568,0.8072,"9","STT3, subunit of the oligosaccharyltransferase complex, homolog B (S. cerevisiae)"
"Gdpgp1",-0.0149412013511663,0.9412,"7","GDP-D-glucose phosphorylase 1"
"Eps15",-0.0149339407604554,0.916,"4","epidermal growth factor receptor pathway substrate 15"
"Ccny",-0.0149200344325973,0.8424,"18","cyclin Y"
"Trpc4ap",-0.0148845383422422,0.852,"2","transient receptor potential cation channel, subfamily C, member 4 associated protein"
"Polr3b",-0.0148742930460335,0.918,"10","polymerase (RNA) III (DNA directed) polypeptide B"
"Sh3bgrl",-0.0148690563498262,0.8648,"X","SH3-binding domain glutamic acid-rich protein like"
"Cdk14",-0.0148660092798796,0.9228,"5","cyclin-dependent kinase 14"
"Wscd2",0.0148658581250745,0.8644,"5","WSC domain containing 2"
"Olig1",-0.0148519039448027,0.9084,"16","oligodendrocyte transcription factor 1"
"Snx9",0.0148381361153076,0.8568,"17","sorting nexin 9"
"Prpf38a",-0.0148337769438807,0.8712,"4","PRP38 pre-mRNA processing factor 38 (yeast) domain containing A"
"Ppp2r5b",-0.0148327455050277,0.7692,"19","protein phosphatase 2, regulatory subunit B', beta"
"Med15",0.0148277964098922,0.8672,"16","mediator complex subunit 15"
"Coq10b",0.0147727588329838,0.8976,"1","coenzyme Q10B"
"1500004A13Rik",0.0147324208053048,0.8292,"3","RIKEN cDNA 1500004A13 gene"
"Lacc1",-0.0147190984677303,0.9192,"14","laccase domain containing 1"
"Trp53bp2",0.0147088228629517,0.8288,"1","transformation related protein 53 binding protein 2"
"Rnf149",-0.0147060686641716,0.8372,"1","ring finger protein 149"
"Usp24",-0.0146974802767819,0.9392,"4","ubiquitin specific peptidase 24"
"Arf1",-0.01469267110045,0.8816,"11","ADP-ribosylation factor 1"
"Sf3b4",0.0146687890621813,0.9128,"3","splicing factor 3b, subunit 4"
"Gpr61",-0.0146554907239249,0.842,"3","G protein-coupled receptor 61"
"Hif1an",-0.0146528029821305,0.972,"19","hypoxia-inducible factor 1, alpha subunit inhibitor"
"Ctnnal1",-0.0146465408531289,0.9348,"4","catenin (cadherin associated protein), alpha-like 1"
"Plpp7",0.014634657837215,0.896,"2","phospholipid phosphatase 7 (inactive)"
"Rapgef6",-0.0146332926046604,0.9324,"11","Rap guanine nucleotide exchange factor (GEF) 6"
"Hyou1",0.0146216084480928,0.878,"9","hypoxia up-regulated 1"
"Tmem198",-0.0146179510595674,0.9144,"1","transmembrane protein 198"
"Ndfip2",-0.0146163973304212,0.8756,"14","Nedd4 family interacting protein 2"
"Csnk2a2",-0.014606458911973,0.8316,"8","casein kinase 2, alpha prime polypeptide"
"Ednra",-0.0146060488612945,0.926,"8","endothelin receptor type A"
"Smim17",-0.0146038973980951,0.876,"7","small integral membrane protein 17"
"Irs1",-0.0146027847401289,0.8836,"1","insulin receptor substrate 1"
"Cd2ap",-0.0145773789891352,0.9384,"17","CD2-associated protein"
"Dnhd1",-0.014567624707579,0.9568,"7","dynein heavy chain domain 1"
"Maoa",0.0145659297276541,0.8684,"X","monoamine oxidase A"
"Nhlrc1",0.0145655301563372,0.88,"13","NHL repeat containing 1"
"Mgat5b",0.0145510309767518,0.9332,"11","mannoside acetylglucosaminyltransferase 5, isoenzyme B"
"Zc3h13",0.0145470469144318,0.9032,"14","zinc finger CCCH type containing 13"
"Atp11b",0.0145413671155215,0.9224,"3","ATPase, class VI, type 11B"
"Zfp526",-0.0145396771344219,0.9196,"7","zinc finger protein 526"
"Trappc2l",0.0145375964945469,0.9452,"8","trafficking protein particle complex 2L"
"Cerox1",-0.0145168415688968,0.9088,"17","cytoplasmic endogenous regulator of oxidative phosphorylation 1"
"Bahcc1",-0.0145140135592179,0.9228,"11","BAH domain and coiled-coil containing 1"
"Srpk3",0.014507068765921,0.9408,"X","serine/arginine-rich protein specific kinase 3"
"Nt5c2",0.0144989031236333,0.8552,"19","5'-nucleotidase, cytosolic II"
"Rnf24",-0.0144983934148772,0.856,"2","ring finger protein 24"
"Ppp1r15a",-0.014494118891573,0.8712,"7","protein phosphatase 1, regulatory subunit 15A"
"Fem1a",0.0144815883574214,0.8592,"17","fem 1 homolog a"
"Pnpla7",0.0144784538153764,0.8596,"2","patatin-like phospholipase domain containing 7"
"Fbxl17",0.0144432167286332,0.85,"17","F-box and leucine-rich repeat protein 17"
"Raver2",-0.0144402335514329,0.8556,"4","ribonucleoprotein, PTB-binding 2"
"Zfp553",0.0144391143549818,0.8936,"7","zinc finger protein 553"
"Cox11",0.0144283685155799,0.886,"11","cytochrome c oxidase assembly protein 11, copper chaperone"
"Supt5",-0.0144083343109838,0.818,"7","suppressor of Ty 5, DSIF elongation factor subunit"
"Cadm1",0.0143931609836114,0.8192,"9","cell adhesion molecule 1"
"Ripor2",-0.0143798875267001,0.906,"13","RHO family interacting cell polarization regulator 2"
"Gpr62",-0.0143768502555037,0.9344,"9","G protein-coupled receptor 62"
"Mal2",0.0143321900642883,0.8956,"15","mal, T cell differentiation protein 2"
"Gla",-0.0143266373800164,0.8776,"X","galactosidase, alpha"
"Fxr1",0.0143008039801718,0.9356,"3","FMR1 autosomal homolog 1"
"Hspa13",-0.0142937190476626,0.9188,"16","heat shock protein 70 family, member 13"
"Ppig",0.0142830253671535,0.9032,"2","peptidyl-prolyl isomerase G (cyclophilin G)"
"Tmsb10",0.0142597861439482,0.8752,"6","thymosin, beta 10"
"Nkrf",-0.0142418091385919,0.8708,"X","NF-kappaB repressing factor"
"Rab18",-0.0142398148773486,0.8588,"18","RAB18, member RAS oncogene family"
"Anxa6",-0.0142354333403309,0.91,"11","annexin A6"
"Zfp644",-0.0142342841056093,0.9172,"5","zinc finger protein 644"
"Ncoa7",-0.0142299514869704,0.9244,"10","nuclear receptor coactivator 7"
"Nckipsd",0.0142173967207819,0.8112,"9","NCK interacting protein with SH3 domain"
"Stx4a",0.0141880776372947,0.8584,"7","syntaxin 4A (placental)"
"Tril",-0.0141831056187574,0.9,"6","TLR4 interactor with leucine-rich repeats"
"Adat1",-0.0141682451075091,0.934,"8","adenosine deaminase, tRNA-specific 1"
"Bach2",-0.0141542961052026,0.9336,"4","BTB and CNC homology, basic leucine zipper transcription factor 2"
"Fkbp15",-0.0141341801610082,0.844,"4","FK506 binding protein 15"
"Arfgap2",0.0140957849655781,0.8768,"2","ADP-ribosylation factor GTPase activating protein 2"
"Ifnar1",-0.0140882635976425,0.898,"16","interferon (alpha and beta) receptor 1"
"Plpbp",0.0140813302429565,0.7732,"8","pyridoxal phosphate binding protein"
"Pm20d2",-0.0140738722240696,0.9096,"4","peptidase M20 domain containing 2"
"Pbrm1",-0.0140702941367907,0.8688,"14","polybromo 1"
"1810021B22Rik",0.0140333623464648,0.9084,"15","RIKEN cDNA 1810021B22 gene"
"Zfp185",-0.0140333028319706,0.9832,"X","zinc finger protein 185"
"BC030500",-0.0140318837926965,0.9592,"8","cDNA sequence BC030500"
"Cdkn2d",-0.0140047603756237,0.8864,"9","cyclin dependent kinase inhibitor 2D"
"Mlh3",-0.0140014270446152,0.8636,"12","mutL homolog 3"
"Klhl7",-0.0139834685431239,0.8908,"5","kelch-like 7"
"Lrrc49",-0.0139671647754982,0.8876,"9","leucine rich repeat containing 49"
"Abhd16a",0.0139569602754044,0.8484,"17","abhydrolase domain containing 16A"
"Dnaja1",0.0139513747240967,0.9388,"4","DnaJ heat shock protein family (Hsp40) member A1"
"Arl6ip4",0.0139242832895663,0.936,"5","ADP-ribosylation factor-like 6 interacting protein 4"
"Ascc3",0.0139009730807604,0.9124,"10","activating signal cointegrator 1 complex subunit 3"
"Foxg1",0.0138997512744714,0.9052,"12","forkhead box G1"
"Agtpbp1",-0.0138941188053296,0.9008,"13","ATP/GTP binding protein 1"
"Agtpbp1",-0.0138941188053296,0.9008,"13","ATP/GTP binding protein 1"
"Pak6",-0.013886759752725,0.946,"2","p21 (RAC1) activated kinase 6"
"Gnaq",0.0138855498798538,0.8556,"19","guanine nucleotide binding protein, alpha q polypeptide"
"Rps6ka4",0.0138688547039916,0.908,"19","ribosomal protein S6 kinase, polypeptide 4"
"Syvn1",0.0138506752841003,0.9016,"19","synovial apoptosis inhibitor 1, synoviolin"
"Uba2",-0.0138495720222878,0.8736,"7","ubiquitin-like modifier activating enzyme 2"
"Reep3",0.0138446456084989,0.944,"10","receptor accessory protein 3"
"Arfip2",0.0138161090022528,0.6636,"7","ADP-ribosylation factor interacting protein 2"
"Hmgcll1",-0.0138152178644764,0.9244,"9","3-hydroxymethyl-3-methylglutaryl-Coenzyme A lyase-like 1"
"4933412E12Rik",-0.0138092563095529,0.89,"10","RIKEN cDNA 4933412E12 gene"
"Plod1",0.0137962043643602,0.9376,"4","procollagen-lysine, 2-oxoglutarate 5-dioxygenase 1"
"Pim3",0.013792627612907,0.8972,"15","proviral integration site 3"
"Dcxr",-0.0137871112988317,0.9736,"11","dicarbonyl L-xylulose reductase"
"Zfp260",0.0137641350423205,0.8424,"7","zinc finger protein 260"
"Jph3",-0.0137594019245597,0.9412,"8","junctophilin 3"
"Pafah1b1",-0.0137313715907705,0.8676,"11","platelet-activating factor acetylhydrolase, isoform 1b, subunit 1"
"Ckap4",-0.013724728448314,0.8944,"10","cytoskeleton-associated protein 4"
"Fbxo21",0.0137189935584834,0.8708,"5","F-box protein 21"
"Gnas",0.0137075846203789,0.8784,"2","GNAS (guanine nucleotide binding protein, alpha stimulating) complex locus"
"Ppp1r2",0.0136986156930554,0.834,"16","protein phosphatase 1, regulatory inhibitor subunit 2"
"Atp6v0a2",-0.013697265428128,0.87,"5","ATPase, H+ transporting, lysosomal V0 subunit A2"
"Unc50",-0.0136948582631007,0.7952,"1","unc-50 homolog"
"Pdk2",0.0136490569521666,0.8764,"11","pyruvate dehydrogenase kinase, isoenzyme 2"
"Trpc4",0.0136480816465125,0.8988,"3","transient receptor potential cation channel, subfamily C, member 4"
"Gatd3a",0.013626194200631,0.96,"10","glutamine amidotransferase like class 1 domain containing 3A"
"Ndufs1",0.0136249176616072,0.856,"1","NADH:ubiquinone oxidoreductase core subunit S1"
"Kcnj3",0.0136076958007516,0.9256,"2","potassium inwardly-rectifying channel, subfamily J, member 3"
"Becn1",-0.0136003120100794,0.8328,"11","beclin 1, autophagy related"
"Nfat5",-0.0135926612601871,0.9116,"8","nuclear factor of activated T cells 5"
"Trnp1",-0.0135870349724332,0.9324,"4","TMF1-regulated nuclear protein 1"
"Gak",0.0135774442828209,0.7816,"5","cyclin G associated kinase"
"Ccdc117",-0.0135745573980364,0.9636,"11","coiled-coil domain containing 117"
"Dusp18",-0.0135660006186038,0.7732,"11","dual specificity phosphatase 18"
"Smyd2",-0.0135649680192333,0.9152,"1","SET and MYND domain containing 2"
"Elp4",0.013564247233445,0.8804,"2","elongator acetyltransferase complex subunit 4"
"Syn2",-0.0135435343110153,0.8848,"6","synapsin II"
"Slc35f6",0.0135196225278857,0.8352,"5","solute carrier family 35, member F6"
"Pheta1",-0.0135176160954611,0.8976,"5","PH domain containing endocytic trafficking adaptor 1"
"Hlf",-0.0134813062376917,0.8652,"11","hepatic leukemia factor"
"Clcn6",-0.0134663977521052,0.6852,"4","chloride channel, voltage-sensitive 6"
"Soat1",-0.0134593556369684,0.9428,"1","sterol O-acyltransferase 1"
"Rab10",0.0134501863601875,0.8784,"12","RAB10, member RAS oncogene family"
"BC005624",-0.0134137849187148,0.8644,"2","cDNA sequence BC005624"
"Nectin4",-0.0133993277111935,0.9444,"1","nectin cell adhesion molecule 4"
"Fbxo38",0.0133970800288603,0.918,"18","F-box protein 38"
"Rcc2",0.0133849034553739,0.8856,"4","regulator of chromosome condensation 2"
"Sin3a",0.0133771598315038,0.8892,"9","transcriptional regulator, SIN3A (yeast)"
"Zfp729b",0.0133745119522088,0.9092,"13","zinc finger protein 729b"
"Ap4m1",-0.013370607457285,0.904,"5","adaptor-related protein complex AP-4, mu 1"
"Fam102b",0.0133443664825839,0.882,"3","family with sequence similarity 102, member B"
"Sipa1l3",-0.013336015139636,0.9288,"7","signal-induced proliferation-associated 1 like 3"
"Irf2",0.0133352732141745,0.8488,"8","interferon regulatory factor 2"
"Gpr153",0.0133352406131815,0.9216,"4","G protein-coupled receptor 153"
"B9d1",0.0133277150838396,0.912,"11","B9 protein domain 1"
"Tomm34",0.0133004356499011,0.9288,"2","translocase of outer mitochondrial membrane 34"
"Synj2",-0.0132947404687451,0.8788,"17","synaptojanin 2"
"Klf11",-0.0132892864576721,0.8752,"12","Kruppel-like factor 11"
"Calb2",-0.0132859676080952,0.9184,"8","calbindin 2"
"Mcam",0.0132739296123896,0.8988,"9","melanoma cell adhesion molecule"
"A430005L14Rik",0.0132676258472912,0.9148,"4","RIKEN cDNA A430005L14 gene"
"Rhov",0.0132588631707411,0.938,"2","ras homolog family member V"
"Thoc3",0.0132536089140043,0.8708,"13","THO complex 3"
"Mgat4c",0.0132277925111173,0.9332,"10","MGAT4 family, member C"
"Csk",-0.0132267941808841,0.9116,"9","c-src tyrosine kinase"
"Fsd1",0.0132257608615607,0.824,"17","fibronectin type 3 and SPRY domain-containing protein"
"Ap1s1",0.0132255882083347,0.9404,"5","adaptor protein complex AP-1, sigma 1"
"Prkar1b",0.0131977189423864,0.9016,"5","protein kinase, cAMP dependent regulatory, type I beta"
"Atg2b",-0.0131911251443046,0.8432,"12","autophagy related 2B"
"Phkg2",0.0131784827891694,0.9488,"7","phosphorylase kinase, gamma 2 (testis)"
"Gorasp2",0.0131753577552089,0.8632,"2","golgi reassembly stacking protein 2"
"Fxr2",-0.0131653207006774,0.8028,"11","FMR1 autosomal homolog 2"
"Abhd14b",0.0131614736006975,0.9396,"9","abhydrolase domain containing 14b"
"4931406C07Rik",0.013160938701497,0.8528,"9","RIKEN cDNA 4931406C07 gene"
"Erc2",0.0131519149953574,0.9304,"14","ELKS/RAB6-interacting/CAST family member 2"
"Lsm10",0.0131211989169056,0.9108,"4","U7 snRNP-specific Sm-like protein LSM10"
"Rnf123",0.0131103077420258,0.88,"9","ring finger protein 123"
"Pfkm",-0.0131091693365857,0.844,"15","phosphofructokinase, muscle"
"Cdk2ap1",-0.0131081429312352,0.8976,"5","CDK2 (cyclin-dependent kinase 2)-associated protein 1"
"Mpped1",0.0130876202968579,0.9624,"15","metallophosphoesterase domain containing 1"
"Fscn1",0.0130799377864372,0.8484,"5","fascin actin-bundling protein 1"
"Dagla",-0.0130755589979845,0.886,"19","diacylglycerol lipase, alpha"
"Tacc2",-0.0130685427603208,0.7896,"7","transforming, acidic coiled-coil containing protein 2"
"Orc5",0.013066748688364,0.8564,"5","origin recognition complex, subunit 5"
"Zfp318",-0.0130543535412686,0.9736,"17","zinc finger protein 318"
"Cuedc1",0.0130374522485024,0.9084,"11","CUE domain containing 1"
"Cuedc1",0.0130374522485024,0.9084,"11","CUE domain containing 1"
"Alox12b",-0.0130347449757111,0.9412,"11","arachidonate 12-lipoxygenase, 12R type"
"Timm17b",0.0130063075716613,0.918,"X","translocase of inner mitochondrial membrane 17b"
"Chd6",0.0130021698724327,0.912,"2","chromodomain helicase DNA binding protein 6"
"Dnajc11",0.0130011850841045,0.7628,"4","DnaJ heat shock protein family (Hsp40) member C11"
"Arl13b",-0.0129680283439111,0.8832,"16","ADP-ribosylation factor-like 13B"
"Abi2",0.0129668036447486,0.7976,"1","abl interactor 2"
"Tnip1",-0.0129610416712307,0.954,"11","TNFAIP3 interacting protein 1"
"Lrrc41",-0.0129051419735591,0.9412,"4","leucine rich repeat containing 41"
"Maco1",-0.0129046527184649,0.6784,"4","macoilin 1"
"Zfp35",-0.0129023117564575,0.9096,"18","zinc finger protein 35"
"As3mt",-0.0128983539836316,0.9388,"19","arsenite methyltransferase"
"BC029722",-0.0128950073937473,0.91,"2","cDNA sequence BC029722"
"Tesk2",-0.0128598961481639,0.9316,"4","testis-specific kinase 2"
"Rapgef4",0.012855504298269,0.9372,"2","Rap guanine nucleotide exchange factor (GEF) 4"
"Ctsz",-0.0128430194457074,0.9688,"2","cathepsin Z"
"Stxbp4",-0.0128319399174996,0.884,"11","syntaxin binding protein 4"
"Meis2",-0.0128140640829351,0.9372,"2","Meis homeobox 2"
"Sugt1",-0.012797377799969,0.9224,"14","SGT1, suppressor of G2 allele of SKP1 (S. cerevisiae)"
"Asb3",0.012793468353105,0.9664,"11","ankyrin repeat and SOCS box-containing 3"
"Tmtc3",-0.0127834386905468,0.9352,"10","transmembrane and tetratricopeptide repeat containing 3"
"Sacs",0.0127781556563038,0.9332,"14","sacsin"
"Mrpl17",0.0127735280080348,0.9428,"7","mitochondrial ribosomal protein L17"
"Edem1",0.0127695946285202,0.8592,"6","ER degradation enhancer, mannosidase alpha-like 1"
"Pik3ca",-0.0127600509537507,0.7968,"3","phosphatidylinositol-4,5-bisphosphate 3-kinase catalytic subunit alpha"
"Col4a5",-0.0127496031153314,0.9744,"X","collagen, type IV, alpha 5"
"Ufc1",0.0127335035481799,0.944,"1","ubiquitin-fold modifier conjugating enzyme 1"
"Magi2",-0.0127273727896977,0.9192,"5","membrane associated guanylate kinase, WW and PDZ domain containing 2"
"Otud6b",-0.0127140186066148,0.924,"4","OTU domain containing 6B"
"Chrm4",0.0127078858872505,0.9372,"2","cholinergic receptor, muscarinic 4"
"Tcof1",-0.0126801315744389,0.8608,"18","treacle ribosome biogenesis factor 1"
"Zdhhc9",-0.0126633868449932,0.9008,"X","zinc finger, DHHC domain containing 9"
"Pvt1",0.0126598989619042,0.8268,"15","Pvt1 oncogene"
"Snx2",0.0126496238540668,0.9084,"18","sorting nexin 2"
"Asxl3",0.0126390037681472,0.9564,"18","ASXL transcriptional regulator 3"
"Lratd1",-0.0126214571766967,0.9132,"12","LRAT domain containing 1"
"Fut9",0.0126140455656767,0.9304,"4","fucosyltransferase 9"
"Agk",0.0126133470293119,0.8056,"6","acylglycerol kinase"
"Tbck",0.0126043758771432,0.8516,"3","TBC1 domain containing kinase"
"Hsp90aa1",0.0125827768678768,0.9376,"12","heat shock protein 90, alpha (cytosolic), class A member 1"
"Tmem163",-0.012569359603734,0.9444,"1","transmembrane protein 163"
"Rfc1",-0.0125685903191153,0.88,"5","replication factor C (activator 1) 1"
"Katnb1",0.0125556375554945,0.93,"8","katanin p80 (WD40-containing) subunit B 1"
"Gabrg3",-0.0125518894153114,0.9464,"7","gamma-aminobutyric acid (GABA) A receptor, subunit gamma 3"
"B4galt3",0.0125496406815238,0.8404,"1","UDP-Gal:betaGlcNAc beta 1,4-galactosyltransferase, polypeptide 3"
"2310022B05Rik",-0.0125409987872409,0.944,"8","RIKEN cDNA 2310022B05 gene"
"Sumo2",0.0125333461077721,0.9328,"11","small ubiquitin-like modifier 2"
"Dusp23",-0.0125303969386774,0.9564,"1","dual specificity phosphatase 23"
"Hnrnpul1",0.0125267392533557,0.9208,"7","heterogeneous nuclear ribonucleoprotein U-like 1"
"Map3k14",0.012524437375049,0.9124,"11","mitogen-activated protein kinase kinase kinase 14"
"Stmn1",-0.0125098777684522,0.9004,"4","stathmin 1"
"Rpgrip1l",0.0125076111231506,0.924,"8","Rpgrip1-like"
"Pym1",-0.0124793443881597,0.9308,"10","PYM homolog 1, exon junction complex associated factor"
"Mbtps2",0.0124690773723781,0.9228,"X","membrane-bound transcription factor peptidase, site 2"
"Wwc1",0.0124645365034306,0.8564,"11","WW, C2 and coiled-coil domain containing 1"
"Hsd17b7",-0.0124352757704473,0.9164,"1","hydroxysteroid (17-beta) dehydrogenase 7"
"Pikfyve",-0.0124315714729777,0.854,"1","phosphoinositide kinase, FYVE type zinc finger containing"
"Vps4a",-0.0124047046145854,0.886,"8","vacuolar protein sorting 4A"
"Rabep1",-0.0123987985825318,0.8424,"11","rabaptin, RAB GTPase binding effector protein 1"
"Rab3a",-0.0123874796294459,0.9928,"8","RAB3A, member RAS oncogene family"
"Bdh1",0.0123863538478624,0.8692,"16","3-hydroxybutyrate dehydrogenase, type 1"
"Sirt3",0.0123815861798677,0.8896,"7","sirtuin 3"
"Pdcd6",-0.0123770176394169,0.8948,"13","programmed cell death 6"
"Psme1",-0.0123671963891381,0.9084,"14","proteasome (prosome, macropain) activator subunit 1 (PA28 alpha)"
"Hspa9",-0.0123664248965936,0.8684,"18","heat shock protein 9"
"Hdhd2",-0.0123653408325408,0.9124,"18","haloacid dehalogenase-like hydrolase domain containing 2"
"Gpatch8",-0.0123613111583669,0.9448,"11","G patch domain containing 8"
"Rcor3",-0.0123559458301576,0.8752,"1","REST corepressor 3"
"Ptprz1",0.0123478838986184,0.8664,"6","protein tyrosine phosphatase, receptor type Z, polypeptide 1"
"Nefl",-0.012325133716292,0.9204,"14","neurofilament, light polypeptide"
"Tbl1x",0.0123246181415864,0.94,"X","transducin (beta)-like 1 X-linked"
"Safb",0.0123085151968843,0.8936,"17","scaffold attachment factor B"
"Gtf3c5",0.0122962073139004,0.8836,"2","general transcription factor IIIC, polypeptide 5"
"Osbpl6",-0.012295313469604,0.9392,"2","oxysterol binding protein-like 6"
"Cdc42se2",-0.0122952080625041,0.8948,"11","CDC42 small effector 2"
"Agfg1",-0.0122917120594792,0.8588,"1","ArfGAP with FG repeats 1"
"Vmp1",-0.0122897396574642,0.934,"11","vacuole membrane protein 1"
"Dhodh",-0.0122857571838866,0.8912,"8","dihydroorotate dehydrogenase"
"Rnf111",0.0122659226820989,0.8856,"9","ring finger 111"
"Ctsl",0.0122413023382375,0.8964,"13","cathepsin L"
"Gusb",0.01223015423263,0.9252,"5","glucuronidase, beta"
"Pfkfb3",0.012215593894819,0.9468,"2","6-phosphofructo-2-kinase/fructose-2,6-biphosphatase 3"
"Tceal9",-0.0122101845233882,0.9292,"X","transcription elongation factor A like 9"
"Rps29",0.0122074747274148,0.9568,"12","ribosomal protein S29"
"Actg1",-0.0121965662004904,0.9096,"11","actin, gamma, cytoplasmic 1"
"Adh5",0.0121867750489253,0.9088,"3","alcohol dehydrogenase 5 (class III), chi polypeptide"
"Tigd2",0.0121802589188329,0.9112,"6","tigger transposable element derived 2"
"R3hcc1l",-0.0121793251844435,0.8396,"19","R3H domain and coiled-coil containing 1 like"
"Cdipt",0.0121766454251198,0.934,"7","CDP-diacylglycerol--inositol 3-phosphatidyltransferase (phosphatidylinositol synthase)"
"Cpne5",-0.0121699699343774,0.9472,"17","copine V"
"Setx",0.0121647097337787,0.9196,"2","senataxin"
"Hadhb",-0.0121616402569904,0.9104,"5","hydroxyacyl-CoA dehydrogenase trifunctional multienzyme complex subunit beta"
"Emc8",-0.012153914559728,0.828,"8","ER membrane protein complex subunit 8"
"1700047M11Rik",0.0121510236483249,0.9504,"1","RIKEN cDNA 1700047M11 gene"
"Tulp3",-0.0121092146499979,0.9144,"6","tubby-like protein 3"
"Dync2h1",-0.0120939362097712,0.9628,"9","dynein cytoplasmic 2 heavy chain 1"
"Pik3cd",-0.0120924426599665,0.948,"4","phosphatidylinositol-4,5-bisphosphate 3-kinase catalytic subunit delta"
"Trrap",0.0120741764154459,0.9532,"5","transformation/transcription domain-associated protein"
"P4ha2",-0.0120736643663193,0.884,"11","procollagen-proline, 2-oxoglutarate 4-dioxygenase (proline 4-hydroxylase), alpha II polypeptide"
"Zfp687",-0.0120637478085186,0.9228,"3","zinc finger protein 687"
"Creb3l2",0.0120581603976242,0.8952,"6","cAMP responsive element binding protein 3-like 2"
"Cab39",-0.0120545041052136,0.8736,"1","calcium binding protein 39"
"Psmg3",0.0120441517144529,0.9548,"5","proteasome (prosome, macropain) assembly chaperone 3"
"Cfap43",0.0120382548517322,0.962,"19","cilia and flagella associated protein 43"
"Tsfm",0.0120299180737051,0.9268,"10","Ts translation elongation factor, mitochondrial"
"Asph",-0.0120242269925761,0.9216,"4","aspartate-beta-hydroxylase"
"Man2a1",0.0120179225743304,0.9436,"17","mannosidase 2, alpha 1"
"Slc29a4",0.0120138023155851,0.9476,"5","solute carrier family 29 (nucleoside transporters), member 4"
"Rab40c",-0.0120094948336948,0.8984,"17","Rab40C, member RAS oncogene family"
"Stt3a",0.011999016569316,0.9332,"9","STT3, subunit of the oligosaccharyltransferase complex, homolog A (S. cerevisiae)"
"Hsd17b4",-0.0119938493729093,0.9276,"18","hydroxysteroid (17-beta) dehydrogenase 4"
"Bmp4",-0.0119857336265921,0.9556,"14","bone morphogenetic protein 4"
"Ube2d2a",0.0119458914893267,0.8248,"18","ubiquitin-conjugating enzyme E2D 2A"
"Stum",-0.0119424580094467,0.9048,"1","mechanosensory transduction mediator"
"Kdm6a",0.0119237072028824,0.926,"X","lysine (K)-specific demethylase 6A"
"Magee1",-0.011911112173042,0.9204,"X","MAGE family member E1"
"Fat1",0.0118841848793334,0.8436,"8","FAT atypical cadherin 1"
"Dip2b",-0.0118803160556631,0.8208,"15","disco interacting protein 2 homolog B"
"Rab6a",0.0118791507988547,0.8712,"7","RAB6A, member RAS oncogene family"
"Gpr155",0.0118613274941186,0.8732,"2","G protein-coupled receptor 155"
"Eef1a2",0.0118533713267173,0.8824,"2","eukaryotic translation elongation factor 1 alpha 2"
"Ccdc51",0.0118331960122555,0.9404,"9","coiled-coil domain containing 51"
"Nrf1",0.0118319537843616,0.88,"6","nuclear respiratory factor 1"
"Chm",-0.0118269321709308,0.9284,"X","choroidermia (RAB escort protein 1)"
"Slitrk3",0.0118267583637266,0.836,"3","SLIT and NTRK-like family, member 3"
"Rdh13",-0.011814206835743,0.9,"7","retinol dehydrogenase 13 (all-trans and 9-cis)"
"Crtc2",0.011809997261377,0.9128,"3","CREB regulated transcription coactivator 2"
"Mccc1",-0.0117954630674211,0.9724,"3","methylcrotonoyl-Coenzyme A carboxylase 1 (alpha)"
"Mrpl10",0.0117884774060562,0.9288,"11","mitochondrial ribosomal protein L10"
"Oxct1",-0.0117831797040768,0.9308,"15","3-oxoacid CoA transferase 1"
"Ankrd28",-0.0117423409318258,0.932,"14","ankyrin repeat domain 28"
"Emp2",-0.0117228431745122,0.8444,"16","epithelial membrane protein 2"
"Smarcd3",0.0117048298136222,0.7336,"5","SWI/SNF related, matrix associated, actin dependent regulator of chromatin, subfamily d, member 3"
"Rbm8a",-0.0117029343914261,0.9068,"3","RNA binding motif protein 8a"
"Fads3",-0.0116902228544351,0.92,"19","fatty acid desaturase 3"
"Ppp2r2c",-0.0116786466644818,0.884,"5","protein phosphatase 2, regulatory subunit B, gamma"
"Aph1a",-0.0116643854725638,0.9188,"3","aph1 homolog A, gamma secretase subunit"
"Ehmt1",0.0116641617304563,0.9332,"2","euchromatic histone methyltransferase 1"
"Numbl",-0.0116591492348865,0.8836,"7","numb-like"
"Atmin",-0.0116526558426475,0.8784,"8","ATM interactor"
"Tdrkh",0.0116281658457993,0.826,"3","tudor and KH domain containing protein"
"Rsrc1",0.0116250428236508,0.8552,"3","arginine/serine-rich coiled-coil 1"
"Vit",0.0116104399939359,0.9448,"17","vitrin"
"Stc2",0.0115967060141227,0.9316,"11","stanniocalcin 2"
"Ipo9",-0.0115825682901471,0.822,"1","importin 9"
"Echs1",-0.0115792553897265,0.9072,"7","enoyl Coenzyme A hydratase, short chain, 1, mitochondrial"
"Rassf4",-0.0115744078902296,0.934,"6","Ras association (RalGDS/AF-6) domain family member 4"
"C630031E19Rik",-0.0115712102164531,0.9364,"12","RIKEN cDNA C630031E19 gene"
"Prelid3b",-0.011569471902888,0.9064,"2","PRELI domain containing 3B"
"Strn4",-0.0115521248649406,0.9376,"7","striatin, calmodulin binding protein 4"
"Mir9-3hg",0.0115466557861286,0.8864,"7","Mir9-3 host gene"
"Vkorc1",-0.0115426533950003,0.9504,"7","vitamin K epoxide reductase complex, subunit 1"
"Tlk1",-0.0115418680897754,0.934,"2","tousled-like kinase 1"
"Zyx",0.01154149751597,0.856,"6","zyxin"
"Ctsf",-0.0115294799101209,0.8948,"19","cathepsin F"
"Ptgs1",-0.0115112093609588,0.936,"2","prostaglandin-endoperoxide synthase 1"
"Mtmr7",0.0114967742161971,0.9088,"8","myotubularin related protein 7"
"Adamts9",0.0114821233409987,0.9008,"6","a disintegrin-like and metallopeptidase (reprolysin type) with thrombospondin type 1 motif, 9"
"Noct",-0.0114798451984131,0.9428,"3","nocturnin"
"Katnal1",-0.0114692970592847,0.8688,"5","katanin p60 subunit A-like 1"
"Arhgef18",-0.0114594104416614,0.8732,"8","rho/rac guanine nucleotide exchange factor (GEF) 18"
"Negr1",0.011457222909331,0.9276,"3","neuronal growth regulator 1"
"Pik3c2a",-0.0114384375399768,0.9284,"7","phosphatidylinositol-4-phosphate 3-kinase catalytic subunit type 2 alpha"
"Zfp358",0.0114313492573341,0.9116,"8","zinc finger protein 358"
"Itpk1",-0.0114172797074206,0.9172,"12","inositol 1,3,4-triphosphate 5/6 kinase"
"Herc1",0.0114102908054736,0.94,"9","HECT and RLD domain containing E3 ubiquitin protein ligase family member 1"
"Degs1",-0.0114064202566091,0.9248,"1","delta(4)-desaturase, sphingolipid 1"
"Sypl",-0.0113862047710214,0.9056,"12","synaptophysin-like protein"
"Khdrbs2",0.0113819955412495,0.9232,"1","KH domain containing, RNA binding, signal transduction associated 2"
"Lats2",0.0113737166740924,0.9348,"14","large tumor suppressor 2"
"Uchl5",0.0113285456162462,0.8984,"1","ubiquitin carboxyl-terminal esterase L5"
"Helz",-0.0113188108940943,0.9528,"11","helicase with zinc finger domain"
"Pkm",-0.0112967219314264,0.9404,"9","pyruvate kinase, muscle"
"Fem1b",0.0112908677909491,0.8896,"9","fem 1 homolog b"
"Gars",0.0112793072065838,0.8636,"6","glycyl-tRNA synthetase"
"Sh3kbp1",0.0112581772506228,0.9052,"X","SH3-domain kinase binding protein 1"
"1110065P20Rik",-0.0112532801240843,0.9632,"4","RIKEN cDNA 1110065P20 gene"
"Smarce1",-0.0112297171266933,0.9188,"11","SWI/SNF related, matrix associated, actin dependent regulator of chromatin, subfamily e, member 1"
"Arl8a",-0.0112233746555876,0.8996,"1","ADP-ribosylation factor-like 8A"
"Kctd12",0.0112228537693548,0.9136,"14","potassium channel tetramerisation domain containing 12"
"Ubxn7",-0.0112039534359694,0.7964,"16","UBX domain protein 7"
"Terf2ip",0.0112016529403762,0.8888,"8","telomeric repeat binding factor 2, interacting protein"
"Aqr",0.0111877886610516,0.9244,"2","aquarius"
"Cstf2t",0.0111811682126275,0.9068,"19","cleavage stimulation factor, 3' pre-RNA subunit 2, tau"
"Ccdc28b",-0.0111764943273309,0.8972,"4","coiled coil domain containing 28B"
"Nudt21",-0.0111691420937654,0.926,"8","nudix (nucleoside diphosphate linked moiety X)-type motif 21"
"Zfp738",-0.0111582604564138,0.9388,"13","zinc finger protein 738"
"Zbtb14",0.0111574265585803,0.9412,"17","zinc finger and BTB domain containing 14"
"Adra2c",-0.0111572045208801,0.9456,"5","adrenergic receptor, alpha 2c"
"Slc9a6",-0.0111515024283984,0.9396,"X","solute carrier family 9 (sodium/hydrogen exchanger), member 6"
"Tmem263",-0.0111479103082042,0.9108,"10","transmembrane protein 263"
"Dip2c",0.0111219010992052,0.8732,"13","disco interacting protein 2 homolog C"
"Zfp148",0.0111182935393694,0.9264,"16","zinc finger protein 148"
"Mdc1",0.0111177098753465,0.9256,"17","mediator of DNA damage checkpoint 1"
"Ndufa7",0.0111149754585798,0.9192,"17","NADH:ubiquinone oxidoreductase subunit A7"
"Trip4",-0.0111114014198774,0.852,"9","thyroid hormone receptor interactor 4"
"Bap1",-0.0111103507106591,0.8688,"14","Brca1 associated protein 1"
"Utp14b",0.0111085596083105,0.9136,"1","UTP14B small subunit processome component"
"Nsg2",0.0111034384463533,0.878,"11","neuron specific gene family member 2"
"Mapkap1",0.0110991138137582,0.888,"2","mitogen-activated protein kinase associated protein 1"
"Cdkl2",0.0110907160569678,0.8732,"5","cyclin-dependent kinase-like 2 (CDC2-related kinase)"
"Arcn1",-0.0110811088249916,0.8928,"9","archain 1"
"Fam120c",0.0110788942860811,0.8812,"X","family with sequence similarity 120, member C"
"Trp53inp2",0.0110738969010011,0.9628,"2","transformation related protein 53 inducible nuclear protein 2"
"Atp1b3",0.0110690650825811,0.9008,"9","ATPase, Na+/K+ transporting, beta 3 polypeptide"
"Mrpl37",0.0110659532428405,0.9092,"4","mitochondrial ribosomal protein L37"
"Hbegf",-0.0110629978913757,0.8716,"18","heparin-binding EGF-like growth factor"
"Hp1bp3",-0.0110612828227721,0.8112,"4","heterochromatin protein 1, binding protein 3"
"Larp7",-0.0110573027829002,0.8588,"3","La ribonucleoprotein 7, transcriptional regulator"
"Sipa1",-0.0110476918371418,0.8736,"19","signal-induced proliferation associated gene 1"
"Pdlim4",0.0110355810783203,0.9436,"11","PDZ and LIM domain 4"
"Zfx",-0.0110282280671115,0.8396,"X","zinc finger protein X-linked"
"Sema4a",0.0110251066002887,0.9248,"3","sema domain, immunoglobulin domain (Ig), transmembrane domain (TM) and short cytoplasmic domain, (semaphorin) 4A"
"Gipc1",0.0110245216421943,0.9032,"8","GIPC PDZ domain containing family, member 1"
"Slc5a3",0.0109930966153158,0.9532,"16","solute carrier family 5 (inositol transporters), member 3"
"Rsu1",-0.0109904590916461,0.968,"2","Ras suppressor protein 1"
"Cdc37",0.0109804519700347,0.92,"9","cell division cycle 37"
"Gpr137",-0.0109737628479536,0.9416,"19","G protein-coupled receptor 137"
"Dcun1d2",0.0109626392991178,0.828,"8","DCN1, defective in cullin neddylation 1, domain containing 2 (S. cerevisiae)"
"Zbed3",-0.0109231734561934,0.9468,"13","zinc finger, BED type containing 3"
"Rad17",-0.0109122654423466,0.8988,"13","RAD17 checkpoint clamp loader component"
"Lbh",-0.0108932150262415,0.8944,"17","limb-bud and heart"
"Alkbh3",-0.0108854239702691,0.9556,"2","alkB homolog 3, alpha-ketoglutarate-dependent dioxygenase"
"Adcy1",-0.0108723279438738,0.9088,"11","adenylate cyclase 1"
"Slc35b1",0.0108575852042154,0.8888,"11","solute carrier family 35, member B1"
"Armcx5",-0.0108532293464494,0.9312,"X","armadillo repeat containing, X-linked 5"
"Sel1l3",0.0108504599730148,0.9644,"5","sel-1 suppressor of lin-12-like 3 (C. elegans)"
"Arhgef26",-0.0108403012093738,0.9256,"3","Rho guanine nucleotide exchange factor (GEF) 26"
"M6pr",-0.0108329311441739,0.8788,"6","mannose-6-phosphate receptor, cation dependent"
"Kcnab1",0.0108270197345961,0.9184,"3","potassium voltage-gated channel, shaker-related subfamily, beta member 1"
"Tbc1d30",-0.010809250570432,0.9232,"10","TBC1 domain family, member 30"
"Epb41l3",0.0107705505458284,0.8944,"17","erythrocyte membrane protein band 4.1 like 3"
"Cltb",-0.0107685460353553,0.9408,"13","clathrin, light polypeptide (Lcb)"
"Mapk8",-0.0107659027216549,0.8932,"14","mitogen-activated protein kinase 8"
"Emsy",0.0107652207040898,0.9012,"7","EMSY, BRCA2-interacting transcriptional repressor"
"Ddx18",-0.0107466113243113,0.9104,"1","DEAD box helicase 18"
"Slc25a11",0.0107447166926855,0.8664,"11","solute carrier family 25 (mitochondrial carrier oxoglutarate carrier), member 11"
"Tcf19",-0.0107222450307733,0.9312,"17","transcription factor 19"
"Cavin3",0.0107138946604435,0.9424,"7","caveolae associated 3"
"Mon1b",-0.0106953643447492,0.8508,"8","MON1 homolog B, secretory traffciking associated"
"Nkap",-0.010632266358618,0.9248,"X","NFKB activating protein"
"Ankrd24",0.0106318246980477,0.9252,"10","ankyrin repeat domain 24"
"Fcsk",-0.0106314910070004,0.9328,"8","fucose kinase"
"Phf23",-0.0106227508412573,0.9356,"11","PHD finger protein 23"
"Mpg",0.010620282192856,0.9492,"11","N-methylpurine-DNA glycosylase"
"Ascc2",0.0106140564278849,0.9392,"11","activating signal cointegrator 1 complex subunit 2"
"Zfp688",-0.0106116457795395,0.954,"7","zinc finger protein 688"
"Copb2",-0.0106059812647272,0.8796,"9","coatomer protein complex, subunit beta 2 (beta prime)"
"Ubap2",-0.0105871332503469,0.8616,"4","ubiquitin-associated protein 2"
"Btbd6",0.0105595652306478,0.9372,"12","BTB (POZ) domain containing 6"
"Dctn2",0.010534013769762,0.908,"10","dynactin 2"
"Rhoq",-0.010533652739217,0.8468,"17","ras homolog family member Q"
"Uprt",0.0105316339884238,0.9372,"X","uracil phosphoribosyltransferase"
"Plscr3",-0.0104959291662454,0.91,"11","phospholipid scramblase 3"
"Ccdc85c",-0.0104875058747833,0.9236,"12","coiled-coil domain containing 85C"
"Nphp1",0.0104802730564355,0.9464,"2","nephronophthisis 1 (juvenile) homolog (human)"
"Tmem64",-0.0104772899621919,0.8868,"4","transmembrane protein 64"
"Lrrc24",-0.0104652313820832,0.926,"15","leucine rich repeat containing 24"
"Pcyox1l",-0.0104552614064675,0.9448,"18","prenylcysteine oxidase 1 like"
"Proser1",-0.0104294638847353,0.97,"3","proline and serine rich 1"
"Trappc9",-0.0104162420168796,0.932,"15","trafficking protein particle complex 9"
"Gpr162",0.0104155739017067,0.8688,"6","G protein-coupled receptor 162"
"Scaf1",-0.0104047882125142,0.9284,"7","SR-related CTD-associated factor 1"
"Pyroxd1",0.0103978786875358,0.9772,"6","pyridine nucleotide-disulphide oxidoreductase domain 1"
"Srek1ip1",-0.0103957191264623,0.8836,"13","splicing regulatory glutamine/lysine-rich protein 1interacting protein 1"
"Tep1",-0.0103865695151124,0.978,"14","telomerase associated protein 1"
"Casp3",-0.0103810020761261,0.9332,"8","caspase 3"
"Fzd3",0.010375354327401,0.95,"14","frizzled class receptor 3"
"Pip5k1a",0.0103730202129935,0.8956,"3","phosphatidylinositol-4-phosphate 5-kinase, type 1 alpha"
"Kcnq2",-0.0103308378860998,0.9388,"2","potassium voltage-gated channel, subfamily Q, member 2"
"Gigyf2",0.010320502287442,0.9048,"1","GRB10 interacting GYF protein 2"
"Cmpk2",-0.0103153053835863,0.9456,"12","cytidine monophosphate (UMP-CMP) kinase 2, mitochondrial"
"Ppp1r12b",-0.0103030154402708,0.8924,"1","protein phosphatase 1, regulatory subunit 12B"
"Rnf10",-0.0102824786436351,0.8928,"5","ring finger protein 10"
"Leprotl1",-0.0102624263370208,0.9132,"8","leptin receptor overlapping transcript-like 1"
"Efcab14",0.0102561144288815,0.9172,"4","EF-hand calcium binding domain 14"
"Slc8a2",0.0102182279528584,0.8964,"7","solute carrier family 8 (sodium/calcium exchanger), member 2"
"Ccdc6",-0.0101768981510713,0.8096,"10","coiled-coil domain containing 6"
"Gdf11",0.0101445150751207,0.8944,"10","growth differentiation factor 11"
"Arpc5",0.0101399624097382,0.8984,"1","actin related protein 2/3 complex, subunit 5"
"Nutf2",0.0101305358638033,0.8788,"8","nuclear transport factor 2"
"Adam22",-0.0101251705805243,0.9184,"5","a disintegrin and metallopeptidase domain 22"
"Ulk1",0.0101089605137465,0.8776,"5","unc-51 like kinase 1"
"Arhgef4",0.010100316944003,0.89,"1","Rho guanine nucleotide exchange factor (GEF) 4"
"Hepacam",0.0100940231967863,0.9776,"9","hepatocyte cell adhesion molecule"
"Drosha",0.0100914038699758,0.8716,"15","drosha, ribonuclease type III"
"Shoc2",-0.0100853645707604,0.9228,"19","Shoc2, leucine rich repeat scaffold protein"
"Hgh1",0.0100744029450799,0.9308,"15","HGH1 homolog"
"Enah",-0.0100726406842719,0.8852,"1","ENAH actin regulator"
"Grm7",0.0100568554834393,0.9264,"6","glutamate receptor, metabotropic 7"
"Selenos",0.0100499185086349,0.9232,"7","selenoprotein S"
"Xpo5",-0.0100350882215885,0.8812,"17","exportin 5"
"Atxn7l3",0.0100293987135061,0.9092,"11","ataxin 7-like 3"
"Usp42",-0.0100153075000344,0.902,"5","ubiquitin specific peptidase 42"
"Armcx2",0.0100125748873365,0.898,"X","armadillo repeat containing, X-linked 2"
"Got2",0.0100073521805149,0.8152,"8","glutamatic-oxaloacetic transaminase 2, mitochondrial"
"Atf7",-0.0100044172700908,0.9264,"15","activating transcription factor 7"
"Habp4",-0.0100014972245281,0.876,"13","hyaluronic acid binding protein 4"
"Bicd2",0.00999898008386424,0.9328,"13","BICD cargo adaptor 2"
"Eif1a",-0.00999768335088547,0.956,"18","eukaryotic translation initiation factor 1A"
"Nol11",-0.00999093048231003,0.8812,"11","nucleolar protein 11"
"Rtl8c",0.00997805382383188,0.9164,"X","retrotransposon Gag like 8C"
"Ncstn",0.00996518543148284,0.8644,"1","nicastrin"
"Zfand3",0.00993898730371434,0.9104,"17","zinc finger, AN1-type domain 3"
"Arfgap3",-0.00993298288851641,0.918,"15","ADP-ribosylation factor GTPase activating protein 3"
"Ints14",0.00993056153086425,0.9044,"9","integrator complex subunit 14"
"Srebf2",0.00992444836789108,0.8532,"15","sterol regulatory element binding factor 2"
"Ifnar2",0.00990478357629554,0.8272,"16","interferon (alpha and beta) receptor 2"
"Atg9a",0.00987880953143172,0.872,"1","autophagy related 9A"
"Actr2",-0.00986845762220945,0.8928,"11","ARP2 actin-related protein 2"
"Tmem97",-0.00985905077953664,0.9368,"11","transmembrane protein 97"
"Eif1ax",0.00985507923177131,0.966,"X","eukaryotic translation initiation factor 1A, X-linked"
"Rcl1",-0.00984203425257624,0.942,"19","RNA terminal phosphate cyclase-like 1"
"Pfkp",-0.00984136077590669,0.858,"13","phosphofructokinase, platelet"
"Smim14",-0.00982292119516437,0.876,"5","small integral membrane protein 14"
"Spopl",0.00982128269040139,0.9872,"2","speckle-type BTB/POZ protein-like"
"Ubxn6",0.00982083694539249,0.948,"17","UBX domain protein 6"
"Ogfod3",-0.00981675573015783,0.9424,"11","2-oxoglutarate and iron-dependent oxygenase domain containing 3"
"Rab14",0.00980403966546373,0.9284,"2","RAB14, member RAS oncogene family"
"Gabbr1",0.00979229740015342,0.8848,"17","gamma-aminobutyric acid (GABA) B receptor, 1"
"Apmap",-0.00978622832428577,0.9224,"2","adipocyte plasma membrane associated protein"
"Tmem185b",0.00977113397892149,0.9512,"1","transmembrane protein 185B"
"Dtnb",0.00977078726761782,0.8648,"12","dystrobrevin, beta"
"Lmna",0.0097588094817791,0.8976,"3","lamin A"
"Ccar2",0.00972097670011873,0.854,"14","cell cycle activator and apoptosis regulator 2"
"Kcng2",0.00971937633619291,0.94,"18","potassium voltage-gated channel, subfamily G, member 2"
"Tafa1",0.00971776503581268,0.9556,"6","TAFA chemokine like family member 1"
"Pms2",0.0097052965098321,0.9376,"5","PMS1 homolog2, mismatch repair system component"
"Nf2",-0.00969936350502287,0.8588,"11","neurofibromin 2"
"Zfp524",0.00969694547819433,0.9528,"7","zinc finger protein 524"
"Zbtb21",0.00969670060317451,0.8916,"16","zinc finger and BTB domain containing 21"
"Rfxap",0.00969625017695463,0.924,"3","regulatory factor X-associated protein"
"Mif4gd",-0.0096553335897589,0.9296,"11","MIF4G domain containing"
"Letm1",0.00965198065528927,0.8384,"5","leucine zipper-EF-hand containing transmembrane protein 1"
"Stat3",0.00965134494022379,0.904,"11","signal transducer and activator of transcription 3"
"Tbc1d2b",-0.00964553327703221,0.9188,"9","TBC1 domain family, member 2B"
"Rpn2",-0.00962038753610273,0.9084,"2","ribophorin II"
"Hapln1",-0.00959378477238459,0.9148,"13","hyaluronan and proteoglycan link protein 1"
"Ndufa1",-0.0095799308623441,0.8692,"X","NADH:ubiquinone oxidoreductase subunit A1"
"Phrf1",0.00957892888009848,0.9188,"7","PHD and ring finger domains 1"
"Il12rb2",-0.00957871364475271,0.9788,"6","interleukin 12 receptor, beta 2"
"Nelfe",0.00953947196395433,0.9408,"17","negative elongation factor complex member E, Rdbp"
"Rhbdl3",-0.00950926093486437,0.8772,"11","rhomboid like 3"
"Abcd3",0.00950726384025913,0.902,"3","ATP-binding cassette, sub-family D (ALD), member 3"
"Ruvbl2",0.00949537729870897,0.9452,"7","RuvB-like protein 2"
"Nudt12",-0.00947941983797396,0.9112,"17","nudix (nucleoside diphosphate linked moiety X)-type motif 12"
"Nop58",0.00947155239222131,0.9176,"1","NOP58 ribonucleoprotein"
"Msra",0.00946244615765313,0.8992,"14","methionine sulfoxide reductase A"
"Gria4",-0.00945081684727533,0.9184,"9","glutamate receptor, ionotropic, AMPA4 (alpha 4)"
"Gys1",-0.00944778684332803,0.9504,"7","glycogen synthase 1, muscle"
"Arl6ip1",-0.00943980573764058,0.9212,"7","ADP-ribosylation factor-like 6 interacting protein 1"
"Zfp382",0.00943106879958844,0.9328,"7","zinc finger protein 382"
"Gnai1",0.00942535298502367,0.9544,"5","guanine nucleotide binding protein (G protein), alpha inhibiting 1"
"Ssbp3",0.00940427339694239,0.8864,"4","single-stranded DNA binding protein 3"
"Dok7",0.00940217484869432,0.9416,"5","docking protein 7"
"Szrd1",-0.00939569573171095,0.8848,"4","SUZ RNA binding domain containing 1"
"Kcnc2",-0.00939348697700382,0.8696,"10","potassium voltage gated channel, Shaw-related subfamily, member 2"
"Ppm1a",0.00938669808733117,0.924,"12","protein phosphatase 1A, magnesium dependent, alpha isoform"
"R3hdm2",0.0093767736991639,0.8952,"10","R3H domain containing 2"
"Ogg1",0.0093756104658671,0.9476,"6","8-oxoguanine DNA-glycosylase 1"
"Eif4e3",0.00937283425303281,0.9656,"6","eukaryotic translation initiation factor 4E member 3"
"Rgs10",0.0093667522309353,0.9248,"7","regulator of G-protein signalling 10"
"Zswim7",0.00935890302928422,0.908,"11","zinc finger SWIM-type containing 7"
"Dr1",0.00935489495275998,0.9576,"5","down-regulator of transcription 1"
"Fut10",-0.00934706435556087,0.9224,"8","fucosyltransferase 10"
"Zfp410",0.00934356068805098,0.9304,"12","zinc finger protein 410"
"Ago1",-0.00934176768467321,0.8792,"4","argonaute RISC catalytic subunit 1"
"Anks1b",-0.00933175217607563,0.9424,"10","ankyrin repeat and sterile alpha motif domain containing 1B"
"Gatad1",0.00932343810097347,0.9028,"5","GATA zinc finger domain containing 1"
"Adgrb3",0.00931681853470323,0.9064,"1","adhesion G protein-coupled receptor B3"
"Rtn4rl2",-0.00931328944136389,0.9088,"2","reticulon 4 receptor-like 2"
"Stard9",-0.00930664365392886,0.972,"2","START domain containing 9"
"Tom1",-0.00930221608964921,0.9112,"8","target of myb1 trafficking protein"
"Smim8",0.00929991313104406,0.9344,"4","small integral membrane protein 8"
"Mtus2",0.00929707144428704,0.9376,"5","microtubule associated tumor suppressor candidate 2"
"Phf21a",0.00929646821176977,0.9284,"2","PHD finger protein 21A"
"Nf1",-0.00928353842839336,0.9044,"11","neurofibromin 1"
"Macrod1",-0.00927656307269764,0.9476,"19","mono-ADP ribosylhydrolase 1"
"Stk40",-0.00927191920211801,0.9032,"4","serine/threonine kinase 40"
"Csmd2",0.00925646494453325,0.9212,"4","CUB and Sushi multiple domains 2"
"Mtss2",-0.00925325164670276,0.874,"8","MTSS I-BAR domain containing 2"
"Add3",-0.00924592117892242,0.8448,"19","adducin 3 (gamma)"
"Rgmb",-0.00922670930975755,0.886,"17","repulsive guidance molecule family member B"
"Cdk19",-0.00922069692262717,0.88,"10","cyclin-dependent kinase 19"
"Crot",0.00921382735513188,0.9056,"5","carnitine O-octanoyltransferase"
"Aco2",0.00920491597198314,0.9164,"15","aconitase 2, mitochondrial"
"Ceacam1",-0.00919492953300782,0.9712,"7","CEA cell adhesion molecule 1"
"Phf6",0.00917822171211835,0.9272,"X","PHD finger protein 6"
"Asxl2",-0.00917687016506363,0.9772,"12","ASXL transcriptional regulator 2"
"B4galt2",-0.00917274121610401,0.9,"4","UDP-Gal:betaGlcNAc beta 1,4- galactosyltransferase, polypeptide 2"
"Ubxn1",0.0091719817544007,0.9544,"19","UBX domain protein 1"
"Dlg1",0.00917094502447213,0.9004,"16","discs large MAGUK scaffold protein 1"
"Selenot",-0.00916834853004467,0.934,"3","selenoprotein T"
"Zfpm2",0.00915563490003191,0.942,"15","zinc finger protein, multitype 2"
"C1ql3",0.00915325312269921,0.9492,"2","C1q-like 3"
"Sdha",-0.00914978668730448,0.922,"13","succinate dehydrogenase complex, subunit A, flavoprotein (Fp)"
"Cyp2j12",-0.00913510288291297,0.9716,"4","cytochrome P450, family 2, subfamily j, polypeptide 12"
"Gm9776",-0.00912114944739351,0.976,"13","predicted gene 9776"
"Xpo6",0.00911813506841153,0.9024,"7","exportin 6"
"Rad51c",-0.00911466620202894,0.98,"11","RAD51 paralog C"
"Trim37",0.00910753734332381,0.8924,"11","tripartite motif-containing 37"
"Krt222",0.00910474139383677,0.9428,"11","keratin 222"
"Ubl3",-0.00909120819004805,0.9084,"5","ubiquitin-like 3"
"Tsr2",0.00907166827114292,0.9204,"X","TSR2 20S rRNA accumulation"
"Rfwd3",0.00907111706627095,0.8908,"8","ring finger and WD repeat domain 3"
"Golm1",0.00905848945277477,0.8936,"13","golgi membrane protein 1"
"Fhad1",0.00901818074282978,0.9548,"4","forkhead-associated (FHA) phosphopeptide binding domain 1"
"Trim24",-0.00899204121092279,0.902,"6","tripartite motif-containing 24"
"Nelfb",-0.00898000644592756,0.9468,"2","negative elongation factor complex member B"
"Atp5g2",0.0089720119512986,0.9256,"15","ATP synthase, H+ transporting, mitochondrial F0 complex, subunit C2 (subunit 9)"
"Cbfa2t2",-0.00897200425320932,0.9016,"2","CBFA2/RUNX1 translocation partner 2"
"Specc1l",0.00897162488934633,0.9276,"10","sperm antigen with calponin homology and coiled-coil domains 1-like"
"Tlcd4",0.00896667769098247,0.8764,"3","TLC domain containing 4"
"Rlbp1",0.00896478978749249,0.9276,"7","retinaldehyde binding protein 1"
"Irak2",0.00895240874700409,0.9264,"6","interleukin-1 receptor-associated kinase 2"
"Sphk2",0.00895054696935915,0.8804,"7","sphingosine kinase 2"
"Ptk2",0.00894466941485295,0.8924,"15","PTK2 protein tyrosine kinase 2"
"Urm1",0.00893954923634244,0.9144,"2","ubiquitin related modifier 1"
"Tmem38a",0.00893087723268504,0.926,"8","transmembrane protein 38A"
"Ctsa",0.0089305515210194,0.8976,"2","cathepsin A"
"Elf2",-0.00892253120949427,0.9004,"3","E74-like factor 2"
"Smg7",0.00887494726892246,0.904,"1","SMG7 nonsense mediated mRNA decay factor"
"Bcl11b",0.0088739685472552,0.9628,"12","B cell leukemia/lymphoma 11B"
"Rilpl2",-0.00886465690785254,0.9244,"5","Rab interacting lysosomal protein-like 2"
"Lgalsl",-0.00885028509790864,0.8804,"11","galectin like"
"Blcap",-0.00883865702428555,0.934,"2","bladder cancer associated protein"
"Dmd",0.00882110025797722,0.9332,"X","dystrophin, muscular dystrophy"
"Gramd1b",0.00882101414162939,0.94,"9","GRAM domain containing 1B"
"Anapc15",0.00881357714367237,0.9448,"7","anaphase promoting complex C subunit 15"
"Spry2",0.00875832000807097,0.9516,"14","sprouty RTK signaling antagonist 2"
"Slc16a13",0.00875539535124181,0.9504,"11","solute carrier family 16 (monocarboxylic acid transporters), member 13"
"Hey2",-0.0087418875356895,0.986,"10","hairy/enhancer-of-split related with YRPW motif 2"
"Phf13",0.00873924416255045,0.9688,"4","PHD finger protein 13"
"Pip5k1c",-0.00873738057496176,0.9524,"10","phosphatidylinositol-4-phosphate 5-kinase, type 1 gamma"
"Sh3gl2",-0.008737370059821,0.9292,"4","SH3-domain GRB2-like 2"
"Ap5z1",0.0087298637759563,0.906,"5","adaptor-related protein complex 5, zeta 1 subunit"
"Dner",0.00872960892011498,0.8292,"1","delta/notch-like EGF repeat containing"
"Dennd4b",0.00871335423683917,0.9312,"3","DENN/MADD domain containing 4B"
"Dnajc10",-0.00870881905646037,0.8996,"2","DnaJ heat shock protein family (Hsp40) member C10"
"Dapk3",-0.00870279497322901,0.9296,"10","death-associated protein kinase 3"
"Tmem229a",0.00870177681488649,0.9416,"6","transmembrane protein 229A"
"Ppfia3",-0.00869178597724662,0.8932,"7","protein tyrosine phosphatase, receptor type, f polypeptide (PTPRF), interacting protein (liprin), alpha 3"
"Os9",-0.00868481705505797,0.8932,"10","amplified in osteosarcoma"
"Slf1",-0.00868238912843022,0.9352,"13","SMC5-SMC6 complex localization factor 1"
"Fry",-0.00867144282134902,0.8916,"5","FRY microtubule binding protein"
"Ist1",-0.00867100905634643,0.9368,"8","increased sodium tolerance 1 homolog (yeast)"
"Tmem135",0.00866017154629617,0.9252,"7","transmembrane protein 135"
"Ndufa11",0.00864937746116023,0.9504,"17","NADH:ubiquinone oxidoreductase subunit A11"
"Gpi1",-0.00864293334895549,0.9452,"7","glucose-6-phosphate isomerase 1"
"Arid1b",0.00864291122140415,0.92,"17","AT rich interactive domain 1B (SWI-like)"
"Cdkn2aipnl",0.008621816857179,0.896,"11","CDKN2A interacting protein N-terminal like"
"Rrn3",-0.00861204480978017,0.8824,"16","RRN3 RNA polymerase I transcription factor homolog (yeast)"
"Amigo3",0.00860286397818877,0.9684,"9","adhesion molecule with Ig like domain 3"
"Kmt2c",0.00859137797210607,0.9348,"5","lysine (K)-specific methyltransferase 2C"
"Ubap1l",0.00857565177174813,0.9796,"9","ubiquitin-associated protein 1-like"
"Ints9",0.00856802539309776,0.9276,"14","integrator complex subunit 9"
"Ercc4",0.00855957878694991,0.9036,"16","excision repair cross-complementing rodent repair deficiency, complementation group 4"
"E130308A19Rik",-0.00855684101165899,0.8832,"4","RIKEN cDNA E130308A19 gene"
"Rnf115",-0.00854951514993374,0.9564,"3","ring finger protein 115"
"Slco3a1",0.0085403624781657,0.9452,"7","solute carrier organic anion transporter family, member 3a1"
"Serinc2",0.00853619124604865,0.9792,"4","serine incorporator 2"
"Slc17a7",-0.00850730671013267,0.9268,"7","solute carrier family 17 (sodium-dependent inorganic phosphate cotransporter), member 7"
"Mapk1",-0.00850240492873056,0.944,"16","mitogen-activated protein kinase 1"
"Mndal",0.00850034783253939,0.9548,"1","myeloid nuclear differentiation antigen like"
"Smarcc1",0.00847576810047723,0.864,"9","SWI/SNF related, matrix associated, actin dependent regulator of chromatin, subfamily c, member 1"
"Dnajb4",-0.00846895178957396,0.9332,"3","DnaJ heat shock protein family (Hsp40) member B4"
"Syt14",-0.00846790344443082,0.946,"1","synaptotagmin XIV"
"Exoc1",-0.00842971348479438,0.8968,"5","exocyst complex component 1"
"Lsm14a",0.00842737571428298,0.8988,"7","LSM14A mRNA processing body assembly factor"
"Cnnm4",0.00842716839339186,0.9232,"1","cyclin M4"
"Ehbp1",0.00842297574132189,0.9176,"11","EH domain binding protein 1"
"Pxmp4",-0.00839836729076637,0.9232,"2","peroxisomal membrane protein 4"
"Srl",0.00838996285338744,0.9452,"16","sarcalumenin"
"Kbtbd7",0.00838224922631525,0.9384,"14","kelch repeat and BTB (POZ) domain containing 7"
"Zfp319",0.00837551468421527,0.8356,"8","zinc finger protein 319"
"Jak2",0.00836697460102442,0.9384,"19","Janus kinase 2"
"Rbm34",-0.0083635908066948,0.9496,"8","RNA binding motif protein 34"
"Zfp111",-0.00835732292284685,0.9612,"7","zinc finger protein 111"
"Pias3",-0.00835007936660492,0.8124,"3","protein inhibitor of activated STAT 3"
"Ube2v2",-0.00834752917271508,0.9176,"16","ubiquitin-conjugating enzyme E2 variant 2"
"Mipep",-0.00834268857399145,0.93,"14","mitochondrial intermediate peptidase"
"Litaf",0.00829795076787576,0.954,"16","LPS-induced TN factor"
"Gtf3c1",-0.00828582971257408,0.9392,"7","general transcription factor III C 1"
"Lpin2",-0.00828407301512168,0.9368,"17","lipin 2"
"Sbds",0.00827833337054518,0.9092,"5","SBDS ribosome maturation factor"
"Zfp239",0.00827293167873044,0.9432,"6","zinc finger protein 239"
"Vcpip1",0.00826238301938265,0.9512,"1","valosin containing protein (p97)/p47 complex interacting protein 1"
"Rhebl1",0.00826210444396436,0.9448,"15","Ras homolog enriched in brain like 1"
"Mapk10",-0.0082445305056762,0.9124,"5","mitogen-activated protein kinase 10"
"Thg1l",-0.00823707800705442,0.928,"11","tRNA-histidine guanylyltransferase 1-like (S. cerevisiae)"
"Pbx2",0.00822319862617515,0.9128,"17","pre B cell leukemia homeobox 2"
"Tnni1",0.0081828304121303,0.9704,"1","troponin I, skeletal, slow 1"
"Mbd2",0.00817956699230127,0.882,"18","methyl-CpG binding domain protein 2"
"Fam133b",0.00817953152696393,0.9396,"5","family with sequence similarity 133, member B"
"Npas2",-0.00816261801347462,0.9708,"1","neuronal PAS domain protein 2"
"Prkd3",0.00816220562557213,0.9608,"17","protein kinase D3"
"Cbx6",0.00815513269692225,0.9604,"15","chromobox 6"
"Gjc3",0.00814978621013029,0.9308,"5","gap junction protein, gamma 3"
"Tm2d2",-0.00814687776501088,0.962,"8","TM2 domain containing 2"
"Prrc2c",0.00814255925727991,0.9304,"1","proline-rich coiled-coil 2C"
"Ldah",-0.00814199009457539,0.84,"12","lipid droplet associated hydrolase"
"Klf15",-0.00813164690363255,0.9656,"6","Kruppel-like factor 15"
"Ulk2",-0.008126334166775,0.9188,"11","unc-51 like kinase 2"
"Sys1",-0.00812343487265199,0.9552,"2","SYS1 Golgi-localized integral membrane protein homolog (S. cerevisiae)"
"Mrpl34",0.0081124261937342,0.9424,"8","mitochondrial ribosomal protein L34"
"Dpysl5",0.00810296707814828,0.9228,"5","dihydropyrimidinase-like 5"
"Ankrd13a",0.00809579260923421,0.9736,"5","ankyrin repeat domain 13a"
"Ttc28",0.00807059318655323,0.9164,"5","tetratricopeptide repeat domain 28"
"Ppp1r16b",0.00806051933517704,0.9396,"2","protein phosphatase 1, regulatory subunit 16B"
"Gm42517",-0.0080576557586598,0.9256,"5","predicted gene 42517"
"Fam91a1",0.00805656502117369,0.9628,"15","family with sequence similarity 91, member A1"
"Dlat",0.00805038385104684,0.94,"9","dihydrolipoamide S-acetyltransferase (E2 component of pyruvate dehydrogenase complex)"
"Rcbtb2",-0.00804562884969329,0.9088,"14","regulator of chromosome condensation (RCC1) and BTB (POZ) domain containing protein 2"
"Nexmif",-0.0080429060859597,0.9836,"X","neurite extension and migration factor"
"Cmtm5",0.00803139899457594,0.9424,"14","CKLF-like MARVEL transmembrane domain containing 5"
"Nme3",0.00799222636002828,0.9536,"17","NME/NM23 nucleoside diphosphate kinase 3"
"Slc19a2",-0.0079828289964694,0.9408,"1","solute carrier family 19 (thiamine transporter), member 2"
"Ap3d1",0.00797922321871347,0.8444,"10","adaptor-related protein complex 3, delta 1 subunit"
"Pink1",0.00795230175108053,0.9624,"4","PTEN induced putative kinase 1"
"Pou3f3",-0.00795002370322884,0.9504,"1","POU domain, class 3, transcription factor 3"
"Mcu",0.00794618190828178,0.9536,"10","mitochondrial calcium uniporter"
"Clstn2",-0.00792804573248507,0.852,"9","calsyntenin 2"
"Grm1",0.00791640451032638,0.9504,"10","glutamate receptor, metabotropic 1"
"Gtf2i",0.0079091288286115,0.8184,"5","general transcription factor II I"
"Plcg2",0.00790905355231342,0.898,"8","phospholipase C, gamma 2"
"Ttc1",0.00790252447307527,0.8912,"11","tetratricopeptide repeat domain 1"
"Zfp282",0.00789701214879379,0.986,"6","zinc finger protein 282"
"Chac1",-0.00789241062733126,0.9372,"2","ChaC, cation transport regulator 1"
"Elavl1",0.00787358912015712,0.9084,"8","ELAV (embryonic lethal, abnormal vision)-like 1 (Hu antigen R)"
"Dlg5",-0.00786381635279199,0.9252,"14","discs large MAGUK scaffold protein 5"
"Zfp605",0.00784691353504252,0.9408,"5","zinc finger protein 605"
"Rmdn1",0.00783743603198062,0.986,"4","regulator of microtubule dynamics 1"
"Fam120a",0.00783716566625436,0.8896,"13","family with sequence similarity 120, member A"
"Rc3h2",0.00783381883785506,0.9132,"2","ring finger and CCCH-type zinc finger domains 2"
"Actr6",0.00781955306076565,0.9584,"10","ARP6 actin-related protein 6"
"Hs1bp3",0.0077872076433172,0.9312,"12","HCLS1 binding protein 3"
"Trak2",-0.00778106970695269,0.9672,"1","trafficking protein, kinesin binding 2"
"Flrt3",0.00777095062983246,0.9,"2","fibronectin leucine rich transmembrane protein 3"
"Ergic3",0.00775608460296606,0.9388,"2","ERGIC and golgi 3"
"Sptb",-0.00774576373404834,0.9852,"12","spectrin beta, erythrocytic"
"4930581F22Rik",-0.00774341316326721,0.9656,"9","RIKEN cDNA 4930581F22 gene"
"Camsap2",0.00772539297778163,0.9724,"1","calmodulin regulated spectrin-associated protein family, member 2"
"Ints6",0.00771025154226646,0.962,"14","integrator complex subunit 6"
"Irf2bp1",-0.00770854773789864,0.9252,"7","interferon regulatory factor 2 binding protein 1"
"Abitram",0.00769962288271131,0.9084,"4","actin binding transcription modulator"
"Col25a1",-0.00769388793155557,0.946,"3","collagen, type XXV, alpha 1"
"Zzef1",-0.00769098232822873,0.9404,"11","zinc finger, ZZ-type with EF hand domain 1"
"Ube3a",-0.00765705596086352,0.9612,"7","ubiquitin protein ligase E3A"
"Fbxl19",0.00764528199682513,0.9496,"7","F-box and leucine-rich repeat protein 19"
"Iqub",-0.00763355845879632,0.9828,"6","IQ motif and ubiquitin domain containing"
"Mon2",-0.00763107677120889,0.9156,"10","MON2 homolog, regulator of endosome to Golgi trafficking"
"Alyref",-0.00762628597994564,0.9236,"11","Aly/REF export factor"
"Huwe1",-0.00761143085593474,0.982,"X","HECT, UBA and WWE domain containing 1"
"Igf1",-0.00761139909706987,0.966,"10","insulin-like growth factor 1"
"Terf2",-0.00760378907741455,0.9124,"8","telomeric repeat binding factor 2"
"Adgrl1",0.0075945832014348,0.9448,"8","adhesion G protein-coupled receptor L1"
"Ak3",-0.00759416681211711,0.9336,"19","adenylate kinase 3"
"Dcc",-0.00757454150482939,0.9532,"18","deleted in colorectal carcinoma"
"Neto2",0.00755709896105028,0.9524,"8","neuropilin (NRP) and tolloid (TLL)-like 2"
"Lrrc59",-0.00755653131083278,0.9196,"11","leucine rich repeat containing 59"
"Med8",-0.00755597723689938,0.8968,"4","mediator complex subunit 8"
"Ppip5k1",0.00750281083649629,0.9444,"2","diphosphoinositol pentakisphosphate kinase 1"
"Hbp1",-0.0075020037607576,0.9212,"12","high mobility group box transcription factor 1"
"Lysmd3",-0.00748327069421517,0.978,"13","LysM, putative peptidoglycan-binding, domain containing 3"
"Gna13",-0.00746324517451402,0.886,"11","guanine nucleotide binding protein, alpha 13"
"Ttc23",-0.00745404592676335,0.9928,"7","tetratricopeptide repeat domain 23"
"Srcin1",0.00745331991471332,0.9248,"11","SRC kinase signaling inhibitor 1"
"Rab6b",-0.00743714057662714,0.9188,"9","RAB6B, member RAS oncogene family"
"Lsm1",-0.00739862478296693,0.9348,"8","LSM1 homolog, mRNA degradation associated"
"Ttc7b",0.00739233950985341,0.9152,"12","tetratricopeptide repeat domain 7B"
"Rnf157",0.00738730767860041,0.928,"11","ring finger protein 157"
"Prkar1a",0.00738368393443523,0.908,"11","protein kinase, cAMP dependent regulatory, type I, alpha"
"Pou2f2",0.00735677133505197,0.9816,"7","POU domain, class 2, transcription factor 2"
"Pbdc1",0.00735431451198565,0.9,"X","polysaccharide biosynthesis domain containing 1"
"2310039H08Rik",-0.0073305988490906,0.9636,"17","RIKEN cDNA 2310039H08 gene"
"Aagab",0.00732651988667588,0.832,"9","alpha- and gamma-adaptin binding protein"
"Gpr137b",0.00731231482813222,0.9724,"13","G protein-coupled receptor 137B"
"Smc1a",0.00729577806004933,0.9404,"X","structural maintenance of chromosomes 1A"
"Cep131",0.00729368422025889,0.9584,"11","centrosomal protein 131"
"Mknk2",0.00728873257732499,0.9336,"10","MAP kinase-interacting serine/threonine kinase 2"
"Ostm1",-0.00728506418093122,0.946,"10","osteopetrosis associated transmembrane protein 1"
"Lemd2",-0.00726937510771108,0.9152,"17","LEM domain containing 2"
"Myt1",0.00726349500948409,0.976,"2","myelin transcription factor 1"
"Rnf168",-0.00726323981249166,0.9476,"16","ring finger protein 168"
"Aamp",-0.00726097366782064,0.9524,"1","angio-associated migratory protein"
"Imp3",-0.00725436789770839,0.9724,"9","IMP3, U3 small nucleolar ribonucleoprotein"
"Clpb",-0.00723666966138126,0.9616,"7","ClpB caseinolytic peptidase B"
"Cadps2",0.00723582010416735,0.9776,"6","Ca2+-dependent activator protein for secretion 2"
"Osgin2",-0.0072317692737327,0.9088,"4","oxidative stress induced growth inhibitor family member 2"
"Chml",0.00719945999738947,0.9532,"1","choroideremia-like"
"Dync1i1",-0.00719835273012848,0.9484,"6","dynein cytoplasmic 1 intermediate chain 1"
"Fam53c",0.00719063805583353,0.8968,"18","family with sequence similarity 53, member C"
"Mcee",-0.00718122014462619,0.9372,"7","methylmalonyl CoA epimerase"
"Prr18",0.00717985056239012,0.974,"17","proline rich 18"
"Olfml2b",-0.00716763863797709,0.9188,"1","olfactomedin-like 2B"
"Zmym2",-0.00716704982186833,0.9476,"14","zinc finger, MYM-type 2"
"Xrcc5",0.00714242273189036,0.916,"1","X-ray repair complementing defective repair in Chinese hamster cells 5"
"Snx6",0.00713973873128548,0.942,"12","sorting nexin 6"
"Kdm1a",0.00712718312608285,0.9368,"4","lysine (K)-specific demethylase 1A"
"Bahd1",-0.00712662693572952,0.928,"2","bromo adjacent homology domain containing 1"
"Fyttd1",0.0071247797851397,0.9156,"16","forty-two-three domain containing 1"
"Minar2",-0.00712325646549594,0.9372,"18","membrane integral NOTCH2 associated receptor 2"
"Sec24d",-0.00710965490123261,0.944,"3","Sec24 related gene family, member D (S. cerevisiae)"
"Fer1l5",0.00710017164528054,0.924,"1","fer-1-like 5 (C. elegans)"
"Xrn1",0.0070888644678071,0.978,"9","5'-3' exoribonuclease 1"
"Itch",-0.00708873084112582,0.9344,"2","itchy, E3 ubiquitin protein ligase"
"Tmppe",-0.00706105273215796,0.9308,"9","transmembrane protein with metallophosphoesterase domain"
"Secisbp2",0.0070510884236068,0.9404,"13","SECIS binding protein 2"
"Plekhb2",-0.00705045641020785,0.9188,"1","pleckstrin homology domain containing, family B (evectins) member 2"
"Cox15",-0.0070451673830858,0.9332,"19","cytochrome c oxidase assembly protein 15"
"Mvb12b",-0.00703180514673019,0.95,"2","multivesicular body subunit 12B"
"Cdc73",-0.00702937701203421,0.9512,"1","cell division cycle 73, Paf1/RNA polymerase II complex component"
"Coro7",-0.00701957621164784,0.9084,"16","coronin 7"
"Btrc",-0.00700289182402436,0.9096,"19","beta-transducin repeat containing protein"
"Gnl3l",0.00700161683505751,0.9224,"X","guanine nucleotide binding protein-like 3 (nucleolar)-like"
"Snx27",-0.00698441677683004,0.902,"3","sorting nexin family member 27"
"Fnbp1",-0.00697885268575238,0.9348,"2","formin binding protein 1"
"Eif2s1",-0.00694599207322266,0.9372,"12","eukaryotic translation initiation factor 2, subunit 1 alpha"
"Slc16a1",0.00693684468781619,0.9344,"3","solute carrier family 16 (monocarboxylic acid transporters), member 1"
"Dtnbp1",0.00693459257828799,0.9224,"13","dystrobrevin binding protein 1"
"Gna12",0.00692666269186759,0.956,"5","guanine nucleotide binding protein, alpha 12"
"Sco1",-0.00691284569942718,0.9472,"11","SCO1 cytochrome c oxidase assembly protein"
"Galnt9",0.00690882187220421,0.9288,"5","polypeptide N-acetylgalactosaminyltransferase 9"
"Ncor1",0.00690730472364542,0.9188,"11","nuclear receptor co-repressor 1"
"Fbxl14",0.00690727480904929,0.9484,"6","F-box and leucine-rich repeat protein 14"
"Mlip",0.00689701425357114,0.8964,"9","muscular LMNA-interacting protein"
"Tet3",0.00688521136783748,0.9416,"6","tet methylcytosine dioxygenase 3"
"Basp1",-0.00688477034234225,0.9428,"15","brain abundant, membrane attached signal protein 1"
"Ccdc82",0.0068768794223808,0.9624,"9","coiled-coil domain containing 82"
"B3gnt2",0.00683370865363386,0.882,"11","UDP-GlcNAc:betaGal beta-1,3-N-acetylglucosaminyltransferase 2"
"Car2",0.00683095115066479,0.954,"3","carbonic anhydrase 2"
"Zfp174",0.00681080602389805,0.946,"16","zinc finger protein 174"
"Itsn1",-0.0068085272468581,0.9384,"16","intersectin 1 (SH3 domain protein 1A)"
"Braf",0.00680643094691913,0.926,"6","Braf transforming gene"
"Lypla1",-0.00677128357928947,0.9404,"1","lysophospholipase 1"
"Abhd12",-0.00676326021132923,0.9496,"2","abhydrolase domain containing 12"
"Mettl9",-0.00676294656444743,0.922,"7","methyltransferase like 9"
"Taok3",0.0067626088871835,0.9384,"5","TAO kinase 3"
"Actl6a",0.00675654038790263,0.9428,"3","actin-like 6A"
"Slc4a10",0.00675595456041833,0.9872,"2","solute carrier family 4, sodium bicarbonate cotransporter-like, member 10"
"Crkl",-0.00674365988541048,0.9008,"16","v-crk avian sarcoma virus CT10 oncogene homolog-like"
"Gadd45gip1",0.00673283875098285,0.9204,"8","growth arrest and DNA-damage-inducible, gamma interacting protein 1"
"Canx",0.00673280189906222,0.92,"11","calnexin"
"Lratd2",-0.00672874632944431,0.9548,"15","LRAT domain containing 1"
"Camk2b",-0.00672476068575278,0.9124,"11","calcium/calmodulin-dependent protein kinase II, beta"
"Phyh",0.00672348523880029,0.9236,"2","phytanoyl-CoA hydroxylase"
"Zfp458",-0.00670723606151258,0.9172,"13","zinc finger protein 458"
"Rce1",-0.00670479000192126,0.9164,"19","Ras converting CAAX endopeptidase 1"
"Fam210a",-0.00668297018111907,0.9204,"18","family with sequence similarity 210, member A"
"Nr2e1",-0.006672392726224,0.9364,"10","nuclear receptor subfamily 2, group E, member 1"
"Sart3",0.00666944229698352,0.8904,"5","squamous cell carcinoma antigen recognized by T cells 3"
"Acly",-0.0066679531264402,0.9492,"11","ATP citrate lyase"
"Fastkd2",-0.00666748412512286,0.874,"1","FAST kinase domains 2"
"Cpeb4",0.00666287551488676,0.968,"11","cytoplasmic polyadenylation element binding protein 4"
"Cbwd1",-0.00664575312093163,0.9376,"19","COBW domain containing 1"
"L3mbtl3",0.00663898412528141,0.934,"10","L3MBTL3 histone methyl-lysine binding protein"
"Ptch1",0.00661498683948203,0.9532,"13","patched 1"
"Sptbn2",0.00659236995899271,0.9704,"19","spectrin beta, non-erythrocytic 2"
"Calm3",0.00657057371191527,0.9212,"7","calmodulin 3"
"Ankrd29",0.00656494411591702,0.956,"18","ankyrin repeat domain 29"
"Iqsec2",-0.00654058764129672,0.9624,"X","IQ motif and Sec7 domain 2"
"Tubgcp4",-0.00650726007954772,0.9296,"2","tubulin, gamma complex associated protein 4"
"Chd8",-0.00647972101531114,0.9648,"14","chromodomain helicase DNA binding protein 8"
"B4galt6",-0.00645981994216793,0.9492,"18","UDP-Gal:betaGlcNAc beta 1,4-galactosyltransferase, polypeptide 6"
"Hyal2",-0.00644893876842323,0.946,"9","hyaluronoglucosaminidase 2"
"Ugcg",-0.00642997504304166,0.884,"4","UDP-glucose ceramide glucosyltransferase"
"Trim23",-0.00642891557864189,0.9788,"13","tripartite motif-containing 23"
"Nipbl",0.00642580664558956,0.9612,"15","NIPBL cohesin loading factor"
"Dchs1",-0.00641398894676737,0.9624,"7","dachsous cadherin related 1"
"Fundc2",-0.00641001361540727,0.9672,"X","FUN14 domain containing 2"
"Zfp651",0.0064086991494845,0.9244,"9","zinc finger protein 651"
"Adamts8",-0.00640771920885541,0.9756,"9","a disintegrin-like and metallopeptidase (reprolysin type) with thrombospondin type 1 motif, 8"
"Phip",0.00639949280296026,0.976,"9","pleckstrin homology domain interacting protein"
"Tmeff2",0.00638948785731142,0.986,"1","transmembrane protein with EGF-like and two follistatin-like domains 2"
"Syne2",-0.00637787089829978,0.9456,"12","spectrin repeat containing, nuclear envelope 2"
"Zfp869",-0.00637050750647727,0.916,"8","zinc finger protein 869"
"Ift140",-0.00634751764679109,0.9592,"17","intraflagellar transport 140"
"Ckb",0.00634044920847998,0.9644,"12","creatine kinase, brain"
"Gad1",0.00630703258841248,0.9216,"2","glutamate decarboxylase 1"
"Ubb-ps",0.00630368321862118,0.9608,"14","ubiquitin B, pseudogene"
"Rras",0.00629796842966268,0.9804,"7","related RAS viral (r-ras) oncogene"
"Ddx47",0.00629273474035852,0.926,"6","DEAD box helicase 47"
"Hgs",0.00627993802359672,0.8972,"11","HGF-regulated tyrosine kinase substrate"
"Mfn1",0.00627032848248987,0.9212,"3","mitofusin 1"
"Mprip",-0.00625993536836056,0.9392,"11","myosin phosphatase Rho interacting protein"
"Ckmt1",-0.00625443504013035,0.9688,"2","creatine kinase, mitochondrial 1, ubiquitous"
"Sucla2",0.0062407116454315,0.9468,"14","succinate-Coenzyme A ligase, ADP-forming, beta subunit"
"Fam151b",-0.00622987190333468,0.9532,"13","family with sequence similarity 151, member B"
"Slc43a2",-0.00622485611258128,0.9356,"11","solute carrier family 43, member 2"
"Ppme1",0.00622074145042184,0.9804,"7","protein phosphatase methylesterase 1"
"Npc1",-0.00621987945135682,0.9852,"18","NPC intracellular cholesterol transporter 1"
"P3h1",-0.00621726950722357,0.9688,"4","prolyl 3-hydroxylase 1"
"Evi2a",-0.00620403896789146,0.9772,"11","ecotropic viral integration site 2a"
"Arid3a",-0.0061944257530433,0.9524,"10","AT rich interactive domain 3A (BRIGHT-like)"
"Dtd1",0.00619031217286725,0.9584,"2","D-tyrosyl-tRNA deacylase 1"
"Nudt5",0.00618580706299854,0.9556,"2","nudix (nucleoside diphosphate linked moiety X)-type motif 5"
"Pigb",0.0061748146389875,0.9776,"9","phosphatidylinositol glycan anchor biosynthesis, class B"
"Galc",0.00615462958508495,0.9076,"12","galactosylceramidase"
"Tusc1",-0.00614113687832596,0.9664,"4","tumor suppressor candidate 1"
"Far2",0.00613767165166834,0.946,"6","fatty acyl CoA reductase 2"
"Golga7b",0.00612763992652088,0.9792,"19","golgi autoantigen, golgin subfamily a, 7B"
"Fbxo46",0.00612725980559592,0.9348,"7","F-box protein 46"
"Mcm7",-0.00610588692670166,0.946,"5","minichromosome maintenance complex component 7"
"Ccdc97",-0.00609178756729367,0.9392,"7","coiled-coil domain containing 97"
"Mrps34",-0.0060829709290271,0.964,"17","mitochondrial ribosomal protein S34"
"Tead3",0.00605111705464112,0.962,"17","TEA domain family member 3"
"Gstcd",-0.00604066384158308,0.9624,"3","glutathione S-transferase, C-terminal domain containing"
"Pomk",0.00599560560264845,0.9476,"8","protein-O-mannose kinase"
"Map4k2",0.00599128886775713,0.9588,"19","mitogen-activated protein kinase kinase kinase kinase 2"
"Hnrnph2",0.00598783043631723,0.9524,"X","heterogeneous nuclear ribonucleoprotein H2"
"Arfgap1",-0.00597922195983447,0.9224,"2","ADP-ribosylation factor GTPase activating protein 1"
"Pfdn6",-0.00596563500120428,0.9568,"17","prefoldin subunit 6"
"Tbc1d2",-0.00596333558611839,0.9872,"4","TBC1 domain family, member 2"
"Tomt",0.00596177111602758,0.974,"7","transmembrane O-methyltransferase"
"Fbh1",0.00595974613357875,0.9452,"2","F-box DNA helicase 1"
"Olfm2",-0.00591824070153013,0.9508,"9","olfactomedin 2"
"Lcorl",0.00591313325498533,0.9876,"5","ligand dependent nuclear receptor corepressor-like"
"Lcorl",0.00591313325498533,0.9876,"5","ligand dependent nuclear receptor corepressor-like"
"Crk",0.00591313034626229,0.9632,"11","v-crk avian sarcoma virus CT10 oncogene homolog"
"Spg20",-0.00591169587841112,0.9872,"3","spastic paraplegia 20, spartin (Troyer syndrome) homolog (human)"
"Polr2f",0.00590782872534756,0.9708,"15","polymerase (RNA) II (DNA directed) polypeptide F"
"Wbp1l",-0.00589884836660826,0.8968,"19","WW domain binding protein 1 like"
"Fndc4",-0.00589593755643492,0.9276,"5","fibronectin type III domain containing 4"
"Dmac2",-0.00587343061232204,0.9324,"7","distal membrane arm assembly complex 2"
"Shank3",0.00586817580872889,0.9824,"15","SH3 and multiple ankyrin repeat domains 3"
"Ptprn",-0.00586015651351879,0.8768,"1","protein tyrosine phosphatase, receptor type, N"
"Zfp704",-0.00585162117171389,0.9708,"3","zinc finger protein 704"
"Efnb1",-0.00582581457998543,0.9548,"X","ephrin B1"
"Kirrel3",0.00582463620011531,0.944,"9","kirre like nephrin family adhesion molecule 3"
"Nr4a1",-0.00582148899028745,0.9728,"15","nuclear receptor subfamily 4, group A, member 1"
"Pdia4",0.00581226498730558,0.9588,"6","protein disulfide isomerase associated 4"
"Phka2",0.00580511691147567,0.962,"X","phosphorylase kinase alpha 2"
"Col20a1",-0.00579193343833362,0.9636,"2","collagen, type XX, alpha 1"
"Ccdc86",-0.00578453474275831,0.9832,"19","coiled-coil domain containing 86"
"Ascc1",-0.00577816672182951,0.9856,"10","activating signal cointegrator 1 complex subunit 1"
"Sertad2",0.0057734762118562,0.948,"11","SERTA domain containing 2"
"Rasd1",0.0057725489486149,0.9624,"11","RAS, dexamethasone-induced 1"
"Bcl9l",-0.00575332965023367,0.944,"9","B cell CLL/lymphoma 9-like"
"Fech",0.00573874224438775,0.9544,"18","ferrochelatase"
"Pign",0.00573771766974129,0.978,"1","phosphatidylinositol glycan anchor biosynthesis, class N"
"Gal3st3",0.00572842303758936,0.9708,"19","galactose-3-O-sulfotransferase 3"
"Prpf19",-0.00572660267039016,0.9328,"19","pre-mRNA processing factor 19"
"Ccdc9",0.00571890167264133,0.9488,"7","coiled-coil domain containing 9"
"Timmdc1",0.00571321187289175,0.8908,"16","translocase of inner mitochondrial membrane domain containing 1"
"5031439G07Rik",-0.00571315016275964,0.908,"15","RIKEN cDNA 5031439G07 gene"
"Endog",0.00569775896109093,0.9624,"2","endonuclease G"
"Fen1",-0.0056942316319617,0.9604,"19","flap structure specific endonuclease 1"
"Kcnd2",0.00568442070461472,0.936,"6","potassium voltage-gated channel, Shal-related family, member 2"
"Nfasc",0.00567406410845983,0.972,"1","neurofascin"
"Tmem192",0.00566868499618334,0.962,"8","transmembrane protein 192"
"Cdc37l1",-0.0056630080686908,0.9872,"19","cell division cycle 37-like 1"
"Cbx5",0.00565233172158663,0.8808,"15","chromobox 5"
"Rgs2",0.00563741869166279,0.9744,"1","regulator of G-protein signaling 2"
"Smo",-0.00563455789435174,0.9324,"6","smoothened, frizzled class receptor"
"Arpc2",0.00563188057722108,0.9532,"1","actin related protein 2/3 complex, subunit 2"
"Tsc22d3",0.0056213567136485,0.9616,"X","TSC22 domain family, member 3"
"Cers6",-0.0056176526998577,0.9412,"2","ceramide synthase 6"
"Cers2",-0.00559793022712718,0.9524,"3","ceramide synthase 2"
"Ptpn3",-0.00559020084801798,0.9348,"4","protein tyrosine phosphatase, non-receptor type 3"
"Eml6",0.00557919891095349,0.9928,"11","echinoderm microtubule associated protein like 6"
"Atp6ap2",-0.00557802264084817,0.9504,"X","ATPase, H+ transporting, lysosomal accessory protein 2"
"Slc27a2",0.00555402273150452,0.9756,"2","solute carrier family 27 (fatty acid transporter), member 2"
"Nus1",0.00553609782476716,0.9316,"10","NUS1 dehydrodolichyl diphosphate synthase subunit"
"Zfp142",0.00553102179331955,0.9488,"1","zinc finger protein 142"
"Ppp4r1",-0.0055269389056134,0.9336,"17","protein phosphatase 4, regulatory subunit 1"
"Tmem209",-0.00551985849154857,0.9396,"6","transmembrane protein 209"
"Slc39a6",-0.00551727771659305,0.9528,"18","solute carrier family 39 (metal ion transporter), member 6"
"Gmfb",0.00551173134577621,0.9604,"14","glia maturation factor, beta"
"Celf1",0.00549544213292474,0.9372,"2","CUGBP, Elav-like family member 1"
"Krr1",0.00547878056364759,0.9504,"10","KRR1, small subunit (SSU) processome component, homolog (yeast)"
"Tmem30a",0.00545640623684474,0.938,"9","transmembrane protein 30A"
"Aatf",0.00544895693225644,0.9248,"11","apoptosis antagonizing transcription factor"
"Marchf9",-0.00543481152592395,0.9668,"10","membrane associated ring-CH-type finger 9"
"Prrg3",0.00542512533875872,0.9512,"X","proline rich Gla (G-carboxyglutamic acid) 3 (transmembrane)"
"Brsk2",0.00541907076620607,0.8264,"7","BR serine/threonine kinase 2"
"Cdo1",0.00541505711474866,0.93,"18","cysteine dioxygenase 1, cytosolic"
"Zfp770",-0.00541289053529503,0.9436,"2","zinc finger protein 770"
"Atp6v1g1",0.00540983191616284,0.9488,"4","ATPase, H+ transporting, lysosomal V1 subunit G1"
"Trim26",-0.00540949251302791,0.9324,"17","tripartite motif-containing 26"
"Dlgap4",-0.00540473145441744,0.9348,"2","DLG associated protein 4"
"Mxd4",-0.00540378461207958,0.9648,"5","Max dimerization protein 4"
"Ppil4",0.00540346453252294,0.976,"10","peptidylprolyl isomerase (cyclophilin)-like 4"
"Kras",0.0053984347880931,0.9456,"6","Kirsten rat sarcoma viral oncogene homolog"
"Ccdc159",-0.00539669217080041,0.9872,"9","coiled-coil domain containing 159"
"Cnksr3",-0.0053860410756239,0.9732,"10","Cnksr family member 3"
"Phf24",-0.00538537476785184,0.922,"4","PHD finger protein 24"
"Bzw1",0.0053816826316444,0.9352,"1","basic leucine zipper and W2 domains 1"
"Seh1l",0.00537338169006674,0.9,"18","SEH1-like (S. cerevisiae"
"Stard13",-0.00536890678969471,0.9708,"5","StAR-related lipid transfer (START) domain containing 13"
"Kif5c",0.00536330427196674,0.9448,"2","kinesin family member 5C"
"Trp53bp1",0.005360577245626,0.9772,"2","transformation related protein 53 binding protein 1"
"Mrpl3",0.00535731126662053,0.9276,"9","mitochondrial ribosomal protein L3"
"Cops7a",0.00535211249938072,0.9492,"6","COP9 signalosome subunit 7A"
"Mex3a",-0.00534963715787962,0.966,"3","mex3 RNA binding family member A"
"Abcg4",-0.00534051405948333,0.8768,"9","ATP binding cassette subfamily G member 4"
"Abhd11",0.00534045680998929,0.9476,"5","abhydrolase domain containing 11"
"Mad2l1",-0.00533236653717717,0.9592,"6","MAD2 mitotic arrest deficient-like 1"
"Emc10",0.00530438188300852,0.9792,"7","ER membrane protein complex subunit 10"
"Adgrg1",0.00530223838160193,0.932,"8","adhesion G protein-coupled receptor G1"
"Acot1",-0.00528269149515648,0.9604,"12","acyl-CoA thioesterase 1"
"Plk2",0.00527983632870477,0.9596,"13","polo like kinase 2"
"Sec62",-0.0052755050477522,0.9548,"3","SEC62 homolog (S. cerevisiae)"
"Smap2",-0.00526082384493254,0.8988,"4","small ArfGAP 2"
"Gnai3",0.00525387304857805,0.934,"3","guanine nucleotide binding protein (G protein), alpha inhibiting 3"
"Ivns1abp",-0.00523962510500464,0.9692,"1","influenza virus NS1A binding protein"
"Triap1",-0.00523575989940239,0.9716,"5","TP53 regulated inhibitor of apoptosis 1"
"Med13",-0.00521913905632765,0.9632,"11","mediator complex subunit 13"
"Tgfa",0.00521574039016848,0.9556,"6","transforming growth factor alpha"
"Rpl9",0.00520634741863191,0.9764,"5","ribosomal protein L9"
"Zzz3",0.00518652487558846,0.9212,"3","zinc finger, ZZ domain containing 3"
"Zfp408",-0.00518088117574722,0.9668,"2","zinc finger protein 408"
"Med6",0.0051807833345423,0.944,"12","mediator complex subunit 6"
"Plbd2",0.00517069297363459,0.9488,"5","phospholipase B domain containing 2"
"Npy",0.00516549536981614,0.9628,"6","neuropeptide Y"
"Gale",0.00516244905775887,0.9736,"4","galactose-4-epimerase, UDP"
"Samd12",-0.00516028005277813,0.972,"15","sterile alpha motif domain containing 12"
"Pgap1",0.00514467406585251,0.9456,"1","post-GPI attachment to proteins 1"
"Pgd",-0.00513528128744412,0.954,"4","phosphogluconate dehydrogenase"
"Cacnb1",-0.00513087162175108,0.9736,"11","calcium channel, voltage-dependent, beta 1 subunit"
"Polr3a",0.00512714300091943,0.9748,"14","polymerase (RNA) III (DNA directed) polypeptide A"
"Birc2",-0.00512589580426148,0.966,"9","baculoviral IAP repeat-containing 2"
"Mxra8",0.00512173173058939,0.9516,"4","matrix-remodelling associated 8"
"Ogdhl",-0.00511610951855701,0.9308,"14","oxoglutarate dehydrogenase-like"
"Tram1l1",0.00511211974489445,0.9676,"3","translocation associated membrane protein 1-like 1"
"Mea1",-0.00509082563087482,0.9604,"17","male enhanced antigen 1"
"Ftl1",0.00507859827026369,0.9788,"7","ferritin light polypeptide 1"
"Wdsub1",-0.00507242962854937,0.98,"2","WD repeat, SAM and U-box domain containing 1"
"Rfc5",0.00505048345279357,0.952,"5","replication factor C (activator 1) 5"
"Npepps",-0.00503671623960411,0.874,"11","aminopeptidase puromycin sensitive"
"Plxna4",0.00502534466137661,0.9084,"6","plexin A4"
"Cdc42bpa",-0.00501263379159411,0.966,"1","CDC42 binding protein kinase alpha"
"Eci1",-0.00500674913990196,0.972,"17","enoyl-Coenzyme A delta isomerase 1"
"Prr5",0.00499538071149352,0.9816,"15","proline rich 5 (renal)"
"Sema6c",-0.00498303231839081,0.9704,"3","sema domain, transmembrane domain (TM), and cytoplasmic domain, (semaphorin) 6C"
"Dzip3",0.00497804297688287,0.9504,"16","DAZ interacting protein 3, zinc finger"
"Diaph2",0.00496530242405502,0.9608,"X","diaphanous related formin 2"
"Aasdh",-0.0049551524888396,0.9808,"5","aminoadipate-semialdehyde dehydrogenase"
"Rnaseh1",0.00495414842291675,0.94,"12","ribonuclease H1"
"Fgf9",-0.00493022785680175,0.984,"14","fibroblast growth factor 9"
"Hdac5",-0.00491703205727934,0.9604,"11","histone deacetylase 5"
"Me3",0.00490910973735925,0.9396,"7","malic enzyme 3, NADP(+)-dependent, mitochondrial"
"Qsox2",0.00490347646855938,0.9048,"2","quiescin Q6 sulfhydryl oxidase 2"
"Zfp467",0.00489949245508203,0.9416,"6","zinc finger protein 467"
"Mllt11",0.00489507336755501,0.9632,"3","myeloid/lymphoid or mixed-lineage leukemia; translocated to, 11"
"Dmxl2",0.00489080209955262,0.9756,"9","Dmx-like 2"
"Isoc1",-0.00488108552251543,0.9528,"18","isochorismatase domain containing 1"
"4930430F08Rik",-0.00487754244156369,0.97,"10","RIKEN cDNA 4930430F08 gene"
"Golga3",-0.00487696998633247,0.9516,"5","golgi autoantigen, golgin subfamily a, 3"
"Gpd1l",-0.00487560434167111,0.9232,"9","glycerol-3-phosphate dehydrogenase 1-like"
"Rgl1",0.00487503925181887,0.9404,"1","ral guanine nucleotide dissociation stimulator,-like 1"
"Rbbp5",-0.0048623472671272,0.9388,"1","retinoblastoma binding protein 5, histone lysine methyltransferase complex subunit"
"Ccnt1",0.00485287326171857,0.9856,"15","cyclin T1"
"Uggt2",0.00485144620825739,0.9744,"14","UDP-glucose glycoprotein glucosyltransferase 2"
"Utp6",0.00484580447020555,0.9448,"11","UTP6 small subunit processome component"
"Thoc6",-0.00482265598161957,0.9648,"17","THO complex 6"
"Socs2",0.00480750869250279,0.978,"10","suppressor of cytokine signaling 2"
"Wdr91",0.00480161030202275,0.902,"6","WD repeat domain 91"
"Eri1",0.00479508196071032,0.9212,"8","exoribonuclease 1"
"Crtc1",0.00477333481842024,0.9596,"8","CREB regulated transcription coactivator 1"
"Slc36a4",0.00477078400866127,0.956,"9","solute carrier family 36 (proton/amino acid symporter), member 4"
"Insig1",-0.00476868765799487,0.9524,"5","insulin induced gene 1"
"Aplf",0.00476462424955448,0.9708,"6","aprataxin and PNKP like factor"
"Tkfc",-0.00474841500955892,0.93,"19","triokinase, FMN cyclase"
"Aplp2",0.00473875740219398,0.9292,"9","amyloid beta (A4) precursor-like protein 2"
"Elovl5",-0.00473064002558043,0.9368,"9","ELOVL family member 5, elongation of long chain fatty acids (yeast)"
"Wdr1",0.00471796179471262,0.9372,"5","WD repeat domain 1"
"Nars",0.00471429171647397,0.9644,"18","asparaginyl-tRNA synthetase"
"Fa2h",-0.00470438943748253,0.9624,"8","fatty acid 2-hydroxylase"
"Tm9sf4",-0.00470286480735371,0.872,"2","transmembrane 9 superfamily member 4"
"Mgst1",-0.00469838424447433,0.9704,"6","microsomal glutathione S-transferase 1"
"Tmem151b",0.0046975843934014,0.9368,"17","transmembrane protein 151B"
"Dym",0.00469177100346041,0.954,"18","dymeclin"
"Dnmt3a",-0.00468530075425644,0.976,"12","DNA methyltransferase 3A"
"Ncor2",-0.00468054514648841,0.968,"5","nuclear receptor co-repressor 2"
"Rheb",0.00468049612149102,0.9624,"5","Ras homolog enriched in brain"
"Coq3",-0.00464654454422053,0.9504,"4","coenzyme Q3 methyltransferase"
"Slc25a46",0.00463309815987856,0.9176,"18","solute carrier family 25, member 46"
"Klhdc4",0.00462948469152646,0.9392,"8","kelch domain containing 4"
"Pak3",-0.0046199161287257,0.9504,"X","p21 (RAC1) activated kinase 3"
"Camkk2",0.00461565046818002,0.9692,"5","calcium/calmodulin-dependent protein kinase kinase 2, beta"
"Gnpat",-0.00459160102348388,0.9148,"8","glyceronephosphate O-acyltransferase"
"Pomgnt1",-0.00456760767625131,0.9396,"4","protein O-linked mannose beta 1,2-N-acetylglucosaminyltransferase"
"Pomgnt1",-0.00456760767625131,0.9396,"4","protein O-linked mannose beta 1,2-N-acetylglucosaminyltransferase"
"Pdzd8",-0.00455918739510874,0.9524,"19","PDZ domain containing 8"
"Polr3k",-0.00455488803263382,0.966,"2","polymerase (RNA) III (DNA directed) polypeptide K"
"Odc1",0.00452820266888843,0.9572,"12","ornithine decarboxylase, structural 1"
"Thoc2l",-0.00452161851530253,0.9756,"5","THO complex subunit 2-like"
"Tecpr2",0.00450347806959606,0.9472,"12","tectonin beta-propeller repeat containing 2"
"Gabarapl2",0.00449889332905062,0.9428,"8","gamma-aminobutyric acid (GABA) A receptor-associated protein-like 2"
"Xxylt1",0.00449714787404343,0.9568,"16","xyloside xylosyltransferase 1"
"Dek",-0.00449462133015643,0.966,"13","DEK proto-oncogene (DNA binding)"
"Adam11",0.00447926978231727,0.9364,"11","a disintegrin and metallopeptidase domain 11"
"Rnf185",-0.00447769142350385,0.9592,"11","ring finger protein 185"
"Ccsap",-0.00445829973204148,0.9764,"8","centriole, cilia and spindle associated protein"
"1810013L24Rik",-0.00444891472680009,0.93,"16","RIKEN cDNA 1810013L24 gene"
"Ormdl3",-0.00443729037617135,0.9484,"11","ORM1-like 3 (S. cerevisiae)"
"Exog",-0.00442667028672084,0.9536,"9","endo/exonuclease (5'-3'), endonuclease G-like"
"Brms1l",0.00442358915194152,0.968,"12","breast cancer metastasis-suppressor 1-like"
"Fbxo45",-0.00441002705043925,0.9752,"16","F-box protein 45"
"Yipf1",0.00439303208533559,0.9544,"4","Yip1 domain family, member 1"
"Sympk",-0.00439224029844532,0.944,"7","symplekin"
"Fbxw9",0.0043832021505037,0.964,"8","F-box and WD-40 domain protein 9"
"Arih2",0.00436084938091597,0.8796,"9","ariadne RBR E3 ubiquitin protein ligase 2"
"Trim44",0.00436003365279269,0.9412,"2","tripartite motif-containing 44"
"Fam13c",-0.00435291526421899,0.928,"10","family with sequence similarity 13, member C"
"Tex2",-0.00433972277551042,0.9064,"11","testis expressed gene 2"
"Akt1",0.00433864961755859,0.9624,"12","thymoma viral proto-oncogene 1"
"Mospd1",0.00432985546560927,0.9376,"X","motile sperm domain containing 1"
"Pigyl",-0.00431964259643314,0.9552,"9","phosphatidylinositol glycan anchor biosynthesis, class Y-like"
"Tecpr1",-0.00431539498606792,0.9528,"5","tectonin beta-propeller repeat containing 1"
"Rpe",-0.00430116775079004,0.9244,"1","ribulose-5-phosphate-3-epimerase"
"Chd3",-0.00427803137520577,0.9436,"11","chromodomain helicase DNA binding protein 3"
"Rfc3",-0.0042720470969686,0.9848,"5","replication factor C (activator 1) 3"
"Elof1",-0.00426860708303423,0.9692,"9","ELF1 homolog, elongation factor 1"
"Coprs",-0.00426219494897806,0.9752,"8","coordinator of PRMT5, differentiation stimulator"
"Tmem160",0.00425957497211638,0.9828,"7","transmembrane protein 160"
"Lrrc4",-0.00425383505384946,0.9656,"6","leucine rich repeat containing 4"
"Dach1",-0.00423635325260308,0.9812,"14","dachshund family transcription factor 1"
"Dcaf12l1",-0.00423185344342514,0.9656,"X","DDB1 and CUL4 associated factor 12-like 1"
"Prdm2",-0.00422169442018738,0.9772,"4","PR domain containing 2, with ZNF domain"
"Ipo5",0.00421800898799685,0.9288,"14","importin 5"
"Kif3c",0.00421568827306817,0.9188,"12","kinesin family member 3C"
"Ube2ql1",-0.00421510948941695,0.9116,"13","ubiquitin-conjugating enzyme E2Q family-like 1"
"Ccdc85b",-0.00416983902502466,0.9624,"19","coiled-coil domain containing 85B"
"Prkag1",0.00415168814233891,0.9416,"15","protein kinase, AMP-activated, gamma 1 non-catalytic subunit"
"Chtf8",0.0041435815893669,0.9264,"8","CTF8, chromosome transmission fidelity factor 8"
"Tsc22d1",-0.0041414404643465,0.8988,"14","TSC22 domain family, member 1"
"Prxl2b",0.00413810441038809,0.9504,"4","peroxiredoxin like 2B"
"Dnajc13",-0.00411275954915524,0.9352,"9","DnaJ heat shock protein family (Hsp40) member C13"
"Cpq",0.00410827193090668,0.9652,"15","carboxypeptidase Q"
"Gclm",-0.00409881888447661,0.9792,"3","glutamate-cysteine ligase, modifier subunit"
"Zkscan1",-0.00409362057309792,0.9544,"5","zinc finger with KRAB and SCAN domains 1"
"Dennd6a",0.00409171243463025,0.9556,"14","DENN/MADD domain containing 6A"
"Arf3",0.00406690629536932,0.9852,"15","ADP-ribosylation factor 3"
"Ptpa",0.00405810320379452,0.97,"2","protein phosphatase 2 protein activator"
"Bivm",-0.00405301830877658,0.9688,"1","basic, immunoglobulin-like variable motif containing"
"AU040320",0.00405265522484655,0.9236,"4","expressed sequence AU040320"
"Arrb1",-0.0040492188301462,0.9072,"7","arrestin, beta 1"
"Nol4l",0.00402703416336703,0.9736,"2","nucleolar protein 4-like"
"Zdhhc15",-0.00401957376203521,0.9808,"X","zinc finger, DHHC domain containing 15"
"4833439L19Rik",-0.00400314325985196,0.9764,"13","RIKEN cDNA 4833439L19 gene"
"Rxylt1",-0.00399315111319165,0.948,"10","ribitol xylosyltransferase 1"
"Rab3ip",0.00397593273878893,0.958,"10","RAB3A interacting protein"
"Ttc30b",0.00396212185196987,0.95,"2","tetratricopeptide repeat domain 30B"
"Plekhf1",0.00394931478131477,0.9928,"7","pleckstrin homology domain containing, family F (with FYVE domain) member 1"
"Nfix",-0.00393939125764398,0.9524,"8","nuclear factor I/X"
"Carhsp1",-0.00384814489461327,0.9664,"16","calcium regulated heat stable protein 1"
"Brd2",0.00384382133955441,0.9092,"17","bromodomain containing 2"
"Gm5113",0.00384335352532084,0.9672,"7","predicted gene 5113"
"Vwa8",0.00382185255301426,0.9388,"14","von Willebrand factor A domain containing 8"
"Decr2",0.00380690926989047,0.9648,"17","2-4-dienoyl-Coenzyme A reductase 2, peroxisomal"
"Vti1a",-0.00380312699888119,0.9516,"19","vesicle transport through interaction with t-SNAREs 1A"
"Fbln2",0.00380115799461356,0.986,"6","fibulin 2"
"Tmem170b",0.00379821214714582,0.972,"13","transmembrane protein 170B"
"Trim9",0.00375341383272598,0.958,"12","tripartite motif-containing 9"
"Smtn",0.00375113121349768,0.9832,"11","smoothelin"
"Dnmt1",-0.00374023792314659,0.9688,"9","DNA methyltransferase (cytosine-5) 1"
"Tmem186",-0.003736740195456,0.9316,"16","transmembrane protein 186"
"Rps6ka3",0.00373585448770619,0.9716,"X","ribosomal protein S6 kinase polypeptide 3"
"Ranbp9",0.00372666867967908,0.9372,"13","RAN binding protein 9"
"Iqsec3",-0.00372519693608098,0.9636,"6","IQ motif and Sec7 domain 3"
"Pdcl3",0.00369498222378173,0.9644,"1","phosducin-like 3"
"Jarid2",0.00368727247850753,0.976,"13","jumonji, AT rich interactive domain 2"
"Stam2",-0.00368343055610865,0.9776,"2","signal transducing adaptor molecule (SH3 domain and ITAM motif) 2"
"Chst8",-0.0036812118833085,0.9928,"7","carbohydrate sulfotransferase 8"
"Hnrnpa0",-0.00367913591789559,0.9608,"13","heterogeneous nuclear ribonucleoprotein A0"
"Ppib",0.0036624052854064,0.9572,"9","peptidylprolyl isomerase B"
"Bves",0.00366143763858817,0.956,"10","blood vessel epicardial substance"
"Ppp1r9a",-0.00365701337381275,0.9708,"6","protein phosphatase 1, regulatory subunit 9A"
"Sec63",-0.00364725179767067,0.9508,"10","SEC63-like (S. cerevisiae)"
"Pls1",0.00364473684552102,0.9704,"9","plastin 1 (I-isoform)"
"Klf16",-0.00363325181021246,0.9728,"10","Kruppel-like factor 16"
"Snx17",0.00362630177755818,0.9696,"5","sorting nexin 17"
"Poglut3",0.00362433179965738,0.9796,"9","protein O-glucosyltransferase 3"
"Trim2",0.00362052433217563,0.974,"3","tripartite motif-containing 2"
"Ctnnd2",0.00358796180162013,0.9664,"15","catenin (cadherin associated protein), delta 2"
"Mpp2",-0.00358780892021482,0.976,"11","membrane protein, palmitoylated 2 (MAGUK p55 subfamily member 2)"
"Rnf113a1",-0.00357704070692666,0.9224,"X","ring finger protein 113A1"
"Rb1cc1",-0.00357236772317204,0.9632,"1","RB1-inducible coiled-coil 1"
"Smchd1",0.00357157247339224,0.9692,"17","SMC hinge domain containing 1"
"Atp2b1",-0.00356652742597063,0.9728,"10","ATPase, Ca++ transporting, plasma membrane 1"
"Phactr1",-0.00356317049873667,0.9324,"13","phosphatase and actin regulator 1"
"Sbf1",0.00354861203209467,0.906,"15","SET binding factor 1"
"Ano10",0.00354725583750692,0.962,"9","anoctamin 10"
"Psen1",-0.0035468305517341,0.954,"12","presenilin 1"
"Narf",-0.00354454925827152,0.9512,"11","nuclear prelamin A recognition factor"
"Atg16l1",-0.00353874071962768,0.9576,"1","autophagy related 16-like 1 (S. cerevisiae)"
"Dgkh",0.00350830083706466,0.9736,"14","diacylglycerol kinase, eta"
"Erlec1",-0.0034878879994249,0.9776,"11","endoplasmic reticulum lectin 1"
"Ccnh",0.00348134283935853,0.9656,"13","cyclin H"
"Ino80e",0.00347855205187741,0.948,"7","INO80 complex subunit E"
"Ank3",-0.00347765479481943,0.966,"10","ankyrin 3, epithelial"
"Klhdc10",0.00347280452189302,0.9496,"6","kelch domain containing 10"
"Vldlr",0.00347170340370972,0.9656,"19","very low density lipoprotein receptor"
"Apba1",0.0034705738063634,0.9436,"19","amyloid beta (A4) precursor protein binding, family  A, member 1"
"Cops4",-0.00346840057763931,0.956,"5","COP9 signalosome subunit 4"
"Ampd2",-0.00344862574570204,0.9752,"3","adenosine monophosphate deaminase 2"
"Dhx15",0.00344123744805458,0.982,"5","DEAH (Asp-Glu-Ala-His) box polypeptide 15"
"Ocrl",0.0034289126945124,0.9644,"X","OCRL, inositol polyphosphate-5-phosphatase"
"Noc3l",0.00342804889361847,0.9684,"19","NOC3 like DNA replication regulator"
"Tyrobp",-0.0034192123672121,0.9748,"7","TYRO protein tyrosine kinase binding protein"
"Sh2b1",-0.00341197530837167,0.95,"7","SH2B adaptor protein 1"
"Rhobtb3",0.00340084664759832,0.9632,"13","Rho-related BTB domain containing 3"
"Fbl",-0.00338988139328578,0.9928,"7","fibrillarin"
"Txnl4b",0.00338732256202423,0.9668,"8","thioredoxin-like 4B"
"Iars",0.00338250880968261,0.96,"13","isoleucine-tRNA synthetase"
"Plppr4",0.00335122542093202,0.9672,"3","phospholipid phosphatase related 4"
"Tbc1d25",-0.00334370953003083,0.972,"X","TBC1 domain family, member 25"
"Cacna1d",-0.00334349267833911,0.9848,"14","calcium channel, voltage-dependent, L type, alpha 1D subunit"
"Sardh",-0.00334219679504777,0.9644,"2","sarcosine dehydrogenase"
"Caskin2",0.00331872959431578,0.9712,"11","CASK-interacting protein 2"
"Brd1",0.00330482110218,0.9568,"15","bromodomain containing 1"
"Sec22b",-0.00329252548725378,0.9504,"3","SEC22 homolog B, vesicle trafficking protein"
"Igfbp4",0.00329146359952581,0.9884,"11","insulin-like growth factor binding protein 4"
"Echdc1",0.00328566175491396,0.9824,"10","enoyl Coenzyme A hydratase domain containing 1"
"Zfp189",-0.00327799806709361,0.976,"4","zinc finger protein 189"
"Dph3",-0.00327495125706179,0.9648,"14","diphthamine biosynthesis 3"
"Eloa",-0.00325711876345469,0.9432,"4","elongin A"
"Lypla2",0.00325432571829509,0.9848,"4","lysophospholipase 2"
"Insyn1",0.00324309034667714,0.9536,"9","inhibitory synaptic factor 1"
"Macroh2a2",-0.00323089717179403,0.9292,"10","macroH2A.2 histone"
"Tmem265",0.0032264818465948,0.9648,"7","transmembrane protein 265"
"Prrx1",0.00321625107311085,0.9836,"1","paired related homeobox 1"
"Dscaml1",0.0031930274163452,0.942,"9","DS cell adhesion molecule like 1"
"Mturn",0.00317155553546211,0.968,"6","maturin, neural progenitor differentiation regulator homolog (Xenopus)"
"Pcm1",0.00315973356614041,0.9712,"8","pericentriolar material 1"
"Gon7",0.0031565422559634,0.9872,"12","GON7 subunit of KEOPS complex"
"Rapgef1",0.00314295346476001,0.944,"2","Rap guanine nucleotide exchange factor (GEF) 1"
"Cdh2",-0.00314179615213117,0.972,"18","cadherin 2"
"Trub2",0.0031269600993018,0.9832,"2","TruB pseudouridine (psi) synthase family member 2"
"Ddit4",0.0031107118591116,0.9752,"10","DNA-damage-inducible transcript 4"
"Cdip1",-0.0031029649488632,0.9508,"16","cell death inducing Trp53 target 1"
"Taf5l",0.00307188127722346,0.9596,"8","TATA-box binding protein associated factor 5 like"
"Bcas3",-0.00306825597644789,0.9548,"11","BCAS3 microtubule associated cell migration factor"
"Rala",-0.00306565985629348,0.9724,"13","v-ral simian leukemia viral oncogene A (ras related)"
"Ptk2b",-0.0030555795211562,0.9556,"14","PTK2 protein tyrosine kinase 2 beta"
"Ccdc149",-0.00304554528158896,0.97,"5","coiled-coil domain containing 149"
"Neurl4",0.00303735705542607,0.9552,"11","neuralized E3 ubiquitin protein ligase 4"
"Cdc42bpg",0.00302908897279819,0.9928,"19","CDC42 binding protein kinase gamma (DMPK-like)"
"Golga5",-0.0030160671177164,0.9176,"12","golgi autoantigen, golgin subfamily a, 5"
"Foxp1",0.0030044595582801,0.9652,"6","forkhead box P1"
"Inhbb",-0.00299968437129161,0.9872,"1","inhibin beta-B"
"Clip1",0.00299891948248376,0.9652,"5","CAP-GLY domain containing linker protein 1"
"Gpd2",0.00299593962937994,0.9516,"2","glycerol phosphate dehydrogenase 2, mitochondrial"
"Ptpra",-0.00299229944625523,0.9628,"2","protein tyrosine phosphatase, receptor type, A"
"Gsk3a",-0.00298260938459283,0.9708,"7","glycogen synthase kinase 3 alpha"
"Pcdh7",-0.00298031075481919,0.968,"5","protocadherin 7"
"Haus6",-0.00297579505437184,0.9484,"4","HAUS augmin-like complex, subunit 6"
"Lmf2",0.00294963233890844,0.9696,"15","lipase maturation factor 2"
"Sult4a1",0.00294869909140694,0.9524,"15","sulfotransferase family 4A, member 1"
"Rbm19",0.00293258971543819,0.9692,"5","RNA binding motif protein 19"
"Lins1",-0.00293032794644255,0.9756,"7","lines homolog 1"
"Thrap3",-0.00291422292465437,0.966,"4","thyroid hormone receptor associated protein 3"
"H2az2",-0.00289528493346225,0.9784,"11","H2A.Z histone variant 2"
"Tyro3",-0.00289424945036654,0.9572,"2","TYRO3 protein tyrosine kinase 3"
"Cmpk1",-0.00286630577011771,0.9776,"4","cytidine monophosphate (UMP-CMP) kinase 1"
"Cyfip1",0.00286410422334438,0.978,"7","cytoplasmic FMR1 interacting protein 1"
"Pitpna",-0.00285371155832159,0.9568,"11","phosphatidylinositol transfer protein, alpha"
"St3gal5",0.00285138560366871,0.9788,"6","ST3 beta-galactoside alpha-2,3-sialyltransferase 5"
"Dlgap1",0.00283772119374071,0.9868,"17","DLG associated protein 1"
"Rnf6",-0.00283676070294536,0.9564,"5","ring finger protein (C3H2C3 type) 6"
"Thap12",-0.002829074094997,0.9248,"7","THAP domain containing 12"
"Tbc1d22b",0.00282442526699,0.9688,"17","TBC1 domain family, member 22B"
"Fez2",0.0028209773198915,0.9632,"17","fasciculation and elongation protein zeta 2 (zygin II)"
"Romo1",0.00282075403223558,0.9848,"2","reactive oxygen species modulator 1"
"Smg5",0.0027986242814011,0.9588,"3","SMG5 nonsense mediated mRNA decay factor"
"Xrcc1",0.00279466461183908,0.9872,"7","X-ray repair complementing defective repair in Chinese hamster cells 1"
"Egr2",-0.00277768247535715,0.9872,"10","early growth response 2"
"Tspan4",0.00276906232450003,0.9652,"7","tetraspanin 4"
"Nagk",0.0027651520590064,0.9872,"6","N-acetylglucosamine kinase"
"D17H6S53E",0.00275802861810792,0.9688,"17","DNA segment, Chr 17, human D6S53E"
"Ticam1",-0.00275456941474728,0.9872,"17","toll-like receptor adaptor molecule 1"
"Saal1",0.00275145525623088,0.9728,"7","serum amyloid A-like 1"
"Tut7",-0.0027382187336551,0.938,"13","terminal uridylyl transferase 7"
"Ruvbl1",0.0027180337349666,0.9736,"6","RuvB-like protein 1"
"Cables2",0.00271630504044129,0.9104,"2","CDK5 and Abl enzyme substrate 2"
"Sclt1",0.00271232160225443,0.9788,"3","sodium channel and clathrin linker 1"
"Dnm2",-0.00266552529777275,0.9624,"9","dynamin 2"
"Asic2",-0.00265900193467861,0.9652,"11","acid-sensing (proton-gated) ion channel 2"
"Pim2",-0.00263806931480826,0.9548,"X","proviral integration site 2"
"Rp9",-0.00263797687563017,0.9716,"9","retinitis pigmentosa 9 (human)"
"Rragd",0.00262928268417362,0.9776,"4","Ras-related GTP binding D"
"Acsf2",-0.00261668498642642,0.9716,"11","acyl-CoA synthetase family member 2"
"Phka1",0.00261188053576689,0.9616,"X","phosphorylase kinase alpha 1"
"Slc25a15",-0.00256421250167715,0.9516,"8","solute carrier family 25 (mitochondrial carrier ornithine transporter), member 15"
"Zc3h7b",0.00256252719982175,0.9804,"15","zinc finger CCCH type containing 7B"
"Knop1",-0.00256040291972681,0.964,"7","lysine rich nucleolar protein 1"
"Rfesd",0.00255531981595425,0.9708,"13","Rieske (Fe-S) domain containing"
"9530077C05Rik",-0.0025494479960142,0.9548,"9","RIKEN cDNA 9530077C05 gene"
"Cldn22",-0.0025273428985455,0.9816,"8","claudin 22"
"Iba57",-0.00251208276190651,0.972,"11","IBA57 homolog, iron-sulfur cluster assembly"
"Miga2",-0.0025106105528927,0.9788,"2","mitoguardin 2"
"Wnk3",-0.00250963916320046,0.9692,"X","WNK lysine deficient protein kinase 3"
"Acd",-0.00250461958503401,0.966,"8","adrenocortical dysplasia"
"Foxk2",0.00249848911215,0.9732,"11","forkhead box K2"
"Zfp395",0.00249536324585664,0.9524,"14","zinc finger protein 395"
"Mmadhc",-0.0024899956024047,0.952,"2","methylmalonic aciduria (cobalamin deficiency) cblD type, with homocystinuria"
"Hspa2",0.00248834185692282,0.9628,"12","heat shock protein 2"
"Zbtb44",0.00248403720134327,0.968,"9","zinc finger and BTB domain containing 44"
"Cds1",0.00247831997767278,0.9796,"5","CDP-diacylglycerol synthase 1"
"Zfp105",-0.00247002941051533,0.9872,"9","zinc finger protein 105"
"Sh2d3c",-0.00246758197924546,0.9696,"2","SH2 domain containing 3C"
"Shroom2",0.00245967372991895,0.968,"X","shroom family member 2"
"Bri3bp",-0.00244081078936897,0.9024,"5","Bri3 binding protein"
"Rcn3",0.00243272727064348,0.98,"7","reticulocalbin 3, EF-hand calcium binding domain"
"Mroh1",-0.00241266080587632,0.9928,"15","maestro heat-like repeat family member 1"
"Jmy",-0.00240904926387309,0.9716,"13","junction-mediating and regulatory protein"
"Pip4k2b",0.00239916435012155,0.9412,"11","phosphatidylinositol-5-phosphate 4-kinase, type II, beta"
"Coasy",0.00237545306072118,0.9572,"11","Coenzyme A synthase"
"Ranbp6",-0.00233888713885744,0.976,"19","RAN binding protein 6"
"Mafa",0.00232293094746261,0.9928,"15","v-maf musculoaponeurotic fibrosarcoma oncogene family, protein A (avian)"
"Ilf3",0.00231350062788049,0.9628,"9","interleukin enhancer binding factor 3"
"Wscd1",0.00230740938237162,0.9868,"11","WSC domain containing 1"
"Septin2",0.00230597646516717,0.9792,"1","septin 2"
"Septin2",0.00230597646516717,0.9792,"1","septin 2"
"Pgls",0.00228721516056485,0.9756,"8","6-phosphogluconolactonase"
"Prss35",-0.00228418687944609,0.9812,"9","protease, serine 35"
"Pi4ka",0.00228152943354143,0.9704,"16","phosphatidylinositol 4-kinase alpha"
"Ppm1d",0.00227353376192818,0.97,"11","protein phosphatase 1D magnesium-dependent, delta isoform"
"Vcp",-0.00227255477147015,0.9696,"4","valosin containing protein"
"Pitpnm1",0.00223638873715437,0.9748,"19","phosphatidylinositol transfer protein, membrane-associated 1"
"Mcrip1",0.00222588011342939,0.9872,"11","MAPK regulated corepressor interacting protein 1"
"Kank3",0.00221222153492828,0.9508,"17","KN motif and ankyrin repeat domains 3"
"Bicdl1",-0.00220312838587322,0.9696,"5","BICD family like cargo adaptor 1"
"Taf2",-0.00217757807984142,0.9872,"15","TATA-box binding protein associated factor 2"
"Atp1b1",0.00215613641877255,0.9476,"1","ATPase, Na+/K+ transporting, beta 1 polypeptide"
"2410004B18Rik",-0.00214335244736308,0.9796,"3","RIKEN cDNA 2410004B18 gene"
"Ptprs",-0.00212491094350398,0.9856,"17","protein tyrosine phosphatase, receptor type, S"
"Bri3",-0.00210011227183582,0.9796,"5","brain protein I3"
"Bicra",0.00209798113499016,0.9776,"7","BRD4 interacting chromatin remodeling complex associated protein"
"Fto",0.0020868357934134,0.958,"8","fat mass and obesity associated"
"Chrdl1",-0.00208107898624177,0.9872,"X","chordin-like 1"
"Gopc",-0.00207973405477091,0.9652,"10","golgi associated PDZ and coiled-coil motif containing"
"Pdhx",0.0020790435539233,0.9772,"2","pyruvate dehydrogenase complex, component X"
"Ap3s2",0.00207114073494186,0.9852,"7","adaptor-related protein complex 3, sigma 2 subunit"
"Cntrl",-0.00205004184269253,0.9928,"2","centriolin"
"Tmem106c",-0.00203450946405148,0.9848,"15","transmembrane protein 106C"
"Cd2bp2",0.00203221770295237,0.942,"7","CD2 cytoplasmic tail binding protein 2"
"St3gal3",0.00201935963151634,0.9844,"4","ST3 beta-galactoside alpha-2,3-sialyltransferase 3"
"Ccz1",0.00199312222841463,0.9496,"5","CCZ1 vacuolar protein trafficking and biogenesis associated"
"Rictor",0.00198599872594585,0.9872,"15","RPTOR independent companion of MTOR, complex 2"
"Elfn2",-0.00197980277558862,0.97,"15","leucine rich repeat and fibronectin type III, extracellular 2"
"Drc1",-0.00197736766452472,0.9768,"5","dynein regulatory complex subunit 1"
"Ccndbp1",0.00196126456545986,0.9796,"2","cyclin D-type binding-protein 1"
"Wdr55",-0.00193955862842321,0.9704,"18","WD repeat domain 55"
"Abcf1",0.00192084157011685,0.9636,"17","ATP-binding cassette, sub-family F (GCN20), member 1"
"Cbr1",0.00190801577501443,0.9584,"16","carbonyl reductase 1"
"Kdm7a",0.00190801177722921,0.9768,"6","lysine (K)-specific demethylase 7A"
"Phf1",-0.0019042992235736,0.9872,"17","PHD finger protein 1"
"Dnajb2",0.00189565292134208,0.9656,"1","DnaJ heat shock protein family (Hsp40) member B2"
"Gadd45g",0.00189499378779789,0.976,"13","growth arrest and DNA-damage-inducible 45 gamma"
"Sccpdh",0.00188797573270882,0.9872,"1","saccharopine dehydrogenase (putative)"
"Dld",0.00187161399467595,0.9632,"12","dihydrolipoamide dehydrogenase"
"Mlycd",0.00186910388437944,0.9856,"8","malonyl-CoA decarboxylase"
"Slc2a3",-0.00186009249993457,0.9748,"6","solute carrier family 2 (facilitated glucose transporter), member 3"
"Mrps28",0.00185535383385238,0.9928,"3","mitochondrial ribosomal protein S28"
"Clock",0.00184699566211588,0.9704,"5","circadian locomotor output cycles kaput"
"St8sia4",0.001842621710197,0.9872,"1","ST8 alpha-N-acetyl-neuraminide alpha-2,8-sialyltransferase 4"
"Cln5",-0.00180267337351525,0.9628,"14","ceroid-lipofuscinosis, neuronal 5"
"Rab15",-0.00179615629693952,0.9708,"12","RAB15, member RAS oncogene family"
"Dvl3",0.00179202079715157,0.9728,"16","dishevelled segment polarity protein 3"
"Lrrc55",0.00177058777878347,0.9744,"2","leucine rich repeat containing 55"
"Tbc1d14",0.00176520068451502,0.962,"5","TBC1 domain family, member 14"
"Pofut1",-0.00176085085088884,0.9632,"2","protein O-fucosyltransferase 1"
"Plekhh3",-0.0017566557703117,0.9872,"11","pleckstrin homology domain containing, family H (with MyTH4 domain) member 3"
"Manbal",0.00174092223881406,0.9736,"2","mannosidase, beta A, lysosomal-like"
"Ttyh3",0.00168182188035004,0.9928,"5","tweety family member 3"
"Wdr48",0.00166194218368165,0.9592,"9","WD repeat domain 48"
"Enox1",0.00162174651822866,0.9692,"14","ecto-NOX disulfide-thiol exchanger 1"
"Casp8ap2",-0.00161759233650871,0.9872,"4","caspase 8 associated protein 2"
"Kcnab3",0.00161714593074791,0.9708,"11","potassium voltage-gated channel, shaker-related subfamily, beta member 3"
"Iah1",-0.00158522513804193,0.9564,"12","isoamyl acetate-hydrolyzing esterase 1 homolog"
"Rbfox2",0.0015692676009742,0.9872,"15","RNA binding protein, fox-1 homolog (C. elegans) 2"
"Prcc",0.0015636069213949,0.9764,"3","papillary renal cell carcinoma (translocation-associated)"
"Cltc",0.0015570070792652,0.9708,"11","clathrin, heavy polypeptide (Hc)"
"Sidt1",0.0015551925284365,0.974,"16","SID1 transmembrane family, member 1"
"Cfap97",0.00153557944633675,0.9612,"8","cilia and flagella associated protein 97"
"Slc25a47",-0.00151801628263382,0.9928,"12","solute carrier family 25, member 47"
"Mrps35",-0.00149835269459464,0.9928,"6","mitochondrial ribosomal protein S35"
"Rlf",0.00149668869085051,0.9524,"4","rearranged L-myc fusion sequence"
"Pnma2",-0.00148987923185651,0.974,"14","paraneoplastic antigen MA2"
"Mpp3",-0.00147368923403501,0.9624,"11","membrane protein, palmitoylated 3 (MAGUK p55 subfamily member 3)"
"Top3b",0.00146561819111657,0.9872,"16","topoisomerase (DNA) III beta"
"Pafah1b2",0.00145491466289371,0.9928,"9","platelet-activating factor acetylhydrolase, isoform 1b, subunit 2"
"Trhde",-0.00145181597098709,0.9804,"10","TRH-degrading enzyme"
"Lbr",0.00144256030877221,0.978,"1","lamin B receptor"
"Ephb2",0.00144171907348944,0.9688,"4","Eph receptor B2"
"Abi1",0.0014298308844527,0.9676,"2","abl interactor 1"
"Agpat3",-0.00141816298629482,0.9868,"10","1-acylglycerol-3-phosphate O-acyltransferase 3"
"Fam193a",-0.00140823787653321,0.986,"5","family with sequence homology 193, member A"
"Sparcl1",0.00139445695540452,0.9848,"5","SPARC-like 1"
"Herc3",0.00139291275911191,0.9928,"6","hect domain and RLD 3"
"Wnt2b",-0.00138310451471813,0.976,"3","wingless-type MMTV integration site family, member 2B"
"Zcchc14",-0.00135770128363877,0.9844,"8","zinc finger, CCHC domain containing 14"
"Herpud1",-0.00132529681759319,0.9928,"8","homocysteine-inducible, endoplasmic reticulum stress-inducible, ubiquitin-like domain member 1"
"Ppp1ca",0.00129760021969183,0.9656,"19","protein phosphatase 1 catalytic subunit alpha"
"Ralgapa1",-0.00129600435538091,0.968,"12","Ral GTPase activating protein, alpha subunit 1"
"Crhr1",-0.0012921634948162,0.9856,"11","corticotropin releasing hormone receptor 1"
"Zfp597",-0.00128948298222253,0.9736,"16","zinc finger protein 597"
"Wdr45b",0.00127512775373972,0.9748,"11","WD repeat domain 45B"
"Ints1",0.00125323002234623,0.9868,"5","integrator complex subunit 1"
"Camk2n2",0.00123961678370943,0.9764,"16","calcium/calmodulin-dependent protein kinase II inhibitor 2"
"Ap4b1",0.0012350463502746,0.9888,"3","adaptor-related protein complex AP-4, beta 1"
"Nsd1",-0.00122655351295187,0.9868,"13","nuclear receptor-binding SET-domain protein 1"
"Tspan18",-0.00122207180359091,0.9784,"2","tetraspanin 18"
"Tysnd1",0.00121825583811308,0.9772,"10","trypsin domain containing 1"
"Zfp24",-0.00120780064358694,0.9796,"18","zinc finger protein 24"
"Acsl4",-0.00119646991699973,0.978,"X","acyl-CoA synthetase long-chain family member 4"
"Cald1",0.00118115556000031,0.9728,"6","caldesmon 1"
"Rpusd1",0.0011766297502307,0.9928,"17","RNA pseudouridylate synthase domain containing 1"
"Kpna3",0.00116307166430474,0.978,"14","karyopherin (importin) alpha 3"
"Cnpy3",-0.0011367909938933,0.9796,"17","canopy FGF signaling regulator 3"
"Cpne1",0.00113660215277189,0.9696,"2","copine I"
"Zfp362",-0.00109867872652369,0.9804,"4","zinc finger protein 362"
"Cul4b",0.00107885020139697,0.9812,"X","cullin 4B"
"Tab2",0.00107476325291689,0.9872,"10","TGF-beta activated kinase 1/MAP3K7 binding protein 2"
"Exoc4",0.00107351797642874,0.9788,"6","exocyst complex component 4"
"Upf2",0.0010200952934909,0.9772,"2","UPF2 regulator of nonsense transcripts homolog (yeast)"
"Tomm40",-0.00101937771124572,0.9928,"7","translocase of outer mitochondrial membrane 40"
"Mindy1",0.00100670753046828,0.9656,"3","MINDY lysine 48 deubiquitinase 1"
"Fgd4",0.00100506144234203,0.9764,"16","FYVE, RhoGEF and PH domain containing 4"
"Pggt1b",0.00100172237976892,0.9872,"18","protein geranylgeranyltransferase type I, beta subunit"
"Sergef",0.000997438903997949,0.968,"7","secretion regulating guanine nucleotide exchange factor"
"Nebl",-0.000989392713369952,0.9632,"2","nebulette"
"Atrx",0.00096950914166527,0.9828,"X","ATRX, chromatin remodeler"
"Egfem1",0.000968294370070844,0.9804,"3","EGF-like and EMI domain containing 1"
"Tgoln1",0.000951396651283076,0.9848,"6","trans-golgi network protein"
"Rfk",-0.000943024384955748,0.9872,"19","riboflavin kinase"
"Smarcd1",-0.000942996631920323,0.964,"15","SWI/SNF related, matrix associated, actin dependent regulator of chromatin, subfamily d, member 1"
"Glrx",0.000933874702340187,0.9872,"13","glutaredoxin"
"Tmem240",0.000902117743313724,0.9928,"4","transmembrane protein 240"
"Itpr2",-0.000880470894001562,0.9872,"6","inositol 1,4,5-triphosphate receptor 2"
"Nhsl1",-0.000867762104870273,0.9808,"10","NHS-like 1"
"Rap1b",0.00086524025998802,0.9928,"10","RAS related protein 1b"
"Uqcrc1",0.000858155511633818,0.9872,"9","ubiquinol-cytochrome c reductase core protein 1"
"Pithd1",-0.00085680214464734,0.982,"4","PITH (C-terminal proteasome-interacting domain of thioredoxin-like) domain containing 1"
"Nadsyn1",0.00085659500220947,0.9872,"7","NAD synthetase 1"
"Cpe",-0.000845618737535858,0.9928,"8","carboxypeptidase E"
"Cnnm2",0.000841753193723704,0.9872,"19","cyclin M2"
"Exoc5",0.000824073851887874,0.9864,"14","exocyst complex component 5"
"Arid4a",0.000815265112803942,0.978,"12","AT rich interactive domain 4A (RBP1-like)"
"Ywhag",-0.000814427374910665,0.9736,"5","tyrosine 3-monooxygenase/tryptophan 5-monooxygenase activation protein, gamma polypeptide"
"Slc15a4",-0.00080255645601035,0.9872,"5","solute carrier family 15, member 4"
"Tmem29",-0.000800088538110533,0.9872,"X","transmembrane protein 29"
"Timm29",-0.000786604815159464,0.9872,"9","translocase of inner mitochondrial membrane 29"
"Slc4a4",0.000783330314290787,0.9872,"5","solute carrier family 4 (anion exchanger), member 4"
"Pank1",-0.000776372048738594,0.9648,"19","pantothenate kinase 1"
"Cdk12",-0.000769590836524614,0.9732,"11","cyclin-dependent kinase 12"
"Arl2bp",0.000760840506630167,0.9828,"8","ADP-ribosylation factor-like 2 binding protein"
"Gucy1b1",0.000748969840357105,0.9872,"3","guanylate cyclase 1, soluble, beta 1"
"H13",0.000736638046194393,0.982,"2","histocompatibility 13"
"Gnaz",0.000734621217862497,0.9872,"10","guanine nucleotide binding protein, alpha z subunit"
"Anapc2",-0.00073309226950613,0.9872,"2","anaphase promoting complex subunit 2"
"Arl16",-0.000721971389364029,0.9928,"11","ADP-ribosylation factor-like 16"
"Paqr4",0.00069924138999955,0.9796,"17","progestin and adipoQ receptor family member IV"
"Adi1",-0.000681100715171468,0.9872,"12","acireductone dioxygenase 1"
"Ptpre",0.000680409990009068,0.9928,"7","protein tyrosine phosphatase, receptor type, E"
"Nectin3",-0.000672168716371324,0.9928,"16","nectin cell adhesion molecule 3"
"Fam149b",-0.000671002396329889,0.9788,"14","family with sequence similarity 149, member B"
"Elmo1",0.000666537345193063,0.9872,"13","engulfment and cell motility 1"
"Ino80c",0.000639189067701551,0.9844,"18","INO80 complex subunit C"
"Rnf216",-0.000628032161720249,0.9836,"5","ring finger protein 216"
"Slc2a13",-0.000613695957149218,0.9928,"15","solute carrier family 2 (facilitated glucose transporter), member 13"
"Anapc7",0.000591977118707732,0.978,"5","anaphase promoting complex subunit 7"
"Sbsn",-0.000586613553900772,0.9872,"7","suprabasin"
"Trim27",-0.000570382719413232,0.9824,"13","tripartite motif-containing 27"
"Inka2",-0.000550673061029627,0.9872,"3","inka box actin regulator 2"
"Rlim",0.000531285800425607,0.9792,"X","ring finger protein, LIM domain interacting"
"Numa1",0.000522940752600398,0.9752,"7","nuclear mitotic apparatus protein 1"
"Zfp563",0.000515528734073456,0.9772,"17","zinc finger protein 563"
"Chd4",-0.00049871653976119,0.9824,"6","chromodomain helicase DNA binding protein 4"
"Fez1",0.0004927550016669,0.9928,"9","fasciculation and elongation protein zeta 1 (zygin I)"
"Tbc1d12",0.000479063710909777,0.9832,"19","TBC1D12: TBC1 domain family, member 12"
"Trio",-0.000465234558830296,0.9872,"15","triple functional domain (PTPRF interacting)"
"Snhg3",-0.000452985506676384,0.9872,"4","small nucleolar RNA host gene 3"
"Cdh11",-0.000438845274927324,0.9784,"8","cadherin 11"
"Cyhr1",0.000438699483888527,0.9928,"15","cysteine and histidine rich 1"
"Aak1",0.000428339124486143,0.974,"6","AP2 associated kinase 1"
"Smim12",0.000424303822607719,0.984,"4","small integral membrane protein 12"
"Cnppd1",-0.000418080935643772,0.9756,"1","cyclin Pas1/PHO80 domain containing 1"
"Prkcb",0.000394787119370577,0.9872,"7","protein kinase C, beta"
"Dhx32",-0.000390510942214206,0.9784,"7","DEAH (Asp-Glu-Ala-His) box polypeptide 32"
"Fam20c",0.000387497987840213,0.9872,"5","FAM20C, golgi associated secretory pathway kinase"
"4933404O12Rik",0.000382899523201363,0.9872,"5","RIKEN cDNA 4933404O12 gene"
"Cd200",-0.000380468012582291,0.9872,"16","CD200 molecule"
"Gabrg2",0.000362082544320685,0.9776,"11","gamma-aminobutyric acid (GABA) A receptor, subunit gamma 2"
"Rtf1",-0.000343601740540933,0.9872,"2","RTF1, Paf1/RNA polymerase II complex component"
"Sox8",-0.000340323916179663,0.9928,"17","SRY (sex determining region Y)-box 8"
"Gins4",0.000332367970880654,0.9872,"8","GINS complex subunit 4 (Sld5 homolog)"
"Lss",0.000327443142894346,0.9872,"10","lanosterol synthase"
"Entpd6",0.00031146653075087,0.986,"2","ectonucleoside triphosphate diphosphohydrolase 6"
"Ids",-0.000302162800204897,0.9872,"X","iduronate 2-sulfatase"
"Mdn1",0.000295168486134756,0.9872,"4","midasin AAA ATPase 1"
"Bloc1s5",0.000284594031336738,0.9872,"13","biogenesis of lysosomal organelles complex-1, subunit 5, muted"
"Tmem63b",0.00026318647627388,0.9872,"17","transmembrane protein 63b"
"R3hcc1",0.000253795021633252,0.9872,"14","R3H domain and coiled-coil containing 1"
"Amfr",0.000218233649722954,0.9816,"8","autocrine motility factor receptor"
"Mgat4a",-0.000206082391370543,0.9928,"1","mannoside acetylglucosaminyltransferase 4, isoenzyme A"
"Senp8",0.000202574686780199,0.9928,"9","SUMO peptidase family member, NEDD8 specific"
"Rnf187",-0.000197526716862129,0.9928,"11","ring finger protein 187"
"Spag9",-0.000194516762027419,0.9928,"11","sperm associated antigen 9"
"Ypel2",-0.000165592038714912,0.9872,"11","yippee like 2"
"Ezh1",0.000161288649193736,0.9784,"11","enhancer of zeste 1 polycomb repressive complex 2 subunit"
"Dnm1",0.000159495535333676,0.9872,"2","dynamin 1"
"Qdpr",0.000147052500479639,0.9928,"5","quinoid dihydropteridine reductase"
"Atp2b2",0.00014601283382909,0.9872,"6","ATPase, Ca++ transporting, plasma membrane 2"
"Zfp61",-0.000135145933623626,0.9928,"7","zinc finger protein 61"
"Frat2",0.0001280002461157,0.9872,"19","frequently rearranged in advanced T cell lymphomas 2"
"Pus7",0.000124764603518734,0.9752,"5","pseudouridylate synthase 7"
"Dnajb12",0.000110331985069934,0.9836,"10","DnaJ heat shock protein family (Hsp40) member B12"
"Rabif",-0.000103422799719866,0.9928,"1","RAB interacting factor"
"Xpnpep1",-9.92848501466526e-05,0.9812,"19","X-prolyl aminopeptidase (aminopeptidase P) 1, soluble"
"C1qtnf12",9.63479509206167e-05,0.9872,"4","C1q and tumor necrosis factor related 12"
"B230303A05Rik",-8.53452356746054e-05,0.9872,"13","RIKEN cDNA B230303A05 gene"
"Rspo3",-8.06842871741154e-05,0.9872,"10","R-spondin 3"
"Mcc",-7.71528718055414e-05,0.9928,"18","mutated in colorectal cancers"
"Nufip2",7.11023378645592e-05,0.9928,"11","nuclear FMR1 interacting protein 2"
"Rnf44",-6.26266127214947e-05,0.9876,"13","ring finger protein 44"
"Zfp871",5.24487058291001e-05,0.9872,"17","zinc finger protein 871"
"Ptbp1",-4.53536339692917e-05,0.9928,"10","polypyrimidine tract binding protein 1"
"Myo10",4.21977528981543e-05,0.9872,"15","myosin X"
"Kctd1",3.4984999505383e-05,0.9928,"18","potassium channel tetramerisation domain containing 1"
"Capn2",-3.30858380133137e-05,0.9872,"1","calpain 2"
"Rnf34",-4.69946204351146e-06,0.9928,"5","ring finger protein 34"
