"symbol","logFC","P.Value","chr","description"
"Kcnj13",-1.27793984402809,0.3424,"1","potassium inwardly-rectifying channel, subfamily J, member 13"
"Aldh1a2",-1.0833978971064,0.1212,"9","aldehyde dehydrogenase family 1, subfamily A2"
"Tmem72",-1.04775912406523,0.4512,"6","transmembrane protein 72"
"Anpep",-1.04662646702717,0.026,"7","alanyl (membrane) aminopeptidase"
"Pla2g5",-0.891994959154887,0.2936,"4","phospholipase A2, group V"
"Avp",0.872812871169479,0.2328,"2","arginine vasopressin"
"Prlr",-0.779282290788334,0.3648,"15","prolactin receptor"
"Gpr34",-0.762296679315598,0.506,"X","G protein-coupled receptor 34"
"Slc4a5",-0.76066407116633,0.682,"6","solute carrier family 4, sodium bicarbonate cotransporter, member 5"
"Itgam",-0.75105970425527,0.5556,"7","integrin alpha M"
"Dynlrb2",0.741246016376063,0.0496,"8","dynein light chain roadblock-type 2"
"Cldn1",-0.718936970489115,0.5808,"16","claudin 1"
"Ldb2",-0.713034353805245,0.1792,"5","LIM domain binding 2"
"Fmod",-0.711624452711065,0.278,"1","fibromodulin"
"Dcn",-0.707851372751112,0.4632,"10","decorin"
"Itgb2",-0.706797293588678,0.4108,"10","integrin beta 2"
"Tmem52",0.705981379833177,0.0724,"4","transmembrane protein 52"
"Htr2c",-0.704191040699856,0.2324,"X","5-hydroxytryptamine (serotonin) receptor 2C"
"Dock8",-0.703569629306226,0.3816,"19","dedicator of cytokinesis 8"
"P2ry12",-0.702498484365543,0.3952,"3","purinergic receptor P2Y, G-protein coupled 12"
"Ifi27l2a",0.695412726070239,0.5288,"12","interferon, alpha-inducible protein 27 like 2A"
"Cfh",-0.687774212612399,0.452,"1","complement component factor h"
"Ttc23",0.686999352318425,0.0108,"7","tetratricopeptide repeat domain 23"
"Col4a3",-0.674967906393041,0.5268,"1","collagen, type IV, alpha 3"
"Atp2a3",-0.674655740783604,0.0324,"11","ATPase, Ca++ transporting, ubiquitous"
"Grem1",-0.672371164534171,0.3804,"2","gremlin 1, DAN family BMP antagonist"
"Yod1",-0.666745249189977,0.658,"1","YOD1 deubiquitinase"
"Nmb",0.665058713829318,0.1576,"7","neuromedin B"
"Gbp2",-0.660291972761084,0.2,"3","guanylate binding protein 2"
"Klhdc8a",0.639105461182226,0.0568,"1","kelch domain containing 8A"
"Pcdhb10",-0.634526802832006,0.0708,"18","protocadherin beta 10"
"Ccdc153",0.632234966920476,0.048,"9","coiled-coil domain containing 153"
"Sag",0.629548078456405,0.0264,"1","S-antigen, retina and pineal gland (arrestin)"
"Lrrc51",0.626598509565718,0.014,"7","leucine rich repeat containing 51"
"Sh2b2",0.624683229720994,0.0028,"5","SH2B adaptor protein 2"
"Ccn3",-0.623843450169163,0.2032,"15","cellular communication network factor 3"
"Ston1",-0.618359027672487,0.332,"17","stonin 1"
"Flywch2",0.615221376146425,0.1572,"17","FLYWCH family member 2"
"Slc6a13",-0.612156514003513,0.2632,"6","solute carrier family 6 (neurotransmitter transporter, GABA), member 13"
"1110017D15Rik",0.608761481886293,0.0092,"4","RIKEN cDNA 1110017D15 gene"
"1700007F19Rik",-0.60702242910554,0.1244,"3","RIKEN cDNA 1700007F19 gene"
"Lyn",-0.600945424232557,0.2556,"4","LYN proto-oncogene, Src family tyrosine kinase"
"Satb2",-0.599156918326534,0.1796,"1","special AT-rich sequence binding protein 2"
"Fyb",-0.596984559441564,0.4676,"15","FYN binding protein"
"Zfp688",0.596957555406449,0.1108,"7","zinc finger protein 688"
"Cyp1b1",-0.59689249432638,0.0388,"17","cytochrome P450, family 1, subfamily b, polypeptide 1"
"Rbm47",-0.596700228591634,0.4876,"5","RNA binding motif protein 47"
"Cdh23",0.596191502498558,0.2496,"10","cadherin 23 (otocadherin)"
"Bin2",-0.59605972365764,0.2624,"15","bridging integrator 2"
"Arrdc2",0.594508796868577,0.0168,"8","arrestin domain containing 2"
"2900040C04Rik",0.594356888160124,0.7292,"14","RIKEN cDNA 2900040C04 gene"
"Lars2",0.591708082843626,0.1728,"9","leucyl-tRNA synthetase, mitochondrial"
"Slc7a11",-0.585322746850422,0.1004,"3","solute carrier family 7 (cationic amino acid transporter, y+ system), member 11"
"Apbb1ip",-0.584532592080884,0.1576,"2","amyloid beta (A4) precursor protein-binding, family B, member 1 interacting protein"
"Ctss",-0.582644154296186,0.4368,"3","cathepsin S"
"Gm5617",0.582090635177418,0.2036,"9","predicted gene 5617"
"Kcnh7",-0.57939464608203,0.5316,"2","potassium voltage-gated channel, subfamily H (eag-related), member 7"
"Nhlrc2",-0.5766754124791,0.1844,"19","NHL repeat containing 2"
"Kcnmb4os2",0.576312338922877,0.0372,"10","potassium large conductance calcium-activated channel, subfamily M, beta member 4, opposite strand 2"
"Sdsl",0.574842423008761,0.0784,"5","serine dehydratase-like"
"Slc25a47",0.574473101126831,0.0732,"12","solute carrier family 25, member 47"
"Sfmbt2",-0.572797183585816,0.098,"2","Scm-like with four mbt domains 2"
"Gemin7",0.572125995675252,0.0504,"7","gem nuclear organelle associated protein 7"
"Trp73",0.571883612864458,0.0096,"4","transformation related protein 73"
"Oasl2",-0.567948978919835,0.4272,"5","2'-5' oligoadenylate synthetase-like 2"
"Apold1",-0.565514660537574,0.4132,"6","apolipoprotein L domain containing 1"
"Slc25a34",0.564335427648715,0.0088,"4","solute carrier family 25, member 34"
"Slco2b1",-0.563035538270236,0.4668,"7","solute carrier organic anion transporter family, member 2b1"
"Olfml3",-0.560543039285979,0.3156,"3","olfactomedin-like 3"
"Abca8a",-0.552142806618177,0.0544,"11","ATP-binding cassette, sub-family A (ABC1), member 8a"
"Nbeal1",-0.551706479502248,0.3248,"1","neurobeachin like 1"
"Efemp1",-0.549150137391808,0.0592,"11","epidermal growth factor-containing fibulin-like extracellular matrix protein 1"
"Rnf8",0.547784984573003,0.0968,"17","ring finger protein 8"
"Rbms1",-0.546652368369985,0.21,"2","RNA binding motif, single stranded interacting protein 1"
"Fcgr3",-0.545800011998128,0.3368,"1","Fc receptor, IgG, low affinity III"
"Wdr86",-0.545134539531567,0.7376,"5","WD repeat domain 86"
"Itga1",-0.539857348065722,0.4264,"13","integrin alpha 1"
"Parm1",-0.538793528420731,0.3972,"5","prostate androgen-regulated mucin-like protein 1"
"Ssc5d",-0.538676511734335,0.014,"7","scavenger receptor cysteine rich family, 5 domains"
"Fgf5",0.538080569070201,0.0476,"5","fibroblast growth factor 5"
"Comtd1",0.537345334249052,0.1016,"14","catechol-O-methyltransferase domain containing 1"
"St3gal1",-0.536339524548726,0.008,"15","ST3 beta-galactoside alpha-2,3-sialyltransferase 1"
"Ccr5",-0.534857758526122,0.6744,"9","chemokine (C-C motif) receptor 5"
"Col6a3",-0.532866491503893,0.2072,"1","collagen, type VI, alpha 3"
"Phldb2",-0.532261354015024,0.132,"16","pleckstrin homology like domain, family B, member 2"
"Shisa2",0.530181312793369,0.046,"14","shisa family member 2"
"Ntn1",-0.524765362606583,0.252,"11","netrin 1"
"Lgals3bp",-0.524377932493951,0.138,"11","lectin, galactoside-binding, soluble, 3 binding protein"
"Selenom",0.522230199196824,0.3612,"11","selenoprotein M"
"Lgals9",-0.520644099723208,0.084,"11","lectin, galactose binding, soluble 9"
"Neurod1",-0.520162551401693,0.068,"2","neurogenic differentiation 1"
"Nr4a2",-0.519894331681746,0.0424,"2","nuclear receptor subfamily 4, group A, member 2"
"Catspere2",-0.518662911927155,0.266,"1","cation channel sperm associated auxiliary subunit epsilon 2"
"Dpy19l4",-0.518537087371308,0.3976,"4","dpy-19-like 4 (C. elegans)"
"Kcne2",-0.515060361278336,0.6452,"16","potassium voltage-gated channel, Isk-related subfamily, gene 2"
"Atp5e",0.514070466666443,0.3464,"2","ATP synthase, H+ transporting, mitochondrial F1 complex, epsilon subunit"
"Ankrd35",0.513850080307187,0,"3","ankyrin repeat domain 35"
"Abca9",-0.513625906160493,0.6608,"11","ATP-binding cassette, sub-family A (ABC1), member 9"
"Cp",-0.512940480641662,0.1128,"3","ceruloplasmin"
"Col12a1",-0.512806918933964,0.298,"9","collagen, type XII, alpha 1"
"Pter",-0.509511149390572,0.06,"2","phosphotriesterase related"
"Mme",-0.50815807973115,0.408,"3","membrane metallo endopeptidase"
"Myh11",-0.506250677283756,0.1416,"16","myosin, heavy polypeptide 11, smooth muscle"
"Irf7",-0.50498291799211,0.388,"7","interferon regulatory factor 7"
"Hscb",0.503656555069031,0.05,"5","HscB iron-sulfur cluster co-chaperone"
"Entpd1",-0.501541032114039,0.2892,"19","ectonucleoside triphosphate diphosphohydrolase 1"
"Il13ra1",-0.501318632964564,0.1668,"X","interleukin 13 receptor, alpha 1"
"Rpl22l1",0.499436359080421,0.232,"3","ribosomal protein L22 like 1"
"Atp5j2",0.494932847221063,0.2772,"5","ATP synthase, H+ transporting, mitochondrial F0 complex, subunit F2"
"Peg3",-0.492616276191561,0.5772,"7","paternally expressed 3"
"Ifi203",-0.492556885996341,0.0868,"1","interferon activated gene 203"
"Rps14",0.491706322912807,0.334,"18","ribosomal protein S14"
"Sgcd",-0.491517147150014,0.1868,"11","sarcoglycan, delta (dystrophin-associated glycoprotein)"
"Hpgd",-0.490837874752124,0.2624,"8","hydroxyprostaglandin dehydrogenase 15 (NAD)"
"Nudt22",0.489959506547777,0.0176,"19","nudix (nucleoside diphosphate linked moiety X)-type motif 22"
"Ncf1",-0.489795585757749,0.1684,"5","neutrophil cytosolic factor 1"
"Bok",0.489196908959245,0.2312,"1","BCL2-related ovarian killer"
"Gprin3",-0.488542983344425,0.558,"6","GPRIN family member 3"
"Cd74",-0.487054240040114,0.4328,"18","CD74 antigen (invariant polypeptide of major histocompatibility complex, class II antigen-associated)"
"Cryzl2",0.485841581303183,0.1524,"1","crystallin zeta like 2"
"Fv1",-0.485514580818272,0.3696,"4","Friend virus susceptibility 1"
"Skap2",-0.484245310943854,0.0572,"6","src family associated phosphoprotein 2"
"Tekt1",0.483550706622403,0.1508,"11","tektin 1"
"Pnisr",-0.482445143819388,0.364,"4","PNN interacting serine/arginine-rich"
"Susd5",-0.480867317247678,0.1256,"9","sushi domain containing 5"
"Acta2",-0.480686671272109,0.1556,"19","actin alpha 2, smooth muscle, aorta"
"Cdkn1a",0.480625190121066,0.1316,"17","cyclin-dependent kinase inhibitor 1A (P21)"
"Znhit2",0.480478195989499,0.224,"19","zinc finger, HIT domain containing 2"
"Mpeg1",-0.47976809425709,0.5148,"19","macrophage expressed gene 1"
"Uqcc2",0.479294903743662,0.3296,"17","ubiquinol-cytochrome c reductase complex assembly factor 2"
"Plekhf1",0.479195076310196,0.036,"7","pleckstrin homology domain containing, family F (with FYVE domain) member 1"
"Itga10",-0.479012126587451,0.2024,"3","integrin, alpha 10"
"Slfn5",-0.478378703291078,0.1508,"11","schlafen 5"
"Tspan17",0.476449743200062,0.178,"13","tetraspanin 17"
"Aqp1",-0.476346716036589,0.5768,"6","aquaporin 1"
"Tmem114",0.474694474701339,0.0128,"16","transmembrane protein 114"
"St8sia4",-0.474179661546758,0.1428,"1","ST8 alpha-N-acetyl-neuraminide alpha-2,8-sialyltransferase 4"
"Ndufaf8",0.473876095854397,0.0636,"11","NADH:ubiquinone oxidoreductase complex assembly factor 8"
"Dach1",-0.473818904587586,0.052,"14","dachshund family transcription factor 1"
"Ndufc1",0.472094409419813,0.2416,"3","NADH:ubiquinone oxidoreductase subunit C1"
"Xdh",0.470777864148067,0.5052,"17","xanthine dehydrogenase"
"Trpc6",-0.470147034725959,0.0188,"9","transient receptor potential cation channel, subfamily C, member 6"
"Wnt3",0.468018093954798,0.0288,"11","wingless-type MMTV integration site family, member 3"
"Zfp783",0.466374767484091,0.1032,"6","zinc finger protein 783"
"Zfp711",-0.466055785148355,0.052,"X","zinc finger protein 711"
"Ndn",0.465756028881165,0.0332,"7","necdin, MAGE family member"
"Adgrl2",-0.465427391748989,0.2964,"3","adhesion G protein-coupled receptor L2"
"Slc25a30",0.463973953919217,0.2244,"14","solute carrier family 25, member 30"
"Plekhd1",0.463524630109349,0.2584,"12","pleckstrin homology domain containing, family D (with coiled-coil domains) member 1"
"B3galt4",0.460828374041094,0.126,"17","UDP-Gal:betaGlcNAc beta 1,3-galactosyltransferase, polypeptide 4"
"Cpeb4",-0.460691673730266,0.3452,"11","cytoplasmic polyadenylation element binding protein 4"
"Abcc9",-0.460677880909658,0.5,"6","ATP-binding cassette, sub-family C (CFTR/MRP), member 9"
"Capn11",-0.460525045751359,0.6392,"17","calpain 11"
"Plin4",0.459363264727038,0.3112,"17","perilipin 4"
"Timm13",0.458689258486882,0.3644,"10","translocase of inner mitochondrial membrane 13"
"Cx3cr1",-0.458356896492819,0.7544,"9","chemokine (C-X3-C motif) receptor 1"
"Uqcrq",0.457424962500396,0.3112,"11","ubiquinol-cytochrome c reductase, complex III subunit VII"
"Zbtb20",-0.457417166732329,0.4668,"16","zinc finger and BTB domain containing 20"
"Cd33",-0.457349908500459,0.69,"7","CD33 antigen"
"Rpl37a",0.456110811754856,0.36,"1","ribosomal protein L37a"
"B3galt2",-0.455313026620153,0.4636,"1","UDP-Gal:betaGlcNAc beta 1,3-galactosyltransferase, polypeptide 2"
"Egfl6",-0.454894749574997,0.162,"X","EGF-like-domain, multiple 6"
"Arl4d",0.454876671547479,0,"11","ADP-ribosylation factor-like 4D"
"Kl",-0.453797576312043,0.3696,"5","klotho"
"Col6a2",-0.453390483510917,0.3628,"10","collagen, type VI, alpha 2"
"Klhl40",0.452991413575125,0.0512,"9","kelch-like 40"
"2310009B15Rik",0.45240495003513,0.2172,"1","RIKEN cDNA 2310009B15 gene"
"Prrx1",-0.451656073421888,0.0028,"1","paired related homeobox 1"
"Fyb2",0.450766719453859,0.3036,"4","FYN binding protein 2"
"Mapk15",0.450570171729435,0.3,"15","mitogen-activated protein kinase 15"
"Pbx3",-0.450304986765707,0.108,"2","pre B cell leukemia homeobox 3"
"Cobl",-0.450047021813078,0.1012,"11","cordon-bleu WH2 repeat"
"Ccdc13",0.446591508104039,0.0808,"9","coiled-coil domain containing 13"
"Mcrip2",0.446044863899037,0.3676,"17","MAPK regulated corepressor interacting protein 2"
"Pcdhb16",-0.44597691651742,0.2172,"18","protocadherin beta 16"
"Toe1",0.444505290342604,0.0028,"4","target of EGR1, member 1 (nuclear)"
"Dnajb9",-0.444384092691985,0.1856,"12","DnaJ heat shock protein family (Hsp40) member B9"
"9130024F11Rik",-0.444118268290105,0.2064,"1","RIKEN cDNA 9130024F11 gene"
"Nid1",-0.443819903682083,0.4824,"13","nidogen 1"
"Col1a2",-0.443194321643813,0.448,"6","collagen, type I, alpha 2"
"Ythdc2",-0.4429382300903,0.4444,"18","YTH domain containing 2"
"Selplg",-0.44221740356013,0.6356,"5","selectin, platelet (p-selectin) ligand"
"Mrpl52",0.439132546825821,0.2772,"14","mitochondrial ribosomal protein L52"
"Prkag2os1",0.437844252312892,0.626,"5","protein kinase, AMP-activated, gamma 2 non-catalytic subunit, opposite strand 1"
"Fli1",-0.437049098377804,0.3584,"9","Friend leukemia integration 1"
"Necab2",0.437047980363421,0.0808,"8","N-terminal EF-hand calcium binding protein 2"
"Syt9",0.43629909995984,0.1504,"7","synaptotagmin IX"
"Angptl6",0.435702514691923,0.0772,"9","angiopoietin-like 6"
"Galnt7",-0.435694044535749,0.1104,"8","polypeptide N-acetylgalactosaminyltransferase 7"
"Rpl18",0.43478047180621,0.3084,"7","ribosomal protein L18"
"Cacng5",0.434762097493027,0.1688,"11","calcium channel, voltage-dependent, gamma subunit 5"
"Snrpd2",0.434552282893995,0.316,"7","small nuclear ribonucleoprotein D2"
"Rilpl2",0.433769299757999,0.0168,"5","Rab interacting lysosomal protein-like 2"
"Fzd6",-0.433362107975052,0.1796,"15","frizzled class receptor 6"
"Tshz2",-0.432780376529123,0.5884,"2","teashirt zinc finger family member 2"
"Rbp1",-0.431816511204602,0.2868,"9","retinol binding protein 1, cellular"
"Ranbp3l",-0.431603605188393,0.0212,"15","RAN binding protein 3-like"
"Ascl1",-0.431087070009342,0.0028,"10","achaete-scute family bHLH transcription factor 1"
"Usp45",-0.430785007688092,0.4444,"4","ubiquitin specific petidase 45"
"Fmc1",0.429824646996693,0.126,"6","formation of mitochondrial complex V assembly factor 1"
"Gm1043",-0.429279804860801,0.3404,"5","predicted gene 1043"
"Cd68",-0.428988956597895,0.0412,"11","CD68 antigen"
"Mt2",0.428985834322761,0.3456,"8","metallothionein 2"
"Setbp1",-0.42719750475338,0.342,"18","SET binding protein 1"
"Ky",0.426364588212132,0.1036,"9","kyphoscoliosis peptidase"
"Dock4",-0.425360490054444,0.5752,"12","dedicator of cytokinesis 4"
"Trnp1",0.425061167056346,0.1532,"4","TMF1-regulated nuclear protein 1"
"Col15a1",-0.424877354389579,0.2196,"4","collagen, type XV, alpha 1"
"Dctpp1",0.424419211444702,0.2968,"7","dCTP pyrophosphatase 1"
"Hipk2",-0.423634631104957,0.1084,"6","homeodomain interacting protein kinase 2"
"Homer1",-0.423259363704822,0.3192,"13","homer scaffolding protein 1"
"Wasf1",-0.423071666853064,0.5024,"10","WASP family, member 1"
"Thbs4",-0.422754660096937,0.0732,"13","thrombospondin 4"
"Ifit3b",-0.422680146006327,0.3424,"19","interferon-induced protein with tetratricopeptide repeats 3B"
"Csf1r",-0.421890472486588,0.6912,"18","colony stimulating factor 1 receptor"
"Fcrls",-0.421441226401958,0.7396,"3","Fc receptor-like S, scavenger receptor"
"Marchf7",-0.420341197487523,0.6312,"2","membrane associated ring-CH-type finger 7"
"Rps27a",0.420108003922735,0.3524,"11","ribosomal protein S27A"
"A2m",-0.419496001536681,0.482,"6","alpha-2-macroglobulin"
"Zfp771",0.419436479085889,0.3096,"7","zinc finger protein 771"
"Laptm5",-0.419194246605242,0.5892,"4","lysosomal-associated protein transmembrane 5"
"Fndc3a",-0.418552267884878,0.2932,"14","fibronectin type III domain containing 3A"
"D8Ertd738e",0.416956248265178,0.4288,"8","DNA segment, Chr 8, ERATO Doi 738, expressed"
"Usp9x",-0.416624540839683,0.5584,"X","ubiquitin specific peptidase 9, X chromosome"
"Ttc21a",0.416339398495461,0.3872,"9","tetratricopeptide repeat domain 21A"
"Trip11",-0.415406465183547,0.5204,"12","thyroid hormone receptor interactor 11"
"S1pr1",-0.415157535971534,0.036,"3","sphingosine-1-phosphate receptor 1"
"Coprs",0.414963165075461,0.0916,"8","coordinator of PRMT5, differentiation stimulator"
"N4bp2",-0.414503054710356,0.4636,"5","NEDD4 binding protein 2"
"Lrp1b",-0.413980434989216,0.5616,"2","low density lipoprotein-related protein 1B"
"Slitrk2",-0.413957000925246,0.1676,"X","SLIT and NTRK-like family, member 2"
"Hook1",-0.413303099160258,0.5716,"4","hook microtubule tethering protein 1"
"Sbsn",0.412871126226256,0.2256,"7","suprabasin"
"Atp5k",0.412714194910778,0.4156,"5","ATP synthase, H+ transporting, mitochondrial F1F0 complex, subunit E"
"Fam183b",0.412531045629154,0.168,"11","family with sequence similarity 183, member B"
"Rpl41",0.41207635166819,0.4516,"10","ribosomal protein L41"
"Scn3a",-0.412028315427647,0.3892,"2","sodium channel, voltage-gated, type III, alpha"
"Hsp90b1",-0.4119025134368,0.1112,"10","heat shock protein 90, beta (Grp94), member 1"
"Ephb4",-0.411859269261104,0.1012,"5","Eph receptor B4"
"Sf3b5",0.411836514935826,0.214,"10","splicing factor 3b, subunit 5"
"Arhgdig",0.411359009589975,0.3816,"17","Rho GDP dissociation inhibitor (GDI) gamma"
"Hspa5",-0.410685104737253,0.0636,"2","heat shock protein 5"
"Hnrnph1",-0.410325460354367,0.2848,"11","heterogeneous nuclear ribonucleoprotein H1"
"Vcam1",-0.40969215589726,0.11,"3","vascular cell adhesion molecule 1"
"Jsrp1",0.409628087515047,0.3508,"10","junctional sarcoplasmic reticulum protein 1"
"Egr1",-0.409331816054049,0.074,"18","early growth response 1"
"1700086O06Rik",0.408577540100529,0.3356,"18","RIKEN cDNA 1700086O06 gene"
"Rbpms",-0.408039903522865,0.0516,"8","RNA binding protein gene with multiple splicing"
"Cdh5",-0.407603265026268,0.3912,"8","cadherin 5"
"Rps19",0.407026217043879,0.4416,"7","ribosomal protein S19"
"Mpdz",-0.406907837660942,0.2352,"4","multiple PDZ domain crumbs cell polarity complex component"
"Acta1",0.406709756458625,0.3576,"8","actin alpha 1, skeletal muscle"
"Ttr",-0.406138749375341,0.82,"18","transthyretin"
"B2m",-0.406118570334552,0.0256,"2","beta-2 microglobulin"
"Egr3",-0.405975679486897,0.1244,"14","early growth response 3"
"Vps13a",-0.404973049040173,0.4124,"19","vacuolar protein sorting 13A"
"Rps20",0.404342149705796,0.3832,"4","ribosomal protein S20"
"Osbpl6",-0.40410055577896,0.1708,"2","oxysterol binding protein-like 6"
"Uqcr11",0.404093667160813,0.3912,"10","ubiquinol-cytochrome c reductase, complex III subunit XI"
"Creb5",-0.40371418796169,0.1864,"6","cAMP responsive element binding protein 5"
"Hey2",-0.403266505401042,0.1924,"10","hairy/enhancer-of-split related with YRPW motif 2"
"Hgh1",0.402700428006426,0.12,"15","HGH1 homolog"
"Bambi",0.402545758105653,0.0804,"18","BMP and activin membrane-bound inhibitor"
"S100a11",-0.402388126847992,0.2496,"3","S100 calcium binding protein A11"
"Sys1",0.402361847808364,0.2016,"2","SYS1 Golgi-localized integral membrane protein homolog (S. cerevisiae)"
"Rps9",0.402021976305285,0.3132,"7","ribosomal protein S9"
"Prkg1",-0.401897988387634,0.1964,"19","protein kinase, cGMP-dependent, type I"
"Ep300",-0.401754474925252,0.2652,"15","E1A binding protein p300"
"Hddc2",0.401744358618337,0.198,"10","HD domain containing 2"
"Prkn",0.401372232418922,0.3836,"17","parkin RBR E3 ubiquitin protein ligase"
"Ccdc88a",-0.401338044586779,0.2368,"11","coiled coil domain containing 88A"
"F5",-0.401204431847522,0.704,"1","coagulation factor V"
"Fam216b",0.401158199767951,0.4308,"14","family with sequence similarity 216, member B"
"Socs4",-0.401120139075255,0.336,"14","suppressor of cytokine signaling 4"
"Rarres2",0.400694030888841,0.1116,"6","retinoic acid receptor responder (tazarotene induced) 2"
"Pdlim2",0.399767137673799,0.334,"14","PDZ and LIM domain 2"
"Pam16",0.399466561140244,0.1812,"16","presequence translocase-asssociated motor 16"
"Plpp2",0.398885718872796,0.2384,"10","phospholipid phosphatase 2"
"Polr2a",-0.398010155368703,0.0224,"11","polymerase (RNA) II (DNA directed) polypeptide A"
"Adamts2",-0.397351926317055,0.2552,"11","a disintegrin-like and metallopeptidase (reprolysin type) with thrombospondin type 1 motif, 2"
"Thsd1",-0.397288102354363,0.0276,"8","thrombospondin, type I, domain 1"
"Ppp1r14b",0.397238130258018,0.298,"19","protein phosphatase 1, regulatory inhibitor subunit 14B"
"Prtg",-0.397025657653446,0.0696,"9","protogenin"
"Usp25",-0.39697290042777,0.2936,"16","ubiquitin specific peptidase 25"
"Ndufa2",0.396806438968321,0.4244,"18","NADH:ubiquinone oxidoreductase subunit A2"
"Alox12b",-0.396174752159012,0.1824,"11","arachidonate 12-lipoxygenase, 12R type"
"Ttc9b",0.396121206983012,0.3824,"7","tetratricopeptide repeat domain 9B"
"Alpl",-0.395768089400547,0.3524,"4","alkaline phosphatase, liver/bone/kidney"
"Ror1",-0.395335375988174,0.3744,"4","receptor tyrosine kinase-like orphan receptor 1"
"Tppp3",0.395039575459453,0.1916,"8","tubulin polymerization-promoting protein family member 3"
"A230077H06Rik",-0.394979813430601,0.084,"7","RIKEN cDNA A230077H06 gene"
"Uba6",-0.394742570038414,0.4256,"5","ubiquitin-like modifier activating enzyme 6"
"Cdh9",-0.394117504343939,0.3288,"15","cadherin 9"
"Noxo1",0.393895182727851,0.0684,"17","NADPH oxidase organizer 1"
"Arhgdib",-0.393233754279353,0.244,"6","Rho, GDP dissociation inhibitor (GDI) beta"
"Cldn2",-0.3929467253925,0.7432,"X","claudin 2"
"Col5a1",-0.392887561313335,0.092,"2","collagen, type V, alpha 1"
"Asap2",-0.392863234669432,0.1128,"12","ArfGAP with SH3 domain, ankyrin repeat and PH domain 2"
"Gucy1a2",-0.390777700355136,0.4684,"9","guanylate cyclase 1, soluble, alpha 2"
"Zkscan8",-0.390628159931429,0.126,"13","zinc finger with KRAB and SCAN domains 8"
"Arid4a",-0.390421963190234,0.5012,"12","AT rich interactive domain 4A (RBP1-like)"
"Dnajc21",-0.390005128315274,0,"15","DnaJ heat shock protein family (Hsp40) member C21"
"Lingo3",0.38991017207196,0.166,"10","leucine rich repeat and Ig domain containing 3"
"Rreb1",-0.389446766932587,0.514,"13","ras responsive element binding protein 1"
"Zfp804a",-0.389244129330567,0.2416,"2","zinc finger protein 804A"
"Slc38a5",0.388999696367684,0.1828,"X","solute carrier family 38, member 5"
"Atp13a3",-0.388944916416903,0.102,"16","ATPase type 13A3"
"Gm15612",0.388679045275326,0.1724,"6","predicted gene 15612"
"2410004P03Rik",0.387829813851504,0.228,"12","RIKEN cDNA 2410004P03 gene"
"Vat1l",-0.387680568565178,0.5468,"8","vesicle amine transport protein 1 like"
"Tmem134",0.387050208859485,0.2848,"19","transmembrane protein 134"
"Tob1",-0.386954930991622,0.214,"11","transducer of ErbB-2.1"
"Bloc1s1",0.38641325612604,0.3004,"10","biogenesis of lysosomal organelles complex-1, subunit 1"
"Cenpb",0.386371675298147,0.3752,"2","centromere protein B"
"Uqcr10",0.386155165002238,0.3848,"11","ubiquinol-cytochrome c reductase, complex III subunit X"
"Kitl",-0.385860695921009,0.3932,"10","kit ligand"
"Zfhx3",-0.385337908034991,0.2988,"8","zinc finger homeobox 3"
"Tjp1",-0.385310233014095,0.2912,"7","tight junction protein 1"
"Fgf10",-0.385256038678345,0.1204,"13","fibroblast growth factor 10"
"Dmd",-0.385156434423392,0.3416,"X","dystrophin, muscular dystrophy"
"Ftl1",0.385116197243691,0.4556,"7","ferritin light polypeptide 1"
"Pdia4",-0.384851711646163,0.0388,"6","protein disulfide isomerase associated 4"
"Elavl4",-0.384838880217195,0.0832,"4","ELAV like RNA binding protein 4"
"Lrrn1",-0.384645635477286,0.4244,"6","leucine rich repeat protein 1, neuronal"
"Dock10",-0.384406432962018,0.3244,"1","dedicator of cytokinesis 10"
"Hs3st4",0.384177668631313,0.0084,"7","heparan sulfate (glucosamine) 3-O-sulfotransferase 4"
"Prkcd",0.384048223854938,0.3212,"14","protein kinase C, delta"
"Psmb4",0.383823747404048,0.1384,"3","proteasome (prosome, macropain) subunit, beta type 4"
"Jmjd1c",-0.383313592991529,0.508,"10","jumonji domain containing 1C"
"Kmt2c",-0.38322926566924,0.4068,"5","lysine (K)-specific methyltransferase 2C"
"Mpnd",0.3831832355409,0.2712,"17","MPN domain containing"
"Gm15446",-0.383051747768201,0.292,"5","predicted gene 15446"
"Pnpla2",0.382833216557179,0.1156,"7","patatin-like phospholipase domain containing 2"
"2010001A14Rik",0.382715550464864,0.234,"11","RIKEN cDNA 2010001A14 gene"
"Micos13",0.382651926895496,0.2488,"17","mitochondrial contact site and cristae organizing system subunit 13"
"Trpv4",-0.382415349383101,0.5552,"5","transient receptor potential cation channel, subfamily V, member 4"
"Itga4",-0.381714168077878,0.088,"2","integrin alpha 4"
"Tnnt2",0.381598182316583,0.394,"1","troponin T2, cardiac"
"Dcxr",0.381564225215726,0.1328,"11","dicarbonyl L-xylulose reductase"
"Hspg2",-0.381396755279324,0.2384,"4","perlecan (heparan sulfate proteoglycan 2)"
"Tmem255a",-0.381362038714499,0.258,"X","transmembrane protein 255A"
"Inpp5d",-0.381334964252978,0.5788,"1","inositol polyphosphate-5-phosphatase D"
"Dedd2",0.381313046854291,0.0232,"7","death effector domain-containing DNA binding protein 2"
"Il6ra",-0.381060958481463,0.596,"3","interleukin 6 receptor, alpha"
"Fam135b",-0.380902213624831,0.6236,"15","family with sequence similarity 135, member B"
"Rom1",0.380823733135944,0.21,"19","rod outer segment membrane protein 1"
"Cmklr1",-0.380761585283845,0.4868,"5","chemokine-like receptor 1"
"Enpp2",-0.379634190508509,0.4932,"15","ectonucleotide pyrophosphatase/phosphodiesterase 2"
"Zfp36l1",-0.379478325487499,0.2024,"12","zinc finger protein 36, C3H type-like 1"
"Dock2",-0.379421396534608,0.6184,"11","dedicator of cyto-kinesis 2"
"Amdhd2",0.378943663368609,0.1524,"17","amidohydrolase domain containing 2"
"Dnah5",-0.378818082094432,0.3516,"15","dynein, axonemal, heavy chain 5"
"Rec8",0.378370174965449,0.2816,"14","REC8 meiotic recombination protein"
"Ets1",-0.378196603173754,0.4016,"9","E26 avian leukemia oncogene 1, 5' domain"
"Car12",-0.378186791545121,0.1976,"9","carbonic anhydrase 12"
"Ndst3",-0.377929947687318,0.1012,"3","N-deacetylase/N-sulfotransferase (heparan glucosaminyl) 3"
"Msrb3",-0.377748339267126,0.376,"10","methionine sulfoxide reductase B3"
"Kit",-0.377581535115288,0.1144,"5","KIT proto-oncogene receptor tyrosine kinase"
"Edem3",-0.377553953731748,0.3392,"1","ER degradation enhancer, mannosidase alpha-like 3"
"Ogn",-0.377504237070003,0.424,"13","osteoglycin"
"Vps13c",-0.377476849766746,0.3556,"9","vacuolar protein sorting 13C"
"Nme2",0.377465887268299,0.3244,"11","NME/NM23 nucleoside diphosphate kinase 2"
"Dpcd",0.377371308448071,0.1824,"19","deleted in primary ciliary dyskinesia"
"Dipk1b",0.376848059410804,0.134,"2","divergent protein kinase domain 1B"
"Lrrk2",-0.376001900263278,0.472,"15","leucine-rich repeat kinase 2"
"Rictor",-0.375885556180029,0.3596,"15","RPTOR independent companion of MTOR, complex 2"
"G2e3",-0.375160418894499,0.2512,"12","G2/M-phase specific E3 ubiquitin ligase"
"Jun",-0.375057771014363,0.0288,"4","jun proto-oncogene"
"Msn",-0.374772923331556,0.0664,"X","moesin"
"Uevld",-0.374632322113333,0.0608,"7","UEV and lactate/malate dehyrogenase domains"
"Ccdc162",0.37458509837447,0.264,"10","coiled-coil domain containing 162"
"Zfp760",-0.374564792027409,0.0336,"17","zinc finger protein 760"
"Lgr4",-0.374535042816103,0.0956,"2","leucine-rich repeat-containing G protein-coupled receptor 4"
"Ddah2",0.374406429807378,0.1332,"17","dimethylarginine dimethylaminohydrolase 2"
"Mrps24",0.37406565724089,0.266,"11","mitochondrial ribosomal protein S24"
"Tmem245",-0.374036472989383,0.5276,"4","transmembrane protein 245"
"Prrc2c",-0.373906897444966,0.4252,"1","proline-rich coiled-coil 2C"
"Gpnmb",-0.373861852881092,0.1568,"6","glycoprotein (transmembrane) nmb"
"Ddr2",-0.373818136429197,0.088,"1","discoidin domain receptor family, member 2"
"Ccn1",-0.373412088508311,0.0852,"3","cellular communication network factor 1"
"Crim1",-0.37337111614392,0.0996,"17","cysteine rich transmembrane BMP regulator 1 (chordin like)"
"Fau",0.37270268321309,0.404,"19","Finkel-Biskis-Reilly murine sarcoma virus (FBR-MuSV) ubiquitously expressed (fox derived)"
"Pcdh15",-0.372269131689097,0.43,"10","protocadherin 15"
"Chmp1a",0.371995546037367,0.17,"8","charged multivesicular body protein 1A"
"Ssbp4",0.371954368210234,0.354,"8","single stranded DNA binding protein 4"
"Sema3e",-0.371902275771949,0.4272,"5","sema domain, immunoglobulin domain (Ig), short basic domain, secreted, (semaphorin) 3E"
"Pcdhga12",-0.371896293789577,0.3348,"18","protocadherin gamma subfamily A, 12"
"Naa38",0.371789841264756,0.3036,"11","N(alpha)-acetyltransferase 38, NatC auxiliary subunit"
"Mrpl30",0.371673486972176,0.3348,"1","mitochondrial ribosomal protein L30"
"Rnpc3",-0.371532494200778,0.372,"3","RNA-binding region (RNP1, RRM) containing 3"
"Borcs5",0.370663596204418,0.2604,"6","BLOC-1 related complex subunit 5"
"Plpp7",0.370542678741086,0.234,"2","phospholipid phosphatase 7 (inactive)"
"Ndufaf3",0.370448820255598,0.2648,"9","NADH:ubiquinone oxidoreductase complex assembly factor 3"
"Map1lc3a",0.370241595741065,0.312,"2","microtubule-associated protein 1 light chain 3 alpha"
"Pld4",-0.370069250497354,0.3636,"12","phospholipase D family, member 4"
"Syndig1l",0.369731767404965,0.3788,"12","synapse differentiation inducing 1 like"
"Mpst",0.369492000189703,0.1748,"15","mercaptopyruvate sulfurtransferase"
"Ndufa4",0.369178020106682,0.1676,"6","Ndufa4, mitochondrial complex associated"
"4930503L19Rik",-0.369094577172007,0.452,"18","RIKEN cDNA 4930503L19 gene"
"Rpl38",0.369084722023196,0.4648,"11","ribosomal protein L38"
"Ap2s1",0.369019124455039,0.3864,"7","adaptor-related protein complex 2, sigma 1 subunit"
"Rps8",0.368890997015097,0.438,"4","ribosomal protein S8"
"Rps8",0.368890997015097,0.438,"4","ribosomal protein S8"
"Fis1",0.368772777255153,0.3884,"5","fission, mitochondrial 1"
"Manea",-0.368318075069499,0.16,"4","mannosidase, endo-alpha"
"Ccdc3",0.368307973097372,0.0872,"2","coiled-coil domain containing 3"
"Prox1",-0.368213214471337,0.396,"1","prospero homeobox 1"
"Tox",-0.368097591379622,0.4348,"4","thymocyte selection-associated high mobility group box"
"Tbc1d8b",-0.368013896261003,0.3784,"X","TBC1 domain family, member 8B"
"Rpl36",0.367963146436,0.5024,"17","ribosomal protein L36"
"Elf1",-0.36785746929334,0.234,"14","E74 like ETS transcription factor 1"
"Tgfbi",-0.367756723980681,0.356,"13","transforming growth factor, beta induced"
"Ndufb7",0.367232953717343,0.4232,"8","NADH:ubiquinone oxidoreductase subunit B7"
"Iqgap2",-0.367075078300683,0.3656,"13","IQ motif containing GTPase activating protein 2"
"Scn1a",-0.367001037426395,0.2208,"2","sodium channel, voltage-gated, type I, alpha"
"Prxl2b",0.366987282017772,0.2768,"4","peroxiredoxin like 2B"
"Dlk2",0.366913692300428,0.198,"17","delta like non-canonical Notch ligand 2"
"Zfp518a",-0.366878748699384,0.3748,"19","zinc finger protein 518A"
"1110065P20Rik",0.366758025734927,0.262,"4","RIKEN cDNA 1110065P20 gene"
"Cd93",-0.366669367638736,0.4232,"2","CD93 antigen"
"Rhpn2",0.366401264265019,0.0244,"7","rhophilin, Rho GTPase binding protein 2"
"Slc35e4",0.366202209918976,0.0728,"11","solute carrier family 35, member E4"
"Bicd1",-0.365834578480445,0.372,"6","BICD cargo adaptor 1"
"Rps29",0.365293921558435,0.49,"12","ribosomal protein S29"
"Ranbp2",-0.364520086881084,0.5076,"10","RAN binding protein 2"
"Slc4a10",-0.364336604144974,0.5228,"2","solute carrier family 4, sodium bicarbonate cotransporter-like, member 10"
"Gbp7",-0.364185425552716,0.1768,"3","guanylate binding protein 7"
"Jpt1",0.363968568796551,0.2736,"11","Jupiter microtubule associated homolog 1"
"Bmp2k",-0.363825930936078,0.1588,"5","BMP2 inducible kinase"
"Ecm2",-0.363785498611618,0.452,"13","extracellular matrix protein 2, female organ and adipocyte specific"
"Rsbn1l",-0.363738342663977,0.2852,"5","round spermatid basic protein 1-like"
"Zfp207",-0.36344327820085,0.1832,"11","zinc finger protein 207"
"Mdn1",-0.363028914015822,0.3576,"4","midasin AAA ATPase 1"
"Ndufa7",0.362928272061928,0.2852,"17","NADH:ubiquinone oxidoreductase subunit A7"
"Eif4ebp1",0.362704711414321,0.3004,"8","eukaryotic translation initiation factor 4E binding protein 1"
"Lin9",-0.362627015329418,0.33,"1","lin-9 DREAM MuvB core complex component"
"Dgcr6",0.362502793560416,0.4096,"16","DiGeorge syndrome critical region gene 6"
"Slc25a10",0.36235408717936,0.1548,"11","solute carrier family 25 (mitochondrial carrier, dicarboxylate transporter), member 10"
"Lnpep",-0.362183092987204,0.6352,"17","leucyl/cystinyl aminopeptidase"
"Smim10l2a",0.362102135538624,0.0432,"X","small integral membrane protein 10 like 2A"
"Nt5dc2",0.362079576050305,0.1424,"14","5'-nucleotidase domain containing 2"
"Filip1l",-0.361861568588826,0.4132,"16","filamin A interacting protein 1-like"
"Rtp4",-0.361855388435355,0.5348,"16","receptor transporter protein 4"
"Thoc2",-0.361840695674035,0.2892,"X","THO complex 2"
"Cisd3",0.361568767455119,0.2608,"11","CDGSH iron sulfur domain 3"
"Vwa5a",-0.361316234239846,0.3644,"9","von Willebrand factor A domain containing 5A"
"Rps15",0.360809502806143,0.5156,"10","ribosomal protein S15"
"Gm867",0.360668033507765,0.3112,"10","predicted gene 867"
"Tmem258",0.360060357527776,0.118,"19","transmembrane protein 258"
"Map3k19",-0.359913518835693,0.2792,"1","mitogen-activated protein kinase kinase kinase 19"
"Rplp0",0.359469082994718,0.3544,"5","ribosomal protein, large, P0"
"Rpl10a",0.359402923363595,0.2872,"17","ribosomal protein L10A"
"Ppp1cc",0.359301882920001,0.0672,"5","protein phosphatase 1 catalytic subunit gamma"
"Ppp1cc",0.359301882920001,0.0672,"5","protein phosphatase 1 catalytic subunit gamma"
"Ppp4c",0.359279782996414,0.1624,"7","protein phosphatase 4, catalytic subunit"
"Tacc3",0.359124790248061,0.044,"5","transforming, acidic coiled-coil containing protein 3"
"Pcolce",-0.358869071494194,0.5192,"5","procollagen C-endopeptidase enhancer protein"
"Slco1c1",-0.358824005228015,0.2044,"6","solute carrier organic anion transporter family, member 1c1"
"Gfm1",-0.358693819509879,0.246,"3","G elongation factor, mitochondrial 1"
"Kmt2e",-0.358616981303052,0.286,"5","lysine (K)-specific methyltransferase 2E"
"Csrnp1",0.358119455531833,0.008,"9","cysteine-serine-rich nuclear protein 1"
"Nudt16l1",0.357980552066353,0.328,"16","nudix (nucleoside diphosphate linked moiety X)-type motif 16-like 1"
"Rps5",0.357751404573389,0.4056,"7","ribosomal protein S5"
"H2-T24",-0.357388171438647,0.5308,"17","histocompatibility 2, T region locus 24"
"Epha6",-0.357140960881577,0.5116,"16","Eph receptor A6"
"Rps11",0.357113454516309,0.392,"7","ribosomal protein S11"
"Emcn",0.357015916355298,0.4456,"3","endomucin"
"Rps18",0.356950622500471,0.3516,"17","ribosomal protein S18"
"Atrx",-0.35647515531657,0.488,"X","ATRX, chromatin remodeler"
"Vip",-0.356460218869337,0.074,"10","vasoactive intestinal polypeptide"
"Sult1a1",0.35644301675989,0.258,"7","sulfotransferase family 1A, phenol-preferring, member 1"
"Col5a3",0.356277115607486,0.352,"9","collagen, type V, alpha 3"
"Diaph2",-0.3560540604896,0.3416,"X","diaphanous related formin 2"
"Abhd17a",0.355895644260722,0.3048,"10","abhydrolase domain containing 17A"
"Med12l",-0.355853724896324,0.5792,"3","mediator complex subunit 12-like"
"Snrpg",0.355805655182605,0.4608,"6","small nuclear ribonucleoprotein polypeptide G"
"Adck5",0.355654503139924,0.2264,"15","aarF domain containing kinase 5"
"Pcdhb12",-0.355640669843655,0.3956,"18","protocadherin beta 12"
"Rasgrp3",-0.354912960450182,0.226,"17","RAS, guanyl releasing protein 3"
"Lyst",-0.354887994270206,0.5776,"13","lysosomal trafficking regulator"
"Adamtsl1",-0.354357086501789,0.2412,"4","ADAMTS-like 1"
"Ufc1",0.354325992892415,0.3008,"1","ubiquitin-fold modifier conjugating enzyme 1"
"Rmdn2",-0.354265593619543,0.0872,"17","regulator of microtubule dynamics 2"
"Gcnt4",-0.35393520941958,0.0952,"13","glucosaminyl (N-acetyl) transferase 4, core 2 (beta-1,6-N-acetylglucosaminyltransferase)"
"N4bp3",0.353440077854835,0.0236,"11","NEDD4 binding protein 3"
"Rpl10",0.353395742553738,0.3784,"X","ribosomal protein L10"
"Gbp3",-0.353368224030491,0.51,"3","guanylate binding protein 3"
"Lzts2",0.353258941629836,0.244,"19","leucine zipper, putative tumor suppressor 2"
"Tmem160",0.352778366901346,0.3668,"7","transmembrane protein 160"
"Tarbp2",0.352709882372702,0.1088,"15","TARBP2, RISC loading complex RNA binding subunit"
"Mrps28",0.352244566166492,0.1136,"3","mitochondrial ribosomal protein S28"
"Fam174c",0.352024409314238,0.4308,"10","family with sequence similarity 174, member C"
"Cd53",-0.351974553375822,0.6312,"3","CD53 antigen"
"Nyap2",-0.351826033816074,0.4268,"1","neuronal tyrosine-phophorylated phosphoinositide 3-kinase adaptor 2"
"Chl1",-0.351615605155803,0.38,"6","cell adhesion molecule L1-like"
"Mbp",0.351488090264407,0.4676,"18","myelin basic protein"
"Msrb1",0.351235036258158,0.2916,"17","methionine sulfoxide reductase B1"
"Akap9",-0.351140874785814,0.4792,"5","A kinase (PRKA) anchor protein (yotiao) 9"
"Pstpip2",-0.351081876098346,0.2156,"18","proline-serine-threonine phosphatase-interacting protein 2"
"Atox1",0.351021954586793,0.3388,"11","antioxidant 1 copper chaperone"
"Bbx",-0.350867693288688,0.4076,"16","bobby sox HMG box containing"
"Zfp280d",-0.350720651263034,0.2688,"9","zinc finger protein 280D"
"Nbl1",0.350460851658679,0.202,"4","NBL1, DAN family BMP antagonist"
"Rps23",0.350107233133969,0.3916,"13","ribosomal protein S23"
"Ccnf",0.349677820394828,0.1028,"17","cyclin F"
"Ano3",-0.349614493019608,0.368,"2","anoctamin 3"
"Atp5g1",0.349568920138168,0.3692,"11","ATP synthase, H+ transporting, mitochondrial F0 complex, subunit C1 (subunit 9)"
"Scand1",0.349512259910776,0.4536,"2","SCAN domain-containing 1"
"Fgd4",-0.349435569085632,0.4424,"16","FYVE, RhoGEF and PH domain containing 4"
"Ctsh",-0.349401369076737,0.5208,"9","cathepsin H"
"Pih1d1",0.349369913913958,0.2772,"7","PIH1 domain containing 1"
"Elob",0.349221943861457,0.474,"17","elongin B"
"Pon3",-0.348886989123357,0.428,"6","paraoxonase 3"
"Fads6",0.348869310913411,0.54,"11","fatty acid desaturase domain family, member 6"
"Pcdhb5",-0.348499334163709,0.1824,"18","protocadherin beta 5"
"Rab40c",0.348426293035982,0.1448,"17","Rab40C, member RAS oncogene family"
"Xkr4",-0.348343048035464,0.6764,"1","X-linked Kx blood group related 4"
"Grm5",-0.3481785870795,0.318,"7","glutamate receptor, metabotropic 5"
"Slc33a1",-0.347552592349573,0.026,"3","solute carrier family 33 (acetyl-CoA transporter), member 1"
"2810025M15Rik",0.346731927216955,0.2204,"1","RIKEN cDNA 2810025M15 gene"
"Uba52",0.346588255113122,0.4368,"8","ubiquitin A-52 residue ribosomal protein fusion product 1"
"Rpl36al",0.346511865725785,0.3324,"12","ribosomal protein L36A-like"
"Pura",-0.346510553238425,0.452,"18","purine rich element binding protein A"
"Cacna1e",-0.346458461869986,0.6564,"1","calcium channel, voltage-dependent, R type, alpha 1E subunit"
"Cttnbp2",-0.346393156967014,0.2448,"6","cortactin binding protein 2"
"Iigp1",-0.345882002629539,0.3116,"18","interferon inducible GTPase 1"
"Mrpl13",0.345790757433086,0.0932,"15","mitochondrial ribosomal protein L13"
"Dhx9",-0.345701966670019,0.552,"1","DEAH (Asp-Glu-Ala-His) box polypeptide 9"
"Ddc",0.34535707227859,0.0108,"11","dopa decarboxylase"
"Rnf213",-0.345325773537714,0.47,"11","ring finger protein 213"
"Ubxn11",0.345270098224236,0.2356,"4","UBX domain protein 11"
"Kcnmb4",0.345196869471732,0.1672,"10","potassium large conductance calcium-activated channel, subfamily M, beta member 4"
"Proser1",-0.344734838666721,0.3956,"3","proline and serine rich 1"
"Psd",0.344734239426154,0.4396,"19","pleckstrin and Sec7 domain containing"
"Pawr",-0.344394139588408,0.1796,"10","PRKC, apoptosis, WT1, regulator"
"St18",-0.344381043958882,0.5528,"1","suppression of tumorigenicity 18"
"Tysnd1",0.344097060493803,0.3512,"10","trypsin domain containing 1"
"Prpf4b",-0.343596634636896,0.486,"13","pre-mRNA processing factor 4B"
"Dact2",0.343253771646615,0.0276,"17","dishevelled-binding antagonist of beta-catenin 2"
"Nme3",0.343239212744094,0.274,"17","NME/NM23 nucleoside diphosphate kinase 3"
"Mtg2",0.342820241609001,0.078,"2","mitochondrial ribosome associated GTPase 2"
"Adam8",-0.342749003355318,0.228,"7","a disintegrin and metallopeptidase domain 8"
"Zeb2",-0.342724905141145,0.3384,"2","zinc finger E-box binding homeobox 2"
"Crebbp",-0.34247072000276,0.4472,"16","CREB binding protein"
"Ftx",-0.341874928290252,0.3472,"X","Ftx transcript, Xist regulator (non-protein coding)"
"Pclo",-0.341856758091835,0.4392,"5","piccolo (presynaptic cytomatrix protein)"
"Sh3bp2",0.34184576777622,0.0548,"5","SH3-domain binding protein 2"
"Enho",0.341830962673237,0.3668,"4","energy homeostasis associated"
"Rpl6",0.341465588473464,0.396,"5","ribosomal protein L6"
"Drd1",-0.341356502335174,0.102,"13","dopamine receptor D1"
"Slc52a2",0.341304571632723,0.0264,"15","solute carrier protein 52, member 2"
"Rhbdl1",0.341299681725856,0.1436,"17","rhomboid like 1"
"Limd2",0.340859553056638,0.3132,"11","LIM domain containing 2"
"Spata13",-0.340746721961589,0.378,"14","spermatogenesis associated 13"
"Cdh6",-0.34051186586566,0.3412,"15","cadherin 6"
"Ankhd1",-0.340310510188983,0.4348,"18","ankyrin repeat and KH domain containing 1"
"Col1a1",-0.340224001721073,0.2952,"11","collagen, type I, alpha 1"
"Nr2f2",-0.340053268898509,0.1912,"7","nuclear receptor subfamily 2, group F, member 2"
"Fpgt",-0.339451864472998,0.1528,"3","fucose-1-phosphate guanylyltransferase"
"Tmem256",0.33930308835251,0.446,"11","transmembrane protein 256"
"4921524J17Rik",-0.339124721070736,0.3096,"8","RIKEN cDNA 4921524J17 gene"
"Mvb12a",0.339014089562253,0.202,"8","multivesicular body subunit 12A"
"Fbxo2",0.338985318268747,0.3104,"4","F-box protein 2"
"Sncaip",-0.338980328123183,0.0464,"18","synuclein, alpha interacting protein (synphilin)"
"Rxfp1",-0.338886495418733,0.6912,"3","relaxin/insulin-like family peptide receptor 1"
"Pcdhga2",-0.33857891944083,0.4772,"18","protocadherin gamma subfamily A, 2"
"Mrps18a",0.338555180276894,0.2116,"17","mitochondrial ribosomal protein S18A"
"Col25a1",-0.338187244525025,0.4084,"3","collagen, type XXV, alpha 1"
"Tmem9",0.338138540904005,0.092,"1","transmembrane protein 9"
"Tgfbr1",-0.338109401218579,0.4688,"4","transforming growth factor, beta receptor I"
"Tmx3",-0.338101735007379,0.1696,"18","thioredoxin-related transmembrane protein 3"
"Bola2",0.337943771597258,0.4804,"7","bolA-like 2 (E. coli)"
"Atp2b1",-0.337804352059281,0.2416,"10","ATPase, Ca++ transporting, plasma membrane 1"
"Cxcl12",-0.337756661359337,0.2832,"6","chemokine (C-X-C motif) ligand 12"
"Armc6",0.337739479663793,0.0672,"8","armadillo repeat containing 6"
"Psmb3",0.337624439730257,0.3516,"11","proteasome (prosome, macropain) subunit, beta type 3"
"Sdhaf4",0.337508049061256,0.1288,"1","succinate dehydrogenase complex assembly factor 4"
"Gjb2",-0.337375861050521,0.4056,"14","gap junction protein, beta 2"
"Atp7a",-0.337322849684223,0.2616,"X","ATPase, Cu++ transporting, alpha polypeptide"
"Glt8d2",-0.33727801740581,0.2484,"10","glycosyltransferase 8 domain containing 2"
"Slc17a6",-0.337000680981105,0.5184,"7","solute carrier family 17 (sodium-dependent inorganic phosphate cotransporter), member 6"
"Ndufs7",0.336993652709284,0.366,"10","NADH:ubiquinone oxidoreductase core subunit S7"
"Perp",0.336329985599602,0.5004,"10","PERP, TP53 apoptosis effector"
"Ptprz1",-0.3362265503562,0.0236,"6","protein tyrosine phosphatase, receptor type Z, polypeptide 1"
"Plekhg4",0.336172272684739,0.6336,"8","pleckstrin homology domain containing, family G (with RhoGef domain) member 4"
"Ndufa11",0.336073577830866,0.3492,"17","NADH:ubiquinone oxidoreductase subunit A11"
"Timm8b",0.335822362955913,0.2916,"9","translocase of inner mitochondrial membrane 8B"
"Paxx",0.335702489947013,0.3112,"2","non-homologous end joining factor"
"Sgms1",-0.335552952722046,0.4016,"19","sphingomyelin synthase 1"
"Rasl10b",0.33554385516404,0.3568,"11","RAS-like, family 10, member B"
"Col8a1",-0.335287133863525,0.7228,"16","collagen, type VIII, alpha 1"
"Nfatc1",-0.334750232885781,0.2792,"18","nuclear factor of activated T cells, cytoplasmic, calcineurin dependent 1"
"Mettl26",0.334741036681049,0.3652,"17","methyltransferase like 26"
"Bst2",-0.334738549102505,0.5132,"8","bone marrow stromal cell antigen 2"
"Plxdc2",-0.334521705109086,0.1568,"2","plexin domain containing 2"
"Avpi1",0.334190674944808,0.2744,"19","arginine vasopressin-induced 1"
"Tmem151b",0.334136189172005,0.014,"17","transmembrane protein 151B"
"Ceacam1",-0.333835737379812,0.2844,"7","CEA cell adhesion molecule 1"
"Lcp1",-0.333764737165206,0.6992,"14","lymphocyte cytosolic protein 1"
"Smarca5",-0.333584410523122,0.2932,"8","SWI/SNF related, matrix associated, actin dependent regulator of chromatin, subfamily a, member 5"
"Amigo2",0.333360673283671,0.1976,"15","adhesion molecule with Ig like domain 2"
"Mxd4",0.332713641007741,0.0092,"5","Max dimerization protein 4"
"Rhou",0.332707248036524,0.0028,"8","ras homolog family member U"
"Pcdhb17",-0.33229626431736,0.0288,"18","protocadherin beta 17"
"Mir3064",-0.332229539767905,0.3004,"11","microRNA 3064"
"Lrp5",-0.332192428812045,0.1336,"19","low density lipoprotein receptor-related protein 5"
"Kcnk9",-0.332169005872236,0.5108,"15","potassium channel, subfamily K, member 9"
"Tenm1",-0.332014164435665,0.72,"X","teneurin transmembrane protein 1"
"Ptpn6",-0.332009595597763,0.3028,"6","protein tyrosine phosphatase, non-receptor type 6"
"Polr2h",0.331731926126126,0.1924,"16","polymerase (RNA) II (DNA directed) polypeptide H"
"Cd9",-0.331707882470816,0.2708,"6","CD9 antigen"
"Pcdhga5",-0.331649323656865,0.4032,"18","protocadherin gamma subfamily A, 5"
"Dbndd1",0.331507265246901,0.0892,"8","dysbindin (dystrobrevin binding protein 1) domain containing 1"
"Rabac1",0.331348741950681,0.3016,"7","Rab acceptor 1 (prenylated)"
"Zic2",-0.331342605189314,0.1792,"14","zinc finger protein of the cerebellum 2"
"Gatad2b",-0.331325288778351,0.484,"3","GATA zinc finger domain containing 2B"
"Cep170",-0.331204725906656,0.4436,"1","centrosomal protein 170"
"Thbd",-0.330909192698035,0.3336,"2","thrombomodulin"
"Ednra",-0.330797327857724,0.1572,"8","endothelin receptor type A"
"Siglech",-0.330793440923441,0.6636,"7","sialic acid binding Ig-like lectin H"
"Nudt18",0.330762726686319,0.316,"14","nudix (nucleoside diphosphate linked moiety X)-type motif 18"
"Shprh",-0.330681021754983,0.566,"10","SNF2 histone linker PHD RING helicase"
"Fosb",-0.330676868232239,0.1552,"7","FBJ osteosarcoma oncogene B"
"Slc39a10",-0.330666161206505,0.5312,"1","solute carrier family 39 (zinc transporter), member 10"
"Lrrc73",0.330110213237779,0.3908,"17","leucine rich repeat containing 73"
"Fam199x",-0.329927358216612,0.2456,"X","family with sequence similarity 199, X-linked"
"Hint2",0.329916984179112,0.334,"4","histidine triad nucleotide binding protein 2"
"Zfp536",-0.329913562057359,0.4964,"7","zinc finger protein 536"
"Ttbk2",-0.329815075171965,0.3608,"2","tau tubulin kinase 2"
"Gstp1",0.329789109420768,0.2272,"19","glutathione S-transferase, pi 1"
"Col23a1",-0.329713401663193,0.3244,"11","collagen, type XXIII, alpha 1"
"Ppp1r16a",0.329692809995542,0.266,"15","protein phosphatase 1, regulatory subunit 16A"
"Adap1",0.329556305142232,0.0428,"5","ArfGAP with dual PH domains 1"
"Rtkn2",0.329476219660054,0.0668,"10","rhotekin 2"
"Sac3d1",0.32946647956963,0.3508,"19","SAC3 domain containing 1"
"Bmp6",-0.329462769285386,0.324,"13","bone morphogenetic protein 6"
"Egln2",0.329459505304733,0.238,"7","egl-9 family hypoxia-inducible factor 2"
"Fmo2",0.32924202738719,0.5348,"1","flavin containing monooxygenase 2"
"Atp5mpl",0.329231526358796,0.114,"12","ATP synthase membrane subunit 6.8PL"
"Srsf5",-0.329163748476327,0.3608,"12","serine and arginine-rich splicing factor 5"
"Cyp27a1",0.328636547559776,0.392,"1","cytochrome P450, family 27, subfamily a, polypeptide 1"
"Cabp7",0.328473042987774,0.1324,"11","calcium binding protein 7"
"Adamts8",0.328424282086774,0.3244,"9","a disintegrin-like and metallopeptidase (reprolysin type) with thrombospondin type 1 motif, 8"
"Vstm2a",-0.328282626610656,0.4632,"11","V-set and transmembrane domain containing 2A"
"Zfp219",0.328227909513114,0.1524,"14","zinc finger protein 219"
"Ndufs8",0.327935116629274,0.2796,"19","NADH:ubiquinone oxidoreductase core subunit S8"
"Frem1",-0.327859641497255,0.5124,"4","Fras1 related extracellular matrix protein 1"
"Notch3",-0.327780679033743,0.2292,"17","notch 3"
"S100a13",0.32775659635023,0.5584,"3","S100 calcium binding protein A13"
"Mbd3",0.327719104026007,0.402,"10","methyl-CpG binding domain protein 3"
"Serpini1",-0.327479607418673,0.4172,"3","serine (or cysteine) peptidase inhibitor, clade I, member 1"
"Mn1",0.327282134731782,0.0028,"5","meningioma 1"
"Pycr2",0.327258603224037,0.0476,"1","pyrroline-5-carboxylate reductase family, member 2"
"Cops7b",0.327218081030177,0.0616,"1","COP9 signalosome subunit 7B"
"Fbxl6",0.326757694116767,0.2844,"15","F-box and leucine-rich repeat protein 6"
"Cmtm3",0.326713553925134,0.0212,"8","CKLF-like MARVEL transmembrane domain containing 3"
"Dhx15",-0.326615536286205,0.502,"5","DEAH (Asp-Glu-Ala-His) box polypeptide 15"
"Cox14",0.326551666081743,0.28,"15","cytochrome c oxidase assembly protein 14"
"Heatr5a",-0.326268019265863,0.1516,"12","HEAT repeat containing 5A"
"Chordc1",-0.32625108009223,0.0244,"9","cysteine and histidine-rich domain (CHORD)-containing, zinc-binding protein 1"
"Sulf1",-0.326123342494962,0.6732,"1","sulfatase 1"
"B4galt7",0.325903207286866,0.094,"13","xylosylprotein beta1,4-galactosyltransferase, polypeptide 7 (galactosyltransferase I)"
"Pop7",0.325840259606357,0.16,"5","processing of precursor 7, ribonuclease P family, (S. cerevisiae)"
"Aqp4",-0.325495532077754,0.0968,"18","aquaporin 4"
"Mgp",-0.325343335680615,0.4528,"6","matrix Gla protein"
"Tmem240",0.325330853623516,0.274,"4","transmembrane protein 240"
"Metrn",0.325293178905074,0.3908,"17","meteorin, glial cell differentiation regulator"
"Slc13a3",-0.32516352568735,0.2948,"2","solute carrier family 13 (sodium-dependent dicarboxylate transporter), member 3"
"Atf7ip",-0.325033912793189,0.3244,"6","activating transcription factor 7 interacting protein"
"Rpl24",0.325023425951331,0.4536,"16","ribosomal protein L24"
"Ugt8a",-0.324969217470609,0.2708,"3","UDP galactosyltransferase 8A"
"Gm266",-0.32473398769491,0.2204,"12","predicted gene 266"
"Thsd7a",-0.324566784767012,0.6144,"6","thrombospondin, type I, domain containing 7A"
"Ppp1r1a",0.324539719273218,0.4668,"15","protein phosphatase 1, regulatory inhibitor subunit 1A"
"Ercc8",0.324496086852137,0.0028,"13","excision repaiross-complementing rodent repair deficiency, complementation group 8"
"Spef1",0.324243015034948,0.1872,"2","sperm flagellar 1"
"Pnpo",0.324017410973228,0.0496,"11","pyridoxine 5'-phosphate oxidase"
"Brk1",0.324006991071117,0.3668,"6","BRICK1, SCAR/WAVE actin-nucleating complex subunit"
"Slc22a8",-0.323976684840753,0.274,"19","solute carrier family 22 (organic anion transporter), member 8"
"Bod1l",-0.323840945597693,0.4916,"5","biorientation of chromosomes in cell division 1-like"
"Krit1",-0.323830657906411,0.4256,"5","KRIT1, ankyrin repeat containing"
"Dmxl2",-0.323770483106014,0.5468,"9","Dmx-like 2"
"Cdkl5",-0.32374468863286,0.6976,"X","cyclin-dependent kinase-like 5"
"Podxl2",0.323534144828191,0.252,"6","podocalyxin-like 2"
"Vwf",-0.323113424190383,0.3964,"6","Von Willebrand factor"
"Khdrbs2",-0.323048085006688,0.2556,"1","KH domain containing, RNA binding, signal transduction associated 2"
"Zfp51",-0.322995936460462,0.038,"17","zinc finger protein 51"
"Gbp4",0.322950984051674,0.6924,"5","guanylate binding protein 4"
"Cpne9",0.322884206035648,0.3116,"6","copine family member IX"
"Wnt5a",-0.322640589843271,0.1584,"14","wingless-type MMTV integration site family, member 5A"
"Kank2",-0.322634296477795,0.0268,"9","KN motif and ankyrin repeat domains 2"
"Eef2kmt",0.322624266706269,0.0448,"16","eukaryotic elongation factor 2 lysine methyltransferase"
"Rpl9",0.32240092899792,0.4312,"5","ribosomal protein L9"
"Ttc39b",-0.322369966357098,0.3808,"4","tetratricopeptide repeat domain 39B"
"Pgm2",-0.322099038604328,0.1284,"5","phosphoglucomutase 2"
"Etfb",0.321649873936643,0.3068,"7","electron transferring flavoprotein, beta polypeptide"
"Sdk2",-0.321630874865495,0.5136,"11","sidekick cell adhesion molecule 2"
"Csmd1",-0.321605697163525,0.3696,"8","CUB and Sushi multiple domains 1"
"Cnksr2",-0.321586288453494,0.49,"X","connector enhancer of kinase suppressor of Ras 2"
"AI504432",-0.321525168626296,0.204,"3","expressed sequence AI504432"
"Zbtb38",-0.32146578628257,0.5064,"9","zinc finger and BTB domain containing 38"
"Pde10a",-0.321339323538982,0.4876,"17","phosphodiesterase 10A"
"Kdm7a",-0.321261076870398,0.4776,"6","lysine (K)-specific demethylase 7A"
"Gfod2",0.321158645156385,0.0116,"8","glucose-fructose oxidoreductase domain containing 2"
"Stxbp6",-0.321151562694343,0.2672,"12","syntaxin binding protein 6 (amisyn)"
"Chrdl1",-0.321148953294837,0.0884,"X","chordin-like 1"
"Kif21a",-0.321099548382943,0.544,"15","kinesin family member 21A"
"Palld",-0.321098845418037,0.0148,"8","palladin, cytoskeletal associated protein"
"Eif1ad",0.321070455651166,0.0768,"19","eukaryotic translation initiation factor 1A domain containing"
"Sv2c",-0.321000682469893,0.6516,"13","synaptic vesicle glycoprotein 2c"
"Pigg",-0.320912417101412,0.3136,"5","phosphatidylinositol glycan anchor biosynthesis, class G"
"Trp53i11",0.320787054287583,0.1636,"2","transformation related protein 53 inducible protein 11"
"Man2a1",-0.320601587386625,0.3248,"17","mannosidase 2, alpha 1"
"Mrpl53",0.320502790175853,0.268,"6","mitochondrial ribosomal protein L53"
"Cdhr3",0.320483882660392,0.066,"12","cadherin-related family member 3"
"Ptbp3",-0.320283701163967,0.0128,"4","polypyrimidine tract binding protein 3"
"Rpl32",0.32010901733749,0.4416,"6","ribosomal protein L32"
"Acvr1",-0.319730254962089,0,"2","activin A receptor, type 1"
"2310011J03Rik",0.319664065761678,0.3844,"10","RIKEN cDNA 2310011J03 gene"
"Mrpl54",0.319401616773538,0.394,"10","mitochondrial ribosomal protein L54"
"Pcyt2",0.31937211714048,0.3284,"11","phosphate cytidylyltransferase 2, ethanolamine"
"Etv1",-0.319242480012473,0.3392,"12","ets variant 1"
"Gstm1",0.319180845034714,0.4756,"3","glutathione S-transferase, mu 1"
"Ift22",0.319178530819374,0.206,"5","intraflagellar transport 22"
"Csmd3",-0.318804702687454,0.482,"15","CUB and Sushi multiple domains 3"
"Akap13",-0.318561028746212,0.352,"7","A kinase (PRKA) anchor protein 13"
"Fmn2",-0.318196706471873,0.2116,"1","formin 2"
"Pfdn6",0.31819239205304,0.3728,"17","prefoldin subunit 6"
"Bhlhe40",-0.318127747398274,0.2536,"6","basic helix-loop-helix family, member e40"
"Mga",-0.318079335260397,0.402,"2","MAX gene associated"
"Rcc1",0.318020839942213,0.0124,"4","regulator of chromosome condensation 1"
"Sec61b",0.317573468894585,0.142,"4","Sec61 beta subunit"
"Nap1l2",-0.317452638098276,0.6156,"X","nucleosome assembly protein 1-like 2"
"Mgat5",-0.317296731012159,0.6156,"1","mannoside acetylglucosaminyltransferase 5"
"Rpl13",0.317195385325956,0.4928,"8","ribosomal protein L13"
"Atad2b",-0.317182109095554,0.5684,"12","ATPase family, AAA domain containing 2B"
"Prkacb",-0.317057531994858,0.054,"3","protein kinase, cAMP dependent, catalytic, beta"
"Arhgap45",-0.31704045994168,0.4504,"10","Rho GTPase activating protein 45"
"Pgls",0.31692685392863,0.328,"8","6-phosphogluconolactonase"
"Smyd2",0.316423184458892,0.1976,"1","SET and MYND domain containing 2"
"Fbxo30",-0.316331650481172,0.0304,"10","F-box protein 30"
"Mettl15",-0.316134422155891,0.1936,"2","methyltransferase like 15"
"Lypla2",0.315887527431305,0.3984,"4","lysophospholipase 2"
"Gm19522",-0.315667071493179,0.1164,"16","predicted gene, 19522"
"Synpo2",-0.31559689958977,0.1728,"3","synaptopodin 2"
"Pola1",-0.31548341133842,0.19,"X","polymerase (DNA directed), alpha 1"
"Cdh8",-0.315229266783353,0.6356,"8","cadherin 8"
"Kcnt2",-0.31522072472641,0.4748,"1","potassium channel, subfamily T, member 2"
"Use1",0.315054348064309,0.4388,"8","unconventional SNARE in the ER 1 homolog (S. cerevisiae)"
"Mid1",0.31504996923673,0.1336,"X","midline 1"
"B4galt2",0.314994284844044,0.324,"4","UDP-Gal:betaGlcNAc beta 1,4- galactosyltransferase, polypeptide 2"
"Nsmf",0.314958937256691,0.322,"2","NMDA receptor synaptonuclear signaling and neuronal migration factor"
"Zbed6",-0.314930140589444,0.6912,"1","zinc finger, BED type containing 6"
"Ccdc74a",0.314926324748197,0.3192,"16","coiled-coil domain containing 74A"
"Abca8b",-0.314801348269611,0.03,"11","ATP-binding cassette, sub-family A (ABC1), member 8b"
"Ppp1r13l",0.314753861128373,0.0376,"7","protein phosphatase 1, regulatory subunit 13 like"
"Zc3h12b",-0.314601893721613,0.61,"X","zinc finger CCCH-type containing 12B"
"Mrps11",0.314549617157385,0.2752,"7","mitochondrial ribosomal protein S11"
"Zc3hav1",-0.314320373670247,0.016,"6","zinc finger CCCH type, antiviral 1"
"Dab2",-0.314142613609868,0.5212,"15","disabled 2, mitogen-responsive phosphoprotein"
"Map3k6",0.314067270912364,0.1556,"4","mitogen-activated protein kinase kinase kinase 6"
"Chrna7",-0.313952993008135,0.6008,"7","cholinergic receptor, nicotinic, alpha polypeptide 7"
"Epm2a",0.313857975330524,0.2504,"10","epilepsy, progressive myoclonic epilepsy, type 2 gene alpha"
"Rock1",-0.31378529021069,0.2648,"18","Rho-associated coiled-coil containing protein kinase 1"
"Dtx3l",-0.313461886971778,0.1752,"16","deltex 3-like, E3 ubiquitin ligase"
"Gabra1",-0.313340238783643,0.3976,"11","gamma-aminobutyric acid (GABA) A receptor, subunit alpha 1"
"Ccdc85b",0.313047838846797,0.4756,"19","coiled-coil domain containing 85B"
"Slc25a29",0.312982476293111,0.264,"12","solute carrier family 25 (mitochondrial carrier, palmitoylcarnitine transporter), member 29"
"Maf",-0.312951742972599,0.5,"8","avian musculoaponeurotic fibrosarcoma oncogene homolog"
"Ubap2l",-0.312896794072389,0.1352,"3","ubiquitin-associated protein 2-like"
"Arhgap5",-0.312847684660383,0.4932,"12","Rho GTPase activating protein 5"
"Hddc3",0.312767487787363,0.2656,"7","HD domain containing 3"
"Cdpf1",0.312683490266665,0.238,"15","cysteine rich, DPF motif domain containing 1"
"Qsox1",0.312646360344591,0,"1","quiescin Q6 sulfhydryl oxidase 1"
"Zswim7",0.312449571281938,0.1636,"11","zinc finger SWIM-type containing 7"
"Spout1",0.312417963018301,0.2004,"2","SPOUT domain containing methyltransferase 1"
"Pxdc1",0.312415382227917,0.0088,"13","PX domain containing 1"
"Sfr1",-0.312235176369033,0.0292,"19","SWI5 dependent recombination repair 1"
"Ltbp1",-0.312180539342623,0.0904,"17","latent transforming growth factor beta binding protein 1"
"Lrrtm2",-0.312170116998002,0.402,"18","leucine rich repeat transmembrane neuronal 2"
"Homer3",0.312116547776521,0.0028,"8","homer scaffolding protein 3"
"Cckbr",0.312082237824395,0.2124,"7","cholecystokinin B receptor"
"Acan",0.311919117506388,0.2968,"7","aggrecan"
"Ryr2",-0.311530507525446,0.4892,"13","ryanodine receptor 2, cardiac"
"Gpx4",0.311450851656028,0.43,"10","glutathione peroxidase 4"
"Hhatl",0.311367884910696,0.1232,"9","hedgehog acyltransferase-like"
"Mad2l1bp",0.311342258792195,0.1984,"17","MAD2L1 binding protein"
"Dnah10",0.311330821947152,0.3548,"5","dynein, axonemal, heavy chain 10"
"Pard6a",0.311294971835758,0.1808,"8","par-6 family cell polarity regulator alpha"
"Ppp1r32",0.311130633315268,0.2648,"19","protein phosphatase 1, regulatory subunit 32"
"Cpne8",-0.311024315158704,0.1084,"15","copine VIII"
"Gpr153",0.311021520361839,0.1828,"4","G protein-coupled receptor 153"
"Wtip",0.310679903485601,0.1004,"7","WT1 interacting protein"
"Rfx7",-0.310678658313614,0.3588,"9","regulatory factor X, 7"
"Slirp",0.310566146339273,0.3308,"12","SRA stem-loop interacting RNA binding protein"
"Fndc10",0.310364266719546,0.4552,"4","fibronectin type III domain containing 10"
"Zfp871",-0.309903598069219,0.5084,"17","zinc finger protein 871"
"Pcdhgc4",-0.309450636267735,0.5324,"18","protocadherin gamma subfamily C, 4"
"Trappc6a",0.30921920732842,0.4816,"7","trafficking protein particle complex 6A"
"Rps2",0.309091199612638,0.4408,"17","ribosomal protein S2"
"Nat9",0.308964702616029,0.4088,"11","N-acetyltransferase 9 (GCN5-related, putative)"
"Slc39a12",-0.308819585804423,0.316,"2","solute carrier family 39 (zinc transporter), member 12"
"Srgap1",-0.308819488963496,0.0088,"10","SLIT-ROBO Rho GTPase activating protein 1"
"Rpl13a",0.308788552020575,0.5316,"7","ribosomal protein L13A"
"B9d1",0.308735938545896,0.174,"11","B9 protein domain 1"
"Hectd2",-0.308722658404945,0.8804,"19","HECT domain E3 ubiquitin protein ligase 2"
"Fcf1",0.308529457515405,0.2596,"12","FCF1 rRNA processing protein"
"Rel",-0.308463296381466,0.3176,"11","reticuloendotheliosis oncogene"
"Mylk3",0.308436302931961,0.5816,"8","myosin light chain kinase 3"
"Tpgs1",0.308414247685846,0.4692,"10","tubulin polyglutamylase complex subunit 1"
"Mgst3",0.308381702691346,0.318,"1","microsomal glutathione S-transferase 3"
"Cstf2",-0.308227292105251,0.436,"X","cleavage stimulation factor, 3' pre-RNA subunit 2"
"Nabp1",-0.308184025944228,0.4132,"1","nucleic acid binding protein 1"
"Rpl3",0.308167828817334,0.4064,"15","ribosomal protein L3"
"Mcrs1",0.308064427301381,0.3116,"15","microspherule protein 1"
"Hras",0.307888639888481,0.366,"7","Harvey rat sarcoma virus oncogene"
"Pdgfra",-0.307810617007586,0.5824,"5","platelet derived growth factor receptor, alpha polypeptide"
"Nop53",0.307604326202148,0.4036,"7","NOP53 ribosome biogenesis factor"
"Carhsp1",0.307591059960285,0.3224,"16","calcium regulated heat stable protein 1"
"Zswim6",-0.307533688778673,0.4268,"13","zinc finger SWIM-type containing 6"
"Tha1",0.307509339270425,0.2312,"11","threonine aldolase 1"
"Rps21",0.307486765614872,0.49,"2","ribosomal protein S21"
"Rps19-ps3",0.307445996569071,0.498,"4","ribosomal protein S19, pseudogene 3"
"Ndufb8",0.307355690945426,0.2716,"19","NADH:ubiquinone oxidoreductase subunit B8"
"Faap100",0.307194223920828,0.3092,"11","Fanconi anemia core complex associated protein 100"
"Tenm2",-0.30700481443781,0.0912,"11","teneurin transmembrane protein 2"
"Gabpa",-0.306882925780058,0.4216,"16","GA repeat binding protein, alpha"
"Clk1",-0.306776218133055,0.3132,"1","CDC-like kinase 1"
"Ednrb",-0.306690924406653,0.1736,"14","endothelin receptor type B"
"Uaca",-0.306658564175954,0.2644,"9","uveal autoantigen with coiled-coil domains and ankyrin repeats"
"Pla2g2f",0.306653036966384,0.23,"4","phospholipase A2, group IIF"
"Bmpr2",-0.306540721802796,0.4592,"1","bone morphogenetic protein receptor, type II (serine/threonine kinase)"
"Glcci1",-0.306514676308591,0.2308,"6","glucocorticoid induced transcript 1"
"Sod3",-0.30638944422199,0.2292,"5","superoxide dismutase 3, extracellular"
"Map3k15",0.306371801541993,0.558,"X","mitogen-activated protein kinase kinase kinase 15"
"Slitrk4",-0.306328863846973,0.5112,"X","SLIT and NTRK-like family, member 4"
"Sacs",-0.306170610772118,0.5984,"14","sacsin"
"Atr",-0.305872216777648,0.0956,"9","ataxia telangiectasia and Rad3 related"
"Dimt1",-0.305463516156292,0.2448,"13","DIM1 dimethyladenosine transferase 1-like (S. cerevisiae)"
"Josd2",0.305402936423286,0.432,"7","Josephin domain containing 2"
"Nfkbie",0.305374250162427,0.4144,"17","nuclear factor of kappa light polypeptide gene enhancer in B cells inhibitor, epsilon"
"Rita1",0.304999647144772,0,"5","RBPJ interacting and tubulin associated 1"
"Zfp469",-0.304920252233005,0.5,"8","zinc finger protein 469"
"Gm15328",-0.304893106882974,0.4568,"18","predicted gene 15328"
"Nudt14",0.304821887637128,0.076,"12","nudix (nucleoside diphosphate linked moiety X)-type motif 14"
"Per2",-0.304810777281872,0.1372,"1","period circadian clock 2"
"Tmem179",0.304691435369479,0.3004,"12","transmembrane protein 179"
"Gfra4",0.304628148543338,0.4588,"2","glial cell line derived neurotrophic factor family receptor alpha 4"
"Oxsm",-0.304621149840234,0.082,"14","3-oxoacyl-ACP synthase, mitochondrial"
"Smarca1",-0.304534573981337,0.1156,"X","SWI/SNF related, matrix associated, actin dependent regulator of chromatin, subfamily a, member 1"
"C1qtnf4",0.304416965722206,0.4604,"2","C1q and tumor necrosis factor related protein 4"
"Sik2",-0.304408483695045,0.5712,"9","salt inducible kinase 2"
"Grcc10",0.304369837616641,0.31,"6","gene rich cluster, C10 gene"
"Htr5b",-0.304265105668008,0.2296,"1","5-hydroxytryptamine (serotonin) receptor 5B"
"Cotl1",0.30425586302889,0.2204,"8","coactosin-like 1 (Dictyostelium)"
"9930021J03Rik",-0.304177791855666,0.362,"19","RIKEN cDNA 9930021J03 gene"
"Afg3l1",0.30417175872458,0.0028,"8","AFG3-like AAA ATPase 1"
"Srsf10",-0.304100840814493,0.0788,"4","serine and arginine-rich splicing factor 10"
"Rpl23a",0.303962153185849,0.4464,"11","ribosomal protein L23A"
"Rpl23a",0.303962153185849,0.4464,"11","ribosomal protein L23A"
"Txnrd2",0.303935765608712,0.13,"16","thioredoxin reductase 2"
"Hspa1a",-0.303798369576323,0.072,"17","heat shock protein 1A"
"Robo2",-0.30377860304558,0.4544,"16","roundabout guidance receptor 2"
"Cox4i1",0.303686911254005,0.4536,"8","cytochrome c oxidase subunit 4I1"
"Trpm4",0.303646955144794,0.3,"7","transient receptor potential cation channel, subfamily M, member 4"
"Pgm5",-0.303621929643263,0.0192,"19","phosphoglucomutase 5"
"Mob1a",-0.303518950489817,0.4788,"6","MOB kinase activator 1A"
"Macrod1",0.303462500100726,0.3972,"19","mono-ADP ribosylhydrolase 1"
"Jpt2",-0.303315407269814,0.01,"17","Jupiter microtubule associated homolog 2"
"Pcgf5",-0.30316250824939,0.0432,"19","polycomb group ring finger 5"
"Rplp1",0.303001541533037,0.5548,"9","ribosomal protein, large, P1"
"Usp34",-0.302983465547583,0.5368,"11","ubiquitin specific peptidase 34"
"Slc2a6",0.302961108490912,0.2144,"2","solute carrier family 2 (facilitated glucose transporter), member 6"
"P2ry13",-0.302641748400293,0.8012,"3","purinergic receptor P2Y, G-protein coupled 13"
"Marveld1",0.302443555115555,0.0656,"19","MARVEL (membrane-associating) domain containing 1"
"Fut9",-0.302413114154676,0.3632,"4","fucosyltransferase 9"
"Fubp1",-0.30232952796078,0.4004,"3","far upstream element (FUSE) binding protein 1"
"Gale",0.302145063414927,0.2424,"4","galactose-4-epimerase, UDP"
"Ints2",-0.30214454533874,0.5192,"11","integrator complex subunit 2"
"Sall1",-0.302067772007814,0.282,"8","spalt like transcription factor 1"
"Abca5",-0.301888103719461,0.3932,"11","ATP-binding cassette, sub-family A (ABC1), member 5"
"Cdc42bpg",0.30188222613358,0.0232,"19","CDC42 binding protein kinase gamma (DMPK-like)"
"Scg2",-0.301691695363586,0.596,"1","secretogranin II"
"Gstcd",-0.301648312005414,0.206,"3","glutathione S-transferase, C-terminal domain containing"
"Gorasp1",0.301548226597925,0,"9","golgi reassembly stacking protein 1"
"Mfsd3",0.301485049667283,0.1508,"15","major facilitator superfamily domain containing 3"
"Pcdhb18",-0.301390070553891,0.2968,"18","protocadherin beta 18"
"Trp53rka",0.301377573051358,0.162,"2","transformation related protein 53 regulating kinase A"
"Adam12",-0.301294812458947,0.2832,"7","a disintegrin and metallopeptidase domain 12 (meltrin alpha)"
"Cdhr1",0.301095228177195,0.3356,"14","cadherin-related family member 1"
"Zfp462",-0.30088327303974,0.2976,"4","zinc finger protein 462"
"Ncoa2",-0.300834398450439,0.4724,"1","nuclear receptor coactivator 2"
"Erh",0.30072602023766,0.1388,"12","ERH mRNA splicing and mitosis factor"
"Ogfod2",0.300705943628326,0.26,"5","2-oxoglutarate and iron-dependent oxygenase domain containing 2"
"Jph1",-0.300613154447143,0.35,"1","junctophilin 1"
"Ppdpf",0.300608174907668,0.4664,"2","pancreatic progenitor cell differentiation and proliferation factor"
"Ptpn4",-0.300182685212824,0.58,"1","protein tyrosine phosphatase, non-receptor type 4"
"Vsir",-0.30006565220428,0.7916,"10","V-set immunoregulatory receptor"
"Kiss1r",0.299987488724369,0.1064,"10","KISS1 receptor"
"Scn1b",0.299909251607815,0.4068,"7","sodium channel, voltage-gated, type I, beta"
"Trim23",-0.299805249885992,0.6164,"13","tripartite motif-containing 23"
"Dmxl1",-0.299773092664894,0.5156,"18","Dmx-like 1"
"Inka1",0.299610545481388,0.3924,"9","inka box actin regulator 1"
"Hivep3",-0.299529473928797,0.4448,"4","human immunodeficiency virus type I enhancer binding protein 3"
"Romo1",0.299456885143507,0.3612,"2","reactive oxygen species modulator 1"
"Samd14",0.299452283438624,0.2008,"11","sterile alpha motif domain containing 14"
"Ddx49",0.299359381784676,0.032,"8","DEAD box helicase 49"
"Cdc73",-0.299243143302305,0.368,"1","cell division cycle 73, Paf1/RNA polymerase II complex component"
"Lipo3",-0.299114887326741,0.158,"19","lipase, member O3"
"Sema3d",-0.29909497174773,0.4344,"5","sema domain, immunoglobulin domain (Ig), short basic domain, secreted, (semaphorin) 3D"
"Odf3b",0.298966935158853,0.3964,"15","outer dense fiber of sperm tails 3B"
"Hapln2",0.298666607827216,0.158,"3","hyaluronan and proteoglycan link protein 2"
"Itga7",0.298649025414785,0.27,"10","integrin alpha 7"
"Gan",-0.298526554937367,0.5996,"8","giant axonal neuropathy"
"Eps8",-0.298397097266975,0.0144,"6","epidermal growth factor receptor pathway substrate 8"
"Gatb",0.298309198297093,0.0604,"3","glutamyl-tRNA(Gln) amidotransferase, subunit B"
"Iqcd",0.298009380489981,0.1812,"5","IQ motif containing D"
"Epc2",-0.297929078639052,0.5252,"2","enhancer of polycomb homolog 2"
"Zbtb37",-0.297927697326737,0.6196,"1","zinc finger and BTB domain containing 37"
"Glrx3",0.297875506731033,0.3688,"7","glutaredoxin 3"
"Scrg1",0.297777773346307,0.0924,"8","scrapie responsive gene 1"
"Coch",-0.297602801150019,0.5984,"12","cochlin"
"Gm9776",-0.297363867040229,0.0932,"13","predicted gene 9776"
"Psip1",-0.297217473367827,0.3756,"4","PC4 and SFRS1 interacting protein 1"
"Ly86",-0.297158290743475,0.6716,"13","lymphocyte antigen 86"
"Crispld1",-0.297128569569658,0.436,"1","cysteine-rich secretory protein LCCL domain containing 1"
"Zfp608",-0.297006853347119,0.3208,"18","zinc finger protein 608"
"Ism1",0.29664398853673,0.0028,"2","isthmin 1, angiogenesis inhibitor"
"Espn",0.296481220925492,0.2084,"4","espin"
"Phf3",-0.296422289835212,0.0672,"1","PHD finger protein 3"
"Fth1",0.296289915435549,0.4904,"19","ferritin heavy polypeptide 1"
"Cops9",0.296275535239352,0.3844,"1","COP9 signalosome subunit 9"
"Chm",-0.296101318431163,0.5336,"X","choroidermia (RAB escort protein 1)"
"Trappc8",-0.29607053409782,0.4708,"18","trafficking protein particle complex 8"
"Tm4sf1",0.295835723812568,0.482,"3","transmembrane 4 superfamily member 1"
"Rilp",0.295777751785846,0.284,"11","Rab interacting lysosomal protein"
"Ssb",-0.295776418302708,0.1872,"2","small RNA binding exonuclease protection factor La"
"Cntnap5a",-0.29570395583765,0.3952,"1","contactin associated protein-like 5A"
"Mcrip1",0.295566877772291,0.2964,"11","MAPK regulated corepressor interacting protein 1"
"Cirbp",0.295489297246941,0.1548,"10","cold inducible RNA binding protein"
"Lonrf1",-0.295470526499074,0.2292,"8","LON peptidase N-terminal domain and ring finger 1"
"P2rx6",0.295460057715223,0.1184,"16","purinergic receptor P2X, ligand-gated ion channel, 6"
"Sergef",0.295459023167399,0.1828,"7","secretion regulating guanine nucleotide exchange factor"
"Ipo7",-0.295425843311345,0.4184,"7","importin 7"
"Cpox",-0.295132728166679,0.1832,"16","coproporphyrinogen oxidase"
"Slc4a7",-0.294994058367092,0.6084,"14","solute carrier family 4, sodium bicarbonate cotransporter, member 7"
"Eef1g",0.294937559030672,0.3784,"19","eukaryotic translation elongation factor 1 gamma"
"Akna",-0.294722058915369,0.4172,"4","AT-hook transcription factor"
"Cort",0.294615269318511,0.2736,"4","cortistatin"
"Calr",-0.294577357243851,0.0276,"8","calreticulin"
"Mafb",-0.294447530935595,0.4504,"2","v-maf musculoaponeurotic fibrosarcoma oncogene family, protein B (avian)"
"Hcn1",-0.294384294574743,0.228,"13","hyperpolarization activated cyclic nucleotide gated potassium channel 1"
"Capn10",0.294380658467423,0.0332,"1","calpain 10"
"Isoc2b",0.294274829717674,0.2864,"7","isochorismatase domain containing 2b"
"Grin2d",0.294150454521843,0.0224,"7","glutamate receptor, ionotropic, NMDA2D (epsilon 4)"
"Tanc1",-0.294148425113511,0.1628,"2","tetratricopeptide repeat, ankyrin repeat and coiled-coil containing 1"
"Manbal",0.294105906737494,0.2636,"2","mannosidase, beta A, lysosomal-like"
"Ppp1r12a",-0.294072996593826,0.3452,"10","protein phosphatase 1, regulatory subunit 12A"
"Selenow",0.294048034411958,0.56,"7","selenoprotein W"
"Hspbp1",0.294032634792742,0.454,"7","HSPA (heat shock 70kDa) binding protein, cytoplasmic cochaperone 1"
"Secisbp2l",-0.293756627835331,0.2884,"2","SECIS binding protein 2-like"
"Uimc1",-0.293654465709578,0.1524,"13","ubiquitin interaction motif containing 1"
"Hcn2",0.293599198615745,0.386,"10","hyperpolarization-activated, cyclic nucleotide-gated K+ 2"
"Nkain3",-0.293387930211066,0.6964,"4","Na+/K+ transporting ATPase interacting 3"
"Tomm40l",0.293276270930575,0.3052,"1","translocase of outer mitochondrial membrane 40-like"
"Eif6",0.293152022954891,0.2528,"2","eukaryotic translation initiation factor 6"
"Cdh2",-0.293130424505461,0.2836,"18","cadherin 2"
"Aurkaip1",0.293129923254389,0.282,"4","aurora kinase A interacting protein 1"
"Gpc1",0.293103134047505,0.0396,"1","glypican 1"
"Mpg",0.293057087737532,0.09,"11","N-methylpurine-DNA glycosylase"
"Htr1a",-0.292989166064176,0.3436,"13","5-hydroxytryptamine (serotonin) receptor 1A"
"Cep85l",-0.29251739378614,0.3024,"10","centrosomal protein 85-like"
"Gpr22",-0.292460588627216,0.6608,"12","G protein-coupled receptor 22"
"Pdgfb",0.29245470721591,0.0064,"15","platelet derived growth factor, B polypeptide"
"Hes6",0.29245207843917,0.3364,"1","hairy and enhancer of split 6"
"Gria2",-0.2923454239458,0.5088,"3","glutamate receptor, ionotropic, AMPA2 (alpha 2)"
"Nenf",0.292277047906118,0.4872,"1","neuron derived neurotrophic factor"
"Wdfy3",-0.292225357218113,0.4312,"5","WD repeat and FYVE domain containing 3"
"Timp4",0.292112960526327,0.0936,"6","tissue inhibitor of metalloproteinase 4"
"Ndufa13",0.291975966285755,0.5,"8","NADH:ubiquinone oxidoreductase subunit A13"
"Lrif1",-0.291773198343495,0.2356,"3","ligand dependent nuclear receptor interacting factor 1"
"Fbxo44",0.291733831207186,0.0564,"4","F-box protein 44"
"Top1",-0.291698305431916,0.5376,"2","topoisomerase (DNA) I"
"Rprml",0.291686098473303,0.438,"11","reprimo-like"
"Psmb10",0.291641681378637,0.4296,"8","proteasome (prosome, macropain) subunit, beta type 10"
"Aprt",0.291349133125935,0.36,"8","adenine phosphoribosyl transferase"
"Bbof1",-0.291345213399556,0.2636,"12","basal body orientation factor 1"
"Ralgapa1",-0.29124863349608,0.436,"12","Ral GTPase activating protein, alpha subunit 1"
"Tank",-0.291078963293251,0.3012,"2","TRAF family member-associated Nf-kappa B activator"
"Hnrnpm",-0.291075005555821,0.0388,"17","heterogeneous nuclear ribonucleoprotein M"
"Gm10791",-0.290814051207159,0.2084,"16","predicted gene 10791"
"Ubqln2",-0.290798008759064,0.4424,"X","ubiquilin 2"
"Rybp",-0.290662999556676,0.464,"6","RING1 and YY1 binding protein"
"Rybp",-0.290662999556676,0.464,"6","RING1 and YY1 binding protein"
"Mrpl12",0.290637878183358,0.44,"11","mitochondrial ribosomal protein L12"
"Ly6h",0.290463410981392,0.3832,"15","lymphocyte antigen 6 complex, locus H"
"Rgs14",0.290455411889484,0.016,"13","regulator of G-protein signaling 14"
"Heatr5b",-0.29044637975147,0.3984,"17","HEAT repeat containing 5B"
"Cox8a",0.290324672300777,0.5192,"19","cytochrome c oxidase subunit 8A"
"Cntnap5c",-0.29031333414725,0.6168,"17","contactin associated protein-like 5C"
"Grin2b",-0.290243841759853,0.4212,"6","glutamate receptor, ionotropic, NMDA2B (epsilon 2)"
"Slc9a5",0.290138908149079,0.2672,"8","solute carrier family 9 (sodium/hydrogen exchanger), member 5"
"Eml2",0.290138547136488,0.0276,"7","echinoderm microtubule associated protein like 2"
"Mrps34",0.290091149909016,0.4008,"17","mitochondrial ribosomal protein S34"
"Eea1",-0.290015128304576,0.3324,"10","early endosome antigen 1"
"Ndnf",-0.289928049381287,0.5036,"6","neuron-derived neurotrophic factor"
"Efcab5",-0.289851772069247,0.482,"11","EF-hand calcium binding domain 5"
"Sox9",-0.289581687777885,0.0172,"11","SRY (sex determining region Y)-box 9"
"Snta1",0.289437423206801,0.3036,"2","syntrophin, acidic 1"
"Plxdc1",-0.289375222700023,0.2136,"11","plexin domain containing 1"
"Col19a1",-0.289184672053348,0.306,"1","collagen, type XIX, alpha 1"
"Wdcp",-0.289179279781982,0.55,"12","WD repeat and coiled coil containing"
"Cybc1",0.289139445018481,0.0184,"11","cytochrome b 245 chaperone 1"
"Eif2ak2",-0.289112700070417,0.2324,"17","eukaryotic translation initiation factor 2-alpha kinase 2"
"Rhog",0.289104861657584,0.476,"7","ras homolog family member G"
"Lrrc4c",-0.289096534773777,0.1376,"2","leucine rich repeat containing 4C"
"Msantd1",0.289056760988116,0.4044,"5","Myb/SANT-like DNA-binding domain containing 1"
"Ctxn2",0.288975534034626,0.334,"2","cortexin 2"
"Serhl",0.288965085745523,0.2592,"15","serine hydrolase-like"
"Cnih2",0.288959649766042,0.382,"19","cornichon family AMPA receptor auxiliary protein 2"
"Ccdc107",0.288936004021079,0.4812,"4","coiled-coil domain containing 107"
"Tigd5",0.288885096185769,0.0584,"15","tigger transposable element derived 5"
"Plxna2",-0.288877212396633,0.3372,"1","plexin A2"
"Fancc",0.288860593894113,0.078,"13","Fanconi anemia, complementation group C"
"Wdr44",-0.28870506042997,0.2872,"X","WD repeat domain 44"
"Ddx10",-0.288657484585145,0.2048,"9","DEAD box helicase 10"
"Slc2a8",0.288643063072101,0.0568,"2","solute carrier family 2, (facilitated glucose transporter), member 8"
"Nr3c1",-0.288280931410772,0.094,"18","nuclear receptor subfamily 3, group C, member 1"
"Ago3",-0.288234683732296,0.662,"4","argonaute RISC catalytic subunit 3"
"Prkci",-0.28816998833927,0.4724,"3","protein kinase C, iota"
"Chsy3",-0.287751457557246,0.1648,"18","chondroitin sulfate synthase 3"
"Ifit3",-0.287572331171263,0.702,"19","interferon-induced protein with tetratricopeptide repeats 3"
"Rbm27",-0.287516781641616,0.4564,"18","RNA binding motif protein 27"
"Marchf9",0.287495621390242,0.3572,"10","membrane associated ring-CH-type finger 9"
"Plpp3",-0.287244686399232,0.02,"4","phospholipid phosphatase 3"
"Zfp800",-0.287169537007978,0.5136,"6","zinc finger protein 800"
"Ccnt2",-0.287164835330006,0.4864,"1","cyclin T2"
"Cox7a2",0.287124196434625,0.3456,"9","cytochrome c oxidase subunit 7A2"
"Stat6",-0.287104140796953,0.2956,"10","signal transducer and activator of transcription 6"
"Spred2",-0.28690892715664,0.6476,"11","sprouty-related EVH1 domain containing 2"
"Zfp941",-0.286891471120368,0.2888,"7","zinc finger protein 941"
"Sfpq",-0.28687884085293,0.2132,"4","splicing factor proline/glutamine rich (polypyrimidine tract binding protein associated)"
"Kcng2",0.286811108128451,0.2784,"18","potassium voltage-gated channel, subfamily G, member 2"
"Rnf187",0.286722857203403,0.22,"11","ring finger protein 187"
"Rpl28",0.286708727106099,0.5512,"7","ribosomal protein L28"
"Rnf13",-0.286552194990567,0.2476,"3","ring finger protein 13"
"Parl",0.286512978594025,0.1424,"16","presenilin associated, rhomboid-like"
"Rex1bd",0.286463863341691,0.5088,"8","required for excision 1-B domain containing"
"Mafk",0.286360286152489,0.028,"5","v-maf musculoaponeurotic fibrosarcoma oncogene family, protein K (avian)"
"Dnpep",0.286247021380034,0.01,"1","aspartyl aminopeptidase"
"Xpo1",-0.285827379164923,0.2464,"11","exportin 1"
"Gstm5",0.285812225799331,0.3172,"3","glutathione S-transferase, mu 5"
"Mog",0.285472521803274,0.3628,"17","myelin oligodendrocyte glycoprotein"
"Cpsf6",-0.285415652589693,0.4656,"10","cleavage and polyadenylation specific factor 6"
"Plcxd1",0.285328163673185,0.122,"5","phosphatidylinositol-specific phospholipase C, X domain containing 1"
"Cnr1",-0.285325203153423,0.5184,"4","cannabinoid receptor 1 (brain)"
"Utrn",-0.285286783204506,0.3156,"10","utrophin"
"Coro1a",0.285277947100293,0.2404,"7","coronin, actin binding protein 1A"
"Emc9",0.284719094422438,0.2872,"14","ER membrane protein complex subunit 9"
"Mest",-0.284681983913829,0.1776,"6","mesoderm specific transcript"
"Calb2",0.284544290681627,0.1088,"8","calbindin 2"
"Ifitm3",-0.284540131613119,0.4788,"7","interferon induced transmembrane protein 3"
"Shc4",-0.284504820642875,0.2272,"2","SHC (Src homology 2 domain containing) family, member 4"
"Ube3a",-0.284495627835116,0.48,"7","ubiquitin protein ligase E3A"
"Dgki",-0.284488693276735,0.4192,"6","diacylglycerol kinase, iota"
"Cbwd1",-0.284297025278222,0.0376,"19","COBW domain containing 1"
"Pear1",-0.284282997317356,0.3448,"3","platelet endothelial aggregation receptor 1"
"Map2k2",0.284253016390067,0.4184,"10","mitogen-activated protein kinase kinase 2"
"Sel1l",-0.284204803251836,0.4244,"12","sel-1 suppressor of lin-12-like (C. elegans)"
"Prdx5",0.284018284268504,0.3436,"19","peroxiredoxin 5"
"Pmvk",0.283931840168802,0.176,"3","phosphomevalonate kinase"
"Rps27",0.283907349025784,0.404,"3","ribosomal protein S27"
"Ankrd26",-0.283878395589503,0.4484,"6","ankyrin repeat domain 26"
"Pom121",-0.283748200295469,0.49,"5","nuclear pore membrane protein 121"
"Crybg3",-0.28368458962055,0.3352,"16","beta-gamma crystallin domain containing 3"
"Myoc",-0.283535611684614,0.5728,"1","myocilin"
"Sos2",-0.283530242522394,0.4284,"12","SOS Ras/Rho guanine nucleotide exchange factor 2"
"Thsd4",-0.283522872262766,0.276,"9","thrombospondin, type I, domain containing 4"
"Twnk",0.283500774175128,0.046,"19","twinkle mtDNA helicase"
"Zfp74",-0.283423758966629,0.1188,"7","zinc finger protein 74"
"Mtus1",-0.283418386727702,0.0476,"8","mitochondrial tumor suppressor 1"
"Rai2",-0.283411418067533,0.0288,"X","retinoic acid induced 2"
"Wnt7a",-0.283356926546008,0.1712,"6","wingless-type MMTV integration site family, member 7A"
"Mir9-3hg",0.283297147536441,0.1576,"7","Mir9-3 host gene"
"Ankrd12",-0.28325066385437,0.4256,"17","ankyrin repeat domain 12"
"Atl1",-0.283186391320731,0.756,"12","atlastin GTPase 1"
"Vcl",-0.283113552345727,0.2344,"14","vinculin"
"Cox5b",0.282898848664887,0.4444,"1","cytochrome c oxidase subunit 5B"
"Adamts1",-0.282817280059354,0.5104,"16","a disintegrin-like and metallopeptidase (reprolysin type) with thrombospondin type 1 motif, 1"
"Phf8",-0.282813360002974,0.2992,"X","PHD finger protein 8"
"Dctn3",0.28276440167786,0.2708,"4","dynactin 3"
"Igfbp6",-0.282681498352789,0.4384,"15","insulin-like growth factor binding protein 6"
"Pgs1",0.28248717149357,0.298,"11","phosphatidylglycerophosphate synthase 1"
"Tomm7",0.282479350098737,0.3616,"5","translocase of outer mitochondrial membrane 7"
"Ccdc124",0.282467388020295,0.5176,"8","coiled-coil domain containing 124"
"Cln6",0.282440384155091,0.218,"9","ceroid-lipofuscinosis, neuronal 6"
"Galnt10",0.282206832703233,0.3756,"11","polypeptide N-acetylgalactosaminyltransferase 10"
"Nexmif",-0.282160233204793,0.486,"X","neurite extension and migration factor"
"Meis2",-0.282127553542298,0.1844,"2","Meis homeobox 2"
"Ctu2",0.282012108695914,0.1184,"8","cytosolic thiouridylase subunit 2"
"Chrm4",0.28198750409334,0.1828,"2","cholinergic receptor, muscarinic 4"
"Il11ra1",0.281751022309617,0.2528,"4","interleukin 11 receptor, alpha chain 1"
"Tmem223",0.281749008308205,0.4592,"19","transmembrane protein 223"
"Neurod6",-0.281709184398109,0.0552,"6","neurogenic differentiation 6"
"Fbxo36",0.281648442238344,0.3748,"1","F-box protein 36"
"Itga6",-0.281590779843392,0.2964,"2","integrin alpha 6"
"Pcsk1",-0.281498660088965,0.406,"13","proprotein convertase subtilisin/kexin type 1"
"Ptprk",-0.28141883183021,0.1616,"10","protein tyrosine phosphatase, receptor type, K"
"Slc8a1",-0.281327643710812,0.482,"17","solute carrier family 8 (sodium/calcium exchanger), member 1"
"Rps7",0.281287152920012,0.4692,"12","ribosomal protein S7"
"Tmem208",0.281236955992669,0.3436,"8","transmembrane protein 208"
"Pfdn1",0.28109327802704,0.3272,"18","prefoldin 1"
"Mgat1",0.281062022125837,0.2308,"11","mannoside acetylglucosaminyltransferase 1"
"Pnn",-0.281014842619659,0.334,"12","pinin"
"Ndufv3",0.280995417560375,0.4636,"17","NADH:ubiquinone oxidoreductase core subunit V3"
"Mob1b",-0.280882638152353,0.548,"5","MOB kinase activator 1B"
"Man1a",-0.280872509269064,0.3652,"10","mannosidase 1, alpha"
"2210016L21Rik",0.280763338095755,0.3272,"5","RIKEN cDNA 2210016L21 gene"
"Phyhd1",0.280746539808044,0.4684,"2","phytanoyl-CoA dioxygenase domain containing 1"
"Gucy1a1",-0.280722818752459,0.148,"3","guanylate cyclase 1, soluble, alpha 1"
"Dbndd2",0.280692068837317,0.334,"2","dysbindin (dystrobrevin binding protein 1) domain containing 2"
"Agbl3",0.280619013451223,0.26,"6","ATP/GTP binding protein-like 3"
"Rhbdf1",0.280604065515732,0.092,"11","rhomboid 5 homolog 1"
"Zfp292",-0.280597471855736,0.494,"4","zinc finger protein 292"
"Eml6",-0.280528953412551,0.6572,"11","echinoderm microtubule associated protein like 6"
"Ttyh2",0.280521027505389,0.2704,"11","tweety family member 2"
"Steap3",-0.280432618645329,0.202,"1","STEAP family member 3"
"Mmp16",-0.280269470228634,0.3856,"4","matrix metallopeptidase 16"
"Gja1",-0.280186628012459,0.0552,"10","gap junction protein, alpha 1"
"Chn1os3",-0.280113598200031,0.588,"2","chimerin 1, opposite strand 3"
"Rpl36a",0.280067907659912,0.55,"X","ribosomal protein L36A"
"Rpl8",0.279934173465209,0.4916,"15","ribosomal protein L8"
"Hlf",-0.279889181518495,0.0228,"11","hepatic leukemia factor"
"Pink1",0.279739190583713,0.3696,"4","PTEN induced putative kinase 1"
"Syne2",-0.279538725896433,0.342,"12","spectrin repeat containing, nuclear envelope 2"
"Egfl7",0.279440682118469,0.2832,"2","EGF-like domain 7"
"Nol4",-0.279349979085701,0.2952,"18","nucleolar protein 4"
"Ankrd39",0.27917771583461,0,"1","ankyrin repeat domain 39"
"Gm1673",0.279171696181677,0.51,"5","predicted gene 1673"
"Acsl4",-0.279093310079483,0.4104,"X","acyl-CoA synthetase long-chain family member 4"
"Tlcd4",-0.279039014345678,0.1836,"3","TLC domain containing 4"
"Qdpr",0.279017270479233,0.422,"5","quinoid dihydropteridine reductase"
"L1cam",-0.278971456413177,0.0028,"X","L1 cell adhesion molecule"
"1110002E22Rik",-0.27887280570667,0.0756,"3","RIKEN cDNA 1110002E22 gene"
"Eml5",-0.278855536474899,0.4716,"12","echinoderm microtubule associated protein like 5"
"Mysm1",-0.278796437391618,0.536,"4","myb-like, SWIRM and MPN domains 1"
"Mobp",0.278731562439599,0.5432,"9","myelin-associated oligodendrocytic basic protein"
"Sostdc1",-0.278685928064855,0.6312,"12","sclerostin domain containing 1"
"Tgfb1",-0.278642010316304,0.4812,"7","transforming growth factor, beta 1"
"Mzf1",0.278602959082649,0.2656,"7","myeloid zinc finger 1"
"Foxc1",-0.278536960361603,0.5688,"13","forkhead box C1"
"Etnppl",0.278527809571018,0.3328,"3","ethanolamine phosphate phospholyase"
"Syt3",0.278510785365628,0.4196,"7","synaptotagmin III"
"Mcm5",0.278318684027959,0.1564,"8","minichromosome maintenance complex component 5"
"Snx2",-0.278289336634487,0.342,"18","sorting nexin 2"
"Usp8",-0.278197668545958,0.3312,"2","ubiquitin specific peptidase 8"
"Nup153",-0.278122932732233,0.4572,"13","nucleoporin 153"
"Ppp1r3d",0.278122456560963,0.1216,"2","protein phosphatase 1, regulatory subunit 3D"
"Washc4",-0.278091063998743,0.4844,"10","WASH complex subunit 4"
"Csgalnact2",-0.27800570802191,0.1008,"6","chondroitin sulfate N-acetylgalactosaminyltransferase 2"
"Snhg3",-0.277877317476766,0.3664,"4","small nucleolar RNA host gene 3"
"Pcdhb13",-0.277802962111434,0.4136,"18","protocadherin beta 13"
"Zfp472",0.277780225189286,0.1316,"17","zinc finger protein 472"
"H2-Q4",-0.277755954423032,0.5248,"17","histocompatibility 2, Q region locus 4"
"Chchd6",0.277716146964965,0.4412,"6","coiled-coil-helix-coiled-coil-helix domain containing 6"
"Pcdhb14",-0.277672975856526,0.4888,"18","protocadherin beta 14"
"Hspa4l",-0.277629079324117,0.4692,"3","heat shock protein 4 like"
"Dnajc3",-0.277564371627731,0.1772,"14","DnaJ heat shock protein family (Hsp40) member C3"
"Rps25",0.277488822676097,0.4912,"9","ribosomal protein S25"
"Ythdf3",-0.277421551197442,0.5188,"3","YTH N6-methyladenosine RNA binding protein 3"
"Zfp707",0.277364308923455,0.4508,"15","zinc finger protein 707"
"Usp18",-0.27728399702682,0.746,"6","ubiquitin specific peptidase 18"
"Smg1",-0.277250795006925,0.4344,"7","SMG1 nonsense mediated mRNA decay associated PI3K related kinase"
"Lrrc7",-0.27723592276793,0.3572,"3","leucine rich repeat containing 7"
"Mrpl28",0.277174857194218,0.3632,"17","mitochondrial ribosomal protein L28"
"Efcab15",0.277173987918153,0.4336,"11","EF-hand calcium binding domain 15"
"Akap12",-0.277014393800707,0.536,"10","A kinase (PRKA) anchor protein (gravin) 12"
"Mecr",0.277000200609045,0.3492,"4","mitochondrial trans-2-enoyl-CoA reductase"
"Usp42",-0.276988708960169,0.2136,"5","ubiquitin specific peptidase 42"
"Setmar",0.276893896685154,0.1656,"6","SET domain without mariner transposase fusion"
"Ddit4",0.276743810892017,0.0536,"10","DNA-damage-inducible transcript 4"
"2810049E08Rik",0.276589473754251,0.2004,"13","RIKEN cDNA 2810049E08 gene"
"Kctd7",0.276587745185525,0.064,"5","potassium channel tetramerisation domain containing 7"
"Poll",0.276470579482561,0.11,"19","polymerase (DNA directed), lambda"
"Crhr2",0.276436459571475,0.502,"6","corticotropin releasing hormone receptor 2"
"Suds3",0.276396439476041,0.25,"5","suppressor of defective silencing 3 homolog (S. cerevisiae)"
"Dpm2",0.27624244507138,0.388,"2","dolichol-phosphate (beta-D) mannosyltransferase 2"
"Ifit1",-0.276183920688493,0.7032,"19","interferon-induced protein with tetratricopeptide repeats 1"
"Ugcg",-0.276130320146204,0.132,"4","UDP-glucose ceramide glucosyltransferase"
"Rack1",0.2759708421086,0.3244,"11","receptor for activated C kinase 1"
"Matk",0.275909326757886,0.3852,"10","megakaryocyte-associated tyrosine kinase"
"Serpinh1",-0.275852811296994,0.226,"7","serine (or cysteine) peptidase inhibitor, clade H, member 1"
"Krtcap2",0.275761835471333,0.376,"3","keratinocyte associated protein 2"
"Ccl25",0.27574234398071,0.0688,"8","chemokine (C-C motif) ligand 25"
"Hexb",-0.275739470349195,0.7556,"13","hexosaminidase B"
"Cemip",-0.275677109502922,0.4512,"7","cell migration inducing protein, hyaluronan binding"
"Rsph9",0.275670658617597,0.2624,"17","radial spoke head 9 homolog (Chlamydomonas)"
"Ubac2",0.275543635272268,0.1616,"14","ubiquitin associated domain containing 2"
"Sumo2",-0.27552169296149,0.192,"11","small ubiquitin-like modifier 2"
"Mob3b",-0.275505788956848,0.2912,"4","MOB kinase activator 3B"
"Sdf2",0.275460672959643,0.0236,"11","stromal cell derived factor 2"
"Ifi30",-0.275421979806736,0.1208,"8","interferon gamma inducible protein 30"
"Fxn",0.275407403042184,0.2952,"19","frataxin"
"Etl4",-0.275392928600207,0.128,"2","enhancer trap locus 4"
"Fnip1",-0.275243662862753,0.3832,"11","folliculin interacting protein 1"
"Cib2",0.275238705887693,0.3432,"9","calcium and integrin binding family member 2"
"Rps16",0.275123763532283,0.4016,"7","ribosomal protein S16"
"Pepd",0.275112950140932,0.0028,"7","peptidase D"
"Tmem147",0.275109573621486,0.2148,"7","transmembrane protein 147"
"Fem1c",-0.275063384575988,0.522,"18","fem 1 homolog c"
"Slc16a4",-0.274994291910702,0.5372,"3","solute carrier family 16 (monocarboxylic acid transporters), member 4"
"Nxph1",-0.274964867861022,0.4864,"6","neurexophilin 1"
"Iqgap1",-0.274926088887117,0.2556,"7","IQ motif containing GTPase activating protein 1"
"Omg",-0.274925338038363,0.1888,"11","oligodendrocyte myelin glycoprotein"
"C1qtnf12",0.274923289500071,0.3268,"4","C1q and tumor necrosis factor related 12"
"Slc25a11",0.274791593981638,0.024,"11","solute carrier family 25 (mitochondrial carrier oxoglutarate carrier), member 11"
"Rpp21",0.274725871971435,0.4512,"17","ribonuclease P 21 subunit"
"Atp2b4",-0.274608514419486,0.2748,"1","ATPase, Ca++ transporting, plasma membrane 4"
"Mamld1",-0.274560056727872,0.398,"X","mastermind-like domain containing 1"
"Helz2",-0.274557587751813,0.4756,"2","helicase with zinc finger 2, transcriptional coactivator"
"Snrnp48",-0.274542595725896,0.062,"13","small nuclear ribonucleoprotein 48 (U11/U12)"
"Ppp1r1b",0.274534123623772,0.276,"11","protein phosphatase 1, regulatory inhibitor subunit 1B"
"Pde3a",-0.274509216185201,0.4932,"6","phosphodiesterase 3A, cGMP inhibited"
"Rhpn1",0.274412290297588,0.1952,"15","rhophilin, Rho GTPase binding protein 1"
"Tmtc2",-0.274411323999484,0.0564,"10","transmembrane and tetratricopeptide repeat containing 2"
"Tfeb",0.274209762808299,0.274,"17","transcription factor EB"
"Auts2",-0.274008565674052,0.0892,"5","autism susceptibility candidate 2"
"Oxld1",0.27390897110582,0.4104,"11","oxidoreductase like domain containing 1"
"Tnrc6b",-0.273875596115481,0.4392,"15","trinucleotide repeat containing 6b"
"Srgn",-0.273843575382253,0.502,"10","serglycin"
"Gm13889",0.273808696081677,0.3788,"2","predicted gene 13889"
"Bckdha",0.273776700642846,0.1396,"7","branched chain ketoacid dehydrogenase E1, alpha polypeptide"
"Klf3",-0.27368776328162,0.4392,"5","Kruppel-like factor 3 (basic)"
"Igfbp2",-0.27351243645921,0.5896,"1","insulin-like growth factor binding protein 2"
"Fxyd7",0.273508312849112,0.53,"7","FXYD domain-containing ion transport regulator 7"
"Fbln2",-0.27349290956922,0.1956,"6","fibulin 2"
"Pcdh9",-0.273477142025302,0.3864,"14","protocadherin 9"
"Kcnq3",-0.273357434469741,0.1752,"15","potassium voltage-gated channel, subfamily Q, member 3"
"Tradd",0.273337592385302,0.2428,"8","TNFRSF1A-associated via death domain"
"Grip1",-0.273206305058725,0.3052,"10","glutamate receptor interacting protein 1"
"Rfc2",0.273185482189242,0.2248,"5","replication factor C (activator 1) 2"
"Zfand4",0.273145215502203,0.3692,"6","zinc finger, AN1-type domain 4"
"Kcnj6",-0.273025581306754,0.5284,"16","potassium inwardly-rectifying channel, subfamily J, member 6"
"Malat1",-0.272962947240556,0.5004,"19","metastasis associated lung adenocarcinoma transcript 1 (non-coding RNA)"
"Atp11c",-0.272956087652116,0.5152,"X","ATPase, class VI, type 11C"
"Tor2a",0.272955990937938,0.4168,"2","torsin family 2, member A"
"Ahr",-0.272880206875212,0.342,"12","aryl-hydrocarbon receptor"
"Mmp23",-0.272748105745684,0.2384,"4","matrix metallopeptidase 23"
"Wdr24",0.27274200159551,0.0264,"17","WD repeat domain 24"
"Nktr",-0.272719762550288,0.358,"9","natural killer tumor recognition sequence"
"Pcbp4",0.272631942095918,0.4928,"9","poly(rC) binding protein 4"
"Tbc1d9b",0.272527249561977,0.2784,"11","TBC1 domain family, member 9B"
"Lrch1",-0.272331125401545,0.2832,"14","leucine-rich repeats and calponin homology (CH) domain containing 1"
"Akap6",-0.272223371612967,0.4976,"12","A kinase (PRKA) anchor protein 6"
"Npy2r",-0.27211788846258,0.4768,"3","neuropeptide Y receptor Y2"
"Bach1",-0.272015522234642,0.1704,"16","BTB and CNC homology 1, basic leucine zipper transcription factor 1"
"Fam184a",-0.272001975696429,0.4176,"10","family with sequence similarity 184, member A"
"Rfx3",-0.271987649365631,0.5804,"19","regulatory factor X, 3 (influences HLA class II expression)"
"Helz",-0.271982527676173,0.2852,"11","helicase with zinc finger domain"
"Ccs",0.271972384740226,0.2168,"19","copper chaperone for superoxide dismutase"
"Foxg1",-0.271930657141576,0.1456,"12","forkhead box G1"
"Ptpa",0.271929457592042,0.3764,"2","protein phosphatase 2 protein activator"
"Dusp28",0.271862525497454,0.2912,"1","dual specificity phosphatase 28"
"Foxo4",0.271789706964351,0.3004,"X","forkhead box O4"
"Pet100",0.271775824308597,0.5164,"8","PET100 homolog"
"Srrm1",-0.271758123733459,0.316,"4","serine/arginine repetitive matrix 1"
"Baz2b",-0.271643760041104,0.4248,"2","bromodomain adjacent to zinc finger domain, 2B"
"Sec24a",-0.271487854769968,0.2892,"11","Sec24 related gene family, member A (S. cerevisiae)"
"Ccdc51",0.271460050368157,0.2192,"9","coiled-coil domain containing 51"
"Wasf2",-0.271425598400311,0.432,"4","WASP family, member 2"
"Trnau1ap",0.271314016448518,0.1972,"4","tRNA selenocysteine 1 associated protein 1"
"Mri1",0.271265499735633,0.1052,"8","methylthioribose-1-phosphate isomerase 1"
"Chd2",-0.271069088074158,0.2948,"7","chromodomain helicase DNA binding protein 2"
"Pnpt1",-0.271030226360696,0.2804,"11","polyribonucleotide nucleotidyltransferase 1"
"C1galt1c1",-0.271005484595332,0.5816,"X","C1GALT1-specific chaperone 1"
"Rtl8b",0.270971896462626,0.4916,"X","retrotransposon Gag like 8B"
"Shpk",0.270938193183775,0.0176,"11","sedoheptulokinase"
"Topors",-0.270922931682341,0.3792,"4","topoisomerase I binding, arginine/serine-rich"
"Sgk3",0.270862050878343,0.1348,"1","serum/glucocorticoid regulated kinase 3"
"Dgat1",0.2707179727814,0.156,"15","diacylglycerol O-acyltransferase 1"
"Inpp4b",-0.270689958935051,0.4712,"8","inositol polyphosphate-4-phosphatase, type II"
"Hook3",-0.270566256376385,0.488,"8","hook microtubule tethering protein 3"
"Kcnj4",0.270527925422528,0.156,"15","potassium inwardly-rectifying channel, subfamily J, member 4"
"Necab1",-0.270495108313972,0.4944,"4","N-terminal EF-hand calcium binding protein 1"
"Slc7a14",-0.270380021004936,0.466,"3","solute carrier family 7 (cationic amino acid transporter, y+ system), member 14"
"Tlr3",-0.270370481626071,0.3048,"8","toll-like receptor 3"
"Bag3",-0.27015510383643,0.0272,"7","BCL2-associated athanogene 3"
"Rps6ka3",-0.270143175827557,0.5308,"X","ribosomal protein S6 kinase polypeptide 3"
"Arhgef4",0.270084473555031,0.1768,"1","Rho guanine nucleotide exchange factor (GEF) 4"
"Urm1",0.270059872892435,0.3756,"2","ubiquitin related modifier 1"
"Mob3c",0.270019090711169,0.1932,"4","MOB kinase activator 3C"
"Tm2d2",0.26997116574286,0.134,"8","TM2 domain containing 2"
"Cntnap2",-0.269870986554674,0.4496,"6","contactin associated protein-like 2"
"Ehd4",-0.269830445832483,0.3524,"2","EH-domain containing 4"
"Galk1",0.269706311093271,0.1888,"11","galactokinase 1"
"Prr7",0.269668525051837,0.486,"13","proline rich 7 (synaptic)"
"Ndufb5",0.26962791378875,0.2732,"3","NADH:ubiquinone oxidoreductase subunit B5"
"Atp6v1f",0.269606064309894,0.4288,"6","ATPase, H+ transporting, lysosomal V1 subunit F"
"Abcb8",0.269488933098555,0.2128,"5","ATP-binding cassette, sub-family B (MDR/TAP), member 8"
"P4htm",0.269380149396376,0.4172,"9","prolyl 4-hydroxylase, transmembrane (endoplasmic reticulum)"
"Tmem115",0.269322336299595,0.2428,"9","transmembrane protein 115"
"Sirt3",0.269300182738365,0.1948,"7","sirtuin 3"
"Nectin2",0.269195814921724,0.2064,"7","nectin cell adhesion molecule 2"
"Gpr137",0.269053392718707,0.3188,"19","G protein-coupled receptor 137"
"Miip",0.26899926444278,0.344,"4","migration and invasion inhibitory protein"
"Scgn",0.268964488796875,0.5852,"13","secretagogin, EF-hand calcium binding protein"
"Myadml2",0.268962138480848,0.4032,"11","myeloid-associated differentiation marker-like 2"
"Nxn",0.268912927650329,0.102,"11","nucleoredoxin"
"Rpp25l",0.268868995397389,0.336,"4","ribonuclease P/MRP 25 subunit-like"
"Bcl11b",-0.268679818663468,0.0128,"12","B cell leukemia/lymphoma 11B"
"Nt5c",0.268581263465594,0.4576,"11","5',3'-nucleotidase, cytosolic"
"Rp2",-0.268521514758939,0.1332,"X","retinitis pigmentosa 2 homolog"
"Slc5a3",-0.26849852363987,0.5044,"16","solute carrier family 5 (inositol transporters), member 3"
"Plk1",0.268442515718047,0.3952,"7","polo like kinase 1"
"Aspscr1",0.268320586453542,0.372,"11","alveolar soft part sarcoma chromosome region, candidate 1 (human)"
"Tent4b",-0.268259381271416,0.3572,"8","terminal nucleotidyltransferase 4B"
"Hif1a",-0.268233315550405,0.5448,"12","hypoxia inducible factor 1, alpha subunit"
"Ttc14",-0.26816922800997,0.3588,"3","tetratricopeptide repeat domain 14"
"Tmem215",0.268116392131794,0.408,"4","transmembrane protein 215"
"Bmp7",-0.267989339477208,0.5148,"2","bone morphogenetic protein 7"
"Psmg3",0.26776312477364,0.3924,"5","proteasome (prosome, macropain) assembly chaperone 3"
"Dmtf1",-0.267742082293373,0.3556,"5","cyclin D binding myb like transcription factor 1"
"Phkg2",0.267711679612626,0.1136,"7","phosphorylase kinase, gamma 2 (testis)"
"Ppfia3",0.267686913857009,0.2436,"7","protein tyrosine phosphatase, receptor type, f polypeptide (PTPRF), interacting protein (liprin), alpha 3"
"Clvs1",-0.267618797495126,0.6348,"4","clavesin 1"
"Ctnnbip1",0.267475064554819,0.246,"4","catenin beta interacting protein 1"
"Fkbp8",0.267444820961117,0.3744,"8","FK506 binding protein 8"
"Tmsb4x",0.267282935844081,0.3244,"X","thymosin, beta 4, X chromosome"
"Cd47",-0.267100027291179,0.6352,"16","CD47 antigen (Rh-related antigen, integrin-associated signal transducer)"
"Map4k3",-0.267077907389648,0.5588,"17","mitogen-activated protein kinase kinase kinase kinase 3"
"Angptl2",-0.267023231814692,0.6504,"2","angiopoietin-like 2"
"2610306M01Rik",0.266746063682346,0.4324,"6","RIKEN cDNA 2610306M01 gene"
"Zfp248",-0.26671426086271,0.14,"6","zinc finger protein 248"
"Npdc1",0.266680762417224,0.4208,"2","neural proliferation, differentiation and control 1"
"Nol12",0.266671903954729,0.5168,"15","nucleolar protein 12"
"Gm12709",0.266407258559564,0.4632,"4","predicted gene 12709"
"Ppid",-0.266398661793391,0.3572,"3","peptidylprolyl isomerase D (cyclophilin D)"
"Rab34",0.266395541101429,0.5112,"11","RAB34, member RAS oncogene family"
"Cep290",-0.266390093509167,0.3504,"10","centrosomal protein 290"
"Wnk3",-0.266385528735522,0.4448,"X","WNK lysine deficient protein kinase 3"
"Pdcd6ip",-0.266352327192358,0.3488,"9","programmed cell death 6 interacting protein"
"Nfat5",-0.266270577536693,0.2968,"8","nuclear factor of activated T cells 5"
"Atp2a2",-0.266269104697024,0.4732,"5","ATPase, Ca++ transporting, cardiac muscle, slow twitch 2"
"Nr2f6",0.266194824086654,0.356,"8","nuclear receptor subfamily 2, group F, member 6"
"Slc2a12",-0.266191086387461,0.6584,"10","solute carrier family 2 (facilitated glucose transporter), member 12"
"Lamtor4",0.266164096934365,0.5012,"5","late endosomal/lysosomal adaptor, MAPK and MTOR activator 4"
"Lmcd1",-0.266129993585473,0.328,"6","LIM and cysteine-rich domains 1"
"Sppl2a",-0.265965610906099,0.0856,"2","signal peptide peptidase like 2A"
"Atp11b",-0.26595268890882,0.3768,"3","ATPase, class VI, type 11B"
"Rbm25",-0.265883642008266,0.3764,"12","RNA binding motif protein 25"
"Gmip",-0.265819315871222,0.17,"8","Gem-interacting protein"
"Pin1",0.2657905446443,0.1852,"9","peptidyl-prolyl cis/trans isomerase, NIMA-interacting 1"
"Atm",-0.26574992622032,0.394,"9","ataxia telangiectasia mutated"
"Clasp1",-0.265704174205106,0.0028,"1","CLIP associating protein 1"
"Fat4",-0.265685764181019,0.4352,"3","FAT atypical cadherin 4"
"Creb1",-0.265654841399611,0.0188,"1","cAMP responsive element binding protein 1"
"Btbd6",0.265634465354414,0.4692,"12","BTB (POZ) domain containing 6"
"Dr1",-0.265603915790283,0.736,"5","down-regulator of transcription 1"
"Klf6",-0.265583280666656,0.3184,"13","Kruppel-like factor 6"
"Ncam2",-0.265543403944836,0.6436,"16","neural cell adhesion molecule 2"
"Pdzrn4",-0.265474536895567,0.0552,"15","PDZ domain containing RING finger 4"
"Atp5o",0.265426638854883,0.4248,"16","ATP synthase, H+ transporting, mitochondrial F1 complex, O subunit"
"Aldh1b1",0.265394659217934,0.0072,"4","aldehyde dehydrogenase 1 family, member B1"
"A330009N23Rik",0.265335967588855,0.1752,"15","RIKEN cDNA A330009N23 gene"
"Chchd2",0.265315130471698,0.2828,"5","coiled-coil-helix-coiled-coil-helix domain containing 2"
"Alkbh7",0.265227567882814,0.1368,"17","alkB homolog 7"
"Ndst4",-0.265149157349291,0.6056,"3","N-deacetylase/N-sulfotransferase (heparin glucosaminyl) 4"
"Syce2",0.265065560726698,0.3756,"8","synaptonemal complex central element protein 2"
"Arhgap32",-0.265026259486956,0.428,"9","Rho GTPase activating protein 32"
"Tle5",0.26502341027037,0.5176,"10","TLE family member 5, transcriptional modulator"
"Tead1",-0.265005797099642,0.2728,"7","TEA domain family member 1"
"Tm9sf2",-0.264934834159954,0.4736,"14","transmembrane 9 superfamily member 2"
"Cebpa",0.264915963924718,0.2428,"7","CCAAT/enhancer binding protein (C/EBP), alpha"
"Cfap46",0.264914931424437,0.4828,"7","cilia and flagella associated protein 46"
"Llph",0.26490569855544,0.3116,"10","LLP homolog, long-term synaptic facilitation (Aplysia)"
"Rara",0.264824757600434,0.3952,"11","retinoic acid receptor, alpha"
"Lrfn1",0.264819840057302,0.0368,"7","leucine rich repeat and fibronectin type III domain containing 1"
"Cd24a",0.264816336587322,0.0984,"10","CD24a antigen"
"Ap1s1",0.264810197979823,0.4524,"5","adaptor protein complex AP-1, sigma 1"
"Cblb",-0.264364702209011,0.1644,"16","Casitas B-lineage lymphoma b"
"Acap2",-0.264187437830292,0.392,"16","ArfGAP with coiled-coil, ankyrin repeat and PH domains 2"
"Gnb2",0.26405605122707,0.3368,"5","guanine nucleotide binding protein (G protein), beta 2"
"Kcnn3",-0.264045614125968,0.558,"3","potassium intermediate/small conductance calcium-activated channel, subfamily N, member 3"
"Nap1l3",-0.264045070866537,0.7864,"X","nucleosome assembly protein 1-like 3"
"Prmt7",0.264035330285574,0.07,"8","protein arginine N-methyltransferase 7"
"Arid5b",-0.264028284502857,0.6316,"10","AT rich interactive domain 5B (MRF1-like)"
"Tcea2",0.264025764399976,0.2152,"2","transcription elongation factor A (SII), 2"
"Adgrb3",-0.263918668984547,0.678,"1","adhesion G protein-coupled receptor B3"
"Adipor2",0.263823448064813,0,"6","adiponectin receptor 2"
"Uap1l1",0.263820222634541,0.1672,"2","UDP-N-acteylglucosamine pyrophosphorylase 1-like 1"
"Tmem59l",0.26381131584202,0.2812,"8","transmembrane protein 59-like"
"Flt1",-0.263778904335688,0.584,"5","FMS-like tyrosine kinase 1"
"Pecr",0.263693273230113,0.1124,"1","peroxisomal trans-2-enoyl-CoA reductase"
"Ktn1",-0.263564596228125,0.292,"14","kinectin 1"
"Cd3eap",0.263382409059239,0.3596,"7","CD3E antigen, epsilon polypeptide associated protein"
"Slc35b2",0.26328093931552,0.2876,"17","solute carrier family 35, member B2"
"Pcsk1n",0.263163801843286,0.5388,"X","proprotein convertase subtilisin/kexin type 1 inhibitor"
"Pcdhga1",-0.263154077131031,0.5696,"18","protocadherin gamma subfamily A, 1"
"Tab2",-0.263111330092203,0.0264,"10","TGF-beta activated kinase 1/MAP3K7 binding protein 2"
"Efnb2",-0.263091622865766,0.3144,"8","ephrin B2"
"Rspo3",-0.263050163943193,0.1648,"10","R-spondin 3"
"Ppig",-0.26302089064748,0.16,"2","peptidyl-prolyl isomerase G (cyclophilin G)"
"Rbm41",-0.262955753723302,0.296,"X","RNA binding motif protein 41"
"Kdm4c",-0.262802474953995,0.3904,"4","lysine (K)-specific demethylase 4C"
"Shisa9",-0.26277672360875,0.2244,"16","shisa family member 9"
"Hes5",0.262698041605207,0.518,"4","hes family bHLH transcription factor 5"
"Mapk8ip1",0.262657832008625,0.288,"2","mitogen-activated protein kinase 8 interacting protein 1"
"Acsl3",-0.262594638519989,0.2208,"1","acyl-CoA synthetase long-chain family member 3"
"Mien1",0.262543737861671,0.4564,"11","migration and invasion enhancer 1"
"Il10rb",-0.26246623777313,0.2384,"16","interleukin 10 receptor, beta"
"Asb16",0.262368036584978,0.2884,"11","ankyrin repeat and SOCS box-containing 16"
"Mex3b",-0.2621052226704,0.3404,"7","mex3 RNA binding family member B"
"Tmem144",-0.262093701024534,0.1588,"3","transmembrane protein 144"
"Reep2",0.262075177602018,0.4416,"18","receptor accessory protein 2"
"Ccdc47",-0.261892312380046,0.4376,"11","coiled-coil domain containing 47"
"Tctn1",0.261857666046902,0.2004,"5","tectonic family member 1"
"Tinf2",0.261767737142109,0.0828,"14","Terf1 (TRF1)-interacting nuclear factor 2"
"Hace1",-0.261588658560432,0.7028,"10","HECT domain and ankyrin repeat containing, E3 ubiquitin protein ligase 1"
"Scai",-0.261572027666523,0.504,"2","suppressor of cancer cell invasion"
"Ntn4",-0.26155878399804,0.4368,"10","netrin 4"
"Nsmce2",0.261533324609802,0.0344,"15","NSE2/MMS21 homolog, SMC5-SMC6 complex SUMO ligase"
"Hyou1",-0.261516905939378,0.1604,"9","hypoxia up-regulated 1"
"Gdpd2",-0.261497760747358,0.3216,"X","glycerophosphodiester phosphodiesterase domain containing 2"
"Nudt19",0.261482587581659,0.2616,"7","nudix (nucleoside diphosphate linked moiety X)-type motif 19"
"Bgn",-0.261360738760088,0.3136,"X","biglycan"
"Fam229b",0.261358583508936,0.3728,"10","family with sequence similarity 229, member B"
"Papolg",-0.26131124333453,0.5664,"11","poly(A) polymerase gamma"
"Galt",0.261211485693836,0.3108,"4","galactose-1-phosphate uridyl transferase"
"Gucd1",0.261203822486974,0,"10","guanylyl cyclase domain containing 1"
"Gxylt1",-0.261186125791358,0.3616,"15","glucoside xylosyltransferase 1"
"Dgat2",0.261127302187068,0.024,"7","diacylglycerol O-acyltransferase 2"
"Shf",0.261087077706913,0.162,"2","Src homology 2 domain containing F"
"Pebp1",0.261081095854927,0.2736,"5","phosphatidylethanolamine binding protein 1"
"Klf12",-0.260950462622367,0.6088,"14","Kruppel-like factor 12"
"Nedd9",-0.260920533546739,0.2888,"13","neural precursor cell expressed, developmentally down-regulated gene 9"
"Bbs7",-0.260893470958687,0.1984,"3","Bardet-Biedl syndrome 7 (human)"
"L3mbtl3",-0.260892082635063,0.0456,"10","L3MBTL3 histone methyl-lysine binding protein"
"Gabrb2",-0.260821191415427,0.1864,"11","gamma-aminobutyric acid (GABA) A receptor, subunit beta 2"
"Zfp775",0.260789317684468,0.1444,"6","zinc finger protein 775"
"Gucy1b1",-0.260678853130738,0.6828,"3","guanylate cyclase 1, soluble, beta 1"
"B4galt1",0.260559320675641,0.1508,"4","UDP-Gal:betaGlcNAc beta 1,4- galactosyltransferase, polypeptide 1"
"Bicc1",-0.260264685909736,0.1892,"10","BicC family RNA binding protein 1"
"Osbpl8",-0.260246797478962,0.3636,"10","oxysterol binding protein-like 8"
"Fahd2a",0.260208338041732,0.2184,"2","fumarylacetoacetate hydrolase domain containing 2A"
"Dbi",0.259993611049707,0.3612,"1","diazepam binding inhibitor"
"Fat1",-0.259942723700151,0.2088,"8","FAT atypical cadherin 1"
"Kcng1",0.259857637302705,0.2712,"2","potassium voltage-gated channel, subfamily G, member 1"
"Cryl1",0.259807781211181,0.0964,"14","crystallin, lambda 1"
"Ccdc163",0.25980170559191,0.4316,"4","coiled-coil domain containing 163"
"Vps37d",0.259752118420603,0.3548,"5","vacuolar protein sorting 37D"
"Dbp",0.259743928953584,0.4604,"7","D site albumin promoter binding protein"
"Vit",0.259698397870186,0.1184,"17","vitrin"
"Timp3",-0.259664812333832,0.2528,"10","tissue inhibitor of metalloproteinase 3"
"Ncoa6",-0.259461322198736,0.1912,"2","nuclear receptor coactivator 6"
"Panx1",0.259424136721438,0.0196,"9","pannexin 1"
"Chrna5",-0.259302826574037,0.3548,"9","cholinergic receptor, nicotinic, alpha polypeptide 5"
"Ypel1",0.259301279602423,0.0528,"16","yippee like 1"
"Snrnp25",0.259240650789644,0.3052,"11","small nuclear ribonucleoprotein 25 (U11/U12)"
"Grm3",-0.259237816231405,0.2748,"5","glutamate receptor, metabotropic 3"
"Pcm1",-0.259170949116807,0.3972,"8","pericentriolar material 1"
"Opcml",-0.25915508995005,0.4544,"9","opioid binding protein/cell adhesion molecule-like"
"Phf6",-0.259125397058682,0.2888,"X","PHD finger protein 6"
"Eif3f",0.259023693515324,0.474,"7","eukaryotic translation initiation factor 3, subunit F"
"Pcp4",0.259002852424753,0.4316,"16","Purkinje cell protein 4"
"Slc17a7",0.258913824097233,0.1884,"7","solute carrier family 17 (sodium-dependent inorganic phosphate cotransporter), member 7"
"Rpl35a",0.258669550454922,0.5264,"16","ribosomal protein L35A"
"Rps13",0.258578277688512,0.4956,"7","ribosomal protein S13"
"Ppfia2",-0.258453391540019,0.3332,"10","protein tyrosine phosphatase, receptor type, f polypeptide (PTPRF), interacting protein (liprin), alpha 2"
"Chchd1",0.258403742061354,0.3884,"14","coiled-coil-helix-coiled-coil-helix domain containing 1"
"Marchf2",0.258184588660955,0.2368,"17","membrane associated ring-CH-type finger 2"
"Ndufv1",0.258129216260742,0.1184,"19","NADH:ubiquinone oxidoreductase core subunit V1"
"Asphd2",0.258075048310087,0.4684,"5","aspartate beta-hydroxylase domain containing 2"
"Tbl3",0.258044527487193,0.2496,"17","transducin (beta)-like 3"
"Sesn3",-0.258043103677685,0.3868,"9","sestrin 3"
"Phf7",0.258034303528448,0.1096,"14","PHD finger protein 7"
"Tbc1d23",-0.257987067371015,0.1584,"16","TBC1 domain family, member 23"
"Atp13a2",0.257874317426355,0.28,"4","ATPase type 13A2"
"Cox6a1",0.257837783033516,0.524,"5","cytochrome c oxidase subunit 6A1"
"Gpr62",0.257624872196048,0.378,"9","G protein-coupled receptor 62"
"Edf1",0.257597508837063,0.5256,"2","endothelial differentiation-related factor 1"
"Gask1a",-0.257550292408416,0.2012,"9","golgi associated kinase 1A"
"Prmt1",0.257476253638147,0.2704,"7","protein arginine N-methyltransferase 1"
"Fbxw4",0.257177223714731,0.344,"19","F-box and WD-40 domain protein 4"
"Cpq",-0.257143986923094,0.1548,"15","carboxypeptidase Q"
"Il17ra",-0.257087801212659,0.0412,"6","interleukin 17 receptor A"
"Folr1",-0.257081250355114,0.7784,"7","folate receptor 1 (adult)"
"Slc66a2",0.25706903365705,0.208,"18","solute carrier family 66 member 2"
"Ankrd45",-0.257066425692247,0.6176,"1","ankyrin repeat domain 45"
"Myt1l",-0.256994898187674,0.5496,"12","myelin transcription factor 1-like"
"Tmem184c",-0.256950159056048,0.0708,"8","transmembrane protein 184C"
"Nans",0.256852541222089,0.2104,"4","N-acetylneuraminic acid synthase (sialic acid synthase)"
"Adgrl3",-0.256735428389147,0.3072,"5","adhesion G protein-coupled receptor L3"
"Myl6",0.256575804593333,0.3552,"10","myosin, light polypeptide 6, alkali, smooth muscle and non-muscle"
"Mrps10",0.256559707284023,0.2564,"17","mitochondrial ribosomal protein S10"
"Taf10",0.256534394665008,0.4836,"7","TATA-box binding protein associated factor 10"
"Slc25a32",-0.256524449005843,0.4272,"15","solute carrier family 25, member 32"
"Grhpr",0.256430488596934,0.4048,"4","glyoxylate reductase/hydroxypyruvate reductase"
"Pid1",-0.256420879863471,0.342,"1","phosphotyrosine interaction domain containing 1"
"Mgat4b",0.256392270578307,0.282,"11","mannoside acetylglucosaminyltransferase 4, isoenzyme B"
"Uchl1",0.256381236993915,0.4128,"5","ubiquitin carboxy-terminal hydrolase L1"
"Actn1",-0.256352093082116,0.1744,"12","actinin, alpha 1"
"Lynx1",0.256222824466962,0.1756,"15","Ly6/neurotoxin 1"
"Wasl",-0.256205990690547,0.3004,"6","WASP like actin nucleation promoting factor"
"Grik5",0.25617545262913,0.496,"7","glutamate receptor, ionotropic, kainate 5 (gamma 2)"
"Tubd1",-0.25610043738643,0.252,"11","tubulin, delta 1"
"Znrd2",0.256098143427024,0.452,"19","zinc ribbon domain containing 2"
"Bop1",0.256048593633092,0,"15","block of proliferation 1"
"Endog",0.255996986644542,0.3136,"2","endonuclease G"
"Cep83",-0.255960225912487,0.0384,"10","centrosomal protein 83"
"Rps4x",0.255853428692729,0.4944,"X","ribosomal protein S4, X-linked"
"Rpl15",0.255849613269533,0.1596,"14","ribosomal protein L15"
"Ccdc12",0.255781703999765,0.548,"9","coiled-coil domain containing 12"
"Arvcf",0.25568896115957,0.0616,"16","armadillo repeat gene deleted in velocardiofacial syndrome"
"Zbtb44",-0.255664831353322,0.3468,"9","zinc finger and BTB domain containing 44"
"Cited2",-0.255448115986511,0.1016,"10","Cbp/p300-interacting transactivator, with Glu/Asp-rich carboxy-terminal domain, 2"
"Eci1",0.255428873662,0.3016,"17","enoyl-Coenzyme A delta isomerase 1"
"Zmym6",-0.255320660128671,0.3412,"4","zinc finger, MYM-type 6"
"Dgkh",-0.255265376360329,0.5652,"14","diacylglycerol kinase, eta"
"Rpl31",0.255211833283525,0.5768,"1","ribosomal protein L31"
"Stat1",-0.25513658346704,0.256,"1","signal transducer and activator of transcription 1"
"C630031E19Rik",0.255125488574113,0.4544,"12","RIKEN cDNA C630031E19 gene"
"Malt1",-0.255108804406464,0.1896,"18","MALT1 paracaspase"
"Mfsd5",0.255043494327063,0.3188,"15","major facilitator superfamily domain containing 5"
"Pcf11",-0.25501599555159,0.4928,"7","PCF11 cleavage and polyadenylation factor subunit"
"Tpm2",-0.255010153429562,0.394,"4","tropomyosin 2, beta"
"Wnt10a",0.254971568292209,0.2244,"1","wingless-type MMTV integration site family, member 10A"
"Nipbl",-0.254950604565304,0.4088,"15","NIPBL cohesin loading factor"
"Gabarap",0.254880464925154,0.4392,"11","gamma-aminobutyric acid receptor associated protein"
"Esyt3",-0.254853712495159,0.5048,"9","extended synaptotagmin-like protein 3"
"Adap2",-0.254820262443583,0.6792,"11","ArfGAP with dual PH domains 2"
"Itga9",-0.25477897676076,0.7264,"9","integrin alpha 9"
"Wrap53",0.254752197508405,0.2208,"11","WD repeat containing, antisense to Trp53"
"Kat6a",-0.254662742789342,0.4692,"8","K(lysine) acetyltransferase 6A"
"Samd8",-0.254560773925504,0.2872,"14","sterile alpha motif domain containing 8"
"Oprd1",-0.254466400801375,0.7056,"4","opioid receptor, delta 1"
"Fip1l1",-0.25429976886189,0.382,"5","FIP1 like 1 (S. cerevisiae)"
"Nkain1",0.254149020434261,0.3564,"4","Na+/K+ transporting ATPase interacting 1"
"Ndufs4",0.253931096208917,0.2892,"13","NADH:ubiquinone oxidoreductase core subunit S4"
"Spry2",-0.253922094002053,0.2368,"14","sprouty RTK signaling antagonist 2"
"Slc27a3",0.253911611285934,0.3208,"3","solute carrier family 27 (fatty acid transporter), member 3"
"Nedd8",0.253892029520151,0.3772,"14","neural precursor cell expressed, developmentally down-regulated gene 8"
"Tmem98",0.253845950902447,0.2584,"11","transmembrane protein 98"
"Pdgfa",0.253844130322652,0.2644,"5","platelet derived growth factor, alpha"
"Tsr3",0.253765115517357,0.4592,"17","TSR3 20S rRNA accumulation"
"Smdt1",0.253761345775132,0.4592,"15","single-pass membrane protein with aspartate rich tail 1"
"Srxn1",0.2537483199915,0.0736,"2","sulfiredoxin 1 homolog (S. cerevisiae)"
"Slc22a17",0.253721344618128,0.1168,"14","solute carrier family 22 (organic cation transporter), member 17"
"Tnni1",0.253698338583291,0.5256,"1","troponin I, skeletal, slow 1"
"Fmr1",-0.253668723363636,0.5304,"X","fragile X messenger ribonucleoprotein 1"
"Rcc1l",0.253654290298713,0.3504,"5","reculator of chromosome condensation 1 like"
"Cnp",0.253602757367906,0.3768,"11","2',3'-cyclic nucleotide 3' phosphodiesterase"
"Ndufb11",0.253479808305897,0.3216,"X","NADH:ubiquinone oxidoreductase subunit B11"
"Tafa5",0.253443319826713,0.1828,"15","TAFA chemokine like family member 5"
"Pcmtd2",-0.253312508803444,0.1224,"2","protein-L-isoaspartate (D-aspartate) O-methyltransferase domain containing 2"
"Klhdc4",0.253219807963458,0.4172,"8","kelch domain containing 4"
"Rasgrf1",-0.25314448569042,0,"9","RAS protein-specific guanine nucleotide-releasing factor 1"
"Tnfaip2",0.253120168475544,0.3936,"12","tumor necrosis factor, alpha-induced protein 2"
"Fbxo38",-0.253100492107141,0.4636,"18","F-box protein 38"
"Ptprb",-0.2530060877919,0.6172,"10","protein tyrosine phosphatase, receptor type, B"
"Btaf1",-0.252990293567745,0.0332,"19","B-TFIID TATA-box binding protein associated factor 1"
"Mif",0.252944616062709,0.3868,"10","macrophage migration inhibitory factor (glycosylation-inhibiting factor)"
"Esf1",-0.252856085673164,0.5108,"2","ESF1 nucleolar pre-rRNA processing protein homolog"
"Rpa2",0.252819325439521,0.1584,"4","replication protein A2"
"Anapc13",0.25278656400605,0.56,"9","anaphase promoting complex subunit 13"
"Gnl1",0.252745866856498,0.2612,"17","guanine nucleotide binding protein-like 1"
"Gamt",0.252721905030907,0.4004,"10","guanidinoacetate methyltransferase"
"Ylpm1",-0.252711989981684,0.4284,"12","YLP motif containing 1"
"Lamtor2",0.252690245388766,0.334,"3","late endosomal/lysosomal adaptor, MAPK and MTOR activator 2"
"Rpl37",0.252558312273501,0.5948,"15","ribosomal protein L37"
"Rpl37",0.252558312273501,0.5948,"15","ribosomal protein L37"
"Cox6a2",-0.252554535803292,0.4668,"7","cytochrome c oxidase subunit 6A2"
"Uqcrh",0.252544958311104,0.4392,"4","ubiquinol-cytochrome c reductase hinge protein"
"Arid4b",-0.252515494869249,0.524,"13","AT rich interactive domain 4B (RBP1-like)"
"Fbxl15",0.252500075529949,0.3076,"19","F-box and leucine-rich repeat protein 15"
"Tssc4",0.252478324593933,0.382,"7","tumor-suppressing subchromosomal transferable fragment 4"
"Kbtbd2",-0.252447398045392,0.2252,"6","kelch repeat and BTB (POZ) domain containing 2"
"Sgpp1",-0.25241191556678,0.078,"12","sphingosine-1-phosphate phosphatase 1"
"Scyl2",-0.252162047123117,0.5224,"10","SCY1-like 2 (S. cerevisiae)"
"Bhlhb9",-0.252130726462425,0.2488,"X","basic helix-loop-helix domain containing, class B9"
"Sardh",0.252039822155379,0.2944,"2","sarcosine dehydrogenase"
"Ten1",0.251946745267777,0.3376,"11","TEN1 telomerase capping complex subunit"
"Sult4a1",0.251897801854053,0.302,"15","sulfotransferase family 4A, member 1"
"Glo1",0.251873099702607,0.1736,"17","glyoxalase 1"
"Hint1",0.251854458131178,0.212,"11","histidine triad nucleotide binding protein 1"
"Pggt1b",-0.251797458390529,0.5264,"18","protein geranylgeranyltransferase type I, beta subunit"
"Olfm3",-0.25172110397849,0.4868,"3","olfactomedin 3"
"Tmem169",-0.251680352767726,0.4316,"1","transmembrane protein 169"
"Hrk",0.251679711102657,0.0896,"5","harakiri, BCL2 interacting protein (contains only BH3 domain)"
"Kxd1",0.251676020492678,0.2436,"8","KxDL motif containing 1"
"Lsm7",0.251596053219833,0.5156,"10","LSM7 homolog, U6 small nuclear RNA and mRNA degradation associated"
"Npepl1",0.251432445019149,0.3004,"2","aminopeptidase-like 1"
"Mfsd14b",-0.251418274788024,0.3204,"13","major facilitator superfamily domain containing 14B"
"Mul1",0.251402529480683,0.0092,"4","mitochondrial ubiquitin ligase activator of NFKB 1"
"Sstr3",0.251296010872266,0.2908,"15","somatostatin receptor 3"
"Serinc1",-0.251286517080734,0.2604,"10","serine incorporator 1"
"Tnks2",-0.25123929098099,0.3696,"19","tankyrase, TRF1-interacting ankyrin-related ADP-ribose polymerase 2"
"Mki67",-0.251076084314733,0.4072,"7","antigen identified by monoclonal antibody Ki 67"
"Lenep",0.251034385283843,0.6224,"3","lens epithelial protein"
"Tagln",-0.250983699594612,0.3648,"9","transgelin"
"Serp2",0.250967740539165,0.432,"14","stress-associated endoplasmic reticulum protein family member 2"
"Pum1",-0.250920315195469,0.0092,"4","pumilio RNA-binding family member 1"
"Cyc1",0.250913878897858,0.2188,"15","cytochrome c-1"
"Foxq1",-0.250887027541462,0.4612,"13","forkhead box Q1"
"Kat14",0.250883536320219,0.0284,"2","lysine acetyltransferase 14"
"Pcdh20",-0.250808798812844,0.6592,"14","protocadherin 20"
"Prrg1",-0.250600017271063,0.3412,"X","proline rich Gla (G-carboxyglutamic acid) 1"
"Eri3",0.250541309539543,0.3828,"4","exoribonuclease 3"
"Cdh11",-0.25053158313076,0.5208,"8","cadherin 11"
"Lrba",-0.250531176639057,0.374,"3","LPS-responsive beige-like anchor"
"Gpatch3",0.25042406148257,0.1524,"4","G patch domain containing 3"
"Zdhhc7",0.250377539099537,0.1636,"8","zinc finger, DHHC domain containing 7"
"Gpank1",0.250351398787177,0.2028,"17","G patch domain and ankyrin repeats 1"
"Lmbrd2",-0.250334785652592,0.766,"15","LMBR1 domain containing 2"
"Aste1",0.250288121572617,0.2268,"9","asteroid homolog 1"
"Slc6a6",-0.250244831150554,0.2,"6","solute carrier family 6 (neurotransmitter transporter, taurine), member 6"
"Tmed9",0.249998285156574,0.2028,"13","transmembrane p24 trafficking protein 9"
"Jcad",-0.249881299295156,0.3184,"18","junctional cadherin 5 associated"
"Nav2",-0.249879650353483,0.3496,"7","neuron navigator 2"
"Slc4a3",0.249824648170661,0.3724,"1","solute carrier family 4 (anion exchanger), member 3"
"Proca1",0.249762184823448,0.4276,"11","protein interacting with cyclin A1"
"Nmnat1",-0.249722179047341,0.0424,"4","nicotinamide nucleotide adenylyltransferase 1"
"Bola1",0.249514288417214,0.4772,"3","bolA-like 1 (E. coli)"
"Gpm6a",-0.249495969964997,0.2308,"8","glycoprotein m6a"
"Galns",0.24948623943896,0.3532,"8","galactosamine (N-acetyl)-6-sulfate sulfatase"
"Inhba",-0.249427423572138,0.7176,"13","inhibin beta-A"
"Aff4",-0.249425533876185,0.4888,"11","AF4/FMR2 family, member 4"
"Ric1",-0.249403210724225,0.5864,"19","RAB6A GEF complex partner 1"
"Tnc",-0.24936685013725,0.3428,"4","tenascin C"
"Chid1",0.249318147789355,0.0684,"7","chitinase domain containing 1"
"Ptbp2",-0.249309077933305,0.47,"3","polypyrimidine tract binding protein 2"
"Zc3h13",-0.24927554577327,0.3164,"14","zinc finger CCCH type containing 13"
"Fbn2",-0.249265028183288,0.1936,"18","fibrillin 2"
"Pde1c",-0.249243072734143,0.2912,"6","phosphodiesterase 1C"
"Emx1",0.249229470459945,0.4428,"6","empty spiracles homeobox 1"
"Nme1",0.249163065312303,0.2992,"11","NME/NM23 nucleoside diphosphate kinase 1"
"Mast4",-0.249132795760784,0.2964,"13","microtubule associated serine/threonine kinase family member 4"
"Fam13a",-0.249032564348828,0.1784,"6","family with sequence similarity 13, member A"
"Tnpo1",-0.248998421263014,0.648,"13","transportin 1"
"Tfg",-0.248974756303699,0.2344,"16","Trk-fused gene"
"Rpl17",0.248912761665457,0.5268,"18","ribosomal protein L17"
"Syt10",-0.248901488813009,0.7452,"15","synaptotagmin X"
"Ccng2",-0.248821322132594,0.594,"5","cyclin G2"
"Zfp619",-0.248766907591309,0.454,"7","zinc finger protein 619"
"Akr7a5",0.248754096742419,0.4084,"4","aldo-keto reductase family 7, member A5 (aflatoxin aldehyde reductase)"
"Herc2",-0.248605897057763,0.4344,"7","HECT and RLD domain containing E3 ubiquitin protein ligase 2"
"Plekhg1",-0.248571376279823,0.1896,"10","pleckstrin homology domain containing, family G (with RhoGef domain) member 1"
"Asap1",-0.248565796788917,0.3324,"15","ArfGAP with SH3 domain, ankyrin repeat and PH domain1"
"Wdr83",0.248512377775628,0.218,"8","WD repeat domain containing 83"
"R74862",0.248501716258072,0.2544,"7","expressed sequence R74862"
"Pcdh17",-0.248447489031958,0.4516,"14","protocadherin 17"
"Ccdc39",-0.248433553251886,0.4624,"3","coiled-coil domain containing 39"
"Gpn2",0.248415615392779,0.296,"4","GPN-loop GTPase 2"
"Ccnd1",-0.248410499640635,0.294,"7","cyclin D1"
"Golim4",-0.248355153582176,0.2912,"3","golgi integral membrane protein 4"
"Epha4",-0.248237704912189,0.594,"1","Eph receptor A4"
"Fst",0.248195978998573,0.5336,"13","follistatin"
"Svbp",0.248025456941003,0.492,"4","small vasohibin binding protein"
"Cdc25a",0.247964257027048,0.1244,"9","cell division cycle 25A"
"Haghl",0.247909954098147,0.4104,"17","hydroxyacylglutathione hydrolase-like"
"Grik4",0.247828886973513,0.1476,"9","glutamate receptor, ionotropic, kainate 4"
"Cpeb3",-0.247751640093323,0.524,"19","cytoplasmic polyadenylation element binding protein 3"
"Arl6ip4",0.247739338610868,0.4884,"5","ADP-ribosylation factor-like 6 interacting protein 4"
"Arhgdia",0.247692561860669,0.4216,"11","Rho GDP dissociation inhibitor (GDI) alpha"
"Rasl11b",0.247621099723264,0.0964,"5","RAS-like, family 11, member B"
"Krt18",-0.24756446587798,0.7464,"15","keratin 18"
"Magi3",-0.247540198782583,0.4672,"3","membrane associated guanylate kinase, WW and PDZ domain containing 3"
"Eif3i",0.247456379711623,0.2652,"4","eukaryotic translation initiation factor 3, subunit I"
"Asl",0.247400303580652,0.1132,"5","argininosuccinate lyase"
"Mydgf",0.247389795469555,0.2896,"17","myeloid derived growth factor"
"B4galt3",0.247371023174059,0.0856,"1","UDP-Gal:betaGlcNAc beta 1,4-galactosyltransferase, polypeptide 3"
"Atxn2l",-0.247200679779427,0.3672,"7","ataxin 2-like"
"Meg3",-0.247164364684997,0.4872,"12","maternally expressed 3"
"Pde5a",-0.247095912644625,0.1628,"3","phosphodiesterase 5A, cGMP-specific"
"Abcb7",-0.246969531769738,0.0376,"X","ATP-binding cassette, sub-family B (MDR/TAP), member 7"
"Togaram1",-0.246885250020433,0.624,"12","TOG array regulator of axonemal microtubules 1"
"Irf2",-0.246875886598179,0.0444,"8","interferon regulatory factor 2"
"Mbd5",-0.24673298601372,0.4004,"2","methyl-CpG binding domain protein 5"
"Sos1",-0.246699384504762,0.4608,"17","SOS Ras/Rac guanine nucleotide exchange factor 1"
"Slc26a8",0.246695509885519,0.2612,"17","solute carrier family 26, member 8"
"Acbd6",0.246612243246909,0.2372,"1","acyl-Coenzyme A binding domain containing 6"
"Rtn4r",0.246602014298883,0.368,"16","reticulon 4 receptor"
"Mrpl43",0.246458286217529,0.2428,"19","mitochondrial ribosomal protein L43"
"Oxa1l",0.246388990340573,0.1704,"14","oxidase assembly 1-like"
"Smarca2",-0.246354925660894,0.0124,"19","SWI/SNF related, matrix associated, actin dependent regulator of chromatin, subfamily a, member 2"
"Abhd8",0.246352087028861,0.3736,"8","abhydrolase domain containing 8"
"B4galnt4",0.246349677663297,0.1044,"7","beta-1,4-N-acetyl-galactosaminyl transferase 4"
"Mars2",-0.246348101061076,0.4908,"1","methionine-tRNA synthetase 2 (mitochondrial)"
"Wbp1",0.246338333014561,0.3804,"6","WW domain binding protein 1"
"Dll1",-0.246320881841227,0.0564,"17","delta like canonical Notch ligand 1"
"Ttll6",0.246318476274206,0.4836,"11","tubulin tyrosine ligase-like family, member 6"
"Dhx36",-0.246170153834133,0.5624,"3","DEAH (Asp-Glu-Ala-His) box polypeptide 36"
"Elp5",0.246151715355801,0.4076,"11","elongator acetyltransferase complex subunit 5"
"Tgfb2",-0.24613477881247,0.2464,"1","transforming growth factor, beta 2"
"Taldo1",0.24598837770527,0.4448,"7","transaldolase 1"
"Zfp346",0.245901967162329,0.0344,"13","zinc finger protein 346"
"Cabp1",0.245868329379216,0.4888,"5","calcium binding protein 1"
"Tra2a",-0.24580891046226,0.2888,"6","transformer 2 alpha"
"Timm50",0.245684525053753,0.22,"7","translocase of inner mitochondrial membrane 50"
"Pkd1l3",-0.245674357625311,0.4508,"8","polycystic kidney disease 1 like 3"
"Orai2",0.24565301235223,0.206,"5","ORAI calcium release-activated calcium modulator 2"
"Stt3a",-0.245641668674818,0.0296,"9","STT3, subunit of the oligosaccharyltransferase complex, homolog A (S. cerevisiae)"
"Sebox",0.245568605387243,0.2708,"11","SEBOX homeobox"
"Mrpl27",0.245545868477808,0.3236,"11","mitochondrial ribosomal protein L27"
"Zmynd10",0.245542322895182,0.3244,"9","zinc finger, MYND domain containing 10"
"Gdap1l1",0.24553749103498,0.3964,"2","ganglioside-induced differentiation-associated protein 1-like 1"
"Chml",-0.245402911168852,0.394,"1","choroideremia-like"
"Cdk17",-0.245331577700185,0.654,"10","cyclin-dependent kinase 17"
"Stmn4",0.245197893164289,0.4396,"14","stathmin-like 4"
"Emilin2",0.245125665014148,0.2008,"17","elastin microfibril interfacer 2"
"Echs1",0.245116789015914,0.0488,"7","enoyl Coenzyme A hydratase, short chain, 1, mitochondrial"
"Ddx5",-0.245044998199822,0.2404,"11","DEAD box helicase 5"
"Borcs6",0.245031402029259,0.2824,"11","BLOC-1 related complex subunit 6"
"Ide",-0.245023992713553,0.1832,"19","insulin degrading enzyme"
"Mdc1",-0.244999111207807,0.3244,"17","mediator of DNA damage checkpoint 1"
"Polr2f",0.244958107249892,0.52,"15","polymerase (RNA) II (DNA directed) polypeptide F"
"Ly6e",0.244912016049423,0.3224,"15","lymphocyte antigen 6 complex, locus E"
"Eml3",0.244882116878093,0.2028,"19","echinoderm microtubule associated protein like 3"
"Tsen54",0.244841069177101,0.2024,"11","tRNA splicing endonuclease subunit 54"
"Map3k13",-0.244827902008234,0.6028,"16","mitogen-activated protein kinase kinase kinase 13"
"Slc25a39",0.244790287622419,0.494,"11","solute carrier family 25, member 39"
"Kcnc2",-0.244716262007504,0.2408,"10","potassium voltage gated channel, Shaw-related subfamily, member 2"
"Nop10",0.244689467172789,0.4396,"2","NOP10 ribonucleoprotein"
"Tle4",-0.244679967806465,0.338,"19","transducin-like enhancer of split 4"
"Atxn2",-0.244674936003006,0.0448,"5","ataxin 2"
"Kmt2a",-0.244533321478095,0.448,"9","lysine (K)-specific methyltransferase 2A"
"Macf1",-0.244516456883524,0.3452,"4","microtubule-actin crosslinking factor 1"
"Rpl7",0.244459151760409,0.324,"1","ribosomal protein L7"
"Usp20",0.244454909504491,0.0276,"2","ubiquitin specific peptidase 20"
"Slc35a3",-0.244420583745205,0.4292,"3","solute carrier family 35 (UDP-N-acetylglucosamine (UDP-GlcNAc) transporter), member 3"
"Fn3k",0.244399072436002,0.0496,"11","fructosamine 3 kinase"
"Gtpbp6",0.244393536235838,0.1192,"5","GTP binding protein 6 (putative)"
"Nupl2",0.244380761759972,0.0328,"5","nucleoporin like 2"
"Tmem266",0.244324164298623,0.2528,"9","transmembrane protein 266"
"Itsn2",-0.244292422798339,0.5232,"12","intersectin 2"
"Mynn",-0.244231950699444,0.1772,"3","myoneurin"
"Mlycd",0.244179699044982,0.0984,"8","malonyl-CoA decarboxylase"
"Fgfr1op2",-0.244175035227535,0.008,"6","FGFR1 oncogene partner 2"
"Tprn",0.243998067686666,0.3436,"2","taperin"
"Sspo",0.243877367611658,0.5532,"6","SCO-spondin"
"Sipa1l3",-0.243873379961187,0.0476,"7","signal-induced proliferation-associated 1 like 3"
"Herc3",-0.243863567953839,0.7492,"6","hect domain and RLD 3"
"Cpeb2",-0.243802387066107,0.3688,"5","cytoplasmic polyadenylation element binding protein 2"
"Srek1",-0.243779110648382,0.5124,"13","splicing regulatory glutamine/lysine-rich protein 1"
"Terf1",-0.24377414777324,0.1212,"1","telomeric repeat binding factor 1"
"Nr2e1",-0.243670232777247,0,"10","nuclear receptor subfamily 2, group E, member 1"
"Virma",-0.243461304992629,0.3784,"4","vir like m6A methyltransferase associated"
"Nckap5",-0.243458654755774,0.166,"1","NCK-associated protein 5"
"Adcy7",-0.243408269547236,0.3968,"8","adenylate cyclase 7"
"Gpr17",-0.24337266692742,0.4076,"18","G protein-coupled receptor 17"
"Ankrd9",0.243336713496811,0.2168,"12","ankyrin repeat domain 9"
"Notch1",-0.243236009172386,0.3604,"2","notch 1"
"Ramp1",0.24319954040154,0.3924,"1","receptor (calcitonin) activity modifying protein 1"
"Htr1b",-0.243171323761078,0.366,"9","5-hydroxytryptamine (serotonin) receptor 1B"
"Penk",-0.243131572897926,0.3752,"4","preproenkephalin"
"Mfsd10",0.243120568818197,0.3808,"5","major facilitator superfamily domain containing 10"
"Phip",-0.2430862325981,0.3984,"9","pleckstrin homology domain interacting protein"
"Pomgnt1",0.243070318479869,0.0268,"4","protein O-linked mannose beta 1,2-N-acetylglucosaminyltransferase"
"Pomgnt1",0.243070318479869,0.0268,"4","protein O-linked mannose beta 1,2-N-acetylglucosaminyltransferase"
"Adat1",-0.243052068314592,0.1892,"8","adenosine deaminase, tRNA-specific 1"
"Entpd3",0.242994338708781,0.1824,"9","ectonucleoside triphosphate diphosphohydrolase 3"
"Fry",-0.242968898579844,0.4176,"5","FRY microtubule binding protein"
"Pus3",0.242834527880836,0.176,"9","pseudouridine synthase 3"
"Donson",-0.242755112614949,0.19,"16","downstream neighbor of SON"
"Wnt9a",0.242693651965428,0.3396,"11","wingless-type MMTV integration site family, member 9A"
"Car7",0.242671659270283,0.4108,"8","carbonic anhydrase 7"
"Cspp1",-0.242647275448038,0.324,"1","centrosome and spindle pole associated protein 1"
"Dnlz",0.242590692171569,0.4028,"2","DNL-type zinc finger"
"Gcat",0.242587520996315,0.38,"15","glycine C-acetyltransferase (2-amino-3-ketobutyrate-coenzyme A ligase)"
"Gcat",0.242587520996315,0.38,"15","glycine C-acetyltransferase (2-amino-3-ketobutyrate-coenzyme A ligase)"
"Dzip3",-0.24258660640656,0.4268,"16","DAZ interacting protein 3, zinc finger"
"Zcchc17",0.242561248723806,0.3976,"4","zinc finger, CCHC domain containing 17"
"Zfp521",-0.24252918342301,0.1364,"18","zinc finger protein 521"
"Ptprm",-0.242467764419286,0.4104,"17","protein tyrosine phosphatase, receptor type, M"
"Carmil1",-0.242462888675449,0.178,"13","capping protein regulator and myosin 1 linker 1"
"Ndufb6",0.242373950365494,0.2216,"4","NADH:ubiquinone oxidoreductase subunit B6"
"Kctd16",-0.24231949296506,0.3256,"18","potassium channel tetramerisation domain containing 16"
"Ano10",0.242304612383354,0.1304,"9","anoctamin 10"
"Cnot6l",-0.242303544521183,0.2924,"5","CCR4-NOT transcription complex, subunit 6-like"
"Cybrd1",0.242139550607197,0.09,"2","cytochrome b reductase 1"
"Sertad1",0.242086425429937,0.4092,"7","SERTA domain containing 1"
"Srsf1",-0.24208075641707,0.1768,"11","serine and arginine-rich splicing factor 1"
"Miga2",0.241986736334796,0.1044,"2","mitoguardin 2"
"Dgkb",-0.241868834293403,0.4404,"12","diacylglycerol kinase, beta"
"Ndufb2",0.241862720127746,0.4524,"6","NADH:ubiquinone oxidoreductase subunit B2"
"Ago2",-0.241855919471894,0.648,"15","argonaute RISC catalytic subunit 2"
"Hnrnph2",-0.241841784709775,0.264,"X","heterogeneous nuclear ribonucleoprotein H2"
"Rapgef2",-0.241806391306254,0.61,"3","Rap guanine nucleotide exchange factor (GEF) 2"
"Tbr1",-0.241649565461414,0.554,"2","T-box brain transcription factor 1"
"Marcks",-0.241576835252047,0.0356,"10","myristoylated alanine rich protein kinase C substrate"
"Caprin1",-0.241573468206413,0.3636,"2","cell cycle associated protein 1"
"Gpr37",-0.241173326795,0.2212,"6","G protein-coupled receptor 37"
"Osbpl7",0.241172761665639,0.4092,"11","oxysterol binding protein-like 7"
"Fmnl2",-0.241121575386164,0.106,"2","formin-like 2"
"Psma7",0.241050439312447,0.3108,"2","proteasome subunit alpha 7"
"Selenbp1",0.241001889553201,0.1368,"3","selenium binding protein 1"
"Arpc4",0.240932944950187,0.3364,"6","actin related protein 2/3 complex, subunit 4"
"Scn2a",-0.240901994697755,0.5712,"2","sodium channel, voltage-gated, type II, alpha"
"Lactb2",-0.240888162499228,0.5528,"1","lactamase, beta 2"
"Tmem265",0.240691047032877,0.3512,"7","transmembrane protein 265"
"Ciao3",0.240673817950252,0.0968,"17","cytosolic iron-sulfur assembly component 3"
"Lyplal1",-0.240632573711186,0.2532,"1","lysophospholipase-like 1"
"Ythdc1",-0.240402566986899,0.2652,"5","YTH domain containing 1"
"Prpf38b",-0.24037127361558,0.1384,"3","PRP38 pre-mRNA processing factor 38 (yeast) domain containing B"
"Tgfb1i1",0.240179880254161,0.1424,"7","transforming growth factor beta 1 induced transcript 1"
"Gm11696",0.240174651999726,0.4296,"11","predicted gene 11696"
"Saraf",0.240034979007527,0.0776,"8","store-operated calcium entry-associated regulatory factor"
"Mycbpap",0.240032197392523,0.4576,"11","MYCBP associated protein"
"Timm9",0.239967215397098,0.3104,"12","translocase of inner mitochondrial membrane 9"
"Lysmd3",-0.239772965570401,0.5964,"13","LysM, putative peptidoglycan-binding, domain containing 3"
"Rell2",0.239755531206997,0.1684,"18","RELT-like 2"
"Rundc3a",0.239704119990792,0.4828,"11","RUN domain containing 3A"
"Mir1900",-0.239574791129957,0.4308,"9","microRNA 1900"
"Tcta",0.239502074624933,0.3396,"9","T cell leukemia translocation altered gene"
"Irs2",-0.239456912533125,0.3348,"8","insulin receptor substrate 2"
"Pi4k2a",0.239448322397994,0.0408,"19","phosphatidylinositol 4-kinase type 2 alpha"
"Vamp8",0.239382623716959,0.232,"6","vesicle-associated membrane protein 8"
"Arpc1b",0.239272683582248,0.2168,"5","actin related protein 2/3 complex, subunit 1B"
"Eef1a1",0.239245594453523,0.2188,"9","eukaryotic translation elongation factor 1 alpha 1"
"Sema5a",-0.239230455376015,0.3404,"15","sema domain, seven thrombospondin repeats (type 1 and type 1-like), transmembrane domain (TM) and short cytoplasmic domain, (semaphorin) 5A"
"Cuedc2",0.239225380569835,0.486,"19","CUE domain containing 2"
"Ndc1",-0.239223822630692,0.504,"4","NDC1 transmembrane nucleoporin"
"Alkbh8",-0.23911072751352,0.6612,"9","alkB homolog 8, tRNA methyltransferase"
"Parp9",-0.239100954038003,0.4276,"16","poly (ADP-ribose) polymerase family, member 9"
"Gsg1l",-0.239087252390119,0.1296,"7","GSG1-like"
"A830082K12Rik",-0.239056905742242,0.1956,"13","RIKEN cDNA A830082K12 gene"
"Slc16a7",-0.238993838169954,0.5892,"10","solute carrier family 16 (monocarboxylic acid transporters), member 7"
"Rps10",0.238923017687359,0.4496,"17","ribosomal protein S10"
"Cox5a",0.238901867774995,0.1384,"9","cytochrome c oxidase subunit 5A"
"Bfsp2",-0.238850275630056,0.548,"9","beaded filament structural protein 2, phakinin"
"Rplp2",0.238788340538479,0.5704,"7","ribosomal protein, large P2"
"Zranb2",-0.23876588807951,0.412,"3","zinc finger, RAN-binding domain containing 2"
"Dnah6",0.238734946062063,0.4716,"6","dynein, axonemal, heavy chain 6"
"Zfas1",0.238683569856936,0.5596,"2","zinc finger, NFX1-type containing 1, antisense RNA 1"
"Nhlh1",-0.238652277239081,0.5564,"1","nescient helix loop helix 1"
"Rpl14",0.238646262684475,0.5864,"9","ribosomal protein L14"
"Cacnb4",-0.238589129911385,0.4384,"2","calcium channel, voltage-dependent, beta 4 subunit"
"Elk3",-0.238526237758684,0.1108,"10","ELK3, member of ETS oncogene family"
"Rgs6",0.238420652469962,0.024,"12","regulator of G-protein signaling 6"
"Ninj1",0.238403651847323,0.1676,"13","ninjurin 1"
"Tcf12",-0.238297261239248,0.4844,"9","transcription factor 12"
"Hhip",-0.238282791963554,0.4184,"8","Hedgehog-interacting protein"
"Asah1",-0.238269262560094,0.2996,"8","N-acylsphingosine amidohydrolase 1"
"Rsbn1",-0.238209958683774,0.7064,"3","rosbin, round spermatid basic protein 1"
"Endod1",0.238169397235644,0.0028,"9","endonuclease domain containing 1"
"Mbnl1",-0.238154716757191,0,"3","muscleblind like splicing factor 1"
"Shb",0.238034572073507,0.3768,"4","src homology 2 domain-containing transforming protein B"
"Fam234a",0.238019355457385,0.3464,"17","family with sequence similarity 234, member A"
"Celf5",-0.237917518185759,0.1272,"10","CUGBP, Elav-like family member 5"
"Srrd",0.237882718130851,0.2492,"5","SRR1 domain containing"
"Gcsh",0.237718824318423,0.3464,"8","glycine cleavage system protein H (aminomethyl carrier)"
"Inpp5j",0.237645155418258,0.1868,"11","inositol polyphosphate 5-phosphatase J"
"Arhgef11",-0.237640872160429,0.4484,"3","Rho guanine nucleotide exchange factor (GEF) 11"
"Eif3m",0.23761698125861,0.1044,"2","eukaryotic translation initiation factor 3, subunit M"
"Pls3",-0.237580174742493,0.2412,"X","plastin 3 (T-isoform)"
"Ttll11",0.23752486205122,0.0584,"2","tubulin tyrosine ligase-like family, member 11"
"BC029722",0.237495389596976,0.2124,"2","cDNA sequence BC029722"
"Txnl4a",0.237419928793582,0.374,"18","thioredoxin-like 4A"
"Txn1",0.237417072995776,0.206,"4","thioredoxin 1"
"Cars2",0.237398246455508,0.066,"8","cysteinyl-tRNA synthetase 2 (mitochondrial)(putative)"
"Snf8",0.237392737257614,0.522,"11","SNF8, ESCRT-II complex subunit, homolog (S. cerevisiae)"
"Thoc2l",-0.237390066370421,0.3176,"5","THO complex subunit 2-like"
"Ccm2",0.237358330645536,0.3384,"11","cerebral cavernous malformation 2"
"Robo1",-0.237161861281002,0.6436,"16","roundabout guidance receptor 1"
"Ift20",0.23715210976165,0.4052,"11","intraflagellar transport 20"
"Atn1",-0.237077809028734,0,"6","atrophin 1"
"Atg101",0.237057187501517,0.3624,"15","autophagy related 101"
"Spint2",0.237055426825596,0.4548,"7","serine protease inhibitor, Kunitz type 2"
"Tfcp2l1",0.237011439105486,0.4028,"1","transcription factor CP2-like 1"
"Rps19bp1",0.236994612104574,0.584,"15","ribosomal protein S19 binding protein 1"
"Magi2",-0.236865150991786,0.2788,"5","membrane associated guanylate kinase, WW and PDZ domain containing 2"
"Ube2d1",-0.236797585835086,0.18,"10","ubiquitin-conjugating enzyme E2D 1"
"Fam98c",0.236773576211053,0.0884,"7","family with sequence similarity 98, member C"
"Tmem229b",0.236730676921624,0.0316,"12","transmembrane protein 229B"
"Map3k14",0.236672322689075,0.1024,"11","mitogen-activated protein kinase kinase kinase 14"
"Mob2",0.236636629772918,0.2328,"7","MOB kinase activator 2"
"Zfp326",-0.236567818301568,0.3328,"5","zinc finger protein 326"
"Nup35",0.236513085762452,0.2676,"2","nucleoporin 35"
"Rab1b",0.236473872566782,0.3692,"19","RAB1B, member RAS oncogene family"
"Sall3",-0.236422915634888,0.2916,"18","spalt like transcription factor 3"
"Ppm1m",0.236412244678557,0.2804,"9","protein phosphatase 1M"
"Emx2",-0.236329928440569,0.1288,"19","empty spiracles homeobox 2"
"Ube2m",0.236322352771963,0.4036,"7","ubiquitin-conjugating enzyme E2M"
"Kcnip1",0.23595218550355,0.0148,"11","Kv channel-interacting protein 1"
"Cox7c",0.235910045746791,0.4444,"13","cytochrome c oxidase subunit 7C"
"Atpif1",0.235865418936516,0.2904,"4","ATPase inhibitory factor 1"
"Igfbp7",-0.23583104009335,0.3364,"5","insulin-like growth factor binding protein 7"
"Stk16",0.23581491914458,0.2536,"1","serine/threonine kinase 16"
"Ak7",0.23573321429903,0.4212,"12","adenylate kinase 7"
"Ints6",-0.235730458709857,0.4168,"14","integrator complex subunit 6"
"Trnt1",-0.235638819161907,0.38,"6","tRNA nucleotidyl transferase, CCA-adding, 1"
"Manf",-0.235636185554501,0.2432,"9","mesencephalic astrocyte-derived neurotrophic factor"
"Msto1",0.235434396550242,0.104,"3","misato 1, mitochondrial distribution and morphology regulator"
"Clpp",0.235379486616059,0.4988,"17","caseinolytic mitochondrial matrix peptidase proteolytic subunit"
"Pex16",0.235375866696815,0.2152,"2","peroxisomal biogenesis factor 16"
"Lratd2",-0.235320925002376,0.4012,"15","LRAT domain containing 1"
"Rdh5",-0.235311391582194,0.6512,"10","retinol dehydrogenase 5"
"Tcp11l1",-0.235258262634385,0.6128,"2","t-complex 11 like 1"
"Dcaf1",-0.235244294533551,0.2148,"9","DDB1 and CUL4 associated factor 1"
"Pcdhga4",-0.235179380060926,0.6136,"18","protocadherin gamma subfamily A, 4"
"Trim36",-0.235111206774092,0.3816,"18","tripartite motif-containing 36"
"Cdc42ep2",0.235100648698017,0.5108,"19","CDC42 effector protein (Rho GTPase binding) 2"
"Piga",-0.235086477162083,0.2056,"X","phosphatidylinositol glycan anchor biosynthesis, class A"
"Arhgap22",0.234983760105921,0.2092,"14","Rho GTPase activating protein 22"
"Slitrk1",-0.234959642368763,0.3752,"14","SLIT and NTRK-like family, member 1"
"Map1b",-0.234905746546081,0.34,"13","microtubule-associated protein 1B"
"Cmip",-0.234891089990406,0.0792,"8","c-Maf inducing protein"
"Shisa6",-0.234789017450098,0.452,"11","shisa family member 6"
"Plppr5",-0.234683975141742,0.036,"3","phospholipid phosphatase related 5"
"Sp4",-0.234679729347655,0.3424,"12","trans-acting transcription factor 4"
"Ssr3",-0.234675707975961,0.1668,"3","signal sequence receptor, gamma"
"Nbea",-0.234667516408448,0.5092,"3","neurobeachin"
"Anxa4",-0.234644480265703,0.0964,"6","annexin A4"
"Sox6",-0.234592390040544,0.2548,"7","SRY (sex determining region Y)-box 6"
"2410002F23Rik",0.23458820163753,0.0504,"7","RIKEN cDNA 2410002F23 gene"
"Psmb5",0.234555235362305,0.1636,"14","proteasome (prosome, macropain) subunit, beta type 5"
"Luzp2",-0.234528030785037,0.0512,"7","leucine zipper protein 2"
"Qpct",-0.234489192530966,0.628,"17","glutaminyl-peptide cyclotransferase (glutaminyl cyclase)"
"Nedd1",-0.234482738766051,0.1016,"10","neural precursor cell expressed, developmentally down-regulated gene 1"
"Atp5j",0.234449756659544,0.3608,"16","ATP synthase, H+ transporting, mitochondrial F0 complex, subunit F"
"Gadd45g",0.234419098794866,0.5064,"13","growth arrest and DNA-damage-inducible 45 gamma"
"Rif1",-0.234352266808704,0.6116,"2","replication timing regulatory factor 1"
"Rasa1",-0.234338597250315,0.6216,"13","RAS p21 protein activator 1"
"Arhgap18",-0.234309013512978,0.0028,"10","Rho GTPase activating protein 18"
"Mblac2",-0.234117307337212,0.2356,"13","metallo-beta-lactamase domain containing 2"
"Lin7c",-0.23405230150591,0.292,"2","lin-7 homolog C, crumbs cell polarity complex component"
"Mylip",-0.234013870080545,0.172,"13","myosin regulatory light chain interacting protein"
"Sox13",-0.233992646715846,0.1936,"1","SRY (sex determining region Y)-box 13"
"Ccdc112",-0.233984485129022,0.4768,"18","coiled-coil domain containing 112"
"Gstm6",0.233835915095924,0.4388,"3","glutathione S-transferase, mu 6"
"Aqr",-0.233811238800575,0.4508,"2","aquarius"
"Wwtr1",-0.233802470376927,0.0164,"3","WW domain containing transcription regulator 1"
"Otud6b",-0.233791051118185,0.094,"4","OTU domain containing 6B"
"Tmub1",0.233756677896942,0.3432,"5","transmembrane and ubiquitin-like domain containing 1"
"Prpf39",-0.233724167359057,0.3304,"12","pre-mRNA processing factor 39"
"Kcnk4",0.233696364634206,0.0028,"19","potassium channel, subfamily K, member 4"
"Snhg12",0.233660635518671,0.5048,"4","small nucleolar RNA host gene 12"
"Ptgs2",-0.233609754041911,0.5612,"1","prostaglandin-endoperoxide synthase 2"
"Dock5",-0.233571668404384,0.2952,"14","dedicator of cytokinesis 5"
"Hecw1",-0.233415814206658,0.4932,"13","HECT, C2 and WW domain containing E3 ubiquitin protein ligase 1"
"Gbe1",-0.233394792489691,0.484,"16","glucan (1,4-alpha-), branching enzyme 1"
"Tmed3",0.233319357588003,0.3888,"9","transmembrane p24 trafficking protein 3"
"Larp4",-0.233302963240013,0.4908,"15","La ribonucleoprotein 4"
"Rfc3",-0.233293374955923,0.0648,"5","replication factor C (activator 1) 3"
"Zbtb14",-0.233248630011337,0.1412,"17","zinc finger and BTB domain containing 14"
"Fam13c",-0.233204176941406,0.7432,"10","family with sequence similarity 13, member C"
"Arnt",-0.233168254021419,0.4684,"3","aryl hydrocarbon receptor nuclear translocator"
"Kctd17",0.23315909052407,0.4432,"15","potassium channel tetramerisation domain containing 17"
"Cdk4",0.233133996023868,0.1264,"10","cyclin-dependent kinase 4"
"Rbck1",0.233090609284052,0.4356,"2","RanBP-type and C3HC4-type zinc finger containing 1"
"Ash1l",-0.233074277476257,0.5372,"3","ASH1 like histone lysine methyltransferase"
"Brd4",-0.233073159691023,0.1016,"17","bromodomain containing 4"
"Pkn1",0.233057831602607,0.2344,"8","protein kinase N1"
"Nrip3",0.233030631819247,0.1664,"7","nuclear receptor interacting protein 3"
"Cercam",0.232968156379348,0.3768,"2","cerebral endothelial cell adhesion molecule"
"Hs6st2",-0.232781970146611,0.4164,"X","heparan sulfate 6-O-sulfotransferase 2"
"Fam83d",0.232751796554628,0.3404,"2","family with sequence similarity 83, member D"
"Lrch3",-0.2327037209593,0.548,"16","leucine-rich repeats and calponin homology (CH) domain containing 3"
"Thrsp",0.232684249149179,0.3904,"7","thyroid hormone responsive"
"Cfap126",0.232615022417019,0.2924,"1","cilia and flagella associated protein 126"
"Smc3",-0.232564656917377,0.462,"19","structural maintenance of chromosomes 3"
"H2-T23",0.232536291790542,0.4272,"17","histocompatibility 2, T region locus 23"
"Aldh1l1",0.232490798831054,0.0636,"6","aldehyde dehydrogenase 1 family, member L1"
"Zfp644",-0.232468781528006,0.5464,"5","zinc finger protein 644"
"Gcc2",-0.23236981326375,0.694,"10","GRIP and coiled-coil domain containing 2"
"Igf2",-0.232362327974408,0.7128,"7","insulin-like growth factor 2"
"Smim7",0.232157435782427,0.2028,"8","small integral membrane protein 7"
"Bbc3",0.232138367846868,0.4956,"7","BCL2 binding component 3"
"Mtif2",-0.232118906581399,0.1024,"11","mitochondrial translational initiation factor 2"
"A430005L14Rik",0.232085851439995,0.484,"4","RIKEN cDNA A430005L14 gene"
"Ebag9",-0.232080440545933,0.0476,"15","estrogen receptor-binding fragment-associated gene 9"
"Prex2",-0.232060873496636,0.2684,"1","phosphatidylinositol-3,4,5-trisphosphate-dependent Rac exchange factor 2"
"Dusp6",-0.232053209538429,0.276,"10","dual specificity phosphatase 6"
"Sdc4",0.232005660491459,0.3156,"2","syndecan 4"
"Eif3k",0.231971662294344,0.4736,"7","eukaryotic translation initiation factor 3, subunit K"
"Hcfc1",-0.231969673651945,0.4152,"X","host cell factor C1"
"Birc6",-0.231955458690483,0.5352,"17","baculoviral IAP repeat-containing 6"
"Gas6",0.231945344544484,0.0084,"8","growth arrest specific 6"
"Pcdhga9",-0.231860879490259,0.6488,"18","protocadherin gamma subfamily A, 9"
"2310057M21Rik",-0.23157635541886,0.5184,"7","RIKEN cDNA 2310057M21 gene"
"Stard5",0.231526630149092,0.1456,"7","StAR-related lipid transfer (START) domain containing 5"
"Slc25a36",-0.231512463897279,0.6032,"9","solute carrier family 25, member 36"
"Srsf11",-0.231460270196255,0.3184,"3","serine and arginine-rich splicing factor 11"
"Tbkbp1",0.231455259325124,0.3992,"11","TBK1 binding protein 1"
"Nptx1",-0.23145072178651,0.0976,"11","neuronal pentraxin 1"
"Ndufab1",0.231399623293144,0.1964,"7","NADH:ubiquinone oxidoreductase subunit AB1"
"Akr1a1",0.231329931479039,0.162,"4","aldo-keto reductase family 1, member A1 (aldehyde reductase)"
"Pcdhgc5",-0.231296746505256,0.6628,"18","protocadherin gamma subfamily C, 5"
"Pgpep1",0.231206274340803,0.2028,"8","pyroglutamyl-peptidase I"
"Grik3",-0.231068509476192,0.4,"4","glutamate receptor, ionotropic, kainate 3"
"Mfsd14a",-0.231066041422278,0.8992,"3","major facilitator superfamily domain containing 14A"
"Atxn7l1",-0.23096700230256,0.0028,"12","ataxin 7-like 1"
"Cacybp",-0.230888419674437,0.0632,"1","calcyclin binding protein"
"Ermn",-0.230849964873581,0.336,"2","ermin, ERM-like protein"
"Kpna4",-0.230826730876943,0.5292,"3","karyopherin (importin) alpha 4"
"Rbbp6",-0.230805882483166,0.1912,"7","retinoblastoma binding protein 6, ubiquitin ligase"
"Rgs10",0.230734463909995,0.238,"7","regulator of G-protein signalling 10"
"Cetn4",-0.230672987550967,0.0628,"3","centrin 4"
"Hdac5",0.230645704716355,0.4132,"11","histone deacetylase 5"
"Pdia3",-0.230636507931332,0.0856,"2","protein disulfide isomerase associated 3"
"Mrps23",0.230633373247522,0.0732,"11","mitochondrial ribosomal protein S23"
"Snx17",0.230596139532726,0.1232,"5","sorting nexin 17"
"Gpx1",0.230563282585542,0.424,"9","glutathione peroxidase 1"
"Klhl25",0.230447608851526,0.0472,"7","kelch-like 25"
"Cav2",-0.230414341008532,0.084,"6","caveolin 2"
"Cry1",-0.230372168884824,0.0588,"10","cryptochrome 1 (photolyase-like)"
"Cyb5r4",-0.230324376676863,0.1164,"9","cytochrome b5 reductase 4"
"Cyb5r4",-0.230324376676863,0.1164,"9","cytochrome b5 reductase 4"
"Ik",-0.230248751648147,0.0448,"18","IK cytokine"
"Fam122b",-0.230235857227656,0.1616,"X","family with sequence similarity 122, member B"
"Pde4b",-0.230225483406596,0.2616,"4","phosphodiesterase 4B, cAMP specific"
"Mfsd12",0.230212216462427,0.3016,"10","major facilitator superfamily domain containing 12"
"Slf2",-0.2300161914537,0.2416,"19","SMC5-SMC6 complex localization factor 2"
"Pak3",-0.229977080345437,0.4756,"X","p21 (RAC1) activated kinase 3"
"Ssna1",0.22993917595955,0.4688,"2","SS nuclear autoantigen 1"
"Npat",-0.229908826295731,0.4,"9","nuclear protein in the AT region"
"Cbll1",-0.229897146440941,0.4604,"12","Casitas B-lineage lymphoma-like 1"
"Igflr1",0.229735194140648,0.5368,"7","IGF-like family receptor 1"
"H2aj",0.229693708512098,0.4996,"6","H2J.A histone"
"Phyhipl",-0.229638176514541,0.196,"10","phytanoyl-CoA hydroxylase interacting protein-like"
"Phyhipl",-0.229638176514541,0.196,"10","phytanoyl-CoA hydroxylase interacting protein-like"
"Tbcb",0.229617148963911,0.4412,"7","tubulin folding cofactor B"
"Stimate",0.229614386148382,0.2424,"14","STIM activating enhancer"
"Rps24",0.229538377077361,0.5992,"14","ribosomal protein S24"
"Slc25a28",0.229525781090203,0.4756,"19","solute carrier family 25, member 28"
"Soga3",-0.229475493267448,0.5532,"10","SOGA family member 3"
"Tmem100",-0.229436645242511,0.1512,"11","transmembrane protein 100"
"Dhx35",0.229410768678284,0.0772,"2","DEAH (Asp-Glu-Ala-His) box polypeptide 35"
"Ndufb9",0.229406664690774,0.5068,"15","NADH:ubiquinone oxidoreductase subunit B9"
"Cpsf4",0.229400809401521,0.4208,"5","cleavage and polyadenylation specific factor 4"
"Peg10",-0.229280767761487,0.1136,"6","paternally expressed 10"
"Rpl27a",0.229242213425635,0.528,"7","ribosomal protein L27A"
"Fcho2",-0.229177760002921,0.372,"13","FCH domain only 2"
"Prag1",-0.229153152353199,0.1968,"8","PEAK1 related kinase activating pseudokinase 1"
"Pigyl",0.229082621772408,0.358,"9","phosphatidylinositol glycan anchor biosynthesis, class Y-like"
"Gpr3",0.229072424945219,0.3516,"4","G-protein coupled receptor 3"
"Pcdhb9",-0.22904910739077,0.4276,"18","protocadherin beta 9"
"Cdr2",0.229040197527316,0.4624,"7","cerebellar degeneration-related 2"
"Far1",-0.229004009452362,0.2748,"7","fatty acyl CoA reductase 1"
"Med28",0.228983023779346,0.2636,"5","mediator complex subunit 28"
"Cemip2",-0.228942289759495,0.2632,"19","cell migration inducing hyaluronidase 2"
"Acaa1a",0.228926755463631,0.404,"9","acetyl-Coenzyme A acyltransferase 1A"
"Slc13a4",-0.228887626066477,0.7244,"6","solute carrier family 13 (sodium/sulfate symporters), member 4"
"Xist",-0.228802159961161,0.5856,"X","inactive X specific transcripts"
"Phc3",-0.228669614998529,0.3692,"3","polyhomeotic 3"
"Wnt7b",0.228649311695159,0.2568,"15","wingless-type MMTV integration site family, member 7B"
"Pde3b",-0.228561733507206,0.4892,"7","phosphodiesterase 3B, cGMP-inhibited"
"Tmem200a",-0.228550142348451,0.346,"10","transmembrane protein 200A"
"Herc6",-0.228523228860239,0.3556,"6","hect domain and RLD 6"
"Slbp",-0.228486069579097,0.2492,"5","stem-loop binding protein"
"Mrpl34",0.228373246295853,0.462,"8","mitochondrial ribosomal protein L34"
"1700048O20Rik",0.228357419528058,0.5464,"9","RIKEN cDNA 1700048O20 gene"
"Ankrd34b",-0.228357177189973,0.5416,"13","ankyrin repeat domain 34B"
"3110082I17Rik",0.228114840824854,0.1316,"5","RIKEN cDNA 3110082I17 gene"
"Slc25a15",0.228098237455112,0.0488,"8","solute carrier family 25 (mitochondrial carrier ornithine transporter), member 15"
"Slc46a1",0.22807389190154,0.368,"11","solute carrier family 46, member 1"
"Ctdsp1",0.228026792631564,0.3296,"1","CTD (carboxy-terminal domain, RNA polymerase II, polypeptide A) small phosphatase 1"
"Adgrl4",-0.227986959385099,0.6804,"3","adhesion G protein-coupled receptor L4"
"Cgnl1",-0.227974355004548,0.6848,"9","cingulin-like 1"
"Gm32856",-0.227908963408313,0.2184,"8","predicted gene, 32856"
"Elof1",0.227904970274559,0.4384,"9","ELF1 homolog, elongation factor 1"
"Tfpt",0.227875268590461,0.434,"7","TCF3 (E2A) fusion partner"
"Dsg2",-0.227868481825061,0.3176,"18","desmoglein 2"
"Rbm33",-0.227857010357397,0.3264,"5","RNA binding motif protein 33"
"Dusp16",-0.227818792219456,0.0904,"6","dual specificity phosphatase 16"
"Akt1s1",0.227739191270887,0.3628,"7","AKT1 substrate 1 (proline-rich)"
"Plcd1",0.227634886914835,0.0092,"9","phospholipase C, delta 1"
"Usp35",0.22758494276253,0.1192,"7","ubiquitin specific peptidase 35"
"Mdp1",0.227578060523136,0.5152,"14","magnesium-dependent phosphatase 1"
"Polk",-0.227557325601575,0.4912,"13","polymerase (DNA directed), kappa"
"Pcdh19",-0.227404247352992,0.5116,"X","protocadherin 19"
"Psen2",0.227376966776743,0.0608,"1","presenilin 2"
"B3gat3",0.227368955437048,0.516,"19","beta-1,3-glucuronyltransferase 3 (glucuronosyltransferase I)"
"Acy1",0.227348014689264,0.1684,"9","aminoacylase 1"
"Nfe2l2",-0.227246432467862,0.1072,"2","nuclear factor, erythroid derived 2, like 2"
"Mogs",0.227193193360892,0,"6","mannosyl-oligosaccharide glucosidase"
"Zfp609",-0.227191329588006,0.4296,"9","zinc finger protein 609"
"Pikfyve",-0.227095874642616,0.428,"1","phosphoinositide kinase, FYVE type zinc finger containing"
"Zfp637",0.227071457169435,0.3332,"6","zinc finger protein 637"
"H2az1",0.227013835697039,0.0796,"3","H2A.Z variant histone 1"
"Plekhb1",0.226984652962118,0.558,"7","pleckstrin homology domain containing, family B (evectins) member 1"
"Gtpbp4",-0.226949567676439,0.2904,"13","GTP binding protein 4"
"Steap2",-0.226937897219483,0.512,"5","six transmembrane epithelial antigen of prostate 2"
"Aimp1",0.226916113290041,0.2704,"3","aminoacyl tRNA synthetase complex-interacting multifunctional protein 1"
"Synj2",-0.226881393911904,0.1508,"17","synaptojanin 2"
"Zfp236",-0.226865491576499,0.2132,"18","zinc finger protein 236"
"Pcdh7",-0.226765538561556,0.4312,"5","protocadherin 7"
"Nfya",-0.226735683259183,0.2744,"17","nuclear transcription factor-Y alpha"
"Senp8",-0.226616093515844,0.1776,"9","SUMO peptidase family member, NEDD8 specific"
"Fen1",0.226611682951713,0.0952,"19","flap structure specific endonuclease 1"
"Ldhd",0.226433067904024,0.24,"8","lactate dehydrogenase D"
"Nup160",-0.226394445547168,0.4248,"2","nucleoporin 160"
"Myadm",-0.226339325401286,0.1976,"7","myeloid-associated differentiation marker"
"Mir568",-0.226285135813156,0.582,"16","microRNA 568"
"Fbxo31",0.226243193379266,0.4056,"8","F-box protein 31"
"Arhgap12",-0.226170754553641,0.2756,"18","Rho GTPase activating protein 12"
"Plch1",-0.226106958672577,0.4376,"3","phospholipase C, eta 1"
"Prdm10",-0.226008895131177,0.3312,"9","PR domain containing 10"
"Gpr161",-0.226004270095578,0.2868,"1","G protein-coupled receptor 161"
"Trim33",-0.225982001293763,0.4252,"3","tripartite motif-containing 33"
"Sh2d3c",0.225932471749728,0.0664,"2","SH2 domain containing 3C"
"Ankrd52",-0.225912332449933,0.6252,"10","ankyrin repeat domain 52"
"Taok1",-0.225865778064033,0.4244,"11","TAO kinase 1"
"Rnft1",-0.225760605740043,0.3952,"11","ring finger protein, transmembrane 1"
"Fam43b",0.225651726515686,0.3108,"4","family with sequence similarity 43, member B"
"Bcl6",-0.225571230597082,0.3604,"16","B cell leukemia/lymphoma 6"
"Mfsd2a",0.225524428173745,0.3,"4","major facilitator superfamily domain containing 2A"
"Me3",0.225428791898554,0.0296,"7","malic enzyme 3, NADP(+)-dependent, mitochondrial"
"Kif1c",0.22541045093736,0.4208,"11","kinesin family member 1C"
"Gsk3b",-0.225398264703111,0.346,"16","glycogen synthase kinase 3 beta"
"Zfp35",0.2253890025862,0.01,"18","zinc finger protein 35"
"Snx4",-0.225386943538945,0.3076,"16","sorting nexin 4"
"Rere",-0.225238491940496,0.1896,"4","arginine glutamic acid dipeptide (RE) repeats"
"Tuba8",-0.225199241200276,0.2012,"6","tubulin, alpha 8"
"Mthfr",0.225059891459112,0.17,"4","methylenetetrahydrofolate reductase"
"Arfgef3",-0.22505516522399,0.7808,"10","ARFGEF family member 3"
"Imp3",0.225034881926842,0.4024,"9","IMP3, U3 small nucleolar ribonucleoprotein"
"Dnali1",0.22502676251017,0.478,"4","dynein, axonemal, light intermediate polypeptide 1"
"Zfp444",0.225021245898835,0.4372,"7","zinc finger protein 444"
"Ncs1",0.225019980459088,0.4036,"2","neuronal calcium sensor 1"
"Nelfb",0.224986347019627,0.0028,"2","negative elongation factor complex member B"
"Rab27b",-0.224972488302804,0.4028,"18","RAB27B, member RAS oncogene family"
"Vps51",0.224970344131477,0.0952,"19","VPS51 GARP complex subunit"
"Rpl27",0.224928105983096,0.4804,"11","ribosomal protein L27"
"Nipsnap1",0.224919262535822,0.1808,"11","nipsnap homolog 1"
"Mindy3",-0.224892695705448,0.6372,"2","MINDY lysine 48 deubiquitinase 3"
"Ppfia4",0.224778162898616,0.282,"1","protein tyrosine phosphatase, receptor type, f polypeptide (PTPRF), interacting protein (liprin), alpha 4"
"2610044O15Rik8",-0.224766253750267,0.0028,"8","RIKEN cDNA 2610044O15 gene"
"Ppp1r35",0.224746285997619,0.4812,"5","protein phosphatase 1, regulatory subunit 35"
"Kmt2d",-0.224746163003012,0.374,"15","lysine (K)-specific methyltransferase 2D"
"Evc2",-0.224715621858322,0.1636,"5","EvC ciliary complex subunit 2"
"Mbtps2",-0.224599562075166,0.7132,"X","membrane-bound transcription factor peptidase, site 2"
"Lin37",0.224582233186595,0.3288,"7","lin-37 DREAM MuvB core complex component"
"Dmap1",0.224569568288427,0.32,"4","DNA methyltransferase 1-associated protein 1"
"Rnf111",-0.22452169528766,0.4736,"9","ring finger 111"
"Wac",-0.22450729201651,0.3848,"18","WW domain containing adaptor with coiled-coil"
"Thap4",0.224460106548749,0.25,"1","THAP domain containing 4"
"Pwp2",0.224438722125464,0.0028,"10","PWP2 periodic tryptophan protein homolog (yeast)"
"Prom1",0.224415820635373,0.4332,"5","prominin 1"
"Enkur",0.224392737324242,0.3504,"2","enkurin, TRPC channel interacting protein"
"Ube2d3",-0.224342183799018,0.352,"3","ubiquitin-conjugating enzyme E2D 3"
"Dgcr8",-0.224337340060659,0.484,"16","DGCR8, microprocessor complex subunit"
"Mrtfb",-0.22431317263943,0.232,"16","myocardin related transcription factor B"
"Spata2l",0.224193573176102,0.4604,"8","spermatogenesis associated 2-like"
"Snx29",0.224180824294819,0.5356,"16","sorting nexin 29"
"Ddx56",0.223955552735946,0.0472,"11","DEAD box helicase 56"
"Oaz3",0.223931585701139,0.2656,"3","ornithine decarboxylase antizyme 3"
"Tent2",-0.223898038321614,0.0372,"13","terminal nucleotidyltransferase 2"
"Tasor",-0.223896649755213,0.2664,"14","transcription activation suppressor"
"Ccdc189",0.223838068995083,0.0436,"7","coiled-coil domain containing 189"
"Dock1",-0.223832235210852,0.172,"7","dedicator of cytokinesis 1"
"Acvr1c",-0.223752260006679,0.4408,"2","activin A receptor, type IC"
"Abca1",-0.223718628070428,0.4688,"4","ATP-binding cassette, sub-family A (ABC1), member 1"
"Krt10",-0.223687035158594,0.1872,"11","keratin 10"
"Hsf2",-0.223656185499516,0.5612,"10","heat shock factor 2"
"Ccdc88b",0.22353794494854,0.2512,"19","coiled-coil domain containing 88B"
"Tmed7",-0.223451145494072,0.3848,"18","transmembrane p24 trafficking protein 7"
"Rimbp2",-0.223428257338176,0.2352,"5","RIMS binding protein 2"
"Rab8b",-0.223408290967225,0.2492,"9","RAB8B, member RAS oncogene family"
"Pkig",0.223361488116195,0.5284,"2","protein kinase inhibitor, gamma"
"Dctn2",0.22335767992424,0.2724,"10","dynactin 2"
"Serpinb1a",-0.223324866021944,0.5984,"13","serine (or cysteine) peptidase inhibitor, clade B, member 1a"
"Abhd3",-0.223310878943991,0.1024,"18","abhydrolase domain containing 3"
"Scrt2",0.223240748820073,0.3128,"2","scratch family zinc finger 2"
"Mrc2",-0.223237888343981,0.5516,"11","mannose receptor, C type 2"
"Commd2",0.223210028921248,0.0424,"3","COMM domain containing 2"
"Gatd1",0.223204552212739,0.4124,"7","glutamine amidotransferase like class 1 domain containing 1"
"Acvr2a",-0.223169854467211,0.7792,"2","activin receptor IIA"
"Rhof",0.223141265955712,0.3164,"5","ras homolog family member F (in filopodia)"
"Wdr66",0.223124642909314,0.328,"5","WD repeat domain 66"
"Slc38a9",-0.223074999934146,0.2688,"13","solute carrier family 38, member 9"
"Tpr",-0.223053038983744,0.4868,"1","translocated promoter region, nuclear basket protein"
"Atpsckmt",-0.223026132288211,0.2252,"15","ATP synthase C subunit lysine N-methyltransferase"
"Tmtc3",-0.222992268782177,0.6296,"10","transmembrane and tetratricopeptide repeat containing 3"
"Dmac1",0.222971098548063,0.2396,"4","distal membrane arm assembly complex 1"
"Fam122a",-0.222926027330702,0.1992,"19","family with sequence similarity 122, member A"
"Htra3",-0.222907963398501,0.354,"5","HtrA serine peptidase 3"
"Syndig1",0.222843678385925,0.1,"2","synapse differentiation inducing 1"
"Cacnb3",0.222794710132391,0.5384,"15","calcium channel, voltage-dependent, beta 3 subunit"
"Retsat",0.222739964019926,0.0508,"6","retinol saturase (all trans retinol 13,14 reductase)"
"Creb3l2",-0.222689285295635,0.49,"6","cAMP responsive element binding protein 3-like 2"
"Bbs5",-0.222673884371379,0.2968,"2","Bardet-Biedl syndrome 5 (human)"
"Hdhd5",0.222650946074543,0.2788,"6","haloacid dehalogenase like hydrolase domain containing 5"
"Gcdh",0.222552980173574,0.098,"8","glutaryl-Coenzyme A dehydrogenase"
"Ptpn14",-0.222534572315402,0.4264,"1","protein tyrosine phosphatase, non-receptor type 14"
"Rpusd1",0.222497082326166,0.4652,"17","RNA pseudouridylate synthase domain containing 1"
"Ehbp1",-0.222481518929556,0.4488,"11","EH domain binding protein 1"
"Ntsr2",0.222447857141567,0.4476,"12","neurotensin receptor 2"
"Commd4",0.222402124304525,0.3912,"9","COMM domain containing 4"
"Hectd1",-0.222386019117972,0.5208,"12","HECT domain E3 ubiquitin protein ligase 1"
"Cyp4f17",0.222360295345408,0.2772,"17","cytochrome P450, family 4, subfamily f, polypeptide 17"
"Prr32",-0.222350300390108,0.8696,"X","proline rich 32"
"Sh3glb2",0.222348077489338,0.3752,"2","SH3-domain GRB2-like endophilin B2"
"Lifr",-0.222251317957364,0.1932,"15","LIF receptor alpha"
"Park7",0.222249965245413,0.5048,"4","Parkinson disease (autosomal recessive, early onset) 7"
"Pik3r1",-0.222202702280341,0.0644,"13","phosphoinositide-3-kinase regulatory subunit 1"
"Tbc1d15",-0.222179919912326,0.6204,"10","TBC1 domain family, member 15"
"Zmiz1",-0.222079911387629,0.0308,"14","zinc finger, MIZ-type containing 1"
"Bri3",0.222035809927508,0.53,"5","brain protein I3"
"Coq2",0.22185871945594,0.2488,"5","coenzyme Q2 4-hydroxybenzoate polyprenyltransferase"
"Snhg14",-0.221835648262564,0.4904,"7","small nucleolar RNA host gene 14"
"Zfp26",-0.221773182104807,0.7212,"9","zinc finger protein 26"
"Sp100",-0.221630468204869,0.562,"1","nuclear antigen Sp100"
"Agmo",-0.221516257534966,0.2528,"12","alkylglycerol monooxygenase"
"Gas1",-0.221481996235743,0.0028,"13","growth arrest specific 1"
"Atp6v0e2",0.221475114785576,0.1168,"6","ATPase, H+ transporting, lysosomal V0 subunit E2"
"Lgi3",0.221363694330234,0.1168,"14","leucine-rich repeat LGI family, member 3"
"Bpnt1",-0.221316221035091,0.5512,"1","3'(2'), 5'-bisphosphate nucleotidase 1"
"Sec23b",-0.2213023237607,0.3584,"2","SEC23 homolog B, COPII coat complex component"
"Recql4",-0.221290897697012,0.4736,"15","RecQ protein-like 4"
"Mt3",0.221282011107993,0.6416,"8","metallothionein 3"
"Rnf208",0.221233660390627,0.5236,"2","ring finger protein 208"
"Gpc4",-0.221213552767868,0.2192,"X","glypican 4"
"Golph3",-0.221078525590632,0.7532,"15","golgi phosphoprotein 3"
"Rpl35",0.220982336151232,0.5808,"2","ribosomal protein L35"
"Gm527",-0.220922639715896,0.1892,"12","predicted gene 527"
"Camk2d",-0.220911190148811,0.2992,"3","calcium/calmodulin-dependent protein kinase II, delta"
"Hpdl",0.220811857703642,0.5492,"4","4-hydroxyphenylpyruvate dioxygenase-like"
"Dzip1l",0.220662781694617,0.1912,"9","DAZ interacting protein 1-like"
"Fam102b",-0.220658857805507,0.4516,"3","family with sequence similarity 102, member B"
"Nat14",0.220636197525304,0.4592,"7","N-acetyltransferase 14"
"Acaa2",0.220603569116919,0.2664,"18","acetyl-Coenzyme A acyltransferase 2 (mitochondrial 3-oxoacyl-Coenzyme A thiolase)"
"Wfdc2",0.22057430634417,0.8612,"2","WAP four-disulfide core domain 2"
"Mrpl55",0.220549650559256,0.3568,"11","mitochondrial ribosomal protein L55"
"Morn1",0.220546153011025,0.2244,"4","MORN repeat containing 1"
"Pbx4",0.220544357406079,0.4412,"8","pre B cell leukemia homeobox 4"
"Fibp",0.220512083342755,0.4544,"19","fibroblast growth factor (acidic) intracellular binding protein"
"Gabra3",-0.220493362447185,0.4904,"X","gamma-aminobutyric acid (GABA) A receptor, subunit alpha 3"
"Tenm4",-0.220473660779647,0.394,"7","teneurin transmembrane protein 4"
"Inhbb",-0.220436398195241,0.1524,"1","inhibin beta-B"
"Tma16",0.220418087710007,0.1,"8","translation machinery associated 16"
"Arhgap15",0.220372543611092,0.2112,"2","Rho GTPase activating protein 15"
"Wbp11",-0.220254425534911,0.4408,"6","WW domain binding protein 11"
"Eef1b2",0.220199615400277,0.4644,"1","eukaryotic translation elongation factor 1 beta 2"
"Abcb10",0.220110427569037,0.1256,"8","ATP-binding cassette, sub-family B (MDR/TAP), member 10"
"Kctd2",0.219985657205008,0.3228,"11","potassium channel tetramerisation domain containing 2"
"Izumo4",0.219961196442854,0.3076,"10","IZUMO family member 4"
"Pcgf3",-0.219919759802917,0.5472,"5","polycomb group ring finger 3"
"Pds5b",-0.219828166715899,0.5016,"5","PDS5 cohesin associated factor B"
"Ptprd",-0.219825680354175,0.2292,"4","protein tyrosine phosphatase, receptor type, D"
"Cdh18",-0.219819150888985,0.2944,"15","cadherin 18"
"Rpsa",0.2197721201447,0.6052,"9","ribosomal protein SA"
"Mad2l2",0.219701853618265,0.2804,"4","MAD2 mitotic arrest deficient-like 2"
"Nrip1",-0.219668168265033,0.3176,"16","nuclear receptor interacting protein 1"
"Mrps33",0.21956211394741,0.202,"6","mitochondrial ribosomal protein S33"
"Cdc7",-0.219453620276213,0.3504,"5","cell division cycle 7 (S. cerevisiae)"
"Ptges2",0.219432655094604,0.16,"2","prostaglandin E synthase 2"
"0610012G03Rik",0.219362133703937,0.5252,"16","RIKEN cDNA 0610012G03 gene"
"Bclaf3",-0.219357894580233,0.1812,"X","Bclaf1 and Thrap3 family member 3"
"Trim9",-0.21931402678989,0.2092,"12","tripartite motif-containing 9"
"Ubb",0.219313797444528,0.1452,"11","ubiquitin B"
"Hs6st3",-0.219191543434262,0.7416,"14","heparan sulfate 6-O-sulfotransferase 3"
"Mir682",-0.219186184610414,0.5384,"13","microRNA 682"
"St6gal1",-0.219152295421182,0.1256,"16","beta galactoside alpha 2,6 sialyltransferase 1"
"Rtf2",0.219100859642857,0.1924,"2","replication termination factor 2"
"Erp29",0.219066595460832,0.4536,"5","endoplasmic reticulum protein 29"
"Dock9",-0.219039238263768,0.5916,"14","dedicator of cytokinesis 9"
"Tpp1",-0.219028045659356,0.0204,"7","tripeptidyl peptidase I"
"Zfp329",-0.218981320843704,0.2204,"7","zinc finger protein 329"
"Spsb3",0.218861869974212,0.3732,"17","splA/ryanodine receptor domain and SOCS box containing 3"
"Arl5b",-0.218826803792874,0.3548,"2","ADP-ribosylation factor-like 5B"
"Amotl2",-0.218824495169417,0.166,"9","angiomotin-like 2"
"Syncrip",-0.218795772243493,0.2024,"9","synaptotagmin binding, cytoplasmic RNA interacting protein"
"Tpst2",0.218791347377297,0.1768,"5","protein-tyrosine sulfotransferase 2"
"Chchd4",0.218768748957977,0.064,"6","coiled-coil-helix-coiled-coil-helix domain containing 4"
"Neurl1b",0.218664654680937,0.2316,"17","neuralized E3 ubiquitin protein ligase 1B"
"Igfbp5",-0.218622841331166,0.0232,"1","insulin-like growth factor binding protein 5"
"Tcaf1",-0.218614041749434,0.48,"6","TRPM8 channel-associated factor 1"
"Cdkn1b",-0.218479149939411,0.146,"6","cyclin-dependent kinase inhibitor 1B"
"Rnf207",-0.218462528705362,0.4812,"4","ring finger protein 207"
"Col6a1",-0.218437130328951,0.682,"10","collagen, type VI, alpha 1"
"Zfp809",-0.218392347976495,0.052,"9","zinc finger protein 809"
"Parp12",-0.218381267272604,0.3716,"6","poly (ADP-ribose) polymerase family, member 12"
"Brd1",-0.218332274723516,0.362,"15","bromodomain containing 1"
"Pnkp",0.218302787214173,0.3788,"7","polynucleotide kinase 3'- phosphatase"
"Atp5d",0.218290200859804,0.5328,"10","ATP synthase, H+ transporting, mitochondrial F1 complex, delta subunit"
"Dennd4a",-0.218239311686555,0.4928,"9","DENN/MADD domain containing 4A"
"Kcnh2",0.218146747618932,0.2896,"5","potassium voltage-gated channel, subfamily H (eag-related), member 2"
"Pip5k1b",-0.218142733709528,0.7232,"19","phosphatidylinositol-4-phosphate 5-kinase, type 1 beta"
"Iars",-0.218139420395157,0.3264,"13","isoleucine-tRNA synthetase"
"Lcorl",-0.217910826615253,0.5704,"5","ligand dependent nuclear receptor corepressor-like"
"Lcorl",-0.217910826615253,0.5704,"5","ligand dependent nuclear receptor corepressor-like"
"Arhgap29",-0.217884566925835,0.5816,"3","Rho GTPase activating protein 29"
"Adcy8",-0.217839715902882,0.1204,"15","adenylate cyclase 8"
"Plch2",0.217834347480963,0.1548,"4","phospholipase C, eta 2"
"Tab3",-0.217811713256356,0.3396,"X","TGF-beta activated kinase 1/MAP3K7 binding protein 3"
"Kcnh3",0.217745872677946,0.516,"15","potassium voltage-gated channel, subfamily H (eag-related), member 3"
"Zfp770",-0.217667798694863,0.5508,"2","zinc finger protein 770"
"Atg4d",0.217656866195582,0.3124,"9","autophagy related 4D, cysteine peptidase"
"Ddx31",0.217653557645963,0.0568,"2","DEAD/H box helicase 31"
"Sat2",0.217646851052007,0.3848,"11","spermidine/spermine N1-acetyl transferase 2"
"Mphosph8",-0.217644631855036,0.5368,"14","M-phase phosphoprotein 8"
"Cavin3",0.21763167157746,0.5188,"7","caveolae associated 3"
"Pigb",-0.217599049649011,0.5056,"9","phosphatidylinositol glycan anchor biosynthesis, class B"
"Nkain4",0.217527946151466,0.398,"2","Na+/K+ transporting ATPase interacting 4"
"Zfp651",0.217442196736432,0.2948,"9","zinc finger protein 651"
"Gipc1",0.217327843714439,0.398,"8","GIPC PDZ domain containing family, member 1"
"Dnajb4",-0.217326373203787,0.6152,"3","DnaJ heat shock protein family (Hsp40) member B4"
"Inf2",0.217305374085347,0.2948,"12","inverted formin, FH2 and WH2 domain containing"
"Polr2d",0.217252688252799,0.3284,"18","polymerase (RNA) II (DNA directed) polypeptide D"
"Ccnl1",-0.217245582614084,0.3068,"3","cyclin L1"
"Dtnbp1",0.217168253837149,0.4768,"13","dystrobrevin binding protein 1"
"Banf1",0.217156962567372,0.5392,"19","BAF nuclear assembly factor 1"
"Anapc5",0.217116616161661,0.3652,"5","anaphase-promoting complex subunit 5"
"Bub1b",-0.217092210349186,0.5588,"2","BUB1B, mitotic checkpoint serine/threonine kinase"
"Cd274",-0.217053087215903,0.4148,"19","CD274 antigen"
"Armcx5",-0.217024367350741,0.4744,"X","armadillo repeat containing, X-linked 5"
"Ppcdc",0.217004512405629,0.152,"9","phosphopantothenoylcysteine decarboxylase"
"Pip5k1a",-0.216953473539475,0.5084,"3","phosphatidylinositol-4-phosphate 5-kinase, type 1 alpha"
"Arhgap17",-0.216884958287038,0.0624,"7","Rho GTPase activating protein 17"
"Ramp3",0.216829257390289,0.548,"11","receptor (calcitonin) activity modifying protein 3"
"4931414P19Rik",0.216806612498882,0.0564,"14","RIKEN cDNA 4931414P19 gene"
"C87436",0.216804754574129,0.1736,"6","expressed sequence C87436"
"Krt1",0.216760310074521,0.4336,"15","keratin 1"
"Itga3",0.216755502330808,0.134,"11","integrin alpha 3"
"Nelfe",0.216631262714146,0.4672,"17","negative elongation factor complex member E, Rdbp"
"Dpf1",0.216580891725894,0.27,"7","double PHD fingers 1"
"Ctbp1",0.216549893121877,0.3276,"5","C-terminal binding protein 1"
"Rb1",-0.216542816787197,0.3008,"14","RB transcriptional corepressor 1"
"Zbtb33",-0.216516291117818,0.5688,"X","zinc finger and BTB domain containing 33"
"Mtmr14",0.216490265294022,0.292,"6","myotubularin related protein 14"
"Rp9",0.216489052101111,0.4704,"9","retinitis pigmentosa 9 (human)"
"Wdfy1",0.21641413507868,0.582,"1","WD repeat and FYVE domain containing 1"
"Itih3",0.216401707167717,0.254,"14","inter-alpha trypsin inhibitor, heavy chain 3"
"Mrpl21",0.216396141045468,0.4824,"19","mitochondrial ribosomal protein L21"
"Uprt",-0.216364199564178,0.5132,"X","uracil phosphoribosyltransferase"
"Snap23",-0.216293006784296,0.456,"2","synaptosomal-associated protein 23"
"Ccdc171",-0.21625088756704,0.4684,"4","coiled-coil domain containing 171"
"Gar1",0.216236565829979,0.1048,"3","GAR1 ribonucleoprotein"
"Sirt6",0.216236426992418,0.4648,"10","sirtuin 6"
"Naga",0.216215107641817,0.1916,"15","N-acetyl galactosaminidase, alpha"
"Mier3",-0.216097419715782,0.5688,"13","MIER family member 3"
"Tia1",-0.216084661163688,0.32,"6","cytotoxic granule-associated RNA binding protein 1"
"Rbm12b2",-0.2160813959522,0.4264,"4","RNA binding motif protein 12 B2"
"Rabgap1l",-0.215998519786154,0.5004,"1","RAB GTPase activating protein 1-like"
"Plppr4",-0.215921886092296,0.4692,"3","phospholipid phosphatase related 4"
"Zbtb21",-0.21591170848358,0.064,"16","zinc finger and BTB domain containing 21"
"Wdr74",0.215896891435501,0.3884,"19","WD repeat domain 74"
"Rtn2",0.215847904655955,0.5436,"7","reticulon 2 (Z-band associated protein)"
"Tpp2",-0.215846032489902,0.5288,"1","tripeptidyl peptidase II"
"Pmm1",0.215845286509088,0.4588,"15","phosphomannomutase 1"
"Cacng2",-0.215795941648424,0.028,"15","calcium channel, voltage-dependent, gamma subunit 2"
"Snapc2",0.215615048588781,0.4472,"8","small nuclear RNA activating complex, polypeptide 2"
"Adpgk",0.215558217011752,0.0108,"9","ADP-dependent glucokinase"
"Mrps18c",0.215549526757286,0.4372,"5","mitochondrial ribosomal protein S18C"
"Avl9",-0.215523368615866,0.5016,"6","AVL9 cell migration associated"
"Brsk1",0.215501696514076,0.426,"7","BR serine/threonine kinase 1"
"Ing4",0.215500660158331,0.0352,"6","inhibitor of growth family, member 4"
"Upf2",-0.215481927226808,0.0424,"2","UPF2 regulator of nonsense transcripts homolog (yeast)"
"Rab15",0.215467860546065,0.0172,"12","RAB15, member RAS oncogene family"
"Csnk1g2",0.215395969449839,0.5252,"10","casein kinase 1, gamma 2"
"Guk1",0.215247222524346,0.5344,"11","guanylate kinase 1"
"Yif1b",0.215243429054023,0.3608,"7","Yip1 interacting factor homolog B (S. cerevisiae)"
"Mrps7",0.215183380355593,0.4176,"11","mitchondrial ribosomal protein S7"
"Grwd1",0.215174962145225,0.3104,"7","glutamate-rich WD repeat containing 1"
"Nhp2",0.215169442189261,0.5232,"11","NHP2 ribonucleoprotein"
"Rab29",0.215106992034742,0.1644,"1","RAB29, member RAS oncogene family"
"Tet2",-0.215088799494319,0.45,"3","tet methylcytosine dioxygenase 2"
"Glce",-0.215087648598731,0.4372,"9","glucuronyl C5-epimerase"
"Ubtd1",0.21506403340125,0.498,"19","ubiquitin domain containing 1"
"Lats1",-0.215040753459458,0.3724,"10","large tumor suppressor"
"Otud4",-0.215003785308246,0.5416,"8","OTU domain containing 4"
"Unc45a",0.214945590674803,0.2616,"7","unc-45 myosin chaperone A"
"Rnf2",-0.214937359992955,0.7464,"1","ring finger protein 2"
"Ciart",0.214906885521286,0.4252,"3","circadian associated repressor of transcription"
"Bckdk",0.214839306607773,0.1188,"7","branched chain ketoacid dehydrogenase kinase"
"St6galnac6",0.214810810389277,0.4232,"2","ST6 (alpha-N-acetyl-neuraminyl-2,3-beta-galactosyl-1,3)-N-acetylgalactosaminide alpha-2,6-sialyltransferase 6"
"Plcb4",-0.214770518498461,0.4932,"2","phospholipase C, beta 4"
"Zc3h6",-0.21473799303089,0.618,"2","zinc finger CCCH type containing 6"
"St3gal3",0.214600218301358,0.366,"4","ST3 beta-galactoside alpha-2,3-sialyltransferase 3"
"Get4",0.214564694830662,0.0216,"5","golgi to ER traffic protein 4"
"Ccdc85c",0.2145504463668,0.32,"12","coiled-coil domain containing 85C"
"Trio",-0.214534090279719,0.49,"15","triple functional domain (PTPRF interacting)"
"Hltf",-0.214520637465998,0.3884,"3","helicase-like transcription factor"
"Pcdhgb5",-0.214505413440676,0.6492,"18","protocadherin gamma subfamily B, 5"
"Ubr3",-0.214490536441828,0.5884,"2","ubiquitin protein ligase E3 component n-recognin 3"
"Ccdc28b",0.214457545489168,0.3496,"4","coiled coil domain containing 28B"
"Frmd4b",-0.214436946764667,0.134,"6","FERM domain containing 4B"
"Clec2l",0.21443649820615,0.5268,"6","C-type lectin domain family 2, member L"
"Slc18b1",-0.214418381146537,0.0592,"10","solute carrier family 18, subfamily B, member 1"
"Car5b",-0.214365497560081,0.2424,"X","carbonic anhydrase 5b, mitochondrial"
"Mpc2",0.214344809698047,0.2892,"1","mitochondrial pyruvate carrier 2"
"Fam13b",-0.214328649490349,0.4632,"18","family with sequence similarity 13, member B"
"Cchcr1",0.214254365019934,0.2368,"17","coiled-coil alpha-helical rod protein 1"
"Rpl21",0.214229474041913,0.6456,"5","ribosomal protein L21"
"Armc2",0.214209267550391,0.2004,"10","armadillo repeat containing 2"
"Rpl19",0.214205789070366,0.5764,"11","ribosomal protein L19"
"Lamtor5",0.214166505245939,0.2628,"3","late endosomal/lysosomal adaptor, MAPK and MTOR activator 5"
"Gdpgp1",-0.214063250851741,0.2064,"7","GDP-D-glucose phosphorylase 1"
"Tsen2",0.21404958045744,0.0508,"6","tRNA splicing endonuclease subunit 2"
"Glmp",0.214010120744835,0.4124,"3","glycosylated lysosomal membrane protein"
"Spty2d1",-0.214005001980061,0.446,"7","SPT2 chromatin protein domain containing 1"
"Cidea",0.213952986109776,0.17,"18","cell death-inducing DNA fragmentation factor, alpha subunit-like effector A"
"Smim3",0.213921214394698,0.2012,"18","small integral membrane protein 3"
"Cuta",0.213869346622855,0.5088,"17","cutA divalent cation tolerance homolog"
"Strn3",-0.213866398129994,0.052,"12","striatin, calmodulin binding protein 3"
"Zfp759",-0.21386225430012,0.4248,"13","zinc finger protein 759"
"Prelp",-0.213850181212036,0.4648,"1","proline arginine-rich end leucine-rich repeat"
"Sorcs1",-0.213799554639963,0.4528,"19","sortilin-related VPS10 domain containing receptor 1"
"Mtln",0.213758985154705,0.224,"2","mitoregulin"
"Mxra8",-0.213758316276936,0.4152,"4","matrix-remodelling associated 8"
"Fgf11",-0.213739341432199,0.1128,"11","fibroblast growth factor 11"
"Dbpht2",-0.213714410177344,0.0684,"12","DNA binding protein with his-thr domain"
"Nsd3",-0.213705060569956,0.376,"8","nuclear receptor binding SET domain protein 3"
"Rhov",0.213699144721849,0.3728,"2","ras homolog family member V"
"Nfatc2ip",0.213638920465059,0.1236,"7","nuclear factor of activated T cells, cytoplasmic, calcineurin dependent 2 interacting protein"
"Fgfr2",-0.213636031218278,0.2104,"7","fibroblast growth factor receptor 2"
"Vwa5b2",0.213623894200506,0.472,"16","von Willebrand factor A domain containing 5B2"
"Tbc1d10a",0.213621186068952,0.05,"11","TBC1 domain family, member 10a"
"Armc5",0.213611176725083,0.2692,"7","armadillo repeat containing 5"
"Elk4",-0.21360996488901,0.2644,"1","ELK4, member of ETS oncogene family"
"Etv6",-0.213488378280764,0.0956,"6","ets variant 6"
"Hexdc",0.213422116280191,0.3576,"11","hexosaminidase (glycosyl hydrolase family 20, catalytic domain) containing"
"Ccdc84",0.213420875531721,0.4652,"9","coiled-coil domain containing 84"
"Ncoa7",-0.213400593290394,0.466,"10","nuclear receptor coactivator 7"
"Ptcd2",0.213269085992931,0.176,"13","pentatricopeptide repeat domain 2"
"Stx4a",0.213240928712088,0.4896,"7","syntaxin 4A (placental)"
"Cplane1",-0.21321484111588,0.3084,"15","ciliogenesis and planar polarity effector 1"
"Ltc4s",0.213179920036282,0.6,"11","leukotriene C4 synthase"
"Naca",0.213151271488734,0.2468,"10","nascent polypeptide-associated complex alpha polypeptide"
"Med22",0.213086767128426,0.0688,"2","mediator complex subunit 22"
"Gm15246",0.213074786756677,0.306,"X","predicted gene 15246"
"Zfp384",-0.213070989440113,0.3412,"6","zinc finger protein 384"
"Gsta4",0.212975987961307,0.3596,"9","glutathione S-transferase, alpha 4"
"Acp1",0.212929149543934,0.2828,"12","acid phosphatase 1, soluble"
"Cops6",0.212917692143116,0.3048,"5","COP9 signalosome subunit 6"
"Daglb",0.212901707134237,0.014,"5","diacylglycerol lipase, beta"
"Aspdh",0.212860602179498,0.5032,"7","aspartate dehydrogenase domain containing"
"Fam228a",-0.212820309369786,0.6896,"12","family with sequence similarity 228, member A"
"Tpt1",0.212737085465399,0.4872,"14","tumor protein, translationally-controlled 1"
"Zc3hav1l",-0.212730112390494,0.5228,"6","zinc finger CCCH-type, antiviral 1-like"
"Farp2",0.212695947875912,0.402,"1","FERM, RhoGEF and pleckstrin domain protein 2"
"Alg10b",-0.212607942136819,0.6968,"15","asparagine-linked glycosylation 10B (alpha-1,2-glucosyltransferase)"
"Ccp110",-0.212505887067209,0.3696,"7","centriolar coiled coil protein 110"
"Rps3",0.212441535404372,0.4972,"7","ribosomal protein S3"
"Twf2",0.21236638650854,0.406,"9","twinfilin actin binding protein 2"
"Pstk",0.212326769573151,0.068,"7","phosphoseryl-tRNA kinase"
"BC004004",0.212325562566045,0.32,"17","cDNA sequence BC004004"
"Myef2",-0.212320958091959,0.5448,"2","myelin basic protein expression factor 2, repressor"
"Ino80d",-0.212283861446479,0.2764,"1","INO80 complex subunit D"
"Vrk3",0.212274544873551,0.1668,"7","vaccinia related kinase 3"
"C030006K11Rik",0.212239614076811,0.3136,"15","RIKEN cDNA C030006K11 gene"
"Grm1",-0.212212151826887,0.5396,"10","glutamate receptor, metabotropic 1"
"Taf1",-0.212199648982698,0.4364,"X","TATA-box binding protein associated factor 1"
"Plscr4",-0.212199264091775,0.1388,"9","phospholipid scramblase 4"
"Xylt1",-0.212164502645301,0.7568,"7","xylosyltransferase 1"
"Msra",0.212145913766673,0.352,"14","methionine sulfoxide reductase A"
"Abcb1a",-0.211946211970319,0.6612,"5","ATP-binding cassette, sub-family B (MDR/TAP), member 1A"
"Stk26",-0.211926760429459,0.51,"X","serine/threonine kinase 26"
"Glrx5",0.211897563432069,0.45,"12","glutaredoxin 5"
"Emg1",0.211866498251685,0.1432,"6","EMG1 N1-specific pseudouridine methyltransferase"
"Igfbpl1",0.211866273803988,0.486,"4","insulin-like growth factor binding protein-like 1"
"Apbb1",0.211863239644288,0.3092,"7","amyloid beta (A4) precursor protein-binding, family B, member 1"
"Disp3",0.211858081459643,0.1888,"4","dispatched RND transporter family member 3"
"Atp6v0e",0.211834002555633,0.2596,"17","ATPase, H+ transporting, lysosomal V0 subunit E"
"Utp14b",-0.211822325763452,0.2284,"1","UTP14B small subunit processome component"
"Atp6v0b",0.211818702043475,0.2604,"4","ATPase, H+ transporting, lysosomal V0 subunit B"
"Samd5",-0.211794343059923,0.6124,"10","sterile alpha motif domain containing 5"
"Papola",-0.211753870489509,0.1636,"12","poly (A) polymerase alpha"
"Slc4a4",-0.211737198343167,0.4708,"5","solute carrier family 4 (anion exchanger), member 4"
"Nudt12",-0.211709886054734,0.4676,"17","nudix (nucleoside diphosphate linked moiety X)-type motif 12"
"Sytl5",-0.211696978080843,0.3096,"X","synaptotagmin-like 5"
"B230206H07Rik",0.211666799335462,0.4964,"7","RIKEN cDNA B230206H07 gene"
"Mafa",0.211661046385191,0.566,"15","v-maf musculoaponeurotic fibrosarcoma oncogene family, protein A (avian)"
"Snx13",-0.211608411586522,0.5604,"12","sorting nexin 13"
"Sorbs2",-0.211599503867382,0.496,"8","sorbin and SH3 domain containing 2"
"Prodh",0.211593350059556,0.3312,"16","proline dehydrogenase"
"Mirg",-0.211546191522176,0.5408,"12","miRNA containing gene"
"Skil",-0.211479500702255,0.76,"3","SKI-like"
"Phlda1",-0.211471048724515,0.042,"10","pleckstrin homology like domain, family A, member 1"
"Mrps21",0.211353103561253,0.5588,"3","mitochondrial ribosomal protein S21"
"Bag1",0.211291483574934,0.5608,"4","BCL2-associated athanogene 1"
"Orai1",0.211282398820479,0.1172,"5","ORAI calcium release-activated calcium modulator 1"
"Frmd5",-0.211252580395333,0.0028,"2","FERM domain containing 5"
"Gem",-0.211227815981146,0.0344,"4","GTP binding protein (gene overexpressed in skeletal muscle)"
"Rnf10",0.211169295308489,0.3796,"5","ring finger protein 10"
"Gabarapl2",0.211129976500622,0.0872,"8","gamma-aminobutyric acid (GABA) A receptor-associated protein-like 2"
"Tiam1",-0.211107105006903,0.2712,"16","T cell lymphoma invasion and metastasis 1"
"Tmf1",-0.211075656108487,0.4604,"6","TATA element modulatory factor 1"
"Sec24b",-0.21095909021461,0.3284,"3","Sec24 related gene family, member B (S. cerevisiae)"
"Bcl9",-0.210948264311693,0.0332,"3","B cell CLL/lymphoma 9"
"Slc37a1",0.210908748574065,0.2444,"17","solute carrier family 37 (glycerol-3-phosphate transporter), member 1"
"Vcan",-0.210827902716344,0.5536,"13","versican"
"Akap11",-0.210825560424083,0.5196,"14","A kinase (PRKA) anchor protein 11"
"Tmeff1",-0.210774070652071,0.4972,"4","transmembrane protein with EGF-like and two follistatin-like domains 1"
"Dync2h1",-0.210721287891818,0.6304,"9","dynein cytoplasmic 2 heavy chain 1"
"Serf1",0.210715244236451,0.45,"13","small EDRK-rich factor 1"
"Tmem141",0.210702681229412,0.5312,"2","transmembrane protein 141"
"Cep126",-0.210694789728178,0.5592,"9","centrosomal protein 126"
"Med14",-0.210651797132971,0.2868,"X","mediator complex subunit 14"
"Magef1",-0.210514189532564,0.5024,"16","MAGE family member F1"
"Pcsk5",-0.210434453985501,0.4416,"19","proprotein convertase subtilisin/kexin type 5"
"Rfxank",0.210372846392026,0.0572,"8","regulatory factor X-associated ankyrin-containing protein"
"Map2k3",0.210312047097817,0.2064,"11","mitogen-activated protein kinase kinase 3"
"Ppargc1a",-0.210273487972779,0.4192,"5","peroxisome proliferative activated receptor, gamma, coactivator 1 alpha"
"Lhpp",0.210272964166047,0.4888,"7","phospholysine phosphohistidine inorganic pyrophosphate phosphatase"
"Atl3",-0.21026996369546,0.4356,"19","atlastin GTPase 3"
"Atp2b3",-0.210235420989246,0.4268,"X","ATPase, Ca++ transporting, plasma membrane 3"
"Nudt1",0.210200600512917,0.492,"5","nudix (nucleoside diphosphate linked moiety X)-type motif 1"
"Rasd1",0.210118703414044,0.0908,"11","RAS, dexamethasone-induced 1"
"Chd1",-0.210114700139636,0.486,"17","chromodomain helicase DNA binding protein 1"
"Tmem237",-0.210102341394097,0.4616,"1","transmembrane protein 237"
"Smc5",-0.210079888107233,0.3252,"19","structural maintenance of chromosomes 5"
"Catsperz",0.210069834498603,0.5412,"19","cation channel sperm associated auxiliary subunit zeta"
"Trappc2l",0.210052917221282,0.3048,"8","trafficking protein particle complex 2L"
"Xaf1",-0.209995818794327,0.5908,"11","XIAP associated factor 1"
"Retreg3",0.209937335535644,0.2612,"11","reticulophagy regulator family member 3"
"Trim59",-0.209883956980737,0.0704,"3","tripartite motif-containing 59"
"Ercc1",0.209876939759837,0.4536,"7","excision repair cross-complementing rodent repair deficiency, complementation group 1"
"Angel1",0.209828106483315,0.2836,"12","angel homolog 1"
"Atp5g2",0.209640500270353,0.484,"15","ATP synthase, H+ transporting, mitochondrial F0 complex, subunit C2 (subunit 9)"
"Eif3a",-0.209449443815124,0.5396,"19","eukaryotic translation initiation factor 3, subunit A"
"Slc9a8",0.209384063340449,0.2284,"2","solute carrier family 9 (sodium/hydrogen exchanger), member 8"
"Efemp2",0.209359774242285,0.1076,"19","epidermal growth factor-containing fibulin-like extracellular matrix protein 2"
"Glra2",-0.20927022688215,0.2256,"X","glycine receptor, alpha 2 subunit"
"Chmp6",0.209135233810185,0.0408,"11","charged multivesicular body protein 6"
"Surf1",0.209134221717678,0.2616,"2","surfeit gene 1"
"Lypla1",-0.209115552358909,0.5424,"1","lysophospholipase 1"
"Aass",-0.209061459980623,0.2308,"6","aminoadipate-semialdehyde synthase"
"Srl",0.208964232553218,0.2304,"16","sarcalumenin"
"Coa3",0.20884018637548,0.3544,"11","cytochrome C oxidase assembly factor 3"
"Btbd2",0.208768518172507,0.4976,"10","BTB (POZ) domain containing 2"
"Sema6a",-0.208605141668837,0.2672,"18","sema domain, transmembrane domain (TM), and cytoplasmic domain, (semaphorin) 6A"
"Brwd3",-0.208583092441338,0.572,"X","bromodomain and WD repeat domain containing 3"
"Erbb4",-0.208556242416554,0.6292,"1","erb-b2 receptor tyrosine kinase 4"
"Pdzd4",0.2084819132209,0.4408,"X","PDZ domain containing 4"
"Rpl12",0.208450414513216,0.5672,"2","ribosomal protein L12"
"Nrsn1",0.20833945665883,0.3832,"13","neurensin 1"
"Ecsit",0.208293702471945,0.3668,"9","ECSIT signalling integrator"
"Clybl",0.208291928314639,0.318,"14","citrate lyase beta like"
"Ascc3",-0.20826951980536,0.5928,"10","activating signal cointegrator 1 complex subunit 3"
"Zfp605",-0.20823587803118,0.6408,"5","zinc finger protein 605"
"Deptor",-0.208212540256971,0.4184,"15","DEP domain containing MTOR-interacting protein"
"Zkscan7",-0.20819892442998,0.3348,"9","zinc finger with KRAB and SCAN domains 7"
"Ndufc2",0.208122852777958,0.0876,"7","NADH:ubiquinone oxidoreductase subunit C2"
"Cntnap4",-0.208113850488216,0.7236,"8","contactin associated protein-like 4"
"Gab1",-0.208106221450888,0.226,"8","growth factor receptor bound protein 2-associated protein 1"
"Plcb1",-0.208103388310899,0.5608,"2","phospholipase C, beta 1"
"Cd320",0.208074165523993,0.1808,"17","CD320 antigen"
"Pkd2",-0.208073234778993,0.2972,"5","polycystin 2, transient receptor potential cation channel"
"Luc7l3",-0.208006164545687,0.2308,"11","LUC7-like 3 (S. cerevisiae)"
"Dst",-0.20792992385377,0.3848,"1","dystonin"
"Zpr1",0.207926094622953,0.2528,"9","ZPR1 zinc finger"
"Polr2g",0.207924924251035,0.3356,"19","polymerase (RNA) II (DNA directed) polypeptide G"
"Lztfl1",-0.207853612285236,0.4096,"9","leucine zipper transcription factor-like 1"
"Zcchc2",-0.207774997717932,0.3476,"1","zinc finger, CCHC domain containing 2"
"Stxbp3",-0.20772917215379,0.2796,"3","syntaxin binding protein 3"
"Afdn",-0.207671239348997,0.4056,"17","afadin, adherens junction formation factor"
"Zfp266",-0.207623734886116,0.518,"9","zinc finger protein 266"
"Smad3",-0.207575389000646,0.0976,"9","SMAD family member 3"
"H2ax",0.207570411480477,0.4092,"9","H2A.X variant histone"
"Ctnnd1",-0.207507985441597,0.2128,"2","catenin (cadherin associated protein), delta 1"
"Cenpv",0.207505838449221,0.24,"11","centromere protein V"
"Dido1",-0.207492230728143,0.4848,"2","death inducer-obliterator 1"
"Klhl4",-0.207450626561419,0.3684,"X","kelch-like 4"
"Slc7a1",-0.207343255721445,0.36,"5","solute carrier family 7 (cationic amino acid transporter, y+ system), member 1"
"Zfp831",-0.207295972965108,0.4432,"2","zinc finger protein 831"
"Coq4",0.207266518930481,0.5044,"2","coenzyme Q4"
"Reep3",-0.207188462002641,0.1996,"10","receptor accessory protein 3"
"Dph2",0.207162748226023,0.0736,"4","DPH2 homolog"
"Yars",0.207080971397287,0.4164,"4","tyrosyl-tRNA synthetase"
"Lgi4",0.206835274267957,0.1524,"7","leucine-rich repeat LGI family, member 4"
"Shoc2",-0.206832367927554,0.3116,"19","Shoc2, leucine rich repeat scaffold protein"
"B9d2",0.206775703353649,0.4616,"7","B9 protein domain 2"
"Map3k10",0.206634765748702,0.414,"7","mitogen-activated protein kinase kinase kinase 10"
"Ogg1",0.206504266307063,0.3716,"6","8-oxoguanine DNA-glycosylase 1"
"Bdh1",0.206462464351356,0.1824,"16","3-hydroxybutyrate dehydrogenase, type 1"
"Ube3b",0.206440711799179,0.2812,"5","ubiquitin protein ligase E3B"
"Nol3",0.206435268403375,0.5688,"8","nucleolar protein 3 (apoptosis repressor with CARD domain)"
"Mlh3",-0.206294698698922,0.0772,"12","mutL homolog 3"
"Cox19",0.206289766678498,0.432,"5","cytochrome c oxidase assembly protein 19"
"C1ql3",-0.206269118550773,0.7068,"2","C1q-like 3"
"Unc79",-0.20623768147386,0.3584,"12","unc-79 homolog"
"Htr4",-0.206200277132785,0.6964,"18","5 hydroxytryptamine (serotonin) receptor 4"
"Pak6",0.206154619895695,0.3652,"2","p21 (RAC1) activated kinase 6"
"P3h4",0.206137936488898,0.2744,"11","prolyl 3-hydroxylase family member 4 (non-enzymatic)"
"Kcnd2",-0.206121734281958,0.662,"6","potassium voltage-gated channel, Shal-related family, member 2"
"Itpk1",0.206076084970071,0.2792,"12","inositol 1,3,4-triphosphate 5/6 kinase"
"Anapc10",-0.206057147530148,0.2352,"8","anaphase promoting complex subunit 10"
"Tfap4",0.206035810922457,0.2668,"16","transcription factor AP4"
"Rpl4",0.206018855565043,0.506,"9","ribosomal protein L4"
"Nrarp",0.205993818044562,0.09,"2","Notch-regulated ankyrin repeat protein"
"Zbtb16",-0.205946011156678,0.3268,"9","zinc finger and BTB domain containing 16"
"Ptpn2",-0.205907757741257,0.312,"18","protein tyrosine phosphatase, non-receptor type 2"
"A830036E02Rik",-0.205905597668697,0.5692,"11","RIKEN cDNA A830036E02 gene"
"Fxyd5",-0.20586430794226,0.416,"7","FXYD domain-containing ion transport regulator 5"
"Klc4",0.205826096532057,0.2828,"17","kinesin light chain 4"
"Lias",0.205810638788252,0,"5","lipoic acid synthetase"
"Col9a3",0.205772777173168,0.5868,"2","collagen, type IX, alpha 3"
"Mtch1",0.205715367924778,0.316,"17","mitochondrial carrier 1"
"Bax",0.205647026191135,0.5844,"7","BCL2-associated X protein"
"Ost4",0.205629502500228,0.3756,"5","oligosaccharyltransferase complex subunit 4 (non-catalytic)"
"Calhm5",0.20562117232354,0.544,"10","calcium homeostasis modulator family member 5"
"Tmed1",0.20560788901751,0.2548,"9","transmembrane p24 trafficking protein 1"
"Zfhx4",-0.205593689709223,0.4068,"3","zinc finger homeodomain 4"
"Ptpn5",0.205531173869351,0.1452,"7","protein tyrosine phosphatase, non-receptor type 5"
"Umad1",-0.20552391956033,0.6612,"6","UMAP1-MVP12 associated (UMA) domain containing 1"
"Itgb1bp1",0.205473240726017,0.13,"12","integrin beta 1 binding protein 1"
"Itgb1bp1",0.205473240726017,0.13,"12","integrin beta 1 binding protein 1"
"Epha7",-0.205438498491063,0.7216,"4","Eph receptor A7"
"Rxrb",0.205438401883046,0.3672,"17","retinoid X receptor beta"
"Cox6b1",0.205434545061576,0.5532,"7","cytochrome c oxidase, subunit 6B1"
"Rab11fip1",-0.205379487343594,0.5096,"8","RAB11 family interacting protein 1 (class I)"
"Atp9a",0.205323788896504,0.4188,"2","ATPase, class II, type 9A"
"Casd1",-0.205302604982424,0.932,"6","CAS1 domain containing 1"
"Trpc5",-0.205261185854855,0.482,"X","transient receptor potential cation channel, subfamily C, member 5"
"Elp6",0.205238151484402,0.3184,"9","elongator acetyltransferase complex subunit 6"
"Cbr4",0.205229205118196,0.0976,"8","carbonyl reductase 4"
"Setx",-0.205222135411185,0.4416,"2","senataxin"
"Spr",0.20517914130732,0.5136,"6","sepiapterin reductase"
"Rpl39",0.20514234175331,0.648,"X","ribosomal protein L39"
"Khdc4",-0.205064337439373,0.2816,"3","KH domain containing 4, pre-mRNA splicing factor"
"Adnp",-0.205060103941845,0.802,"2","activity-dependent neuroprotective protein"
"Kctd12",-0.204945327624134,0.4868,"14","potassium channel tetramerisation domain containing 12"
"Sars2",0.204916724421084,0.2716,"7","seryl-aminoacyl-tRNA synthetase 2"
"Exosc5",0.204883629439442,0.5256,"7","exosome component 5"
"Plekhh3",0.204809127678095,0.1348,"11","pleckstrin homology domain containing, family H (with MyTH4 domain) member 3"
"Kansl1l",-0.204771307388458,0.414,"1","KAT8 regulatory NSL complex subunit 1-like"
"Apip",-0.204711088074845,0.1844,"2","APAF1 interacting protein"
"Slitrk3",-0.204701003943753,0.6144,"3","SLIT and NTRK-like family, member 3"
"Cep70",-0.204608115846266,0.3508,"9","centrosomal protein 70"
"R3hdm4",0.204588172491635,0.466,"10","R3H domain containing 4"
"Clint1",-0.204564815168696,0.7108,"11","clathrin interactor 1"
"Ilrun",0.2045636125104,0.3132,"17","inflammation and lipid regulator with UBA-like and NBR1-like domains"
"Fbxo11",-0.204478234811707,0.462,"17","F-box protein 11"
"Taf9b",-0.20443259347869,0.066,"X","TATA-box binding protein associated factor 9B"
"Sntg1",-0.204360787636992,0.6012,"1","syntrophin, gamma 1"
"Xiap",-0.204342259287376,0.526,"X","X-linked inhibitor of apoptosis"
"Erc2",-0.204326114023369,0.7204,"14","ELKS/RAB6-interacting/CAST family member 2"
"Dgkq",0.204292764736853,0.3952,"5","diacylglycerol kinase, theta"
"Tmem38a",0.204180682121781,0.2324,"8","transmembrane protein 38A"
"Myo9a",-0.204036293006501,0.4528,"9","myosin IXa"
"Rab11fip2",-0.203999988909036,0.5164,"19","RAB11 family interacting protein 2 (class I)"
"Zdhhc16",0.203983565161965,0.0244,"19","zinc finger, DHHC domain containing 16"
"Phlpp1",-0.20397341987882,0.0988,"1","PH domain and leucine rich repeat protein phosphatase 1"
"Ogt",-0.203950902699789,0.45,"X","O-linked N-acetylglucosamine (GlcNAc) transferase (UDP-N-acetylglucosamine:polypeptide-N-acetylglucosaminyl transferase)"
"Tgfbr2",-0.20384836894135,0.6028,"9","transforming growth factor, beta receptor II"
"Hnrnpa2b1",-0.203831102730616,0.542,"6","heterogeneous nuclear ribonucleoprotein A2/B1"
"Amh",0.203762701441691,0.6524,"10","anti-Mullerian hormone"
"Wdr19",-0.203740808738405,0.4112,"5","WD repeat domain 19"
"Eme2",0.203740400835396,0.178,"17","essential meiotic structure-specific endonuclease subunit 2"
"Cdh10",-0.203702225449094,0.4548,"15","cadherin 10"
"Cyhr1",0.203657995883733,0.298,"15","cysteine and histidine rich 1"
"Dennd4c",-0.203636837252192,0.502,"4","DENN/MADD domain containing 4C"
"Cox7b",0.203613736966229,0.3532,"X","cytochrome c oxidase subunit 7B"
"Mpdu1",0.203605413932307,0.2616,"11","mannose-P-dolichol utilization defect 1"
"Sdr39u1",0.203599844743842,0.0176,"14","short chain dehydrogenase/reductase family 39U, member 1"
"Gpbp1l1",-0.203589498237137,0,"4","GC-rich promoter binding protein 1-like 1"
"Atpaf2",0.203506048739773,0.0816,"11","ATP synthase mitochondrial F1 complex assembly factor 2"
"B3gnt2",-0.203469823910901,0.4348,"11","UDP-GlcNAc:betaGal beta-1,3-N-acetylglucosaminyltransferase 2"
"Mxra7",0.203456460989053,0.1356,"11","matrix-remodelling associated 7"
"Rac3",0.203357781704142,0.0412,"11","Rac family small GTPase 3"
"Ntng1",-0.203291003742139,0.1312,"3","netrin G1"
"Grid2",-0.203273681714958,0.3244,"6","glutamate receptor, ionotropic, delta 2"
"Chsy1",-0.203235616192655,0.0064,"7","chondroitin sulfate synthase 1"
"Exoc3l",0.203219771631585,0.1372,"8","exocyst complex component 3-like"
"Fdxr",0.203190482146374,0.5172,"11","ferredoxin reductase"
"Epha3",-0.203159118825683,0.5224,"16","Eph receptor A3"
"Eogt",-0.203087471549094,0.5088,"6","EGF domain-specific O-linked N-acetylglucosamine (GlcNAc) transferase"
"Chaf1a",0.20305756873072,0.1452,"17","chromatin assembly factor 1, subunit A (p150)"
"Rnpepl1",0.203028631973042,0.4528,"1","arginyl aminopeptidase (aminopeptidase B)-like 1"
"Ric8a",0.203001781263731,0.1416,"7","RIC8 guanine nucleotide exchange factor A"
"Snap25",-0.202999827660008,0.4864,"2","synaptosomal-associated protein 25"
"Eya1",-0.202817197908417,0.3092,"1","EYA transcriptional coactivator and phosphatase 1"
"Tmem161b",-0.202782418818949,0.8256,"13","transmembrane protein 161B"
"Abtb1",0.202681598877755,0.3944,"6","ankyrin repeat and  BTB (POZ) domain containing 1"
"Mzt1",-0.202633857904586,0.396,"14","mitotic spindle organizing protein 1"
"Tnr",-0.202585255833226,0.7484,"1","tenascin R"
"Nkrf",-0.202577908806592,0.4892,"X","NF-kappaB repressing factor"
"Zfp846",-0.202526683933881,0.1544,"9","zinc finger protein 846"
"Zfp280c",-0.202429066781836,0.506,"X","zinc finger protein 280C"
"Stmn2",0.202384705608008,0.0916,"3","stathmin-like 2"
"Cep350",-0.202298052118556,0.4672,"1","centrosomal protein 350"
"Frs3",0.202295106398243,0.4544,"17","fibroblast growth factor receptor substrate 3"
"Arl15",-0.20228690528217,0.442,"13","ADP-ribosylation factor-like 15"
"Pou3f4",-0.202258936963843,0.1896,"X","POU domain, class 3, transcription factor 4"
"Tnfsf12",-0.20224516912212,0.3664,"11","tumor necrosis factor (ligand) superfamily, member 12"
"Zfp438",-0.202228783873294,0.57,"18","zinc finger protein 438"
"Top3a",0.202222659332169,0.158,"11","topoisomerase (DNA) III alpha"
"Etv5",-0.202205641124309,0.2388,"16","ets variant 5"
"Tmem121",0.202154932753487,0.4472,"12","transmembrane protein 121"
"Hsd17b10",0.202116902033797,0.4484,"X","hydroxysteroid (17-beta) dehydrogenase 10"
"Prdx1",0.202108923639635,0.2656,"4","peroxiredoxin 1"
"Morn2",0.202088993953065,0.4304,"17","MORN repeat containing 2"
"Zfp692",0.201961436155625,0.4816,"11","zinc finger protein 692"
"Cdkl4",-0.201951070585471,0.4104,"17","cyclin-dependent kinase-like 4"
"Wsb1",-0.20193472152397,0.444,"11","WD repeat and SOCS box-containing 1"
"Yipf4",-0.201930871819842,0.7832,"17","Yip1 domain family, member 4"
"Neurl1a",0.201919935764975,0.4704,"19","neuralized E3 ubiquitin protein ligase 1A"
"Nptn",-0.201905901611134,0.7276,"9","neuroplastin"
"Klk8",0.201880043560265,0.572,"7","kallikrein related-peptidase 8"
"Psmc6",-0.201767721942033,0.662,"14","proteasome (prosome, macropain) 26S subunit, ATPase, 6"
"Cck",0.201761849813185,0.4352,"9","cholecystokinin"
"Aff2",-0.20167595141534,0.7988,"X","AF4/FMR2 family, member 2"
"Psenen",0.201658233665909,0.5372,"7","presenilin enhancer gamma secretase subunit"
"Svop",0.201636165104652,0.3392,"5","SV2 related protein"
"Fchsd2",-0.201630542037802,0.4236,"7","FCH and double SH3 domains 2"
"Pitpnm1",0.201592985376863,0.0388,"19","phosphatidylinositol transfer protein, membrane-associated 1"
"Canx",-0.201592047092982,0.0716,"11","calnexin"
"Cldn22",0.201573480575729,0.4876,"8","claudin 22"
"Dapk3",0.201572350130035,0.4984,"10","death-associated protein kinase 3"
"Grik1",-0.201549260960589,0.3276,"16","glutamate receptor, ionotropic, kainate 1"
"Lmo7",-0.201475092005458,0.5544,"14","LIM domain only 7"
"Igdcc3",0.201449941274893,0.3816,"9","immunoglobulin superfamily, DCC subclass, member 3"
"Trpt1",0.20131397364632,0.448,"19","tRNA phosphotransferase 1"
"Trem2",-0.201268366541383,0.556,"17","triggering receptor expressed on myeloid cells 2"
"Gm6712",-0.201254989312527,0.0932,"17","predicted gene 6712"
"Mbtd1",-0.201245576609792,0.262,"11","mbt domain containing 1"
"Synpr",-0.201179419078444,0.8916,"14","synaptoporin"
"Cd164",-0.201149706305498,0.3128,"10","CD164 antigen"
"Ttc38",0.201109858836229,0.1132,"15","tetratricopeptide repeat domain 38"
"Scaf4",-0.201077328202448,0.2248,"16","SR-related CTD-associated factor 4"
"Ranbp3",0.201061431352261,0.228,"17","RAN binding protein 3"
"Scrn2",0.201024378684117,0.496,"11","secernin 2"
"Mrps15",0.200892780971533,0.51,"4","mitochondrial ribosomal protein S15"
"Tox3",-0.200891459529269,0.2928,"8","TOX high mobility group box family member 3"
"Fam217b",-0.200869643433244,0.5368,"2","family with sequence similarity 217, member B"
"Mndal",-0.200820673978065,0.3016,"1","myeloid nuclear differentiation antigen like"
"Scamp4",0.200820620229561,0.4508,"10","secretory carrier membrane protein 4"
"Hspa1b",-0.200814670406188,0.4004,"17","heat shock protein 1B"
"Csf2ra",-0.200802591269373,0.4708,"19","colony stimulating factor 2 receptor, alpha, low-affinity (granulocyte-macrophage)"
"Zfp36l2",-0.200766909720981,0.4836,"17","zinc finger protein 36, C3H type-like 2"
"Slc6a20a",-0.200753171949778,0.7148,"9","solute carrier family 6 (neurotransmitter transporter), member 20A"
"Chd9",-0.200712465752934,0.6516,"8","chromodomain helicase DNA binding protein 9"
"Hopx",0.200684080226205,0.534,"5","HOP homeobox"
"Pgp",0.200638564227663,0.4232,"17","phosphoglycolate phosphatase"
"Pcdh8",-0.200518851747154,0.8012,"14","protocadherin 8"
"Rnaseh2c",0.200436065262075,0.5252,"19","ribonuclease H2, subunit C"
"Dek",-0.200423831535925,0.6444,"13","DEK proto-oncogene (DNA binding)"
"Plppr3",0.200417613012314,0.1556,"10","phospholipid phosphatase related 3"
"Dusp10",-0.200417607219398,0.254,"1","dual specificity phosphatase 10"
"Spag1",-0.200403908549566,0.3488,"15","sperm associated antigen 1"
"Hypk",0.200394133353662,0.5052,"2","huntingtin interacting protein K"
"Zfp948",-0.200297202082459,0.3528,"17","zinc finger protein 948"
"Zfp729a",-0.200263494298306,0.5256,"13","zinc finger protein 729a"
"Cfap65",0.200258956640483,0.5576,"1","cilia and flagella associated protein 65"
"Nr1d2",-0.200222084332597,0.348,"14","nuclear receptor subfamily 1, group D, member 2"
"Synj1",-0.200177001591115,0.572,"16","synaptojanin 1"
"Ptpn13",-0.200021166346683,0.356,"5","protein tyrosine phosphatase, non-receptor type 13"
"Ubac1",0.200009913363844,0.3336,"2","ubiquitin associated domain containing 1"
"Arhgap21",-0.199985959362871,0.5144,"2","Rho GTPase activating protein 21"
"Cyb561",0.199979552361592,0.1912,"11","cytochrome b-561"
"4930430F08Rik",-0.199956229027937,0.3412,"10","RIKEN cDNA 4930430F08 gene"
"Dhrs4",0.199933119857779,0.3836,"14","dehydrogenase/reductase (SDR family) member 4"
"Aasdhppt",-0.199797128368223,0.26,"9","aminoadipate-semialdehyde dehydrogenase-phosphopantetheinyl transferase"
"Spred1",-0.199790042549424,0.0644,"2","sprouty protein with EVH-1 domain 1, related sequence"
"Tedc2",0.199780956188401,0.1772,"17","tubulin epsilon and delta complex 2"
"Atp5h",0.199542788856829,0.5032,"11","ATP synthase, H+ transporting, mitochondrial F0 complex, subunit D"
"Gfer",0.199496459048156,0.2128,"17","growth factor, augmenter of liver regeneration"
"Ttc21b",-0.19947710635422,0.3756,"2","tetratricopeptide repeat domain 21B"
"Zfp593",0.199415986694052,0.2668,"4","zinc finger protein 593"
"Abhd11",0.199350800492599,0.4364,"5","abhydrolase domain containing 11"
"Epb41l2",-0.199345378366844,0.0548,"10","erythrocyte membrane protein band 4.1 like 2"
"Psmd4",0.199340159329257,0.4912,"3","proteasome (prosome, macropain) 26S subunit, non-ATPase, 4"
"Dlx6os1",-0.199325369977395,0.3164,"6","distal-less homeobox 6, opposite strand 1"
"Mterf3",-0.199302112165355,0.3956,"13","mitochondrial transcription termination factor 3"
"Rab33a",0.199292410818099,0.5004,"X","RAB33A, member RAS oncogene family"
"Arid3b",0.199242024983075,0.4056,"9","AT rich interactive domain 3B (BRIGHT-like)"
"Cst3",0.19923292985373,0.5644,"2","cystatin C"
"Sass6",-0.199162920835029,0.348,"3","SAS-6 centriolar assembly protein"
"Mycbp2",-0.199141315615785,0.4304,"14","MYC binding protein 2, E3 ubiquitin protein ligase"
"Rpl7l1",0.199075748136414,0.084,"17","ribosomal protein L7-like 1"
"Dus1l",0.199015895547219,0.4916,"11","dihydrouridine synthase 1-like (S. cerevisiae)"
"Gpr162",0.198971635956648,0.008,"6","G protein-coupled receptor 162"
"Dnajb14",-0.198959498198152,0.7284,"3","DnaJ heat shock protein family (Hsp40) member B14"
"Nagk",0.198954812440745,0.372,"6","N-acetylglucosamine kinase"
"Casp8ap2",-0.198946302218069,0.5932,"4","caspase 8 associated protein 2"
"Ppfibp1",-0.198899883112163,0.626,"6","PTPRF interacting protein, binding protein 1 (liprin beta 1)"
"Fars2",0.198858747823779,0.396,"13","phenylalanine-tRNA synthetase 2 (mitochondrial)"
"Ethe1",0.19884827261815,0.2548,"7","ethylmalonic encephalopathy 1"
"Rps17",0.198727604689855,0.614,"7","ribosomal protein S17"
"Ppie",0.198710115179332,0.4416,"4","peptidylprolyl isomerase E (cyclophilin E)"
"Ssr2",0.198694362386292,0.2296,"3","signal sequence receptor, beta"
"Il1rapl1",-0.198673811742428,0.5072,"X","interleukin 1 receptor accessory protein-like 1"
"Pdcd6",0.198638227543205,0.1096,"13","programmed cell death 6"
"Naa10",0.198630685710003,0.5384,"X","N(alpha)-acetyltransferase 10, NatA catalytic subunit"
"Tst",0.198629809854984,0.6104,"15","thiosulfate sulfurtransferase, mitochondrial"
"Atrn",-0.198622978667371,0.4872,"2","attractin"
"Clk2",0.198549391627529,0.5384,"3","CDC-like kinase 2"
"Stk32b",-0.198508880031768,0.35,"5","serine/threonine kinase 32B"
"Ntpcr",0.198442486715181,0.4636,"8","nucleoside-triphosphatase, cancer-related"
"Yipf3",0.198414334801766,0.2136,"17","Yip1 domain family, member 3"
"Zfp143",-0.19837162474816,0.4332,"7","zinc finger protein 143"
"Mplkip",-0.198341319868871,0.1096,"13","M-phase specific PLK1 intereacting protein"
"Car10",-0.198232206348447,0.1332,"11","carbonic anhydrase 10"
"Gm14305",-0.198183937594376,0.4724,"2","predicted gene 14305"
"Wars2",-0.198167720634409,0.5372,"3","tryptophanyl tRNA synthetase 2 (mitochondrial)"
"Snx11",0.198156075307067,0.0652,"11","sorting nexin 11"
"Pcdhgb2",-0.198128810530586,0.7256,"18","protocadherin gamma subfamily B, 2"
"Spon1",-0.198090223796694,0.1388,"7","spondin 1, (f-spondin) extracellular matrix protein"
"Maf1",0.19807916565443,0.1284,"15","MAF1 homolog, negative regulator of RNA polymerase III"
"Exoc6",-0.197995984152066,0.6208,"19","exocyst complex component 6"
"Lig4",-0.19799440613075,0.4972,"8","ligase IV, DNA, ATP-dependent"
"Lysmd1",0.197968901645288,0.2456,"3","LysM, putative peptidoglycan-binding, domain containing 1"
"Phb2",0.19784278791424,0.344,"6","prohibitin 2"
"Tpi1",0.19783247077757,0.1244,"6","triosephosphate isomerase 1"
"F8a",0.197783038603965,0.3372,"X","factor 8-associated gene A"
"Rpp30",0.197729094952073,0.2204,"19","ribonuclease P/MRP 30 subunit"
"Ddn",0.197697976493536,0.4592,"15","dendrin"
"Zdhhc3",0.197677926943316,0.2112,"9","zinc finger, DHHC domain containing 3"
"Rab30",-0.197659228719173,0.4452,"7","RAB30, member RAS oncogene family"
"Camk2n1",0.197636669627194,0.4924,"4","calcium/calmodulin-dependent protein kinase II inhibitor 1"
"Flrt2",-0.197608786155595,0.5684,"12","fibronectin leucine rich transmembrane protein 2"
"Tgs1",-0.197557823250687,0.5488,"4","trimethylguanosine synthase 1"
"Atp1b1",-0.19752321140535,0.8408,"1","ATPase, Na+/K+ transporting, beta 1 polypeptide"
"Gnai3",-0.197510162291683,0.486,"3","guanine nucleotide binding protein (G protein), alpha inhibiting 3"
"Senp7",-0.19746467854691,0.6024,"16","SUMO1/sentrin specific peptidase 7"
"Gng13",0.197412014957097,0.6956,"17","guanine nucleotide binding protein (G protein), gamma 13"
"Catip",0.197312289667514,0.59,"1","ciliogenesis associated TTC17 interacting protein"
"Psmb7",0.197275777147905,0.1372,"2","proteasome (prosome, macropain) subunit, beta type 7"
"Ficd",-0.197249833716715,0.1476,"5","FIC domain containing"
"Cbx6",0.197195841648027,0.4712,"15","chromobox 6"
"Rps12",0.197117355465141,0.6048,"10","ribosomal protein S12"
"Med30",0.197081403832412,0.1724,"15","mediator complex subunit 30"
"Rcor2",0.19704402272627,0.2984,"19","REST corepressor 2"
"Smpd1",0.197043654147332,0.1008,"7","sphingomyelin phosphodiesterase 1, acid lysosomal"
"Zswim3",-0.197034138848524,0.1496,"2","zinc finger SWIM-type containing 3"
"Phlda3",0.196941726623052,0.4524,"1","pleckstrin homology like domain, family A, member 3"
"Degs2",0.196874838954507,0.532,"12","delta(4)-desaturase, sphingolipid 2"
"Zfp955b",-0.196869288822434,0.5656,"17","zinc finger protein 955B"
"U2surp",-0.196863325510091,0.3876,"9","U2 snRNP-associated SURP domain containing"
"Prr18",0.196848501260815,0.5844,"17","proline rich 18"
"Dgkz",0.196701648882463,0.4888,"2","diacylglycerol kinase zeta"
"Aim2",-0.19667183765634,0.258,"1","absent in melanoma 2"
"Smim12",0.196611902861048,0.544,"4","small integral membrane protein 12"
"Faap20",0.196594472859476,0.4768,"4","Fanconi anemia core complex associated protein 20"
"Ndufa5",0.196593855055303,0.5236,"6","NADH:ubiquinone oxidoreductase subunit A5"
"Ppp1r14c",0.196541811123705,0.1144,"10","protein phosphatase 1, regulatory inhibitor subunit 14C"
"Zbtb8a",0.196430811215799,0.1184,"4","zinc finger and BTB domain containing 8a"
"Tmem123",-0.196379317244397,0.4068,"9","transmembrane protein 123"
"Pdxp",0.196377990139112,0.4524,"15","pyridoxal (pyridoxine, vitamin B6) phosphatase"
"Sp3",-0.196334663512282,0.6432,"2","trans-acting transcription factor 3"
"Med13",-0.196205104122761,0.3704,"11","mediator complex subunit 13"
"Snhg20",0.196184375565711,0.6464,"11","small nucleolar RNA host gene 20"
"Usp33",-0.19615550798255,0.4324,"3","ubiquitin specific peptidase 33"
"Ifitm2",-0.196137953154044,0.4508,"7","interferon induced transmembrane protein 2"
"Ptpre",-0.196119946277188,0.4832,"7","protein tyrosine phosphatase, receptor type, E"
"Pias3",0.196081477915071,0.0664,"3","protein inhibitor of activated STAT 3"
"Nlgn1",-0.195924088630507,0.4764,"3","neuroligin 1"
"Itgav",-0.195902714485251,0.582,"2","integrin alpha V"
"Wsb2",0.195901660060384,0.3368,"5","WD repeat and SOCS box-containing 2"
"Necap2",0.195880011301064,0.1992,"4","NECAP endocytosis associated 2"
"Nckap5l",0.195865726342907,0.2528,"15","NCK-associated protein 5-like"
"Fem1a",0.195841087337525,0.012,"17","fem 1 homolog a"
"Cul3",-0.195811969172927,0.4968,"1","cullin 3"
"Pgk1",0.195809424399134,0.0924,"X","phosphoglycerate kinase 1"
"B230219D22Rik",-0.195789977880606,0.6892,"13","RIKEN cDNA B230219D22 gene"
"Prps1l3",-0.195746781130203,0.6816,"12","phosphoribosyl pyrophosphate synthetase 1-like 3"
"Elmod2",-0.195728893389729,0.0636,"8","ELMO/CED-12 domain containing 2"
"Myh7b",0.195717894760429,0.4032,"2","myosin, heavy chain 7B, cardiac muscle, beta"
"St3gal2",0.195613092074527,0.2072,"8","ST3 beta-galactoside alpha-2,3-sialyltransferase 2"
"Foxp4",0.195597538855783,0.4624,"17","forkhead box P4"
"Aarsd1",0.195583775043896,0.4148,"11","alanyl-tRNA synthetase domain containing 1"
"Ilk",0.195565466953657,0.1704,"7","integrin linked kinase"
"Iscu",0.195548482854495,0.3736,"5","iron-sulfur cluster assembly enzyme"
"Dlx5",0.195493849606408,0.1724,"6","distal-less homeobox 5"
"Bdp1",-0.195479305015428,0.5792,"13","B double prime 1, subunit of RNA polymerase III transcription initiation factor IIIB"
"Ston2",-0.19546152089561,0.0912,"12","stonin 2"
"Slc6a8",0.195444385753368,0.1384,"X","solute carrier family 6 (neurotransmitter transporter, creatine), member 8"
"Arhgef25",0.195333076991771,0.3376,"10","Rho guanine nucleotide exchange factor (GEF) 25"
"Pacsin2",-0.19533175184985,0.0876,"15","protein kinase C and casein kinase substrate in neurons 2"
"Rarg",-0.195309949040345,0.0928,"15","retinoic acid receptor, gamma"
"AI987944",-0.195254719500399,0,"7","expressed sequence AI987944"
"Cadm2",-0.19524064745198,0.5912,"16","cell adhesion molecule 2"
"St6galnac4",0.195214538131193,0.1084,"2","ST6 (alpha-N-acetyl-neuraminyl-2,3-beta-galactosyl-1,3)-N-acetylgalactosaminide alpha-2,6-sialyltransferase 4"
"Phf5a",0.195169405992749,0.3992,"15","PHD finger protein 5A"
"Zgrf1",-0.195146998910216,0.4596,"3","zinc finger, GRF-type containing 1"
"Vma21",-0.1951341433143,0.2852,"X","VMA21 vacuolar H+-ATPase homolog (S. cerevisiae)"
"Chst15",-0.195055899007468,0.206,"7","carbohydrate sulfotransferase 15"
"Elavl2",-0.195047633937612,0.4128,"4","ELAV like RNA binding protein 1"
"Tmem106b",-0.195005058847876,0.5084,"6","transmembrane protein 106B"
"Nmd3",-0.194985881964987,0.44,"3","NMD3 ribosome export adaptor"
"Resf1",-0.194975758297736,0.1448,"6","retroelement silencing factor 1"
"Ess2",0.194940189176998,0.034,"16","ess-2 splicing factor"
"Rpl29",0.194897948820015,0.6216,"9","ribosomal protein L29"
"Slc39a3",0.194886218130055,0.2372,"10","solute carrier family 39 (zinc transporter), member 3"
"Tab1",0.194760534403654,0.4588,"15","TGF-beta activated kinase 1/MAP3K7 binding protein 1"
"Ahctf1",-0.194736120407885,0.5028,"1","AT hook containing transcription factor 1"
"Ptov1",0.194704839199396,0.4724,"7","prostate tumor over expressed gene 1"
"Zfc3h1",-0.19467819336192,0.4476,"10","zinc finger, C3H1-type containing"
"Ackr3",0.194617071864251,0.496,"1","atypical chemokine receptor 3"
"Cdkl1",0.194603728674733,0.2636,"12","cyclin-dependent kinase-like 1 (CDC2-related kinase)"
"Chmp1b",-0.194496265123179,0.4112,"18","charged multivesicular body protein 1B"
"Cacna2d1",-0.194472963863994,0.3316,"5","calcium channel, voltage-dependent, alpha2/delta subunit 1"
"Gdpd5",0.194463436545842,0.312,"7","glycerophosphodiester phosphodiesterase domain containing 5"
"Cntnap5b",-0.194450586390654,0.4704,"1","contactin associated protein-like 5B"
"Scamp5",0.194368647386758,0.0932,"9","secretory carrier membrane protein 5"
"Rad21",-0.194339605611614,0.3888,"15","RAD21 cohesin complex component"
"Ncor1",-0.194332398437904,0.388,"11","nuclear receptor co-repressor 1"
"Trhde",-0.194231467273466,0.7264,"10","TRH-degrading enzyme"
"Rbpms2",-0.194198562187553,0.2372,"9","RNA binding protein with multiple splicing 2"
"Dusp26",0.194179924678362,0.566,"8","dual specificity phosphatase 26 (putative)"
"Snrpa1",0.194151414438553,0.4332,"7","small nuclear ribonucleoprotein polypeptide A'"
"Ankrd54",0.194145153437233,0.1556,"15","ankyrin repeat domain 54"
"App",-0.194124992747804,0.5804,"16","amyloid beta (A4) precursor protein"
"Bloc1s2",0.194083781941748,0.3004,"19","biogenesis of lysosomal organelles complex-1, subunit 2"
"Slc25a33",0.194079331257649,0.192,"4","solute carrier family 25, member 33"
"Jagn1",0.194070729013711,0.0976,"6","jagunal homolog 1"
"Etnk1",-0.194058352834349,0.5212,"6","ethanolamine kinase 1"
"Gng7",0.194055069935837,0.5684,"10","guanine nucleotide binding protein (G protein), gamma 7"
"Dtnb",0.194054886375117,0.2312,"12","dystrobrevin, beta"
"Hjurp",0.194041159334616,0.28,"1","Holliday junction recognition protein"
"Hjurp",0.194041159334616,0.28,"1","Holliday junction recognition protein"
"9330159F19Rik",-0.194029675777307,0.4116,"10","RIKEN cDNA 9330159F19 gene"
"Gstt1",-0.194020015738647,0.4076,"10","glutathione S-transferase, theta 1"
"Prox2",0.19401553564455,0.5536,"12","prospero homeobox 2"
"Atxn7l3",0.193989790280122,0.152,"11","ataxin 7-like 3"
"Mphosph10",-0.193970416293515,0.5712,"7","M-phase phosphoprotein 10 (U3 small nucleolar ribonucleoprotein)"
"Snapc3",-0.19391956374541,0.3044,"4","small nuclear RNA activating complex, polypeptide 3"
"Lrrc42",0.193870192094954,0.0332,"4","leucine rich repeat containing 42"
"Gfpt1",-0.193845920833866,0.4356,"6","glutamine fructose-6-phosphate transaminase 1"
"Cacna1c",-0.193844449798443,0.3872,"6","calcium channel, voltage-dependent, L type, alpha 1C subunit"
"Prcp",-0.193839649694455,0.1244,"7","prolylcarboxypeptidase (angiotensinase C)"
"Ccdc170",-0.193810639988144,0.702,"10","coiled-coil domain containing 170"
"Huwe1",-0.193755322816815,0.3844,"X","HECT, UBA and WWE domain containing 1"
"Trappc3",0.193707051755085,0.1984,"4","trafficking protein particle complex 3"
"Kcnn1",0.193704481227367,0.2412,"8","potassium intermediate/small conductance calcium-activated channel, subfamily N, member 1"
"Tbc1d32",-0.193693508069538,0.244,"10","TBC1 domain family, member 32"
"Ntng2",0.193688986557222,0.394,"2","netrin G2"
"1300002E11Rik",-0.193671123161432,0.33,"16","RIKEN cDNA 1300002E11 gene"
"Shisa4",0.193626274552148,0.2848,"1","shisa family member 4"
"Chchd5",-0.19358494580022,0.4008,"2","coiled-coil-helix-coiled-coil-helix domain containing 5"
"Gm9899",0.193563529697751,0.4076,"5","predicted gene 9899"
"Pdcl",-0.193552657117482,0.5864,"2","phosducin-like"
"Nol8",-0.19355112561423,0.5492,"13","nucleolar protein 8"
"Zfp458",-0.193524133714563,0.1216,"13","zinc finger protein 458"
"Aqp11",0.193475967582105,0.2252,"7","aquaporin 11"
"Lrrc41",0.193465920713651,0.168,"4","leucine rich repeat containing 41"
"Aktip",0.193446658428091,0.3668,"8","AKT interacting protein"
"Hsph1",-0.193369254209873,0.15,"5","heat shock 105kDa/110kDa protein 1"
"Mpzl1",0.193340203682252,0.0912,"1","myelin protein zero-like 1"
"Sf3a1",-0.193296047504808,0.2484,"11","splicing factor 3a, subunit 1"
"Gsto1",0.193171662658161,0.1544,"19","glutathione S-transferase omega 1"
"D430041D05Rik",-0.19316371370864,0.468,"2","RIKEN cDNA D430041D05 gene"
"Blmh",0.193133113583405,0.136,"11","bleomycin hydrolase"
"Dnaaf4",0.19312856008456,0.1924,"9","dynein axonemal assembly factor 4"
"Cyp4f13",0.193125223617624,0.4044,"17","cytochrome P450, family 4, subfamily f, polypeptide 13"
"Arhgap20",-0.19308848749348,0.7196,"9","Rho GTPase activating protein 20"
"Snrpn",-0.193071539702828,0.3976,"7","small nuclear ribonucleoprotein N"
"Bzw1",-0.192938433784595,0.2988,"1","basic leucine zipper and W2 domains 1"
"Pars2",0.192862784646445,0.3952,"4","prolyl-tRNA synthetase (mitochondrial)(putative)"
"Zfp691",0.192856629032081,0.2276,"4","zinc finger protein 691"
"Tmem30a",-0.192833286516987,0.7092,"9","transmembrane protein 30A"
"Arhgap31",-0.192819969226274,0.4056,"16","Rho GTPase activating protein 31"
"F2r",0.192750381151718,0.5388,"13","coagulation factor II (thrombin) receptor"
"Aamdc",0.192742576611473,0.3384,"7","adipogenesis associated Mth938 domain containing"
"Atad2",-0.192672428715468,0.5168,"15","ATPase family, AAA domain containing 2"
"Mgat4c",-0.192649710947538,0.6904,"10","MGAT4 family, member C"
"Cnot3",-0.192565942184233,0.2068,"7","CCR4-NOT transcription complex, subunit 3"
"Abhd12",0.192545709629872,0.34,"2","abhydrolase domain containing 12"
"Adprh",0.192528532317616,0.1664,"16","ADP-ribosylarginine hydrolase"
"Abi3",0.192512793372916,0.144,"11","ABI family member 3"
"Stoml2",0.192398556731185,0.1936,"4","stomatin (Epb7.2)-like 2"
"Slmap",-0.192353708109682,0.5148,"14","sarcolemma associated protein"
"Plek",-0.192324660980214,0.6552,"11","pleckstrin"
"Meis3",0.192259349752856,0.362,"7","Meis homeobox 3"
"Stoml1",0.19223295553478,0.3372,"9","stomatin-like 1"
"Fam174b",0.192229706958524,0.1764,"7","family with sequence similarity 174, member B"
"Pik3r2",0.192192117854289,0.1884,"8","phosphoinositide-3-kinase regulatory subunit 2"
"Mpi",0.192190534029379,0.0532,"9","mannose phosphate isomerase"
"Eef1akmt1",0.192168716485539,0.45,"14","EEF1A alpha lysine methyltransferase 1"
"Nsun4",0.192099536124802,0.0628,"4","NOL1/NOP2/Sun domain family, member 4"
"Hmgcl",0.192086910134298,0.2104,"4","3-hydroxy-3-methylglutaryl-Coenzyme A lyase"
"Cope",0.19208336470098,0.4784,"8","coatomer protein complex, subunit epsilon"
"Son",-0.191865013341041,0.5316,"16","Son DNA binding protein"
"Tut4",-0.191801063126049,0.4636,"4","terminal uridylyl transferase 4"
"Slc48a1",0.191771689693002,0.5168,"15","solute carrier family 48 (heme transporter), member 1"
"Pdrg1",0.191760989985577,0.5116,"2","p53 and DNA damage regulated 1"
"Gm42517",0.191745656567875,0.0924,"5","predicted gene 42517"
"Tspan4",0.191698288334742,0.208,"7","tetraspanin 4"
"Asxl2",-0.19157634564739,0.5604,"12","ASXL transcriptional regulator 2"
"Lrrc14",0.191573151822729,0.076,"15","leucine rich repeat containing 14"
"Pwwp2b",0.191569055578727,0.3408,"7","PWWP domain containing 2B"
"Otulinl",-0.191546576042237,0.6908,"15","OTU deubiquitinase with linear linkage specificity like"
"Cr1l",-0.191426116742131,0.474,"1","complement component (3b/4b) receptor 1-like"
"Nxt2",-0.191422241408612,0.4248,"X","nuclear transport factor 2-like export factor 2"
"Kctd15",0.191390605986832,0.2412,"7","potassium channel tetramerisation domain containing 15"
"Creb3l1",-0.19136719687341,0.494,"2","cAMP responsive element binding protein 3-like 1"
"Mtm1",-0.191352321007874,0.5628,"X","X-linked myotubular myopathy gene 1"
"Rpf1",-0.191305343937437,0.2628,"3","ribosome production factor 1 homolog"
"Ralb",0.191239743824431,0.3692,"1","v-ral simian leukemia viral oncogene B"
"Sik3",-0.191231650806292,0.2332,"9","SIK family kinase 3"
"Fut8",-0.191222906568784,0.2268,"12","fucosyltransferase 8"
"Taok3",-0.191215937815798,0.0172,"5","TAO kinase 3"
"1110038F14Rik",0.191191672078926,0.3768,"15","RIKEN cDNA 1110038F14 gene"
"Ercc6",-0.191190184439818,0.6116,"14","excision repair cross-complementing rodent repair deficiency, complementation group 6"
"Fam43a",-0.191183628466611,0.3788,"16","family with sequence similarity 43, member A"
"Hspa13",-0.191168845584821,0.428,"16","heat shock protein 70 family, member 13"
"Bet1",-0.19111640738698,0.252,"6","Bet1 golgi vesicular membrane trafficking protein"
"Riox1",0.191090471586318,0.0696,"12","ribosomal oxygenase 1"
"Gpr25",-0.191058309082977,0.5076,"1","G protein-coupled receptor 25"
"Commd1",0.191055375089393,0.4156,"11","COMM domain containing 1"
"Ndufs6",0.191052421789004,0.5544,"13","NADH:ubiquinone oxidoreductase core subunit S6"
"Pnck",0.191038060033414,0.488,"X","pregnancy upregulated non-ubiquitously expressed CaM kinase"
"Vmn2r29",0.191011959569424,0.1928,"7","vomeronasal 2, receptor 29"
"Abce1",-0.190990062573306,0.2012,"8","ATP-binding cassette, sub-family E (OABP), member 1"
"Kat6b",-0.190977075253489,0.5516,"14","K(lysine) acetyltransferase 6B"
"Peg13",-0.190915208869381,0.0764,"15","paternally expressed 13"
"Pcdhga8",-0.19090931178145,0.6028,"18","protocadherin gamma subfamily A, 8"
"Krt222",-0.190908947393519,0.292,"11","keratin 222"
"Pdpk1",-0.19087446308862,0.636,"17","3-phosphoinositide dependent protein kinase 1"
"Mical2",-0.190859673974115,0.1148,"7","microtubule associated monooxygenase, calponin and LIM domain containing 2"
"Stx5a",0.190821587504058,0.25,"19","syntaxin 5A"
"Sharpin",0.19081791457947,0.4932,"15","SHANK-associated RH domain interacting protein"
"Ctdspl2",-0.190810989456258,0.582,"2","CTD (carboxy-terminal domain, RNA polymerase II, polypeptide A) small phosphatase like 2"
"Brox",-0.190759156541112,0.0428,"1","BRO1 domain and CAAX motif containing"
"Pcsk7",0.190752966064126,0.2176,"9","proprotein convertase subtilisin/kexin type 7"
"Plekhj1",0.190743693106343,0.4908,"10","pleckstrin homology domain containing, family J member 1"
"Slc35c2",0.190711096645122,0.3516,"2","solute carrier family 35, member C2"
"Wdr11",-0.190695399347621,0.4664,"7","WD repeat domain 11"
"Camta1",-0.190634437234603,0.2812,"4","calmodulin binding transcription activator 1"
"Keap1",0.190562409397082,0.392,"9","kelch-like ECH-associated protein 1"
"Hinfp",0.190539647228224,0.5788,"9","histone H4 transcription factor"
"Spen",-0.190506891914005,0.394,"4","spen family transcription repressor"
"Sap18",0.190491027283191,0.316,"14","Sin3-associated polypeptide 18"
"Hsdl1",0.190416079044713,0.2224,"8","hydroxysteroid dehydrogenase like 1"
"Ebf4",0.190407917406273,0.4276,"2","early B cell factor 4"
"Golga7b",0.190368652351668,0.5304,"19","golgi autoantigen, golgin subfamily a, 7B"
"Efr3a",-0.190268257300258,0.05,"15","EFR3 homolog A"
"Epb41l4b",-0.190246674752166,0.0088,"4","erythrocyte membrane protein band 4.1 like 4b"
"Ccdc59",-0.190245672765654,0.074,"10","coiled-coil domain containing 59"
"Otulin",0.190221467885149,0.3452,"15","OTU deubiquitinase with linear linkage specificity"
"Sema4f",0.19013589210275,0.06,"6","sema domain, immunoglobulin domain (Ig), TM domain, and short cytoplasmic domain"
"Rlf",-0.19010093765835,0.6708,"4","rearranged L-myc fusion sequence"
"Poldip2",0.190090265256011,0.2584,"11","polymerase (DNA-directed), delta interacting protein 2"
"Pibf1",-0.19008285721548,0.4752,"14","progesterone immunomodulatory binding factor 1"
"Ranbp6",-0.190080635853575,0.5868,"19","RAN binding protein 6"
"Klhl33",-0.190079035894567,0.3096,"14","kelch-like 33"
"Csrp2",0.190041061711965,0.4292,"10","cysteine and glycine-rich protein 2"
"Gal3st1",0.190017809257408,0.5228,"11","galactose-3-O-sulfotransferase 1"
"Rab14",-0.190007349261723,0.3068,"2","RAB14, member RAS oncogene family"
"Gp1bb",0.190003899292418,0.6652,"16","glycoprotein Ib, beta polypeptide"
"Arl16",0.189974588253995,0.3016,"11","ADP-ribosylation factor-like 16"
"Aftph",-0.189972285580096,0.0604,"11","aftiphilin"
"Oxr1",-0.18994492690308,0.6544,"15","oxidation resistance 1"
"Coro1b",0.189941994680193,0.3732,"19","coronin, actin binding protein 1B"
"Rc3h1",-0.189926577373369,0.3836,"1","RING CCCH (C3H) domains 1"
"Fkbp5",0.189892403397056,0.0912,"17","FK506 binding protein 5"
"Brms1",0.189883453360523,0.4996,"19","breast cancer metastasis-suppressor 1"
"Suclg1",0.189844727762273,0.0744,"6","succinate-CoA ligase, GDP-forming, alpha subunit"
"Limk1",0.189843003473273,0.1256,"5","LIM-domain containing, protein kinase"
"Klhl7",-0.189823292166222,0.6388,"5","kelch-like 7"
"Prdm8",-0.189747321463428,0.288,"5","PR domain containing 8"
"Gnl3l",-0.189747243717568,0.5188,"X","guanine nucleotide binding protein-like 3 (nucleolar)-like"
"Rngtt",-0.189679186226404,0.3164,"4","RNA guanylyltransferase and 5'-phosphatase"
"Prelid1",0.189628753134288,0.4316,"13","PRELI domain containing 1"
"Nt5m",0.189617802368212,0.4264,"11","5',3'-nucleotidase, mitochondrial"
"Medag",0.189579248149502,0.3604,"5","mesenteric estrogen dependent adipogenesis"
"Sbf2",-0.189578063393634,0.2476,"7","SET binding factor 2"
"Higd1a",0.189563149450369,0.196,"9","HIG1 domain family, member 1A"
"Pithd1",0.189539872658939,0.28,"4","PITH (C-terminal proteasome-interacting domain of thioredoxin-like) domain containing 1"
"Ptpn1",0.189502872274336,0.198,"2","protein tyrosine phosphatase, non-receptor type 1"
"Yme1l1",-0.189482512364128,0.4368,"2","YME1-like 1 (S. cerevisiae)"
"Zfp185",-0.189471235833002,0.678,"X","zinc finger protein 185"
"Mia2",-0.189425354267397,0.476,"12","MIA SH3 domain ER export factor 2"
"Vps37a",-0.189380757559007,0.4928,"8","vacuolar protein sorting 37A"
"Alg1",0.189339882063809,0.0704,"16","asparagine-linked glycosylation 1 (beta-1,4-mannosyltransferase)"
"Slc45a1",0.189334439883629,0.0708,"4","solute carrier family 45, member 1"
"Jak2",-0.189287319186712,0.1836,"19","Janus kinase 2"
"Tet3",-0.189244817415905,0.524,"6","tet methylcytosine dioxygenase 3"
"Eif4e3",-0.189240834005674,0.132,"6","eukaryotic translation initiation factor 4E member 3"
"Dlg1",-0.189240762233312,0.3828,"16","discs large MAGUK scaffold protein 1"
"Cbarp",0.189209303677625,0.2484,"10","calcium channel, voltage-dependent, beta subunit associated regulatory protein"
"Arfgap1",0.189057838652911,0.2132,"2","ADP-ribosylation factor GTPase activating protein 1"
"Taf2",-0.189045962439852,0.524,"15","TATA-box binding protein associated factor 2"
"Csrnp3",-0.18903819067036,0.4828,"2","cysteine-serine-rich nuclear protein 3"
"Cuedc1",0.188993131746752,0.3316,"11","CUE domain containing 1"
"Cuedc1",0.188993131746752,0.3316,"11","CUE domain containing 1"
"Drg2",0.18896763993843,0.4804,"11","developmentally regulated GTP binding protein 2"
"Smarcad1",-0.188962682232024,0.7924,"6","SWI/SNF-related, matrix-associated actin-dependent regulator of chromatin, subfamily a, containing DEAD/H box 1"
"Coq10a",0.188896642121114,0.232,"10","coenzyme Q10A"
"Wnk4",-0.188845744791453,0.5456,"11","WNK lysine deficient protein kinase 4"
"Rrp36",0.188802776903946,0.376,"17","ribosomal RNA processing 36"
"Mrps26",0.188768564264053,0.5524,"2","mitochondrial ribosomal protein S26"
"Orc4",-0.188767828570212,0.2356,"2","origin recognition complex, subunit 4"
"Tmbim1",0.188757946880616,0.2904,"1","transmembrane BAX inhibitor motif containing 1"
"Pradc1",0.188733969345011,0.5096,"6","protease-associated domain containing 1"
"Aar2",0.188614803006502,0.1024,"2","AAR2 splicing factor homolog"
"Pdia6",-0.188607199312102,0.2116,"12","protein disulfide isomerase associated 6"
"Cdc34",0.188587819435766,0.5496,"10","cell division cycle 34"
"Soat1",-0.188514621975478,0.5632,"1","sterol O-acyltransferase 1"
"Itga11",-0.188474492752529,0.3504,"9","integrin alpha 11"
"Gpr85",-0.188362557919141,0.664,"6","G protein-coupled receptor 85"
"Anln",-0.188337328805503,0.4548,"9","anillin, actin binding protein"
"Ccnc",-0.188289092480304,0.3576,"4","cyclin C"
"Lrfn3",0.188277902767165,0.0888,"7","leucine rich repeat and fibronectin type III domain containing 3"
"4933434E20Rik",0.188215540359082,0.2132,"3","RIKEN cDNA 4933434E20 gene"
"Unc80",-0.188072582400723,0.3792,"1","unc-80, NALCN activator"
"4931428F04Rik",0.188067413918171,0.2716,"8","RIKEN cDNA 4931428F04 gene"
"Gapdhs",0.1879643734975,0.0744,"7","glyceraldehyde-3-phosphate dehydrogenase, spermatogenic"
"Rangrf",0.187962952366892,0.4316,"11","RAN guanine nucleotide release factor"
"Zfp995",-0.187910759188011,0.2616,"17","zinc finger protein 995"
"Adamts6",-0.18789720032039,0.5388,"13","a disintegrin-like and metallopeptidase (reprolysin type) with thrombospondin type 1 motif, 6"
"BC024978",-0.187894823314656,0.12,"7","cDNA sequence BC024978"
"Rrp8",0.187839172742939,0.1276,"7","ribosomal RNA processing 8"
"Stard9",-0.187837657133871,0.6004,"2","START domain containing 9"
"Zfp518b",-0.187834866067182,0.1928,"5","zinc finger protein 518B"
"Gria3",-0.187812269315118,0.2116,"X","glutamate receptor, ionotropic, AMPA3 (alpha 3)"
"Syt2",-0.187768351627845,0.8528,"1","synaptotagmin II"
"Ushbp1",-0.187694461800507,0.4772,"8","USH1 protein network component harmonin binding protein 1"
"Zfp62",-0.187651476654829,0.2108,"11","zinc finger protein 62"
"Med23",-0.187645933077276,0.5128,"10","mediator complex subunit 23"
"Top2b",-0.187628232214259,0.5368,"14","topoisomerase (DNA) II beta"
"Ubash3b",-0.18762253183456,0.5544,"9","ubiquitin associated and SH3 domain containing, B"
"Sstr4",-0.187608318320406,0.7268,"2","somatostatin receptor 4"
"Ubxn2b",-0.187593315862123,0.5392,"4","UBX domain protein 2B"
"Cdc14a",-0.187577349105555,0.4584,"3","CDC14 cell division cycle 14A"
"Mllt10",-0.187560371256832,0.5252,"2","myeloid/lymphoid or mixed-lineage leukemia; translocated to, 10"
"Septin7",-0.187488966604434,0.39,"9","septin 7"
"Slc39a11",0.187459591952139,0.1388,"11","solute carrier family 39 (metal ion transporter), member 11"
"Slc9a3r2",0.187438572999699,0.3588,"17","solute carrier family 9 (sodium/hydrogen exchanger), member 3 regulator 2"
"Msl2",-0.18743262474342,0.336,"9","MSL complex subunit 2"
"Rabggtb",-0.18734698978786,0.1928,"3","Rab geranylgeranyl transferase, b subunit"
"Rgs12",0.187321709386393,0.186,"5","regulator of G-protein signaling 12"
"Arsk",-0.18726982305733,0.2732,"13","arylsulfatase K"
"Arf4",-0.187201650894223,0.446,"14","ADP-ribosylation factor 4"
"Herpud1",-0.187199235934616,0.2112,"8","homocysteine-inducible, endoplasmic reticulum stress-inducible, ubiquitin-like domain member 1"
"Pdlim7",0.187157876739629,0.6436,"13","PDZ and LIM domain 7"
"Matn4",-0.187077341190268,0.43,"2","matrilin 4"
"Dock6",-0.186938482399247,0.2928,"9","dedicator of cytokinesis 6"
"Pex3",-0.186916594495914,0.5732,"10","peroxisomal biogenesis factor 3"
"D130043K22Rik",-0.186914098741067,0.6076,"13","RIKEN cDNA D130043K22 gene"
"Ech1",0.186910742853919,0.4008,"7","enoyl coenzyme A hydratase 1, peroxisomal"
"Syngap1",-0.186907103479523,0.128,"17","synaptic Ras GTPase activating protein 1 homolog (rat)"
"Ubxn6",0.186884631768281,0.376,"17","UBX domain protein 6"
"N4bp2l2",-0.18687684682154,0.3692,"5","NEDD4 binding protein 2-like 2"
"Ppox",0.186859484835845,0.3264,"1","protoporphyrinogen oxidase"
"Lrrc23",0.186846811230491,0.5104,"6","leucine rich repeat containing 23"
"St8sia2",-0.186808411469643,0.3876,"7","ST8 alpha-N-acetyl-neuraminide alpha-2,8-sialyltransferase 2"
"Rab31",0.186803740187081,0.1272,"17","RAB31, member RAS oncogene family"
"Jmjd6",0.186789362156204,0.1668,"11","jumonji domain containing 6"
"Nat8l",0.186785066238864,0.1488,"5","N-acetyltransferase 8-like"
"Nrxn3",-0.186761264301333,0.2968,"12","neurexin III"
"Thap11",0.186738652019384,0.2796,"8","THAP domain containing 11"
"Ercc6l2",-0.186698420324774,0.518,"13","excision repair cross-complementing rodent repair deficiency, complementation group 6 like 2"
"Lpl",0.186697505890101,0.244,"8","lipoprotein lipase"
"Rnf20",-0.186669548686229,0.2472,"4","ring finger protein 20"
"Ryr3",-0.186665423323618,0.4644,"2","ryanodine receptor 3"
"Ncaph2",0.186619260874697,0.3392,"15","non-SMC condensin II complex, subunit H2"
"Dipk2a",-0.186597503380584,0.3644,"9","divergent protein kinase domain 2A"
"Exosc6",0.186597399602996,0.568,"8","exosome component 6"
"Stxbp4",-0.186530909353134,0.362,"11","syntaxin binding protein 4"
"Chadl",0.186523514179743,0.398,"15","chondroadherin-like"
"Ehd2",-0.186489352583862,0.1732,"7","EH-domain containing 2"
"Arhgef10l",0.186436765722227,0.12,"4","Rho guanine nucleotide exchange factor (GEF) 10-like"
"S100a6",0.18636788346957,0.6,"3","S100 calcium binding protein A6 (calcyclin)"
"Rnf44",-0.186353420331892,0.0244,"13","ring finger protein 44"
"Ralgapa2",-0.186235058943654,0.3476,"2","Ral GTPase activating protein, alpha subunit 2 (catalytic)"
"Gm11681",0.186227078684324,0.494,"11","predicted gene 11681"
"Gna11",0.186197405143341,0.4048,"10","guanine nucleotide binding protein, alpha 11"
"Unc119",0.186127284714161,0.4836,"11","unc-119 lipid binding chaperone"
"Nup107",-0.186105072391679,0.3384,"10","nucleoporin 107"
"Dexi",0.185983418372414,0.4372,"16","dexamethasone-induced transcript"
"Adssl1",0.185955861068423,0.2076,"12","adenylosuccinate synthetase like 1"
"Zfp956",0.185887042534471,0.324,"6","zinc finger protein 956"
"Igtp",-0.185880308106555,0.6404,"11","interferon gamma induced GTPase"
"Plagl1",-0.185880142543441,0.3232,"10","pleiomorphic adenoma gene-like 1"
"Sh2d5",0.185864787010353,0.3888,"4","SH2 domain containing 5"
"Zfp850",-0.185836130412828,0.4964,"7","zinc finger protein 850"
"Bcl2l1",0.185809598858773,0.338,"2","BCL2-like 1"
"Kdm2b",-0.18577500319542,0.4248,"5","lysine (K)-specific demethylase 2B"
"Myo7a",0.185712152175904,0.29,"7","myosin VIIA"
"Eif5a",0.185711024640293,0.2936,"11","eukaryotic translation initiation factor 5A"
"Cep112",-0.18566686826186,0.3356,"11","centrosomal protein 112"
"Rpl5",0.185625071243959,0.498,"5","ribosomal protein L5"
"Elovl2",-0.185571865391378,0.0456,"13","elongation of very long chain fatty acids (FEN1/Elo2, SUR4/Elo3, yeast)-like 2"
"Nup155",-0.185554672688489,0.466,"15","nucleoporin 155"
"Drap1",0.185549835585697,0.5956,"19","Dr1 associated protein 1 (negative cofactor 2 alpha)"
"B3galt1",-0.18541620728319,0.1104,"2","UDP-Gal:betaGlcNAc beta 1,3-galactosyltransferase, polypeptide 1"
"Dus2",0.185371098923642,0.356,"8","dihydrouridine synthase 2"
"Stard3",0.185358402259347,0.2276,"11","START domain containing 3"
"Kdm3b",-0.185253110069802,0.336,"18","KDM3B lysine (K)-specific demethylase 3B"
"E130307A14Rik",0.185247810833602,0.3228,"10","RIKEN cDNA E130307A14 gene"
"Fam20a",0.185237944123161,0.0448,"11","FAM20A, golgi associated secretory pathway pseudokinase"
"Setd5",-0.185225090340625,0.4564,"6","SET domain containing 5"
"Pitpnc1",-0.185204290173179,0.0072,"11","phosphatidylinositol transfer protein, cytoplasmic 1"
"Gpr37l1",0.185152607949346,0.478,"1","G protein-coupled receptor 37-like 1"
"Bdnf",-0.185118669885006,0.7848,"2","brain derived neurotrophic factor"
"Amotl1",-0.185021885849411,0.1552,"9","angiomotin-like 1"
"Slc25a53",-0.184971209051953,0.1172,"X","solute carrier family 25, member 53"
"Sun2",0.184957706739171,0.0956,"15","Sad1 and UNC84 domain containing 2"
"Ttc12",0.184944664008145,0.4552,"9","tetratricopeptide repeat domain 12"
"Zkscan6",0.184929669511491,0.3248,"11","zinc finger with KRAB and SCAN domains 6"
"Zscan22",-0.184910797722856,0.3108,"7","zinc finger and SCAN domain containing 22"
"Tmem131",-0.184789053707522,0.5052,"1","transmembrane protein 131"
"Zdhhc23",0.184749949368396,0.2372,"16","zinc finger, DHHC domain containing 23"
"Ank3",-0.184747957495821,0.024,"10","ankyrin 3, epithelial"
"Cyba",0.184735636428111,0.4196,"8","cytochrome b-245, alpha polypeptide"
"Shc2",0.184707324623494,0.1296,"10","SHC (Src homology 2 domain containing) transforming protein 2"
"Atp1b2",-0.18468292144625,0.0112,"11","ATPase, Na+/K+ transporting, beta 2 polypeptide"
"Mthfsd",0.184678149900331,0.2912,"8","methenyltetrahydrofolate synthetase domain containing"
"Mgll",0.184601634669662,0.3788,"6","monoglyceride lipase"
"Ntn3",0.18458711290255,0.2908,"17","netrin 3"
"Ptp4a1",0.184560209829112,0.5328,"1","protein tyrosine phosphatase 4a1"
"Ptp4a1",0.184560209829112,0.5328,"1","protein tyrosine phosphatase 4a1"
"Acot7",0.18453368469202,0.4136,"4","acyl-CoA thioesterase 7"
"Syn3",-0.184501218750279,0.6424,"10","synapsin III"
"Pex6",0.184429074396209,0.4176,"17","peroxisomal biogenesis factor 6"
"R3hdm1",-0.184411387763665,0.108,"1","R3H domain containing 1"
"Siva1",0.184295010950249,0.486,"12","SIVA1, apoptosis-inducing factor"
"Grin2a",-0.184282123136128,0.1756,"16","glutamate receptor, ionotropic, NMDA2A (epsilon 1)"
"Appl1",-0.184242700884395,0.538,"14","adaptor protein, phosphotyrosine interaction, PH domain and leucine zipper containing 1"
"Dpy19l3",-0.184179052239444,0.1824,"7","dpy-19-like 3 (C. elegans)"
"Polr2i",0.184165007002818,0.572,"7","polymerase (RNA) II (DNA directed) polypeptide I"
"Plin2",-0.184153559231617,0.2604,"4","perilipin 2"
"Rb1cc1",-0.184143383325519,0.5268,"1","RB1-inducible coiled-coil 1"
"Stard7",0.184141332866981,0.06,"2","START domain containing 7"
"Plpp4",0.184109846120025,0.524,"7","phospholipid phosphatase 4"
"Rbfox1",-0.18410397124066,0.3228,"16","RNA binding protein, fox-1 homolog (C. elegans) 1"
"Ppp1r3g",0.184061716304297,0.4928,"13","protein phosphatase 1, regulatory subunit 3G"
"Mfsd13a",0.184048016990877,0.4376,"19","major facilitator superfamily domain containing 13a"
"Rsrc2",-0.184003235891306,0.0384,"5","arginine/serine-rich coiled-coil 2"
"Nfia",-0.183934214758287,0.3292,"4","nuclear factor I/A"
"Ss18l2",0.183899968458805,0.1556,"9","SS18, nBAF chromatin remodeling complex subunit like 2"
"Otud1",-0.183857765444611,0.3096,"2","OTU domain containing 1"
"Rhoj",0.183855093647187,0.208,"12","ras homolog family member J"
"Zfp81",-0.183852230192347,0.6916,"17","zinc finger protein 81"
"Dusp5",0.183845316128055,0.2784,"19","dual specificity phosphatase 5"
"Srrm2",-0.183817590062899,0.498,"17","serine/arginine repetitive matrix 2"
"Pcdhgb7",-0.183810827931697,0.5588,"18","protocadherin gamma subfamily B, 7"
"Drc7",0.183804832549796,0.724,"8","dynein regulatory complex subunit 7"
"Gm5113",0.183764454074478,0.1648,"7","predicted gene 5113"
"G0s2",-0.183734507756899,0.4336,"1","G0/G1 switch gene 2"
"Slc27a2",0.183731573404159,0.3788,"2","solute carrier family 27 (fatty acid transporter), member 2"
"Taf1c",0.183718208408972,0.3936,"8","TATA-box binding protein associated factor, RNA polymerase I, C"
"Prr12",-0.183691694445555,0.0292,"7","proline rich 12"
"Limd1",-0.183673374359623,0.2592,"9","LIM domains containing 1"
"Rwdd3",0.18366633823908,0.2208,"3","RWD domain containing 3"
"Slc12a2",-0.183645643812268,0.49,"18","solute carrier family 12, member 2"
"Parp6",0.183632990795314,0.3404,"9","poly (ADP-ribose) polymerase family, member 6"
"Plekhm2",0.183616491976732,0.5372,"4","pleckstrin homology domain containing, family M (with RUN domain) member 2"
"Dhx34",0.18361254401335,0.3216,"7","DEAH (Asp-Glu-Ala-His) box polypeptide 34"
"Gpr158",-0.183610313467746,0.5312,"2","G protein-coupled receptor 158"
"Cdk12",-0.183600258582167,0.52,"11","cyclin-dependent kinase 12"
"Lipe",0.183578633862516,0.1412,"7","lipase, hormone sensitive"
"Ltn1",-0.183566151654494,0.482,"16","listerin E3 ubiquitin protein ligase 1"
"Ipcef1",-0.183527603623655,0.1488,"10","interaction protein for cytohesin exchange factors 1"
"Sdhb",0.183464379682663,0.436,"4","succinate dehydrogenase complex, subunit B, iron sulfur (Ip)"
"Fbxl5",-0.183393846681479,0.1904,"5","F-box and leucine-rich repeat protein 5"
"Zfp318",-0.183383532641665,0.4932,"17","zinc finger protein 318"
"Cox17",0.183375054256735,0.4856,"16","cytochrome c oxidase assembly protein 17, copper chaperone"
"Nupr1",-0.183356205062951,0.5804,"7","nuclear protein transcription regulator 1"
"2510002D24Rik",0.18332472269764,0.5636,"16","RIKEN cDNA 2510002D24 gene"
"Exd2",-0.183303786192391,0.3376,"12","exonuclease 3'-5' domain containing 2"
"Pvt1",0.183226804202181,0.076,"15","Pvt1 oncogene"
"Tmem222",0.183195458616222,0.3164,"4","transmembrane protein 222"
"Shd",0.183189191702104,0.3004,"17","src homology 2 domain-containing transforming protein D"
"Ggt7",0.183170166266912,0.1936,"2","gamma-glutamyltransferase 7"
"Mettl16",-0.183155227153277,0.1456,"11","methyltransferase like 16"
"Wfdc1",-0.183154038302373,0.424,"8","WAP four-disulfide core domain 1"
"Paxbp1",-0.183147968852214,0.4108,"16","PAX3 and PAX7 binding protein 1"
"Epm2aip1",-0.183107753393093,0.4804,"9","EPM2A (laforin) interacting protein 1"
"Eapp",-0.183060240972995,0.0652,"12","E2F-associated phosphoprotein"
"Tmem198",0.183059253001499,0.4168,"1","transmembrane protein 198"
"Smndc1",-0.183048498740866,0.3144,"19","survival motor neuron domain containing 1"
"Pou3f2",-0.18304015187481,0.1288,"4","POU domain, class 3, transcription factor 2"
"Smyd5",0.182986811462663,0.3996,"6","SET and MYND domain containing 5"
"Rnf145",-0.182983915764457,0.1944,"11","ring finger protein 145"
"Supt16",-0.182972873878771,0.452,"14","SPT16, facilitates chromatin remodeling subunit"
"Rwdd4a",-0.182970593508678,0.06,"8","RWD domain containing 4A"
"Kctd12b",-0.182958530508507,0.436,"X","potassium channel tetramerisation domain containing 12b"
"Trmt12",-0.182953811012339,0.138,"15","tRNA methyltransferase 12"
"Ube2s",0.182921936834282,0.3544,"7","ubiquitin-conjugating enzyme E2S"
"Wwp1",-0.18287041517146,0.1376,"4","WW domain containing E3 ubiquitin protein ligase 1"
"Fubp3",-0.182868288004803,0.7044,"2","far upstream element (FUSE) binding protein 3"
"Tshz1",-0.18280188324642,0.0164,"18","teashirt zinc finger family member 1"
"Pard3",-0.182801865454345,0.2184,"8","par-3 family cell polarity regulator"
"Gabrg3",-0.182792934002711,0.7448,"7","gamma-aminobutyric acid (GABA) A receptor, subunit gamma 3"
"Gramd1a",0.182781650215726,0.4008,"7","GRAM domain containing 1A"
"Usp1",-0.18270147008269,0.5496,"4","ubiquitin specific peptidase 1"
"Spag9",-0.182690890170207,0.4172,"11","sperm associated antigen 9"
"Them6",0.182669519617934,0.4292,"15","thioesterase superfamily member 6"
"Sema3b",-0.182605200305153,0.74,"9","sema domain, immunoglobulin domain (Ig), short basic domain, secreted, (semaphorin) 3B"
"Rtl8c",0.182563302647703,0.5036,"X","retrotransposon Gag like 8C"
"Zfand2b",0.182558271490087,0.506,"1","zinc finger, AN1 type domain 2B"
"Gpt",0.182510740692575,0.5352,"15","glutamic pyruvic transaminase, soluble"
"Htra2",0.182488928726502,0.1976,"6","HtrA serine peptidase 2"
"Tek",-0.182466380440698,0.6664,"4","TEK receptor tyrosine kinase"
"Rpusd3",0.182444955666179,0.5416,"6","RNA pseudouridylate synthase domain containing 3"
"Tmem175",0.182410449561718,0.0232,"5","transmembrane protein 175"
"Ddx3x",-0.182389278886954,0.6168,"X","DEAD box helicase 3, X-linked"
"Bmpr1a",-0.182221204842238,0.154,"14","bone morphogenetic protein receptor, type 1A"
"Csdc2",0.182181335373447,0.4916,"15","cold shock domain containing C2, RNA binding"
"Tmem259",0.182124504946159,0.4108,"10","transmembrane protein 259"
"Tanc2",-0.18209047592025,0.3144,"11","tetratricopeptide repeat, ankyrin repeat and coiled-coil containing 2"
"Matr3",-0.182079029905605,0.6876,"18","matrin 3"
"Pax6",-0.182065647871966,0.2968,"2","paired box 6"
"Gde1",0.182028233627291,0.3096,"7","glycerophosphodiester phosphodiesterase 1"
"Ifit2",-0.182003507584629,0.5828,"19","interferon-induced protein with tetratricopeptide repeats 2"
"Syt4",-0.181960829488442,0.0656,"18","synaptotagmin IV"
"B4galnt1",0.181884623157172,0.118,"10","beta-1,4-N-acetyl-galactosaminyl transferase 1"
"Fam20c",0.181868366156027,0.3848,"5","FAM20C, golgi associated secretory pathway kinase"
"Tmem168",-0.181865546664649,0.4368,"6","transmembrane protein 168"
"Tex264",0.181861919523959,0.5484,"9","testis expressed gene 264"
"Rpp38",0.181858292929706,0.364,"2","ribonuclease P/MRP 38 subunit"
"Osbpl5",0.181852045450879,0.2512,"7","oxysterol binding protein-like 5"
"Nfxl1",0.181826601023423,0.4112,"5","nuclear transcription factor, X-box binding-like 1"
"Slc2a13",-0.18182368308861,0.7,"15","solute carrier family 2 (facilitated glucose transporter), member 13"
"Wdr81",0.181789106463381,0.1612,"11","WD repeat domain 81"
"Mrpl33",0.181719321929354,0.5184,"5","mitochondrial ribosomal protein L33"
"Nxf1",-0.181715207496054,0.2644,"19","nuclear RNA export factor 1"
"Rem2",0.181679112807068,0.1604,"14","rad and gem related GTP binding protein 2"
"Ep400",-0.181638282355564,0.4252,"5","E1A binding protein p400"
"Crhbp",-0.181606572792633,0.5668,"13","corticotropin releasing hormone binding protein"
"Napa",0.181586570987738,0.4196,"7","N-ethylmaleimide sensitive fusion protein attachment protein alpha"
"Slc29a1",0.181583819307713,0.2524,"17","solute carrier family 29 (nucleoside transporters), member 1"
"Hira",0.181512128388697,0.0484,"16","histone cell cycle regulator"
"Fxyd1",0.181495455385888,0.7516,"7","FXYD domain-containing ion transport regulator 1"
"Dlx1",0.181493815786917,0.2368,"2","distal-less homeobox 1"
"Bicra",-0.181482493079868,0.2284,"7","BRD4 interacting chromatin remodeling complex associated protein"
"Htr5a",-0.181473263580433,0.556,"5","5-hydroxytryptamine (serotonin) receptor 5A"
"Slc1a3",-0.181465341103062,0.1448,"15","solute carrier family 1 (glial high affinity glutamate transporter), member 3"
"Mex3c",-0.18143857846378,0.8844,"18","mex3 RNA binding family member C"
"Fuom",0.181438298818876,0.598,"7","fucose mutarotase"
"Rhbdd2",0.181400740860711,0.0672,"5","rhomboid domain containing 2"
"Podxl",-0.181319175612724,0.6472,"6","podocalyxin-like"
"Mfap3l",-0.181318605173238,0.0092,"8","microfibrillar-associated protein 3-like"
"Ap2a2",0.181279618518853,0.1016,"7","adaptor-related protein complex 2, alpha 2 subunit"
"Ndufa12",0.1812791130633,0.5036,"10","NADH:ubiquinone oxidoreductase subunit A12"
"St13",-0.181264474782506,0.5404,"15","suppression of tumorigenicity 13"
"Ppp2r5c",0.181235204644903,0.056,"12","protein phosphatase 2, regulatory subunit B', gamma"
"Cacna1g",-0.181226460926432,0.1128,"11","calcium channel, voltage-dependent, T type, alpha 1G subunit"
"Kcnb2",-0.181221062614287,0.4896,"1","potassium voltage gated channel, Shab-related subfamily, member 2"
"Smchd1",-0.181163651874358,0.6368,"17","SMC hinge domain containing 1"
"Mfhas1",0.181162851549432,0.1648,"8","malignant fibrous histiocytoma amplified sequence 1"
"Hagh",0.181132906646432,0.2228,"17","hydroxyacyl glutathione hydrolase"
"Topbp1",-0.181132586901598,0.442,"9","topoisomerase (DNA) II binding protein 1"
"Mvd",0.181115619820281,0.5576,"8","mevalonate (diphospho) decarboxylase"
"Mindy4",0.181019618862951,0.2448,"6","MINDY lysine 48 deubiquitinase 4"
"Bicdl1",0.180947385245601,0.3244,"5","BICD family like cargo adaptor 1"
"Cmya5",-0.180944824102975,0.3632,"13","cardiomyopathy associated 5"
"Suv39h1",0.18094135151298,0.1908,"X","suppressor of variegation 3-9 1"
"Rbbp5",-0.180907784707323,0.6624,"1","retinoblastoma binding protein 5, histone lysine methyltransferase complex subunit"
"Mospd2",-0.18082793497062,0.4096,"X","motile sperm domain containing 2"
"Sstr1",-0.180785380926856,0.5508,"12","somatostatin receptor 1"
"Ap5m1",-0.180773328014333,0.5572,"14","adaptor-related protein complex 5, mu 1 subunit"
"Syngr3",0.180769761895919,0.3732,"17","synaptogyrin 3"
"Naf1",-0.180736190406169,0.2632,"8","nuclear assembly factor 1 ribonucleoprotein"
"Acap3",0.180667096413834,0.4456,"4","ArfGAP with coiled-coil, ankyrin repeat and PH domains 3"
"Tango2",0.180633106085518,0.0284,"16","transport and golgi organization 2"
"Ppp1r12c",0.180628971749966,0.4812,"7","protein phosphatase 1, regulatory subunit 12C"
"Bend5",0.180601541826136,0.2632,"4","BEN domain containing 5"
"Ighmbp2",0.180584418937956,0.0316,"19","immunoglobulin mu DNA binding protein 2"
"Spry4",-0.1805715500859,0.2932,"18","sprouty RTK signaling antagonist 4"
"Mtrex",-0.180521642944506,0.5848,"13","Mtr4 exosome RNA helicase"
"Emc4",0.180494970667842,0.1556,"2","ER membrane protein complex subunit 4"
"Creg2",-0.180493683722627,0.332,"1","cellular repressor of E1A-stimulated genes 2"
"Nfu1",0.180467542872916,0.2536,"6","NFU1 iron-sulfur cluster scaffold"
"Vps13b",-0.180417177077119,0.5852,"15","vacuolar protein sorting 13B"
"Vps9d1",0.18041476254192,0.2012,"8","VPS9 domain containing 1"
"Fuca1",0.180395060805787,0.3744,"4","fucosidase, alpha-L- 1, tissue"
"Akap5",-0.18038472446974,0.5168,"12","A kinase (PRKA) anchor protein 5"
"Vtn",-0.180377939545409,0.6856,"11","vitronectin"
"Metap1d",0.180266736365261,0.618,"2","methionyl aminopeptidase type 1D (mitochondrial)"
"Camkv",0.180257705004934,0.2604,"9","CaM kinase-like vesicle-associated"
"Syt12",0.180243516343958,0.0612,"19","synaptotagmin XII"
"Egfr",-0.180194341388499,0.5,"11","epidermal growth factor receptor"
"Fn1",-0.180165349416625,0.814,"1","fibronectin 1"
"Col11a1",-0.180158623670778,0.7012,"3","collagen, type XI, alpha 1"
"Ing3",-0.180114345639422,0.2644,"6","inhibitor of growth family, member 3"
"Dusp11",-0.180106373831044,0.4,"6","dual specificity phosphatase 11 (RNA/RNP complex 1-interacting)"
"Flrt1",-0.180087735977188,0.6504,"19","fibronectin leucine rich transmembrane protein 1"
"Fndc5",0.180042205410105,0.4428,"4","fibronectin type III domain containing 5"
"Ell2",-0.180036782244529,0.322,"13","elongation factor for RNA polymerase II 2"
"Tmcc3",-0.18003412064418,0.4248,"10","transmembrane and coiled coil domains 3"
"Mtrf1",-0.180029623112172,0.4016,"14","mitochondrial translational release factor 1"
"Ybey",0.18002735297059,0.3996,"10","ybeY metallopeptidase"
"Mbnl2",-0.180026108070034,0.3032,"14","muscleblind like splicing factor 2"
"S100a16",0.180013174715822,0.6156,"3","S100 calcium binding protein A16"
"Tasor2",-0.179867170752693,0.5628,"13","transcription activation suppressor family member 2"
"Tox4",-0.179864879737243,0.4096,"14","TOX high mobility group box family member 4"
"Cobll1",-0.179856655244552,0.516,"2","Cobl-like 1"
"Plekho1",0.179851222481911,0.5144,"3","pleckstrin homology domain containing, family O member 1"
"Map3k1",-0.179776435841617,0.5348,"13","mitogen-activated protein kinase kinase kinase 1"
"Nprl2",0.179762606331788,0.1904,"9","NPR2 like, GATOR1 complex subunit"
"Uspl1",0.179755976703871,0.3568,"5","ubiquitin specific peptidase like 1"
"Syk",-0.179642921958638,0.6048,"13","spleen tyrosine kinase"
"Camsap2",-0.179637762954465,0.5236,"1","calmodulin regulated spectrin-associated protein family, member 2"
"Mrpl45",0.179626585935786,0.5428,"11","mitochondrial ribosomal protein L45"
"Ipo13",0.179567918259767,0.1,"4","importin 13"
"Stk19",0.179560094057909,0.5576,"17","serine/threonine kinase 19"
"Moxd1",-0.179546422395749,0.2776,"10","monooxygenase, DBH-like 1"
"Cisd1",0.179528299655227,0.424,"10","CDGSH iron sulfur domain 1"
"Bcas1",0.179528224909548,0.652,"2","brain enriched myelin associated protein 1"
"Alkbh2",0.179515798281147,0.528,"5","alkB homolog 2, alpha-ketoglutarate-dependent dioxygenase"
"Tubgcp3",-0.179499789523055,0.27,"8","tubulin, gamma complex associated protein 3"
"Map3k11",0.179449333261175,0.3872,"19","mitogen-activated protein kinase kinase kinase 11"
"Cenpm",0.179424316531891,0.5808,"15","centromere protein M"
"Atg4a",-0.17939779538598,0.4288,"X","autophagy related 4A, cysteine peptidase"
"Clcn3",-0.179372642321704,0.558,"8","chloride channel, voltage-sensitive 3"
"Brf1",0.179337508622421,0.1168,"12","BRF1, RNA polymerase III transcription initiation factor 90 kDa subunit"
"Galnt13",-0.179315250501115,0.5092,"2","polypeptide N-acetylgalactosaminyltransferase 13"
"Nudc",0.179279892769053,0.478,"4","nudC nuclear distribution protein"
"Vash1",0.179260310115447,0.308,"12","vasohibin 1"
"Jrkl",-0.179251874213237,0.7372,"9","Jrk-like"
"Fam171a2",0.179217732608869,0.2496,"11","family with sequence similarity 171, member A2"
"Actr5",0.179198309693887,0.1792,"2","ARP5 actin-related protein 5"
"Ndufa3",0.179163752335039,0.672,"7","NADH:ubiquinone oxidoreductase subunit A3"
"Mapk6",-0.179144300334231,0.5004,"9","mitogen-activated protein kinase 6"
"Cnpy2",0.179135283704733,0.4652,"10","canopy FGF signaling regulator 2"
"Hadh",0.179120170892793,0.3408,"3","hydroxyacyl-Coenzyme A dehydrogenase"
"Stk24",-0.179116998546096,0.4468,"14","serine/threonine kinase 24"
"Fezf2",-0.179070819407126,0.1996,"14","Fez family zinc finger 2"
"Cyp4f15",0.179055910133564,0.4272,"17","cytochrome P450, family 4, subfamily f, polypeptide 15"
"Gapdh",0.178923625645004,0.4372,"6","glyceraldehyde-3-phosphate dehydrogenase"
"Tcerg1",-0.178863589709761,0.5052,"18","transcription elongation regulator 1 (CA150)"
"Timm10b",0.178780229511849,0.4984,"7","translocase of inner mitochondrial membrane 10B"
"Dnm3",-0.178729693644433,0.3472,"1","dynamin 3"
"Ddx19b",-0.17871930815924,0.4068,"8","DEAD box helicase 19b"
"Dop1a",-0.17871673713595,0.6504,"9","DOP1 leucine zipper like protein A"
"Paqr6",0.17861488480316,0.2544,"3","progestin and adipoQ receptor family member VI"
"Slc27a1",0.178612716139869,0.4092,"8","solute carrier family 27 (fatty acid transporter), member 1"
"Rnd2",0.1786060942028,0.5784,"11","Rho family GTPase 2"
"Mtcl1",-0.178596503014505,0.1056,"17","microtubule crosslinking factor 1"
"H1f0",0.178588299516071,0.0836,"15","H1.0 linker histone"
"Rpl7a",0.178572509698993,0.4852,"2","ribosomal protein L7A"
"Maz",0.178524741051009,0.4812,"7","MYC-associated zinc finger protein (purine-binding transcription factor)"
"Mrpl16",0.178512876195165,0.156,"19","mitochondrial ribosomal protein L16"
"Sema6c",0.178492977710748,0.5032,"3","sema domain, transmembrane domain (TM), and cytoplasmic domain, (semaphorin) 6C"
"Crym",0.178446629629028,0.272,"7","crystallin, mu"
"Gramd1c",-0.178373577007768,0.494,"16","GRAM domain containing 1C"
"L3mbtl1",-0.178365441811615,0.3704,"2","L3MBTL1 histone methyl-lysine binding protein"
"Scly",0.178357136628798,0.0916,"1","selenocysteine lyase"
"Ints8",-0.17835282604578,0.5356,"4","integrator complex subunit 8"
"Frmpd1",0.178305162133756,0.3608,"4","FERM and PDZ domain containing 1"
"Uggt2",-0.178289425165067,0.5884,"14","UDP-glucose glycoprotein glucosyltransferase 2"
"Elmod1",-0.178134793849266,0.5364,"9","ELMO/CED-12 domain containing 1"
"Fbxw5",0.178103604618154,0.5264,"2","F-box and WD-40 domain protein 5"
"Rnf26",0.178002504545613,0.3844,"9","ring finger protein 26"
"Fmn1",-0.177927186090283,0.5156,"2","formin 1"
"Psap",0.177909974596664,0.0164,"10","prosaposin"
"Mfap3",-0.177908069468332,0.2404,"11","microfibrillar-associated protein 3"
"Cdo1",0.177795879366027,0.2228,"18","cysteine dioxygenase 1, cytosolic"
"Wipf1",-0.17778797572289,0.0388,"2","WAS/WASL interacting protein family, member 1"
"Cacna1b",-0.177764749426293,0.4488,"2","calcium channel, voltage-dependent, N type, alpha 1B subunit"
"Susd4",0.1777490871739,0.4032,"1","sushi domain containing 4"
"Spata24",0.177708313452678,0.4424,"18","spermatogenesis associated 24"
"Gga1",0.17770682571873,0.356,"15","golgi associated, gamma adaptin ear containing, ARF binding protein 1"
"Rnf152",-0.177671492008905,0.5592,"1","ring finger protein 152"
"Megf10",-0.177630594044145,0.0372,"18","multiple EGF-like-domains 10"
"Xpr1",-0.177613708706958,0.4144,"1","xenotropic and polytropic retrovirus receptor 1"
"Sdhaf1",0.177523103659742,0.6236,"7","succinate dehydrogenase complex assembly factor 1"
"G3bp2",-0.177410994422145,0.5084,"5","GTPase activating protein (SH3 domain) binding protein 2"
"Tmem9b",0.177393677154541,0.2616,"7","TMEM9 domain family, member B"
"Hcfc2",-0.177381423659601,0.5572,"10","host cell factor C2"
"Eya4",-0.177368197936413,0.1772,"10","EYA transcriptional coactivator and phosphatase 4"
"Tom1l1",-0.177354534393223,0.2192,"11","target of myb1-like 1 (chicken)"
"Epb41l3",-0.177311811890318,0.2856,"17","erythrocyte membrane protein band 4.1 like 3"
"Commd9",0.1772840432411,0.52,"2","COMM domain containing 9"
"Med16",0.17721984568144,0.5448,"10","mediator complex subunit 16"
"Tmem33",-0.177194961517638,0.4976,"5","transmembrane protein 33"
"Snapc5",0.177171038645054,0.5056,"9","small nuclear RNA activating complex, polypeptide 5"
"Atp8a1",-0.177136722065206,0.574,"5","ATPase, aminophospholipid transporter (APLT), class I, type 8A, member 1"
"4930570G19Rik",-0.177134806778992,0.5332,"3","RIKEN cDNA 4930570G19 gene"
"Sntb2",-0.177118446594737,0.7236,"8","syntrophin, basic 2"
"Prepl",-0.177104928724966,0.6868,"17","prolyl endopeptidase-like"
"Tada1",0.177056377937975,0.1248,"1","transcriptional adaptor 1"
"Cyfip1",-0.177056168103278,0.5364,"7","cytoplasmic FMR1 interacting protein 1"
"Erbin",-0.176983548697364,0.1404,"13","Erbb2 interacting protein"
"Pxylp1",0.176964655689324,0.0912,"9","2-phosphoxylose phosphatase 1"
"Zfp687",0.176936692808833,0.1532,"3","zinc finger protein 687"
"Heph",-0.176870785944522,0.3392,"X","hephaestin"
"Arid1a",-0.17679170749576,0.3824,"4","AT rich interactive domain 1A (SWI-like)"
"Il33",-0.176771268871267,0.4764,"19","interleukin 33"
"Gopc",-0.176718618974726,0.6124,"10","golgi associated PDZ and coiled-coil motif containing"
"Rab10",-0.176707315444664,0.4644,"12","RAB10, member RAS oncogene family"
"6330403K07Rik",0.176669203444494,0.4204,"11","RIKEN cDNA 6330403K07 gene"
"Siae",-0.17662109792434,0.1088,"9","sialic acid acetylesterase"
"Palmd",-0.176594283371609,0.5672,"3","palmdelphin"
"Tomm5",0.17658557588179,0.3464,"4","translocase of outer mitochondrial membrane 5"
"Bcan",0.176560419213775,0.3908,"3","brevican"
"Rps6ka4",0.176535865946855,0.4848,"19","ribosomal protein S6 kinase, polypeptide 4"
"Itpa",0.176502295390391,0.5212,"2","inosine triphosphatase (nucleoside triphosphate pyrophosphatase)"
"Syvn1",-0.176471861849314,0.1828,"19","synovial apoptosis inhibitor 1, synoviolin"
"S1pr5",0.176436798267382,0.5176,"9","sphingosine-1-phosphate receptor 5"
"Sgip1",-0.17636975531524,0.472,"4","SH3-domain GRB2-like (endophilin) interacting protein 1"
"Eif2b4",0.176364989185381,0.1448,"5","eukaryotic translation initiation factor 2B, subunit 4 delta"
"Nudt2",0.176363824184292,0.49,"4","nudix (nucleoside diphosphate linked moiety X)-type motif 2"
"Arhgap26",-0.176349768393916,0.4988,"18","Rho GTPase activating protein 26"
"Spcs3",-0.176305697910351,0.1828,"8","signal peptidase complex subunit 3 homolog (S. cerevisiae)"
"Ngef",0.176283594341128,0.3972,"1","neuronal guanine nucleotide exchange factor"
"Sod1",0.176280359814345,0.5436,"16","superoxide dismutase 1, soluble"
"Atf3",0.176237804789656,0.488,"1","activating transcription factor 3"
"Coro6",-0.176226748012635,0.2236,"11","coronin 6"
"Trip12",-0.176186270100764,0.5008,"1","thyroid hormone receptor interactor 12"
"Zfp523",0.176126392130006,0.4768,"17","zinc finger protein 523"
"Ankib1",-0.176117177199841,0.5724,"5","ankyrin repeat and IBR domain containing 1"
"Prkab2",-0.176038462092279,0.5136,"3","protein kinase, AMP-activated, beta 2 non-catalytic subunit"
"Reps2",-0.176034730528867,0.5828,"X","RALBP1 associated Eps domain containing protein 2"
"Slc25a25",0.176032197376027,0.2468,"2","solute carrier family 25 (mitochondrial carrier, phosphate carrier), member 25"
"Efna5",-0.176030447466706,0.4192,"17","ephrin A5"
"Apbb3",0.17601944551898,0.1032,"18","amyloid beta (A4) precursor protein-binding, family B, member 3"
"Prdx3",0.176015260732942,0.1796,"19","peroxiredoxin 3"
"Psmb2",0.175999478433661,0.3316,"4","proteasome (prosome, macropain) subunit, beta type 2"
"Sash1",-0.175911187070483,0.1088,"10","SAM and SH3 domain containing 1"
"Cep162",-0.175901958904499,0.4888,"9","centrosomal protein 162"
"Stat2",-0.175867083545143,0.19,"10","signal transducer and activator of transcription 2"
"Rgs7",-0.175858322574005,0.3788,"1","regulator of G protein signaling 7"
"Sirt7",0.175801272871777,0.3908,"11","sirtuin 7"
"Lpcat2",-0.175743105879833,0.6656,"8","lysophosphatidylcholine acyltransferase 2"
"Cdh12",-0.17570247899051,0.7084,"15","cadherin 12"
"Atp8a2",-0.175695893012238,0.876,"14","ATPase, aminophospholipid transporter-like, class I, type 8A, member 2"
"Faah",0.175668047497919,0.4044,"4","fatty acid amide hydrolase"
"Adat2",-0.175646408092031,0.4644,"10","adenosine deaminase, tRNA-specific 2"
"Asphd1",0.17557888443692,0.5228,"7","aspartate beta-hydroxylase domain containing 1"
"Morc4",-0.175568037279273,0.2436,"X","microrchidia 4"
"Pdap1",0.175520028615099,0.3876,"5","PDGFA associated protein 1"
"Ctdnep1",0.175508334820518,0.3664,"11","CTD nuclear envelope phosphatase 1"
"Ankrd27",0.175505213130824,0.1644,"7","ankyrin repeat domain 27 (VPS9 domain)"
"Sec23a",-0.175497668885154,0.4676,"12","SEC23 homolog A, COPII coat complex component"
"Slc7a4",0.175465867807881,0.0692,"16","solute carrier family 7 (cationic amino acid transporter, y+ system), member 4"
"Pcdhgb1",-0.175454322481316,0.736,"18","protocadherin gamma subfamily B, 1"
"Hapln1",-0.175364882977273,0.2724,"13","hyaluronan and proteoglycan link protein 1"
"Cdc27",-0.17536195076416,0.5088,"11","cell division cycle 27"
"Enpp1",-0.17524656648677,0.4148,"10","ectonucleotide pyrophosphatase/phosphodiesterase 1"
"Pex14",0.175161167378143,0.1916,"4","peroxisomal biogenesis factor 14"
"Dap3",0.175153648502969,0.32,"3","death associated protein 3"
"Prep",-0.175077067132572,0.43,"10","prolyl endopeptidase"
"Exosc4",0.175042708988388,0.4972,"15","exosome component 4"
"Vps28",0.175037280701352,0.4416,"15","vacuolar protein sorting 28"
"Lamtor1",0.17502805099465,0.5528,"7","late endosomal/lysosomal adaptor, MAPK and MTOR activator 1"
"Smim17",-0.174997791459941,0.7164,"7","small integral membrane protein 17"
"Srm",0.174976980703918,0.5692,"4","spermidine synthase"
"Slc40a1",-0.174976557859526,0.4968,"1","solute carrier family 40 (iron-regulated transporter), member 1"
"Pomp",0.174907104276087,0.4536,"5","proteasome maturation protein"
"Kcnma1",-0.174898685863718,0.712,"14","potassium large conductance calcium-activated channel, subfamily M, alpha member 1"
"Cnpy3",0.174894676124836,0.4524,"17","canopy FGF signaling regulator 3"
"Rab5a",-0.174879570104341,0.9212,"17","RAB5A, member RAS oncogene family"
"Usp11",-0.174803662786404,0.1088,"X","ubiquitin specific peptidase 11"
"Anapc7",0.174686278128251,0.0668,"5","anaphase promoting complex subunit 7"
"Srpk3",0.174644306962409,0.5116,"X","serine/arginine-rich protein specific kinase 3"
"Parp4",-0.17460693735412,0.378,"14","poly (ADP-ribose) polymerase family, member 4"
"Wnk1",-0.174560996295678,0.1504,"6","WNK lysine deficient protein kinase 1"
"Atp23",0.174544706569666,0.1436,"10","ATP23 metallopeptidase and ATP synthase assembly factor homolog"
"Sgms2",-0.174515164640291,0.6548,"3","sphingomyelin synthase 2"
"Gas2",0.174492449133471,0.148,"7","growth arrest specific 2"
"Csnk1e",-0.174488681110679,0.3584,"15","casein kinase 1, epsilon"
"Wnt2b",-0.174429368806126,0.7292,"3","wingless-type MMTV integration site family, member 2B"
"Agap3",0.17435781129107,0.5268,"5","ArfGAP with GTPase domain, ankyrin repeat and PH domain 3"
"Rrm2b",-0.174346807111186,0.5836,"15","ribonucleotide reductase M2 B (TP53 inducible)"
"Spg7",0.174344362034542,0.1156,"8","SPG7, paraplegin matrix AAA peptidase subunit"
"Acly",-0.174319474122579,0.3256,"11","ATP citrate lyase"
"Stam2",-0.174318857199037,0.6424,"2","signal transducing adaptor molecule (SH3 domain and ITAM motif) 2"
"Usp37",-0.174313363939921,0.3048,"1","ubiquitin specific peptidase 37"
"Kdm1b",-0.174308673418525,0.3684,"13","lysine (K)-specific demethylase 1B"
"Stard10",0.174303759799406,0.6772,"7","START domain containing 10"
"Rps6kl1",0.174285184570316,0.4716,"12","ribosomal protein S6 kinase-like 1"
"Ier5l",0.174272256047939,0.4736,"2","immediate early response 5-like"
"Frrs1l",-0.174239899808325,0.7332,"4","ferric-chelate reductase 1 like"
"Alad",0.174192875540903,0.3448,"4","aminolevulinate, delta-, dehydratase"
"Asb1",0.174181764580035,0.1064,"1","ankyrin repeat and SOCS box-containing 1"
"Rnh1",0.174174077350939,0.2756,"7","ribonuclease/angiogenin inhibitor 1"
"P2ry6",0.174151877406783,0.4996,"7","pyrimidinergic receptor P2Y, G-protein coupled, 6"
"Spopl",-0.174143602594966,0.5768,"2","speckle-type BTB/POZ protein-like"
"Sec31a",-0.174123077399176,0.036,"5","Sec31 homolog A (S. cerevisiae)"
"Zfp970",-0.174092278982834,0.36,"2","zinc finger protein 970"
"Mvk",0.174053372511703,0.4804,"5","mevalonate kinase"
"Gls",-0.17402927910657,0.3252,"1","glutaminase"
"Micu3",-0.174024568466194,0.724,"8","mitochondrial calcium uptake family, member 3"
"Pja2",-0.174001162355834,0.6892,"17","praja ring finger ubiquitin ligase 2"
"Tmem132d",-0.173938842606367,0.7956,"5","transmembrane protein 132D"
"Kcnq4",0.173922541117126,0.414,"4","potassium voltage-gated channel, subfamily Q, member 4"
"Slc27a4",0.173900533281505,0.4676,"2","solute carrier family 27 (fatty acid transporter), member 4"
"Rsf1",-0.173872235720371,0.4912,"7","remodeling and spacing factor 1"
"Chrac1",0.173785257743441,0.6064,"15","chromatin accessibility complex 1"
"Pex2",0.173784664701008,0.06,"3","peroxisomal biogenesis factor 2"
"Tcp11l2",-0.173777793618604,0.1516,"10","t-complex 11 (mouse) like 2"
"Usp53",-0.173760319682622,0.6436,"3","ubiquitin specific peptidase 53"
"Capn7",-0.173645715065298,0.3756,"14","calpain 7"
"Stk10",-0.173627732203689,0.522,"11","serine/threonine kinase 10"
"Eef1d",0.173618378592449,0.5556,"15","eukaryotic translation elongation factor 1 delta (guanine nucleotide exchange protein)"
"Rpl18a",0.173603720679198,0.714,"8","ribosomal protein L18A"
"Mea1",0.17359184598343,0.5796,"17","male enhanced antigen 1"
"Bclaf1",-0.173536435981267,0.3808,"10","BCL2-associated transcription factor 1"
"Trappc11",-0.173508332200798,0.3228,"8","trafficking protein particle complex 11"
"C1galt1",-0.173457792722047,0.6784,"6","core 1 synthase, glycoprotein-N-acetylgalactosamine 3-beta-galactosyltransferase, 1"
"Kctd4",-0.173443763015534,0.7076,"14","potassium channel tetramerisation domain containing 4"
"Gabrr2",0.173403668076837,0.5584,"4","gamma-aminobutyric acid (GABA) C receptor, subunit rho 2"
"Mrpl10",0.173354004331994,0.3852,"11","mitochondrial ribosomal protein L10"
"Map7d2",-0.173313327194391,0.6304,"X","MAP7 domain containing 2"
"Erich3",0.17329518610256,0.7048,"3","glutamate rich 3"
"Kcnk2",0.17326877393656,0.3844,"1","potassium channel, subfamily K, member 2"
"Rad1",0.173266413017637,0.2912,"15","RAD1 checkpoint DNA exonuclease"
"Lmf1",0.17324554063293,0.2508,"17","lipase maturation factor 1"
"Gpc6",-0.173243370252082,0.6532,"14","glypican 6"
"Sorcs2",0.173171568541374,0.3076,"5","sortilin-related VPS10 domain containing receptor 2"
"Pfkfb4",0.173065117637849,0.2144,"9","6-phosphofructo-2-kinase/fructose-2,6-biphosphatase 4"
"Zbtb18",-0.17301460415138,0.4416,"1","zinc finger and BTB domain containing 18"
"Thrb",-0.172996212532841,0.178,"14","thyroid hormone receptor beta"
"Sycp3",0.172982754132029,0.2284,"10","synaptonemal complex protein 3"
"Rhebl1",0.172963251062902,0.4188,"15","Ras homolog enriched in brain like 1"
"Gnptg",0.17289896586457,0.4736,"17","N-acetylglucosamine-1-phosphotransferase, gamma subunit"
"Czib",0.172894838291455,0.4764,"4","CXXC motif containing zinc binding protein"
"Dennd5b",-0.17287097251557,0.512,"6","DENN/MADD domain containing 5B"
"Zkscan14",0.172803728525006,0.2624,"5","zinc finger with KRAB and SCAN domains 14"
"Gadd45gip1",0.172795095088592,0.5568,"8","growth arrest and DNA-damage-inducible, gamma interacting protein 1"
"Cyfip2",-0.172786364410975,0.3784,"11","cytoplasmic FMR1 interacting protein 2"
"R3hdm2",-0.17277984740398,0.0436,"10","R3H domain containing 2"
"Prpsap1",0.172771834680053,0.356,"11","phosphoribosyl pyrophosphate synthetase-associated protein 1"
"Slc16a6",-0.172770712770495,0.2316,"11","solute carrier family 16 (monocarboxylic acid transporters), member 6"
"Ppp1r9a",-0.172758404730248,0.3472,"6","protein phosphatase 1, regulatory subunit 9A"
"Pgf",0.172747437552782,0.4408,"12","placental growth factor"
"Tmem218",0.172740792759635,0.2488,"9","transmembrane protein 218"
"Bod1",0.172719867986777,0.1516,"11","biorientation of chromosomes in cell division 1"
"Braf",-0.172683922441262,0.414,"6","Braf transforming gene"
"Pusl1",0.172633406344901,0.2772,"4","pseudouridylate synthase-like 1"
"Raly",0.172531962161424,0.4676,"2","hnRNP-associated with lethal yellow"
"Nono",-0.172529191872116,0.1956,"X","non-POU-domain-containing, octamer binding protein"
"Raph1",-0.172518719347097,0.4064,"1","Ras association (RalGDS/AF-6) and pleckstrin homology domains 1"
"Szrd1",0.172416146256212,0.3824,"4","SUZ RNA binding domain containing 1"
"Cwf19l2",-0.172411037250668,0.7088,"9","CWF19-like 2, cell cycle control (S. pombe)"
"2610005L07Rik",-0.172379067540085,0.6308,"8","cadherin 11 pseudogene"
"Acbd3",-0.172319732341317,0.4792,"1","acyl-Coenzyme A binding domain containing 3"
"Rassf4",-0.172312650265385,0.3576,"6","Ras association (RalGDS/AF-6) domain family member 4"
"Armt1",-0.172265271903489,0.0428,"10","acidic residue methyltransferase 1"
"Smc6",-0.172237882309019,0.3488,"12","structural maintenance of chromosomes 6"
"Neto2",-0.172209259798728,0.64,"8","neuropilin (NRP) and tolloid (TLL)-like 2"
"Glb1",0.172186796831287,0.3092,"9","galactosidase, beta 1"
"Foxp1",-0.172147613543816,0.132,"6","forkhead box P1"
"Dcdc2b",0.172133775120591,0.52,"4","doublecortin domain containing 2b"
"Npy5r",-0.172115360143406,0.7828,"8","neuropeptide Y receptor Y5"
"Tex10",-0.172040608968908,0.5952,"4","testis expressed gene 10"
"Frzb",-0.17203827014839,0.3596,"2","frizzled-related protein"
"Gclc",-0.171990048786355,0.3068,"9","glutamate-cysteine ligase, catalytic subunit"
"Arpc1a",0.171981761729013,0.3768,"5","actin related protein 2/3 complex, subunit 1A"
"Psmc4",0.171959853421888,0.3764,"7","proteasome (prosome, macropain) 26S subunit, ATPase, 4"
"Atcay",0.171953603176163,0.0192,"10","ataxia, cerebellar, Cayman type"
"Pcdh1",-0.171948846990875,0.782,"18","protocadherin 1"
"Zbtb22",0.171944929748873,0.0256,"17","zinc finger and BTB domain containing 22"
"Nubp2",0.171876397271856,0.4488,"17","nucleotide binding protein 2"
"Sox18",-0.171837805878236,0.5748,"2","SRY (sex determining region Y)-box 18"
"Bnip1",0.171753377933598,0.5116,"17","BCL2/adenovirus E1B interacting protein 1"
"Arsb",-0.171740698820571,0.54,"13","arylsulfatase B"
"Pea15a",0.171726371904535,0.4988,"1","proliferation and apoptosis adaptor protein 15A"
"Heca",-0.171705553436303,0.5712,"10","hdc homolog, cell cycle regulator"
"Tmem192",0.171678675460733,0.1664,"8","transmembrane protein 192"
"Znhit1",0.17160406807908,0.6076,"5","zinc finger, HIT domain containing 1"
"Nalcn",-0.171582667446887,0.6388,"14","sodium leak channel, non-selective"
"Paqr5",0.171582664327733,0.57,"9","progestin and adipoQ receptor family member V"
"Mrpl11",0.171550157597401,0.5044,"19","mitochondrial ribosomal protein L11"
"Galnt14",0.171525425286109,0.3268,"17","polypeptide N-acetylgalactosaminyltransferase 14"
"Arhgef15",0.171495161515859,0.3052,"11","Rho guanine nucleotide exchange factor (GEF) 15"
"Nop9",0.171310861597458,0.2004,"14","NOP9 nucleolar protein"
"1700086L19Rik",-0.171301552449033,0.652,"12","RIKEN cDNA 1700086L19 gene"
"Htr3a",0.171297942338274,0.4368,"9","5-hydroxytryptamine (serotonin) receptor 3A"
"Ptn",-0.171260967229559,0.2212,"6","pleiotrophin"
"Sipa1l2",-0.171241345169181,0.6112,"8","signal-induced proliferation-associated 1 like 2"
"Zmym2",-0.171186421584603,0.6028,"14","zinc finger, MYM-type 2"
"Smim19",0.171133181474246,0.3072,"8","small integral membrane protein 19"
"Kdm5a",-0.171067973637124,0.5472,"6","lysine (K)-specific demethylase 5A"
"Igsf11",-0.171051063014102,0.114,"16","immunoglobulin superfamily, member 11"
"Ccdc82",-0.171050164796219,0.1596,"9","coiled-coil domain containing 82"
"Pcdh10",-0.171047001174033,0.5168,"3","protocadherin 10"
"Upf3a",0.171046849205884,0.5224,"8","UPF3 regulator of nonsense transcripts homolog A (yeast)"
"Ufsp1",0.170991774306978,0.5776,"5","UFM1-specific peptidase 1"
"Acd",0.170983356892967,0.4348,"8","adrenocortical dysplasia"
"Fam131a",0.170982045003395,0.4172,"16","family with sequence similarity 131, member A"
"Mapk1ip1l",-0.170967126229178,0.5764,"14","mitogen-activated protein kinase 1 interacting protein 1-like"
"Mfap4",0.17094879980504,0.5508,"11","microfibrillar-associated protein 4"
"Slf1",-0.170921772453688,0.5156,"13","SMC5-SMC6 complex localization factor 1"
"Hnrnpa0",0.17091467455154,0.2008,"13","heterogeneous nuclear ribonucleoprotein A0"
"Aifm2",0.170897932803673,0.1876,"10","apoptosis-inducing factor, mitochondrion-associated 2"
"Ift74",-0.170887501633079,0.2748,"4","intraflagellar transport 74"
"Polr2j",0.170884099158332,0.5392,"5","polymerase (RNA) II (DNA directed) polypeptide J"
"Irf1",-0.17086775121294,0.0924,"11","interferon regulatory factor 1"
"Pim3",0.170855451169222,0.272,"15","proviral integration site 3"
"Zfp709",-0.17084522223999,0.4904,"8","zinc finger protein 709"
"Psmd3",0.1708376905988,0.0984,"11","proteasome (prosome, macropain) 26S subunit, non-ATPase, 3"
"Usp14",-0.170808622774849,0.516,"18","ubiquitin specific peptidase 14"
"Rabif",0.170770663180757,0,"1","RAB interacting factor"
"Ireb2",-0.170711748814508,0.6528,"9","iron responsive element binding protein 2"
"Galnt6",0.170701105021294,0.4876,"15","polypeptide N-acetylgalactosaminyltransferase 6"
"Scnm1",0.170672739088235,0.542,"3","sodium channel modifier 1"
"Cwc22",-0.170661547786087,0.1488,"2","CWC22 spliceosome-associated protein"
"Mdh2",0.170629289831174,0.4744,"5","malate dehydrogenase 2, NAD (mitochondrial)"
"Fastk",0.170617179579731,0.472,"5","Fas-activated serine/threonine kinase"
"Zfyve19",0.170610786897463,0.3048,"2","zinc finger, FYVE domain containing 19"
"Pag1",-0.170605890095366,0.5752,"3","phosphoprotein associated with glycosphingolipid microdomains 1"
"Rufy2",-0.170601889961022,0.4292,"10","RUN and FYVE domain-containing 2"
"Serpinf1",-0.170566477214272,0.2764,"11","serine (or cysteine) peptidase inhibitor, clade F, member 1"
"Ccar1",-0.170556117324886,0.1716,"10","cell division cycle and apoptosis regulator 1"
"Suclg2",0.170539178469713,0.3648,"6","succinate-Coenzyme A ligase, GDP-forming, beta subunit"
"C2cd3",-0.17053277039768,0.5036,"7","C2 calcium-dependent domain containing 3"
"Lin7b",0.170505888311985,0.5412,"7","lin-7 homolog B, crumbs cell polarity complex component"
"Pcdh11x",-0.170498599219464,0.5776,"X","protocadherin 11 X-linked"
"Cdk13",-0.170491203581641,0.29,"13","cyclin-dependent kinase 13"
"Tbc1d2",0.170460534534409,0.5476,"4","TBC1 domain family, member 2"
"Osmr",-0.170392985933636,0.652,"15","oncostatin M receptor"
"Ncln",0.170381046110101,0.5148,"10","nicalin"
"Sympk",0.17037445105593,0.4236,"7","symplekin"
"Nf1",-0.170260398432236,0.076,"11","neurofibromin 1"
"Spin2c",-0.170222816106045,0.416,"X","spindlin family, member 2C"
"Hk2",-0.170218383892963,0.4724,"6","hexokinase 2"
"Pdlim4",0.170165972405373,0.3532,"11","PDZ and LIM domain 4"
"Polr1e",0.170131735574057,0.384,"4","polymerase (RNA) I polypeptide E"
"Rps15a",0.170127947903727,0.4196,"7","ribosomal protein S15A"
"Trpm7",-0.170105562908033,0.5872,"2","transient receptor potential cation channel, subfamily M, member 7"
"Zc3h3",0.170028638861997,0.4976,"15","zinc finger CCCH type containing 3"
"Zw10",0.170006805070511,0.114,"9","zw10 kinetochore protein"
"Atxn1l",-0.16998823131712,0.5096,"8","ataxin 1-like"
"Mdk",0.169975577648284,0.66,"2","midkine"
"Slc14a1",-0.169904844693236,0.4476,"18","solute carrier family 14 (urea transporter), member 1"
"Lsg1",0.169898965530678,0.1544,"16","large 60S subunit nuclear export GTPase 1"
"Sbf1",0.169886008206769,0.0584,"15","SET binding factor 1"
"Wdr5b",0.169820428668991,0.2996,"16","WD repeat domain 5B"
"Peak1",-0.169808310355619,0.4048,"9","pseudopodium-enriched atypical kinase 1"
"Thap7",0.16978133956356,0.4708,"16","THAP domain containing 7"
"Lhfp",-0.169762559064183,0.212,"3","lipoma HMGIC fusion partner"
"Ecm1",-0.169695998645173,0.6696,"3","extracellular matrix protein 1"
"Pex26",0.169688767394875,0.1288,"6","peroxisomal biogenesis factor 26"
"Psmb6",0.16967602395268,0.5164,"11","proteasome (prosome, macropain) subunit, beta type 6"
"Fryl",-0.169621093929174,0.1956,"5","FRY like transcription coactivator"
"Lama2",-0.169549473506087,0.506,"10","laminin, alpha 2"
"Prmt5",0.169548404434493,0.3864,"14","protein arginine N-methyltransferase 5"
"Nudcd3",0.169485680711192,0,"11","NudC domain containing 3"
"Ccdc86",0.169375536853912,0.3472,"19","coiled-coil domain containing 86"
"Hipk4",0.169348208705184,0.278,"7","homeodomain interacting protein kinase 4"
"Zhx3",-0.169315630569307,0.6352,"2","zinc fingers and homeoboxes 3"
"Syt13",0.169313387244369,0.0796,"2","synaptotagmin XIII"
"Uck1",0.169289491967196,0.1548,"2","uridine-cytidine kinase 1"
"F3",-0.169229798942744,0.1156,"3","coagulation factor III"
"Mad2l1",-0.169165815660512,0.2656,"6","MAD2 mitotic arrest deficient-like 1"
"Tardbp",-0.169158971116863,0.0792,"4","TAR DNA binding protein"
"Dda1",0.169117448332551,0.3848,"8","DET1 and DDB1 associated 1"
"Bola3",0.169108205728724,0.4216,"6","bolA-like 3 (E. coli)"
"Cib1",0.169049532061347,0.5016,"7","calcium and integrin binding 1 (calmyrin)"
"Nt5c1a",0.169032351650324,0.6476,"4","5'-nucleotidase, cytosolic IA"
"AI837181",0.169007168763015,0.6116,"19","expressed sequence AI837181"
"Tmem47",-0.169004767262153,0.1008,"X","transmembrane protein 47"
"Sec13",0.16891759237567,0.2516,"6","SEC13 homolog, nuclear pore and COPII coat complex component"
"Chpf",0.168901021040203,0.2276,"1","chondroitin polymerizing factor"
"Zfp942",-0.168897206294939,0.3864,"17","zinc finger protein 942"
"Azin2",0.168892295000808,0.36,"4","antizyme inhibitor 2"
"Gfra2",-0.168890848324115,0.3188,"14","glial cell line derived neurotrophic factor family receptor alpha 2"
"Sec23ip",-0.16885429249309,0.4548,"7","Sec23 interacting protein"
"Gss",0.168793713677887,0.1712,"2","glutathione synthetase"
"Eif3g",0.168784973006601,0.48,"9","eukaryotic translation initiation factor 3, subunit G"
"Ginm1",-0.168731167643651,0.1596,"10","glycoprotein integral membrane 1"
"Tmx4",-0.168707080813557,0.5544,"2","thioredoxin-related transmembrane protein 4"
"Ank2",-0.168670638011255,0.412,"3","ankyrin 2, brain"
"Adam10",-0.168651971624251,0.2548,"9","a disintegrin and metallopeptidase domain 10"
"Trmt112",0.16865126798744,0.5648,"19","tRNA methyltransferase 11-2"
"Eif1",0.168643572005916,0.5076,"11","eukaryotic translation initiation factor 1"
"Tma7",0.168627617824497,0.5584,"9","translational machinery associated 7"
"Tma7",0.168627617824497,0.5584,"9","translational machinery associated 7"
"Adam19",-0.168569478232597,0.4392,"11","a disintegrin and metallopeptidase domain 19 (meltrin beta)"
"Eepd1",0.168560786019921,0.3548,"9","endonuclease/exonuclease/phosphatase family domain containing 1"
"Xkr6",-0.168554155068087,0.6372,"14","X-linked Kx blood group related 6"
"Tmem150a",0.168551850601645,0.5172,"6","transmembrane protein 150A"
"Rdx",-0.168528376887711,0.3588,"9","radixin"
"Nfkbil1",0.168482634452983,0.6672,"17","nuclear factor of kappa light polypeptide gene enhancer in B cells inhibitor like 1"
"Fam185a",0.168471311928903,0.3824,"5","family with sequence similarity 185, member A"
"Jph3",0.1684445307245,0.4152,"8","junctophilin 3"
"Spindoc",0.16840982026701,0.408,"19","spindlin interactor and repressor of chromatin binding"
"Igdcc4",-0.168394399495732,0.064,"9","immunoglobulin superfamily, DCC subclass, member 4"
"Lrrtm3",-0.168388160591982,0.2916,"10","leucine rich repeat transmembrane neuronal 3"
"Hmgn2",0.168371528828573,0.1992,"4","high mobility group nucleosomal binding domain 2"
"Zscan25",-0.168219595601983,0.462,"5","zinc finger and SCAN domain containing 25"
"Pigq",0.168198936804942,0.028,"17","phosphatidylinositol glycan anchor biosynthesis, class Q"
"Tmem119",-0.168127773044329,0.8732,"5","transmembrane protein 119"
"Vegfb",0.168108473104087,0.5848,"19","vascular endothelial growth factor B"
"Npc2",0.168102292885958,0.3784,"12","NPC intracellular cholesterol transporter 2"
"2510039O18Rik",0.16808889193987,0.1252,"4","RIKEN cDNA 2510039O18 gene"
"Ano4",-0.168036018829587,0.2272,"10","anoctamin 4"
"Arcn1",-0.167999845536689,0.6396,"9","archain 1"
"Mia3",-0.167996131758558,0.494,"1","MIA SH3 domain ER export factor 3"
"Tesk1",0.167920738562964,0.5036,"4","testis specific protein kinase 1"
"Anapc11",0.167913350648319,0.6072,"11","anaphase promoting complex subunit 11"
"Tceal1",-0.16789788537239,0.56,"X","transcription elongation factor A (SII)-like 1"
"Fam53a",0.167890423300755,0.4536,"5","family with sequence similarity 53, member A"
"Psme2",0.167865832134446,0.508,"14","proteasome (prosome, macropain) activator subunit 2 (PA28 beta)"
"Psmc5",0.167813169173439,0.4948,"11","protease (prosome, macropain) 26S subunit, ATPase 5"
"Otub1",0.167726780009346,0.5748,"19","OTU domain, ubiquitin aldehyde binding 1"
"Oga",-0.167710793654258,0.4516,"19","O-GlcNAcase"
"Fam53c",0.167698985691234,0.0936,"18","family with sequence similarity 53, member C"
"Akap8",-0.167665054551466,0.4316,"17","A kinase (PRKA) anchor protein 8"
"Gstz1",0.167617967657236,0.198,"12","glutathione transferase zeta 1 (maleylacetoacetate isomerase)"
"Map4k5",-0.167573169236427,0.4416,"12","mitogen-activated protein kinase kinase kinase kinase 5"
"Wbp1l",0.167554354295426,0.1392,"19","WW domain binding protein 1 like"
"Gm14410",-0.167553183160101,0.5632,"2","predicted gene 14410"
"Med25",0.167550604263973,0.4928,"7","mediator complex subunit 25"
"Ppp1ca",0.167540342678321,0.426,"19","protein phosphatase 1 catalytic subunit alpha"
"Man1b1",0.167528126705469,0.0168,"2","mannosidase, alpha, class 1B, member 1"
"Zfp954",0.167527329143236,0.1816,"7","zinc finger protein 954"
"Atad1",-0.167436407271391,0.6308,"19","ATPase family, AAA domain containing 1"
"Zfp322a",-0.167379465265213,0.4076,"13","zinc finger protein 322A"
"Chst10",0.167346195710886,0.2076,"1","carbohydrate sulfotransferase 10"
"Cep89",0.167341695658914,0.5892,"7","centrosomal protein 89"
"Cd2ap",-0.167337036288703,0.4348,"17","CD2-associated protein"
"Slc35b1",0.16731666617513,0.1844,"11","solute carrier family 35, member B1"
"Arhgef40",-0.167314176219315,0.1356,"14","Rho guanine nucleotide exchange factor (GEF) 40"
"Grhl1",-0.167304063723152,0.3096,"12","grainyhead like transcription factor 1"
"B3gat2",0.167301077918576,0.2928,"1","beta-1,3-glucuronyltransferase 2 (glucuronosyltransferase S)"
"Med29",0.167273993486008,0.552,"7","mediator complex subunit 29"
"Nav1",-0.167271213417202,0.2704,"1","neuron navigator 1"
"Tdrp",0.167263965641731,0.1904,"8","testis development related protein"
"Hivep1",-0.167250533178901,0.12,"13","human immunodeficiency virus type I enhancer binding protein 1"
"Thoc6",0.16722589158298,0.1772,"17","THO complex 6"
"Bad",0.167217115747507,0.12,"19","BCL2-associated agonist of cell death"
"Lage3",0.167214836218354,0.5976,"X","L antigen family, member 3"
"Grm7",-0.167167652499201,0.6224,"6","glutamate receptor, metabotropic 7"
"Rgs11",0.167166695109912,0.6704,"17","regulator of G-protein signaling 11"
"Pop4",0.167160278977913,0.4344,"7","processing of precursor 4, ribonuclease P/MRP family, (S. cerevisiae)"
"Agt",0.167124836089388,0.4124,"8","angiotensinogen (serpin peptidase inhibitor, clade A, member 8)"
"Znrf2",-0.167090199748438,0.3636,"6","zinc and ring finger 2"
"1700047M11Rik",0.167088662692569,0.6356,"1","RIKEN cDNA 1700047M11 gene"
"Snx32",0.167084925535423,0.4932,"19","sorting nexin 32"
"Ago4",-0.167063315075704,0.3208,"4","argonaute RISC catalytic subunit 4"
"Csnk1g3",-0.167055707382888,0.2872,"18","casein kinase 1, gamma 3"
"Plce1",-0.167020451866411,0.4344,"19","phospholipase C, epsilon 1"
"Heatr1",-0.167017184204665,0.2876,"13","HEAT repeat containing 1"
"S100b",0.167008933453319,0.6468,"10","S100 protein, beta polypeptide, neural"
"Slc35a5",-0.167000643880783,0.6028,"16","solute carrier family 35, member A5"
"Chrm3",-0.166985379408484,0.752,"13","cholinergic receptor, muscarinic 3, cardiac"
"Svip",0.166976059493864,0.2716,"7","small VCP/p97-interacting protein"
"Anks6",0.166966729386176,0.2472,"4","ankyrin repeat and sterile alpha motif domain containing 6"
"Dyrk2",0.166947710419207,0.7376,"10","dual-specificity tyrosine-(Y)-phosphorylation regulated kinase 2"
"Zfp37",-0.166938965326589,0.5748,"4","zinc finger protein 37"
"Cyp4f16",0.16693740698389,0.3944,"17","cytochrome P450, family 4, subfamily f, polypeptide 16"
"Klhdc2",-0.166881066187789,0.7424,"12","kelch domain containing 2"
"Rab9",-0.16684829584078,0.1868,"X","RAB9, member RAS oncogene family"
"Naa16",-0.166824040043053,0.218,"14","N(alpha)-acetyltransferase 16, NatA auxiliary subunit"
"Psmd9",0.166816683196775,0.2532,"5","proteasome (prosome, macropain) 26S subunit, non-ATPase, 9"
"Cog2",0.166751148032015,0.2276,"8","component of oligomeric golgi complex 2"
"Polr2l",0.166648726436036,0.6692,"7","polymerase (RNA) II (DNA directed) polypeptide L"
"Ttc28",-0.166607402529375,0.1116,"5","tetratricopeptide repeat domain 28"
"Plekhh1",-0.166576766253625,0.5432,"12","pleckstrin homology domain containing, family H (with MyTH4 domain) member 1"
"Iws1",-0.166569873946521,0.5992,"18","IWS1, SUPT6 interacting protein"
"Ensa",0.166552425306106,0.3408,"3","endosulfine alpha"
"Ccnh",-0.16653099036844,0.632,"13","cyclin H"
"0610010K14Rik",0.16651116629063,0.6168,"11","RIKEN cDNA 0610010K14 gene"
"Lair1",-0.166493493831329,0.6736,"7","leukocyte-associated Ig-like receptor 1"
"Dnaja1",-0.166490051602532,0.6236,"4","DnaJ heat shock protein family (Hsp40) member A1"
"Mkln1",-0.166490002848144,0.5952,"6","muskelin 1, intracellular mediator containing kelch motifs"
"Esyt2",-0.166470772528234,0.6204,"12","extended synaptotagmin-like protein 2"
"Mtg1",0.166426773796455,0.0268,"7","mitochondrial ribosome-associated GTPase 1"
"Acp6",-0.166400334560204,0.0932,"3","acid phosphatase 6, lysophosphatidic"
"Samd12",-0.166313984574023,0.7688,"15","sterile alpha motif domain containing 12"
"Per3",-0.166255492737321,0.3052,"4","period circadian clock 3"
"Slc25a37",-0.166254592645205,0.2588,"14","solute carrier family 25, member 37"
"Gpam",-0.166240185769718,0.2712,"19","glycerol-3-phosphate acyltransferase, mitochondrial"
"Saysd1",0.166238410216589,0.4296,"14","SAYSVFN motif domain containing 1"
"Xrn1",-0.1662290248986,0.5384,"9","5'-3' exoribonuclease 1"
"Dip2a",-0.166187048876875,0.5316,"10","disco interacting protein 2 homolog A"
"Rsu1",-0.166182016112362,0.1724,"2","Ras suppressor protein 1"
"Ubp1",-0.166145831202343,0.3748,"9","upstream binding protein 1"
"3300002P13Rik",0.166108125407261,0.7116,"7","RIKEN cDNA 3300002P13 gene"
"Ggnbp1",0.166106011672923,0.474,"17","gametogenetin binding protein 1"
"A230083G16Rik",-0.166062207165278,0.598,"6","RIKEN cDNA A230083G16 gene"
"Limk2",0.166060545073531,0.182,"11","LIM motif-containing protein kinase 2"
"Trpc1",-0.166055078121381,0.7704,"9","transient receptor potential cation channel, subfamily C, member 1"
"Cystm1",0.166051359907527,0.4172,"18","cysteine-rich transmembrane module containing 1"
"Mtx1",0.166050881797481,0.2152,"3","metaxin 1"
"Cog4",0.166022512134916,0.2392,"8","component of oligomeric golgi complex 4"
"Mrpl4",0.165995032849891,0.6416,"9","mitochondrial ribosomal protein L4"
"Tyw1",0.165977526531982,0.122,"5","tRNA-yW synthesizing protein 1 homolog (S. cerevisiae)"
"Dse",-0.165967681541918,0.612,"10","dermatan sulfate epimerase"
"Zfp418",-0.165945702094362,0.3016,"7","zinc finger protein 418"
"Ttc34",0.165922833239637,0.4652,"4","tetratricopeptide repeat domain 34"
"Sec61a1",0.165920227117176,0.3472,"6","Sec61 alpha 1 subunit (S. cerevisiae)"
"Afap1",-0.165907594521119,0.102,"5","actin filament associated protein 1"
"Gpn1",0.165876259760407,0.3872,"5","GPN-loop GTPase 1"
"Mtif3",0.1658479414166,0.2652,"5","mitochondrial translational initiation factor 3"
"Rbis",0.165836266855535,0.5608,"3","ribosomal biogenesis factor"
"Vps37b",0.165824828162527,0.2984,"5","vacuolar protein sorting 37B"
"Mapk1",-0.1658027486456,0.7104,"16","mitogen-activated protein kinase 1"
"Stk3",-0.165755233914689,0.1332,"15","serine/threonine kinase 3"
"Cpd",-0.165753911522835,0.4028,"11","carboxypeptidase D"
"Mipep",0.165624332270409,0.0432,"14","mitochondrial intermediate peptidase"
"1700003E16Rik",0.165623771329857,0.5404,"6","RIKEN cDNA 1700003E16 gene"
"Zfp277",0.165586314677775,0.0384,"12","zinc finger protein 277"
"Zfp738",-0.165580649278183,0.4804,"13","zinc finger protein 738"
"Arv1",0.165568193780977,0.2804,"8","ARV1 homolog, fatty acid homeostasis modulator"
"Serinc3",-0.165563701505216,0.6348,"2","serine incorporator 3"
"Lmln",-0.165543158000826,0.738,"16","leishmanolysin-like (metallopeptidase M8 family)"
"Gdap1",-0.165517248250594,0.5032,"1","ganglioside-induced differentiation-associated-protein 1"
"Mvp",0.165508447098125,0.3716,"7","major vault protein"
"Pcdhb19",-0.165416117341092,0.8288,"18","protocadherin beta 19"
"Nudt21",-0.165396311224772,0.5072,"8","nudix (nucleoside diphosphate linked moiety X)-type motif 21"
"Gtpbp3",0.165345974496307,0.1612,"8","GTP binding protein 3"
"Lingo2",-0.165332800121708,0.5496,"4","leucine rich repeat and Ig domain containing 2"
"Hic2",0.165326244448001,0.118,"16","hypermethylated in cancer 2"
"Mllt1",0.165302561112536,0.498,"17","myeloid/lymphoid or mixed-lineage leukemia; translocated to, 1"
"Racgap1",0.16530158714897,0.3056,"15","Rac GTPase-activating protein 1"
"Kat2b",-0.165282483908003,0.3248,"17","K(lysine) acetyltransferase 2B"
"Snapc4",0.165243304647365,0.5824,"2","small nuclear RNA activating complex, polypeptide 4"
"Myo10",-0.165207725644435,0.0172,"15","myosin X"
"Zgpat",-0.165202367452725,0.5944,"2","zinc finger, CCCH-type with G patch domain"
"Txn2",0.165184581790948,0.5012,"15","thioredoxin 2"
"Fam181b",0.165176672771068,0.3764,"7","family with sequence similarity 181, member B"
"Ankrd23",0.165170654131113,0.5204,"1","ankyrin repeat domain 23"
"Setd2",-0.165160975716184,0.5456,"9","SET domain containing 2"
"Fxyd6",0.1651441104327,0.2944,"9","FXYD domain-containing ion transport regulator 6"
"Neto1",-0.165119844771215,0.4616,"18","neuropilin (NRP) and tolloid (TLL)-like 1"
"Gnptab",-0.165111810514034,0.508,"10","N-acetylglucosamine-1-phosphate transferase, alpha and beta subunits"
"Klhl20",-0.1651010043043,0.106,"1","kelch-like 20"
"Dedd",0.165065800143458,0.314,"1","death effector domain-containing"
"Dnajc11",0.165001466490628,0.1936,"4","DnaJ heat shock protein family (Hsp40) member C11"
"Slc38a10",0.164965795579698,0.0468,"11","solute carrier family 38, member 10"
"Pgm2l1",-0.164942823613863,0.6312,"7","phosphoglucomutase 2-like 1"
"Rps27l",0.164933978783516,0.3628,"9","ribosomal protein S27-like"
"Hapln4",0.164870909965448,0.198,"8","hyaluronan and proteoglycan link protein 4"
"Myt1",-0.164865793018666,0.5312,"2","myelin transcription factor 1"
"Larp1b",0.164821266917652,0.274,"3","La ribonucleoprotein 1B"
"Cat",-0.164683134427486,0.2124,"2","catalase"
"C1qa",-0.164656221433689,0.7444,"4","complement component 1, q subcomponent, alpha polypeptide"
"Erg",-0.164644557628027,0.6604,"16","ETS transcription factor"
"Cep131",0.16463883670082,0.5016,"11","centrosomal protein 131"
"Tor1a",0.16458695743288,0.0796,"2","torsin family 1, member A (torsin A)"
"Rab6a",-0.164577270483106,0.4008,"7","RAB6A, member RAS oncogene family"
"Gmds",-0.164567877068519,0.1852,"13","GDP-mannose 4, 6-dehydratase"
"Sil1",0.164511055727689,0.6496,"18","SIL1 nucleotide exchange factor"
"Morn4",0.164509269843061,0.4792,"19","MORN repeat containing 4"
"Krr1",-0.164455605604675,0.1788,"10","KRR1, small subunit (SSU) processome component, homolog (yeast)"
"Thra",0.164405779240397,0.4672,"11","thyroid hormone receptor alpha"
"Cntn4",-0.16439587910055,0.5372,"6","contactin 4"
"Kcnt1",0.1643887821333,0.536,"2","potassium channel, subfamily T, member 1"
"Iffo1",0.164329041285018,0.2184,"6","intermediate filament family orphan 1"
"Sars",0.164300494419145,0.2228,"3","seryl-aminoacyl-tRNA synthetase"
"Kcnab1",-0.164289034213041,0.5784,"3","potassium voltage-gated channel, shaker-related subfamily, beta member 1"
"Emc10",0.164279055992483,0.5336,"7","ER membrane protein complex subunit 10"
"Agtpbp1",-0.164267744981577,0.4428,"13","ATP/GTP binding protein 1"
"Agtpbp1",-0.164267744981577,0.4428,"13","ATP/GTP binding protein 1"
"Fastkd1",-0.164233023538371,0.1828,"2","FAST kinase domains 1"
"Mr1",-0.164232935226691,0.2816,"1","major histocompatibility complex, class I-related"
"Zmynd8",-0.164225877182445,0.3204,"2","zinc finger, MYND-type containing 8"
"Ccdc71l",-0.164167882206523,0.872,"12","coiled-coil domain containing 71 like"
"Ctsf",0.164150902576987,0.148,"19","cathepsin F"
"Fam162a",0.164132028266158,0.5304,"16","family with sequence similarity 162, member A"
"Twsg1",-0.164130171625024,0.1964,"17","twisted gastrulation BMP signaling modulator 1"
"Zfp935",-0.164121022300502,0.4036,"13","zinc finger protein 935"
"Pbrm1",-0.164083695859351,0.514,"14","polybromo 1"
"Snrk",-0.164045587861838,0.4968,"9","SNF related kinase"
"Rtkn",0.164018448669633,0.4576,"6","rhotekin"
"Sumf2",0.163957485077838,0.3856,"5","sulfatase modifying factor 2"
"Snap29",-0.163955260844543,0.2072,"16","synaptosomal-associated protein 29"
"Pms2",0.1639492560939,0.3212,"5","PMS1 homolog2, mismatch repair system component"
"Zbtb11",-0.163939401619159,0.7724,"16","zinc finger and BTB domain containing 11"
"Wasf3",-0.16392897437056,0.2352,"5","WASP family, member 3"
"Vps13d",-0.163915173272961,0.5184,"4","vacuolar protein sorting 13D"
"Rbm39",-0.163859773929001,0.2972,"2","RNA binding motif protein 39"
"Fgf9",0.163853808025311,0.244,"14","fibroblast growth factor 9"
"Ccdc92b",0.163699846484378,0.2212,"11","coiled-coil domain containing 92B"
"Tceal8",-0.163693358680154,0.3488,"X","transcription elongation factor A (SII)-like 8"
"Pwwp3a",0.163673827104251,0.1972,"10","PWWP domain containing 3A, DNA repair factor"
"Ilkap",0.16367059646766,0.478,"1","integrin-linked kinase-associated serine/threonine phosphatase 2C"
"Lrrc56",0.163567814136644,0.3804,"7","leucine rich repeat containing 56"
"Isoc2a",0.163545747392964,0.3792,"7","isochorismatase domain containing 2a"
"Eif2d",0.16353906453564,0.1076,"1","eukaryotic translation initiation factor 2D"
"Pigx",0.163511991904719,0.4128,"16","phosphatidylinositol glycan anchor biosynthesis, class X"
"Mrpl36",0.163496954787977,0.4708,"13","mitochondrial ribosomal protein L36"
"Polr1d",0.163487881154746,0.446,"5","polymerase (RNA) I polypeptide D"
"Fam227a",0.163439517932124,0.5528,"15","family with sequence similarity 227, member A"
"Dock7",-0.163439014586136,0.4396,"4","dedicator of cytokinesis 7"
"Xpot",-0.163372596286177,0.2656,"10","exportin, tRNA (nuclear export receptor for tRNAs)"
"Fiz1",0.163362718683989,0.396,"7","Flt3 interacting zinc finger protein 1"
"Klhl2",-0.163342852162643,0.8808,"8","kelch-like 2, Mayven"
"Ap3s1",-0.163312395829914,0.2104,"18","adaptor-related protein complex 3, sigma 1 subunit"
"Rimbp3",-0.163281134505546,0.5164,"16","RIMS binding protein 3"
"Tmem42",0.163259539186305,0.476,"9","transmembrane protein 42"
"Wwc2",-0.163215791185731,0.362,"8","WW, C2 and coiled-coil domain containing 2"
"Ckb",0.163209474787394,0.4432,"12","creatine kinase, brain"
"Hip1r",0.16312950798324,0.0232,"5","huntingtin interacting protein 1 related"
"Thap3",0.163107356765848,0.5792,"4","THAP domain containing, apoptosis associated protein 3"
"Cep152",0.163048999371896,0.4324,"2","centrosomal protein 152"
"Slc9a4",-0.16302307849622,0.588,"1","solute carrier family 9 (sodium/hydrogen exchanger), member 4"
"Rfx4",-0.163012291230476,0.2712,"10","regulatory factor X, 4 (influences HLA class II expression)"
"Fhl2",0.163006445606437,0.1504,"1","four and a half LIM domains 2"
"Stim2",-0.162973501794548,0.6124,"5","stromal interaction molecule 2"
"Cluap1",0.162973281949335,0.2596,"16","clusterin associated protein 1"
"Dlgap3",0.162970834864399,0.5628,"4","DLG associated protein 3"
"Igfbp3",0.162962167536412,0.3284,"11","insulin-like growth factor binding protein 3"
"Zkscan16",-0.162953982329505,0.7336,"4","zinc finger with KRAB and SCAN domains 16"
"Ptar1",-0.162941293946891,0.7864,"19","protein prenyltransferase alpha subunit repeat containing 1"
"Snrpe",0.162921761122607,0.5788,"1","small nuclear ribonucleoprotein E"
"Swsap1",0.16291468008478,0.3988,"9","SWIM type zinc finger 7 associated protein 1"
"Nedd4",-0.16287143654095,0.5168,"9","neural precursor cell expressed, developmentally down-regulated 4"
"Magee1",-0.162807714211738,0.5544,"X","MAGE family member E1"
"Supt4a",0.162767582633538,0.5544,"11","SPT4A, DSIF elongation factor subunit"
"Trf",0.162762187634861,0.4584,"9","transferrin"
"Gm16835",0.162759866183125,0.1596,"14","predicted gene, 16835"
"Mtmr6",-0.16275119838566,0.5188,"14","myotubularin related protein 6"
"Sertad2",0.16272637582126,0.0152,"11","SERTA domain containing 2"
"Slc7a2",-0.162722484467428,0.2424,"8","solute carrier family 7 (cationic amino acid transporter, y+ system), member 2"
"Nptx2",0.162714802492061,0.544,"5","neuronal pentraxin 2"
"Rnf141",-0.162712873634593,0.5196,"7","ring finger protein 141"
"Pde12",-0.162688968805837,0.4312,"14","phosphodiesterase 12"
"Cox11",0.162677317602384,0.4236,"11","cytochrome c oxidase assembly protein 11, copper chaperone"
"Sdhc",0.162619284607378,0.3584,"1","succinate dehydrogenase complex, subunit C, integral membrane protein"
"Dhodh",0.162590574612562,0.2484,"8","dihydroorotate dehydrogenase"
"Fam120b",-0.162540088724695,0.3008,"17","family with sequence similarity 120, member B"
"Edil3",-0.162527719819469,0.6244,"13","EGF-like repeats and discoidin I-like domains 3"
"Ap3s2",0.162519587942255,0.3824,"7","adaptor-related protein complex 3, sigma 2 subunit"
"Prickle1",-0.162474937919543,0.3704,"15","prickle planar cell polarity protein 1"
"Epor",0.162413985425017,0.4824,"9","erythropoietin receptor"
"Chuk",-0.162312262542848,0.568,"19","conserved helix-loop-helix ubiquitous kinase"
"Prob1",0.162237208350244,0.4816,"18","proline rich basic protein 1"
"Palm",0.16222722614555,0.6044,"10","paralemmin"
"Zfp958",0.162221243818393,0.2208,"8","zinc finger protein 958"
"Zfp580",0.162214348877916,0.5716,"7","zinc finger protein 580"
"Tatdn2",0.162194535346512,0.114,"6","TatD DNase domain containing 2"
"Trmt10c",-0.162172694080003,0.8812,"16","tRNA methyltransferase 10C, mitochondrial RNase P subunit"
"Dnajc19",0.162159858771301,0.2572,"3","DnaJ heat shock protein family (Hsp40) member C19"
"Cdc37",0.162139394152359,0.452,"9","cell division cycle 37"
"Dnajc12",0.162112800217061,0.2952,"10","DnaJ heat shock protein family (Hsp40) member C12"
"Ankrd28",-0.16200292354477,0.5248,"14","ankyrin repeat domain 28"
"B3gntl1",-0.161988458719606,0.1636,"11","UDP-GlcNAc:betaGal beta-1,3-N-acetylglucosaminyltransferase-like 1"
"Anks1b",-0.161963491920346,0.2104,"10","ankyrin repeat and sterile alpha motif domain containing 1B"
"Camk1",0.161960759606023,0.0908,"6","calcium/calmodulin-dependent protein kinase I"
"Nfkbiz",-0.161960482559546,0.3088,"16","nuclear factor of kappa light polypeptide gene enhancer in B cells inhibitor, zeta"
"Ccdc117",0.161935034196017,0.114,"11","coiled-coil domain containing 117"
"Mtmr2",-0.161870778762109,0.2128,"9","myotubularin related protein 2"
"Pyroxd1",-0.161852715250744,0.584,"6","pyridine nucleotide-disulphide oxidoreductase domain 1"
"Trim27",0.161764811561953,0.0796,"13","tripartite motif-containing 27"
"Id1",0.161718727143351,0.4452,"2","inhibitor of DNA binding 1, HLH protein"
"Bmerb1",0.161695709430505,0.2776,"16","bMERB domain containing 1"
"Mrpl23",0.161689135166935,0.6656,"7","mitochondrial ribosomal protein L23"
"Rpf2",-0.161687442367659,0.2608,"10","ribosome production factor 2 homolog"
"Kank3",0.161668336781059,0.18,"17","KN motif and ankyrin repeat domains 3"
"Mertk",-0.161656540257543,0.3896,"2","MER proto-oncogene tyrosine kinase"
"Lsamp",-0.161654255680958,0.1448,"16","limbic system-associated membrane protein"
"Zfp971",-0.161625827797254,0.6344,"2","zinc finger protein 971"
"Agpat1",0.161590911148055,0.4652,"17","1-acylglycerol-3-phosphate O-acyltransferase 1 (lysophosphatidic acid acyltransferase, alpha)"
"Epn1",0.161590759237503,0.6644,"7","epsin 1"
"Nek1",-0.161570199123809,0.5492,"8","NIMA (never in mitosis gene a)-related expressed kinase 1"
"Telo2",0.161542676507962,0.4124,"17","telomere maintenance 2"
"Rangap1",0.161437295685094,0.4528,"15","RAN GTPase activating protein 1"
"Sp9",0.161410619980693,0.0376,"2","trans-acting transcription factor 9"
"Itgb1",-0.16129297393713,0.2216,"8","integrin beta 1 (fibronectin receptor beta)"
"Atp13a5",-0.161260823827048,0.624,"16","ATPase type 13A5"
"Tigd2",-0.161239612342971,0.4992,"6","tigger transposable element derived 2"
"Phf23",0.161192436005334,0.3364,"11","PHD finger protein 23"
"Gm19410",-0.161183096617779,0.586,"8","predicted gene, 19410"
"Nid2",0.161166251952464,0.8204,"14","nidogen 2"
"Adamts17",-0.161164524860145,0.3912,"7","a disintegrin-like and metallopeptidase (reprolysin type) with thrombospondin type 1 motif, 17"
"Ogdhl",0.161146522787551,0.2752,"14","oxoglutarate dehydrogenase-like"
"Rev3l",-0.161126419893884,0.6404,"10","REV3 like, DNA directed polymerase zeta catalytic subunit"
"Gjc2",0.161121305987089,0.466,"11","gap junction protein, gamma 2"
"Fus",-0.161103353622277,0.2564,"7","fused in sarcoma"
"Ncstn",-0.161096839701633,0.2376,"1","nicastrin"
"Rpl22",0.161067764899433,0.4532,"4","ribosomal protein L22"
"Furin",0.161067113636661,0.0788,"7","furin (paired basic amino acid cleaving enzyme)"
"Slc1a4",-0.161045536071557,0.208,"11","solute carrier family 1 (glutamate/neutral amino acid transporter), member 4"
"Shroom1",0.161031561261012,0.3296,"11","shroom family member 1"
"Gpaa1",0.16100700898112,0.4216,"15","GPI anchor attachment protein 1"
"Gsap",-0.160955096465867,0.2156,"5","gamma-secretase activating protein"
"Irgm1",-0.160927201012856,0.4556,"11","immunity-related GTPase family M member 1"
"Dscam",-0.160897812954381,0.2232,"16","DS cell adhesion molecule"
"9130221H12Rik",0.160889376586963,0.4644,"7","RIKEN cDNA 9130221H12 gene"
"Asah2",-0.160815558071379,0.6316,"19","N-acylsphingosine amidohydrolase 2"
"Rae1",0.160782493011343,0.1476,"2","ribonucleic acid export 1"
"Arhgap4",-0.16069422325513,0.5872,"X","Rho GTPase activating protein 4"
"Cog6",-0.160652887854756,0.2116,"3","component of oligomeric golgi complex 6"
"Rasa2",-0.160638740518423,0.3468,"9","RAS p21 protein activator 2"
"Tmem120a",0.160638114484707,0.3772,"5","transmembrane protein 120A"
"Tamm41",0.160615436600162,0.3208,"6","TAM41 mitochondrial translocator assembly and maintenance homolog"
"Prkag1",0.160612700385077,0.0432,"15","protein kinase, AMP-activated, gamma 1 non-catalytic subunit"
"Katna1",-0.16060448315513,0.0564,"10","katanin p60 (ATPase-containing) subunit A1"
"Dhx32",0.160558260923496,0,"7","DEAH (Asp-Glu-Ala-His) box polypeptide 32"
"Trp53bp2",-0.16054421526249,0.0328,"1","transformation related protein 53 binding protein 2"
"Btd",-0.160515620964123,0.4384,"14","biotinidase"
"Wdr47",-0.160462982780205,0.6848,"3","WD repeat domain 47"
"Pole3",0.160438867587442,0.14,"4","polymerase (DNA directed), epsilon 3 (p17 subunit)"
"Zc3h7a",-0.160433240383265,0.4704,"16","zinc finger CCCH type containing 7 A"
"Pnpla8",-0.160390846717355,0.4276,"12","patatin-like phospholipase domain containing 8"
"Tbcc",0.160291492613771,0.3644,"17","tubulin-specific chaperone C"
"Pecam1",-0.160269272241255,0.5948,"11","platelet/endothelial cell adhesion molecule 1"
"Ufsp2",-0.160226865492604,0.0864,"8","UFM1-specific peptidase 2"
"Il16",0.160188273914373,0.1524,"7","interleukin 16"
"Dnah9",0.160165125658365,0.4132,"11","dynein, axonemal, heavy chain 9"
"Sfxn2",0.160135086012719,0.6264,"19","sideroflexin 2"
"Zc3h15",-0.160122000587807,0.424,"2","zinc finger CCCH-type containing 15"
"Cgref1",0.160114783752737,0.5304,"5","cell growth regulator with EF hand domain 1"
"Cadm1",-0.160105787280811,0.208,"9","cell adhesion molecule 1"
"Agfg1",-0.160091665532805,0.436,"1","ArfGAP with FG repeats 1"
"Pef1",0.159986251989786,0.5272,"4","penta-EF hand domain containing 1"
"Mal2",-0.159979883319618,0.3984,"15","mal, T cell differentiation protein 2"
"Zfp946",-0.159946662925641,0.3568,"17","zinc finger protein 946"
"Ccnk",-0.159932835382122,0,"12","cyclin K"
"Prdx2",0.159911687507901,0.4456,"8","peroxiredoxin 2"
"Tmem209",-0.159906959786952,0.4184,"6","transmembrane protein 209"
"Zfp105",-0.15990556968106,0.4392,"9","zinc finger protein 105"
"Ubn2",-0.159873012895704,0.5444,"6","ubinuclein 2"
"Gosr2",0.159802210506943,0.034,"11","golgi SNAP receptor complex member 2"
"Pigv",0.159774040197472,0.172,"4","phosphatidylinositol glycan anchor biosynthesis, class V"
"Serinc5",-0.159770302621711,0.4448,"13","serine incorporator 5"
"Dpy30",0.159664538994134,0.2788,"17","dpy-30, histone methyltransferase complex regulatory subunit"
"Zfpm2",-0.159660329400052,0.7148,"15","zinc finger protein, multitype 2"
"Ccnt1",-0.15962438694662,0.4516,"15","cyclin T1"
"Sod2",-0.159612890947262,0.432,"17","superoxide dismutase 2, mitochondrial"
"Psmg4",0.159559565793,0.6516,"13","proteasome (prosome, macropain) assembly chaperone 4"
"Lrrc24",0.159547902579094,0.0984,"15","leucine rich repeat containing 24"
"Tln1",-0.159425843329659,0.0524,"4","talin 1"
"Zrsr2",-0.159391140128566,0.0624,"X","zinc finger (CCCH type), RNA binding motif and serine/arginine rich 2"
"Plxnc1",-0.159387104827516,0.4948,"10","plexin C1"
"Tm6sf2",0.15936467240887,0.66,"8","transmembrane 6 superfamily member 2"
"Adck1",0.159357654117173,0.0352,"12","aarF domain containing kinase 1"
"Atad3a",0.159333212213088,0.0428,"4","ATPase family, AAA domain containing 3A"
"Pcdha12",0.159279563237191,0.7916,"18","protocadherin alpha 12"
"Npy1r",-0.159254406427836,0.358,"8","neuropeptide Y receptor Y1"
"Arl6",-0.159253065227981,0.4008,"16","ADP-ribosylation factor-like 6"
"F730043M19Rik",0.159247742933609,0.4688,"12","RIKEN cDNA F730043M19 gene"
"Extl3",0.15915105121405,0.1912,"14","exostosin-like glycosyltransferase 3"
"Kcnh4",0.159028038779347,0.3904,"11","potassium voltage-gated channel, subfamily H (eag-related), member 4"
"Ubr5",-0.158988275694458,0.3828,"15","ubiquitin protein ligase E3 component n-recognin 5"
"Sema3c",-0.158979816646071,0.6912,"5","sema domain, immunoglobulin domain (Ig), short basic domain, secreted, (semaphorin) 3C"
"Sdf2l1",-0.15897256535373,0.6208,"16","stromal cell-derived factor 2-like 1"
"Klhl32",-0.158897662471516,0.2116,"4","kelch-like 32"
"Sec14l2",0.158877547827814,0.4724,"11","SEC14-like lipid binding 2"
"Cmc2",-0.158863508297956,0.2332,"8","COX assembly mitochondrial protein 2"
"Josd1",0.158813673625605,0.3316,"15","Josephin domain containing 1"
"Fsd1",0.158806970020819,0.4576,"17","fibronectin type 3 and SPRY domain-containing protein"
"Large1",0.158779747110523,0.0592,"8","LARGE xylosyl- and glucuronyltransferase 1"
"Garem2",0.15874494881009,0.3436,"5","GRB2 associated regulator of MAPK1 subtype 2"
"Itpripl2",-0.158742119228081,0.5272,"7","inositol 1,4,5-triphosphate receptor interacting protein-like 2"
"Prss36",0.15865244243408,0.402,"7","protease, serine 36"
"Rbfa",0.158566981897645,0.2396,"18","ribosome binding factor A"
"Tmem170b",-0.158491167774213,0.1888,"13","transmembrane protein 170B"
"Dhx29",-0.158478549151853,0.312,"13","DEAH (Asp-Glu-Ala-His) box polypeptide 29"
"Hey1",0.158465631409182,0.0284,"3","hairy/enhancer-of-split related with YRPW motif 1"
"Hacd1",0.158449013557285,0.6368,"2","3-hydroxyacyl-CoA dehydratase 1"
"Sp2",-0.158444214301452,0.3644,"11","Sp2 transcription factor"
"Elmo3",0.158423628603387,0.4848,"8","engulfment and cell motility 3"
"Fmo5",-0.158420828253991,0.3976,"3","flavin containing monooxygenase 5"
"Atg16l2",0.158419600203428,0.2548,"7","autophagy related 16-like 2 (S. cerevisiae)"
"Ankrd17",-0.158358210196821,0.6236,"5","ankyrin repeat domain 17"
"Zfp64",0.158322744670095,0.3276,"2","zinc finger protein 64"
"Sirt2",0.158317266556224,0.4744,"7","sirtuin 2"
"Pabpc4",0.158299738859148,0.3368,"4","poly(A) binding protein, cytoplasmic 4"
"Taf5l",0.158288935690463,0.2276,"8","TATA-box binding protein associated factor 5 like"
"Olig1",0.158267975435177,0.4712,"16","oligodendrocyte transcription factor 1"
"Zfp729b",-0.158221593139642,0.4416,"13","zinc finger protein 729b"
"Clic5",-0.158196430528836,0.7452,"17","chloride intracellular channel 5"
"Ap1b1",0.158160808185368,0.32,"11","adaptor protein complex AP-1, beta 1 subunit"
"Nudt16",0.158159922171027,0.4516,"9","nudix (nucleoside diphosphate linked moiety X)-type motif 16"
"Nos1ap",-0.158069610244032,0.0652,"1","nitric oxide synthase 1 (neuronal) adaptor protein"
"Cdon",-0.157971750851861,0.3256,"9","cell adhesion molecule-related/down-regulated by oncogenes"
"Diablo",0.157928166446716,0.3904,"5","diablo, IAP-binding mitochondrial protein"
"Creb3",0.157871344558103,0.1308,"4","cAMP responsive element binding protein 3"
"Qser1",-0.157861405997941,0.4548,"2","glutamine and serine rich 1"
"Adam11",0.157801858886105,0.266,"11","a disintegrin and metallopeptidase domain 11"
"Stmn1",0.157793902186394,0.5216,"4","stathmin 1"
"Sec61a2",-0.157759954855871,0.2112,"2","Sec61, alpha subunit 2 (S. cerevisiae)"
"Pts",0.157755586880008,0.334,"9","6-pyruvoyl-tetrahydropterin synthase"
"Pabpc1",-0.157727263963626,0.09,"15","poly(A) binding protein, cytoplasmic 1"
"Zfp777",0.157715434011372,0.2332,"6","zinc finger protein 777"
"Copb1",-0.157709686529025,0.6528,"7","coatomer protein complex, subunit beta 1"
"Pcgf6",0.157670333163612,0.3112,"19","polycomb group ring finger 6"
"Septin11",-0.157670119907624,0.1732,"5","septin 11"
"Kcnj2",-0.157658338701337,0.4272,"11","potassium inwardly-rectifying channel, subfamily J, member 2"
"Cpne3",-0.157633675278972,0.342,"4","copine III"
"Fxyd2",-0.157583481978849,0.6508,"9","FXYD domain-containing ion transport regulator 2"
"Ndst1",0.157576593472148,0.1832,"18","N-deacetylase/N-sulfotransferase (heparan glucosaminyl) 1"
"Ptrhd1",0.157574488456507,0.3292,"12","peptidyl-tRNA hydrolase domain containing 1"
"Baalc",0.157571092841349,0.502,"15","brain and acute leukemia, cytoplasmic"
"Bcs1l",0.157568312412653,0.1708,"1","BCS1-like (yeast)"
"Msrb2",0.157564225983715,0.2784,"2","methionine sulfoxide reductase B2"
"Pop5",0.157553191623673,0.6568,"5","processing of precursor 5, ribonuclease P/MRP family (S. cerevisiae)"
"Apln",-0.157520421944419,0.3872,"X","apelin"
"Fhod1",-0.157517467029526,0.6124,"8","formin homology 2 domain containing 1"
"Tmpo",-0.157506312383665,0.3968,"10","thymopoietin"
"Rnf144b",-0.157467024159049,0.5912,"13","ring finger protein 144B"
"Rtn4",-0.157454916385433,0.5592,"11","reticulon 4"
"Galm",0.157453636045858,0.3156,"17","galactose mutarotase"
"Hs6st1",0.157437644521449,0.1164,"1","heparan sulfate 6-O-sulfotransferase 1"
"Slitrk5",-0.157413249616666,0.4772,"14","SLIT and NTRK-like family, member 5"
"Lmo1",0.157354672993687,0.706,"7","LIM domain only 1"
"Rpap2",0.157345530448911,0.216,"5","RNA polymerase II associated protein 2"
"Mrpl20",0.157341657638325,0.4304,"4","mitochondrial ribosomal protein L20"
"Hsd3b7",0.157341143000576,0.3236,"7","hydroxy-delta-5-steroid dehydrogenase, 3 beta- and steroid delta-isomerase 7"
"Macroh2a2",0.157333305644621,0.1104,"10","macroH2A.2 histone"
"Usp15",-0.157331972500447,0.4316,"10","ubiquitin specific peptidase 15"
"Smox",0.157324340172954,0.4,"2","spermine oxidase"
"Arl2",0.157299558151351,0.6892,"19","ADP-ribosylation factor-like 2"
"Dgcr2",0.157281641401047,0.024,"16","DiGeorge syndrome critical region gene 2"
"Zfp385b",-0.157238066981251,0.1736,"2","zinc finger protein 385B"
"Ovol1",0.157237835370591,0.6944,"19","ovo like zinc finger 1"
"Emsy",-0.157231201877317,0.1384,"7","EMSY, BRCA2-interacting transcriptional repressor"
"Bcl11a",-0.157171105669569,0.0984,"11","B cell CLL/lymphoma 11A (zinc finger protein)"
"Atp6ap2",-0.157124586046833,0.7512,"X","ATPase, H+ transporting, lysosomal accessory protein 2"
"Fgf14",-0.157121355502955,0.6016,"14","fibroblast growth factor 14"
"Shroom2",-0.157099265017937,0.2212,"X","shroom family member 2"
"Atp5md",0.157086631188588,0.5992,"19","ATP synthase membrane subunit DAPIT"
"Atp5md",0.157086631188588,0.5992,"19","ATP synthase membrane subunit DAPIT"
"Fam89b",0.15708490051875,0.616,"19","family with sequence similarity 89, member B"
"Sgk1",0.157043141393112,0.4028,"10","serum/glucocorticoid regulated kinase 1"
"0610030E20Rik",-0.15698413097214,0.1628,"6","RIKEN cDNA 0610030E20 gene"
"Stip1",-0.156971312306903,0.1308,"19","stress-induced phosphoprotein 1"
"Slc29a2",0.156965804639821,0.4692,"19","solute carrier family 29 (nucleoside transporters), member 2"
"Otud7a",0.156955540161026,0.0296,"7","OTU domain containing 7A"
"Rbm42",0.15691756877239,0.606,"7","RNA binding motif protein 42"
"Adam9",-0.156891120778044,0.614,"8","a disintegrin and metallopeptidase domain 9 (meltrin gamma)"
"Tbp",-0.156889007402434,0.5808,"17","TATA box binding protein"
"Efcab14",-0.156847015050336,0.326,"4","EF-hand calcium binding domain 14"
"Pfdn4",0.156846222959016,0.4436,"2","prefoldin 4"
"Ankrd13d",0.156821066927114,0.2688,"19","ankyrin repeat domain 13 family, member D"
"Ergic3",0.156804801025133,0.476,"2","ERGIC and golgi 3"
"Rc3h2",-0.15679692136744,0.3332,"2","ring finger and CCCH-type zinc finger domains 2"
"Cdk10",0.156784670162437,0.5988,"8","cyclin-dependent kinase 10"
"Dpy19l1",-0.156747025363869,0.4244,"9","dpy-19-like 1 (C. elegans)"
"Sgk2",0.156725164502678,0.5148,"2","serum/glucocorticoid regulated kinase 2"
"Sgtb",-0.156723181160075,0.5392,"13","small glutamine-rich tetratricopeptide repeat (TPR)-containing, beta"
"Rps6kb1",-0.156712249625988,0.392,"11","ribosomal protein S6 kinase, polypeptide 1"
"Ankrd6",-0.156677904616488,0.074,"4","ankyrin repeat domain 6"
"Cep135",-0.156674796710492,0.5428,"5","centrosomal protein 135"
"Shroom4",-0.156631698832283,0.6672,"X","shroom family member 4"
"Susd6",-0.156597237421479,0.6844,"12","sushi domain containing 6"
"Armc8",-0.156589312086259,0.59,"9","armadillo repeat containing 8"
"Kat8",0.156565761623864,0.2436,"7","K(lysine) acetyltransferase 8"
"Atp5b",0.156541347033384,0.2084,"10","ATP synthase, H+ transporting mitochondrial F1 complex, beta subunit"
"Zfp961",-0.156496841715411,0.1264,"8","zinc finger protein 961"
"Mpp3",0.15649505380775,0.1676,"11","membrane protein, palmitoylated 3 (MAGUK p55 subfamily member 3)"
"Vxn",-0.156491788011413,0.3308,"1","vexin"
"Src",0.156462040482985,0.2596,"2","Rous sarcoma oncogene"
"Gprasp2",-0.156426352705962,0.292,"X","G protein-coupled receptor associated sorting protein 2"
"Enkd1",0.156412379377699,0.6068,"8","enkurin domain containing 1"
"Fer1l5",0.156406878356738,0.1872,"1","fer-1-like 5 (C. elegans)"
"Ckap5",-0.15639439342946,0.2228,"2","cytoskeleton associated protein 5"
"Hnrnpu",-0.156354018665851,0.1824,"1","heterogeneous nuclear ribonucleoprotein U"
"Insm1",0.15634385089021,0.2272,"2","insulinoma-associated 1"
"Asb7",-0.156339464000561,0.3096,"7","ankyrin repeat and SOCS box-containing 7"
"Ccdc66",-0.156320395244217,0.478,"14","coiled-coil domain containing 66"
"Zfp821",0.156291958401233,0.5156,"8","zinc finger protein 821"
"Fbxo27",-0.156283624383757,0.1836,"7","F-box protein 27"
"Fnbp4",-0.156275822050619,0.4388,"2","formin binding protein 4"
"Frmd4a",-0.156207500001957,0.6232,"2","FERM domain containing 4A"
"Nicn1",0.156200748940122,0.0716,"9","nicolin 1"
"Zfpl1",0.156186509122588,0.3364,"19","zinc finger like protein 1"
"Relb",0.156163278022069,0.4436,"7","avian reticuloendotheliosis viral (v-rel) oncogene related B"
"Dnajc6",-0.156154336907511,0.5868,"4","DnaJ heat shock protein family (Hsp40) member C6"
"1810014B01Rik",-0.156151577674018,0.5592,"10","RIKEN cDNA 1810014B01 gene"
"Yjefn3",0.15613471001143,0.5208,"8","YjeF N-terminal domain containing 3"
"Kctd1",-0.156128664284632,0.1884,"18","potassium channel tetramerisation domain containing 1"
"Ttc27",0.156119141793929,0.022,"17","tetratricopeptide repeat domain 27"
"H6pd",0.156110848022423,0.2588,"4","hexose-6-phosphate dehydrogenase (glucose 1-dehydrogenase)"
"Mrpl24",0.156105749058706,0.4448,"3","mitochondrial ribosomal protein L24"
"Atp2b2",-0.156075895211499,0.0932,"6","ATPase, Ca++ transporting, plasma membrane 2"
"Fkbpl",0.156066735947554,0.3848,"17","FK506 binding protein-like"
"Asic1",0.155972718558276,0.1908,"15","acid-sensing (proton-gated) ion channel 1"
"Gpr173",-0.155962575027472,0.2796,"X","G-protein coupled receptor 173"
"Ndrg2",0.155901861312254,0.5996,"14","N-myc downstream regulated gene 2"
"Prkcsh",0.155893549015749,0.4124,"9","protein kinase C substrate 80K-H"
"Smpd3",0.155881422112244,0.0276,"8","sphingomyelin phosphodiesterase 3, neutral"
"Rps3a1",0.155862603645645,0.6156,"3","ribosomal protein S3A1"
"Urgcp",0.155767529406122,0.236,"11","upregulator of cell proliferation"
"Trim66",-0.15574879734465,0.5076,"7","tripartite motif-containing 66"
"Aars2",0.155713115486828,0.4192,"17","alanyl-tRNA synthetase 2, mitochondrial"
"Ss18",-0.155703232038958,0.1084,"18","SS18, nBAF chromatin remodeling complex subunit"
"Mapk12",0.155700431773714,0.476,"15","mitogen-activated protein kinase 12"
"Pcdhga3",-0.155670050031858,0.7276,"18","protocadherin gamma subfamily A, 3"
"Mgat5b",0.15565374266128,0.4128,"11","mannoside acetylglucosaminyltransferase 5, isoenzyme B"
"Idnk",0.155621463227393,0.484,"13","idnK gluconokinase homolog (E. coli)"
"Rnft2",0.155588946983183,0.1896,"5","ring finger protein, transmembrane 2"
"Odf2l",-0.155557861616005,0.5328,"3","outer dense fiber of sperm tails 2-like"
"Pnoc",0.155478720759222,0.4052,"14","prepronociceptin"
"Cxxc4",-0.155457892978737,0.2424,"3","CXXC finger 4"
"Prkd3",-0.155453936117351,0.3056,"17","protein kinase D3"
"Aldoc",0.155447668479496,0.522,"11","aldolase C, fructose-bisphosphate"
"Nae1",-0.155444371532255,0.5456,"8","NEDD8 activating enzyme E1 subunit 1"
"Dennd6b",0.155431633353311,0.5356,"15","DENN/MADD domain containing 6B"
"L3mbtl2",0.155404139926092,0.1256,"15","L3MBTL2 polycomb repressive complex 1 subunit"
"Hemk1",0.155394367595752,0.384,"9","HemK methyltransferase family member 1"
"Pde1a",-0.155341716117359,0.4276,"2","phosphodiesterase 1A, calmodulin-dependent"
"Rps6kb2",0.155297597764246,0.61,"19","ribosomal protein S6 kinase, polypeptide 2"
"Mepce",0.155290857790068,0.4364,"5","methylphosphate capping enzyme"
"Ctsa",0.15528813372838,0.3892,"2","cathepsin A"
"Cltb",0.155269894822998,0.4728,"13","clathrin, light polypeptide (Lcb)"
"Bin3",0.1552577704958,0.456,"14","bridging integrator 3"
"Vegfa",-0.15523695443011,0.524,"17","vascular endothelial growth factor A"
"Kdm4b",0.155224040929062,0.1244,"17","lysine (K)-specific demethylase 4B"
"Dcaf11",0.15521096914159,0.3968,"14","DDB1 and CUL4 associated factor 11"
"Ppp4r3b",-0.155168725342548,0.6548,"11","protein phosphatase 4 regulatory subunit 3B"
"Nmrk1",0.155153150009169,0.2304,"19","nicotinamide riboside kinase 1"
"Ccdc136",0.155128621626632,0.2344,"6","coiled-coil domain containing 136"
"Ormdl1",0.155030708052001,0.378,"1","ORM1-like 1 (S. cerevisiae)"
"Tnrc6c",-0.154917808325087,0.4368,"11","trinucleotide repeat containing 6C"
"Mrpl17",0.154900918763285,0.2228,"7","mitochondrial ribosomal protein L17"
"Zbtb45",0.154845301114743,0.0416,"7","zinc finger and BTB domain containing 45"
"Rhbdl3",0.154789210867083,0.2196,"11","rhomboid like 3"
"Spg20",-0.154788666272155,0.3068,"3","spastic paraplegia 20, spartin (Troyer syndrome) homolog (human)"
"Ndufa6",0.154775136314858,0.5168,"15","NADH:ubiquinone oxidoreductase subunit A6"
"Klf9",-0.154657881716762,0.7688,"19","Kruppel-like factor 9"
"Sh3kbp1",-0.154608666307074,0.0892,"X","SH3-domain kinase binding protein 1"
"Mus81",0.154595091364591,0.4504,"19","MUS81 structure-specific endonuclease subunit"
"Sptbn1",-0.154589266365788,0.4224,"11","spectrin beta, non-erythrocytic 1"
"Leng8",-0.154582965268609,0.724,"7","leukocyte receptor cluster (LRC) member 8"
"Dtd2",0.154531150563785,0.2588,"12","D-tyrosyl-tRNA deacylase 2"
"Ddx50",-0.154466607918748,0,"10","DExD box helicase 50"
"Srp9",0.154455735681448,0.47,"1","signal recognition particle 9"
"Jrk",0.154408516797803,0.49,"15","jerky"
"Tm7sf2",0.154383357736288,0.2592,"19","transmembrane 7 superfamily member 2"
"Klhl5",-0.154359128015634,0.0608,"5","kelch-like 5"
"Lemd2",0.15435459134309,0.0972,"17","LEM domain containing 2"
"Map3k2",-0.154310128956324,0.5908,"18","mitogen-activated protein kinase kinase kinase 2"
"Dmwd",0.154294270580426,0.48,"7","dystrophia myotonica-containing WD repeat motif"
"Socs6",-0.154285622891709,0.6328,"18","suppressor of cytokine signaling 6"
"Glrb",-0.154230557854996,0.6696,"3","glycine receptor, beta subunit"
"Oscp1",0.15417957115982,0.1972,"4","organic solute carrier partner 1"
"Zfp647",0.154178228478549,0.176,"15","zinc finger protein 647"
"Slc35e2",-0.154159258903277,0.2932,"4","solute carrier family 35, member E2"
"Eif4h",0.154157897440441,0.2704,"5","eukaryotic translation initiation factor 4H"
"Zfp41",0.154154463885813,0.3912,"15","zinc finger protein 41"
"Mdfic",-0.154130213526198,0.8048,"6","MyoD family inhibitor domain containing"
"Nploc4",0.154118333863309,0.0028,"11","NPL4 homolog, ubiquitin recognition factor"
"Sike1",-0.154087566157823,0.4804,"3","suppressor of IKBKE 1"
"Gabra4",-0.154065267714262,0.6884,"5","gamma-aminobutyric acid (GABA) A receptor, subunit alpha 4"
"Eif4ebp2",-0.154052601963577,0.5748,"10","eukaryotic translation initiation factor 4E binding protein 2"
"Slc16a14",-0.154047231506067,0.8108,"1","solute carrier family 16 (monocarboxylic acid transporters), member 14"
"Cachd1",-0.153999612592351,0.6916,"4","cache domain containing 1"
"Slc16a11",0.153984754673995,0.418,"11","solute carrier family 16 (monocarboxylic acid transporters), member 11"
"Cyb561d2",0.153971421141819,0.3468,"9","cytochrome b-561 domain containing 2"
"Hs3st1",-0.153964966623202,0.5596,"5","heparan sulfate (glucosamine) 3-O-sulfotransferase 1"
"Gkap1",-0.153954398230419,0.1776,"13","G kinase anchoring protein 1"
"Slc12a7",-0.153947515295257,0.5092,"13","solute carrier family 12, member 7"
"Tmem242",0.153938101070123,0.6148,"17","transmembrane protein 242"
"Slc41a2",-0.153861470027119,0.202,"10","solute carrier family 41, member 2"
"Tsn",0.15384569242958,0.0956,"1","translin"
"Rab4a",0.153803258309324,0.2036,"8","RAB4A, member RAS oncogene family"
"Cpsf4l",-0.153780069273719,0.7156,"11","cleavage and polyadenylation specific factor 4-like"
"Gfap",0.153760504767686,0.5616,"11","glial fibrillary acidic protein"
"Slc26a4",-0.153754027994872,0.07,"12","solute carrier family 26, member 4"
"Cplx1",0.153732658135347,0.2336,"5","complexin 1"
"Nufip2",-0.153719144331676,0.3136,"11","nuclear FMR1 interacting protein 2"
"Hibadh",0.153641210535889,0.2276,"6","3-hydroxyisobutyrate dehydrogenase"
"Phf12",-0.153616801000054,0.2856,"11","PHD finger protein 12"
"Lsm4",0.153609786794849,0.5928,"8","LSM4 homolog, U6 small nuclear RNA and mRNA degradation associated"
"Nxt1",0.153503184957707,0.4244,"2","NTF2-related export protein 1"
"Rrp9",0.153500661446458,0.1872,"9","ribosomal RNA processing 9, U3 small nucleolar RNA binding protein"
"Golm1",0.153469740803776,0.0548,"13","golgi membrane protein 1"
"Cadps",-0.153455963606102,0.6564,"14","Ca2+-dependent secretion activator"
"Cd200",-0.153419810322985,0.9676,"16","CD200 molecule"
"Lcmt1",0.15340763055384,0.444,"7","leucine carboxyl methyltransferase 1"
"Mrpl39",-0.1533940437907,0.27,"16","mitochondrial ribosomal protein L39"
"Lrrc10b",0.153391190822512,0.5448,"19","leucine rich repeat containing 10B"
"Ciapin1",0.153381001585517,0.1084,"8","cytokine induced apoptosis inhibitor 1"
"Snx14",-0.15332387912053,0.5912,"9","sorting nexin 14"
"Ppp2r5b",0.153289084394035,0.0428,"19","protein phosphatase 2, regulatory subunit B', beta"
"Csad",0.153274818486206,0.3,"15","cysteine sulfinic acid decarboxylase"
"Zscan18",-0.153256033580782,0.492,"7","zinc finger and SCAN domain containing 18"
"Fbxo46",0.153236704840443,0.2176,"7","F-box protein 46"
"Bcdin3d",0.153214331075665,0.4948,"15","BCDIN3 domain containing"
"Nup205",-0.153205633332343,0.4964,"6","nucleoporin 205"
"Sdc2",-0.153186994585294,0.4412,"15","syndecan 2"
"Brinp2",0.15312249318136,0.1528,"1","bone morphogenic protein/retinoic acid inducible neural-specific 2"
"Gle1",0.153117815790955,0.1104,"2","GLE1 RNA export mediator (yeast)"
"Uhrf2",-0.153086713108176,0.6076,"19","ubiquitin-like, containing PHD and RING finger domains 2"
"Mlxip",-0.153062006647141,0.476,"5","MLX interacting protein"
"Jund",0.153058930561421,0.6448,"8","jun D proto-oncogene"
"Rnf122",-0.15304534346372,0.46,"8","ring finger protein 122"
"Leo1",-0.153023114852648,0.408,"9","Leo1, Paf1/RNA polymerase II complex component"
"Tcf25",0.153004149827808,0.4196,"8","transcription factor 25 (basic helix-loop-helix)"
"Ppp1r14a",0.152980480244946,0.6964,"7","protein phosphatase 1, regulatory inhibitor subunit 14A"
"Zfp768",0.152958639032889,0.0704,"7","zinc finger protein 768"
"Zfp526",-0.152916014564715,0.7052,"7","zinc finger protein 526"
"Rbx1",0.152896909465958,0.4564,"15","ring-box 1"
"Deaf1",0.152821162359154,0.5428,"7","DEAF1, transcription factor"
"Ddx20",0.152744024004169,0.0912,"3","DEAD box helicase 20"
"Rab5if",0.152740224536995,0.352,"2","RAB5 interacting factor"
"Uba3",-0.152688828117664,0.736,"6","ubiquitin-like modifier activating enzyme 3"
"Gas5",0.152676201343171,0.6352,"1","growth arrest specific 5"
"Ermard",-0.152664940067063,0.4168,"17","ER membrane associated RNA degradation"
"Naa25",-0.152652186460308,0.5676,"5","N(alpha)-acetyltransferase 25, NatB auxiliary subunit"
"Pik3c2a",-0.152621320929943,0.6244,"7","phosphatidylinositol-4-phosphate 3-kinase catalytic subunit type 2 alpha"
"Pfkl",0.152605932235227,0.422,"10","phosphofructokinase, liver, B-type"
"Tbx6",-0.152605725843149,0.6872,"7","T-box 6"
"Herpud2",-0.15256753802556,0.312,"9","HERPUD family member 2"
"Vangl2",-0.152505824321216,0.246,"1","VANGL planar cell polarity 2"
"Baiap2",-0.152504491834765,0.0788,"11","brain-specific angiogenesis inhibitor 1-associated protein 2"
"Plekhm3",-0.152485420569335,0.44,"1","pleckstrin homology domain containing, family M, member 3"
"Lrpprc",-0.152482175196463,0.4812,"17","leucine-rich PPR-motif containing"
"Lrp12",-0.152408031346329,0.842,"15","low density lipoprotein-related protein 12"
"Ctdsp2",0.152395461835169,0.2336,"10","CTD (carboxy-terminal domain, RNA polymerase II, polypeptide A) small phosphatase 2"
"Edn3",-0.152380643150857,0.6304,"2","endothelin 3"
"Capns1",0.152372391391838,0.5792,"7","calpain, small subunit 1"
"Ccdc106",0.152364530801886,0.538,"7","coiled-coil domain containing 106"
"Cul4a",-0.152297447380993,0.67,"8","cullin 4A"
"Serpinb6a",0.15221511871151,0.1824,"13","serine (or cysteine) peptidase inhibitor, clade B, member 6a"
"Tmx1",-0.152121566966111,0.2424,"12","thioredoxin-related transmembrane protein 1"
"Dcdc2a",-0.152106384535897,0.2088,"13","doublecortin domain containing 2a"
"Nrip2",0.15203013809092,0.4368,"6","nuclear receptor interacting protein 2"
"Pcdhb3",-0.152023903421177,0.5128,"18","protocadherin beta 3"
"Ssu72",0.152017390141409,0.3912,"4","Ssu72 RNA polymerase II CTD phosphatase homolog (yeast)"
"Slc44a5",-0.151993466076495,0.3292,"3","solute carrier family 44, member 5"
"Kcnd3",-0.151965108942154,0.4224,"3","potassium voltage-gated channel, Shal-related family, member 3"
"Snrpd3",-0.151928157289282,0.3948,"10","small nuclear ribonucleoprotein D3"
"St8sia3",-0.151911476359634,0.4608,"18","ST8 alpha-N-acetyl-neuraminide alpha-2,8-sialyltransferase 3"
"Triqk",-0.151838446238676,0.4124,"4","triple QxxK/R motif containing"
"Akain1",0.151831049093807,0.4708,"17","A kinase (PRKA) anchor inhibitor 1"
"Ddx59",-0.151819605991394,0.2408,"1","DEAD box helicase 59"
"Slc50a1",0.151789834914422,0.5492,"3","solute carrier family 50 (sugar transporter), member 1"
"Mtf2",-0.151763652587364,0.4896,"5","metal response element binding transcription factor 2"
"Scaf11",-0.151745015227113,0.506,"15","SR-related CTD-associated factor 11"
"Arsj",-0.151683359461643,0.8172,"3","arylsulfatase J"
"Il17d",0.151638227199279,0.4196,"14","interleukin 17D"
"Wdr4",0.151623783010295,0.382,"17","WD repeat domain 4"
"Mchr1",0.151582726728265,0.338,"15","melanin-concentrating hormone receptor 1"
"Pptc7",0.151555647260535,0.0732,"5","PTC7 protein phosphatase homolog"
"Acad11",0.151554883552579,0.3872,"9","acyl-Coenzyme A dehydrogenase family, member 11"
"Akr1e1",0.151537329100401,0.2684,"13","aldo-keto reductase family 1, member E1"
"Actl6b",0.151508041972989,0.552,"5","actin-like 6B"
"Ap4s1",0.15148635118799,0.2996,"12","adaptor-related protein complex AP-4, sigma 1"
"Fbxo3",-0.151467632721614,0.3232,"2","F-box protein 3"
"Carmil2",0.151457241016151,0.6844,"8","capping protein regulator and myosin 1 linker 2"
"Med13l",-0.151347833616897,0.4428,"5","mediator complex subunit 13-like"
"Pygo2",0.151335865223318,0.412,"3","pygopus 2"
"Atp2c1",-0.151330540547424,0.5024,"9","ATPase, Ca++-sequestering"
"Raver2",-0.151330134049528,0.4412,"4","ribonucleoprotein, PTB-binding 2"
"Tomt",0.151309951583617,0.3612,"7","transmembrane O-methyltransferase"
"Agap2",0.151296993117359,0.4024,"10","ArfGAP with GTPase domain, ankyrin repeat and PH domain 2"
"Cct8",-0.151203693496771,0.5484,"16","chaperonin containing Tcp1, subunit 8 (theta)"
"Carf",-0.151118623053139,0.5092,"1","calcium response factor"
"Eif5a2",-0.151108370211148,0.646,"3","eukaryotic translation initiation factor 5A2"
"Mmp17",0.151062576668956,0.1388,"5","matrix metallopeptidase 17"
"Nqo1",0.151044732728514,0.3484,"8","NAD(P)H dehydrogenase, quinone 1"
"Jmy",-0.15104333978549,0.4844,"13","junction-mediating and regulatory protein"
"Dpm3",0.15098270008802,0.6836,"3","dolichyl-phosphate mannosyltransferase polypeptide 3"
"Kcna4",-0.150924235531601,0.302,"2","potassium voltage-gated channel, shaker-related subfamily, member 4"
"Fndc4",0.150909723368549,0.4712,"5","fibronectin type III domain containing 4"
"Ogfr",0.150903114093909,0.532,"2","opioid growth factor receptor"
"Sptlc2",-0.150878408611176,0.244,"12","serine palmitoyltransferase, long chain base subunit 2"
"Lrch2",-0.150866452837834,0.5724,"X","leucine-rich repeats and calponin homology (CH) domain containing 2"
"Tubg2",0.150810193970813,0.5524,"11","tubulin, gamma 2"
"Cfap54",-0.150805006720869,0.6952,"10","cilia and flagella associated protein 54"
"Aup1",0.150756372851027,0.6156,"6","ancient ubiquitous protein 1"
"Pfdn5",0.150754298350221,0.7232,"15","prefoldin 5"
"Dcaf15",0.150721395755101,0.3136,"8","DDB1 and CUL4 associated factor 15"
"4930447C04Rik",-0.150681414670236,0.6752,"12","RIKEN cDNA 4930447C04 gene"
"Zfp955a",-0.150668995480181,0.5652,"17","zinc finger protein 955A"
"Kidins220",-0.150668765915038,0.6456,"12","kinase D-interacting substrate 220"
"Sema6b",0.150634025823831,0.3652,"17","sema domain, transmembrane domain (TM), and cytoplasmic domain, (semaphorin) 6B"
"Pgm1",0.150633017959739,0.09,"4","phosphoglucomutase 1"
"Oma1",0.150607716628229,0.0172,"4","OMA1 zinc metallopeptidase"
"Slc29a3",-0.150604923022767,0.2952,"10","solute carrier family 29 (nucleoside transporters), member 3"
"Gm5089",0.150539191489946,0.4376,"14","predicted gene 5089"
"Slit2",-0.15050196739994,0.6668,"5","slit guidance ligand 2"
"Tmem205",0.150496968223695,0.6168,"9","transmembrane protein 205"
"Crtc3",0.150487701878283,0.0876,"7","CREB regulated transcription coactivator 3"
"Rabgef1",0.150481828310859,0.006,"5","RAB guanine nucleotide exchange factor (GEF) 1"
"Srpk2",-0.150478543282513,0.452,"5","serine/arginine-rich protein specific kinase 2"
"Hsd17b7",-0.150450187964794,0.4888,"1","hydroxysteroid (17-beta) dehydrogenase 7"
"Sema4b",0.150442146559848,0.4524,"7","sema domain, immunoglobulin domain (Ig), transmembrane domain (TM) and short cytoplasmic domain, (semaphorin) 4B"
"Gldc",-0.150439183343424,0.3408,"19","glycine decarboxylase"
"Dohh",0.150402860260589,0.4768,"10","deoxyhypusine hydroxylase/monooxygenase"
"Upf3b",-0.15036703874163,0.122,"X","UPF3 regulator of nonsense transcripts homolog B (yeast)"
"Aldob",-0.150274484019636,0.6368,"4","aldolase B, fructose-bisphosphate"
"Ndufa8",0.150212508765549,0.6072,"2","NADH:ubiquinone oxidoreductase subunit A8"
"Adamtsl5",-0.150203243135444,0.3456,"10","ADAMTS-like 5"
"Nr1h2",0.150165542004593,0.4936,"7","nuclear receptor subfamily 1, group H, member 2"
"Gli2",-0.15015073471185,0.4328,"1","GLI-Kruppel family member GLI2"
"Smarcd3",0.150089783844555,0.394,"5","SWI/SNF related, matrix associated, actin dependent regulator of chromatin, subfamily d, member 3"
"Chchd7",0.150076473819691,0.3168,"4","coiled-coil-helix-coiled-coil-helix domain containing 7"
"Zfp148",-0.150069632382847,0.4864,"16","zinc finger protein 148"
"Hspb1",-0.150020673108247,0.4904,"5","heat shock protein 1"
"Ptp4a3",0.150006540532001,0.4932,"15","protein tyrosine phosphatase 4a3"
"Calcoco1",-0.149975312931175,0.2308,"15","calcium binding and coiled coil domain 1"
"Nfkb1",-0.149959808078291,0.2996,"3","nuclear factor of kappa light polypeptide gene enhancer in B cells 1, p105"
"Ap1s2",-0.149943255958865,0.0724,"X","adaptor-related protein complex 1, sigma 2 subunit"
"Hmgn5",-0.149934126253059,0.0628,"X","high-mobility group nucleosome binding domain 5"
"Tmem234",0.149912135701735,0.4092,"4","transmembrane protein 234"
"Cntn1",-0.14990484856028,0.5472,"15","contactin 1"
"Stam",-0.149881579227385,0.7588,"2","signal transducing adaptor molecule (SH3 domain and ITAM motif) 1"
"Btbd7",-0.14988081948138,0.7444,"12","BTB (POZ) domain containing 7"
"Rhbdd3",0.149855093106261,0.5076,"11","rhomboid domain containing 3"
"Hspd1",-0.14984011793366,0.4612,"1","heat shock protein 1 (chaperonin)"
"Stk11",0.149835653909083,0.5888,"10","serine/threonine kinase 11"
"Klhl28",-0.149726403326131,0.7784,"12","kelch-like 28"
"Zfp397",-0.149722148752549,0.6516,"18","zinc finger protein 397"
"Dync1i2",-0.149711719877978,0.2564,"2","dynein cytoplasmic 1 intermediate chain 2"
"Ska2",-0.149708269079248,0.2508,"11","spindle and kinetochore associated complex subunit 2"
"Grina",0.149704868793229,0.4928,"15","glutamate receptor, ionotropic, N-methyl D-aspartate-associated protein 1 (glutamate binding)"
"Ttc30b",-0.149703861731442,0.6128,"2","tetratricopeptide repeat domain 30B"
"Cox6c",0.149697625487326,0.6456,"15","cytochrome c oxidase subunit 6C"
"Faf1",0.149660002508008,0.0672,"4","Fas-associated factor 1"
"Smg9",0.149647945981229,0.6212,"7","SMG9 nonsense mediated mRNA decay factor"
"Npr3",-0.149634929260816,0.4792,"15","natriuretic peptide receptor 3"
"Zbtb10",-0.149604849412545,0.2708,"3","zinc finger and BTB domain containing 10"
"Stx2",0.149568971253101,0.4412,"5","syntaxin 2"
"Ubr1",-0.149560506846512,0.6844,"2","ubiquitin protein ligase E3 component n-recognin 1"
"Ube2d-ps",0.149549120232099,0.4712,"11","ubiquitin-conjugating enzyme E2D, pseudogene"
"Ppp1r11",0.14953418470447,0.5112,"17","protein phosphatase 1, regulatory inhibitor subunit 11"
"Zdhhc8",0.149523047007195,0.2708,"16","zinc finger, DHHC domain containing 8"
"A230057D06Rik",-0.149519284822368,0.702,"7","RIKEN cDNA A230057D06 gene"
"Ube2q2",-0.149510957241158,0.4924,"9","ubiquitin-conjugating enzyme E2Q family member 2"
"P4ha1",-0.14943564619295,0.2328,"10","procollagen-proline, 2-oxoglutarate 4-dioxygenase (proline 4-hydroxylase), alpha 1 polypeptide"
"Clec11a",-0.149422628708876,0.2624,"7","C-type lectin domain family 11, member a"
"Ecpas",-0.149389048079064,0.118,"4","Ecm29 proteasome adaptor and scaffold"
"Zfp451",-0.149344922937074,0.5132,"1","zinc finger protein 451"
"Slc16a1",-0.149321066105104,0.1232,"3","solute carrier family 16 (monocarboxylic acid transporters), member 1"
"Cttnbp2nl",-0.149283329320922,0.596,"3","CTTNBP2 N-terminal like"
"Ppp6c",-0.149277641019093,0.5628,"2","protein phosphatase 6, catalytic subunit"
"Psmg2",0.149261333312078,0.2384,"18","proteasome (prosome, macropain) assembly chaperone 2"
"Dctn1",0.149225361118479,0.2968,"6","dynactin 1"
"Sec22b",-0.149220325993102,0.7284,"3","SEC22 homolog B, vesicle trafficking protein"
"Btbd17",0.149175601685622,0.5412,"11","BTB (POZ) domain containing 17"
"Mettl1",0.149133882446624,0.242,"10","methyltransferase like 1"
"Olig2",-0.149102713496986,0.5552,"16","oligodendrocyte transcription factor 2"
"Fstl1",-0.149043984676642,0.3932,"16","follistatin-like 1"
"Stard3nl",0.149003347821669,0.412,"13","STARD3 N-terminal like"
"Chmp2a",0.149002801271021,0.6444,"7","charged multivesicular body protein 2A"
"Lmna",0.14898094109027,0.4328,"3","lamin A"
"Hcfc1r1",0.148941642835958,0.612,"17","host cell factor C1 regulator 1 (XPO1-dependent)"
"Galnt4",0.148871071873134,0.544,"10","polypeptide N-acetylgalactosaminyltransferase 4"
"Cask",-0.148865688500083,0.2044,"X","calcium/calmodulin-dependent serine protein kinase (MAGUK family)"
"Vdac1",0.148857430133026,0.1252,"11","voltage-dependent anion channel 1"
"Camk2n2",0.148829904762635,0.5532,"16","calcium/calmodulin-dependent protein kinase II inhibitor 2"
"Tmem132e",0.148796149730344,0.2376,"11","transmembrane protein 132E"
"Peli1",-0.148789504953482,0.8772,"11","pellino 1"
"Mllt3",-0.148786987285899,0.5,"4","myeloid/lymphoid or mixed-lineage leukemia; translocated to, 3"
"Smg5",0.14872959504997,0.2864,"3","SMG5 nonsense mediated mRNA decay factor"
"Prrt2",-0.148711270381321,0.2196,"7","proline-rich transmembrane protein 2"
"Dact1",-0.148709366755543,0.6204,"12","dishevelled-binding antagonist of beta-catenin 1"
"Cmtm6",-0.14869923113263,0.3516,"9","CKLF-like MARVEL transmembrane domain containing 6"
"Brd8",-0.14868056270742,0.3152,"18","bromodomain containing 8"
"Rsph1",0.14863980312942,0.4152,"17","radial spoke head 1 homolog (Chlamydomonas)"
"Scamp3",-0.148623350435761,0.6028,"3","secretory carrier membrane protein 3"
"Cenpt",0.14856926389791,0.3392,"8","centromere protein T"
"Cstf3",-0.148567097772371,0.0884,"2","cleavage stimulation factor, 3' pre-RNA, subunit 3"
"Kyat1",0.14855088510306,0.4396,"2","kynurenine aminotransferase 1"
"Prelid3a",0.148549834475347,0.5476,"18","PRELI domain containing 3A"
"Carns1",0.148518982449307,0.4796,"19","carnosine synthase 1"
"Ift81",-0.148505291077319,0.198,"5","intraflagellar transport 81"
"Scarf1",0.148478410842196,0.4964,"11","scavenger receptor class F, member 1"
"Ift80",-0.148443708199214,0.3044,"3","intraflagellar transport 80"
"Chst8",0.148397619253762,0.5152,"7","carbohydrate sulfotransferase 8"
"Folh1",-0.148365267263175,0.6824,"7","folate hydrolase 1"
"Cops5",0.14835439432468,0.092,"1","COP9 signalosome subunit 5"
"Mknk2",0.148335455495519,0.49,"10","MAP kinase-interacting serine/threonine kinase 2"
"Gmpr2",0.148306750471582,0.236,"14","guanosine monophosphate reductase 2"
"Zup1",-0.148281264980283,0.6012,"10","zinc finger containing ubiquitin peptidase 1"
"Fbl",0.148275441186831,0.3544,"7","fibrillarin"
"Scyl1",0.148251141855217,0.484,"19","SCY1-like 1 (S. cerevisiae)"
"Nkx6-2",0.148239200693978,0.594,"7","NK6 homeobox 2"
"Trappc1",0.148232744473805,0.5208,"11","trafficking protein particle complex 1"
"Abcd2",-0.148199112112275,0.0168,"15","ATP-binding cassette, sub-family D (ALD), member 2"
"Hps1",0.14819849973767,0.5052,"19","HPS1, biogenesis of lysosomal organelles complex 3 subunit 1"
"Sppl2b",0.148195070469323,0.2312,"10","signal peptide peptidase like 2B"
"Atp6v0d1",0.148165401013557,0.2556,"8","ATPase, H+ transporting, lysosomal V0 subunit D1"
"Prkcz",0.148148905043444,0.4324,"4","protein kinase C, zeta"
"Far2",-0.148052480279294,0.4488,"6","fatty acyl CoA reductase 2"
"Lrrc8a",0.148044668543359,0.1076,"2","leucine rich repeat containing 8A VRAC subunit A"
"Sorcs3",-0.148013243234322,0.4688,"19","sortilin-related VPS10 domain containing receptor 3"
"Fam110a",0.148002476003516,0.414,"2","family with sequence similarity 110, member A"
"H1f2",0.147974137084866,0.4032,"13","H1.2 linker histone, cluster member"
"Pip4p2",-0.147965120652299,0.5012,"4","phosphatidylinositol-4,5-bisphosphate 4-phosphatase 2"
"Fbxo42",0.147956393525022,0.11,"4","F-box protein 42"
"Acot5",0.147955293834762,0.58,"12","acyl-CoA thioesterase 5"
"Dtymk",0.147921720715829,0.4892,"1","deoxythymidylate kinase"
"Neil1",0.147904645601631,0.4896,"9","nei endonuclease VIII-like 1 (E. coli)"
"Kcnip2",0.147886354897224,0.4256,"19","Kv channel-interacting protein 2"
"Hdac11",0.147862816165492,0.4528,"6","histone deacetylase 11"
"Pdcd10",-0.147848973188052,0.6076,"3","programmed cell death 10"
"Eef2",0.147828224885727,0.5108,"10","eukaryotic translation elongation factor 2"
"Kcnk13",-0.147802078593118,0.7344,"12","potassium channel, subfamily K, member 13"
"Rgs20",-0.147777503445741,0.4008,"1","regulator of G-protein signaling 20"
"Rnf215",0.147744611559993,0.402,"11","ring finger protein 215"
"Megf8",0.147712747483077,0.3416,"7","multiple EGF-like-domains 8"
"Slc2a4rg-ps",0.147711768689801,0.6404,"2","Slc2a4 regulator, pseudogene"
"Nwd2",-0.147693176675885,0.6496,"5","NACHT and WD repeat domain containing 2"
"Pla2g4e",0.147680478302557,0.6808,"2","phospholipase A2, group IVE"
"Jag2",0.147674079673871,0.188,"12","jagged 2"
"Arid2",-0.147644803485311,0.4592,"15","AT rich interactive domain 2 (ARID, RFX-like)"
"Inka2",0.147640189596168,0.0148,"3","inka box actin regulator 2"
"Tmem183a",0.147586898133061,0.1756,"1","transmembrane protein 183A"
"Xpo7",-0.147580549591774,0.5456,"14","exportin 7"
"Rprm",0.147527212430135,0.5408,"2","reprimo, TP53 dependent G2 arrest mediator candidate"
"Pdzd7",-0.147517667978429,0.5596,"19","PDZ domain containing 7"
"Ssbp2",-0.147516898894107,0.5088,"13","single-stranded DNA binding protein 2"
"Hdac2",-0.147508965967024,0.4952,"10","histone deacetylase 2"
"Mmut",-0.147485494257841,0.3184,"17","methylmalonyl-Coenzyme A mutase"
"Zfp101",0.147475410302874,0.2172,"17","zinc finger protein 101"
"Pcdhgb6",-0.147405533180851,0.69,"18","protocadherin gamma subfamily B, 6"
"Tbccd1",-0.147405122390452,0.1088,"16","TBCC domain containing 1"
"Cbs",0.147394613008967,0.3804,"17","cystathionine beta-synthase"
"A830018L16Rik",-0.147376148958089,0.8584,"1","RIKEN cDNA A830018L16 gene"
"Tmco1",-0.147351015886444,0.6388,"1","transmembrane and coiled-coil domains 1"
"Pllp",0.14733807727684,0.6568,"8","plasma membrane proteolipid"
"Mib1",-0.14731181039777,0.4484,"18","MIB E3 ubiquitin protein ligase 1"
"Uqcc3",0.147278799644029,0.5732,"19","ubiquinol-cytochrome c reductase complex assembly factor 3"
"Abcg2",-0.147227421839082,0.6436,"6","ATP binding cassette subfamily G member 2 (Junior blood group)"
"Zfp52",-0.147208473718402,0.3356,"17","zinc finger protein 52"
"Abhd14a",0.147197420100252,0.6324,"9","abhydrolase domain containing 14A"
"Pnrc1",-0.147178327408064,0.4148,"4","proline-rich nuclear receptor coactivator 1"
"Rras",0.147162564725829,0.584,"7","related RAS viral (r-ras) oncogene"
"Nadk",0.147141575101558,0.1708,"4","NAD kinase"
"Nckap1l",-0.147124927173454,0.8768,"15","NCK associated protein 1 like"
"Mef2d",-0.147099840188925,0.4648,"3","myocyte enhancer factor 2D"
"Serbp1",-0.147082024699642,0.3564,"6","serpine1 mRNA binding protein 1"
"Pus1",0.147072736526896,0.146,"5","pseudouridine synthase 1"
"Ddit4l",-0.14703052609406,0.4004,"3","DNA-damage-inducible transcript 4-like"
"Timmdc1",0.14701509785893,0.456,"16","translocase of inner mitochondrial membrane domain containing 1"
"Gatd3a",0.146993468330008,0.3784,"10","glutamine amidotransferase like class 1 domain containing 3A"
"Pdp2",-0.146966270393482,0.1424,"8","pyruvate dehydrogenase phosphatase catalytic subunit 2"
"Rnf6",-0.146937287794045,0.4044,"5","ring finger protein (C3H2C3 type) 6"
"Gpr107",0.146930877194206,0.24,"2","G protein-coupled receptor 107"
"Cldn10",-0.146910273998533,0.334,"14","claudin 10"
"Rev1",-0.146881828998551,0.7468,"1","REV1, DNA directed polymerase"
"Phtf2",-0.146793004036051,0.3688,"5","putative homeodomain transcription factor 2"
"Slc16a8",-0.146786417977424,0.8144,"15","solute carrier family 16 (monocarboxylic acid transporters), member 8"
"5031439G07Rik",0.146770786861654,0.2048,"15","RIKEN cDNA 5031439G07 gene"
"Pdcd2",0.146764931314575,0.2656,"17","programmed cell death 2"
"Kcnab2",0.146727559835028,0.5896,"4","potassium voltage-gated channel, shaker-related subfamily, beta member 2"
"Sh3bp5l",0.146656520406497,0.0784,"11","SH3 binding domain protein 5 like"
"H2-DMa",0.146625676248052,0.4812,"17","histocompatibility 2, class II, locus DMa"
"Glrx",0.146593092568687,0.12,"13","glutaredoxin"
"Usp46",-0.146534576915466,0.4916,"5","ubiquitin specific peptidase 46"
"Retreg1",-0.146515298330438,0.4464,"15","reticulophagy regulator 1"
"Cfap410",0.146506451281928,0.4972,"10","cilia and flagella associated protein 410"
"Cd2bp2",0.146505310166178,0.0508,"7","CD2 cytoplasmic tail binding protein 2"
"Tagln3",0.146412549807518,0.598,"16","transgelin 3"
"Uqcrb",-0.146386931957313,0.3772,"13","ubiquinol-cytochrome c reductase binding protein"
"Epha10",0.146383471800061,0.5012,"4","Eph receptor A10"
"Fam151b",-0.146356944870067,0.5172,"13","family with sequence similarity 151, member B"
"Cpsf2",-0.146318220660071,0.4144,"12","cleavage and polyadenylation specific factor 2"
"Ppip5k2",-0.146307493559415,0.4232,"1","diphosphoinositol pentakisphosphate kinase 2"
"Nap1l5",-0.146269262943877,0.276,"6","nucleosome assembly protein 1-like 5"
"Cplx2",0.14617588247355,0.422,"13","complexin 2"
"Megf9",-0.146162689002177,0.8552,"4","multiple EGF-like-domains 9"
"Capn3",0.146127603286259,0.4892,"2","calpain 3"
"Gnpda2",-0.146119536690896,0.47,"5","glucosamine-6-phosphate deaminase 2"
"Slc30a3",0.145982194514914,0.548,"5","solute carrier family 30 (zinc transporter), member 3"
"A230072C01Rik",-0.145889262204171,0.1732,"X","RIKEN cDNA A230072C01 gene"
"Rorc",0.145886776207074,0.3012,"3","RAR-related orphan receptor gamma"
"Crebzf",-0.145846829249688,0.5636,"7","CREB/ATF bZIP transcription factor"
"Ttc8",-0.145805036255776,0.5568,"12","tetratricopeptide repeat domain 8"
"Rnasel",-0.145792193605097,0.6076,"1","ribonuclease L (2', 5'-oligoisoadenylate synthetase-dependent)"
"Adck2",0.145715411593285,0.0904,"6","aarF domain containing kinase 2"
"Lpcat3",0.145690015992468,0.1072,"6","lysophosphatidylcholine acyltransferase 3"
"Esrrg",-0.145678763192817,0.5312,"1","estrogen-related receptor gamma"
"Cdk5r2",0.145653572338803,0.4872,"1","cyclin-dependent kinase 5, regulatory subunit 2 (p39)"
"Zfyve27",0.145650533536177,0.0964,"19","zinc finger, FYVE domain containing 27"
"Rock2",-0.145627627633179,0.4904,"12","Rho-associated coiled-coil containing protein kinase 2"
"Fbrs",-0.145606983856056,0.3236,"7","fibrosin"
"Ube2i",0.145585382640866,0.192,"17","ubiquitin-conjugating enzyme E2I"
"Ino80dos",-0.145572758883563,0.618,"1","INO80 complex subunit D, opposite strand"
"Ube2g1",-0.145528526583552,0.7684,"11","ubiquitin-conjugating enzyme E2G 1"
"Psmd8",0.145462478985421,0.1196,"7","proteasome (prosome, macropain) 26S subunit, non-ATPase, 8"
"Arhgef9",-0.145458604862418,0.1436,"X","CDC42 guanine nucleotide exchange factor (GEF) 9"
"Xpa",0.145436344756503,0.2132,"4","xeroderma pigmentosum, complementation group A"
"Ddx54",0.145398982382829,0.0792,"5","DEAD box helicase 54"
"H1f10",0.145343551938938,0.746,"6","H1.10 linker histone"
"Nsmce1",0.14530450852259,0.238,"7","NSE1 homolog, SMC5-SMC6 complex component"
"Itfg2",0.145262960917147,0.2584,"6","integrin alpha FG-GAP repeat containing 2"
"Rab5c",0.145229100285984,0.356,"11","RAB5C, member RAS oncogene family"
"Yipf2",0.145189350030037,0.344,"9","Yip1 domain family, member 2"
"Zmynd11",-0.14518573064221,0.1584,"13","zinc finger, MYND domain containing 11"
"Tmem39a",-0.145120403968336,0.274,"16","transmembrane protein 39a"
"Cadps2",-0.145005366038695,0.5904,"6","Ca2+-dependent activator protein for secretion 2"
"Creld2",-0.144965161038809,0.3208,"15","cysteine-rich with EGF-like domains 2"
"H2-K1",-0.144908498742328,0.5636,"17","histocompatibility 2, K1, K region"
"Plk3",-0.144887512922405,0.1028,"4","polo like kinase 3"
"Fah",0.144838741502508,0.5412,"7","fumarylacetoacetate hydrolase"
"Acss2",0.144817081974055,0.1624,"2","acyl-CoA synthetase short-chain family member 2"
"Ier5",-0.144816139720201,0.4612,"1","immediate early response 5"
"Mtpn",-0.144811614300439,0.7856,"6","myotrophin"
"Timm44",0.144808052564528,0.3732,"8","translocase of inner mitochondrial membrane 44"
"Cerox1",0.144723890450287,0.4788,"17","cytoplasmic endogenous regulator of oxidative phosphorylation 1"
"Cdh20",-0.144721459203814,0.376,"1","cadherin 20"
"Galnt18",0.144695721025412,0.0912,"7","polypeptide N-acetylgalactosaminyltransferase 18"
"Borcs8",0.144691762776276,0.5352,"8","BLOC-1 related complex subunit 8"
"Them4",-0.144592690125117,0.3556,"3","thioesterase superfamily member 4"
"Stx7",-0.144587412316523,0.498,"10","syntaxin 7"
"Erp44",-0.14458415280584,0.2384,"4","endoplasmic reticulum protein 44"
"Pacsin3",0.14458049322329,0.528,"2","protein kinase C and casein kinase substrate in neurons 3"
"Eif2ak3",-0.144577266774923,0.6028,"6","eukaryotic translation initiation factor 2 alpha kinase 3"
"Zc3h8",-0.144566455530661,0.2832,"2","zinc finger CCCH type containing 8"
"Gnpnat1",-0.144563386729314,0.3384,"14","glucosamine-phosphate N-acetyltransferase 1"
"Cacfd1",0.144516090261927,0.2484,"2","calcium channel flower domain containing 1"
"Trp53inp1",-0.144472810918137,0.3992,"4","transformation related protein 53 inducible nuclear protein 1"
"Nudt8",0.144452397321443,0.61,"19","nudix (nucleoside diphosphate linked moiety X)-type motif 8"
"Zfand2a",0.144433255765634,0.1152,"5","zinc finger, AN1-type domain 2A"
"Sema6d",-0.144401694237022,0.4412,"2","sema domain, transmembrane domain (TM), and cytoplasmic domain, (semaphorin) 6D"
"Eef1e1",-0.144385766761615,0.6116,"13","eukaryotic translation elongation factor 1 epsilon 1"
"Serf2",0.144341979554333,0.6668,"2","small EDRK-rich factor 2"
"Pdzd2",-0.144328321318064,0.6152,"15","PDZ domain containing 2"
"Ttll5",-0.144325212679619,0.0752,"12","tubulin tyrosine ligase-like family, member 5"
"D030047H15Rik",0.144215719321652,0.678,"7","RIKEN cDNA D030047H15 gene"
"Ube2z",0.144215056224449,0.2128,"11","ubiquitin-conjugating enzyme E2Z"
"Ddx19a",-0.144193876789075,0.0592,"8","DEAD box helicase 19a"
"Pxmp2",0.144177560571671,0.5676,"5","peroxisomal membrane protein 2"
"Lypd6b",-0.144142075192558,0.5344,"2","LY6/PLAUR domain containing 6B"
"Ndufs3",0.144141212674816,0.5024,"2","NADH:ubiquinone oxidoreductase core subunit S3"
"Vipas39",0.14412203104145,0.294,"12","VPS33B interacting protein, apical-basolateral polarity regulator, spe-39 homolog"
"Zdhhc21",-0.144093568970224,0.3912,"4","zinc finger, DHHC domain containing 21"
"Haus5",0.144084968563275,0.278,"7","HAUS augmin-like complex, subunit 5"
"Dclre1a",-0.144042454295298,0.2652,"19","DNA cross-link repair 1A"
"Arsg",0.144019190678926,0.508,"11","arylsulfatase G"
"Galc",-0.143989935379927,0.2168,"12","galactosylceramidase"
"Fbxl19",0.143974318108752,0.2288,"7","F-box and leucine-rich repeat protein 19"
"Polr3e",0.1439618373782,0.0304,"7","polymerase (RNA) III (DNA directed) polypeptide E"
"Cyth3",-0.143950720034645,0.2708,"5","cytohesin 3"
"Zfp583",-0.143938931612981,0.3076,"7","zinc finger protein 583"
"Nelfcd",0.143875807724852,0.3652,"2","negative elongation factor complex member C/D, Th1l"
"Ndufa10",0.143868872046331,0.5332,"1","NADH:ubiquinone oxidoreductase subunit A10"
"Pla2g6",0.143864135660299,0.522,"15","phospholipase A2, group VI"
"Rap1b",-0.143862976190959,0.582,"10","RAS related protein 1b"
"Glis3",-0.143808871173926,0.7008,"19","GLIS family zinc finger 3"
"Bptf",-0.14379183498124,0.6556,"11","bromodomain PHD finger transcription factor"
"Pogk",0.143778502205346,0.2896,"1","pogo transposable element with KRAB domain"
"Gli3",-0.143731220896528,0.5488,"13","GLI-Kruppel family member GLI3"
"Zfp263",-0.143704941129389,0.4192,"16","zinc finger protein 263"
"Gpatch4",0.143704705410428,0.5596,"3","G patch domain containing 4"
"Ophn1",-0.1437031684821,0.0376,"X","oligophrenin 1"
"Rnf114",0.143681552184946,0.1608,"2","ring finger protein 114"
"Gria4",-0.143649022187388,0.4196,"9","glutamate receptor, ionotropic, AMPA4 (alpha 4)"
"Swi5",0.14361242344334,0.3908,"2","SWI5 recombination repair homolog (yeast)"
"Atp5g3",0.14359977903151,0.2448,"2","ATP synthase, H+ transporting, mitochondrial F0 complex, subunit C3 (subunit 9)"
"Lrp4",-0.143596326336492,0.0848,"2","low density lipoprotein receptor-related protein 4"
"Prpf40a",-0.143467248969491,0.4608,"2","pre-mRNA processing factor 40A"
"Lipa",-0.143391938026759,0.2376,"19","lysosomal acid lipase A"
"Preb",0.143374999365555,0.3076,"5","prolactin regulatory element binding"
"Tmem161a",0.143369821745402,0.2972,"8","transmembrane protein 161A"
"Acer2",-0.143363642839417,0.6112,"4","alkaline ceramidase 2"
"3830406C13Rik",-0.143333296373072,0.092,"14","RIKEN cDNA 3830406C13 gene"
"Tk2",0.143328719059179,0.622,"8","thymidine kinase 2, mitochondrial"
"Atp6v1g1",0.143327457430568,0.272,"4","ATPase, H+ transporting, lysosomal V1 subunit G1"
"Paqr3",-0.143324389217056,0.3224,"5","progestin and adipoQ receptor family member III"
"Jade1",-0.143286811277634,0.364,"3","jade family PHD finger 1"
"Grk6",0.143268056264584,0.046,"13","G protein-coupled receptor kinase 6"
"Zfp516",-0.143250629397774,0.2192,"18","zinc finger protein 516"
"Nemp1",-0.143241770255935,0.7188,"10","nuclear envelope integral membrane protein 1"
"Nemp1",-0.143241770255935,0.7188,"10","nuclear envelope integral membrane protein 1"
"Snx16",-0.143229868987775,0.7252,"3","sorting nexin 16"
"Ptpn12",-0.143227843415553,0.7588,"5","protein tyrosine phosphatase, non-receptor type 12"
"Fam163a",-0.143173941572857,0.4984,"1","family with sequence similarity 163, member A"
"Egfem1",0.143173278517206,0.344,"3","EGF-like and EMI domain containing 1"
"Oxsr1",0.143143872906057,0.5448,"9","oxidative-stress responsive 1"
"Dcc",-0.143124859354267,0.5976,"18","deleted in colorectal carcinoma"
"Dnajc30",0.14308928713688,0.5204,"5","DnaJ heat shock protein family (Hsp40) member C30"
"Mir100hg",-0.143051475607067,0.5032,"9","Mir100 Mirlet7a-2 Mir125b-1 cluster host gene"
"Mapk8ip3",0.143044815132374,0.0996,"17","mitogen-activated protein kinase 8 interacting protein 3"
"Klhl9",-0.143013704253535,0.5904,"4","kelch-like 9"
"Camkk1",0.142983761726923,0.0288,"11","calcium/calmodulin-dependent protein kinase kinase 1, alpha"
"Atf7",-0.142959324987106,0.208,"15","activating transcription factor 7"
"Herc1",-0.142920709212397,0.6684,"9","HECT and RLD domain containing E3 ubiquitin protein ligase family member 1"
"Acsf3",0.142864994183169,0.4428,"8","acyl-CoA synthetase family member 3"
"Trim12c",-0.142798810937162,0.5428,"7","tripartite motif-containing 12C"
"Edem2",0.142796257561164,0.5972,"2","ER degradation enhancer, mannosidase alpha-like 2"
"1700037H04Rik",0.142783553021098,0.5992,"2","RIKEN cDNA 1700037H04 gene"
"Rchy1",0.142780582239646,0.1384,"5","ring finger and CHY zinc finger domain containing 1"
"Arap2",-0.142776789032355,0.5468,"5","ArfGAP with RhoGAP domain, ankyrin repeat and PH domain 2"
"Actr1a",0.142727247683004,0.4572,"19","ARP1 actin-related protein 1A, centractin alpha"
"Zfp740",0.142715811701122,0.0544,"15","zinc finger protein 740"
"Chmp2b",-0.142691243478029,0.5168,"16","charged multivesicular body protein 2B"
"Ak1",0.142682880409732,0.4588,"2","adenylate kinase 1"
"Bmi1",-0.142659131265405,0.656,"2","Bmi1 polycomb ring finger oncogene"
"Oser1",0.142650018056523,0.4348,"2","oxidative stress responsive serine rich 1"
"Slc12a6",-0.142633011505279,0.3792,"2","solute carrier family 12, member 6"
"Phf20l1",-0.142610792613678,0.5692,"15","PHD finger protein 20-like 1"
"Surf2",0.142600480174989,0.5488,"2","surfeit gene 2"
"Gpc5",-0.142558475037669,0.2164,"14","glypican 5"
"Rapgef3",0.142557142661185,0.2612,"15","Rap guanine nucleotide exchange factor (GEF) 3"
"Rsph3b",0.142544280935428,0.3508,"17","radial spoke 3B homolog (Chlamydomonas)"
"Pank3",-0.142522804712758,0.642,"11","pantothenate kinase 3"
"Flnb",-0.142517057202041,0.5856,"14","filamin, beta"
"Inip",-0.142457234158543,0.0028,"4","INTS3 and NABP interacting protein"
"Scarb1",0.142452798807382,0.1252,"5","scavenger receptor class B, member 1"
"Insig1",0.142445330140621,0.1328,"5","insulin induced gene 1"
"Vti1b",0.142420663578118,0.466,"12","vesicle transport through interaction with t-SNAREs 1B"
"Id4",-0.14238601617018,0.2036,"13","inhibitor of DNA binding 4"
"Cdh4",-0.142375687665571,0.5068,"2","cadherin 4"
"Nucb1",-0.142374212815582,0.0604,"7","nucleobindin 1"
"Hecw2",-0.142352883282271,0.6488,"1","HECT, C2 and WW domain containing E3 ubiquitin protein ligase 2"
"Nadk2",-0.1423519664131,0.3484,"15","NAD kinase 2, mitochondrial"
"Taf1b",-0.142320592693265,0.266,"12","TATA-box binding protein associated factor, RNA polymerase I, B"
"Tmem176b",0.142315832234748,0.2756,"6","transmembrane protein 176B"
"Ino80e",0.142303674472299,0.406,"7","INO80 complex subunit E"
"Trmt1",0.142292037657085,0.6332,"8","tRNA methyltransferase 1"
"Ace",-0.142209971761503,0.8052,"11","angiotensin I converting enzyme (peptidyl-dipeptidase A) 1"
"Ntmt1",0.142209440195217,0.6072,"2","N-terminal Xaa-Pro-Lys N-methyltransferase 1"
"Usf3",-0.14220234579412,0.5284,"16","upstream transcription factor family member 3"
"Tcf4",-0.142197842507745,0.0784,"18","transcription factor 4"
"Actr1b",0.142097145427758,0,"1","ARP1 actin-related protein 1B, centractin beta"
"Col27a1",-0.142096022282594,0.6412,"4","collagen, type XXVII, alpha 1"
"Slc39a2",-0.142092351058845,0.7332,"14","solute carrier family 39 (zinc transporter), member 2"
"Lnpk",-0.142085337548309,0.6068,"2","lunapark, ER junction formation factor"
"Pdgfc",-0.142085100390865,0.3144,"3","platelet-derived growth factor, C polypeptide"
"Dok7",0.142070314043665,0.4836,"5","docking protein 7"
"Zdhhc1",0.142060447385551,0.4876,"8","zinc finger, DHHC domain containing 1"
"Lrp6",-0.142050743155202,0.4428,"6","low density lipoprotein receptor-related protein 6"
"Appbp2",-0.14200382449858,0.6808,"11","amyloid beta precursor protein (cytoplasmic tail) binding protein 2"
"Eif4a1",0.141990428230413,0.4036,"11","eukaryotic translation initiation factor 4A1"
"Dync1li1",-0.141980431307501,0.7788,"9","dynein cytoplasmic 1 light intermediate chain 1"
"Sorl1",-0.141957584288713,0.4828,"9","sortilin-related receptor, LDLR class A repeats-containing"
"Max",-0.141953747910273,0.1936,"12","Max protein"
"Sox2ot",-0.141941375823038,0.4316,"3","SOX2 overlapping transcript (non-protein coding)"
"Ydjc",0.141893052114712,0.462,"16","YdjC homolog (bacterial)"
"Efcab6",-0.141838206260942,0.7876,"15","EF-hand calcium binding domain 6"
"Alkbh6",0.141814922226089,0.5072,"7","alkB homolog 6"
"Ppargc1b",-0.141800701677665,0.5508,"18","peroxisome proliferative activated receptor, gamma, coactivator 1 beta"
"Zfp799",-0.141780656432876,0.648,"17","zinc finger protein 799"
"Psat1",0.141743208165171,0.4684,"19","phosphoserine aminotransferase 1"
"Rnf181",0.141739208830608,0.4236,"6","ring finger protein 181"
"Ikbip",-0.141710270379812,0.1608,"10","IKBKB interacting protein"
"Srsf12",-0.141662332248734,0.4936,"4","serine and arginine-rich splicing factor 12"
"Abcb9",0.141533138421367,0.6344,"5","ATP-binding cassette, sub-family B (MDR/TAP), member 9"
"Ric8b",-0.141524340552388,0.1,"10","RIC8 guanine nucleotide exchange factor B"
"Plagl2",-0.14150617744377,0.48,"2","pleiomorphic adenoma gene-like 2"
"Cavin2",-0.141489735142153,0.5168,"1","caveolae associated 2"
"Tdrd3",-0.141446702532232,0.202,"14","tudor domain containing 3"
"Cndp2",0.141427929218631,0.4056,"18","CNDP dipeptidase 2 (metallopeptidase M20 family)"
"Eif4ebp3",0.141419302466777,0.7672,"18","eukaryotic translation initiation factor 4E binding protein 3"
"Lins1",0.141389815887401,0.2108,"7","lines homolog 1"
"Fzd3",-0.141370273813578,0.4992,"14","frizzled class receptor 3"
"Ccdc15",-0.141368475420998,0.3912,"9","coiled-coil domain containing 15"
"Ddit3",0.14135229589222,0.7084,"10","DNA-damage inducible transcript 3"
"Prps2",0.141314725194467,0.1016,"X","phosphoribosyl pyrophosphate synthetase 2"
"Itfg1",-0.141303111953195,0.6328,"8","integrin alpha FG-GAP repeat containing 1"
"Pde1b",0.14123693371483,0.1604,"15","phosphodiesterase 1B, Ca2+-calmodulin dependent"
"Zhx1",-0.14120369304717,0.46,"15","zinc fingers and homeoboxes 1"
"Ocel1",-0.14118985076959,0.3272,"8","occludin/ELL domain containing 1"
"Vps54",-0.141187266702465,0.2156,"11","VPS54 GARP complex subunit"
"Acsl5",0.141166359607935,0.0748,"19","acyl-CoA synthetase long-chain family member 5"
"Txlng",-0.14116338734614,0.7304,"X","taxilin gamma"
"Nck1",-0.141128420941268,0.8152,"9","non-catalytic region of tyrosine kinase adaptor protein 1"
"Bcr",-0.141116142797393,0.2604,"10","BCR activator of RhoGEF and GTPase"
"Mrps16",0.141108762185627,0.6252,"14","mitochondrial ribosomal protein S16"
"Fez2",0.141107718225395,0.3392,"17","fasciculation and elongation protein zeta 2 (zygin II)"
"Tmem204",-0.141091662799349,0.6152,"17","transmembrane protein 204"
"Sf3b4",-0.14107249524085,0.3108,"3","splicing factor 3b, subunit 4"
"Fam169a",-0.141062709328465,0.6464,"13","family with sequence similarity 169, member A"
"Zbtb6",-0.141042365242806,0.4016,"2","zinc finger and BTB domain containing 6"
"Btbd9",0.141016406887216,0.1772,"17","BTB (POZ) domain containing 9"
"Slc25a19",0.141012848927923,0.3828,"11","solute carrier family 25 (mitochondrial thiamine pyrophosphate carrier), member 19"
"Gtf2h5",0.140972888105227,0.4348,"17","general transcription factor IIH, polypeptide 5"
"Pomt2",0.140749250224817,0.1696,"12","protein-O-mannosyltransferase 2"
"Speg",0.14074908942306,0.5232,"1","SPEG complex locus"
"Ddx28",0.140744887826385,0.2304,"8","DEAD box helicase 28"
"Pgr",-0.140720611909186,0.5332,"9","progesterone receptor"
"Mosmo",-0.140717865570127,0.8196,"7","modulator of smoothened"
"Npepps",-0.140714733851207,0.3428,"11","aminopeptidase puromycin sensitive"
"Wdpcp",0.140640655628344,0.4124,"11","WD repeat containing planar cell polarity effector"
"Tmem178b",-0.140616207572821,0.6256,"6","transmembrane protein 178B"
"Runx1t1",-0.140560329611748,0.404,"4","RUNX1 translocation partner 1"
"1700123O20Rik",0.140551647342894,0.1156,"14","RIKEN cDNA 1700123O20 gene"
"Astn1",-0.140543385542925,0.5324,"1","astrotactin 1"
"Tspan6",-0.140530240170508,0.2024,"X","tetraspanin 6"
"Cdk16",0.140507187153268,0.4424,"X","cyclin-dependent kinase 16"
"Nubp1",0.140506114772886,0.068,"16","nucleotide binding protein 1"
"Ank1",-0.140417830898046,0.5372,"8","ankyrin 1, erythroid"
"Nsrp1",-0.140384371551568,0.3672,"11","nuclear speckle regulatory protein 1"
"Pcdhb11",0.140383510771222,0.532,"18","protocadherin beta 11"
"Nrn1",-0.140353689752326,0.7868,"13","neuritin 1"
"Smarcd2",0.140333644894254,0.4284,"11","SWI/SNF related, matrix associated, actin dependent regulator of chromatin, subfamily d, member 2"
"Glod4",0.140332957477402,0.2564,"11","glyoxalase domain containing 4"
"Sra1",0.140291670711651,0.5996,"18","steroid receptor RNA activator 1"
"Naaa",0.140289969108584,0.2916,"5","N-acylethanolamine acid amidase"
"Echdc1",-0.140260292230741,0.552,"10","enoyl Coenzyme A hydratase domain containing 1"
"Sgsm2",0.140226541506366,0.5984,"11","small G protein signaling modulator 2"
"Rrp12",0.140187249062841,0.4352,"19","ribosomal RNA processing 12 homolog"
"Bcl2",-0.140178500371209,0.3432,"1","B cell leukemia/lymphoma 2"
"Gtf2h3",0.140154357542414,0.0088,"5","general transcription factor IIH, polypeptide 3"
"Patl1",-0.14012306861571,0.2976,"19","protein associated with topoisomerase II homolog 1 (yeast)"
"Bloc1s5",0.140081743564911,0.3168,"13","biogenesis of lysosomal organelles complex-1, subunit 5, muted"
"Ankrd11",-0.140066459079854,0.4544,"8","ankyrin repeat domain 11"
"Srsf9",0.140050787596434,0.48,"5","serine and arginine-rich splicing factor 9"
"Nifk",0.14005038455698,0.0392,"1","nucleolar protein interacting with the FHA domain of MKI67"
"Vstm2l",0.14003790884794,0.6288,"2","V-set and transmembrane domain containing 2-like"
"Aph1a",0.140032612373687,0.3684,"3","aph1 homolog A, gamma secretase subunit"
"Slit1",-0.140004921425878,0.6736,"19","slit guidance ligand 1"
"Tnfrsf1a",-0.139901982291534,0.3224,"6","tumor necrosis factor receptor superfamily, member 1a"
"Slc25a18",0.139862063773256,0.5872,"6","solute carrier family 25 (mitochondrial carrier), member 18"
"Ccdc40",0.139856794876698,0.4668,"11","coiled-coil domain containing 40"
"Fam193a",-0.139821577821773,0.1068,"5","family with sequence homology 193, member A"
"Adhfe1",0.139816728831166,0.424,"1","alcohol dehydrogenase, iron containing, 1"
"Slc9a7",-0.13980281502652,0.548,"X","solute carrier family 9 (sodium/hydrogen exchanger), member 7"
"Mettl23",0.139736666036748,0.4068,"11","methyltransferase like 23"
"Mef2a",-0.139717738125353,0.5624,"7","myocyte enhancer factor 2A"
"Zfp950",-0.13966637921795,0.6676,"19","zinc finger protein 950"
"Dvl3",-0.13963992389549,0.2636,"16","dishevelled segment polarity protein 3"
"Iba57",0.13963952198936,0.4756,"11","IBA57 homolog, iron-sulfur cluster assembly"
"Cnnm1",-0.139552469408029,0.1268,"19","cyclin M1"
"Ly6a",0.139547433558345,0.4608,"15","lymphocyte antigen 6 complex, locus A"
"Lrfn2",0.139544881300903,0.3932,"17","leucine rich repeat and fibronectin type III domain containing 2"
"Rnf40",0.139530300210514,0.1244,"7","ring finger protein 40"
"Reck",-0.139497951878707,0.5808,"4","reversion-inducing-cysteine-rich protein with kazal motifs"
"Trappc4",0.13948598352833,0.1444,"9","trafficking protein particle complex 4"
"Sox1ot",-0.139481090478585,0.1652,"8","Sox1 overlapping transcript"
"Ramp2",0.139377834534426,0.6192,"11","receptor (calcitonin) activity modifying protein 2"
"Eci2",0.139370757333814,0.284,"13","enoyl-Coenzyme A delta isomerase 2"
"Pvalb",0.139356315896687,0.628,"15","parvalbumin"
"Gabra2",0.139354859743338,0.456,"5","gamma-aminobutyric acid (GABA) A receptor, subunit alpha 2"
"Ube2w",-0.139318904900422,0.4768,"1","ubiquitin-conjugating enzyme E2W (putative)"
"Pten",-0.139300358189863,0.6308,"19","phosphatase and tensin homolog"
"Smpd2",0.139292984797191,0.4936,"10","sphingomyelin phosphodiesterase 2, neutral"
"Hnrnph3",-0.139286192320969,0.1716,"10","heterogeneous nuclear ribonucleoprotein H3"
"Ndufaf5",0.139258765355027,0.3904,"2","NADH:ubiquinone oxidoreductase complex assembly factor 5"
"Mrs2",-0.139173698537575,0.6752,"13","MRS2 magnesium transporter"
"Sv2b",-0.139138553924209,0.5912,"7","synaptic vesicle glycoprotein 2 b"
"Fam131b",0.139118280097351,0.0112,"6","family with sequence similarity 131, member B"
"Tbk1",-0.139112384892013,0.5124,"10","TANK-binding kinase 1"
"Scrn3",-0.13910386791014,0.3812,"2","secernin 3"
"Uqcrc1",0.139098789003954,0.2912,"9","ubiquinol-cytochrome c reductase core protein 1"
"Surf4",0.139091371645647,0.2732,"2","surfeit gene 4"
"Prr36",-0.13906077006571,0.3612,"8","proline rich 36"
"Stxbp5l",-0.139054021258412,0.6084,"16","syntaxin binding protein 5-like"
"Ephb2",0.139048124691926,0.2652,"4","Eph receptor B2"
"Apaf1",-0.138935433421016,0.4988,"10","apoptotic peptidase activating factor 1"
"Midn",-0.138929511888672,0.3372,"10","midnolin"
"Gpr68",0.138919180144862,0.2124,"12","G protein-coupled receptor 68"
"Gap43",0.138908916234527,0.4864,"16","growth associated protein 43"
"Tmem97",0.138884985836572,0.3052,"11","transmembrane protein 97"
"Ssh1",0.138875417401543,0.2304,"5","slingshot protein phosphatase 1"
"Scd3",0.138870076560999,0.6512,"19","stearoyl-coenzyme A desaturase 3"
"Pan3",-0.138758075897824,0.2508,"5","PAN3 poly(A) specific ribonuclease subunit"
"Prdm16",-0.13874230085795,0.3128,"4","PR domain containing 16"
"Eif4g3",-0.138683586545614,0.094,"4","eukaryotic translation initiation factor 4 gamma, 3"
"Retreg2",0.138675743292149,0.2408,"1","reticulophagy regulator family member 2"
"Ppp6r1",0.138658047549862,0.0816,"7","protein phosphatase 6, regulatory subunit 1"
"Cygb",0.138625967655322,0.3952,"11","cytoglobin"
"Adrm1",0.138615066713056,0.54,"2","adhesion regulating molecule 1 26S proteasome ubiquitin receptor"
"Mad1l1",0.138608447814184,0.5864,"5","MAD1 mitotic arrest deficient 1-like 1"
"Gstm7",0.138598789192647,0.5916,"3","glutathione S-transferase, mu 7"
"Fam118b",0.138570809284017,0.3176,"9","family with sequence similarity 118, member B"
"Galnt2",0.138566807310336,0.2496,"8","polypeptide N-acetylgalactosaminyltransferase 2"
"Grip2",-0.138429277779011,0.2268,"6","glutamate receptor interacting protein 2"
"Ticam1",-0.138414137720154,0.5156,"17","toll-like receptor adaptor molecule 1"
"Bckdhb",0.138400418774941,0.1816,"9","branched chain ketoacid dehydrogenase E1, beta polypeptide"
"Kptn",0.13838189030372,0.59,"7","kaptin"
"Mtmr12",-0.138377860149778,0.756,"15","myotubularin related protein 12"
"Crlf2",0.138361649979708,0.578,"5","cytokine receptor-like factor 2"
"Churc1",0.138305067144888,0.6512,"12","churchill domain containing 1"
"Edc3",0.138286582978817,0.1808,"9","enhancer of mRNA decapping 3"
"Rfx2",0.138205401596347,0.4692,"17","regulatory factor X, 2 (influences HLA class II expression)"
"Ttc33",-0.138194698809055,0.3676,"15","tetratricopeptide repeat domain 33"
"Insig2",-0.138190094112558,0.7484,"1","insulin induced gene 2"
"Sult2b1",0.138172785087894,0.6168,"7","sulfotransferase family, cytosolic, 2B, member 1"
"Sult2b1",0.138172785087894,0.6168,"7","sulfotransferase family, cytosolic, 2B, member 1"
"Myrf",-0.138162428024077,0.2648,"19","myelin regulatory factor"
"Cyp2j9",-0.138151803141748,0.0528,"4","cytochrome P450, family 2, subfamily j, polypeptide 9"
"Hmgcs1",-0.138124663298782,0.0908,"13","3-hydroxy-3-methylglutaryl-Coenzyme A synthase 1"
"Fam117b",-0.138012580296276,0.5516,"1","family with sequence similarity 117, member B"
"Ndst2",0.137981450893999,0.2068,"14","N-deacetylase/N-sulfotransferase (heparan glucosaminyl) 2"
"Rgs17",-0.137958835895887,0.4208,"10","regulator of G-protein signaling 17"
"Cstf1",0.137946430493392,0.194,"2","cleavage stimulation factor, 3' pre-RNA, subunit 1"
"Gtf3c3",-0.13792386160284,0.592,"1","general transcription factor IIIC, polypeptide 3"
"Syne1",-0.137891569822484,0.5756,"10","spectrin repeat containing, nuclear envelope 1"
"Ngdn",0.137867085972946,0.384,"14","neuroguidin, EIF4E binding protein"
"Fzr1",0.137838917652885,0.2944,"10","fizzy and cell division cycle 20 related 1"
"Bcl10",0.137793512122049,0.2204,"3","B cell leukemia/lymphoma 10"
"Ddr1",0.137790964273257,0.1792,"17","discoidin domain receptor family, member 1"
"Tmed5",-0.137750420329176,0.2028,"5","transmembrane p24 trafficking protein 5"
"Maml1",-0.137635653643648,0.1952,"11","mastermind like transcriptional coactivator 1"
"Pias2",-0.137634390904665,0.35,"18","protein inhibitor of activated STAT 2"
"Rraga",-0.137619413350532,0.6556,"4","Ras-related GTP binding A"
"Ro60",-0.137577816546287,0.5792,"1","Ro60, Y RNA binding protein"
"Cd38",-0.137556627320672,0.2724,"5","CD38 antigen"
"Med8",0.137553518472873,0.2496,"4","mediator complex subunit 8"
"Diras1",0.137533504304235,0.5308,"10","DIRAS family, GTP-binding RAS-like 1"
"Herc4",-0.137516879196164,0.328,"10","hect domain and RLD 4"
"Gm36742",0.137493568019611,0.66,"16","predicted gene, 36742"
"Uqcrfs1",0.13746447789893,0.0408,"13","ubiquinol-cytochrome c reductase, Rieske iron-sulfur polypeptide 1"
"Gpr155",-0.137443274308351,0.5112,"2","G protein-coupled receptor 155"
"Serp1",-0.137386999466189,0.2664,"3","stress-associated endoplasmic reticulum protein 1"
"Fgfbp3",-0.137351183222987,0.668,"19","fibroblast growth factor binding protein 3"
"Csrp1",0.137345444022069,0.5652,"1","cysteine and glycine-rich protein 1"
"Ube2e2",-0.13734383032478,0.462,"14","ubiquitin-conjugating enzyme E2E 2"
"Pym1",0.13732974489641,0.604,"10","PYM homolog 1, exon junction complex associated factor"
"Zc3h12c",-0.137316324618709,0.3716,"9","zinc finger CCCH type containing 12C"
"Icmt",0.137310849456318,0.1148,"4","isoprenylcysteine carboxyl methyltransferase"
"Copa",-0.137260740018978,0.1072,"1","coatomer protein complex subunit alpha"
"Begain",0.137248819271291,0.6108,"12","brain-enriched guanylate kinase-associated"
"Slc8b1",-0.137227486549734,0.3648,"5","solute carrier family 8 (sodium/lithium/calcium exchanger), member B1"
"Gadd45b",0.137223663441083,0.5852,"10","growth arrest and DNA-damage-inducible 45 beta"
"Cbl",-0.137220226534971,0.8496,"9","Casitas B-lineage lymphoma"
"Ifrd2",0.137197813850919,0.4148,"9","interferon-related developmental regulator 2"
"Nrxn1",-0.137184313773506,0.126,"17","neurexin I"
"Llgl1",0.137165811608408,0.1708,"11","LLGL1 scribble cell polarity complex component"
"Zfp182",-0.137121961426492,0.5804,"X","zinc finger protein 182"
"Slc25a1",0.137049874378187,0.588,"16","solute carrier family 25 (mitochondrial carrier, citrate transporter), member 1"
"Usp16",-0.136999942730892,0.488,"16","ubiquitin specific peptidase 16"
"Ppp2r3d",0.136986241699036,0.4364,"9","protein phosphatase 2 (formerly 2A), regulatory subunit B'', delta"
"AW209491",0.136983168251505,0.3392,"13","expressed sequence AW209491"
"Chst2",0.136952006763069,0.1,"9","carbohydrate sulfotransferase 2"
"Fnbp1l",-0.136950843027931,0.5448,"3","formin binding protein 1-like"
"Aldh1l2",-0.136936899676838,0.402,"10","aldehyde dehydrogenase 1 family, member L2"
"Pigm",-0.1368669036468,0.3672,"1","phosphatidylinositol glycan anchor biosynthesis, class M"
"Sytl2",-0.136859733607229,0.4484,"7","synaptotagmin-like 2"
"Cyp2s1",-0.136855655039735,0.358,"7","cytochrome P450, family 2, subfamily s, polypeptide 1"
"Kat7",-0.136837813432212,0.3596,"11","K(lysine) acetyltransferase 7"
"Fibcd1",0.136831131339179,0.6152,"2","fibrinogen C domain containing 1"
"Mecp2",-0.136791343376903,0.2624,"X","methyl CpG binding protein 2"
"Cmtm5",0.136757319266541,0.6636,"14","CKLF-like MARVEL transmembrane domain containing 5"
"Ddx24",0.136749543326149,0.5204,"12","DEAD box helicase 24"
"Fam8a1",-0.136718956409941,0.7512,"13","family with sequence similarity 8, member A1"
"Slc30a5",-0.13670183279535,0.3932,"13","solute carrier family 30 (zinc transporter), member 5"
"Dctn6",0.136695835481207,0.2816,"8","dynactin 6"
"Cyp2d22",0.136667058071477,0.0968,"15","cytochrome P450, family 2, subfamily d, polypeptide 22"
"Ppp3r1",-0.136653517417196,0.5252,"11","protein phosphatase 3, regulatory subunit B, alpha isoform (calcineurin B, type I)"
"Cast",-0.136600704439575,0.788,"13","calpastatin"
"Prcc",0.136597718849747,0.3628,"3","papillary renal cell carcinoma (translocation-associated)"
"Pabpn1",0.136582518504638,0.6196,"14","poly(A) binding protein, nuclear 1"
"Pabpn1",0.136582518504638,0.6196,"14","poly(A) binding protein, nuclear 1"
"H2-Ke6",0.136582483374927,0.558,"17","H2-K region expressed gene 6"
"Rhbdd1",-0.136549515380761,0.4168,"1","rhomboid domain containing 1"
"Cep57",-0.136539762679148,0.7188,"9","centrosomal protein 57"
"Idh2",0.136510924091137,0.3484,"7","isocitrate dehydrogenase 2 (NADP+), mitochondrial"
"Dnajc13",-0.136482095893697,0.5124,"9","DnaJ heat shock protein family (Hsp40) member C13"
"Rpl11",0.136470830556116,0.7416,"4","ribosomal protein L11"
"Xpo4",-0.136441598369381,0.576,"14","exportin 4"
"Trappc9",0.136413243330678,0.4588,"15","trafficking protein particle complex 9"
"Ets2",-0.136396157283648,0.4376,"16","E26 avian leukemia oncogene 2, 3' domain"
"Vcpkmt",0.136391195063389,0.402,"12","valosin containing protein lysine (K) methyltransferase"
"Dagla",-0.136390598519654,0.7456,"19","diacylglycerol lipase, alpha"
"Entpd6",0.136386678302368,0.2244,"2","ectonucleoside triphosphate diphosphohydrolase 6"
"Rprd2",-0.136385715947013,0.4628,"3","regulation of nuclear pre-mRNA domain containing 2"
"Mzt2",0.136356619302333,0.5636,"16","mitotic spindle organizing protein 2"
"Scrt1",0.13631930013927,0.4732,"15","scratch family zinc finger 1"
"Wdr6",0.136316809892044,0.4288,"9","WD repeat domain 6"
"Nop56",0.13631446951783,0.3116,"2","NOP56 ribonucleoprotein"
"Usp39",0.136304754782529,0.1992,"6","ubiquitin specific peptidase 39"
"Prmt8",0.136286618624359,0.042,"6","protein arginine N-methyltransferase 8"
"Cacng3",-0.136268198524405,0.4936,"7","calcium channel, voltage-dependent, gamma subunit 3"
"Kras",-0.136247246413634,0.1512,"6","Kirsten rat sarcoma viral oncogene homolog"
"Tspoap1",0.136229229240496,0.5028,"11","TSPO associated protein 1"
"Atp6v1b2",0.136157185834437,0.062,"8","ATPase, H+ transporting, lysosomal V1 subunit B2"
"Il17rd",-0.136154536182783,0.6536,"14","interleukin 17 receptor D"
"Stag2",-0.136135678042568,0.4576,"X","stromal antigen 2"
"Lamb2",-0.136096371196479,0.482,"9","laminin, beta 2"
"Elmod3",0.136094242434939,0.4976,"6","ELMO/CED-12 domain containing 3"
"Zfp449",-0.136086822163944,0.4888,"X","zinc finger protein 449"
"Wipf2",-0.136077210036643,0.0812,"11","WAS/WASL interacting protein family, member 2"
"Snrnp35",0.136077141863844,0.5976,"5","small nuclear ribonucleoprotein 35 (U11/U12)"
"Polr2e",0.136032578775956,0.69,"10","polymerase (RNA) II (DNA directed) polypeptide E"
"Fat3",-0.136022288344308,0.6284,"9","FAT atypical cadherin 3"
"Zyx",0.136017696843527,0.2156,"6","zyxin"
"Fbxw9",0.136003746987697,0.3652,"8","F-box and WD-40 domain protein 9"
"Atp10d",-0.135962015772497,0.6612,"5","ATPase, class V, type 10D"
"Mid2",-0.135926160843061,0.6468,"X","midline 2"
"A130010J15Rik",0.135920009492418,0.5124,"1","RIKEN cDNA A130010J15 gene"
"Slc39a7",0.135863879948888,0.5168,"17","solute carrier family 39 (zinc transporter), member 7"
"Tmem108",-0.135851304384784,0.3728,"9","transmembrane protein 108"
"Adgra1",-0.135759169507325,0.8068,"7","adhesion G protein-coupled receptor A1"
"Znrf1",0.135731692175497,0.318,"8","zinc and ring finger 1"
"Prkar2b",-0.135730806080042,0.3424,"12","protein kinase, cAMP dependent regulatory, type II beta"
"Hpcal4",0.13569459303222,0.4972,"4","hippocalcin-like 4"
"Cenpc1",-0.135688120386815,0.558,"5","centromere protein C1"
"Zfp715",-0.135686981457287,0.7692,"7","zinc finger protein 715"
"Ppp1r3f",0.135674273153837,0.1452,"X","protein phosphatase 1, regulatory subunit 3F"
"Cnot6",-0.135669049530462,0.2796,"11","CCR4-NOT transcription complex, subunit 6"
"Apex1",0.135623901110359,0.25,"14","apurinic/apyrimidinic endonuclease 1"
"Ptpn11",0.135617727408157,0,"5","protein tyrosine phosphatase, non-receptor type 11"
"Lysmd4",0.135598088562025,0.1828,"7","LysM, putative peptidoglycan-binding, domain containing 4"
"Zfp712",-0.135591616890564,0.6344,"13","zinc finger protein 712"
"Cept1",-0.135557233280722,0.3176,"3","choline/ethanolaminephosphotransferase 1"
"Kpna1",-0.135516930137072,0.6428,"16","karyopherin (importin) alpha 1"
"Dus4l",0.135497577873791,0.3468,"12","dihydrouridine synthase 4-like (S. cerevisiae)"
"Tmem260",-0.135496155530136,0.2812,"14","transmembrane protein 260"
"Bscl2",0.135475676319105,0.5872,"19","Berardinelli-Seip congenital lipodystrophy 2 (seipin)"
"Itm2b",-0.135461709726417,0.2764,"14","integral membrane protein 2B"
"Adgra3",-0.135445804003292,0.3528,"5","adhesion G protein-coupled receptor A3"
"Gm14827",-0.135419628729855,0.7044,"X","predicted gene 14827"
"Phf10",-0.135408273995769,0.0028,"17","PHD finger protein 10"
"Haus7",0.135406216635021,0.5716,"X","HAUS augmin-like complex, subunit 7"
"St6gal2",-0.135394129385726,0.7444,"17","beta galactoside alpha 2,6 sialyltransferase 2"
"Dctn5",0.135350477743071,0.4,"7","dynactin 5"
"Cgn",-0.135349163552657,0.7072,"3","cingulin"
"Xylt2",0.135276122154218,0.3168,"11","xylosyltransferase II"
"Mrpl47",0.13527339397622,0.254,"3","mitochondrial ribosomal protein L47"
"Ppp2r2a",-0.135272565254204,0.4192,"14","protein phosphatase 2, regulatory subunit B, alpha"
"Ppia",0.135244265592149,0.3708,"11","peptidylprolyl isomerase A"
"Trpm3",-0.135208693810454,0.6972,"19","transient receptor potential cation channel, subfamily M, member 3"
"Kcnj3",-0.135168336890117,0.43,"2","potassium inwardly-rectifying channel, subfamily J, member 3"
"Cebpd",0.135108415907417,0.4804,"16","CCAAT/enhancer binding protein (C/EBP), delta"
"Ppp1r15b",-0.13507860958641,0.2764,"1","protein phosphatase 1, regulatory subunit 15B"
"Tecpr1",0.135073385406359,0.4108,"5","tectonin beta-propeller repeat containing 1"
"Bzw2",0.135029245237678,0.4636,"12","basic leucine zipper and W2 domains 2"
"Eif4enif1",-0.135027359026477,0.0836,"11","eukaryotic translation initiation factor 4E nuclear import factor 1"
"Tmem69",-0.135019629074401,0.1824,"4","transmembrane protein 69"
"Zfp930",-0.135018164064893,0.3352,"8","zinc finger protein 930"
"Eya3",-0.13500285835643,0.1508,"4","EYA transcriptional coactivator and phosphatase 3"
"Eif4g1",-0.134995077090926,0.6524,"16","eukaryotic translation initiation factor 4, gamma 1"
"Lman2",0.134991643605527,0.1872,"13","lectin, mannose-binding 2"
"Tsc22d3",0.134989756880302,0.1432,"X","TSC22 domain family, member 3"
"Pdk4",0.134987155650975,0.4304,"6","pyruvate dehydrogenase kinase, isoenzyme 4"
"Ppp1r37",0.13498351284983,0.524,"7","protein phosphatase 1, regulatory subunit 37"
"Bivm",-0.134982764602044,0.5104,"1","basic, immunoglobulin-like variable motif containing"
"Scap",0.134964138370598,0.1156,"9","SREBF chaperone"
"Dnajc27",0.134945036569633,0.0236,"12","DnaJ heat shock protein family (Hsp40) member C27"
"Lhfpl4",0.134905475627455,0.1336,"6","lipoma HMGIC fusion partner-like protein 4"
"Cbfa2t2",-0.134861638787012,0.6736,"2","CBFA2/RUNX1 translocation partner 2"
"Ccdc157",0.134851265146032,0.3868,"11","coiled-coil domain containing 157"
"Tmem68",-0.134843120602628,0.8892,"4","transmembrane protein 68"
"Spock3",-0.134827123506994,0.7888,"8","sparc/osteonectin, cwcv and kazal-like domains proteoglycan 3"
"Gtf2i",0.134782126004355,0.1704,"5","general transcription factor II I"
"2310022B05Rik",0.134765854433548,0.4724,"8","RIKEN cDNA 2310022B05 gene"
"Vezf1",-0.134743525346003,0.336,"11","vascular endothelial zinc finger 1"
"Pgbd5",0.13474245538832,0.286,"8","piggyBac transposable element derived 5"
"Ptdss2",0.134727274106824,0.2028,"7","phosphatidylserine synthase 2"
"Gabpb1",-0.134720809966955,0.3636,"2","GA repeat binding protein, beta 1"
"Aph1c",-0.134697049396694,0.234,"9","aph1 homolog C, gamma secretase subunit"
"Kdm6a",-0.134691367698993,0.7464,"X","lysine (K)-specific demethylase 6A"
"Erap1",-0.134665505267179,0.4448,"13","endoplasmic reticulum aminopeptidase 1"
"Fabp5",0.134644484494037,0.6248,"3","fatty acid binding protein 5, epidermal"
"Irf2bpl",-0.134634416224654,0.3704,"12","interferon regulatory factor 2 binding protein-like"
"Mrpl48",0.134626449198198,0.56,"7","mitochondrial ribosomal protein L48"
"Katnb1",0.134609902299488,0.354,"8","katanin p80 (WD40-containing) subunit B 1"
"Trpm2",0.134607984883828,0.4452,"10","transient receptor potential cation channel, subfamily M, member 2"
"Lztr1",0.134596435355573,0.0088,"16","leucine-zipper-like transcriptional regulator, 1"
"Rrp7a",0.134553253537288,0.3676,"15","ribosomal RNA processing 7 homolog A"
"Sertad4",-0.134543879998878,0.8016,"1","SERTA domain containing 4"
"Cops8",0.134449384493009,0.0616,"1","COP9 signalosome subunit 8"
"Cfap298",0.13443393386448,0.5316,"16","cilia and flagella associate protien 298"
"Aldh3b1",0.134352540555916,0.446,"19","aldehyde dehydrogenase 3 family, member B1"
"Rcor1",-0.134304222493397,0.6268,"12","REST corepressor 1"
"Srcap",-0.134294320156677,0.4012,"7","Snf2-related CREBBP activator protein"
"Gk",-0.134293604541327,0.6204,"X","glycerol kinase"
"Sestd1",-0.134193176341422,0.4536,"2","SEC14 and spectrin domains 1"
"Trmt9b",-0.134176732460983,0.5592,"8","tRNA methyltransferase 9B"
"Tor1b",0.134133735430221,0.2316,"2","torsin family 1, member B"
"Clasp2",-0.134128241893994,0.2316,"9","CLIP associating protein 2"
"Ksr2",-0.134118851651266,0.8236,"5","kinase suppressor of ras 2"
"Ccpg1",-0.134109820006307,0.316,"9","cell cycle progression 1"
"Slc12a4",-0.134082631206479,0.1292,"8","solute carrier family 12, member 4"
"Ube2v1",0.134082364898032,0.3396,"2","ubiquitin-conjugating enzyme E2 variant 1"
"Cdc40",-0.134072640354529,0.646,"10","cell division cycle 40"
"Mettl14",-0.134069146457919,0.2484,"3","methyltransferase like 14"
"AA986860",-0.13405414917723,0.2908,"1","expressed sequence AA986860"
"Kbtbd7",-0.13404698685772,0.7208,"14","kelch repeat and BTB (POZ) domain containing 7"
"Uvssa",-0.134041281178923,0.4872,"5","UV stimulated scaffold protein A"
"Lamc3",-0.134021375985207,0.6556,"2","laminin gamma 3"
"Atraid",0.133998983905822,0.2044,"5","all-trans retinoic acid induced differentiation factor"
"Smc2",-0.133966891572943,0.6136,"4","structural maintenance of chromosomes 2"
"Ppan",0.133958123386344,0.5392,"9","peter pan homolog"
"Snx15",0.133914547139796,0.5436,"19","sorting nexin 15"
"Crlf1",0.133896027755889,0.5544,"8","cytokine receptor-like factor 1"
"Aebp2",-0.133891736650946,0.2236,"6","AE binding protein 2"
"Spock2",-0.133873856434427,0.6836,"10","sparc/osteonectin, cwcv and kazal-like domains proteoglycan 2"
"Fam207a",0.133871170666225,0.3792,"10","family with sequence similarity 207, member A"
"Rab4b",0.133859008535882,0.6616,"7","RAB4B, member RAS oncogene family"
"Plekha3",-0.133850713820435,0.3576,"2","pleckstrin homology domain-containing, family A (phosphoinositide binding specific) member 3"
"Mettl2",0.133843611169733,0.1664,"11","methyltransferase like 2"
"Vars2",0.133810447884708,0.3644,"17","valyl-tRNA synthetase 2, mitochondrial"
"9530077C05Rik",0.133782105917102,0.2936,"9","RIKEN cDNA 9530077C05 gene"
"Tex261",0.133769956939869,0.2844,"6","testis expressed gene 261"
"Eral1",0.133759764337104,0.5676,"11","Era (G-protein)-like 1 (E. coli)"
"Ankrd13b",0.133759625482252,0.5904,"11","ankyrin repeat domain 13b"
"Plekhh2",-0.133710277421466,0.2728,"17","pleckstrin homology domain containing, family H (with MyTH4 domain) member 2"
"Rps6",0.133660798948539,0.6432,"4","ribosomal protein S6"
"Plin3",0.133640037752169,0.2348,"17","perilipin 3"
"Eps15",-0.133629215339127,0.4004,"4","epidermal growth factor receptor pathway substrate 15"
"Fktn",-0.133626513303883,0.6676,"4","fukutin"
"Zfp13",0.133602888913189,0.5152,"17","zinc finger protein 13"
"Ppp4r3a",-0.133577216816828,0.2864,"12","protein phosphatase 4 regulatory subunit 3A"
"Ostm1",-0.133520626943987,0.5384,"10","osteopetrosis associated transmembrane protein 1"
"Gpd2",-0.133518841590143,0.2804,"2","glycerol phosphate dehydrogenase 2, mitochondrial"
"Phc2",0.13351484704962,0.446,"4","polyhomeotic 2"
"Ppp1r3e",0.133512536538315,0.278,"14","protein phosphatase 1, regulatory subunit 3E"
"Arl14ep",-0.133488873735214,0.716,"2","ADP-ribosylation factor-like 14 effector protein"
"Adra2c",0.133477045121746,0.658,"5","adrenergic receptor, alpha 2c"
"Gm11266",0.133476709332103,0.672,"4","predicted gene 11266"
"Slc16a13",0.133453951166671,0.3776,"11","solute carrier family 16 (monocarboxylic acid transporters), member 13"
"Tep1",-0.133436269628997,0.632,"14","telomerase associated protein 1"
"Tmem67",-0.133339015239161,0.5188,"4","transmembrane protein 67"
"Cd55",-0.133336933306865,0.5888,"1","CD55 molecule, decay accelerating factor for complement"
"Nvl",-0.133259489671958,0.5228,"1","nuclear VCP-like"
"Myo1b",-0.133256911791214,0.6868,"1","myosin IB"
"Snrpf",0.133204193931813,0.5256,"10","small nuclear ribonucleoprotein polypeptide F"
"Tprgl",0.13320186026526,0.4048,"4","transformation related protein 63 regulated like"
"Abcd4",0.133154624632572,0.3712,"12","ATP-binding cassette, sub-family D (ALD), member 4"
"Zfp708",-0.13315393051815,0.428,"13","zinc finger protein 708"
"Gls2",0.133150746210056,0.5064,"10","glutaminase 2 (liver, mitochondrial)"
"Igf2r",-0.133150302626635,0.5656,"17","insulin-like growth factor 2 receptor"
"Plekhf2",0.133149453109123,0.1084,"4","pleckstrin homology domain containing, family F (with FYVE domain) member 2"
"Nap1l4",0.133143939051199,0.0728,"7","nucleosome assembly protein 1-like 4"
"Mrpl40",0.133102397072038,0.2276,"16","mitochondrial ribosomal protein L40"
"Def8",0.133100840759777,0.1132,"8","differentially expressed in FDCP 8"
"Adss",-0.133091945389562,0.3008,"1","adenylosuccinate synthetase, non muscle"
"Dhtkd1",0.133087146766602,0.7248,"2","dehydrogenase E1 and transketolase domain containing 1"
"Slc25a26",0.132986020480309,0.4296,"6","solute carrier family 25 (mitochondrial carrier, phosphate carrier), member 26"
"Psmb1",0.132981979291078,0.338,"17","proteasome (prosome, macropain) subunit, beta type 1"
"Zfp524",0.132975563955842,0.578,"7","zinc finger protein 524"
"Dhps",0.132965908241748,0.3024,"8","deoxyhypusine synthase"
"Stac2",0.132930022759832,0.5288,"11","SH3 and cysteine rich domain 2"
"Mrm3",0.13290824541506,0.4336,"11","mitochondrial rRNA methyltransferase 3"
"Pkd2l2",-0.132873154829261,0.8932,"18","polycystic kidney disease 2-like 2"
"Ddx25",0.132840589397096,0.3064,"9","DEAD box helicase 25"
"Fam171b",-0.132829868826667,0.5368,"2","family with sequence similarity 171, member B"
"Tars2",0.132813908161347,0.268,"3","threonyl-tRNA synthetase 2, mitochondrial (putative)"
"Ggact",0.132800673370323,0.5744,"14","gamma-glutamylamine cyclotransferase"
"Epb41l4aos",0.132787320842314,0.7464,"18","erythrocyte membrane protein band 4.1 like 4a, opposite strand"
"Zfp369",-0.13274592547278,0.8124,"13","zinc finger protein 369"
"Vars",0.132738439236023,0.634,"17","valyl-tRNA synthetase"
"Cox7a2l",0.132733081441487,0.6472,"17","cytochrome c oxidase subunit 7A2 like"
"Lta4h",-0.132730728483475,0.0056,"10","leukotriene A4 hydrolase"
"Msi2",-0.132669120310714,0.2332,"11","musashi RNA-binding protein 2"
"Erlin1",-0.132656444561609,0.6056,"19","ER lipid raft associated 1"
"Tmod2",-0.132579128177859,0.376,"9","tropomodulin 2"
"Mrpl58",0.132568615722425,0.6132,"11","mitochondrial ribosomal protein L58"
"Rin1",0.13254114018488,0.332,"19","Ras and Rab interactor 1"
"Erlec1",-0.13250736210055,0.5256,"11","endoplasmic reticulum lectin 1"
"Jak1",-0.132505504667125,0.628,"4","Janus kinase 1"
"Sp1",-0.132501890161097,0.3588,"15","trans-acting transcription factor 1"
"Dnajc1",-0.132481739934975,0.3784,"2","DnaJ heat shock protein family (Hsp40) member C1"
"Adgre5",-0.132472941785542,0.6604,"8","adhesion G protein-coupled receptor E5"
"Shld1",0.132442705783944,0.5032,"2","shieldin complex subunit 1"
"Clock",-0.132433880240945,0.5876,"5","circadian locomotor output cycles kaput"
"Hmgn1",0.132433336665485,0.3284,"16","high mobility group nucleosomal binding domain 1"
"Smim26",0.132415315973886,0.58,"2","small integral membrane protein 26"
"Zfp626",0.132400615857405,0.524,"7","zinc finger protein 626"
"Taf4",-0.132375031135936,0.432,"2","TATA-box binding protein associated factor 4"
"Stk32c",0.132368866779684,0.1344,"7","serine/threonine kinase 32C"
"Arfgef1",-0.132356157333074,0.5952,"1","ADP-ribosylation factor guanine nucleotide-exchange factor 1(brefeldin A-inhibited)"
"Fam91a1",-0.132354106926924,0.494,"15","family with sequence similarity 91, member A1"
"Ptchd1",-0.132318928638515,0.3928,"X","patched domain containing 1"
"Csnk1a1",-0.132309003068881,0.4728,"18","casein kinase 1, alpha 1"
"Mtor",-0.13226254332001,0.4264,"4","mechanistic target of rapamycin kinase"
"Asb3",-0.132257938988863,0.4424,"11","ankyrin repeat and SOCS box-containing 3"
"Itpka",0.132225803877473,0.694,"2","inositol 1,4,5-trisphosphate 3-kinase A"
"U2af1l4",0.132216888840349,0.5564,"7","U2 small nuclear RNA auxiliary factor 1-like 4"
"Htr7",0.132216508311414,0.4884,"19","5-hydroxytryptamine (serotonin) receptor 7"
"Prrt1",-0.132187014533812,0.5228,"17","proline-rich transmembrane protein 1"
"Utp20",-0.132180024492677,0.5288,"10","UTP20 small subunit processome component"
"Usp13",-0.132152272915538,0.6136,"3","ubiquitin specific peptidase 13 (isopeptidase T-3)"
"Pnpla7",0.132122492997529,0.3856,"2","patatin-like phospholipase domain containing 7"
"Trp53inp2",0.132090093810024,0.6008,"2","transformation related protein 53 inducible nuclear protein 2"
"Hnrnpk",-0.132071831215799,0.7204,"13","heterogeneous nuclear ribonucleoprotein K"
"Hnrnpd",-0.13203193388776,0.2372,"5","heterogeneous nuclear ribonucleoprotein D"
"Eno1",0.132025544714239,0.6268,"4","enolase 1, alpha non-neuron"
"Sucla2",-0.132025419268103,0.6096,"14","succinate-Coenzyme A ligase, ADP-forming, beta subunit"
"Rnf126",0.132017127974142,0.6472,"10","ring finger protein 126"
"Foxj1",0.131989255121352,0.5584,"11","forkhead box J1"
"Zfp959",-0.131984134799958,0.3912,"17","zinc finger protein 959"
"Mrto4",0.131954921400169,0.4548,"4","mRNA turnover 4, ribosome maturation factor"
"D430019H16Rik",0.131939799889284,0.5868,"12","RIKEN cDNA D430019H16 gene"
"Wscd1",0.131924737468027,0.3548,"11","WSC domain containing 1"
"Edrf1",0.131915742211328,0.3628,"7","erythroid differentiation regulatory factor 1"
"Tmod3",-0.131905766526075,0.2736,"9","tropomodulin 3"
"Ap2m1",0.131896620095919,0.3736,"16","adaptor-related protein complex 2, mu 1 subunit"
"Agpat4",0.131891952720955,0.4208,"17","1-acylglycerol-3-phosphate O-acyltransferase 4 (lysophosphatidic acid acyltransferase, delta)"
"Dld",-0.131883117531159,0.4816,"12","dihydrolipoamide dehydrogenase"
"Pspc1",-0.131873850394686,0.9312,"14","paraspeckle protein 1"
"Lamp2",-0.13186421247235,0.5616,"X","lysosomal-associated membrane protein 2"
"Zfhx2",-0.131840803897182,0.5136,"14","zinc finger homeobox 2"
"Ntan1",0.131831665067283,0.3224,"16","N-terminal Asn amidase"
"Tmem125",0.131783697446568,0.586,"4","transmembrane protein 125"
"Zcchc7",-0.131780797501526,0.6212,"4","zinc finger, CCHC domain containing 7"
"Col6a4",0.13177007457026,0.7548,"9","collagen, type VI, alpha 4"
"Ttll4",-0.131762583445627,0.5744,"1","tubulin tyrosine ligase-like family, member 4"
"Timm17b",0.131748527761095,0.5824,"X","translocase of inner mitochondrial membrane 17b"
"Mindy2",-0.131734052197751,0.1956,"9","MINDY lysine 48 deubiquitinase 2"
"Psmd11",-0.131719565912825,0.6304,"11","proteasome (prosome, macropain) 26S subunit, non-ATPase, 11"
"Rab3d",0.131710232892776,0.0968,"9","RAB3D, member RAS oncogene family"
"Krtcap3",-0.13170972049525,0.6172,"5","keratinocyte associated protein 3"
"Npm3",0.131705324800489,0.6056,"19","nucleoplasmin 3"
"Xrcc3",0.131699057035079,0.4204,"12","X-ray repair complementing defective repair in Chinese hamster cells 3"
"Egr2",-0.131676001604347,0.8108,"10","early growth response 2"
"Eif4a2",-0.131666590014428,0.6804,"16","eukaryotic translation initiation factor 4A2"
"Ppp1cb",-0.131650247546229,0.92,"5","protein phosphatase 1 catalytic subunit beta"
"Nde1",0.13164587281352,0.4636,"16","nudE neurodevelopment protein 1"
"Cnot2",-0.131620415964601,0.312,"10","CCR4-NOT transcription complex, subunit 2"
"Ywhaz",-0.131574730017267,0.442,"15","tyrosine 3-monooxygenase/tryptophan 5-monooxygenase activation protein, zeta polypeptide"
"Rapgef6",-0.131492102685006,0.6436,"11","Rap guanine nucleotide exchange factor (GEF) 6"
"Rtf1",-0.131438119462755,0.0348,"2","RTF1, Paf1/RNA polymerase II complex component"
"Zfr",-0.131434556221249,0.2244,"15","zinc finger RNA binding protein"
"Pbdc1",-0.1313741165901,0.3572,"X","polysaccharide biosynthesis domain containing 1"
"Adarb1",0.131350173743437,0.238,"10","adenosine deaminase, RNA-specific, B1"
"Ralgps1",-0.131287914120389,0.612,"2","Ral GEF with PH domain and SH3 binding motif 1"
"Trerf1",-0.131270027227337,0.2236,"17","transcriptional regulating factor 1"
"Itpr2",-0.131236882498307,0.3132,"6","inositol 1,4,5-triphosphate receptor 2"
"Puf60",0.131170334243523,0.5052,"15","poly-U binding splicing factor 60"
"Gabrd",0.131153455381658,0.6112,"4","gamma-aminobutyric acid (GABA) A receptor, subunit delta"
"Alyref2",-0.131080005760774,0.3924,"1","Aly/REF export factor 2"
"Tafa2",0.131070344295247,0.4888,"10","TAFA chemokine like family member 2"
"Itpr1",-0.131018738687033,0.5816,"6","inositol 1,4,5-trisphosphate receptor 1"
"Zfp110",-0.131017644433459,0.2824,"7","zinc finger protein 110"
"Mfap2",-0.130991189524509,0.4816,"4","microfibrillar-associated protein 2"
"Cul9",0.130983564530085,0.4356,"17","cullin 9"
"Aopep",0.130969681009314,0.35,"13","aminopeptidase O"
"Wrap73",0.130963073011802,0.1608,"4","WD repeat containing, antisense to Trp73"
"Pnpla3",-0.130948354221418,0.7608,"15","patatin-like phospholipase domain containing 3"
"Psmc3",0.13093896180629,0.4144,"2","proteasome (prosome, macropain) 26S subunit, ATPase 3"
"Got2",0.130921748073625,0.3768,"8","glutamatic-oxaloacetic transaminase 2, mitochondrial"
"Mtmr4",-0.130860922494118,0.3468,"11","myotubularin related protein 4"
"Cnep1r1",-0.130847768057329,0.3604,"8","CTD nuclear envelope phosphatase 1 regulatory subunit 1"
"Efr3b",0.130844655132781,0.4004,"12","EFR3 homolog B"
"Lims1",-0.130827289159219,0.5824,"10","LIM and senescent cell antigen-like domains 1"
"Tmem267",-0.130801972676933,0.5288,"13","transmembrane protein 267"
"Hpca",0.130800379829667,0.6284,"4","hippocalcin"
"Sec63",-0.130786989437019,0.0392,"10","SEC63-like (S. cerevisiae)"
"Hps4",0.130773881295648,0.4856,"5","HPS4, biogenesis of lysosomal organelles complex 3 subunit 2"
"Gpr19",0.13075671497503,0.498,"6","G protein-coupled receptor 19"
"Cldn11",0.130753078800769,0.48,"3","claudin 11"
"Tmem151a",0.130740007932667,0.6024,"19","transmembrane protein 151A"
"Nucb2",-0.130703472237045,0.1048,"7","nucleobindin 2"
"Marchf4",-0.130661283952788,0.3668,"1","membrane associated ring-CH-type finger 4"
"Smpd4",-0.130659556639284,0.7212,"16","sphingomyelin phosphodiesterase 4"
"Polr3h",0.130643392049704,0.5644,"15","polymerase (RNA) III (DNA directed) polypeptide H"
"Zfp141",-0.130627143431494,0.3824,"7","zinc finger protein 141"
"Adcy5",0.130613312652804,0.2992,"16","adenylate cyclase 5"
"Pex12",-0.130596218185234,0.0832,"11","peroxisomal biogenesis factor 12"
"Sfxn5",0.130568827552489,0.6348,"6","sideroflexin 5"
"Yes1",-0.13055383090453,0.2432,"5","YES proto-oncogene 1, Src family tyrosine kinase"
"Tmem238",0.130543934777218,0.7288,"7","transmembrane protein 238"
"Commd5",0.130499691596782,0.476,"15","COMM domain containing 5"
"Klhl22",0.130491328876385,0.0452,"16","kelch-like 22"
"Unc93b1",-0.130489874299598,0.7228,"19","unc-93 homolog B1, TLR signaling regulator"
"Tmem86a",0.130438717963571,0.4268,"7","transmembrane protein 86A"
"Bin1",0.13042241545436,0.722,"18","bridging integrator 1"
"Zfp560",-0.13040137961405,0.3572,"9","zinc finger protein 560"
"Pdgfrb",-0.130396133417593,0.4604,"18","platelet derived growth factor receptor, beta polypeptide"
"Fam210a",-0.130381408204165,0.2684,"18","family with sequence similarity 210, member A"
"Pcnp",-0.130369022445149,0.4116,"16","PEST proteolytic signal containing nuclear protein"
"Snrpa",0.130287339697492,0.6404,"7","small nuclear ribonucleoprotein polypeptide A"
"P4ha2",-0.130226769742427,0.5836,"11","procollagen-proline, 2-oxoglutarate 4-dioxygenase (proline 4-hydroxylase), alpha II polypeptide"
"Nlk",-0.130223632377533,0.1752,"11","nemo like kinase"
"Armc9",-0.130167217474018,0.084,"1","armadillo repeat containing 9"
"Eif3d",0.130137452876051,0.546,"15","eukaryotic translation initiation factor 3, subunit D"
"Zfp395",-0.130133824813974,0.298,"14","zinc finger protein 395"
"Dock3",-0.130129081258769,0.4864,"9","dedicator of cyto-kinesis 3"
"Prkar1b",0.130123863097671,0.4864,"5","protein kinase, cAMP dependent regulatory, type I beta"
"Alms1",-0.130086940176815,0.5536,"6","ALMS1, centrosome and basal body associated"
"Rbm48",-0.130060691952486,0.4052,"5","RNA binding motif protein 48"
"Hspa4",-0.130058277495345,0.5256,"11","heat shock protein 4"
"Psmg1",-0.130050429463927,0.3892,"16","proteasome (prosome, macropain) assembly chaperone 1"
"Tex9",-0.130019172285637,0.474,"9","testis expressed gene 9"
"Abraxas2",-0.129999382625855,0.5308,"7","BRISC complex subunit"
"Gucy2g",0.129968088872333,0.4748,"19","guanylate cyclase 2g"
"Grk5",-0.129938851529225,0.2828,"19","G protein-coupled receptor kinase 5"
"Ipp",-0.12993217805219,0.708,"4","IAP promoted placental gene"
"Tspan31",0.129880867033878,0.5396,"10","tetraspanin 31"
"Pick1",0.129873925442681,0.2568,"15","protein interacting with C kinase 1"
"Tap2",-0.129867954721,0.316,"17","transporter 2, ATP-binding cassette, sub-family B (MDR/TAP)"
"Rabep2",0.129828135587984,0.4592,"7","rabaptin, RAB GTPase binding effector protein 2"
"Lrp3",0.129765872110148,0.166,"7","low density lipoprotein receptor-related protein 3"
"Igsf21",0.129739604328217,0.5544,"4","immunoglobulin superfamily, member 21"
"Zfp267",-0.129701671103042,0.3308,"3","zinc finger protein 267"
"Clta",0.129685109735995,0.6156,"4","clathrin, light polypeptide (Lca)"
"Gmpr",0.129683695196253,0.5668,"13","guanosine monophosphate reductase"
"Grk2",0.129683102915756,0.5248,"19","G protein-coupled receptor kinase 2"
"Itm2c",0.129680182791736,0.3632,"1","integral membrane protein 2C"
"Emb",-0.129668100917506,0.5828,"13","embigin"
"Krba1",0.129647989527641,0.4112,"6","KRAB-A domain containing 1"
"Pes1",0.129612249200507,0.0944,"11","pescadillo ribosomal biogenesis factor 1"
"Cryz",0.12959186113476,0.314,"3","crystallin, zeta"
"Ccdc90b",-0.129546489754905,0.1308,"7","coiled-coil domain containing 90B"
"Cdk5",0.129544562529556,0.4596,"5","cyclin-dependent kinase 5"
"Galntl6",-0.12954293615886,0.5748,"8","UDP-N-acetyl-alpha-D-galactosamine:polypeptide N-acetylgalactosaminyltransferase-like 6"
"Kcnj11",0.12949322034037,0.3792,"7","potassium inwardly rectifying channel, subfamily J, member 11"
"Spcs2",-0.129482275139091,0.4368,"7","signal peptidase complex subunit 2 homolog (S. cerevisiae)"
"Rnaseh2a",0.129451530693144,0.6268,"8","ribonuclease H2, large subunit"
"Bcar1",0.129434738251877,0.1204,"8","breast cancer anti-estrogen resistance 1"
"Brd3",-0.129427840559738,0.3072,"2","bromodomain containing 3"
"Prkaa2",-0.129380876560655,0.5364,"4","protein kinase, AMP-activated, alpha 2 catalytic subunit"
"Lingo1",0.129365603041414,0.2276,"9","leucine rich repeat and Ig domain containing 1"
"Mrfap1",0.12931449917843,0.1824,"5","Morf4 family associated protein 1"
"Brsk2",0.129304707708189,0.1032,"7","BR serine/threonine kinase 2"
"Plod2",-0.129215473704621,0.7092,"9","procollagen lysine, 2-oxoglutarate 5-dioxygenase 2"
"Sorbs1",-0.129174782227882,0.2984,"19","sorbin and SH3 domain containing 1"
"5031425E22Rik",0.129135416774597,0.2028,"5","RIKEN cDNA 5031425E22 gene"
"Mb21d2",0.129122140571253,0.1916,"16","Mab-21 domain containing 2"
"Tnfaip6",-0.129096212747274,0.5248,"2","tumor necrosis factor alpha induced protein 6"
"Tmed4",0.129086152379542,0.0516,"11","transmembrane p24 trafficking protein 4"
"Cand1",-0.129064430293809,0.5572,"10","cullin associated and neddylation disassociated 1"
"Nudt17",0.129055412245279,0.5452,"3","nudix (nucleoside diphosphate linked moiety X)-type motif 17"
"Syt14",-0.129053236174102,0.6852,"1","synaptotagmin XIV"
"Rpa1",0.129051286632456,0.1672,"11","replication protein A1"
"Sav1",-0.129040104750572,0.1688,"12","salvador family WW domain containing 1"
"Magt1",-0.129019886735815,0.2668,"X","magnesium transporter 1"
"Slc5a6",0.129006292114497,0.3024,"5","solute carrier family 5 (sodium-dependent vitamin transporter), member 6"
"Frmd8",0.129001864500351,0.536,"19","FERM domain containing 8"
"B3galt5",0.12892101584815,0.0532,"16","UDP-Gal:betaGlcNAc beta 1,3-galactosyltransferase, polypeptide 5"
"Garem1",-0.128875327798076,0.7528,"18","GRB2 associated regulator of MAPK1 subtype 1"
"Agk",-0.128872721079141,0.8152,"6","acylglycerol kinase"
"Cxadr",-0.128826361306731,0.5148,"16","coxsackie virus and adenovirus receptor"
"Tnk2",0.128809672722388,0.51,"16","tyrosine kinase, non-receptor, 2"
"Arfgap3",0.128800477771631,0.2984,"15","ADP-ribosylation factor GTPase activating protein 3"
"Abca2",0.128764063284999,0.3572,"2","ATP-binding cassette, sub-family A (ABC1), member 2"
"Suv39h2",-0.128735553724615,0.3524,"2","suppressor of variegation 3-9 2"
"Slc24a5",-0.128702723943419,0.6836,"2","solute carrier family 24, member 5"
"Shroom3",0.128665698572413,0.5916,"5","shroom family member 3"
"Nedd4l",-0.128640284321259,0.2996,"18","neural precursor cell expressed, developmentally down-regulated gene 4-like"
"Cdyl",-0.128615972894976,0.5236,"13","chromodomain protein, Y chromosome-like"
"Abcc5",-0.128601266382125,0.4448,"16","ATP-binding cassette, sub-family C (CFTR/MRP), member 5"
"Aldoa",0.128539262910428,0.4616,"7","aldolase A, fructose-bisphosphate"
"Dnajc17",0.128535212590152,0.5668,"2","DnaJ heat shock protein family (Hsp40) member C17"
"Azin1",-0.12850932078141,0.7364,"15","antizyme inhibitor 1"
"Snx3",-0.128460421845116,0.4676,"10","sorting nexin 3"
"Csnk1g1",-0.128460245330243,0.4744,"9","casein kinase 1, gamma 1"
"Siah1b",-0.128454049458947,0.3392,"X","siah E3 ubiquitin protein ligase 1B"
"Mtdh",-0.128420478951437,0.528,"15","metadherin"
"8030462N17Rik",-0.128415932648257,0.5576,"18","RIKEN cDNA 8030462N17 gene"
"Gm9866",0.128403236953988,0.3,"12","predicted gene 9866"
"Gm9866",0.128403236953988,0.3,"12","predicted gene 9866"
"Ndufaf2",0.128349590526935,0.5392,"13","NADH:ubiquinone oxidoreductase complex assembly factor 2"
"Blvra",0.12831708534857,0.1952,"2","biliverdin reductase A"
"Tyw5",-0.128306733949665,0.3436,"1","tRNA-yW synthesizing protein 5"
"Itpkc",0.128279727832021,0.2548,"7","inositol 1,4,5-trisphosphate 3-kinase C"
"Pla2g12a",0.128269734568799,0.3604,"3","phospholipase A2, group XIIA"
"Fam219aos",0.1282600859114,0.4808,"4","family with sequence similarity 219, member A, opposite strand"
"Smcr8",-0.128231811798739,0.6132,"11","Smith-Magenis syndrome chromosome region, candidate 8 homolog (human)"
"Pigh",-0.128198981737309,0.624,"12","phosphatidylinositol glycan anchor biosynthesis, class H"
"Kirrel",0.128194915256339,0.5736,"3","kirre like nephrin family adhesion molecule 1"
"Sephs2",0.128188836745382,0.1276,"7","selenophosphate synthetase 2"
"Bex4",-0.128177513098933,0.5112,"X","brain expressed X-linked 4"
"Akt1",0.128132355164922,0.5332,"12","thymoma viral proto-oncogene 1"
"Ap1g1",-0.12813209806746,0.5236,"8","adaptor protein complex AP-1, gamma 1 subunit"
"Zic4",0.128122546429414,0.6808,"9","zinc finger protein of the cerebellum 4"
"Dalrd3",0.128108185148648,0.3004,"9","DALR anticodon binding domain containing 3"
"Dag1",-0.128097080766811,0.5376,"9","dystroglycan 1"
"Trim45",0.12808039079602,0.1888,"3","tripartite motif-containing 45"
"Haus3",0.128077054857996,0.3696,"5","HAUS augmin-like complex, subunit 3"
"Flt3l",0.128043345506485,0.6144,"7","FMS-like tyrosine kinase 3 ligand"
"Ptgds",0.128039355024113,0.6804,"2","prostaglandin D2 synthase (brain)"
"Mapk7",0.128036723501723,0.3976,"11","mitogen-activated protein kinase 7"
"Cnksr3",-0.12801713799928,0.3732,"10","Cnksr family member 3"
"Mmd2",0.128011369633308,0.3312,"5","monocyte to macrophage differentiation-associated 2"
"Atl2",-0.128011032137543,0.448,"17","atlastin GTPase 2"
"Cog1",-0.128005524099078,0.5824,"11","component of oligomeric golgi complex 1"
"Galk2",0.128000992988915,0.412,"2","galactokinase 2"
"Ugp2",-0.127966563800019,0.3772,"11","UDP-glucose pyrophosphorylase 2"
"Zbtb7b",0.127935187015665,0.212,"3","zinc finger and BTB domain containing 7B"
"Stx1a",0.127900581730393,0.4744,"5","syntaxin 1A (brain)"
"Ppm1e",-0.127815525527526,0.5644,"11","protein phosphatase 1E (PP2C domain containing)"
"Nyap1",0.127780401888043,0.144,"5","neuronal tyrosine-phosphorylated phosphoinositide 3-kinase adaptor 1"
"Zfp638",-0.12777832365104,0.5268,"6","zinc finger protein 638"
"Cdkn2aip",-0.127739586820685,0.7232,"8","CDKN2A interacting protein"
"Smim10l1",-0.12773111548991,0.21,"6","small integral membrane protein 10 like 1"
"Ppp4r4",-0.127721265732055,0.484,"12","protein phosphatase 4, regulatory subunit 4"
"Rtca",0.127715257291538,0.3636,"3","RNA 3'-terminal phosphate cyclase"
"Nanos1",0.127703851778546,0.2956,"19","nanos C2HC-type zinc finger 1"
"Ranbp17",0.127688345041082,0.3368,"11","RAN binding protein 17"
"Gps1",0.127683010828127,0.2536,"11","G protein pathway suppressor 1"
"Polq",0.127674949259941,0.8224,"16","polymerase (DNA directed), theta"
"Selenos",-0.127674818411659,0.2736,"7","selenoprotein S"
"Mon1a",0.127602609842485,0.6696,"9","MON1 homolog A, secretory traffciking associated"
"Dnajb6",-0.127586648771588,0.6496,"5","DnaJ heat shock protein family (Hsp40) member B6"
"Cpm",0.127578200233787,0.4312,"10","carboxypeptidase M"
"Slc12a9",0.127539426935598,0.5168,"5","solute carrier family 12 (potassium/chloride transporters), member 9"
"Opa1",-0.127529018149601,0.5352,"16","OPA1, mitochondrial dynamin like GTPase"
"Zbtb11os1",0.127525871211372,0.5516,"16","zinc finger and BTB domain containing 11, opposite strand 1"
"Pphln1",-0.127501514126737,0.4252,"15","periphilin 1"
"Ccdc85a",-0.127469333537462,0.7064,"11","coiled-coil domain containing 85A"
"E130102H24Rik",0.127444996522837,0.5776,"4","RIKEN cDNA E130102H24 gene"
"Arap3",-0.127412983820606,0.6292,"18","ArfGAP with RhoGAP domain, ankyrin repeat and PH domain 3"
"Efnb3",0.127395674034783,0.2568,"11","ephrin B3"
"Ctnna1",-0.127361354852762,0.1996,"18","catenin (cadherin associated protein), alpha 1"
"Slc9a3r1",0.127328711703226,0.5864,"11","solute carrier family 9 (sodium/hydrogen exchanger), member 3 regulator 1"
"Mapk11",0.127321701594308,0.5268,"15","mitogen-activated protein kinase 11"
"Brpf3",-0.127318785358279,0.0596,"17","bromodomain and PHD finger containing, 3"
"Amot",-0.127310832757835,0.3188,"X","angiomotin"
"Ephb6",0.127274214173303,0.222,"6","Eph receptor B6"
"Sobp",-0.127270929780723,0.0668,"10","sine oculis binding protein"
"Clip2",0.127260649679384,0.5356,"5","CAP-GLY domain containing linker protein 2"
"Rgs5",-0.127253095342041,0.7064,"1","regulator of G-protein signaling 5"
"Gmppb",0.127227437380272,0.16,"9","GDP-mannose pyrophosphorylase B"
"Zfp623",0.127206493604997,0.1796,"15","zinc finger protein 623"
"Srrm4",-0.127204542380063,0.5068,"5","serine/arginine repetitive matrix 4"
"Chn2",-0.127193538267286,0.4912,"6","chimerin 2"
"Ppp4r2",-0.127169067061537,0.7264,"6","protein phosphatase 4, regulatory subunit 2"
"Olfml1",-0.127126531835561,0.4832,"7","olfactomedin-like 1"
"Frmpd4",-0.127095234234062,0.7564,"X","FERM and PDZ domain containing 4"
"Kcnq5",-0.127093934998449,0.5708,"1","potassium voltage-gated channel, subfamily Q, member 5"
"Serinc2",-0.127082640267722,0.4668,"4","serine incorporator 2"
"Slc25a35",-0.127066181380842,0.5864,"11","solute carrier family 25, member 35"
"Inafm1",0.127037302659908,0.5132,"7","InaF motif containing 1"
"Cnot7",-0.127031836331875,0.6948,"8","CCR4-NOT transcription complex, subunit 7"
"Nob1",0.126999383880576,0.3488,"8","NIN1/RPN12 binding protein 1 homolog"
"Pced1b",0.126966405465074,0.648,"15","PC-esterase domain containing 1B"
"Dck",-0.126960644034944,0.768,"5","deoxycytidine kinase"
"Kpna3",-0.126938916430443,0.6672,"14","karyopherin (importin) alpha 3"
"Add3",-0.126918195158748,0.1232,"19","adducin 3 (gamma)"
"Pcolce2",0.126906788342721,0.1936,"9","procollagen C-endopeptidase enhancer 2"
"Car2",-0.126895517615444,0.5704,"3","carbonic anhydrase 2"
"Mto1",0.126892933172988,0.0684,"9","mitochondrial tRNA translation optimization 1"
"Vps33b",-0.126863320017574,0.652,"7","vacuolar protein sorting 33B"
"Ndufv2",0.126829222885835,0.45,"17","NADH:ubiquinone oxidoreductase core subunit V2"
"Nt5c3b",0.126804749520765,0.4124,"11","5'-nucleotidase, cytosolic IIIB"
"Caln1",-0.126790722665153,0.8908,"5","calneuron 1"
"Man2c1",0.126783020867411,0.6372,"9","mannosidase, alpha, class 2C, member 1"
"Spry1",-0.126775025208862,0.4216,"3","sprouty RTK signaling antagonist 1"
"Dtwd1",-0.126742645541759,0.4612,"2","DTW domain containing 1"
"Impdh2",0.126702096044171,0.3056,"9","inosine monophosphate dehydrogenase 2"
"Wdr37",-0.126681567457352,0.5524,"13","WD repeat domain 37"
"Srbd1",-0.126672495104163,0.292,"17","S1 RNA binding domain 1"
"Bicd2",-0.126642705257864,0.1816,"13","BICD cargo adaptor 2"
"Arx",-0.126627612423181,0.274,"X","aristaless related homeobox"
"Hdac10",0.126627153560023,0.5748,"15","histone deacetylase 10"
"Samm50",0.126591815472897,0.2844,"15","SAMM50 sorting and assembly machinery component"
"Ccdc73",-0.126588365923986,0.5572,"2","coiled-coil domain containing 73"
"Chpt1",-0.126576059188324,0.3376,"10","choline phosphotransferase 1"
"Zc3h11a",-0.126574519211129,0.766,"1","zinc finger CCCH type containing 11A"
"Gigyf2",-0.126513461950466,0.554,"1","GRB10 interacting GYF protein 2"
"Eif2b5",0.126512874501162,0.5576,"16","eukaryotic translation initiation factor 2B, subunit 5 epsilon"
"Caml",0.126489636166038,0.0652,"13","calcium modulating ligand"
"Pin4",0.126465721821982,0.5908,"X","peptidyl-prolyl cis/trans isomerase, NIMA-interacting, 4 (parvulin)"
"Flad1",0.126385758928296,0.2272,"3","flavin adenine dinucleotide synthetase 1"
"Zmat5",0.126369818400424,0.6044,"11","zinc finger, matrin type 5"
"Swap70",-0.12631332651788,0.5416,"7","SWA-70 protein"
"Parp8",-0.126303404863407,0.3024,"13","poly (ADP-ribose) polymerase family, member 8"
"Slc25a44",0.12630165200803,0.0144,"3","solute carrier family 25, member 44"
"Nampt",-0.126300423741918,0.5944,"12","nicotinamide phosphoribosyltransferase"
"Asb8",0.126292504503406,0.0412,"15","ankyrin repeat and SOCS box-containing 8"
"Exoc8",0.126190428626596,0.124,"8","exocyst complex component 8"
"2810021J22Rik",-0.126139053327705,0.5084,"11","RIKEN cDNA 2810021J22 gene"
"Pdik1l",-0.126122444155834,0.4696,"4","PDLIM1 interacting kinase 1 like"
"Noc4l",0.126094968263453,0.24,"5","NOC4 like"
"Kif2a",-0.126029916453473,0.5496,"13","kinesin family member 2A"
"Wtap",-0.126019968716838,0.868,"17","WT1 associating protein"
"Zfp646",-0.125939293902324,0.4736,"7","zinc finger protein 646"
"Pcif1",0.12591987659733,0.4212,"2","phosphorylated CTD interacting factor 1"
"Tbc1d20",0.125910367679687,0.322,"2","TBC1 domain family, member 20"
"Usp31",-0.125909511264044,0.5568,"7","ubiquitin specific peptidase 31"
"Tmem101",0.125894746918863,0.5248,"11","transmembrane protein 101"
"Pno1",0.1258827526698,0.3784,"11","partner of NOB1 homolog"
"Usf1",0.125879279949395,0.6336,"1","upstream transcription factor 1"
"Rdh11",-0.125878927253599,0.3892,"12","retinol dehydrogenase 11"
"Sh3bgrl2",-0.125875371894962,0.6092,"9","SH3 domain binding glutamic acid-rich protein like 2"
"Golph3l",-0.125826812212181,0.5708,"3","golgi phosphoprotein 3-like"
"Csnk2b",0.125821086031792,0.534,"17","casein kinase 2, beta polypeptide"
"Xndc1",0.125724441638926,0.6304,"7","Xrcc1 N-terminal domain containing 1"
"Arf5",0.125701286805015,0.7288,"6","ADP-ribosylation factor 5"
"Cdv3",0.125692977472736,0.0356,"9","carnitine deficiency-associated gene expressed in ventricle 3"
"Prpf3",-0.125661536999926,0.1652,"3","pre-mRNA processing factor 3"
"Terf2ip",-0.125649685518921,0.1608,"8","telomeric repeat binding factor 2, interacting protein"
"Gprasp1",-0.125641721383005,0.3212,"X","G protein-coupled receptor associated sorting protein 1"
"Slc26a2",-0.125614780595545,0.8232,"18","solute carrier family 26 (sulfate transporter), member 2"
"Lsm12",-0.125613933020428,0.1232,"11","LSM12 homolog"
"Syde2",0.125602664085136,0.5428,"3","synapse defective 1, Rho GTPase, homolog 2 (C. elegans)"
"Ercc2",0.125580451152151,0.4932,"7","excision repair cross-complementing rodent repair deficiency, complementation group 2"
"Mapk8ip2",0.125568065380388,0.194,"15","mitogen-activated protein kinase 8 interacting protein 2"
"Ppp2r3a",-0.125549677735981,0.3424,"9","protein phosphatase 2, regulatory subunit B'', alpha"
"Ikzf5",-0.12550311060449,0.6728,"7","IKAROS family zinc finger 5"
"Cul4b",-0.125483228039952,0.6848,"X","cullin 4B"
"Mcm9",0.125465274334146,0.3424,"10","minichromosome maintenance 9 homologous recombination repair factor"
"Aloxe3",0.125446811972923,0.4672,"11","arachidonate lipoxygenase 3"
"Pfkfb3",-0.125442899331496,0.1184,"2","6-phosphofructo-2-kinase/fructose-2,6-biphosphatase 3"
"Atad5",-0.125428491412932,0.6284,"11","ATPase family, AAA domain containing 5"
"Colec12",-0.125420123987597,0.8544,"18","collectin sub-family member 12"
"Supt20",-0.125411639714323,0.3432,"3","SPT20 SAGA complex component"
"Setd1b",-0.125408320255815,0.424,"5","SET domain containing 1B"
"R3hcc1",0.125392909020651,0.6204,"14","R3H domain and coiled-coil containing 1"
"Tnip2",0.125374845371202,0.5004,"5","TNFAIP3 interacting protein 2"
"Itgb4",0.125352045956628,0.6076,"11","integrin beta 4"
"Morf4l2",-0.125305867717853,0.628,"X","mortality factor 4 like 2"
"Rbbp9",-0.125299398288079,0.4632,"2","retinoblastoma binding protein 9, serine hydrolase"
"Wdhd1",0.125234007545737,0.5752,"14","WD repeat and HMG-box DNA binding protein 1"
"1500009L16Rik",0.12522879334757,0.2824,"10","RIKEN cDNA 1500009L16 gene"
"Rab18",-0.125212255138497,0.7604,"18","RAB18, member RAS oncogene family"
"Doc2b",-0.125207351492903,0.316,"11","double C2, beta"
"Stox2",-0.125195721118604,0.4652,"8","storkhead box 2"
"Jam2",-0.125041155948974,0.2076,"16","junction adhesion molecule 2"
"Chd6",-0.125027685891626,0.5676,"2","chromodomain helicase DNA binding protein 6"
"Adam22",-0.124991909414669,0.41,"5","a disintegrin and metallopeptidase domain 22"
"Cfap74",0.124983183697969,0.568,"4","cilia and flagella associated protein 74"
"Leprot",0.124971050799237,0.2248,"4","leptin receptor overlapping transcript"
"Stmn3",0.124915912962425,0.592,"2","stathmin-like 3"
"Lamc1",-0.124912566433991,0.6116,"1","laminin, gamma 1"
"Cpe",0.124893466041723,0.2672,"8","carboxypeptidase E"
"Ppp2r1a",0.124888539111994,0.5128,"17","protein phosphatase 2, regulatory subunit A, alpha"
"Nbeal2",0.124858005160829,0.644,"9","neurobeachin-like 2"
"Klf11",-0.124838268803014,0.3508,"12","Kruppel-like factor 11"
"Eid2",0.124837459555132,0.5456,"7","EP300 interacting inhibitor of differentiation 2"
"Dock11",-0.124816462654482,0.5184,"X","dedicator of cytokinesis 11"
"Kcng4",0.124807297414884,0.4372,"8","potassium voltage-gated channel, subfamily G, member 4"
"Sertad3",0.124759185169488,0.5968,"7","SERTA domain containing 3"
"Dnm1l",-0.124752133488989,0.394,"16","dynamin 1-like"
"Abhd14b",0.124750031788097,0.5768,"9","abhydrolase domain containing 14b"
"Dstyk",-0.124744645801438,0.69,"1","dual serine/threonine and tyrosine protein kinase"
"Metap1",-0.124735945345398,0.5492,"3","methionyl aminopeptidase 1"
"Rnf167",0.124735089927884,0.5408,"11","ring finger protein 167"
"Csgalnact1",-0.124661485736906,0.2096,"8","chondroitin sulfate N-acetylgalactosaminyltransferase 1"
"Smug1",0.124651583376863,0.1588,"15","single-strand selective monofunctional uracil DNA glycosylase"
"Smim18",0.124649893198509,0.762,"8","small integral membrane protein 18"
"Aldh1a1",0.124648387020112,0.6888,"19","aldehyde dehydrogenase family 1, subfamily A1"
"Aldh1a1",0.124648387020112,0.6888,"19","aldehyde dehydrogenase family 1, subfamily A1"
"Kcnk3",-0.124609324928553,0.4556,"5","potassium channel, subfamily K, member 3"
"Pxmp4",-0.124590398834691,0.3152,"2","peroxisomal membrane protein 4"
"C130071C03Rik",-0.124581366020958,0.648,"13","RIKEN cDNA C130071C03 gene"
"Yipf1",0.124578472263654,0.4404,"4","Yip1 domain family, member 1"
"Calm3",0.124572642435609,0.5236,"7","calmodulin 3"
"Inpp5k",0.124523102805606,0.116,"11","inositol polyphosphate 5-phosphatase K"
"Kdm3a",-0.124523091466437,0.7056,"6","lysine (K)-specific demethylase 3A"
"Mt1",0.124481107512118,0.74,"8","metallothionein 1"
"Vwa1",-0.124460768450492,0.5384,"4","von Willebrand factor A domain containing 1"
"D630003M21Rik",0.124438755026079,0.5148,"2","RIKEN cDNA D630003M21 gene"
"Bcat1",0.12442526905293,0.5404,"6","branched chain aminotransferase 1, cytosolic"
"Usp5",0.124391745112623,0,"6","ubiquitin specific peptidase 5 (isopeptidase T)"
"Adamts3",0.124360885929143,0.514,"5","a disintegrin-like and metallopeptidase (reprolysin type) with thrombospondin type 1 motif, 3"
"Nol7",0.124360078857927,0.4012,"13","nucleolar protein 7"
"Elp1",0.124318940565429,0.3432,"4","elongator complex protein 1"
"Ift52",0.124310037895265,0.1864,"2","intraflagellar transport 52"
"Plxna4",-0.124269447350756,0.4712,"6","plexin A4"
"Tnfrsf19",-0.124226052135734,0.204,"14","tumor necrosis factor receptor superfamily, member 19"
"Zfp428",0.12421234939298,0.6804,"7","zinc finger protein 428"
"Pou2f1",-0.124200833279782,0.5588,"1","POU domain, class 2, transcription factor 1"
"Rfx5",-0.124186229307936,0.5536,"3","regulatory factor X, 5 (influences HLA class II expression)"
"Gla",0.124166193934214,0.4376,"X","galactosidase, alpha"
"Sh3bp5",-0.124155224756134,0.6328,"14","SH3-domain binding protein 5 (BTK-associated)"
"Hsp90ab1",-0.124145918275145,0.1856,"17","heat shock protein 90 alpha (cytosolic), class B member 1"
"Git2",0.124114374128362,0.1364,"5","GIT ArfGAP 2"
"Pkib",0.12410109182844,0.44,"10","protein kinase inhibitor beta, cAMP dependent, testis specific"
"Lrwd1",0.124096084168035,0.4004,"5","leucine-rich repeats and WD repeat domain containing 1"
"Slc24a2",-0.124086962689404,0.6916,"4","solute carrier family 24 (sodium/potassium/calcium exchanger), member 2"
"Rdh13",0.124082044370065,0.23,"7","retinol dehydrogenase 13 (all-trans and 9-cis)"
"Hipk3",-0.124061850750042,0.5116,"2","homeodomain interacting protein kinase 3"
"Mmp24",0.124061595261847,0.1104,"2","matrix metallopeptidase 24"
"Fbxo4",-0.124035960640926,0.1792,"15","F-box protein 4"
"Golga1",-0.124011364551972,0.5124,"2","golgi autoantigen, golgin subfamily a, 1"
"Cpt1c",0.123989097807462,0.3604,"7","carnitine palmitoyltransferase 1c"
"Ctsl",-0.123951780056309,0.3868,"13","cathepsin L"
"Pou2f2",-0.123921357274078,0.6904,"7","POU domain, class 2, transcription factor 2"
"Faim2",0.123911541115808,0.264,"15","Fas apoptotic inhibitory molecule 2"
"Sar1a",0.123877217044018,0.1264,"10","secretion associated Ras related GTPase 1A"
"Il20rb",0.123874803346164,0.8044,"9","interleukin 20 receptor beta"
"Prdm2",-0.123833771312253,0.1204,"4","PR domain containing 2, with ZNF domain"
"Spa17",-0.123811652514799,0.7304,"9","sperm autoantigenic protein 17"
"Pacs1",0.123807481341052,0.4636,"19","phosphofurin acidic cluster sorting protein 1"
"Nog",-0.123735648755783,0.5248,"11","noggin"
"Maea",0.123723265186143,0.1484,"5","macrophage erythroblast attacher"
"Tmem63a",0.123700591596581,0.582,"1","transmembrane protein 63a"
"Zzz3",-0.123678285505816,0.0992,"3","zinc finger, ZZ domain containing 3"
"Hirip3",0.123673686588664,0.386,"7","HIRA interacting protein 3"
"Phactr2",-0.123673630937909,0.5604,"10","phosphatase and actin regulator 2"
"Med10",0.123611554436736,0.5468,"13","mediator complex subunit 10"
"Tsfm",0.123587992803941,0.3884,"10","Ts translation elongation factor, mitochondrial"
"Cflar",-0.123580502917236,0.1924,"1","CASP8 and FADD-like apoptosis regulator"
"Arih1",-0.123533632549266,0.5372,"9","ariadne RBR E3 ubiquitin protein ligase 1"
"Rmnd5b",0.1235315452807,0.4784,"11","required for meiotic nuclear division 5 homolog B"
"Zfp281",-0.123493608321997,0.5108,"1","zinc finger protein 281"
"Slc35a4",0.123441465641676,0.5292,"18","solute carrier family 35, member A4"
"Pgap1",-0.123439512458433,0.6032,"1","post-GPI attachment to proteins 1"
"Fosl2",-0.123409871225512,0.514,"5","fos-like antigen 2"
"Pex1",-0.123383738095613,0.444,"5","peroxisomal biogenesis factor 1"
"2810001G20Rik",0.123376769045829,0.5556,"11","RIKEN cDNA 2810001G20 gene"
"Slc6a9",0.12337347863094,0.5284,"4","solute carrier family 6 (neurotransmitter transporter, glycine), member 9"
"D630045J12Rik",-0.123349623682182,0.656,"6","RIKEN cDNA D630045J12 gene"
"Map2k6",-0.123344165127674,0.6992,"11","mitogen-activated protein kinase kinase 6"
"Pik3c3",-0.123326155435337,0.4564,"18","phosphatidylinositol 3-kinase catalytic subunit type 3"
"Prkag2",-0.123321978289026,0.1576,"5","protein kinase, AMP-activated, gamma 2 non-catalytic subunit"
"Nudt9",0.123290009452244,0.5584,"5","nudix (nucleoside diphosphate linked moiety X)-type motif 9"
"Hsp90aa1",-0.123253300027075,0.5116,"12","heat shock protein 90, alpha (cytosolic), class A member 1"
"Ddx21",-0.12322956663245,0.42,"10","DExD box helicase 21"
"Zfyve16",-0.123215469827358,0.6688,"13","zinc finger, FYVE domain containing 16"
"Crbn",-0.123214550498223,0.7048,"6","cereblon"
"Pus10",-0.123204743205135,0.4232,"11","pseudouridylate synthase 10"
"Naa60",0.123194448942266,0.4612,"16","N(alpha)-acetyltransferase 60, NatF catalytic subunit"
"As3mt",0.123186871369727,0.5516,"19","arsenite methyltransferase"
"Arntl",-0.123186768200895,0.8052,"7","aryl hydrocarbon receptor nuclear translocator-like"
"Mfsd11",0.123179560439657,0.3204,"11","major facilitator superfamily domain containing 11"
"1700016K19Rik",0.123167713114504,0.582,"11","RIKEN cDNA 1700016K19 gene"
"Klf15",0.123076950420019,0.0884,"6","Kruppel-like factor 15"
"Ddrgk1",0.123043054510945,0.6304,"2","DDRGK domain containing 1"
"Htatsf1",0.123042845927813,0.0416,"X","HIV TAT specific factor 1"
"Bag4",-0.123019800118664,0.96,"8","BCL2-associated athanogene 4"
"Stk4",-0.122939384452993,0.3428,"2","serine/threonine kinase 4"
"Snrpb2",0.122933624301615,0.0756,"2","U2 small nuclear ribonucleoprotein B"
"Ninl",0.12292520596157,0.43,"2","ninein-like"
"Nprl3",0.122883897275129,0.2536,"11","nitrogen permease regulator-like 3"
"Snph",0.122876411091299,0.614,"2","syntaphilin"
"Uap1",0.122835976515534,0.1496,"1","UDP-N-acetylglucosamine pyrophosphorylase 1"
"Plat",-0.122832950328883,0.7612,"8","plasminogen activator, tissue"
"Cbln1",-0.122795684540909,0.4748,"8","cerebellin 1 precursor protein"
"Gnas",0.122706131318303,0.4232,"2","GNAS (guanine nucleotide binding protein, alpha stimulating) complex locus"
"9130401M01Rik",0.12270205716061,0.5524,"15","RIKEN cDNA 9130401M01 gene"
"Med12",-0.122674225552648,0.606,"X","mediator complex subunit 12"
"Zfp111",-0.12267233012496,0.4992,"7","zinc finger protein 111"
"Kat5",0.122670098929941,0.39,"19","K(lysine) acetyltransferase 5"
"Tlcd5",-0.122650748440922,0.3652,"9","TLC domain containing 5"
"Incenp",-0.12263108683281,0.1008,"19","inner centromere protein"
"Sde2",-0.122628807832252,0.3452,"1","SDE2 telomere maintenance homolog (S. pombe)"
"Kmt5b",-0.12259126753377,0.664,"19","lysine methyltransferase 5B"
"Amigo3",-0.122586823430352,0.6556,"9","adhesion molecule with Ig like domain 3"
"Kdm5c",-0.122578899605045,0.45,"X","lysine (K)-specific demethylase 5C"
"Rnf217",0.122575190834901,0.6428,"10","ring finger protein 217"
"Pde7a",-0.12256312725364,0.3808,"3","phosphodiesterase 7A"
"Chmp5",0.122552472141631,0.1632,"4","charged multivesicular body protein 5"
"Gstm4",0.122528179750708,0.3508,"3","glutathione S-transferase, mu 4"
"Lin52",0.122527310384265,0.3376,"12","lin-52 DREAM MuvB core complex component"
"Spink8",0.122504129444192,0.6396,"9","serine peptidase inhibitor, Kazal type 8"
"Syt6",0.122489555003959,0.6164,"3","synaptotagmin VI"
"Gtf3a",-0.122475150967411,0.6356,"5","general transcription factor III A"
"Tmod1",-0.122396100584624,0.5916,"4","tropomodulin 1"
"Sltm",-0.1223917497673,0.2816,"9","SAFB-like, transcription modulator"
"Acad8",0.122372782301071,0.1396,"9","acyl-Coenzyme A dehydrogenase family, member 8"
"Fam193b",0.122345609782095,0.7744,"13","family with sequence similarity 193, member B"
"Zfp658",0.12230551141047,0.268,"7","zinc finger protein 658"
"Prkaca",0.122298417272936,0.2396,"8","protein kinase, cAMP dependent, catalytic, alpha"
"Cnot10",0.122247054982946,0.2652,"9","CCR4-NOT transcription complex, subunit 10"
"Selenoh",0.122241977782496,0.62,"2","selenoprotein H"
"Zfp335",0.122238080554857,0.376,"2","zinc finger protein 335"
"Hp1bp3",-0.122215263267216,0.5336,"4","heterochromatin protein 1, binding protein 3"
"Map9",-0.122204407353113,0.698,"3","microtubule-associated protein 9"
"Ccdc141",-0.122193823226524,0.7252,"2","coiled-coil domain containing 141"
"Fads1",0.122191006967777,0.528,"19","fatty acid desaturase 1"
"Nsa2",0.122127620530575,0.4872,"13","NSA2 ribosome biogenesis homolog"
"Hipk1",-0.122077260031729,0.3312,"3","homeodomain interacting protein kinase 1"
"Agpat3",0.122076295647853,0.2428,"10","1-acylglycerol-3-phosphate O-acyltransferase 3"
"Vps26c",0.122035218016057,0.3032,"16","VPS26 endosomal protein sorting factor C"
"Tfip11",0.122027236433238,0.2288,"5","tuftelin interacting protein 11"
"Fam167a",0.122014187290633,0.3824,"14","family with sequence similarity 167, member A"
"Pros1",-0.122012600976115,0.5236,"16","protein S (alpha)"
"Ripor1",-0.122011477055138,0.152,"8","RHO family interacting cell polarization regulator 1"
"Trip10",0.12199336288147,0.4608,"17","thyroid hormone receptor interactor 10"
"Pygb",0.121991883431231,0.1952,"2","brain glycogen phosphorylase"
"Cavin1",-0.121986266251939,0.4772,"11","caveolae associated 1"
"Mier1",-0.12190653102223,0.5964,"4","MEIR1 treanscription regulator"
"Vcpip1",-0.121866494960605,0.622,"1","valosin containing protein (p97)/p47 complex interacting protein 1"
"Dusp8",0.121721029003004,0.24,"7","dual specificity phosphatase 8"
"Ak3",0.121705503604903,0.286,"19","adenylate kinase 3"
"Lfng",0.121689543955743,0.3168,"5","LFNG O-fucosylpeptide 3-beta-N-acetylglucosaminyltransferase"
"Sstr2",0.12166727110107,0.6476,"11","somatostatin receptor 2"
"Map2k4",-0.121661388922829,0.6068,"11","mitogen-activated protein kinase kinase 4"
"Cables2",0.121656174673203,0.2856,"2","CDK5 and Abl enzyme substrate 2"
"Fbxl4",0.12164362520089,0.5776,"4","F-box and leucine-rich repeat protein 4"
"Ppp1r26",0.12164105080869,0.5096,"2","protein phosphatase 1, regulatory subunit 26"
"Ptrh2",0.121627256340492,0.42,"11","peptidyl-tRNA hydrolase 2"
"Zfp493",-0.121610817050994,0.3652,"13","zinc finger protein 493"
"Lrrc45",0.1216101234618,0.6872,"11","leucine rich repeat containing 45"
"Afg1l",-0.121595210762409,0.4032,"10","AFG1 like ATPase"
"Tyro3",0.121590232731558,0.4704,"2","TYRO3 protein tyrosine kinase 3"
"Zfp553",0.121573574378247,0.2852,"7","zinc finger protein 553"
"Lrrc58",-0.121565964328438,0.5792,"16","leucine rich repeat containing 58"
"Map3k9",0.121544674959817,0.5464,"12","mitogen-activated protein kinase kinase kinase 9"
"Lsm11",0.12152942593345,0.4352,"11","U7 snRNP-specific Sm-like protein LSM11"
"2810032G03Rik",0.121512720929442,0.5256,"12","RIKEN cDNA 2810032G03 gene"
"Sema7a",0.121509345280568,0.3264,"9","sema domain, immunoglobulin domain (Ig), and GPI membrane anchor, (semaphorin) 7A"
"Gabra5",-0.121466295697251,0.4776,"7","gamma-aminobutyric acid (GABA) A receptor, subunit alpha 5"
"Sh3pxd2b",-0.121445670800529,0.3736,"11","SH3 and PX domains 2B"
"Thoc1",-0.121376488180073,0.3656,"18","THO complex 1"
"Casp3",0.121365808561908,0.404,"8","caspase 3"
"Drc3",0.12135631466609,0.4532,"11","dynein regulatory complex subunit 3"
"Stac3",0.121320444205345,0.7272,"10","SH3 and cysteine rich domain 3"
"Helb",-0.121296810409358,0.556,"10","helicase (DNA) B"
"Eno2",0.121286012943616,0.6224,"6","enolase 2, gamma neuronal"
"Gyg",0.121249181378355,0.2328,"3","glycogenin"
"Bhlhe41",-0.121242993227596,0.39,"6","basic helix-loop-helix family, member e41"
"Gramd1b",-0.121241625326605,0.2064,"9","GRAM domain containing 1B"
"Thumpd3",-0.121236730249109,0.7292,"6","THUMP domain containing 3"
"Tti1",-0.121228534457347,0.1764,"2","TELO2 interacting protein 1"
"Mgme1",0.121207213016515,0.4688,"2","mitochondrial genome maintenance exonuclease 1"
"Apeh",0.121206621559697,0.26,"9","acylpeptide hydrolase"
"Serping1",-0.12120276724792,0.446,"2","serine (or cysteine) peptidase inhibitor, clade G, member 1"
"Rnf169",0.121193274119253,0.2332,"7","ring finger protein 169"
"Trps1",-0.121191920837746,0.5404,"15","transcriptional repressor GATA binding 1"
"Brf2",0.121176433513514,0.1184,"8","BRF2, RNA polymerase III transcription initiation factor 50kDa subunit"
"Gemin8",0.121164209850201,0.2136,"X","gem nuclear organelle associated protein 8"
"Git1",0.121157998300369,0.7004,"11","GIT ArfGAP 1"
"Psph",-0.12114375153961,0.5116,"5","phosphoserine phosphatase"
"Cpeb1",-0.121138578574553,0.22,"7","cytoplasmic polyadenylation element binding protein 1"
"Taco1",-0.121095936387364,0.6124,"11","translational activator of mitochondrially encoded cytochrome c oxidase I"
"Sf3a3",-0.121095509176199,0.2472,"4","splicing factor 3a, subunit 3"
"Plp1",0.121088140467398,0.5236,"X","proteolipid protein (myelin) 1"
"Gpcpd1",-0.121086338279079,0.7044,"2","glycerophosphocholine phosphodiesterase 1"
"Hsdl2",-0.121066954249422,0.2692,"4","hydroxysteroid dehydrogenase like 2"
"Eid1",-0.121058429867117,0.2668,"2","EP300 interacting inhibitor of differentiation 1"
"Rnf41",0.121028354918971,0.2,"10","ring finger protein 41"
"Senp6",-0.121011090874724,0.3744,"9","SUMO/sentrin specific peptidase 6"
"Cherp",-0.120927147255809,0.194,"8","calcium homeostasis endoplasmic reticulum protein"
"Hacd2",0.120923973548642,0.3152,"16","3-hydroxyacyl-CoA dehydratase 2"
"Bahcc1",-0.120910158061074,0.4404,"11","BAH domain and coiled-coil containing 1"
"Klhl21",0.120893125462735,0.3824,"4","kelch-like 21"
"Top1mt",0.120888311862315,0.5548,"15","DNA topoisomerase 1, mitochondrial"
"Rab24",0.120800649020329,0.5348,"13","RAB24, member RAS oncogene family"
"Pkm",0.120798047709394,0.538,"9","pyruvate kinase, muscle"
"Clgn",-0.120779986862599,0.2372,"8","calmegin"
"St7",-0.120741596310581,0.3448,"6","suppression of tumorigenicity 7"
"Ears2",-0.120740493940364,0.316,"7","glutamyl-tRNA synthetase 2, mitochondrial"
"Dad1",0.120697303723793,0.6532,"14","defender against cell death 1"
"Nap1l1",-0.120689452200073,0.1516,"10","nucleosome assembly protein 1-like 1"
"Pigs",0.120664168214032,0.0212,"11","phosphatidylinositol glycan anchor biosynthesis, class S"
"Cpne1",-0.120636066794022,0.718,"2","copine I"
"Fyco1",-0.12061338294555,0.612,"9","FYVE and coiled-coil domain containing 1"
"Lars",0.120605714308863,0.1656,"18","leucyl-tRNA synthetase"
"Ngrn",0.120531731561924,0.5404,"7","neugrin, neurite outgrowth associated"
"Mtres1",0.120478635695261,0.7068,"10","mitochondrial transcription rescue factor 1"
"Dvl2",-0.120442194237866,0.5128,"11","dishevelled segment polarity protein 2"
"Cog8",0.120414562328818,0.1752,"8","component of oligomeric golgi complex 8"
"Alkbh3",0.120382848723839,0.3812,"2","alkB homolog 3, alpha-ketoglutarate-dependent dioxygenase"
"Ece1",-0.120375028264795,0.4636,"4","endothelin converting enzyme 1"
"Gmeb2",-0.120370330823992,0.0488,"2","glucocorticoid modulatory element binding protein 2"
"Actb",0.120359371437939,0.6488,"5","actin, beta"
"Drd5",0.120357304639997,0.3576,"5","dopamine receptor D5"
"Prkaa1",-0.120344218839811,0.7876,"15","protein kinase, AMP-activated, alpha 1 catalytic subunit"
"Dsel",-0.120322746305181,0.644,"1","dermatan sulfate epimerase-like"
"Naa15",-0.120317757616241,0.5076,"3","N(alpha)-acetyltransferase 15, NatA auxiliary subunit"
"Cnst",-0.120292949196364,0.5016,"1","consortin, connexin sorting protein"
"Gpsm1",0.120274387005974,0.376,"2","G-protein signalling modulator 1 (AGS3-like, C. elegans)"
"Trim11",0.120268989359392,0.2488,"11","tripartite motif-containing 11"
"Tbl1xr1",-0.120256982725678,0.3088,"3","transducin (beta)-like 1X-linked receptor 1"
"Acads",0.120176673104809,0.6324,"5","acyl-Coenzyme A dehydrogenase, short chain"
"1190007I07Rik",0.1201431174576,0.3456,"10","RIKEN cDNA 1190007I07 gene"
"Gpr75",-0.120119252189135,0.6688,"11","G protein-coupled receptor 75"
"Papss2",-0.120113446739667,0.3408,"19","3'-phosphoadenosine 5'-phosphosulfate synthase 2"
"Sema5b",0.120110904340628,0.5452,"16","sema domain, seven thrombospondin repeats (type 1 and type 1-like), transmembrane domain (TM) and short cytoplasmic domain, (semaphorin) 5B"
"Zc3h10",0.120103280739633,0.3704,"10","zinc finger CCCH type containing 10"
"Kat2a",0.120088454130075,0.5412,"11","K(lysine) acetyltransferase 2A"
"Stk25",0.120060930566935,0.1176,"1","serine/threonine kinase 25 (yeast)"
"Mrpl22",-0.120044098402539,0.5244,"11","mitochondrial ribosomal protein L22"
"Slc6a7",0.119978057727969,0.5232,"18","solute carrier family 6 (neurotransmitter transporter, L-proline), member 7"
"Ino80b",0.119945755787858,0.6016,"6","INO80 complex subunit B"
"Thsd7b",-0.119899463877432,0.7332,"1","thrombospondin, type I, domain containing 7B"
"Mettl4",-0.119888632116993,0.5096,"17","methyltransferase like 4"
"Ackr1",0.119886273934766,0.592,"1","atypical chemokine receptor 1 (Duffy blood group)"
"Zswim1",0.119830841519892,0.1428,"2","zinc finger SWIM-type containing 1"
"Zdhhc4",0.119795537846705,0.5808,"5","zinc finger, DHHC domain containing 4"
"Iah1",-0.119781241049075,0.2012,"12","isoamyl acetate-hydrolyzing esterase 1 homolog"
"C130074G19Rik",-0.119729807520241,0.3636,"1","RIKEN cDNA C130074G19 gene"
"Larp6",0.119713144801191,0.1444,"9","La ribonucleoprotein 6, translational regulator"
"Nacad",0.119694329951406,0.6468,"11","NAC alpha domain containing"
"Alg11",-0.119675056206487,0.7344,"8","asparagine-linked glycosylation 11 (alpha-1,2-mannosyltransferase)"
"Pogz",-0.119660967839422,0.4284,"3","pogo transposable element with ZNF domain"
"Zfp944",-0.119649388902983,0.3256,"17","zinc finger protein 944"
"Foxj3",-0.119580698016699,0.6332,"4","forkhead box J3"
"Fbxw17",0.119567441534242,0.4716,"13","F-box and WD-40 domain protein 17"
"Eif2ak4",-0.119557734125657,0.5476,"2","eukaryotic translation initiation factor 2 alpha kinase 4"
"Abtb2",-0.119549524330963,0.64,"2","ankyrin repeat and BTB (POZ) domain containing 2"
"Lmbr1",-0.119525876146384,0.472,"5","limb region 1"
"Ehmt2",0.11950099563581,0.6452,"17","euchromatic histone lysine N-methyltransferase 2"
"Dusp4",-0.119499088694757,0.7144,"8","dual specificity phosphatase 4"
"Ddo",0.119480356610774,0.6244,"10","D-aspartate oxidase"
"Glt1d1",0.119475290065881,0.6796,"5","glycosyltransferase 1 domain containing 1"
"Rasgrp2",0.119424158397036,0.492,"19","RAS, guanyl releasing protein 2"
"Cmc4",0.119392876914951,0.7012,"X","C-x(9)-C motif containing 4"
"Cep164",0.119334359044894,0.5068,"9","centrosomal protein 164"
"Cnot4",-0.119330750790313,0.3812,"6","CCR4-NOT transcription complex, subunit 4"
"Arhgap33",0.119278558695973,0.5812,"7","Rho GTPase activating protein 33"
"Srsf6",-0.119269103846366,0.32,"2","serine and arginine-rich splicing factor 6"
"Rbm24",-0.119201663396614,0.6004,"13","RNA binding motif protein 24"
"Cav1",-0.11919991650191,0.688,"6","caveolin 1, caveolae protein"
"Mcm4",-0.119196074233385,0.5804,"16","minichromosome maintenance complex component 4"
"Crk",-0.119175947180022,0.7968,"11","v-crk avian sarcoma virus CT10 oncogene homolog"
"Lrig3",-0.119173030662221,0.5456,"10","leucine-rich repeats and immunoglobulin-like domains 3"
"Tbca",0.119170876733024,0.434,"13","tubulin cofactor A"
"Mroh7",0.11911168429031,0.7364,"4","maestro heat-like repeat family member 7"
"Masp1",0.119098508248608,0.3116,"16","mannan-binding lectin serine peptidase 1"
"Bid",0.119025393530603,0.1284,"6","BH3 interacting domain death agonist"
"Heg1",-0.119023567058677,0.8416,"16","heart development protein with EGF-like domains 1"
"Adamts10",-0.1190222837563,0.6256,"17","a disintegrin-like and metallopeptidase (reprolysin type) with thrombospondin type 1 motif, 10"
"Zfp169",-0.119019198414448,0.7512,"13","zinc finger protein 169"
"Ampd3",-0.11901614245502,0.316,"7","adenosine monophosphate deaminase 3"
"Traip",-0.118953832305492,0.6452,"9","TRAF-interacting protein"
"Prr3",0.118911911133793,0.5536,"17","proline-rich polypeptide 3"
"Cdk5rap3",0.118874590171292,0.63,"11","CDK5 regulatory subunit associated protein 3"
"Pdyn",0.118864061588748,0.3252,"2","prodynorphin"
"Rtl8a",0.118862260651039,0.6952,"X","retrotransposon Gag like 8A"
"Lrrc40",-0.118854098287034,0.1036,"3","leucine rich repeat containing 40"
"Mag",0.118839732721619,0.5072,"7","myelin-associated glycoprotein"
"Rab8a",0.118783445153038,0.4128,"8","RAB8A, member RAS oncogene family"
"Lman2l",0.118734644996387,0.134,"1","lectin, mannose-binding 2-like"
"Tsc22d2",-0.11863965161006,0.4552,"3","TSC22 domain family, member 2"
"Hdgfl2",0.118600717254616,0.6024,"17","HDGF like 2"
"Ell",0.118592600655286,0.2324,"8","elongation factor RNA polymerase II"
"Mier2",0.118583551516267,0.2712,"10","MIER family member 2"
"Zbtb41",-0.118582058345201,0.54,"1","zinc finger and BTB domain containing 41"
"Lrp10",0.118544036445133,0.4684,"14","low-density lipoprotein receptor-related protein 10"
"Celf1",-0.118490511198006,0.5816,"2","CUGBP, Elav-like family member 1"
"Snap91",-0.118464184875821,0.4304,"9","synaptosomal-associated protein 91"
"Prr14l",-0.118445352473755,0.5184,"5","proline rich 14-like"
"Leng9",0.118435044886744,0.6332,"7","leukocyte receptor cluster (LRC) member 9"
"Aptx",0.118434477461819,0.434,"4","aprataxin"
"Vstm5",0.118416443427197,0.4988,"9","V-set and transmembrane domain containing 5"
"Tomm6os",0.118396345276271,0.7156,"17","translocase of outer mitochondrial membrane 6, opposite strand"
"Plec",0.118345339353009,0.604,"15","plectin"
"Gtf3c5",0.118337288889363,0.386,"2","general transcription factor IIIC, polypeptide 5"
"Cables1",0.118299074101433,0.3812,"18","CDK5 and Abl enzyme substrate 1"
"Ascc1",0.118293401498016,0.7308,"10","activating signal cointegrator 1 complex subunit 1"
"Golga4",-0.118284773396282,0.5476,"9","golgi autoantigen, golgin subfamily a, 4"
"Mir5125",-0.118273665326812,0.7416,"17","microRNA 5125"
"Nsun3",-0.118240837934388,0.8248,"16","NOL1/NOP2/Sun domain family member 3"
"Mocs1",0.118224330374779,0.5276,"17","molybdenum cofactor synthesis 1"
"Usp32",-0.118215311850831,0.6656,"11","ubiquitin specific peptidase 32"
"Dtna",-0.118209735219095,0.458,"18","dystrobrevin alpha"
"Pdf",0.118156797463,0.5348,"8","peptide deformylase (mitochondrial)"
"Zyg11b",-0.11814925274501,0.7076,"4","zyg-ll family member B, cell cycle regulator"
"Ppp2r2c",0.118134672794318,0.1868,"5","protein phosphatase 2, regulatory subunit B, gamma"
"Tmem185b",-0.118134255406668,0.6884,"1","transmembrane protein 185B"
"Zbtb34",-0.118129470456763,0.6168,"2","zinc finger and BTB domain containing 34"
"Zfx",-0.118095796742049,0.5892,"X","zinc finger protein X-linked"
"Ntrk2",-0.118062610309236,0.2604,"13","neurotrophic tyrosine kinase, receptor, type 2"
"Noc3l",-0.118037090916621,0.5068,"19","NOC3 like DNA replication regulator"
"Arhgef12",-0.11802277200302,0.444,"9","Rho guanine nucleotide exchange factor (GEF) 12"
"Rasgrp4",0.117999053284076,0.4792,"7","RAS guanyl releasing protein 4"
"Syt17",-0.117997068336051,0.3348,"7","synaptotagmin XVII"
"Acyp2",0.117993511174069,0.2892,"11","acylphosphatase 2, muscle type"
"Tyk2",0.117966396650814,0.5396,"9","tyrosine kinase 2"
"Lmtk2",-0.117966340752528,0.6364,"5","lemur tyrosine kinase 2"
"Nbr1",-0.117951540678924,0.3956,"11","NBR1, autophagy cargo receptor"
"Rpap3",0.117906124457969,0.4656,"15","RNA polymerase II associated protein 3"
"Zdhhc17",-0.117894903362372,0.6664,"10","zinc finger, DHHC domain containing 17"
"Psme3",-0.117845450070764,0.0792,"11","proteaseome (prosome, macropain) activator subunit 3 (PA28 gamma, Ki)"
"Hexim1",-0.117821737322753,0.334,"11","hexamethylene bis-acetamide inducible 1"
"Suco",-0.117814728300378,0.4352,"1","SUN domain containing ossification factor"
"Insyn1",0.117791874136806,0.4568,"9","inhibitory synaptic factor 1"
"Pald1",0.117740103230392,0.406,"10","phosphatase domain containing, paladin 1"
"Sdhaf2",0.117734538255258,0.4124,"19","succinate dehydrogenase complex assembly factor 2"
"Vps72",0.117728798339623,0.7052,"3","vacuolar protein sorting 72"
"Ccdc177",0.117704285562987,0.478,"12","coiled-coil domain containing 177"
"Mir124a-1hg",-0.117703300812497,0.682,"14","Mir124-1 host gene (non-protein coding)"
"F420014N23Rik",0.117674565789795,0.8268,"10","RIKEN cDNA F420014N23 gene"
"Apod",0.117603797744763,0.4756,"16","apolipoprotein D"
"Tmco6",0.117559916170228,0.224,"18","transmembrane and coiled-coil domains 6"
"Mcoln1",0.117530530945432,0.0228,"8","mucolipin 1"
"Fam102a",0.117523177883301,0.4204,"2","family with sequence similarity 102, member A"
"Faap24",-0.117495171953293,0.4976,"7","Fanconi anemia core complex associated protein 24"
"Phlpp2",-0.117474093738247,0.5424,"8","PH domain and leucine rich repeat protein phosphatase 2"
"Zfp120",-0.117468221899024,0.1512,"2","zinc finger protein 120"
"Syngr1",0.117423741076653,0.1044,"15","synaptogyrin 1"
"Ncoa1",-0.117392419204855,0.472,"12","nuclear receptor coactivator 1"
"Tjp2",-0.117367077089189,0.3236,"19","tight junction protein 2"
"Specc1",-0.117323024279757,0.3116,"11","sperm antigen with calponin homology and coiled-coil domains 1"
"Rps28",0.117194619795715,0.7936,"17","ribosomal protein S28"
"Tomm34",0.117189582117278,0.5248,"2","translocase of outer mitochondrial membrane 34"
"Jag1",-0.11711771404516,0.6392,"2","jagged 1"
"Btbd10",-0.117096599245224,0.6356,"7","BTB (POZ) domain containing 10"
"Qtrt1",0.1170955254305,0.5528,"9","queuine tRNA-ribosyltransferase catalytic subunit 1"
"Akap8l",0.117092274259213,0.7124,"17","A kinase (PRKA) anchor protein 8-like"
"Pxk",-0.117091638343951,0.6148,"14","PX domain containing serine/threonine kinase"
"Snx6",-0.11705807483742,0.2516,"12","sorting nexin 6"
"Fbxw8",0.117030281376574,0.5844,"5","F-box and WD-40 domain protein 8"
"Il6st",-0.116996033772298,0.6176,"13","interleukin 6 signal transducer"
"Slit3",-0.116944015929581,0.7736,"11","slit guidance ligand 3"
"Eif2s1",-0.116933036368061,0.5376,"12","eukaryotic translation initiation factor 2, subunit 1 alpha"
"Kif16b",-0.11693223661077,0.6288,"2","kinesin family member 16B"
"Hmgcll1",-0.116896244124415,0.2572,"9","3-hydroxymethyl-3-methylglutaryl-Coenzyme A lyase-like 1"
"Ttll7",-0.116879913745703,0.6776,"3","tubulin tyrosine ligase-like family, member 7"
"Rcsd1",-0.116852848893948,0.8432,"1","RCSD domain containing 1"
"Smim20",0.11685028619622,0.602,"5","small integral membrane protein 20"
"Aplf",-0.11684799613803,0.354,"6","aprataxin and PNKP like factor"
"Mrpl37",0.116846984793005,0.1584,"4","mitochondrial ribosomal protein L37"
"Sypl",-0.116836285791902,0.3764,"12","synaptophysin-like protein"
"Zdbf2",-0.116825788947822,0.6044,"1","zinc finger, DBF-type containing 2"
"Slain1",-0.116816800087713,0.496,"14","SLAIN motif family, member 1"
"Ttc9c",-0.116802489896593,0.4548,"19","tetratricopeptide repeat domain 9C"
"Prss23",-0.116731623496627,0.7276,"7","protease, serine 23"
"Sh3gl1",0.116728949163874,0.4572,"17","SH3-domain GRB2-like 1"
"Slc35g2",-0.116724693634933,0.812,"9","solute carrier family 35, member G2"
"Cxcl14",0.116704412010147,0.5004,"13","chemokine (C-X-C motif) ligand 14"
"Shfl",0.116656158972247,0.6812,"9","shiftless antiviral inhibitor of ribosomal frameshifting"
"Rab11a",-0.116638491084961,0.6052,"9","RAB11A, member RAS oncogene family"
"Mboat7",0.116604617303268,0.2844,"7","membrane bound O-acyltransferase domain containing 7"
"Strip1",0.116556050917236,0.1616,"3","striatin interacting protein 1"
"Rab3c",-0.116552973016702,0.3736,"13","RAB3C, member RAS oncogene family"
"Mtmr1",-0.116510277619556,0.4684,"X","myotubularin related protein 1"
"Kcnn2",-0.116507492354696,0.0272,"18","potassium intermediate/small conductance calcium-activated channel, subfamily N, member 2"
"Cux2",0.11649673492352,0.3824,"5","cut-like homeobox 2"
"Frat1",0.116473974938601,0.5324,"19","frequently rearranged in advanced T cell lymphomas"
"Cltc",-0.11644992803137,0.6008,"11","clathrin, heavy polypeptide (Hc)"
"D3Ertd751e",-0.116414802694089,0.084,"3","DNA segment, Chr 3, ERATO Doi 751, expressed"
"Nudt4",0.116406582279788,0.44,"10","nudix (nucleoside diphosphate linked moiety X)-type motif 4"
"Pisd",0.116391383835631,0.2088,"5","phosphatidylserine decarboxylase"
"Dhx38",-0.116375951590048,0.4636,"8","DEAH (Asp-Glu-Ala-His) box polypeptide 38"
"2900079G21Rik",0.116355935446268,0.618,"9","RIKEN cDNA 2900079G21 gene"
"Sf3b1",-0.116309564920082,0.458,"1","splicing factor 3b, subunit 1"
"Snhg11",-0.116263909169506,0.8512,"2","small nucleolar RNA host gene 11"
"Suox",-0.116252503760652,0.086,"10","sulfite oxidase"
"Snrnp200",-0.116250871085931,0.6688,"2","small nuclear ribonucleoprotein 200 (U5)"
"Trit1",0.116213317280395,0.2164,"4","tRNA isopentenyltransferase 1"
"Arxes1",0.116204166444925,0.6128,"X","adipocyte-related X-chromosome expressed sequence 1"
"Chchd10",0.116199792002169,0.6492,"10","coiled-coil-helix-coiled-coil-helix domain containing 10"
"Zkscan2",-0.116193895062176,0.7692,"7","zinc finger with KRAB and SCAN domains 2"
"Ppm1d",-0.116182517958018,0.3088,"11","protein phosphatase 1D magnesium-dependent, delta isoform"
"Rabepk",0.116162520708212,0.162,"2","Rab9 effector protein with kelch motifs"
"Tmem62",0.116160701169299,0.04,"2","transmembrane protein 62"
"Plppr1",0.116159301556972,0.5364,"4","phospholipid phosphatase related 1"
"Nfix",-0.116155022069496,0.3912,"8","nuclear factor I/X"
"Copz1",0.116129195166837,0.5672,"15","coatomer protein complex, subunit zeta 1"
"Tomm70a",-0.11612387865233,0.3772,"16","translocase of outer mitochondrial membrane 70A"
"Adal",-0.116118346409528,0.1424,"2","adenosine deaminase-like"
"Srrm3",0.116099859899723,0.5496,"5","serine/arginine repetitive matrix 3"
"Atg3",-0.116097744347059,0.354,"16","autophagy related 3"
"Zfp788",-0.116097060962985,0.4632,"7","zinc finger protein 788"
"Dapk1",-0.116086061220122,0.6756,"13","death associated protein kinase 1"
"Poglut1",0.116054367240572,0.2468,"16","protein O-glucosyltransferase 1"
"Ppfibp2",-0.116050852300236,0.5648,"7","PTPRF interacting protein, binding protein 2 (liprin beta 2)"
"Pkn2",-0.116040331731302,0.6748,"3","protein kinase N2"
"Zcchc10",-0.116014618313224,0.4548,"11","zinc finger, CCHC domain containing 10"
"Qrich1",-0.115961310484165,0.1756,"9","glutamine-rich 1"
"Ankra2",-0.115931285578786,0.5124,"13","ankyrin repeat, family A (RFXANK-like), 2"
"Naxe",0.115918857192008,0.5052,"3","NAD(P)HX epimerase"
"Comt",0.115885140420265,0.5292,"16","catechol-O-methyltransferase"
"Abhd4",0.115873317320236,0.616,"14","abhydrolase domain containing 4"
"Zmym1",-0.115853665155466,0.644,"4","zinc finger, MYM domain containing 1"
"Cpt2",0.115777377314913,0.58,"4","carnitine palmitoyltransferase 2"
"Larp7",-0.115747888363595,0.2224,"3","La ribonucleoprotein 7, transcriptional regulator"
"Cd302",-0.115741026489132,0.3632,"2","CD302 antigen"
"Trpv2",0.115709242825738,0.4404,"11","transient receptor potential cation channel, subfamily V, member 2"
"Tubgcp2",0.115644488236903,0.0824,"7","tubulin, gamma complex associated protein 2"
"Psmd13",0.115634397153339,0.0984,"7","proteasome (prosome, macropain) 26S subunit, non-ATPase, 13"
"Ccdc25",-0.115633561457357,0.3872,"14","coiled-coil domain containing 25"
"Stard8",0.115627768824452,0.6864,"X","START domain containing 8"
"E130311K13Rik",-0.115617264075264,0.5364,"3","RIKEN cDNA E130311K13 gene"
"Adcy9",-0.115594471502444,0.3772,"16","adenylate cyclase 9"
"Fads3",0.115583657845929,0.134,"19","fatty acid desaturase 3"
"Tfcp2",-0.115567789961982,0.1444,"15","transcription factor CP2"
"Wdyhv1",0.115538161250469,0.3232,"15","WDYHV motif containing 1"
"Atp9b",0.115524967914198,0.2696,"18","ATPase, class II, type 9B"
"Cd99l2",0.115496524008215,0.0668,"X","CD99 antigen-like 2"
"Zscan26",-0.115479367236279,0.4156,"13","zinc finger and SCAN domain containing 26"
"Pxdn",-0.115449842252712,0.6364,"12","peroxidasin"
"Cptp",0.115434338760735,0.4688,"4","ceramide-1-phosphate transfer protein"
"Cdipt",0.115423876712844,0.3648,"7","CDP-diacylglycerol--inositol 3-phosphatidyltransferase (phosphatidylinositol synthase)"
"Ell3",0.115418678761237,0.7572,"2","elongation factor RNA polymerase II-like 3"
"Zfp612",-0.115405038087846,0.4052,"8","zinc finger protein 612"
"Mib2",0.115401485486941,0.356,"4","mindbomb E3 ubiquitin protein ligase 2"
"Pot1a",-0.115364419272272,0.5764,"6","protection of telomeres 1A"
"Zfp874a",0.115345098722624,0.3296,"13","zinc finger protein 874a"
"Gm14569",-0.115337966703771,0.3744,"X","predicted gene 14569"
"Hbs1l",0.115325109506022,0.5272,"10","Hbs1-like (S. cerevisiae)"
"Gda",-0.115324915807825,0.5088,"19","guanine deaminase"
"Ap5z1",0.11532484692498,0.548,"5","adaptor-related protein complex 5, zeta 1 subunit"
"Fgd6",-0.11529103892694,0.396,"10","FYVE, RhoGEF and PH domain containing 6"
"Asrgl1",0.115275555510708,0.5624,"19","asparaginase like 1"
"Tenm3",-0.115262402910602,0.606,"8","teneurin transmembrane protein 3"
"Alg12",-0.115251904994926,0.1228,"15","asparagine-linked glycosylation 12 (alpha-1,6-mannosyltransferase)"
"Nfs1",0.115235985797868,0.1976,"2","nitrogen fixation gene 1 (S. cerevisiae)"
"Col20a1",0.115225496890269,0.6308,"2","collagen, type XX, alpha 1"
"Ip6k1",0.115220975488721,0.3468,"9","inositol hexaphosphate kinase 1"
"Pycrl",0.115189167280579,0.3988,"15","pyrroline-5-carboxylate reductase-like"
"Cntrl",-0.11516902872678,0.658,"2","centriolin"
"Lhx6",-0.115156828507897,0.35,"2","LIM homeobox protein 6"
"Evi5",-0.11515568725605,0.4952,"5","ecotropic viral integration site 5"
"Abi1",-0.115152697816282,0.6056,"2","abl interactor 1"
"Ndor1",0.115151908092489,0.5368,"2","NADPH dependent diflavin oxidoreductase 1"
"Ndor1",0.115151908092489,0.5368,"2","NADPH dependent diflavin oxidoreductase 1"
"Islr2",0.115115315038615,0.2204,"9","immunoglobulin superfamily containing leucine-rich repeat 2"
"Asb6",0.115054094396769,0.3116,"2","ankyrin repeat and SOCS box-containing 6"
"Hif3a",0.114990630484649,0.59,"7","hypoxia inducible factor 3, alpha subunit"
"Atp5c1",0.114985357393785,0.4576,"2","ATP synthase, H+ transporting, mitochondrial F1 complex, gamma polypeptide 1"
"Map6d1",-0.11498057177007,0.2992,"16","MAP6 domain containing 1"
"Mboat1",-0.114971655380118,0.6556,"13","membrane bound O-acyltransferase domain containing 1"
"Fbxo41",0.114962805849452,0.1684,"6","F-box protein 41"
"1810055G02Rik",-0.114942123237471,0.1392,"19","RIKEN cDNA 1810055G02 gene"
"Nabp2",-0.11492984553264,0.5776,"10","nucleic acid binding protein 2"
"Clvs2",-0.114924373325889,0.8488,"10","clavesin 2"
"Dscaml1",-0.11492341419219,0.078,"9","DS cell adhesion molecule like 1"
"Sfrp1",-0.114907706857279,0.6984,"8","secreted frizzled-related protein 1"
"Rap2a",-0.114806273821633,0.5196,"14","RAS related protein 2a"
"Gpr45",0.114759891999096,0.3536,"1","G protein-coupled receptor 45"
"Map7",-0.114751987733856,0.426,"10","microtubule-associated protein 7"
"Ppp4r1l-ps",0.114680036077365,0.458,"2","protein phosphatase 4, regulatory subunit 1-like, pseudogene"
"Proser3",-0.114654035138967,0.5208,"7","proline and serine rich 3"
"Eef1akmt2",-0.11464544705578,0.4196,"7","EEF1A lysine methyltransferase 2"
"Gatc",-0.114633352044667,0.3032,"5","glutamyl-tRNA(Gln) amidotransferase, subunit C"
"Frg2f1",0.114622994229654,0.2272,"4","FSHD region gene 2 family member 1"
"Taf3",-0.114572882711552,0.6576,"2","TATA-box binding protein associated factor 3"
"Ppl",-0.114571370220113,0.7832,"16","periplakin"
"Cd34",-0.114570299355646,0.568,"1","CD34 antigen"
"Ube2j2",0.114493883988052,0.2856,"4","ubiquitin-conjugating enzyme E2J 2"
"Ciao2b",-0.114464201882009,0.622,"8","cytosolic iron-sulfur assembly component 2B"
"Sfxn1",0.11443768707745,0.3596,"13","sideroflexin 1"
"Bicral",-0.114419661535169,0.6836,"17","BRD4 interacting chromatin remodeling complex associated protein like"
"Cdkn2d",0.114391576106372,0.6036,"9","cyclin dependent kinase inhibitor 2D"
"Sorbs3",0.114373102638066,0.504,"14","sorbin and SH3 domain containing 3"
"Car11",0.114362823317832,0.6572,"7","carbonic anhydrase 11"
"Abraxas1",-0.114361205996198,0.396,"5","BRCA1 A complex subunit"
"Jtb",0.114345019544681,0.5524,"3","jumping translocation breakpoint"
"Xpnpep3",-0.114328618478611,0.4528,"15","X-prolyl aminopeptidase 3, mitochondrial"
"Zswim9",0.114297395396886,0.558,"7","zinc finger SWIM-type containing 9"
"Ola1",-0.114289646752825,0.2892,"2","Obg-like ATPase 1"
"Ubr2",-0.114207785190892,0.354,"17","ubiquitin protein ligase E3 component n-recognin 2"
"Dynll2",0.114191870507007,0.3796,"11","dynein light chain LC8-type 2"
"Rbl2",-0.114184187279536,0.6168,"8","RB transcriptional corepressor like 2"
"Zkscan1",-0.114150460601095,0.3628,"5","zinc finger with KRAB and SCAN domains 1"
"Slc13a5",0.114135039165012,0.5052,"11","solute carrier family 13 (sodium-dependent citrate transporter), member 5"
"Disp1",-0.114114279906254,0.5556,"1","dispatched RND transporter family member 1"
"Hspb6",-0.114107550100127,0.6544,"7","heat shock protein, alpha-crystallin-related, B6"
"Pced1a",0.114100610827398,0.41,"2","PC-esterase domain containing 1A"
"Desi1",0.114097263731485,0.5492,"15","desumoylating isopeptidase 1"
"Rab11fip5",0.11409414104843,0.4552,"6","RAB11 family interacting protein 5 (class I)"
"Gpx8",-0.114093191461553,0.6932,"13","glutathione peroxidase 8 (putative)"
"Aif1l",0.114086701535545,0.6416,"2","allograft inflammatory factor 1-like"
"Pds5a",-0.114053667206767,0.608,"5","PDS5 cohesin associated factor A"
"Rnd1",0.114000004319652,0.4972,"15","Rho family GTPase 1"
"Fzd2",0.113951140199042,0.488,"11","frizzled class receptor 2"
"Ahnak",-0.11387608908043,0.734,"19","AHNAK nucleoprotein (desmoyokin)"
"Mnt",-0.1138706037939,0.1152,"11","max binding protein"
"Kctd14",0.11383390340225,0.672,"7","potassium channel tetramerisation domain containing 14"
"Pomgnt2",0.113831290511541,0.0652,"9","protein O-linked mannose beta 1,4-N-acetylglucosaminyltransferase 2"
"Rnaseh2b",0.113824675256474,0.5196,"14","ribonuclease H2, subunit B"
"Acadvl",0.11381159977666,0.4624,"11","acyl-Coenzyme A dehydrogenase, very long chain"
"Il1rap",-0.113798392736051,0.5408,"16","interleukin 1 receptor accessory protein"
"Mrm1",0.113793218644393,0.464,"11","mitochondrial rRNA methyltransferase 1"
"Parp2",-0.113763867461476,0.2696,"14","poly (ADP-ribose) polymerase family, member 2"
"Fxr1",-0.113754769009398,0.5744,"3","FMR1 autosomal homolog 1"
"Dand5",-0.113723298030497,0.6216,"8","DAN domain family member 5, BMP antagonist"
"1700019D03Rik",-0.113692678533205,0.5856,"1","RIKEN cDNA 1700019D03 gene"
"Paqr9",-0.113685664440094,0.4124,"9","progestin and adipoQ receptor family member IX"
"Dpp8",-0.113638910500017,0.6596,"9","dipeptidylpeptidase 8"
"Numa1",-0.113616122977754,0.5064,"7","nuclear mitotic apparatus protein 1"
"Etv3",-0.113607177234806,0.84,"3","ets variant 3"
"Rsph4a",0.113525828607211,0.8168,"10","radial spoke head 4 homolog A (Chlamydomonas)"
"Tbc1d22a",0.113519901000568,0.5108,"15","TBC1 domain family, member 22a"
"Ypel2",-0.113491742858142,0.3188,"11","yippee like 2"
"Lrrc8b",-0.113481261718778,0.6504,"5","leucine rich repeat containing 8 family, member B"
"Tomm22",0.113481066588573,0.5352,"15","translocase of outer mitochondrial membrane 22"
"Map1s",0.1134726505015,0.6328,"8","microtubule-associated protein 1S"
"Elovl5",-0.113472451401079,0.3804,"9","ELOVL family member 5, elongation of long chain fatty acids (yeast)"
"Tnfaip1",0.1134380555867,0.2616,"11","tumor necrosis factor, alpha-induced protein 1 (endothelial)"
"Babam2",0.113437646624359,0.636,"5","BRISC and BRCA1 A complex member 2"
"Gtf2a2",0.113353982664141,0.6324,"9","general transcription factor II A, 2"
"Cyld",-0.113341288283114,0.4008,"8","CYLD lysine 63 deubiquitinase"
"Rbm43",0.113330940690403,0.1808,"2","RNA binding motif protein 43"
"Dclre1c",-0.113321850404273,0.5504,"2","DNA cross-link repair 1C"
"Tnfaip8l3",-0.113320528711495,0.8164,"9","tumor necrosis factor, alpha-induced protein 8-like 3"
"Dgkd",0.113312832266837,0.3496,"1","diacylglycerol kinase, delta"
"Arfgef2",-0.113312179904515,0.5628,"2","ADP-ribosylation factor guanine nucleotide-exchange factor 2 (brefeldin A-inhibited)"
"Lor",0.113311266781799,0.6536,"3","loricrin"
"Ttc5",0.113268260073663,0.246,"14","tetratricopeptide repeat domain 5"
"Gpkow",-0.113251090395813,0.2636,"X","G patch domain and KOW motifs"
"Gpr180",0.113229553628955,0.2728,"14","G protein-coupled receptor 180"
"Urb2",-0.113209583234576,0.4716,"8","URB2 ribosome biogenesis 2 homolog (S. cerevisiae)"
"Kbtbd4",0.113201913284382,0.1284,"2","kelch repeat and BTB (POZ) domain containing 4"
"Cnih1",0.113187913964541,0.3152,"14","cornichon family AMPA receptor auxiliary protein 1"
"Slc8a3",0.113168763846963,0.2624,"12","solute carrier family 8 (sodium/calcium exchanger), member 3"
"Insr",-0.113155616256112,0.5428,"8","insulin receptor"
"Acot1",0.113138967068499,0.5168,"12","acyl-CoA thioesterase 1"
"Ehbp1l1",0.113104798531558,0.5056,"19","EH domain binding protein 1-like 1"
"Axin2",-0.113034175967624,0.6936,"11","axin 2"
"Gon7",0.113008235295099,0.5172,"12","GON7 subunit of KEOPS complex"
"Ipo4",0.113007266565671,0.0768,"14","importin 4"
"Itch",-0.112986149661607,0.5784,"2","itchy, E3 ubiquitin protein ligase"
"Nmral1",0.112984709707927,0.5512,"16","NmrA-like family domain containing 1"
"Dlx2",-0.112975692563515,0.494,"2","distal-less homeobox 2"
"Ubl5",0.112969140094077,0.6084,"9","ubiquitin-like 5"
"Rpe",-0.112872091820863,0.8884,"1","ribulose-5-phosphate-3-epimerase"
"Schip1",-0.112871744794534,0.9008,"3","schwannomin interacting protein 1"
"Mkx",-0.112831507154659,0.6368,"18","mohawk homeobox"
"Pkd1",-0.112822323339858,0.63,"17","polycystin 1, transient receptor potential channel interacting"
"Ippk",0.112783463431426,0.1648,"13","inositol 1,3,4,5,6-pentakisphosphate 2-kinase"
"Eif3b",0.112782863438828,0.6508,"5","eukaryotic translation initiation factor 3, subunit B"
"Btg1",-0.112772673528955,0.5588,"10","BTG anti-proliferation factor 1"
"Adarb2",-0.112758434009747,0.4308,"13","adenosine deaminase, RNA-specific, B2"
"Zfp445",-0.112750175809815,0.6232,"9","zinc finger protein 445"
"Zfp963",-0.112684078207623,0.494,"8","zinc finger protein 963"
"Smim11",0.112640938313525,0.6772,"16","small integral membrane protein 11"
"Gm5914",-0.112617257569254,0.7804,"8","predicted gene 5914"
"Recql",-0.11258688118293,0.5136,"6","RecQ protein-like"
"Mark4",0.112575863073543,0.1008,"7","MAP/microtubule affinity regulating kinase 4"
"Lrrtm4",-0.11257282387,0.8272,"6","leucine rich repeat transmembrane neuronal 4"
"Wwox",0.112559527361878,0.452,"8","WW domain-containing oxidoreductase"
"Alkbh1",-0.112554710760026,0.6388,"12","alkB homolog 1, histone H2A dioxygenase"
"Alkbh1",-0.112554710760026,0.6388,"12","alkB homolog 1, histone H2A dioxygenase"
"Atp5pb",0.112496745114751,0.4688,"3","ATP synthase peripheral stalk-membrane subunit b"
"Gm2a",0.112468014889544,0.5904,"11","GM2 ganglioside activator protein"
"Abcc1",-0.112384842397856,0.4024,"16","ATP-binding cassette, sub-family C (CFTR/MRP), member 1"
"Mapk14",0.112377960131615,0.4612,"17","mitogen-activated protein kinase 14"
"Nefm",-0.112346608152,0.0864,"14","neurofilament, medium polypeptide"
"Rft1",-0.112298982666601,0.284,"14","RFT1 homolog"
"Isg20l2",-0.112298593597235,0.5052,"3","interferon stimulated exonuclease gene 20-like 2"
"Elovl1",0.112280208524503,0.6,"4","elongation of very long chain fatty acids (FEN1/Elo2, SUR4/Elo3, yeast)-like 1"
"Asic2",0.112251380056474,0.5288,"11","acid-sensing (proton-gated) ion channel 2"
"Ttc9",-0.11222910372727,0.4788,"12","tetratricopeptide repeat domain 9"
"Nit2",0.112202434341988,0.4752,"16","nitrilase family, member 2"
"Kansl1",-0.112138438399112,0.5384,"11","KAT8 regulatory NSL complex subunit 1"
"Nudt11",0.112128887209985,0.2608,"X","nudix (nucleoside diphosphate linked moiety X)-type motif 11"
"Itgb8",-0.112104065462102,0.8228,"12","integrin beta 8"
"Tbl1x",-0.112091973637304,0.7608,"X","transducin (beta)-like 1 X-linked"
"Trak2",0.11207149200324,0.4604,"1","trafficking protein, kinesin binding 2"
"Fa2h",-0.112036466531161,0.5104,"8","fatty acid 2-hydroxylase"
"Ivd",0.112030220243835,0.3712,"2","isovaleryl coenzyme A dehydrogenase"
"Tcf19",0.112004669296406,0.7024,"17","transcription factor 19"
"Ammecr1l",-0.112002319566021,0.6924,"18","AMME chromosomal region gene 1-like"
"Eaf1",-0.112001644897131,0.6708,"14","ELL associated factor 1"
"Slc26a10",0.111961471729895,0.7156,"10","solute carrier family 26, member 10"
"Slain2",-0.111946229209129,0.4692,"5","SLAIN motif family, member 2"
"Miat",-0.111906117895291,0.7932,"5","myocardial infarction associated transcript (non-protein coding)"
"Fut10",-0.11185459986282,0.3296,"8","fucosyltransferase 10"
"Plcg1",-0.111852576294646,0.7232,"2","phospholipase C, gamma 1"
"Luc7l2",-0.11185208475074,0.496,"6","LUC7-like 2 (S. cerevisiae)"
"Rpn2",-0.111841574513496,0.1256,"2","ribophorin II"
"Mettl3",-0.111799941573289,0.6124,"14","methyltransferase like 3"
"Hnrnpa1",-0.111783850668464,0.5516,"15","heterogeneous nuclear ribonucleoprotein A1"
"Spata5",0.111749446073398,0.5936,"3","spermatogenesis associated 5"
"Strn",-0.111718232841558,0.5788,"17","striatin, calmodulin binding protein"
"Rgp1",0.11169869896166,0.2796,"4","RAB6A GEF compex partner 1"
"Cplx3",0.111689500647403,0.7188,"9","complexin 3"
"C2cd5",-0.111668301353308,0.4972,"6","C2 calcium-dependent domain containing 5"
"Raf1",0.111666942991962,0.0788,"6","v-raf-leukemia viral oncogene 1"
"Ppp3cb",-0.111657078789328,0.7964,"14","protein phosphatase 3, catalytic subunit, beta isoform"
"Vcp",0.111652315504504,0.1352,"4","valosin containing protein"
"Nf2",0.111608743380861,0.384,"11","neurofibromin 2"
"Tulp4",-0.111504020775368,0.684,"17","tubby like protein 4"
"Akirin1",-0.111491011149686,0.3952,"4","akirin 1"
"Trim62",-0.111471129997316,0.3024,"4","tripartite motif-containing 62"
"0610009B22Rik",0.111440203414966,0.51,"11","RIKEN cDNA 0610009B22 gene"
"Htr2a",-0.111435800075848,0.8932,"14","5-hydroxytryptamine (serotonin) receptor 2A"
"Dync2li1",0.111413011521784,0.2936,"17","dynein cytoplasmic 2 light intermediate chain 1"
"Pde2a",0.111408426594132,0.426,"7","phosphodiesterase 2A, cGMP-stimulated"
"Armcx1",-0.111408001457865,0.5512,"X","armadillo repeat containing, X-linked 1"
"Btbd11",-0.111390635845915,0.832,"10","BTB (POZ) domain containing 11"
"Idh1",-0.111379812660693,0.2952,"1","isocitrate dehydrogenase 1 (NADP+), soluble"
"Adra1d",-0.111354558766834,0.2628,"2","adrenergic receptor, alpha 1d"
"Dgka",0.111352045553848,0.6456,"10","diacylglycerol kinase, alpha"
"Ccdc93",-0.111334374158632,0.5692,"1","coiled-coil domain containing 93"
"Hmbox1",-0.111332723353275,0.5404,"14","homeobox containing 1"
"Rab2b",-0.111321412637871,0.2768,"14","RAB2B, member RAS oncogene family"
"Fyttd1",-0.11131279239878,0.2972,"16","forty-two-three domain containing 1"
"P3h2",-0.111304948896706,0.4792,"16","prolyl 3-hydroxylase 2"
"1110032F04Rik",0.11127164307042,0.4224,"3","RIKEN cDNA 1110032F04 gene"
"Cd82",0.11126642947821,0.544,"2","CD82 antigen"
"Sptbn2",0.111263424705999,0.574,"19","spectrin beta, non-erythrocytic 2"
"Stx18",0.111187171426899,0.4796,"5","syntaxin 18"
"Tubb2b",0.111167005435093,0.5284,"13","tubulin, beta 2B class IIB"
"Sap30l",0.111136108317864,0.5124,"11","SAP30-like"
"Pcdhga7",-0.111135043788351,0.7884,"18","protocadherin gamma subfamily A, 7"
"Trpc4",-0.111117076474634,0.188,"3","transient receptor potential cation channel, subfamily C, member 4"
"Tut7",-0.111098339670457,0.6588,"13","terminal uridylyl transferase 7"
"Map2",-0.111090932705428,0.3484,"1","microtubule-associated protein 2"
"Phrf1",-0.111086810067785,0.29,"7","PHD and ring finger domains 1"
"Ociad2",0.111067131374884,0.1592,"5","OCIA domain containing 2"
"Elfn1",-0.111067025576721,0.6624,"5","leucine rich repeat and fibronectin type III, extracellular 1"
"Xylb",-0.111063211271472,0.5996,"9","xylulokinase homolog (H. influenzae)"
"Atxn7",-0.111044605622775,0.7252,"14","ataxin 7"
"Apmap",0.111033698272455,0.2988,"2","adipocyte plasma membrane associated protein"
"Nt5c3",0.111006382259181,0.3064,"6","5'-nucleotidase, cytosolic III"
"Jpx",-0.110991390228714,0.3128,"X","Jpx transcript, Xist activator (non-protein coding)"
"Coq7",0.110986443458992,0.5124,"7","demethyl-Q 7"
"Slc38a2",-0.110958153177065,0.9496,"15","solute carrier family 38, member 2"
"Sap30bp",0.110915159442416,0.3384,"11","SAP30 binding protein"
"Polr2c",0.110874083927944,0.3668,"8","polymerase (RNA) II (DNA directed) polypeptide C"
"Cluh",0.110808470922761,0.3204,"11","clustered mitochondria (cluA/CLU1) homolog"
"Dph1",0.110807984984709,0.5668,"11","diphthamide biosynthesis 1"
"Dcaf6",-0.110785515871776,0.4196,"1","DDB1 and CUL4 associated factor 6"
"D030028A08Rik",0.110772652080747,0.62,"11","RIKEN cDNA D030028A08 gene"
"Kctd5",0.110767681024035,0.3972,"17","potassium channel tetramerisation domain containing 5"
"Rorb",-0.110763911202224,0.3364,"19","RAR-related orphan receptor beta"
"Khdrbs1",-0.110759835452926,0.298,"4","KH domain containing, RNA binding, signal transduction associated 1"
"Pip4k2c",0.110747986288269,0.072,"10","phosphatidylinositol-5-phosphate 4-kinase, type II, gamma"
"Man2b1",-0.110744252704295,0.4316,"8","mannosidase 2, alpha B1"
"Endov",0.110730823382219,0.5244,"11","endonuclease V"
"Wdr54",0.110695355878122,0.4644,"6","WD repeat domain 54"
"Lrfn4",0.110664340530493,0.368,"19","leucine rich repeat and fibronectin type III domain containing 4"
"Hdgf",0.110614252246255,0.5104,"3","heparin binding growth factor"
"Lzts1",0.110604832569941,0.0832,"8","leucine zipper, putative tumor suppressor 1"
"Mcur1",0.110597296679568,0.1268,"13","mitochondrial calcium uniporter regulator 1"
"Tnfaip3",-0.110541688382462,0.544,"10","tumor necrosis factor, alpha-induced protein 3"
"Mical1",0.110505776745088,0.5212,"10","microtubule associated monooxygenase, calponin and LIM domain containing 1"
"Numb",-0.110504374850604,0.3352,"12","NUMB endocytic adaptor protein"
"Rad23b",-0.110480438435151,0.5128,"4","RAD23 homolog B, nucleotide excision repair protein"
"Epg5",-0.110428864796856,0.578,"18","ectopic P-granules autophagy protein 5 homolog (C. elegans)"
"Zfp839",0.110398838730476,0.4532,"12","zinc finger protein 839"
"Hspa14",-0.110383667382436,0.434,"2","heat shock protein 14"
"Cdip1",0.110366405401416,0.1828,"16","cell death inducing Trp53 target 1"
"Tubb2a",0.110317772024896,0.2376,"13","tubulin, beta 2A class IIA"
"Rsl24d1",0.110244817518874,0.5972,"9","ribosomal L24 domain containing 1"
"Aldh18a1",-0.110168292989977,0.3232,"19","aldehyde dehydrogenase 18 family, member A1"
"Kars",0.110163506889736,0.6336,"8","lysyl-tRNA synthetase"
"Pfn1",0.110144256986248,0.6748,"11","profilin 1"
"Gng8",0.110109227684099,0.8388,"7","guanine nucleotide binding protein (G protein), gamma 8"
"Mycn",-0.110105617065382,0.6124,"12","v-myc avian myelocytomatosis viral related oncogene, neuroblastoma derived"
"Ppp3ca",-0.110067736746736,0.3992,"3","protein phosphatase 3, catalytic subunit, alpha isoform"
"Phkb",-0.110058502413492,0.3904,"8","phosphorylase kinase beta"
"Gpr83",0.110049712447807,0.3496,"9","G protein-coupled receptor 83"
"Rad54l2",-0.110033837297444,0.6244,"9","RAD54 like 2 (S. cerevisiae)"
"Acot13",0.110023546492856,0.6696,"13","acyl-CoA thioesterase 13"
"Baz1b",-0.110013994517999,0.4372,"5","bromodomain adjacent to zinc finger domain, 1B"
"Rab43",0.109974166684461,0.2872,"6","RAB43, member RAS oncogene family"
"Sgf29",0.10993650906968,0.4996,"7","SAGA complex associated factor 29"
"Pakap",-0.109889039394421,0.614,"4","paralemmin A kinase anchor protein"
"Pakap",-0.109889039394421,0.614,"4","paralemmin A kinase anchor protein"
"Pakap",-0.109889039394421,0.614,"4","paralemmin A kinase anchor protein"
"Exosc8",0.109781150871552,0.3916,"3","exosome component 8"
"Poc1b",0.109775270100863,0.2824,"10","POC1 centriolar protein B"
"Zfp710",-0.109726024229015,0.1328,"7","zinc finger protein 710"
"Myo6",-0.109700677291273,0.2828,"9","myosin VI"
"Trmt5",0.109698353613971,0.1212,"12","TRM5 tRNA methyltransferase 5"
"Naa80",-0.109664926857038,0.5428,"9","N(alpha)-acetyltransferase 80, NatH catalytic subunit"
"Tusc1",0.109628785583689,0.5848,"4","tumor suppressor candidate 1"
"Dner",-0.10962687682507,0.518,"1","delta/notch-like EGF repeat containing"
"Cacna1h",0.109617625624101,0.6228,"17","calcium channel, voltage-dependent, T type, alpha 1H subunit"
"Gmps",-0.109611302570858,0.7828,"3","guanine monophosphate synthetase"
"Gemin4",0.109605966352615,0.598,"11","gem nuclear organelle associated protein 4"
"Mrps27",0.10959534763803,0.5284,"13","mitochondrial ribosomal protein S27"
"Calm2",-0.109583826124839,0.496,"17","calmodulin 2"
"Ankrd63",0.109575979814996,0.4504,"2","ankyrin repeat domain 63"
"Rcn1",-0.109552462698893,0.5888,"2","reticulocalbin 1"
"Slc7a5",-0.109539868820459,0.4288,"8","solute carrier family 7 (cationic amino acid transporter, y+ system), member 5"
"Dtx1",0.109535655739546,0.6092,"5","deltex 1, E3 ubiquitin ligase"
"Prdx6",0.109524912855941,0.6576,"1","peroxiredoxin 6"
"Evi5l",0.109482191167779,0.154,"8","ecotropic viral integration site 5 like"
"Gm20754",0.109462387778735,0.478,"3","predicted gene, 20754"
"Ptch1",-0.109392758162928,0.4908,"13","patched 1"
"Sez6l",-0.109384039907818,0.166,"5","seizure related 6 homolog like"
"Ajm1",0.109375350057119,0.6852,"2","apical junction component 1"
"Tbrg4",0.109323054195688,0.5568,"11","transforming growth factor beta regulated gene 4"
"Dop1b",-0.109308234717798,0.442,"16","DOP1 leucine zipper like protein B"
"Mast1",0.109300778421254,0.5532,"8","microtubule associated serine/threonine kinase 1"
"Wdr18",0.109253686832877,0.69,"10","WD repeat domain 18"
"Smarcc1",-0.109250561938171,0.194,"9","SWI/SNF related, matrix associated, actin dependent regulator of chromatin, subfamily c, member 1"
"Hrh2",-0.10923414139078,0.26,"13","histamine receptor H2"
"Zfp882",-0.109218583395501,0.7072,"8","zinc finger protein 882"
"Cyp4x1",0.109162349779507,0.5292,"4","cytochrome P450, family 4, subfamily x, polypeptide 1"
"Golga5",-0.109124638620201,0.0896,"12","golgi autoantigen, golgin subfamily a, 5"
"Fbxo6",0.109013979287597,0.532,"4","F-box protein 6"
"Tmem135",-0.109004579137871,0.598,"7","transmembrane protein 135"
"Pgd",0.108944862911629,0.532,"4","phosphogluconate dehydrogenase"
"Pcbp1",-0.108927348017517,0.4764,"6","poly(rC) binding protein 1"
"Pnma2",0.108926383948999,0.5492,"14","paraneoplastic antigen MA2"
"Ddx4",-0.108896809344065,0.6764,"13","DEAD box helicase 4"
"Elp3",0.108832048003475,0.1464,"14","elongator acetyltransferase complex subunit 3"
"Riok2",-0.10883141058346,0.4808,"17","RIO kinase 2"
"Rai1",-0.108826873974878,0.3604,"11","retinoic acid induced 1"
"Exoc5",-0.10880604777979,0.54,"14","exocyst complex component 5"
"Eif2s2",-0.108774725571194,0.316,"2","eukaryotic translation initiation factor 2, subunit 2 (beta)"
"Vps4b",-0.108749484901899,0.6892,"1","vacuolar protein sorting 4B"
"Wipi2",0.108666448691577,0.4408,"5","WD repeat domain, phosphoinositide interacting 2"
"Spag5",-0.108644622190723,0.6264,"11","sperm associated antigen 5"
"Chmp7",0.108644288654635,0.504,"14","charged multivesicular body protein 7"
"Washc1",0.108583558542517,0.5804,"17","WASH complex subunit 1"
"Col18a1",-0.10856735038776,0.7472,"10","collagen, type XVIII, alpha 1"
"Acbd5",-0.108554925076858,0.0912,"2","acyl-Coenzyme A binding domain containing 5"
"Arl5a",-0.108525448431585,0.512,"2","ADP-ribosylation factor-like 5A"
"Phpt1",0.108517329124314,0.6712,"2","phosphohistidine phosphatase 1"
"Mtrf1l",0.108516308895748,0.1648,"10","mitochondrial translational release factor 1-like"
"Slc30a4",-0.108477919524677,0.5876,"2","solute carrier family 30 (zinc transporter), member 4"
"Zfp454",0.108471477117601,0.5288,"11","zinc finger protein 454"
"Hmgcr",-0.108427311601731,0.602,"13","3-hydroxy-3-methylglutaryl-Coenzyme A reductase"
"Golgb1",-0.108423911102833,0.6024,"16","golgi autoantigen, golgin subfamily b, macrogolgin 1"
"Cyp2j12",0.108415186429622,0.5612,"4","cytochrome P450, family 2, subfamily j, polypeptide 12"
"Camkk2",0.108409458478477,0.1184,"5","calcium/calmodulin-dependent protein kinase kinase 2, beta"
"Gna13",-0.108364113690352,0.2724,"11","guanine nucleotide binding protein, alpha 13"
"Tbc1d1",-0.108349032448469,0.3616,"5","TBC1 domain family, member 1"
"Tmem250-ps",0.10834018992618,0.5928,"2","transmembrane protein 250, pseudogene"
"Siah1a",-0.108288290543866,0.534,"8","siah E3 ubiquitin protein ligase 1A"
"Actr2",-0.108213915689962,0.5128,"11","ARP2 actin-related protein 2"
"St3gal6",-0.108205250191848,0.8204,"16","ST3 beta-galactoside alpha-2,3-sialyltransferase 6"
"Anp32b",0.10819286131892,0.578,"4","acidic (leucine-rich) nuclear phosphoprotein 32 family, member B"
"Msmo1",-0.108164045199683,0.146,"8","methylsterol monoxygenase 1"
"Ccng1",-0.108144274346305,0.2352,"11","cyclin G1"
"Zfp414",-0.108129662498822,0.5232,"17","zinc finger protein 414"
"Dpysl3",-0.108101609538899,0.6668,"18","dihydropyrimidinase-like 3"
"Lama5",0.108101487833625,0.7312,"2","laminin, alpha 5"
"Slc30a2",-0.10809556079255,0.6776,"4","solute carrier family 30 (zinc transporter), member 2"
"Ovca2",0.108089414699506,0.4912,"11","candidate tumor suppressor in ovarian cancer 2"
"Gsn",0.108066466390184,0.6264,"2","gelsolin"
"Cdan1",0.108061954752847,0.4816,"2","congenital dyserythropoietic anemia, type I (human)"
"Abhd17c",0.10804193138978,0.5092,"7","abhydrolase domain containing 17C"
"Nudt13",0.108041881820209,0.3628,"14","nudix (nucleoside diphosphate linked moiety X)-type motif 13"
"Sft2d1",-0.108033019437769,0.5592,"17","SFT2 domain containing 1"
"Pcdhgc3",-0.10802306381682,0.6888,"18","protocadherin gamma subfamily C, 3"
"Crkl",-0.108013861185341,0.382,"16","v-crk avian sarcoma virus CT10 oncogene homolog-like"
"Flt3",-0.108002466953281,0.6112,"5","FMS-like tyrosine kinase 3"
"Sfxn4",0.107955169234216,0.3724,"19","sideroflexin 4"
"Cpne4",0.10794345420653,0.4484,"9","copine IV"
"Zfp758",-0.107936237171351,0.8108,"17","zinc finger protein 758"
"Cadm4",0.107893433250834,0.5604,"7","cell adhesion molecule 4"
"Tbc1d17",0.107879599656894,0.5824,"7","TBC1 domain family, member 17"
"Adora1",0.107861960509457,0.2328,"1","adenosine A1 receptor"
"Fcsk",0.107833869766022,0.592,"8","fucose kinase"
"Gsr",0.107829767283042,0.2304,"8","glutathione reductase"
"Klf16",0.107805621696902,0.4044,"10","Kruppel-like factor 16"
"Hacd3",0.10777676878274,0.0816,"9","3-hydroxyacyl-CoA dehydratase 3"
"Dlec1",-0.107700218541751,0.676,"9","deleted in lung and esophageal cancer 1"
"Whrn",-0.107676711813251,0.532,"4","whirlin"
"Ppp1r3c",0.107668313753588,0.5808,"19","protein phosphatase 1, regulatory subunit 3C"
"Ptprt",-0.10765725730517,0.5756,"2","protein tyrosine phosphatase, receptor type, T"
"Klhdc3",0.107648025967287,0.5964,"17","kelch domain containing 3"
"Itih5",-0.107646454088385,0.7032,"2","inter-alpha-trypsin inhibitor, heavy chain 5"
"Neo1",-0.107643366234571,0.5128,"9","neogenin"
"Cdkl2",-0.107623339257635,0.4484,"5","cyclin-dependent kinase-like 2 (CDC2-related kinase)"
"Flywch1",0.107617904983131,0.2516,"17","FLYWCH-type zinc finger 1"
"Fbxo32",-0.107596465610889,0.2988,"15","F-box protein 32"
"Exoc1",-0.107568129923483,0.5796,"5","exocyst complex component 1"
"Wdr73",0.107561382427916,0.6016,"7","WD repeat domain 73"
"Pex11b",0.107546371763032,0.4704,"3","peroxisomal biogenesis factor 11 beta"
"Lrig2",0.107530074484764,0.2436,"3","leucine-rich repeats and immunoglobulin-like domains 2"
"Ndrg3",0.107494775206836,0.3808,"2","N-myc downstream regulated gene 3"
"Tbrg1",0.107470243371448,0.4328,"9","transforming growth factor beta regulated gene 1"
"Dnajc18",0.107469587620381,0.326,"18","DnaJ heat shock protein family (Hsp40) member C18"
"Klhl23",0.107465345306333,0.2484,"2","kelch-like 23"
"Zfp597",-0.107430320676796,0.6108,"16","zinc finger protein 597"
"Atp1a1",-0.10736243023246,0.6476,"3","ATPase, Na+/K+ transporting, alpha 1 polypeptide"
"Pign",-0.107356295365211,0.54,"1","phosphatidylinositol glycan anchor biosynthesis, class N"
"Setd3",0.107294516557904,0.2204,"12","SET domain containing 3"
"Dhrs7",-0.107277710616988,0.4596,"12","dehydrogenase/reductase (SDR family) member 7"
"D2hgdh",-0.107254411129518,0.2208,"1","D-2-hydroxyglutarate dehydrogenase"
"Aamp",0.107242917967977,0.2144,"1","angio-associated migratory protein"
"Pdlim1",-0.107211469101445,0.4764,"19","PDZ and LIM domain 1 (elfin)"
"Tmem88b",-0.107187043194549,0.6096,"4","transmembrane protein 88B"
"Nfkbib",0.107147363564656,0.5616,"7","nuclear factor of kappa light polypeptide gene enhancer in B cells inhibitor, beta"
"Srsf7",-0.107115237607674,0.4404,"17","serine and arginine-rich splicing factor 7"
"Pls1",-0.107098764814618,0.462,"9","plastin 1 (I-isoform)"
"Slc26a11",0.107087683746591,0.7324,"11","solute carrier family 26, member 11"
"Arsa",0.107057283236546,0.2856,"15","arylsulfatase A"
"Eif3h",0.107055628775988,0.6808,"15","eukaryotic translation initiation factor 3, subunit H"
"Klhl42",0.10704903684584,0.2192,"6","kelch-like 42"
"Mir6236",0.107029862880954,0.8328,"9","microRNA 6236"
"Usp29",-0.107029855065062,0.29,"7","ubiquitin specific peptidase 29"
"Smarcb1",0.107027412369025,0.6024,"10","SWI/SNF related, matrix associated, actin dependent regulator of chromatin, subfamily b, member 1"
"Negr1",-0.106979811288547,0.5448,"3","neuronal growth regulator 1"
"Dnase1l2",0.106886090163895,0.912,"17","deoxyribonuclease 1-like 2"
"Bphl",0.106868469331745,0.4688,"13","biphenyl hydrolase-like (serine hydrolase, breast epithelial mucin-associated antigen)"
"D030056L22Rik",-0.106866527924259,0.4584,"19","RIKEN cDNA D030056L22 gene"
"Gpn3",-0.106850292975654,0.6688,"5","GPN-loop GTPase 3"
"Capn15",0.106800218384596,0.424,"17","calpain 15"
"Cc2d1b",0.106779520847319,0.576,"4","coiled-coil and C2 domain containing 1B"
"Mbd6",-0.106753788708845,0.7856,"10","methyl-CpG binding domain protein 6"
"Slc25a3",0.106741260978828,0.2536,"10","solute carrier family 25 (mitochondrial carrier, phosphate carrier), member 3"
"Nfe2l3",-0.106729783536321,0.3728,"6","nuclear factor, erythroid derived 2, like 3"
"Etfdh",-0.106716074780546,0.604,"3","electron transferring flavoprotein, dehydrogenase"
"Cmpk2",-0.106706062018846,0.4668,"12","cytidine monophosphate (UMP-CMP) kinase 2, mitochondrial"
"Sfn",0.106696876515979,0.7716,"4","stratifin"
"Hid1",0.106681653638239,0.4672,"11","HID1 domain containing"
"Rgs4",-0.106639074595522,0.4552,"1","regulator of G-protein signaling 4"
"Tbc1d7",0.106563129739056,0.498,"13","TBC1 domain family, member 7"
"Cntn3",-0.106561522857114,0.8224,"6","contactin 3"
"Unc119b",0.106536762964865,0.5668,"5","unc-119 lipid binding chaperone B"
"Nphp3",0.106519640531829,0.7164,"9","nephronophthisis 3 (adolescent)"
"Sprn",0.10651657596128,0.2192,"7","shadow of prion protein"
"Ppp2r1b",-0.106500394801036,0.4276,"9","protein phosphatase 2, regulatory subunit A, beta"
"Tmem63b",0.106466781438412,0.2856,"17","transmembrane protein 63b"
"Sds",-0.106463724478755,0.7896,"5","serine dehydratase"
"Mmachc",-0.106367460001835,0.4428,"4","methylmalonic aciduria cblC type, with homocystinuria"
"Gzf1",0.106327625186924,0.4476,"2","GDNF-inducible zinc finger protein 1"
"Fam219b",0.106316939154714,0.4968,"9","family with sequence similarity 219, member B"
"Foxo1",-0.106310517209669,0.2856,"3","forkhead box O1"
"Rwdd2b",0.106294887656347,0.17,"16","RWD domain containing 2B"
"Ubfd1",-0.106263569147525,0.558,"7","ubiquitin family domain containing 1"
"Sbno1",-0.106247769335853,0.4816,"5","strawberry notch 1"
"Mief1",0.106216020760487,0.2812,"15","mitochondrial elongation factor 1"
"Gtf2f2",0.106156611995223,0.2924,"14","general transcription factor IIF, polypeptide 2"
"Smurf2",-0.106136007040114,0.2584,"11","SMAD specific E3 ubiquitin protein ligase 2"
"Ndfip2",-0.106133533479204,0.77,"14","Nedd4 family interacting protein 2"
"Pdhx",-0.106127644092371,0.8528,"2","pyruvate dehydrogenase complex, component X"
"Lmnb2",0.106126153897373,0.2368,"10","lamin B2"
"Mif4gd",0.106110560486868,0.494,"11","MIF4G domain containing"
"Bag2",-0.106001231291971,0.504,"1","BCL2-associated athanogene 2"
"Arf6",-0.105991415854661,0.6384,"12","ADP-ribosylation factor 6"
"Mast2",0.105979996980008,0.6572,"4","microtubule associated serine/threonine kinase 2"
"Zmat4",-0.105970312809088,0.5696,"8","zinc finger, matrin type 4"
"Nsf",-0.10595946802527,0.6364,"11","N-ethylmaleimide sensitive fusion protein"
"Golga3",-0.105953163522467,0.606,"5","golgi autoantigen, golgin subfamily a, 3"
"Cyth1",0.105942020575317,0.026,"11","cytohesin 1"
"Mettl6",0.105884682625958,0.0784,"14","methyltransferase like 6"
"Fdps",0.105882941837814,0.4092,"3","farnesyl diphosphate synthetase"
"Hbegf",-0.105881548568766,0.4444,"18","heparin-binding EGF-like growth factor"
"Rgl1",-0.105814385194206,0.3204,"1","ral guanine nucleotide dissociation stimulator,-like 1"
"Zfp84",-0.105804923366929,0.5432,"7","zinc finger protein 84"
"Yae1d1",0.105766224135206,0.6072,"13","Yae1 domain containing 1"
"Megf11",0.105726573144991,0.722,"9","multiple EGF-like-domains 11"
"Fggy",0.105718390490988,0.3048,"4","FGGY carbohydrate kinase domain containing"
"Mcm2",-0.10564220784027,0.4648,"6","minichromosome maintenance complex component 2"
"Tcf7l2",0.105637467041733,0.2588,"19","transcription factor 7 like 2, T cell specific, HMG box"
"Ctdspl",0.105611058857249,0.4884,"9","CTD (carboxy-terminal domain, RNA polymerase II, polypeptide A) small phosphatase-like"
"Tbc1d13",0.10558230257307,0.2904,"2","TBC1 domain family, member 13"
"Uso1",-0.10557893737415,0.6856,"5","USO1 vesicle docking factor"
"Mthfd2",-0.105508675168345,0.62,"6","methylenetetrahydrofolate dehydrogenase (NAD+ dependent), methenyltetrahydrofolate cyclohydrolase"
"Arl6ip6",-0.105500393478277,0.59,"2","ADP-ribosylation factor-like 6 interacting protein 6"
"Olfm1",0.10549780273689,0.686,"2","olfactomedin 1"
"Nek6",0.105486727750808,0.4344,"2","NIMA (never in mitosis gene a)-related expressed kinase 6"
"Wdr26",-0.105480934666446,0.7088,"1","WD repeat domain 26"
"Lxn",-0.105459303327287,0.6504,"3","latexin"
"Calm1",0.105459166716109,0.3144,"12","calmodulin 1"
"Fhod3",0.105428304817324,0.6168,"18","formin homology 2 domain containing 3"
"Nectin4",0.105420530669837,0.5108,"1","nectin cell adhesion molecule 4"
"B3galnt1",-0.105402146542627,0.7752,"3","UDP-GalNAc:betaGlcNAc beta 1,3-galactosaminyltransferase, polypeptide 1"
"Card10",-0.105398935508043,0.5976,"15","caspase recruitment domain family, member 10"
"Cactin",0.105395223490967,0.2992,"10","cactin, spliceosome C complex subunit"
"Cecr2",-0.10538503057685,0.6412,"6","CECR2, histone acetyl-lysine reader"
"Exosc9",-0.105367693305088,0.3396,"3","exosome component 9"
"Pcbd2",0.105343147047982,0.7596,"13","pterin 4 alpha carbinolamine dehydratase/dimerization cofactor of hepatocyte nuclear factor 1 alpha (TCF1) 2"
"Mrpl14",0.105339661869111,0.7312,"17","mitochondrial ribosomal protein L14"
"Atic",-0.105304170456111,0.4376,"1","5-aminoimidazole-4-carboxamide ribonucleotide formyltransferase/IMP cyclohydrolase"
"Mapre2",-0.10529732411757,0.5816,"18","microtubule-associated protein, RP/EB family, member 2"
"Sez6l2",0.105273217112378,0.1672,"7","seizure related 6 homolog like 2"
"Vps35",-0.105205916881439,0.7956,"8","VPS35 retromer complex component"
"Ttc17",-0.105138883545527,0.2368,"2","tetratricopeptide repeat domain 17"
"Thtpa",0.105078228080941,0.4232,"14","thiamine triphosphatase"
"Kcns3",-0.105069245076484,0.2584,"12","potassium voltage-gated channel, delayed-rectifier, subfamily S, member 3"
"Zer1",0.105048307392863,0.6568,"2","zyg-11 related, cell cycle regulator"
"Efnb1",-0.105008207242975,0.2836,"X","ephrin B1"
"Igsf9b",-0.104976950354991,0.6324,"9","immunoglobulin superfamily, member 9B"
"Usp24",-0.104954783797273,0.4192,"4","ubiquitin specific peptidase 24"
"Tent5a",-0.104945683023811,0.7584,"9","terminal nucleotidyltransferase 5A"
"Eef1a2",0.104937934852034,0.7472,"2","eukaryotic translation elongation factor 1 alpha 2"
"Naprt",0.104851795506061,0.6324,"15","nicotinate phosphoribosyltransferase"
"Csnk2a2",-0.104851234078831,0.188,"8","casein kinase 2, alpha prime polypeptide"
"Fbxw11",-0.104827251853113,0.8664,"11","F-box and WD-40 domain protein 11"
"Slc4a2",0.104823120951544,0.4932,"5","solute carrier family 4 (anion exchanger), member 2"
"Glis2",0.104812758394121,0.2372,"16","GLIS family zinc finger 2"
"Gnaq",-0.104785135925068,0.0936,"19","guanine nucleotide binding protein, alpha q polypeptide"
"Stxbp5",-0.104762573533753,0.5744,"10","syntaxin binding protein 5 (tomosyn)"
"Tnik",-0.104737823110204,0.762,"3","TRAF2 and NCK interacting kinase"
"Ranbp9",-0.104734807009689,0.8504,"13","RAN binding protein 9"
"Amz2",0.10470053144461,0.1292,"11","archaelysin family metallopeptidase 2"
"Polr2b",-0.104659429448028,0.6304,"5","polymerase (RNA) II (DNA directed) polypeptide B"
"Lima1",-0.104659424531164,0.6204,"15","LIM domain and actin binding 1"
"Rars2",-0.104613453608046,0.7344,"4","arginyl-tRNA synthetase 2, mitochondrial"
"Ndufs2",0.104535100497968,0.202,"1","NADH:ubiquinone oxidoreductase core subunit S2"
"Ubiad1",-0.104534382201338,0.268,"4","UbiA prenyltransferase domain containing 1"
"Mks1",0.104532374081932,0.5468,"11","MKS transition zone complex subunit 1"
"Chmp3",0.104495661716723,0.3824,"6","charged multivesicular body protein 3"
"Trappc10",-0.10449317672156,0.42,"10","trafficking protein particle complex 10"
"Mtarc2",0.104469696770454,0.0756,"1","mitochondrial amidoxime reducing component 2"
"Thoc3",0.104429581256706,0.5624,"13","THO complex 3"
"Robo4",-0.104422921177073,0.726,"9","roundabout guidance receptor 4"
"Antxr1",-0.104420502341714,0.5476,"6","anthrax toxin receptor 1"
"Prrt3",0.104357682912992,0.7092,"6","proline-rich transmembrane protein 3"
"Mphosph9",0.104355725261581,0.524,"5","M-phase phosphoprotein 9"
"Sparc",0.104349999601635,0.862,"11","secreted acidic cysteine rich glycoprotein"
"Tmem41a",0.104342369428511,0.2864,"16","transmembrane protein 41a"
"Dpysl4",0.104339249754227,0.4668,"7","dihydropyrimidinase-like 4"
"Fam120a",-0.104287945292533,0.2832,"13","family with sequence similarity 120, member A"
"Zkscan5",0.104286871217556,0.294,"5","zinc finger with KRAB and SCAN domains 5"
"Sumo3",0.104286370825898,0.386,"10","small ubiquitin-like modifier 3"
"Dip2c",-0.104261741940399,0.2496,"13","disco interacting protein 2 homolog C"
"Dhdds",0.104261342417912,0.536,"4","dehydrodolichyl diphosphate synthase"
"Rpp40",0.10425760973301,0.6344,"13","ribonuclease P 40 subunit"
"5730409E04Rik",0.104242327100754,0.5852,"4","RIKEN cDNA 5730409E04Rik gene"
"Usp40",-0.104238922425416,0.73,"1","ubiquitin specific peptidase 40"
"Tchp",0.104216568036459,0.5064,"5","trichoplein, keratin filament binding"
"Dusp3",0.104207578787111,0.264,"11","dual specificity phosphatase 3 (vaccinia virus phosphatase VH1-related)"
"Armcx4",-0.104199101842043,0.6924,"X","armadillo repeat containing, X-linked 4"
"Bex1",-0.104197253157603,0.6756,"X","brain expressed X-linked 1"
"Zfp316",0.104156139392188,0.5536,"5","zinc finger protein 316"
"Sez6",-0.104153299195221,0.19,"11","seizure related gene 6"
"Med21",0.104133398699903,0.4816,"6","mediator complex subunit 21"
"Chpf2",0.104103630847452,0.548,"5","chondroitin polymerizing factor 2"
"Cnpy4",-0.104081688908255,0.1672,"5","canopy FGF signaling regulator 4"
"Grin3a",-0.104081565508504,0.6704,"4","glutamate receptor ionotropic, NMDA3A"
"Recql5",0.104081106002097,0.6868,"11","RecQ protein-like 5"
"Bcas3",0.104076160867009,0.5212,"11","BCAS3 microtubule associated cell migration factor"
"Nphp1",0.104048752656155,0.1108,"2","nephronophthisis 1 (juvenile) homolog (human)"
"Natd1",0.104046563322554,0.5296,"11","N-acetyltransferase domain containing 1"
"Magi1",-0.104042769579431,0.4172,"6","membrane associated guanylate kinase, WW and PDZ domain containing 1"
"Magi1",-0.104042769579431,0.4172,"6","membrane associated guanylate kinase, WW and PDZ domain containing 1"
"Ppwd1",-0.104022296445097,0.7816,"13","peptidylprolyl isomerase domain and WD repeat containing 1"
"Gspt2",-0.104010944171066,0.5776,"X","G1 to S phase transition 2"
"Caly",0.104000613672721,0.7824,"7","calcyon neuron-specific vesicular protein"
"Dennd1b",-0.103994985196231,0.5608,"1","DENN/MADD domain containing 1B"
"Anapc1",-0.103983178142997,0.6132,"2","anaphase promoting complex subunit 1"
"Map4k4",-0.103980199541803,0.1124,"1","mitogen-activated protein kinase kinase kinase kinase 4"
"Fam135a",-0.103978186873538,0.7068,"1","family with sequence similarity 135, member A"
"Trim8",0.103975408940554,0.6156,"19","tripartite motif-containing 8"
"Chst1",0.10397196634085,0.4172,"2","carbohydrate sulfotransferase 1"
"Grpel2",0.103962092013654,0,"18","GrpE-like 2, mitochondrial"
"Cerk",0.103960620523337,0.2204,"15","ceramide kinase"
"Dusp12",0.103913768664039,0.3676,"1","dual specificity phosphatase 12"
"Rfxap",0.103809793151084,0.3756,"3","regulatory factor X-associated protein"
"Pcnx",-0.103770747085828,0.65,"12","pecanex homolog"
"Tmem35a",-0.103767752240526,0.394,"X","transmembrane protein 35A"
"Sparcl1",-0.103756226457119,0.2984,"5","SPARC-like 1"
"C1d",0.103746842782058,0.574,"11","C1D nuclear receptor co-repressor"
"C1qc",-0.1037419611619,0.8248,"4","complement component 1, q subcomponent, C chain"
"Mccc1",-0.103716239647334,0.4604,"3","methylcrotonoyl-Coenzyme A carboxylase 1 (alpha)"
"Med15",-0.103714836972946,0.304,"16","mediator complex subunit 15"
"Tnfrsf21",-0.103702083019567,0.5144,"17","tumor necrosis factor receptor superfamily, member 21"
"Slc25a40",-0.103675413521461,0.5984,"5","solute carrier family 25, member 40"
"Tmem138",0.103663264271331,0.6176,"19","transmembrane protein 138"
"Ankrd24",-0.103647177745171,0.3804,"10","ankyrin repeat domain 24"
"Fam120c",-0.103646429870035,0.4328,"X","family with sequence similarity 120, member C"
"4833439L19Rik",0.103637870069437,0.1624,"13","RIKEN cDNA 4833439L19 gene"
"Ftsj1",0.103637147950556,0.5748,"X","FtsJ RNA methyltransferase homolog 1 (E. coli)"
"Mms19",0.103636596025848,0.3008,"19","MMS19 cytosolic iron-sulfur assembly component"
"Strn4",0.103634557851307,0.0616,"7","striatin, calmodulin binding protein 4"
"Mctp1",0.103620158845895,0.7024,"13","multiple C2 domains, transmembrane 1"
"Extl1",0.103579278777865,0.622,"4","exostosin-like glycosyltransferase 1"
"Col7a1",0.103570910067132,0.7496,"9","collagen, type VII, alpha 1"
"Zfyve28",0.103570517375185,0.2524,"5","zinc finger, FYVE domain containing 28"
"Adi1",0.10355638339264,0.6448,"12","acireductone dioxygenase 1"
"Abhd18",-0.103553984083819,0.732,"3","abhydrolase domain containing 18"
"Tpgs2",0.103501678742266,0.422,"18","tubulin polyglutamylase complex subunit 2"
"Arhgef6",-0.103496904010666,0.6548,"X","Rac/Cdc42 guanine nucleotide exchange factor (GEF) 6"
"Srfbp1",-0.103493253109362,0.1432,"18","serum response factor binding protein 1"
"Naa30",-0.103487699497162,0.404,"14","N(alpha)-acetyltransferase 30, NatC catalytic subunit"
"Gtf2h2",-0.103474129786112,0.4964,"13","general transcription factor II H, polypeptide 2"
"Klhl26",0.103418626767695,0.3148,"8","kelch-like 26"
"Ltbp3",-0.103394089334936,0.422,"19","latent transforming growth factor beta binding protein 3"
"Yars2",0.103383440866458,0.3112,"16","tyrosyl-tRNA synthetase 2 (mitochondrial)"
"Mff",0.103379777619104,0.3336,"1","mitochondrial fission factor"
"Ephb3",-0.103378931934467,0.316,"16","Eph receptor B3"
"Amer1",-0.103313241202387,0.6796,"X","APC membrane recruitment 1"
"Chtop",0.103310127780208,0.126,"3","chromatin target of PRMT1"
"Eps8l2",-0.10329410426116,0.7748,"7","EPS8-like 2"
"Cyb5a",-0.103288800711879,0.588,"18","cytochrome b5 type A (microsomal)"
"Crnkl1",-0.103259593150475,0.5768,"2","crooked neck pre-mRNA splicing factor 1"
"Clp1",0.103246931883249,0.6,"2","CLP1, cleavage and polyadenylation factor I subunit"
"Nudt6",0.103204570231104,0.578,"3","nudix (nucleoside diphosphate linked moiety X)-type motif 6"
"Tuba1b",0.10319922616247,0.3428,"15","tubulin, alpha 1B"
"Zbtb5",0.103188449316733,0.3552,"4","zinc finger and BTB domain containing 5"
"Prpf4",0.103182414687983,0.1432,"4","pre-mRNA processing factor 4"
"Ssbp1",-0.103145522297649,0.3932,"6","single-stranded DNA binding protein 1"
"Arhgap27",0.103132385950058,0.3152,"11","Rho GTPase activating protein 27"
"Ints13",-0.103123535639205,0.4424,"6","integrator complex subunit 13"
"Fam76b",-0.103051353302821,0.574,"9","family with sequence similarity 76, member B"
"Psmd1",0.103047220928832,0.3408,"1","proteasome (prosome, macropain) 26S subunit, non-ATPase, 1"
"Tbc1d16",0.103042193420023,0.546,"11","TBC1 domain family, member 16"
"Ndrg1",0.103038395449982,0.5428,"15","N-myc downstream regulated gene 1"
"Hnrnpul1",-0.103035898949788,0.0952,"7","heterogeneous nuclear ribonucleoprotein U-like 1"
"Gpr12",0.103025543657028,0.2468,"5","G-protein coupled receptor 12"
"Mtmr3",0.103004693254677,0.4996,"11","myotubularin related protein 3"
"Rflnb",0.102965264649272,0.4492,"11","refilin B"
"Bysl",0.102940241664348,0.4256,"17","bystin-like"
"Matn2",-0.102894204925279,0.4136,"15","matrilin 2"
"Metrnl",0.102892329882394,0.6124,"11","meteorin, glial cell differentiation regulator-like"
"Fbh1",0.102889525363837,0.3724,"2","F-box DNA helicase 1"
"Cfap43",0.102881706359705,0.6552,"19","cilia and flagella associated protein 43"
"Bend6",0.102871436974786,0.2024,"1","BEN domain containing 6"
"Pak2",-0.102865366991763,0.5956,"16","p21 (RAC1) activated kinase 2"
"B4galt6",-0.102772764507659,0.6632,"18","UDP-Gal:betaGlcNAc beta 1,4-galactosyltransferase, polypeptide 6"
"Inpp5e",-0.102767353907302,0.3192,"2","inositol polyphosphate-5-phosphatase E"
"Atp13a4",-0.102744526400532,0.548,"16","ATPase type 13A4"
"Phkg1",0.102740796048096,0.3244,"5","phosphorylase kinase gamma 1"
"Fbf1",0.102733780648463,0.4744,"11","Fas (TNFRSF6) binding factor 1"
"Mrps12",0.10271084548937,0.7548,"7","mitochondrial ribosomal protein S12"
"Clic6",0.102698728432936,0.9248,"16","chloride intracellular channel 6"
"Unc13c",-0.102608142832771,0.2788,"9","unc-13 homolog C"
"Tkfc",0.102595265107041,0.444,"19","triokinase, FMN cyclase"
"Sugp1",0.102579084132398,0.2584,"8","SURP and G patch domain containing 1"
"Slc23a2",-0.102533581488604,0.6508,"2","solute carrier family 23 (nucleobase transporters), member 2"
"Abi2",-0.102503007854537,0.2884,"1","abl interactor 2"
"Spire2",0.10246888601017,0.6892,"8","spire type actin nucleation factor 2"
"Etfa",0.102438791863109,0.3812,"9","electron transferring flavoprotein, alpha polypeptide"
"Pdxk",0.102436887370846,0.4636,"10","pyridoxal (pyridoxine, vitamin B6) kinase"
"Rhoq",-0.102429003133684,0.3928,"17","ras homolog family member Q"
"Greb1l",-0.102425410758847,0.552,"18","growth regulation by estrogen in breast cancer-like"
"Rcn2",-0.102411747726967,0.3228,"9","reticulocalbin 2"
"Zfp563",-0.102409078324486,0.4972,"17","zinc finger protein 563"
"Eps15l1",-0.102403025473951,0.3672,"8","epidermal growth factor receptor pathway substrate 15-like 1"
"Letm2",-0.102396831520082,0.5068,"8","leucine zipper-EF-hand containing transmembrane protein 2"
"Nup50",0.102384207741708,0.3368,"15","nucleoporin 50"
"Cacna1d",-0.102374592351092,0.7008,"14","calcium channel, voltage-dependent, L type, alpha 1D subunit"
"Atp6v1h",-0.102361383078519,0.8184,"1","ATPase, H+ transporting, lysosomal V1 subunit H"
"Slc45a4",0.102341365433693,0.1628,"15","solute carrier family 45, member 4"
"Slc30a7",-0.102327014597646,0.3376,"3","solute carrier family 30 (zinc transporter), member 7"
"Tm9sf3",-0.102303083167069,0.4604,"19","transmembrane 9 superfamily member 3"
"9330133O14Rik",0.10228028369596,0.6076,"8","RIKEN cDNA 9330133O14 gene"
"Atp8b2",0.10225273366296,0.5588,"3","ATPase, class I, type 8B, member 2"
"Cnih3",0.102247689033638,0.57,"1","cornichon family AMPA receptor auxiliary protein 3"
"Vstm2b",-0.10224387823044,0.5428,"7","V-set and transmembrane domain containing 2B"
"Rhno1",0.102228407325043,0.5168,"6","RAD9-HUS1-RAD1 interacting nuclear orphan 1"
"Tmem106c",0.102165276836561,0.5756,"15","transmembrane protein 106C"
"Selenok",0.102164789748939,0.704,"14","selenoprotein K"
"Ak4",-0.10216318365684,0.1508,"4","adenylate kinase 4"
"Zc3h18",-0.102151500749624,0.1656,"8","zinc finger CCCH-type containing 18"
"Actr3b",0.102142411808257,0.3632,"5","ARP3 actin-related protein 3B"
"Asxl3",-0.102134313975661,0.6548,"18","ASXL transcriptional regulator 3"
"Kcns1",0.102127648221304,0.6748,"2","K+ voltage-gated channel, subfamily S, 1"
"Slc35f6",0.102074611746401,0.3164,"5","solute carrier family 35, member F6"
"Mta3",-0.102046980285381,0.4992,"17","metastasis associated 3"
"Wdr91",0.101996218978072,0.338,"6","WD repeat domain 91"
"Stac",-0.101991423978967,0.8272,"9","src homology three (SH3) and cysteine rich domain"
"Kcnj16",-0.101963713972206,0.226,"11","potassium inwardly-rectifying channel, subfamily J, member 16"
"Akap10",-0.101962497899124,0.7684,"11","A kinase (PRKA) anchor protein 10"
"Txndc11",0.101954309365897,0.456,"16","thioredoxin domain containing 11"
"Gas2l1",0.101900846415114,0.5148,"11","growth arrest-specific 2 like 1"
"Kifc3",0.101890932499652,0.3056,"8","kinesin family member C3"
"Acot2",0.101881522319656,0.6196,"12","acyl-CoA thioesterase 2"
"Hsd17b12",0.101880903216297,0.2072,"2","hydroxysteroid (17-beta) dehydrogenase 12"
"Echdc2",0.101871205638652,0.7472,"4","enoyl Coenzyme A hydratase domain containing 2"
"Elac2",0.101852559927758,0.286,"11","elaC ribonuclease Z 2"
"Vav3",-0.101845062413049,0.5736,"3","vav 3 oncogene"
"Bach2",-0.101832905433911,0.592,"4","BTB and CNC homology, basic leucine zipper transcription factor 2"
"Daxx",0.101791578287647,0.4012,"17","Fas death domain-associated protein"
"Hmgb1",-0.101787410753559,0.4856,"5","high mobility group box 1"
"Ggct",0.101760110922497,0.6788,"6","gamma-glutamyl cyclotransferase"
"Tagap1",0.101691221457873,0.1516,"17","T cell activation GTPase activating protein 1"
"Gpatch8",-0.101673084853553,0.644,"11","G patch domain containing 8"
"Maml3",-0.101633106602015,0.6736,"3","mastermind like transcriptional coactivator 3"
"Cpsf7",-0.101619160213709,0.4748,"19","cleavage and polyadenylation specific factor 7"
"Atg16l1",0.101591341514715,0.1664,"1","autophagy related 16-like 1 (S. cerevisiae)"
"Gad2",-0.101557449572437,0.6764,"2","glutamic acid decarboxylase 2"
"Rnf4",0.10153281049092,0.5104,"5","ring finger protein 4"
"Derl2",-0.101523340284965,0.3376,"11","Der1-like domain family, member 2"
"Tarsl2",-0.101520833082039,0.63,"7","threonyl-tRNA synthetase-like 2"
"Por",-0.101500126301295,0.0924,"5","cytochrome p450 oxidoreductase"
"Gdf10",-0.101498744987143,0.7872,"14","growth differentiation factor 10"
"Col4a5",-0.101486446019095,0.8236,"X","collagen, type IV, alpha 5"
"Olfm2",-0.101448599844557,0.5264,"9","olfactomedin 2"
"Alkbh4",0.101338083833835,0.6412,"5","alkB homolog 4, lysine demethylase"
"Ddt",0.101336348744176,0.734,"10","D-dopachrome tautomerase"
"Tubb5",0.101279233251194,0.6004,"17","tubulin, beta 5 class I"
"E2f5",-0.1012602274614,0.3168,"3","E2F transcription factor 5"
"Nlrx1",-0.101256699410768,0.7008,"9","NLR family member X1"
"Phf21b",-0.101246661734778,0.528,"15","PHD finger protein 21B"
"Adrb1",-0.101234784400631,0.4316,"19","adrenergic receptor, beta 1"
"Ltk",0.101216529630786,0.6116,"2","leukocyte tyrosine kinase"
"Mrpl41",0.101186798761152,0.5636,"2","mitochondrial ribosomal protein L41"
"Cbx1",-0.101185238132904,0.4824,"11","chromobox 1"
"Adamts9",0.101171762280098,0.5488,"6","a disintegrin-like and metallopeptidase (reprolysin type) with thrombospondin type 1 motif, 9"
"Sgpp2",-0.101161627240581,0.7924,"1","sphingosine-1-phosphate phosphatase 2"
"Foxk1",-0.101154647594385,0.722,"5","forkhead box K1"
"Hdac3",0.101143429925282,0.0456,"18","histone deacetylase 3"
"6430548M08Rik",0.101132559673808,0.2476,"8","RIKEN cDNA 6430548M08 gene"
"Ankle2",-0.101126133667643,0.5168,"5","ankyrin repeat and LEM domain containing 2"
"Zbtb2",-0.10109814223704,0.1224,"10","zinc finger and BTB domain containing 2"
"Rasal2",-0.101096858763462,0.732,"1","RAS protein activator like 2"
"Lrp11",-0.101059533812476,0.8116,"10","low density lipoprotein receptor-related protein 11"
"Amfr",0.101050352987049,0.1144,"8","autocrine motility factor receptor"
"Polr3b",-0.101037403764145,0.8132,"10","polymerase (RNA) III (DNA directed) polypeptide B"
"Tmc7",-0.101033606748142,0.6188,"7","transmembrane channel-like gene family 7"
"Crls1",-0.100945739281266,0.4424,"2","cardiolipin synthase 1"
"Ppm1l",-0.100917280150037,0.8288,"3","protein phosphatase 1 (formerly 2C)-like"
"Bap1",0.100864597955262,0.32,"14","Brca1 associated protein 1"
"Tmem243",-0.100827428777726,0.536,"5","transmembrane protein 243, mitochondrial"
"Cyp51",-0.100776380395206,0.2868,"5","cytochrome P450, family 51"
"Nacc1",0.100774923951384,0.4724,"8","nucleus accumbens associated 1, BEN and BTB (POZ) domain containing"
"Dixdc1",-0.100759730241974,0.4432,"9","DIX domain containing 1"
"Mef2c",-0.100756133516166,0.3664,"13","myocyte enhancer factor 2C"
"Picalm",-0.100743784501007,0.442,"7","phosphatidylinositol binding clathrin assembly protein"
"Acsf2",-0.100704628010236,0.5588,"11","acyl-CoA synthetase family member 2"
"Rcan1",0.100647242929369,0.5504,"16","regulator of calcineurin 1"
"Reep5",0.100646694813717,0.1212,"18","receptor accessory protein 5"
"Minpp1",0.100645447607913,0.2276,"19","multiple inositol polyphosphate histidine phosphatase 1"
"Bcl7c",0.10061767577205,0.6912,"7","B cell CLL/lymphoma 7C"
"Epha5",-0.100600701459687,0.7364,"5","Eph receptor A5"
"Plekha6",-0.100576772970789,0.646,"1","pleckstrin homology domain containing, family A member 6"
"Rnpep",0.100573170462229,0.5504,"1","arginyl aminopeptidase (aminopeptidase B)"
"Rnf149",-0.100543627050675,0.3444,"1","ring finger protein 149"
"Spcs1",0.100537768331022,0.4716,"14","signal peptidase complex subunit 1 homolog (S. cerevisiae)"
"Ndufs1",-0.100529601351239,0.736,"1","NADH:ubiquinone oxidoreductase core subunit S1"
"Grem2",-0.100523801933503,0.8904,"1","gremlin 2, DAN family BMP antagonist"
"Zfp780b",-0.100487950287235,0.6532,"7","zinc finger protein 780B"
"Pacs2",0.100478730406493,0.4684,"12","phosphofurin acidic cluster sorting protein 2"
"Mettl22",0.100473036257559,0.5656,"16","methyltransferase like 22"
"Osbpl3",-0.100470608252941,0.6092,"6","oxysterol binding protein-like 3"
"Med9",0.10043424449345,0.53,"11","mediator complex subunit 9"
"Phgdh",0.100432699503221,0.628,"3","3-phosphoglycerate dehydrogenase"
"Jdp2",0.100423573468613,0.5408,"12","Jun dimerization protein 2"
"Adgrg1",-0.100407765621345,0.3976,"8","adhesion G protein-coupled receptor G1"
"Farsa",0.100353699505465,0.1496,"8","phenylalanyl-tRNA synthetase, alpha subunit"
"Tceal9",-0.100335861546968,0.6204,"X","transcription elongation factor A like 9"
"Tmem229a",-0.10032649424156,0.4352,"6","transmembrane protein 229A"
"Irf3",0.100311981663228,0.58,"7","interferon regulatory factor 3"
"C9orf72",-0.100306432241337,0.6228,"4","C9orf72, member of C9orf72-SMCR8 complex"
"Sugp2",0.10028669438214,0.34,"8","SURP and G patch domain containing 2"
"Gpr89",0.100226242817611,0.2444,"3","G protein-coupled receptor 89"
"Lpar1",0.100217127479618,0.8088,"4","lysophosphatidic acid receptor 1"
"Fam219a",0.100214561519588,0.3948,"4","family with sequence similarity 219, member A"
"Gstk1",0.100211213518983,0.5996,"6","glutathione S-transferase kappa 1"
"Ankrd33b",-0.100172069121196,0.5364,"15","ankyrin repeat domain 33B"
"Mesd",0.10013704430872,0.2024,"7","mesoderm development LRP chaperone"
"Ilf2",0.100098011154729,0.1652,"3","interleukin enhancer binding factor 2"
"Synrg",-0.100086599852809,0.4536,"11","synergin, gamma"
"Vsnl1",-0.100086440596998,0.3388,"12","visinin-like 1"
"Ccdc174",-0.100071989704605,0.2188,"6","coiled-coil domain containing 174"
"Igf1r",-0.100039451213371,0.714,"7","insulin-like growth factor I receptor"
"Enox1",-0.100036252208636,0.3724,"14","ecto-NOX disulfide-thiol exchanger 1"
"Dnajb11",-0.100026155928202,0.282,"16","DnaJ heat shock protein family (Hsp40) member B11"
"Plekha5",-0.100025089828356,0.7044,"6","pleckstrin homology domain containing, family A member 5"
"Med11",0.0999720409142206,0.6424,"11","mediator complex subunit 11"
"Mdm4",-0.0999320380824678,0.566,"1","transformed mouse 3T3 cell double minute 4"
"Myo1c",0.0999041627791959,0.4932,"11","myosin IC"
"Pacrg",0.0999027723444597,0.5152,"17","PARK2 co-regulated"
"Slc25a46",-0.0998528194218,0.7812,"18","solute carrier family 25, member 46"
"Cnot1",-0.0998316008068878,0.7576,"8","CCR4-NOT transcription complex, subunit 1"
"Aco2",0.0998060412713055,0.4764,"15","aconitase 2, mitochondrial"
"Zfand6",-0.0998048636311619,0.586,"7","zinc finger, AN1-type domain 6"
"Xpnpep1",0.0997927585634644,0.2844,"19","X-prolyl aminopeptidase (aminopeptidase P) 1, soluble"
"Fcer1g",-0.0997161743038948,0.686,"1","Fc receptor, IgE, high affinity I, gamma polypeptide"
"Clmn",0.0997107569703974,0.5704,"12","calmin"
"Lemd3",-0.0996446570119991,0.8044,"10","LEM domain containing 3"
"Itgbl1",-0.0996153056236031,0.7468,"14","integrin, beta-like 1"
"Arfip2",0.0996075438921311,0.4544,"7","ADP-ribosylation factor interacting protein 2"
"Gjb1",0.0995679938628706,0.6712,"X","gap junction protein, beta 1"
"Jade3",-0.0995667317362789,0.4428,"X","jade family PHD finger 3"
"Eloc",0.0995565459101,0.5272,"1","elongin C"
"Ykt6",0.0995539950965805,0.3804,"11","YKT6 v-SNARE homolog (S. cerevisiae)"
"Katnal1",-0.0995247590748232,0.37,"5","katanin p60 subunit A-like 1"
"Ccdc142",0.0995120785727388,0.6064,"6","coiled-coil domain containing 142"
"2210016F16Rik",0.0994931061689939,0.7272,"13","RIKEN cDNA 2210016F16 gene"
"Gpx3",0.0994682062347196,0.7188,"11","glutathione peroxidase 3"
"6030458C11Rik",-0.0994677324165227,0.5132,"15","RIKEN cDNA 6030458C11 gene"
"Gfm2",0.099446202806349,0.462,"13","G elongation factor, mitochondrial 2"
"Cinp",0.0994456793445542,0.5068,"12","cyclin-dependent kinase 2 interacting protein"
"Psrc1",0.0994102253097608,0.3784,"3","proline/serine-rich coiled-coil 1"
"Ppp1ccb",-0.099408383409973,0.6096,"7","protein phosphatase 1 catalytic subunit gamma B"
"Zc2hc1a",-0.0993930455717447,0.6752,"3","zinc finger, C2HC-type containing 1A"
"1500015A07Rik",-0.0993914488975172,0.6876,"18","RIKEN cDNA 1500015A07 gene"
"Smap2",-0.0993903442083877,0.4176,"4","small ArfGAP 2"
"Alg8",-0.0993759172479196,0.364,"7","asparagine-linked glycosylation 8 (alpha-1,3-glucosyltransferase)"
"Neat1",-0.0993602530046429,0.5176,"19","nuclear paraspeckle assembly transcript 1 (non-protein coding)"
"Smg7",-0.0992931078328425,0.1924,"1","SMG7 nonsense mediated mRNA decay factor"
"Psmd2",0.0992683559022449,0.2936,"16","proteasome (prosome, macropain) 26S subunit, non-ATPase, 2"
"Grin2c",0.0992679561740761,0.664,"11","glutamate receptor, ionotropic, NMDA2C (epsilon 3)"
"Tfrc",0.0992542673855636,0.5592,"16","transferrin receptor"
"Epn3",0.099208721193186,0.7828,"11","epsin 3"
"Dusp14",0.0992028554413924,0.5848,"11","dual specificity phosphatase 14"
"Sgta",0.0991807660005373,0.328,"10","small glutamine-rich tetratricopeptide repeat (TPR)-containing, alpha"
"Zfp11",-0.0991793376277967,0.6344,"5","zinc finger protein 11"
"Insyn2a",-0.0991659783679832,0.6648,"7","inhibitory synaptic factor 2A"
"Syn1",-0.0991435056511278,0.6012,"X","synapsin I"
"Gtf2a1",-0.0991414972480245,0.538,"12","general transcription factor II A, 1"
"Vamp3",0.0991350405074227,0.4948,"4","vesicle-associated membrane protein 3"
"Med17",-0.0991212730610815,0.7272,"9","mediator complex subunit 17"
"Pkdcc",0.0990930761380984,0.5384,"17","protein kinase domain containing, cytoplasmic"
"Ccdc9",0.0990928867123246,0.7324,"7","coiled-coil domain containing 9"
"Cfdp1",0.0990884553317457,0.6976,"8","craniofacial development protein 1"
"Fbxl3",-0.0990753339352581,0.6772,"14","F-box and leucine-rich repeat protein 3"
"Pdk3",-0.0990613432637035,0.3428,"X","pyruvate dehydrogenase kinase, isoenzyme 3"
"Pth1r",-0.0989959924863506,0.7304,"9","parathyroid hormone 1 receptor"
"Chrnb2",0.0989875062107251,0.3852,"3","cholinergic receptor, nicotinic, beta polypeptide 2 (neuronal)"
"Bub3",-0.0988971721405063,0.3452,"7","BUB3 mitotic checkpoint protein"
"Psmf1",0.0988700818405297,0.4476,"2","proteasome (prosome, macropain) inhibitor subunit 1"
"Sned1",-0.0988666276355641,0.7932,"1","sushi, nidogen and EGF-like domains 1"
"Zcchc24",0.0988243645921303,0.5492,"14","zinc finger, CCHC domain containing 24"
"Tubg1",0.098773499703448,0.606,"11","tubulin, gamma 1"
"Ttc4",-0.0987240151721673,0.3244,"4","tetratricopeptide repeat domain 4"
"Snx7",-0.0987020586836556,0.766,"3","sorting nexin 7"
"Mkks",0.0986589802422335,0.1028,"2","McKusick-Kaufman syndrome"
"Elovl6",-0.0986567386339017,0.8848,"3","ELOVL family member 6, elongation of long chain fatty acids (yeast)"
"Zfp212",0.0986438960272489,0.1592,"6","Zinc finger protein 212"
"Gpd1",0.0986213547758084,0.5028,"15","glycerol-3-phosphate dehydrogenase 1 (soluble)"
"Wdr3",0.0986207859515789,0.4528,"3","WD repeat domain 3"
"Sbk1",0.0986179943544059,0.5664,"7","SH3-binding kinase 1"
"Cmtr2",0.0985626486043802,0.5552,"8","cap methyltransferase 2"
"Ampd2",0.0985558620596327,0.1016,"3","adenosine monophosphate deaminase 2"
"Mcf2l",-0.0985140011383301,0.214,"8","mcf.2 transforming sequence-like"
"Stxbp1",-0.0984904568444449,0.2064,"2","syntaxin binding protein 1"
"8430429K09Rik",0.0984704532245506,0.4988,"11","RIKEN cDNA 8430429K09 gene"
"Tfdp1",-0.098418166405148,0.9824,"8","transcription factor Dp 1"
"Srd5a1",0.0984044562800017,0.4888,"13","steroid 5 alpha-reductase 1"
"Scaf1",0.098390711212188,0.7108,"7","SR-related CTD-associated factor 1"
"Grpel1",0.0983873988025126,0.504,"5","GrpE-like 1, mitochondrial"
"Zfp354c",-0.098367535679583,0.5892,"11","zinc finger protein 354C"
"Mroh1",0.098354571979308,0.5896,"15","maestro heat-like repeat family member 1"
"Phf13",-0.0983413328702865,0.2556,"4","PHD finger protein 13"
"Klhl17",0.0982865484537099,0.5104,"4","kelch-like 17"
"Aldh4a1",0.0982596067908874,0.3544,"4","aldehyde dehydrogenase 4 family, member A1"
"Tasp1",-0.0982399706475401,0.8084,"2","taspase, threonine aspartase 1"
"Lnx2",-0.0982273051819451,0.5832,"5","ligand of numb-protein X 2"
"Ap2b1",0.0982208431443752,0.2732,"11","adaptor-related protein complex 2, beta 1 subunit"
"Aoc2",0.0982034821527176,0.6248,"11","amine oxidase, copper containing 2 (retina-specific)"
"Syp",0.0981840090899713,0.5364,"X","synaptophysin"
"Rfc5",0.0981413030272171,0.4484,"5","replication factor C (activator 1) 5"
"Nsun6",-0.0981407106103749,0.3624,"2","NOL1/NOP2/Sun domain family member 6"
"Npc1",-0.0981316525693812,0.226,"18","NPC intracellular cholesterol transporter 1"
"Morf4l1",-0.0981138785871059,0.7676,"9","mortality factor 4 like 1"
"Morf4l1",-0.0981138785871059,0.7676,"9","mortality factor 4 like 1"
"Ctu1",0.0981089093813359,0.4392,"7","cytosolic thiouridylase subunit 1"
"Rpa3",0.0981047245748337,0.6296,"6","replication protein A3"
"Tmco3",-0.0980968201785499,0.5384,"8","transmembrane and coiled-coil domains 3"
"Cyp4v3",-0.0980927007521046,0.678,"8","cytochrome P450, family 4, subfamily v, polypeptide 3"
"Cdc42bpb",0.0980726244053729,0.4216,"12","CDC42 binding protein kinase beta"
"Srprb",0.0980550566655483,0.2816,"9","signal recognition particle receptor, B subunit"
"Cacnb2",-0.0980394208787336,0.7048,"2","calcium channel, voltage-dependent, beta 2 subunit"
"Tepsin",0.0980157544179239,0.6064,"11","TEPSIN, adaptor related protein complex 4 accessory protein"
"Irs1",-0.097990724348934,0.3952,"1","insulin receptor substrate 1"
"Vat1",0.0979587297659439,0.574,"11","vesicle amine transport 1"
"Ncapg2",-0.0979455362254897,0.6408,"12","non-SMC condensin II complex, subunit G2"
"Sigmar1",0.0979382840740799,0.2952,"4","sigma non-opioid intracellular receptor 1"
"Ado",0.0979104201017744,0.3632,"10","2-aminoethanethiol (cysteamine) dioxygenase"
"Zap70",0.097903862933145,0.39,"1","zeta-chain (TCR) associated protein kinase"
"Cep170b",0.0978710302967887,0.1836,"12","centrosomal protein 170B"
"Scaf8",-0.0977402756006969,0.6512,"17","SR-related CTD-associated factor 8"
"Szt2",0.0977180994525666,0.6716,"4","SZT2 subunit of KICSTOR complex"
"Ppil2",0.0977155294657361,0.4596,"16","peptidylprolyl isomerase (cyclophilin)-like 2"
"Unc13b",-0.0977019311406497,0.69,"4","unc-13 homolog B"
"Zfp811",-0.097691223075159,0.336,"17","zinc finger protein 811"
"Tmem201",0.0976417055549073,0.4056,"4","transmembrane protein 201"
"Dhx37",0.0976267663164165,0.4528,"5","DEAH (Asp-Glu-Ala-His) box polypeptide 37"
"Eln",-0.0976022963147387,0.7456,"5","elastin"
"Ldhb",0.0975793234888638,0.6732,"6","lactate dehydrogenase B"
"Mon2",-0.0975702008831965,0.6504,"10","MON2 homolog, regulator of endosome to Golgi trafficking"
"Rnf24",-0.0975692319086692,0.6052,"2","ring finger protein 24"
"Exog",0.0975558561987881,0.214,"9","endo/exonuclease (5'-3'), endonuclease G-like"
"Pigf",-0.0975332799323629,0.78,"17","phosphatidylinositol glycan anchor biosynthesis, class F"
"Hibch",-0.0974865828187785,0.2736,"1","3-hydroxyisobutyryl-Coenzyme A hydrolase"
"Lin7a",-0.0974652851308457,0.5816,"10","lin-7 homolog A, crumbs cell polarity complex component"
"St6galnac3",0.0973597462091806,0.4576,"3","ST6 (alpha-N-acetyl-neuraminyl-2,3-beta-galactosyl-1,3)-N-acetylgalactosaminide alpha-2,6-sialyltransferase 3"
"Egr4",0.0973525900464471,0.6832,"6","early growth response 4"
"Ufl1",-0.0973492259155826,0.5932,"4","UFM1 specific ligase 1"
"Dbt",-0.0973354501906538,0.3552,"3","dihydrolipoamide branched chain transacylase E2"
"Mmp14",0.0973328867635557,0.6296,"14","matrix metallopeptidase 14 (membrane-inserted)"
"Rbm11",-0.0973307334555189,0.436,"16","RNA binding motif protein 11"
"Ppil3",0.0972932000966207,0.476,"1","peptidylprolyl isomerase (cyclophilin)-like 3"
"Slc30a9",0.0972592496890625,0.0252,"5","solute carrier family 30 (zinc transporter), member 9"
"Mettl5",0.0972585542082669,0.5836,"2","methyltransferase like 5"
"Zbtb43",-0.0972464011821028,0.6172,"2","zinc finger and BTB domain containing 43"
"Cenpp",0.0972459857430044,0.7248,"13","centromere protein P"
"Plrg1",0.0972288381246775,0.4108,"3","pleiotropic regulator 1"
"Wwp2",0.0972193498305076,0.666,"8","WW domain containing E3 ubiquitin protein ligase 2"
"Phax",0.0972054030022527,0.5752,"18","phosphorylated adaptor for RNA export"
"Kpnb1",-0.097164404862478,0.422,"11","karyopherin (importin) beta 1"
"Nos1",-0.0971584675722399,0.7024,"5","nitric oxide synthase 1, neuronal"
"Cdk5rap1",0.0971367155685119,0.5264,"2","CDK5 regulatory subunit associated protein 1"
"Nav3",-0.0970981305285727,0.7308,"10","neuron navigator 3"
"Sdcbp",-0.0970890643664131,0.9768,"4","syndecan binding protein"
"Ramac",-0.0970858190506547,0.6496,"7","RNA guanine-7 methyltransferase activating subunit"
"Wfs1",-0.0970857402822407,0.7672,"5","wolframin ER transmembrane glycoprotein"
"Kcnk10",-0.0970829615526361,0.4224,"12","potassium channel, subfamily K, member 10"
"Syt11",0.0970757747273669,0.3688,"3","synaptotagmin XI"
"Mpp2",-0.0970609993071436,0.3724,"11","membrane protein, palmitoylated 2 (MAGUK p55 subfamily member 2)"
"Dcun1d5",0.0970229501304649,0.3692,"9","DCN1, defective in cullin neddylation 1, domain containing 5 (S. cerevisiae)"
"Hps3",-0.0970131557766862,0.5024,"3","HPS3, biogenesis of lysosomal organelles complex 2 subunit 1"
"Cdkn1c",-0.0970054188185201,0.9196,"7","cyclin-dependent kinase inhibitor 1C (P57)"
"Trir",0.0969941183673608,0.7192,"8","telomerase RNA component interacting RNase"
"Mrnip",0.0969501552589178,0.6992,"11","MRN complex interacting protein"
"Dyrk1a",-0.0969501324608331,0.3392,"16","dual-specificity tyrosine-(Y)-phosphorylation regulated kinase 1a"
"Bves",-0.0969127359001485,0.5668,"10","blood vessel epicardial substance"
"Gm20751",-0.0968355869889548,0.8824,"13","predicted gene, 20751"
"Klhl24",-0.0968147569913516,0.8396,"16","kelch-like 24"
"Ints1",0.0968106842840752,0.5868,"5","integrator complex subunit 1"
"Abcf3",0.0967828543056948,0.1692,"16","ATP-binding cassette, sub-family F (GCN20), member 3"
"Kcnb1",-0.0967580713168417,0.526,"2","potassium voltage gated channel, Shab-related subfamily, member 1"
"Ap3b1",-0.0967525256551065,0.5216,"13","adaptor-related protein complex 3, beta 1 subunit"
"Dpp10",-0.0967385946507728,0.856,"1","dipeptidylpeptidase 10"
"Pigk",0.0967315786037775,0.4124,"3","phosphatidylinositol glycan anchor biosynthesis, class K"
"S100a10",-0.0967037496636309,0.7956,"3","S100 calcium binding protein A10 (calpactin)"
"Mtx2",0.0966697931694549,0.3612,"2","metaxin 2"
"B3glct",-0.0966659877272575,0.4936,"5","beta-3-glucosyltransferase"
"Brinp3",-0.0966265654717353,0.7996,"1","bone morphogenetic protein/retinoic acid inducible neural specific 3"
"Cetn2",0.0965959270209034,0.3984,"X","centrin 2"
"Septin4",0.0965676686474994,0.72,"11","septin 4"
"Gltp",0.0965527848024736,0.6612,"5","glycolipid transfer protein"
"Gba2",0.0964983149016767,0.202,"4","glucosidase beta 2"
"Ndp",-0.0964969762396772,0.4732,"X","Norrie disease (pseudoglioma) (human)"
"Dpm1",0.0964645348091149,0.5376,"2","dolichol-phosphate (beta-D) mannosyltransferase 1"
"Wdr75",-0.0964573404862392,0.4268,"1","WD repeat domain 75"
"Eif2ak1",-0.096447393290787,0.2828,"5","eukaryotic translation initiation factor 2 alpha kinase 1"
"Clk4",-0.0964429729150229,0.6404,"11","CDC like kinase 4"
"Vps11",0.0964336537684556,0.1332,"9","VPS11, CORVET/HOPS core subunit"
"Zmynd19",0.0964218968539567,0.2504,"2","zinc finger, MYND domain containing 19"
"Tmem109",0.0964215056827147,0.5124,"19","transmembrane protein 109"
"Rnf157",0.0964097806524027,0.4216,"11","ring finger protein 157"
"Abcb4",0.0963996013212101,0.4604,"5","ATP-binding cassette, sub-family B (MDR/TAP), member 4"
"D630023F18Rik",0.0963467540229002,0.3056,"1","RIKEN cDNA D630023F18 gene"
"Spred3",-0.0963392413048654,0.4904,"7","sprouty-related EVH1 domain containing 3"
"Rnf168",-0.0963343231447871,0.426,"16","ring finger protein 168"
"Slc25a5",0.0963283464358851,0.3436,"X","solute carrier family 25 (mitochondrial carrier, adenine nucleotide translocator), member 5"
"Zfp654",-0.0963249903111816,0.7152,"16","zinc finger protein 654"
"H3f3a",-0.0963156222742505,0.556,"1","H3.3 histone A"
"Sacm1l",-0.0963023865637238,0.4808,"9","SAC1 suppressor of actin mutations 1-like (yeast)"
"Cds1",-0.0962782272432605,0.6172,"5","CDP-diacylglycerol synthase 1"
"Dpp9",-0.0962686693658377,0.164,"17","dipeptidylpeptidase 9"
"Lbh",-0.096265522916883,0.5064,"17","limb-bud and heart"
"Prr13",0.0962149776704608,0.62,"15","proline rich 13"
"Nfyc",0.096207994811496,0.5416,"4","nuclear transcription factor-Y gamma"
"Hmces",0.0961736785987908,0.6996,"6","5-hydroxymethylcytosine (hmC) binding, ES cell specific"
"Bmt2",-0.096160900733417,0.2756,"6","base methyltransferase of 25S rRNA 2"
"2810004N23Rik",0.0961204355486984,0.4204,"8","RIKEN cDNA 2810004N23 gene"
"Clip1",-0.0961203674509008,0.8004,"5","CAP-GLY domain containing linker protein 1"
"Ttll3",0.0961151085254306,0.5728,"6","tubulin tyrosine ligase-like family, member 3"
"Hsd17b4",-0.0960761370501402,0.4532,"18","hydroxysteroid (17-beta) dehydrogenase 4"
"Phb",0.0960368419319009,0.7216,"11","prohibitin"
"Aifm3",0.0960350092600279,0.6972,"16","apoptosis-inducing factor, mitochondrion-associated 3"
"Tctn2",0.0960211185480873,0.1448,"5","tectonic family member 2"
"Cit",-0.0959289561950003,0.8024,"5","citron"
"Pwp1",-0.0959041553037574,0.496,"10","PWP1 homolog, endonuclein"
"N6amt1",0.0958987285874917,0.3532,"16","N-6 adenine-specific DNA methyltransferase 1 (putative)"
"Apoe",0.0958878087190254,0.74,"7","apolipoprotein E"
"Nfe2l1",0.0958592460778309,0.26,"11","nuclear factor, erythroid derived 2,-like 1"
"Naxd",0.0958285704163533,0.6272,"8","NAD(P)HX dehydratase"
"Zfp276",0.095782723562162,0.4864,"8","zinc finger protein (C2H2 type) 276"
"Aimp2",0.0957552379376079,0.5088,"5","aminoacyl tRNA synthetase complex-interacting multifunctional protein 2"
"Crat",0.0957390440251178,0.5708,"2","carnitine acetyltransferase"
"Rbms2",0.0957313669118269,0.5004,"10","RNA binding motif, single stranded interacting protein 2"
"Trim68",0.0957313065959728,0.6828,"7","tripartite motif-containing 68"
"Hdlbp",-0.0957015297623753,0.674,"1","high density lipoprotein (HDL) binding protein"
"Appl2",-0.095698425802726,0.3584,"10","adaptor protein, phosphotyrosine interaction, PH domain and leucine zipper containing 2"
"Gpr63",-0.0956801517472567,0.8664,"4","G protein-coupled receptor 63"
"Abcc10",0.0956745922548929,0.5872,"17","ATP-binding cassette, sub-family C (CFTR/MRP), member 10"
"Brms1l",-0.0955546046517153,0.8908,"12","breast cancer metastasis-suppressor 1-like"
"C4b",-0.0955534325486287,0.7188,"17","complement component 4B (Chido blood group)"
"Cpped1",-0.0955480857534985,0.336,"16","calcineurin-like phosphoesterase domain containing 1"
"St6galnac5",-0.0955468655265106,0.524,"3","ST6 (alpha-N-acetyl-neuraminyl-2,3-beta-galactosyl-1,3)-N-acetylgalactosaminide alpha-2,6-sialyltransferase 5"
"1700030K09Rik",-0.0955374622252458,0.5932,"8","RIKEN cDNA 1700030K09 gene"
"Wls",-0.0955134693043518,0.668,"3","wntless WNT ligand secretion mediator"
"Sptssa",0.095463179819447,0.4164,"12","serine palmitoyltransferase, small subunit A"
"Mical3",-0.0954121532853387,0.5092,"6","microtubule associated monooxygenase, calponin and LIM domain containing 3"
"Ofd1",-0.0954112600275154,0.3568,"X","OFD1, centriole and centriolar satellite protein"
"Fam107a",0.0953930920121522,0.5336,"14","family with sequence similarity 107, member A"
"Heatr3",0.095378185732363,0.3364,"8","HEAT repeat containing 3"
"Ttl",0.0953722173948313,0.2956,"2","tubulin tyrosine ligase"
"Entpd7",-0.0953721943609924,0.7064,"19","ectonucleoside triphosphate diphosphohydrolase 7"
"Scg5",0.0953614470195125,0.4664,"2","secretogranin V"
"Rer1",0.0953432922432418,0.3928,"4","retention in endoplasmic reticulum sorting receptor 1"
"Ncoa4",-0.0952797109496002,0.8028,"14","nuclear receptor coactivator 4"
"Ppif",0.0952701158821174,0.6444,"14","peptidylprolyl isomerase F (cyclophilin F)"
"Otub2",0.0952633616764134,0.1656,"12","OTU domain, ubiquitin aldehyde binding 2"
"Rab12",-0.0951943946471898,0.4668,"17","RAB12, member RAS oncogene family"
"Slc16a2",-0.0951784972926273,0.6676,"X","solute carrier family 16 (monocarboxylic acid transporters), member 2"
"Eef2k",0.0951768705035194,0.4208,"7","eukaryotic elongation factor-2 kinase"
"Stag1",-0.0951584968060262,0.4896,"9","stromal antigen 1"
"Ccdc28a",0.0950955418837509,0.5756,"10","coiled-coil domain containing 28A"
"Arrdc3",-0.0950897291125488,0.638,"13","arrestin domain containing 3"
"Tomm20",0.0950850760486412,0.146,"8","translocase of outer mitochondrial membrane 20"
"Nphp4",0.0950751660212887,0.5228,"4","nephronophthisis 4 (juvenile) homolog (human)"
"Hsbp1",0.0950571463383518,0.6068,"8","heat shock factor binding protein 1"
"Sec14l5",0.0950398981833542,0.7424,"16","SEC14-like lipid binding 5"
"Gm10033",-0.0950155440480009,0.7156,"8","predicted gene 10033"
"Polrmt",0.0949931400292554,0.5556,"10","polymerase (RNA) mitochondrial (DNA directed)"
"Wdr25",0.094979616335725,0.51,"12","WD repeat domain 25"
"Pdzrn3",-0.0949627943715239,0.538,"6","PDZ domain containing RING finger 3"
"Cpsf1",0.0949597026176647,0.4836,"15","cleavage and polyadenylation specific factor 1"
"Myg1",0.0949232947138441,0.5604,"15","melanocyte proliferating gene 1"
"Bcl2l2",0.094905728832078,0.4884,"14","BCL2-like 2"
"Rbms3",-0.0948913349065981,0.8696,"9","RNA binding motif, single stranded interacting protein"
"Ctnnal1",0.0948815450641165,0.5064,"4","catenin (cadherin associated protein), alpha-like 1"
"Nop58",-0.0948795256197901,0.4308,"1","NOP58 ribonucleoprotein"
"Ttc3",-0.0948147203237255,0.586,"16","tetratricopeptide repeat domain 3"
"St3gal5",0.0948106917236275,0.1828,"6","ST3 beta-galactoside alpha-2,3-sialyltransferase 5"
"Baz2a",-0.0948083181687061,0.6032,"10","bromodomain adjacent to zinc finger domain, 2A"
"Lpgat1",-0.0948053512325986,0.7192,"1","lysophosphatidylglycerol acyltransferase 1"
"Nub1",0.094773776589725,0.584,"5","negative regulator of ubiquitin-like proteins 1"
"Sh3bgrl3",0.094769973416498,0.7952,"4","SH3 domain binding glutamic acid-rich protein-like 3"
"Pdcd7",0.0947414501726049,0.4396,"9","programmed cell death 7"
"Dpp3",0.0947265685986043,0.41,"19","dipeptidylpeptidase 3"
"Emc3",0.0947179098546256,0.3988,"6","ER membrane protein complex subunit 3"
"Crlf3",0.094717601409831,0.4156,"11","cytokine receptor-like factor 3"
"Olfm4",0.0946954655378258,0.8328,"14","olfactomedin 4"
"Zmym4",-0.094684515722812,0.4248,"4","zinc finger, MYM-type 4"
"Pinx1",0.094636567534284,0.6704,"14","PIN2/TERF1 interacting, telomerase inhibitor 1"
"Swt1",-0.0946232932215261,0.434,"1","SWT1 RNA endoribonuclease homolog (S. cerevisiae)"
"Nrp1",-0.0946169738301039,0.2492,"8","neuropilin 1"
"Dvl1",0.0945942557535293,0.4524,"4","dishevelled segment polarity protein 1"
"Epb41l1",0.0945910786988442,0.4696,"2","erythrocyte membrane protein band 4.1 like 1"
"Rnf25",0.0945900794768537,0.6824,"1","ring finger protein 25"
"Myh14",0.0945824319580284,0.736,"7","myosin, heavy polypeptide 14"
"Ccdc166",-0.0945771499296111,0.57,"15","coiled-coil domain containing 166"
"Mrpl15",0.0945757657311086,0.4536,"1","mitochondrial ribosomal protein L15"
"Idh3g",0.0945657748257052,0.4436,"X","isocitrate dehydrogenase 3 (NAD+), gamma"
"Slc25a22",0.0945632590718599,0.5168,"7","solute carrier family 25 (mitochondrial carrier, glutamate), member 22"
"Sdhd",0.0945599391120933,0.4764,"9","succinate dehydrogenase complex, subunit D, integral membrane protein"
"Stc2",0.094554149911906,0.748,"11","stanniocalcin 2"
"4833422C13Rik",0.0945503355131754,0.7288,"13","RIKEN cDNA 4833422C13 gene"
"Sema4a",0.0945347052183987,0.4116,"3","sema domain, immunoglobulin domain (Ig), transmembrane domain (TM) and short cytoplasmic domain, (semaphorin) 4A"
"Gjc3",-0.094478312355502,0.5636,"5","gap junction protein, gamma 3"
"Arhgap42",-0.0944698549253098,0.5128,"9","Rho GTPase activating protein 42"
"Mrps5",-0.0944616719952203,0.1748,"2","mitochondrial ribosomal protein S5"
"Zcchc12",0.0943827861592865,0.4764,"X","zinc finger, CCHC domain containing 12"
"Gm13446",-0.0943819776416204,0.6156,"2","predicted gene 13446"
"Tigar",-0.094366857279705,0.37,"6","Trp53 induced glycolysis regulatory phosphatase"
"Fam136a",0.0943387936736544,0.3924,"6","family with sequence similarity 136, member A"
"Fam136a",0.0943387936736544,0.3924,"6","family with sequence similarity 136, member A"
"Mbip",-0.0943261365036685,0.5628,"12","MAP3K12 binding inhibitory protein 1"
"Hfe",0.0943024969017192,0.6508,"13","homeostatic iron regulator"
"Tfr2",0.0942893824301456,0.3576,"5","transferrin receptor 2"
"Tmem87a",-0.0942885983109516,0.286,"2","transmembrane protein 87A"
"Rrp1",0.0942770892782825,0.5416,"10","ribosomal RNA processing 1"
"Rab35",0.094243663954062,0.4712,"5","RAB35, member RAS oncogene family"
"Alg14",0.0942220429346086,0.5168,"3","asparagine-linked glycosylation 14"
"Mtmr9",-0.0942085302273039,0.7996,"14","myotubularin related protein 9"
"Zic1",-0.0941579576376586,0.7832,"9","zinc finger protein of the cerebellum 1"
"Hexim2",-0.0941516823123312,0.5524,"11","hexamethylene bis-acetamide inducible 2"
"Col4a1",-0.0941350183606735,0.796,"8","collagen, type IV, alpha 1"
"Camk2b",0.0941303047419133,0.3544,"11","calcium/calmodulin-dependent protein kinase II, beta"
"9330102E08Rik",0.0940994643092719,0.5832,"6","RIKEN cDNA 9330102E08 gene"
"Fgd3",-0.0940988041621771,0.5604,"13","FYVE, RhoGEF and PH domain containing 3"
"Hebp1",0.094084320153712,0.5056,"6","heme binding protein 1"
"Maob",-0.0940691639153259,0.2936,"X","monoamine oxidase B"
"Bco2",0.0940671101391355,0.3752,"9","beta-carotene oxygenase 2"
"Rab3gap2",-0.094059516532119,0.6176,"1","RAB3 GTPase activating protein subunit 2"
"Rmnd5a",-0.0940588036928869,0.6128,"6","required for meiotic nuclear division 5 homolog A"
"Mfn1",0.0940345912998977,0.3624,"3","mitofusin 1"
"Nr4a3",-0.0939618755874649,0.7748,"4","nuclear receptor subfamily 4, group A, member 3"
"Sc5d",-0.0939438894544926,0.536,"9","sterol-C5-desaturase"
"Pamr1",-0.0939356881205171,0.76,"2","peptidase domain containing associated with muscle regeneration 1"
"Pgam2",0.0939341814156904,0.732,"11","phosphoglycerate mutase 2"
"Smad1",-0.0939159291960916,0.7212,"8","SMAD family member 1"
"Ppm1b",-0.0939054112362463,0.0988,"17","protein phosphatase 1B, magnesium dependent, beta isoform"
"Snx21",0.093872949937686,0.6424,"2","sorting nexin family member 21"
"Ppp2r2d",0.0938709417969434,0.4312,"7","protein phosphatase 2, regulatory subunit B, delta"
"Tnfaip8l1",-0.0938613594925575,0.636,"17","tumor necrosis factor, alpha-induced protein 8-like 1"
"Mkrn2",0.0938472042135681,0.1484,"6","makorin, ring finger protein, 2"
"Zfp61",0.0938402792271056,0.5576,"7","zinc finger protein 61"
"Lacc1",0.0937898986430363,0.6164,"14","laccase domain containing 1"
"Slc7a6",0.0937888078918681,0.6216,"8","solute carrier family 7 (cationic amino acid transporter, y+ system), member 6"
"Gabrb1",-0.0937879671755537,0.6036,"5","gamma-aminobutyric acid (GABA) A receptor, subunit beta 1"
"Yap1",-0.0937731205352677,0.3936,"9","yes-associated protein 1"
"Fam184b",0.0937241256128321,0.622,"5","family with sequence similarity 184, member B"
"Chka",0.0937127281772021,0.6144,"19","choline kinase alpha"
"Rab39b",-0.0936677954879395,0.7396,"X","RAB39B, member RAS oncogene family"
"Eif1b",0.0936489016794946,0.6788,"9","eukaryotic translation initiation factor 1B"
"Gabpb2",-0.0935919972696508,0.7392,"3","GA repeat binding protein, beta 2"
"Rnase4",0.0935919369646303,0.8096,"14","ribonuclease, RNase A family 4"
"Rnf103",-0.0935613294899547,0.6388,"6","ring finger protein 103"
"Ncapd2",0.0935583889168674,0.678,"6","non-SMC condensin I complex, subunit D2"
"Fbxl2",0.0935285104701977,0.3748,"9","F-box and leucine-rich repeat protein 2"
"Adipor1",0.0935005248067657,0.1652,"1","adiponectin receptor 1"
"Med31",-0.093491019163034,0.68,"11","mediator complex subunit 31"
"Wdfy2",-0.0934438445800905,0.7972,"14","WD repeat and FYVE domain containing 2"
"Shisa7",-0.0934166557064273,0.6896,"7","shisa family member 7"
"Trim17",-0.0934002819900499,0.4032,"11","tripartite motif-containing 17"
"Ppp1r15a",0.0933752261680603,0.438,"7","protein phosphatase 1, regulatory subunit 15A"
"Acvrl1",0.0932757824105597,0.684,"15","activin A receptor, type II-like 1"
"Tm9sf1",0.0932484301509051,0.3896,"14","transmembrane 9 superfamily member 1"
"Slk",-0.0932464311476577,0.6708,"19","STE20-like kinase"
"Foxj2",-0.0932399228387162,0.3148,"6","forkhead box J2"
"C77080",0.0932024130898164,0.1916,"4","expressed sequence C77080"
"Ezr",-0.0931738365252377,0.1972,"17","ezrin"
"Ppt1",-0.093160031947737,0.3736,"4","palmitoyl-protein thioesterase 1"
"AA414768",-0.0931503794632258,0.6404,"X","expressed sequence AA414768"
"Slc30a10",-0.0931170672510531,0.224,"1","solute carrier family 30, member 10"
"Adgrl1",0.093072439712401,0.4564,"8","adhesion G protein-coupled receptor L1"
"Tm7sf3",-0.0930258444804553,0.5288,"6","transmembrane 7 superfamily member 3"
"Ate1",-0.0930177000154728,0.602,"7","arginyltransferase 1"
"Myorg",-0.0929894348759257,0.49,"4","myogenesis regulating glycosidase (putative)"
"Hcn3",0.0929869153256999,0.498,"3","hyperpolarization-activated, cyclic nucleotide-gated K+ 3"
"Plk2",-0.0929865646672337,0.5128,"13","polo like kinase 2"
"Mapkapk2",0.092971722174533,0.474,"1","MAP kinase-activated protein kinase 2"
"Parp1",0.0929307435889717,0.3416,"1","poly (ADP-ribose) polymerase family, member 1"
"Ptchd4",-0.0929027035389991,0.6036,"17","patched domain containing 4"
"Gtf2f1",0.0928770841163482,0.7148,"17","general transcription factor IIF, polypeptide 1"
"2210408F21Rik",-0.0928045745829906,0.5028,"6","RIKEN cDNA 2210408F21 gene"
"Ncdn",0.0927772529058135,0.6328,"4","neurochondrin"
"Rrn3",-0.0927582579669703,0.18,"16","RRN3 RNA polymerase I transcription factor homolog (yeast)"
"Tmc4",-0.0927235528483084,0.8324,"7","transmembrane channel-like gene family 4"
"Tmx2",0.0926856944095009,0.3412,"2","thioredoxin-related transmembrane protein 2"
"Riok3",0.0926631130351625,0.1956,"18","RIO kinase 3"
"Galnt1",-0.0926164062211035,0.0784,"18","polypeptide N-acetylgalactosaminyltransferase 1"
"Rala",-0.0925336648710013,0.198,"13","v-ral simian leukemia viral oncogene A (ras related)"
"C2cd4c",-0.0925095831487255,0.7144,"10","C2 calcium-dependent domain containing 4C"
"Mfge8",0.0924729270584796,0.7452,"7","milk fat globule EGF and factor V/VIII domain containing"
"Mtfr1l",0.0924632269775909,0.3832,"4","mitochondrial fission regulator 1-like"
"Spats2l",-0.0924525945094277,0.5284,"1","spermatogenesis associated, serine-rich 2-like"
"Tor1aip2",-0.0924524282519581,0.148,"1","torsin A interacting protein 2"
"Coro1c",0.092448393145534,0.1208,"5","coronin, actin binding protein 1C"
"Atp5l",0.0924253134932389,0.6164,"9","ATP synthase, H+ transporting, mitochondrial F0 complex, subunit G"
"Tmem19",0.0923942697821687,0.3808,"10","transmembrane protein 19"
"Pmepa1",0.092320421013202,0.3264,"2","prostate transmembrane protein, androgen induced 1"
"Sppl3",0.0923182774241669,0.6056,"5","signal peptide peptidase 3"
"Atg14",-0.0923164728057912,0.3684,"14","autophagy related 14"
"1110059E24Rik",0.0923132311274331,0.6492,"19","RIKEN cDNA 1110059E24 gene"
"1110059E24Rik",0.0923132311274331,0.6492,"19","RIKEN cDNA 1110059E24 gene"
"Slc25a27",-0.092291638240467,0.4456,"17","solute carrier family 25, member 27"
"Gnb1",0.0922241064586142,0.3984,"4","guanine nucleotide binding protein (G protein), beta 1"
"Plxna3",-0.0921971046315173,0.5232,"X","plexin A3"
"Vhl",0.0921462586237007,0.3696,"6","von Hippel-Lindau tumor suppressor"
"Adam1a",-0.0921192129411952,0.7436,"5","a disintegrin and metallopeptidase domain 1a"
"Ctnnd2",-0.0921180034510005,0.3108,"15","catenin (cadherin associated protein), delta 2"
"Sybu",-0.092114815225905,0.8192,"15","syntabulin (syntaxin-interacting)"
"Cops2",-0.0919828843778463,0.5004,"2","COP9 signalosome subunit 2"
"R3hcc1l",0.0919547825851046,0.1272,"19","R3H domain and coiled-coil containing 1 like"
"Naa35",0.0919126408771991,0.4036,"13","N(alpha)-acetyltransferase 35, NatC auxiliary subunit"
"Rapgef4",0.0919032533497433,0.7044,"2","Rap guanine nucleotide exchange factor (GEF) 4"
"Camkmt",-0.0918968259450788,0.2468,"17","calmodulin-lysine N-methyltransferase"
"Polr3gl",-0.0918961964469283,0.5876,"3","polymerase (RNA) III (DNA directed) polypeptide G like"
"Adgrb2",0.0918559989882759,0.6292,"4","adhesion G protein-coupled receptor B2"
"Gtpbp10",-0.09179017811076,0.596,"5","GTP-binding protein 10 (putative)"
"Gskip",-0.091716960749415,0.5332,"12","GSK3B interacting protein"
"Clasrp",0.0916423791716179,0.7232,"7","CLK4-associating serine/arginine rich protein"
"Ctps",0.0916262929238467,0.1976,"4","cytidine 5'-triphosphate synthase"
"Ssr4",0.0916085684158601,0.5688,"X","signal sequence receptor, delta"
"Ankrd44",-0.0916077539723359,0.7848,"1","ankyrin repeat domain 44"
"Pcca",0.0915719007345288,0.3072,"14","propionyl-Coenzyme A carboxylase, alpha polypeptide"
"Acsl6",-0.0915637380058758,0.5268,"11","acyl-CoA synthetase long-chain family member 6"
"Slc3a2",0.0915426333586531,0.088,"19","solute carrier family 3 (activators of dibasic and neutral amino acid transport), member 2"
"Ostc",0.0915398226533188,0.5428,"3","oligosaccharyltransferase complex subunit (non-catalytic)"
"Arhgap11a",0.0915247849640362,0.4988,"2","Rho GTPase activating protein 11A"
"Wdtc1",0.0915238963339355,0.6792,"4","WD and tetratricopeptide repeats 1"
"Rabgap1",-0.0915209645108348,0.77,"2","RAB GTPase activating protein 1"
"Zxdb",-0.0915207992647069,0.3916,"X","zinc finger, X-linked, duplicated B"
"Crb2",0.0914949698473602,0.528,"2","crumbs family member 2"
"Zfp791",0.0914935270810275,0.4108,"8","zinc finger protein 791"
"Eif4g2",-0.0914815601505214,0.574,"7","eukaryotic translation initiation factor 4, gamma 2"
"Myh10",-0.0914241329263774,0.7356,"11","myosin, heavy polypeptide 10, non-muscle"
"Ppm1f",0.0914214555886916,0.4176,"16","protein phosphatase 1F (PP2C domain containing)"
"Trim2",-0.0914213768882028,0.5472,"3","tripartite motif-containing 2"
"Myo5a",-0.0913947684745686,0.7624,"9","myosin VA"
"Mtmr7",-0.0913825799310333,0.6212,"8","myotubularin related protein 7"
"Timm17a",0.0913663288990225,0.4948,"1","translocase of inner mitochondrial membrane 17a"
"Ppat",-0.0913313967777309,0.7812,"5","phosphoribosyl pyrophosphate amidotransferase"
"Gm5148",-0.0912965183213266,0.6592,"3","predicted gene 5148"
"Eng",-0.0912910067122521,0.6684,"2","endoglin"
"Thumpd1",0.0912795957026917,0.3064,"7","THUMP domain containing 1"
"Ublcp1",-0.0912563739008352,0.776,"11","ubiquitin-like domain containing CTD phosphatase 1"
"Sox2",-0.0912504354470398,0.2272,"3","SRY (sex determining region Y)-box 2"
"Lama3",-0.0912442774571918,0.6892,"18","laminin, alpha 3"
"Slc31a2",0.0912147491555508,0.3936,"4","solute carrier family 31, member 2"
"Rusc2",-0.0911848326731155,0.5404,"4","RUN and SH3 domain containing 2"
"Cdiptos",-0.0911751141143222,0.8308,"7","CDIP transferase, opposite strand"
"Mcts2",0.0911744087267166,0.5268,"2","malignant T cell amplified sequence 2"
"Lmnb1",-0.091116982113574,0.5432,"18","lamin B1"
"Zdhhc5",-0.0910945826846907,0.7248,"2","zinc finger, DHHC domain containing 5"
"Dolk",0.0910558845399394,0.5316,"2","dolichol kinase"
"Dpp7",0.0910289931819754,0.6028,"2","dipeptidylpeptidase 7"
"Ccdc24",0.0910218274560781,0.752,"4","coiled-coil domain containing 24"
"Nell2",-0.0910082357546198,0.51,"15","NEL-like 2"
"Efna1",0.0909723622558161,0.6544,"3","ephrin A1"
"Zfp39",-0.090960165691945,0.6128,"11","zinc finger protein 39"
"Mlx",0.0909370087807773,0.4888,"11","MAX-like protein X"
"Cmss1",0.0908901875335744,0.524,"16","cms small ribosomal subunit 1"
"Trank1",-0.0908811606560835,0.8348,"9","tetratricopeptide repeat and ankyrin repeat containing 1"
"Zfp689",0.0908689832837695,0.3432,"7","zinc finger protein 689"
"Kcnq2",0.0908688596003149,0.466,"2","potassium voltage-gated channel, subfamily Q, member 2"
"Nmt1",0.0908388371677962,0.2376,"11","N-myristoyltransferase 1"
"Akirin2",-0.0908244354221903,0.6628,"4","akirin 2"
"Dok4",0.0908168275425583,0.3568,"8","docking protein 4"
"Castor2",-0.0907522738848616,0.5884,"5","cytosolic arginine sensor for mTORC1 subunit 2"
"Ctps2",0.0907408020283036,0.4844,"X","cytidine 5'-triphosphate synthase 2"
"Vrk1",-0.0907072170634606,0.42,"12","vaccinia related kinase 1"
"Mettl9",0.0906728107578676,0.546,"7","methyltransferase like 9"
"Isoc1",-0.0906414240117224,0.6176,"18","isochorismatase domain containing 1"
"Ahcyl2",0.0906390928114442,0.5292,"6","S-adenosylhomocysteine hydrolase-like 2"
"Kdr",-0.0905965411098535,0.838,"5","kinase insert domain protein receptor"
"Ruvbl2",0.0905825849559729,0.616,"7","RuvB-like protein 2"
"Cop1",0.0905813319957138,0.242,"1","COP1, E3 ubiquitin ligase"
"Dgkg",-0.0905749221993846,0.378,"16","diacylglycerol kinase, gamma"
"Zfp422",-0.0905528248236509,0.2364,"6","zinc finger protein 422"
"Dele1",0.0905367177989769,0.0836,"18","DAP3 binding cell death enhancer 1"
"Tob2",0.0905259922358947,0.09,"15","transducer of ERBB2, 2"
"Exosc2",0.0904853366082516,0.6064,"2","exosome component 2"
"Ube4b",-0.090471845962881,0.1692,"4","ubiquitination factor E4B"
"Arpc3",0.0904550041050243,0.58,"5","actin related protein 2/3 complex, subunit 3"
"Emc6",0.0904474377756443,0.6784,"11","ER membrane protein complex subunit 6"
"Tmem214",0.0904415309835489,0.6344,"5","transmembrane protein 214"
"Cyb5r3",0.0904070369349972,0.628,"15","cytochrome b5 reductase 3"
"Serpina3n",0.090398717563672,0.2176,"12","serine (or cysteine) peptidase inhibitor, clade A, member 3N"
"Acacb",0.0903806737509494,0.6688,"5","acetyl-Coenzyme A carboxylase beta"
"Commd6",0.0903605956895106,0.6152,"14","COMM domain containing 6"
"Septin5",0.0903438581371265,0.6192,"16","septin 5"
"Lbp",-0.0903202120204569,0.7444,"2","lipopolysaccharide binding protein"
"Caprin2",-0.090314714731154,0.662,"6","caprin family member 2"
"Noc2l",0.0903137081376322,0.3648,"4","NOC2 like nucleolar associated transcriptional repressor"
"Cdc42se1",0.0903064200296173,0.2092,"3","CDC42 small effector 1"
"Mpc1",-0.0902878641639902,0.4004,"17","mitochondrial pyruvate carrier 1"
"Dnajc16",-0.0902627894747763,0.7664,"4","DnaJ heat shock protein family (Hsp40) member C16"
"Spns1",0.0902001888454924,0.1876,"7","spinster homolog 1"
"Haus8",0.0901653050090432,0.6304,"8","4HAUS augmin-like complex, subunit 8"
"Elp4",-0.0901158145723717,0.3568,"2","elongator acetyltransferase complex subunit 4"
"Gas8",-0.0901134790858622,0.4372,"8","growth arrest specific 8"
"Smad9",-0.0901057552196387,0.6052,"3","SMAD family member 9"
"Serpine2",0.0900946344133198,0.6016,"1","serine (or cysteine) peptidase inhibitor, clade E, member 2"
"Pkp4",0.0900768397272262,0.5488,"2","plakophilin 4"
"Ccser2",-0.0900766760582252,0.5048,"14","coiled-coil serine rich 2"
"Aldh16a1",0.0900582771626046,0.5304,"7","aldehyde dehydrogenase 16 family, member A1"
"Arfrp1",0.0900420673719315,0.484,"2","ADP-ribosylation factor related protein 1"
"6820431F20Rik",0.0900360399023443,0.7012,"8","cadherin 11 pseudogene"
"Ttc7b",0.0899747962969082,0.1916,"12","tetratricopeptide repeat domain 7B"
"1810058I24Rik",0.0899691361060486,0.7744,"6","RIKEN cDNA 1810058I24 gene"
"Abcd3",-0.0899462566980658,0.4884,"3","ATP-binding cassette, sub-family D (ALD), member 3"
"Psmd6",0.0899446785741418,0.3164,"14","proteasome (prosome, macropain) 26S subunit, non-ATPase, 6"
"Igsf3",-0.0899443904961466,0.3736,"3","immunoglobulin superfamily, member 3"
"Zdhhc14",-0.0899442005375173,0.4668,"17","zinc finger, DHHC domain containing 14"
"Ndufa9",0.0898865069132082,0.4188,"6","NADH:ubiquinone oxidoreductase subunit A9"
"Pik3cd",0.0898797021774591,0.5436,"4","phosphatidylinositol-4,5-bisphosphate 3-kinase catalytic subunit delta"
"Invs",-0.0898780075894798,0.556,"4","inversin"
"Bend3",-0.0898513473322504,0.5756,"10","BEN domain containing 3"
"Macrod2",-0.0898224248982502,0.7156,"2","mono-ADP ribosylhydrolase 2"
"Zfp825",0.0897608214703349,0.6752,"13","zinc finger protein 825"
"Denn2b",-0.0897513957128089,0.4104,"7","DENN domain containing 2B"
"Fancg",0.0897272148195136,0.4956,"4","Fanconi anemia, complementation group G"
"Sspn",0.0897058055491975,0.6128,"6","sarcospan"
"Nrcam",-0.0896967890684826,0.7768,"12","neuronal cell adhesion molecule"
"Ltbp4",-0.0896873586281171,0.4168,"7","latent transforming growth factor beta binding protein 4"
"Ltv1",-0.0896620437561948,0.436,"10","LTV1 ribosome biogenesis factor"
"Cabyr",0.0896368585824736,0.5132,"18","calcium-binding tyrosine-(Y)-phosphorylation regulated (fibrousheathin 2)"
"Smyd4",0.0895686586303368,0.1916,"11","SET and MYND domain containing 4"
"Ptpra",-0.089560586618493,0.804,"2","protein tyrosine phosphatase, receptor type, A"
"Get1",0.08953278833709,0.1632,"16","guided entry of tail-anchored proteins factor 1"
"Fabp7",-0.0894959852819417,0.5936,"10","fatty acid binding protein 7, brain"
"Snhg4",-0.0894870274987625,0.6908,"18","small nucleolar RNA host gene 4"
"Ppme1",0.0894841667813511,0.2112,"7","protein phosphatase methylesterase 1"
"Tbcd",0.0894731188188729,0.37,"11","tubulin-specific chaperone d"
"Zfand5",-0.0894538965992826,0.9968,"19","zinc finger, AN1-type domain 5"
"Zfp653",0.0894408672719305,0.6828,"9","zinc finger protein 653"
"Cipc",0.0894051300438052,0.3688,"12","CLOCK interacting protein, circadian"
"Gt(ROSA)26Sor",0.0893676201076676,0.7736,"6","gene trap ROSA 26, Philippe Soriano"
"Tlk1",-0.0893318953641433,0.5408,"2","tousled-like kinase 1"
"Pmp22",-0.0892967393473185,0.5576,"11","peripheral myelin protein 22"
"Lrrc3b",-0.0892780536141302,0.6196,"14","leucine rich repeat containing 3B"
"Tmem203",0.0892558233845961,0.5204,"2","transmembrane protein 203"
"Cyb5rl",-0.0892541213851126,0.5872,"4","cytochrome b5 reductase-like"
"Rad23a",0.0892521592267226,0.4712,"8","RAD23 homolog A, nucleotide excision repair protein"
"Agbl4",-0.0892314060450503,0.53,"4","ATP/GTP binding protein-like 4"
"Aldh9a1",0.089220310750016,0.4372,"1","aldehyde dehydrogenase 9, subfamily A1"
"Myo5b",-0.0892160877714216,0.6816,"18","myosin VB"
"Myo16",-0.0891906075586224,0.5272,"8","myosin XVI"
"Prss53",-0.089180160367099,0.6812,"7","protease, serine 53"
"Usp36",0.0891770518096511,0.5268,"11","ubiquitin specific peptidase 36"
"Pole4",0.0891641615257299,0.566,"6","polymerase (DNA-directed), epsilon 4 (p12 subunit)"
"Slc24a4",0.0891636716134867,0.8468,"12","solute carrier family 24 (sodium/potassium/calcium exchanger), member 4"
"Alg13",0.0891293568948117,0.6448,"X","asparagine-linked glycosylation 13"
"Pex5",0.0891180430406173,0.262,"6","peroxisomal biogenesis factor 5"
"Fcho1",0.0890863513746325,0.4628,"8","FCH domain only 1"
"Amn1",-0.0890583038977639,0.5212,"6","antagonist of mitotic exit network 1"
"Otud7b",0.0890568154032989,0.2336,"3","OTU domain containing 7B"
"Bsdc1",0.0890425521196248,0.4088,"4","BSD domain containing 1"
"Sp3os",0.0890141246465292,0.6484,"2","trans-acting transcription factor 3, opposite strand"
"Casc3",-0.0889818147679895,0.2208,"11","cancer susceptibility candidate 3"
"Tomm40",0.0889762974344093,0.6748,"7","translocase of outer mitochondrial membrane 40"
"Dcaf4",0.0889735920394985,0.274,"12","DDB1 and CUL4 associated factor 4"
"Cggbp1",-0.0889594951747794,0.3964,"16","CGG triplet repeat binding protein 1"
"Exosc7",0.0889253452038754,0.552,"9","exosome component 7"
"Dcbld1",0.0889134138277128,0.3488,"10","discoidin, CUB  and LCCL domain containing 1"
"Mrpl38",0.0888965985469392,0.6832,"11","mitochondrial ribosomal protein L38"
"Reln",-0.0888953994891963,0.836,"5","reelin"
"Vps35l",0.0888786074322443,0.636,"7","VPS35 endosomal protein sorting factor like"
"Adgrf5",-0.0888071976230744,0.8304,"17","adhesion G protein-coupled receptor F5"
"Rbm22",-0.088802441491449,0.2776,"18","RNA binding motif protein 22"
"Mpped2",-0.0887976032469737,0.7664,"2","metallophosphoesterase domain containing 2"
"Ovgp1",-0.0887872526664442,0.7864,"3","oviductal glycoprotein 1"
"Per1",-0.0887160951196737,0.6296,"11","period circadian clock 1"
"Ncam1",-0.088672499950615,0.5004,"9","neural cell adhesion molecule 1"
"Dnal4",0.0886137759339114,0.6912,"15","dynein, axonemal, light chain 4"
"Brdt",-0.0886077483839971,0.348,"5","bromodomain, testis-specific"
"Abhd10",-0.0885703085566667,0.4964,"16","abhydrolase domain containing 10"
"Tfb2m",-0.0885492543881563,0.5688,"1","transcription factor B2, mitochondrial"
"Ap5s1",0.0885216914972515,0.7164,"2","adaptor-related protein 5 complex, sigma 1 subunit"
"Clic1",-0.0885016731756587,0.7016,"17","chloride intracellular channel 1"
"Ccdc148",0.0884945837059763,0.1316,"2","coiled-coil domain containing 148"
"Ddx39b",0.0884907022946866,0.598,"17","DEAD box helicase 39b"
"Thada",-0.0884182115625021,0.6528,"17","thyroid adenoma associated"
"Sqstm1",0.0884150092593714,0.5264,"11","sequestosome 1"
"Tmem268",0.0884091297530039,0.4256,"4","transmembrane protein 268"
"Jakmip3",-0.0884063316612913,0.564,"7","janus kinase and microtubule interacting protein 3"
"Tmem50a",0.088355823340212,0.5684,"4","transmembrane protein 50A"
"Sart1",0.0883407434360199,0.5792,"19","squamous cell carcinoma antigen recognized by T cells 1"
"Ints10",-0.0883127302457885,0.5908,"8","integrator complex subunit 10"
"Arl2bp",0.0882894714623168,0.5348,"8","ADP-ribosylation factor-like 2 binding protein"
"M5C1000I18Rik",0.0882810269432452,0.5816,"9","RIKEN cDNA M5C1000I18 gene"
"Cacng8",0.0882640117076852,0.6312,"7","calcium channel, voltage-dependent, gamma subunit 8"
"Ing5",-0.0882503103625405,0.3704,"1","inhibitor of growth family, member 5"
"Traf6",-0.0882216941551022,0.3684,"2","TNF receptor-associated factor 6"
"Nuf2",0.0881938135161429,0.7356,"1","NUF2, NDC80 kinetochore complex component"
"Il17rc",0.0881614090160809,0.7036,"6","interleukin 17 receptor C"
"Mtr",-0.0881492779595829,0.8652,"13","5-methyltetrahydrofolate-homocysteine methyltransferase"
"Tmem117",0.0881325833813502,0.6472,"15","transmembrane protein 117"
"Zfp398",-0.0881011516400467,0.8648,"6","zinc finger protein 398"
"Lrrcc1",-0.0880677367893909,0.6496,"3","leucine rich repeat and coiled-coil domain containing 1"
"Plekhm1",0.0880475776342067,0.542,"11","pleckstrin homology domain containing, family M (with RUN domain) member 1"
"Npy",0.0880363569024851,0.672,"6","neuropeptide Y"
"Cnnm3",0.0880301217213724,0.4292,"1","cyclin M3"
"Mtfp1",0.0880225290867331,0.7056,"11","mitochondrial fission process 1"
"Gprin1",0.0879770185546267,0.5908,"13","G protein-regulated inducer of neurite outgrowth 1"
"Krt73",0.0879729611582061,0.588,"15","keratin 73"
"Plpbp",0.0879595485891791,0.1276,"8","pyridoxal phosphate binding protein"
"Kifbp",-0.0879478884977249,0.9256,"10","kinesin family binding protein"
"Hr",0.0879372325940224,0.5652,"14","lysine demethylase and nuclear receptor corepressor"
"Chic2",-0.0879207291030464,0.3948,"5","cysteine-rich hydrophobic domain 2"
"Tspan33",0.0878334680644288,0.6276,"6","tetraspanin 33"
"Shank3",0.0878153710709828,0.2072,"15","SH3 and multiple ankyrin repeat domains 3"
"Syt7",0.0877642518461776,0.618,"19","synaptotagmin VII"
"Nrbp2",0.0877419012388696,0.6812,"15","nuclear receptor binding protein 2"
"Nsd1",-0.0876977415370854,0.5308,"13","nuclear receptor-binding SET-domain protein 1"
"Mrpl32",-0.0876783972863984,0.5996,"13","mitochondrial ribosomal protein L32"
"Ss18l1",-0.0876770798025932,0.14,"2","SS18, nBAF chromatin remodeling complex subunit like 1"
"Ice1",-0.0876726515409878,0.7916,"13","interactor of little elongation complex ELL subunit 1"
"Aacs",0.0876578368133814,0.2192,"5","acetoacetyl-CoA synthetase"
"Mfsd6",-0.0876480052371571,0.6192,"1","major facilitator superfamily domain containing 6"
"Klhdc8b",0.0876322469311712,0.5424,"9","kelch domain containing 8B"
"Stt3b",-0.0876257345138516,0.4472,"9","STT3, subunit of the oligosaccharyltransferase complex, homolog B (S. cerevisiae)"
"5530601H04Rik",-0.0875858011317563,0.5532,"X","RIKEN cDNA 5530601H04 gene"
"Rnaseh1",-0.0875735951105789,0.3576,"12","ribonuclease H1"
"Tjap1",0.0875607908519536,0.5432,"17","tight junction associated protein 1"
"Fam98b",-0.0875446932345945,0.5324,"2","family with sequence similarity 98, member B"
"Sidt1",0.0875351597428056,0.5028,"16","SID1 transmembrane family, member 1"
"Cep192",-0.0875278973992955,0.758,"18","centrosomal protein 192"
"Dennd1a",0.0875247177318421,0.582,"2","DENN/MADD domain containing 1A"
"Mtus2",-0.087435252693906,0.5392,"5","microtubule associated tumor suppressor candidate 2"
"Unc5d",-0.0874270016311205,0.5744,"8","unc-5 netrin receptor D"
"Rffl",0.0874204785546651,0.6492,"11","ring finger and FYVE like domain containing protein"
"Rpap1",-0.0874162861172918,0.3656,"2","RNA polymerase II associated protein 1"
"Ak5",0.0874045711246598,0.22,"3","adenylate kinase 5"
"Tada2b",0.0873845321050757,0.4408,"5","transcriptional adaptor 2B"
"Coq9",0.0873335600536116,0.1944,"8","coenzyme Q9"
"Lrrc8c",-0.0873129718505421,0.824,"5","leucine rich repeat containing 8 family, member C"
"Mdm2",-0.0873003896872442,0.5892,"10","transformed mouse 3T3 cell double minute 2"
"Shank2",-0.0872945725941161,0.464,"7","SH3 and multiple ankyrin repeat domains 2"
"Zfand1",0.0872705503381823,0.3972,"3","zinc finger, AN1-type domain 1"
"Gpalpp1",-0.0872549343913729,0.7672,"14","GPALPP motifs containing 1"
"Carm1",-0.0872406971301904,0.2616,"9","coactivator-associated arginine methyltransferase 1"
"Apcdd1",-0.0872186100764827,0.6728,"18","adenomatosis polyposis coli down-regulated 1"
"Rnf150",-0.0872030783898374,0.7296,"8","ring finger protein 150"
"Rcc2",0.0871838446751916,0.5396,"4","regulator of chromosome condensation 2"
"Zfp324",0.0871838395338091,0.5384,"7","zinc finger protein 324"
"Oaz2",0.0871835293317487,0.6216,"9","ornithine decarboxylase antizyme 2"
"G6pc3",0.0871789013915336,0.766,"11","glucose 6 phosphatase, catalytic, 3"
"Rapgef1",0.0871274210403907,0.408,"2","Rap guanine nucleotide exchange factor (GEF) 1"
"Lrrc3",-0.0870721285254206,0.856,"10","leucine rich repeat containing 3"
"Pheta1",0.0870651493662797,0.8004,"5","PH domain containing endocytic trafficking adaptor 1"
"Esco1",-0.0870591875964939,0.6464,"18","establishment of sister chromatid cohesion N-acetyltransferase 1"
"Cab39",-0.0870577772451373,0.5168,"1","calcium binding protein 39"
"Ppp4r1",0.0870538637046829,0.5668,"17","protein phosphatase 4, regulatory subunit 1"
"Itpkb",-0.0870377922178163,0.718,"1","inositol 1,4,5-trisphosphate 3-kinase B"
"Slc26a6",0.087037333370136,0.4336,"9","solute carrier family 26, member 6"
"Slc25a16",-0.0870340736953183,0.9776,"10","solute carrier family 25 (mitochondrial carrier, Graves disease autoantigen), member 16"
"Traf3",0.0870229900894381,0.242,"12","TNF receptor-associated factor 3"
"Gatad1",0.0870096484413017,0.5572,"5","GATA zinc finger domain containing 1"
"Klhdc1",-0.0869758457612728,0.8096,"12","kelch domain containing 1"
"Tor1aip1",-0.0869461014124804,0.2332,"1","torsin A interacting protein 1"
"Lamp5",0.0869051593098717,0.608,"2","lysosomal-associated membrane protein family, member 5"
"Mrpl44",0.0868667508367285,0.492,"1","mitochondrial ribosomal protein L44"
"Plcl1",-0.0868573991404658,0.7464,"1","phospholipase C-like 1"
"Fam3a",0.0868274394837156,0.512,"X","FAM3 metabolism regulating signaling molecule A"
"Onecut2",-0.0867750775636091,0.7452,"18","one cut domain, family member 2"
"Morc2a",-0.0867552294354015,0.4264,"11","microrchidia 2A"
"Fermt2",-0.0867498939791727,0.284,"14","fermitin family member 2"
"Orc6",0.0867196276359978,0.47,"8","origin recognition complex, subunit 6"
"Mrps9",0.0867167743068196,0.5344,"1","mitochondrial ribosomal protein S9"
"Kdm2a",-0.0867163290837363,0.516,"19","lysine (K)-specific demethylase 2A"
"Mob3a",0.0867094585674484,0.57,"10","MOB kinase activator 3A"
"Lrrc55",0.0866971982654245,0.774,"2","leucine rich repeat containing 55"
"Rgl2",0.0866761255311923,0.6728,"17","ral guanine nucleotide dissociation stimulator-like 2"
"Kctd9",-0.0866677325419243,0.698,"14","potassium channel tetramerisation domain containing 9"
"Chtf8",0.0866459557347863,0.5264,"8","CTF8, chromosome transmission fidelity factor 8"
"Apba1",-0.0866293074498188,0.1904,"19","amyloid beta (A4) precursor protein binding, family  A, member 1"
"Zfp106",-0.0865946116903586,0.2884,"2","zinc finger protein 106"
"Ldlr",0.0865079636968136,0.4544,"9","low density lipoprotein receptor"
"Pik3cb",-0.0864315346040092,0.704,"9","phosphatidylinositol-4,5-bisphosphate 3-kinase catalytic subunit beta"
"Slc25a42",-0.0864245402741295,0.6336,"8","solute carrier family 25, member 42"
"Noct",-0.0864207301225655,0.4872,"3","nocturnin"
"Fastkd3",0.0864161076633994,0.4528,"13","FAST kinase domains 3"
"Rhobtb1",-0.0863989083465611,0.7348,"10","Rho-related BTB domain containing 1"
"Smurf1",0.0863705351303254,0.228,"5","SMAD specific E3 ubiquitin protein ligase 1"
"Gbf1",-0.0863595006041322,0.4308,"19","golgi-specific brefeldin A-resistance factor 1"
"Nrgn",0.0863332892149895,0.8336,"9","neurogranin"
"Eipr1",0.0862598855719012,0.5348,"12","EARP complex and GARP complex interacting protein 1"
"Shisal1",0.0862367672061275,0.356,"15","shisa like 1"
"Drosha",-0.0862202891977111,0.5352,"15","drosha, ribonuclease type III"
"Slc10a7",0.0862086912627307,0.4952,"8","solute carrier family 10 (sodium/bile acid cotransporter family), member 7"
"Borcs7",-0.0861883121142348,0.4448,"19","BLOC-1 related complex subunit 7"
"Capza1",-0.0861729259366886,0.7148,"3","capping actin protein of muscle Z-line subunit alpha 1"
"Slc25a45",-0.0861614362695946,0.8132,"19","solute carrier family 25, member 45"
"Hadha",0.0861454563399819,0.6168,"5","hydroxyacyl-CoA dehydrogenase trifunctional multienzyme complex subunit alpha"
"Marchf8",0.0860902863794211,0.1276,"6","membrane associated ring-CH-type finger 8"
"Sat1",0.0860691975166752,0.3228,"X","spermidine/spermine N1-acetyl transferase 1"
"Rbm15",0.0860561442215451,0.7748,"3","RNA binding motif protein 15"
"Snca",-0.0860475619211911,0.6568,"6","synuclein, alpha"
"Dnajc28",-0.0860370296227466,0.5912,"16","DnaJ heat shock protein family (Hsp40) member C28"
"Mfap1b",-0.0860111714636043,0.4424,"2","microfibrillar-associated protein 1B"
"Crcp",0.0859766276950955,0.578,"5","calcitonin gene-related peptide-receptor component protein"
"Mmd",-0.0859213030443726,0.5016,"11","monocyte to macrophage differentiation-associated"
"Fbxw2",0.0859025501180737,0.1116,"2","F-box and WD-40 domain protein 2"
"Myo1e",-0.0858821648605481,0.4352,"9","myosin IE"
"Kifc2",0.0858780165042266,0.7032,"15","kinesin family member C2"
"Gps2",-0.0858575348583805,0.6224,"11","G protein pathway suppressor 2"
"Coasy",0.085830643887963,0.6304,"11","Coenzyme A synthase"
"Ifrd1",-0.0857991089155972,0.7232,"12","interferon-related developmental regulator 1"
"Zfp9",-0.085785849643548,0.87,"6","zinc finger protein 9"
"BC034090",-0.0857689005489992,0.5552,"1","cDNA sequence BC034090"
"Wapl",-0.0857645750429556,0.6528,"14","WAPL cohesin release factor"
"Nrp2",-0.0857595797142219,0.7496,"1","neuropilin 2"
"Senp5",-0.0856859570038919,0.4436,"16","SUMO/sentrin specific peptidase 5"
"Tmem131l",0.0856745949889017,0.5368,"3","transmembrane 131 like"
"Ldb1",0.0856581157616221,0.0616,"19","LIM domain binding 1"
"Rragb",-0.085645620261908,0.842,"X","Ras-related GTP binding B"
"Wdr20",-0.0856317727547786,0.578,"12","WD repeat domain 20"
"Ap3m1",-0.0856128448833351,0.676,"14","adaptor-related protein complex 3, mu 1 subunit"
"Mpv17l2",0.0855505245560124,0.7392,"8","MPV17 mitochondrial membrane protein-like 2"
"Btf3",0.0855493060486392,0.5468,"13","basic transcription factor 3"
"Lss",0.0855448135127688,0.3888,"10","lanosterol synthase"
"Zfp975",-0.0855286396453838,0.5996,"7","zinc finger protein 975"
"Prrc2b",-0.0855167437773119,0.57,"2","proline-rich coiled-coil 2B"
"Nod1",0.0855076859044646,0.6012,"6","nucleotide-binding oligomerization domain containing 1"
"Zfp157",0.0854990689824122,0.4304,"5","zinc finger protein 157"
"Zfp983",-0.0854972161291747,0.378,"17","zinc finger protein 983"
"Zbtb17",0.0854953172369433,0.5416,"4","zinc finger and BTB domain containing 17"
"Alpk1",-0.0854942444236526,0.6848,"3","alpha-kinase 1"
"Fam241b",0.0854669836525934,0.5692,"10","family with sequence similarity 241, member B"
"Fstl5",-0.0854649240237815,0.7616,"3","follistatin-like 5"
"Rfx1",0.0854459990846035,0.6948,"8","regulatory factor X, 1 (influences HLA class II expression)"
"E130008D07Rik",0.0853951562001223,0.5792,"17","RIKEN cDNA E130008D07 gene"
"Msi1",0.0853750425884012,0.342,"5","musashi RNA-binding protein 1"
"Blzf1",0.0853268521871104,0.2796,"1","basic leucine zipper nuclear factor 1"
"Smim8",0.0853086646772643,0.5908,"4","small integral membrane protein 8"
"Dact3",0.0852981836068674,0.7296,"7","dishevelled-binding antagonist of beta-catenin 3"
"Eif3e",0.0852839060389874,0.3192,"15","eukaryotic translation initiation factor 3, subunit E"
"Npr1",0.0852766525823334,0.6188,"3","natriuretic peptide receptor 1"
"Atf4",-0.085225723681349,0.6972,"15","activating transcription factor 4"
"Higd2a",0.0852244501396306,0.718,"13","HIG1 domain family, member 2A"
"Kctd18",-0.0852116985681328,0.2184,"1","potassium channel tetramerisation domain containing 18"
"Clstn1",0.0852044398103295,0.2772,"4","calsyntenin 1"
"Eftud2",0.0851577740663876,0.2704,"11","elongation factor Tu GTP binding domain containing 2"
"Micos10",0.0851516728826507,0.7248,"4","mitochondrial contact site and cristae organizing system subunit 10"
"Wdr35",-0.0851373531095767,0.74,"12","WD repeat domain 35"
"Scmh1",0.0851265945081074,0.2336,"4","sex comb on midleg homolog 1"
"Paqr4",0.0851205803030028,0.666,"17","progestin and adipoQ receptor family member IV"
"Ccdc88c",-0.0850975081457985,0.604,"12","coiled-coil domain containing 88C"
"Kank1",-0.0850447566347614,0.6944,"19","KN motif and ankyrin repeat domains 1"
"Shmt2",0.0850046901303889,0.6216,"10","serine hydroxymethyltransferase 2 (mitochondrial)"
"Orc3",-0.0849857387042565,0.5416,"4","origin recognition complex, subunit 3"
"Gusb",0.0849757975839061,0.37,"5","glucuronidase, beta"
"Sirt5",0.0849498153676147,0.5664,"13","sirtuin 5"
"Tkt",0.0849436043756215,0.5516,"14","transketolase"
"Lmo2",-0.0849256035304351,0.3612,"2","LIM domain only 2"
"Nup210",0.0849090436794295,0.4604,"6","nucleoporin 210"
"Galnt11",-0.0848989604208681,0.7524,"5","polypeptide N-acetylgalactosaminyltransferase 11"
"Gsk3a",0.0848475586872661,0.6288,"7","glycogen synthase kinase 3 alpha"
"H13",0.0848360196188658,0.6228,"2","histocompatibility 13"
"Prpf40b",0.0848337047436774,0.6508,"15","pre-mRNA processing factor 40B"
"Rab6b",0.0848282791467838,0.406,"9","RAB6B, member RAS oncogene family"
"Mlf2",0.0848208275609501,0.4716,"6","myeloid leukemia factor 2"
"Polr1a",0.0848125067882846,0.4636,"6","polymerase (RNA) I polypeptide A"
"Tdo2",-0.0847950819413565,0.8752,"3","tryptophan 2,3-dioxygenase"
"Krt77",0.0847701084484032,0.776,"15","keratin 77"
"Ptpmt1",0.0847427035762465,0.7288,"2","protein tyrosine phosphatase, mitochondrial 1"
"Gtf2b",-0.0847145011797359,0.682,"3","general transcription factor IIB"
"Tm2d1",0.0846907930740359,0.5932,"4","TM2 domain containing 1"
"Emc1",0.0846651485250218,0.3372,"4","ER membrane protein complex subunit 1"
"Zdhhc9",-0.0846444604415035,0.408,"X","zinc finger, DHHC domain containing 9"
"Col11a2",0.0846233608621008,0.5804,"17","collagen, type XI, alpha 2"
"Ppil4",-0.0846041120778915,0.4272,"10","peptidylprolyl isomerase (cyclophilin)-like 4"
"Tmem80",0.0845788955710844,0.7636,"7","transmembrane protein 80"
"Gsdme",-0.0845643500300093,0.1988,"6","gasdermin E"
"Wdr90",0.0845564289287992,0.7328,"17","WD repeat domain 90"
"Il34",0.0844791296532268,0.2404,"8","interleukin 34"
"Setd6",0.0844720017568337,0.6744,"8","SET domain containing 6"
"Rbm28",-0.0844186297334488,0.5228,"6","RNA binding motif protein 28"
"Cln3",0.0844161428997063,0.7184,"7","ceroid lipofuscinosis, neuronal 3, juvenile (Batten, Spielmeyer-Vogt disease)"
"Ube2k",-0.0843813534223079,0.2668,"5","ubiquitin-conjugating enzyme E2K"
"Inpp5b",-0.084374213815444,0.5324,"4","inositol polyphosphate-5-phosphatase B"
"Pcdhb7",-0.0843457444663991,0.7616,"18","protocadherin beta 7"
"Gatm",-0.0843263856459044,0.7076,"2","glycine amidinotransferase (L-arginine:glycine amidinotransferase)"
"Dcaf12",0.0843224799189075,0.2028,"4","DDB1 and CUL4 associated factor 12"
"Chac2",-0.0843179458645889,0.4732,"11","ChaC, cation transport regulator 2"
"Pou6f1",0.0843160977854467,0.7092,"15","POU domain, class 6, transcription factor 1"
"Ski",-0.0842696944433321,0.3032,"4","ski sarcoma viral oncogene homolog (avian)"
"Foxn2",-0.0842557707856049,0.9016,"17","forkhead box N2"
"Mtx3",-0.0842438318146304,0.472,"13","metaxin 3"
"Mcl1",-0.0842222206969421,0.2044,"3","myeloid cell leukemia sequence 1"
"Gcnt2",-0.0842138214474661,0.708,"13","glucosaminyl (N-acetyl) transferase 2, I-branching enzyme"
"Pi4kb",0.0842077347500387,0.4368,"3","phosphatidylinositol 4-kinase beta"
"Shank1",-0.0841558075335858,0.5936,"7","SH3 and multiple ankyrin repeat domains 1"
"Rbmx",-0.0841523233892456,0.3444,"X","RNA binding motif protein, X chromosome"
"Kctd10",0.0841463682258778,0.5672,"5","potassium channel tetramerisation domain containing 10"
"Tstd2",0.0841374875248841,0.8472,"4","thiosulfate sulfurtransferase (rhodanese)-like domain containing 2"
"Snhg8",0.0840878603523838,0.8092,"3","small nucleolar RNA host gene 8"
"Zfp383",-0.084086792091322,0.65,"7","zinc finger protein 383"
"Imp4",-0.0840808590623148,0.6172,"1","IMP4, U3 small nucleolar ribonucleoprotein"
"Prpf8",-0.0840743695033952,0.5952,"11","pre-mRNA processing factor 8"
"Rasgrf2",-0.0840634820647823,0.7788,"13","RAS protein-specific guanine nucleotide-releasing factor 2"
"Poglut3",-0.0840501202185884,0.5684,"9","protein O-glucosyltransferase 3"
"Ttbk1",0.0840480661905207,0.6252,"17","tau tubulin kinase 1"
"Sh3glb1",-0.0840335770059824,0.1108,"3","SH3-domain GRB2-like B1 (endophilin)"
"Adsl",0.0840014018396102,0.4464,"15","adenylosuccinate lyase"
"Acaca",0.0839943237821394,0.6476,"11","acetyl-Coenzyme A carboxylase alpha"
"Stab1",-0.0839737098282036,0.9212,"14","stabilin 1"
"Rit1",0.0839725494226773,0.3552,"3","Ras-like without CAAX 1"
"Copz2",-0.0839681285391638,0.7672,"11","coatomer protein complex, subunit zeta 2"
"Nfib",-0.083963797349992,0.1416,"4","nuclear factor I/B"
"Cilk1",-0.0839593101828005,0.1908,"9","ciliogenesis associated kinase 1"
"Sord",0.0839462760477767,0.4968,"2","sorbitol dehydrogenase"
"Mycl",0.0839330548752448,0.4584,"4","v-myc avian myelocytomatosis viral oncogene lung carcinoma derived"
"Spats2",-0.0839273456585774,0.7832,"15","spermatogenesis associated, serine-rich 2"
"Zfp874b",0.0839083071283744,0.5192,"13","zinc finger protein 874b"
"Tmco4",0.0838848925376567,0.6696,"4","transmembrane and coiled-coil domains 4"
"Adamts4",0.0838762959743091,0.6152,"1","a disintegrin-like and metallopeptidase (reprolysin type) with thrombospondin type 1 motif, 4"
"Fam118a",-0.0838511082106681,0.4784,"15","family with sequence similarity 118, member A"
"Pias4",0.0838321661114776,0.4092,"10","protein inhibitor of activated STAT 4"
"Nrros",-0.0837900422946936,0.4756,"16","negative regulator of reactive oxygen species"
"Paip2b",0.0837740206122888,0.4288,"6","poly(A) binding protein interacting protein 2B"
"Syn2",0.0837707469352917,0.3256,"6","synapsin II"
"Pck2",0.0836939086387103,0.684,"14","phosphoenolpyruvate carboxykinase 2 (mitochondrial)"
"Tbc1d8",0.0836870965973771,0.7892,"1","TBC1 domain family, member 8"
"9630013A20Rik",-0.0836552804480104,0.6424,"14","RIKEN cDNA 9630013A20 gene"
"Scn8a",-0.0836373972417448,0.4084,"15","sodium channel, voltage-gated, type VIII, alpha"
"Mcam",-0.0836015258934104,0.558,"9","melanoma cell adhesion molecule"
"Trmt10a",0.0835843412703263,0.5756,"3","tRNA methyltransferase 10A"
"Lrrn2",0.0835560688391208,0.5368,"1","leucine rich repeat protein 2, neuronal"
"Emx2os",-0.0835482769943088,0.6964,"19","Emx2 opposite strand/antisense transcript (non-protein coding)"
"Adam15",0.0835371814767187,0.778,"3","a disintegrin and metallopeptidase domain 15 (metargidin)"
"Zfp112",0.0834674384894774,0.4072,"7","zinc finger protein 112"
"Cntnap1",-0.0834483323182518,0.4056,"11","contactin associated protein-like 1"
"Kdsr",-0.083448045707847,0.93,"1","3-ketodihydrosphingosine reductase"
"Triap1",0.0834473969201301,0.6404,"5","TP53 regulated inhibitor of apoptosis 1"
"Inpp5f",-0.0834454983167419,0.476,"7","inositol polyphosphate-5-phosphatase F"
"Gnl2",-0.0834042993182997,0.4316,"4","guanine nucleotide binding protein-like 2 (nucleolar)"
"Zfp668",0.0833972102831222,0.2628,"7","zinc finger protein 668"
"Capzb",0.0833896911707868,0.5804,"4","capping actin protein of muscle Z-line subunit beta"
"Tsen34",0.0833542370370379,0.6588,"7","tRNA splicing endonuclease subunit 34"
"Acvr1b",-0.0833214640878088,0.9876,"15","activin A receptor, type 1B"
"Egln1",0.0832650064571476,0.5564,"8","egl-9 family hypoxia-inducible factor 1"
"Pou3f3",-0.0832522684395043,0.2244,"1","POU domain, class 3, transcription factor 3"
"Smc1a",-0.0832384330588036,0.7036,"X","structural maintenance of chromosomes 1A"
"Dynll1",0.0832380970455251,0.714,"5","dynein light chain LC8-type 1"
"Tmem150c",-0.0832368337946923,0.1084,"5","transmembrane protein 150C"
"Skida1",0.0832196897807806,0.3308,"2","SKI/DACH domain containing 1"
"Aff3",-0.0831996617809692,0.6668,"1","AF4/FMR2 family, member 3"
"Slc9a2",-0.0831920486767617,0.6428,"1","solute carrier family 9 (sodium/hydrogen exchanger), member 2"
"Hyal2",0.0831711867095213,0.4944,"9","hyaluronoglucosaminidase 2"
"Man1a2",-0.0831619087161108,0.6552,"3","mannosidase, alpha, class 1A, member 2"
"Capsl",-0.0831577118786151,0.59,"15","calcyphosine-like"
"Samd4b",-0.0831485424187672,0.502,"7","sterile alpha motif domain containing 4B"
"Rap2c",-0.0830956465800403,0.3148,"X","RAP2C, member of RAS oncogene family"
"Rnf38",-0.083088196940432,0.6028,"4","ring finger protein 38"
"Derl1",0.0830615859755559,0.4424,"15","Der1-like domain family, member 1"
"Vps36",0.0830603120116189,0.2932,"8","vacuolar protein sorting 36"
"Paqr8",0.083056499796947,0.4384,"1","progestin and adipoQ receptor family member VIII"
"Klf7",-0.0830339343998996,0.8836,"1","Kruppel-like factor 7 (ubiquitous)"
"Klf8",-0.0830319152476164,0.8028,"X","Kruppel-like factor 8"
"Car15",0.0830304892384537,0.7748,"16","carbonic anhydrase 15"
"Marchf6",-0.0830290610312101,0.7712,"15","membrane associated ring-CH-type finger 6"
"Zfp945",-0.082987167298358,0.548,"17","zinc finger protein 945"
"Zik1",-0.0829837415793344,0.76,"7","zinc finger protein interacting with K protein 1"
"Rnf128",-0.0829369870793597,0.5312,"X","ring finger protein 128"
"Trp53bp1",-0.0829136961982684,0.7092,"2","transformation related protein 53 binding protein 1"
"Tspan3",0.0829124147875264,0.4648,"9","tetraspanin 3"
"Nudt3",0.0829003882081576,0.7628,"17","nudix (nucleotide diphosphate linked moiety X)-type motif 3"
"Plvap",0.0828694481822643,0.6604,"8","plasmalemma vesicle associated protein"
"Zfp790",-0.0828643744434148,0.7124,"7","zinc finger protein 790"
"Pak4",0.0827933362722275,0.6968,"7","p21 (RAC1) activated kinase 4"
"Cebpz",-0.0827865739828093,0.5148,"17","CCAAT/enhancer binding protein zeta"
"Ier2",0.0827746918380221,0.7564,"8","immediate early response 2"
"Cald1",-0.0827744407168751,0.6112,"6","caldesmon 1"
"Nes",-0.0827405680518973,0.8364,"3","nestin"
"Usp12",-0.0827061079614371,0.7544,"5","ubiquitin specific peptidase 12"
"Rnf11",-0.0827037350434816,0.7612,"4","ring finger protein 11"
"Slx1b",0.0826893244560365,0.7816,"7","SLX1 structure-specific endonuclease subunit homolog B (S. cerevisiae)"
"Tent4a",-0.0826444697439532,0.5212,"13","terminal nucleotidyltransferase 4A"
"Aph1b",-0.0826252677635173,0.6328,"9","aph1 homolog B, gamma secretase subunit"
"Eif1a",-0.0826229041671445,0.3736,"18","eukaryotic translation initiation factor 1A"
"Trim3",0.0825890597957724,0.2524,"7","tripartite motif-containing 3"
"Rad51d",-0.0825576098310625,0.2924,"11","RAD51 paralog D"
"Ppp1r7",0.0824643475714675,0.24,"1","protein phosphatase 1, regulatory subunit 7"
"Mypop",0.0824216651904575,0.6276,"7","Myb-related transcription factor, partner of profilin"
"Selenof",0.0823591894029105,0.4952,"3","selenoprotein F"
"Suz12",-0.0823397384634044,0.8752,"11","SUZ12 polycomb repressive complex 2 subunit"
"Meaf6",-0.0822998063548726,0.0088,"4","MYST/Esa1-associated factor 6"
"Paip1",-0.0822147334412344,0.5824,"13","polyadenylate binding protein-interacting protein 1"
"Npas1",0.0822071692366215,0.646,"7","neuronal PAS domain protein 1"
"Dmac2l",0.0822055770245478,0.398,"12","distal membrane arm assembly complex 2 like"
"Thbs3",0.0821839391330439,0.8044,"3","thrombospondin 3"
"Letm1",0.0821741840982382,0.6136,"5","leucine zipper-EF-hand containing transmembrane protein 1"
"Mfn2",0.0821611092798253,0.3684,"4","mitofusin 2"
"Sox21",-0.0821489893028704,0.7328,"14","SRY (sex determining region Y)-box 21"
"Slc7a6os",0.0820899157662733,0.5904,"8","solute carrier family 7, member 6 opposite strand"
"Wdr7",-0.0820835780472366,0.7796,"18","WD repeat domain 7"
"Rassf1",0.0820684410026424,0.5704,"9","Ras association (RalGDS/AF-6) domain family member 1"
"Vamp4",-0.0820673917645163,0.3232,"1","vesicle-associated membrane protein 4"
"Necab3",0.0820607401977069,0.7508,"2","N-terminal EF-hand calcium binding protein 3"
"Hivep2",-0.0820495638613679,0.562,"10","human immunodeficiency virus type I enhancer binding protein 2"
"Tmem179b",0.0820172097452931,0.6508,"19","transmembrane protein 179B"
"Cntln",-0.0820069273370083,0.5904,"4","centlein, centrosomal protein"
"Zfp36",0.0820007568759,0.6772,"7","zinc finger protein 36"
"Ap4b1",-0.0819883866407953,0.574,"3","adaptor-related protein complex AP-4, beta 1"
"Ptk2",-0.0819536149834867,0.58,"15","PTK2 protein tyrosine kinase 2"
"Tram1l1",-0.0819454858605679,0.5844,"3","translocation associated membrane protein 1-like 1"
"Hmg20b",0.0819418668774103,0.76,"10","high mobility group 20B"
"Tspan18",-0.0819244492796241,0.8908,"2","tetraspanin 18"
"Tcf15",0.0819069099665368,0.8628,"2","transcription factor 15"
"Thop1",0.0818962125319196,0.53,"10","thimet oligopeptidase 1"
"Cyp2j6",0.0818520575837232,0.4276,"4","cytochrome P450, family 2, subfamily j, polypeptide 6"
"Fnta",0.0818473069296592,0.4644,"8","farnesyltransferase, CAAX box, alpha"
"Hap1",0.0817685105213091,0.5056,"11","huntingtin-associated protein 1"
"Traf4",0.0816862935707707,0.4888,"11","TNF receptor associated factor 4"
"Gria1",-0.0816753608202792,0.0956,"11","glutamate receptor, ionotropic, AMPA1 (alpha 1)"
"Kif5a",0.0816689208591388,0.8412,"10","kinesin family member 5A"
"2810459M11Rik",-0.0816665311781648,0.6892,"1","RIKEN cDNA 2810459M11 gene"
"Prr5l",0.0816607264083897,0.6472,"2","proline rich 5 like"
"Ints9",-0.0816132433782455,0.0668,"14","integrator complex subunit 9"
"Dnaja2",-0.0815634504839098,0.4372,"8","DnaJ heat shock protein family (Hsp40) member A2"
"Kdelr1",0.081560152605447,0.5172,"7","KDEL (Lys-Asp-Glu-Leu) endoplasmic reticulum protein retention receptor 1"
"Setd1a",-0.0815334682359037,0.5064,"7","SET domain containing 1A"
"Hip1",0.0814968358564059,0.6024,"5","huntingtin interacting protein 1"
"Scnn1a",0.0814874879010938,0.7988,"6","sodium channel, nonvoltage-gated 1 alpha"
"Bud13",0.0814846360927697,0.5784,"9","BUD13 homolog"
"Il1r1",-0.0814732910018749,0.8872,"1","interleukin 1 receptor, type I"
"Runx2",-0.0813552184417752,0.5784,"17","runt related transcription factor 2"
"Pfkm",0.0813536296559318,0.076,"15","phosphofructokinase, muscle"
"Atf2",-0.0813297314884451,0.76,"2","activating transcription factor 2"
"Ntrk3",-0.0813291016962481,0.6208,"7","neurotrophic tyrosine kinase, receptor, type 3"
"Ntrk3",-0.0813291016962481,0.6208,"7","neurotrophic tyrosine kinase, receptor, type 3"
"B3galt6",0.0813215724807304,0.6248,"4","UDP-Gal:betaGal beta 1,3-galactosyltransferase, polypeptide 6"
"Gng4",0.0813021625484716,0.464,"13","guanine nucleotide binding protein (G protein), gamma 4"
"Usp22",-0.0812976161576398,0.6156,"11","ubiquitin specific peptidase 22"
"Gm10516",0.081267593089938,0.646,"1","predicted gene 10516"
"Mdga2",-0.0812594412085605,0.756,"12","MAM domain containing glycosylphosphatidylinositol anchor 2"
"Slc35b3",-0.0812588617793124,0.4028,"13","solute carrier family 35, member B3"
"Ankmy2",0.081254835936174,0.3788,"12","ankyrin repeat and MYND domain containing 2"
"Bmp4",0.0812516310882974,0.8092,"14","bone morphogenetic protein 4"
"Ulk2",-0.0812231942891382,0.5512,"11","unc-51 like kinase 2"
"Dzip1",-0.0812156515002727,0.578,"14","DAZ interacting protein 1"
"Nfx1",-0.0811765467445253,0.5276,"4","nuclear transcription factor, X-box binding 1"
"Srp14",0.0811623572188198,0.6636,"2","signal recognition particle 14"
"Itprid2",-0.0811440027459627,0.4396,"2","ITPR interacting domain containing 2"
"Ldlrap1",0.081098697448897,0.6732,"4","low density lipoprotein receptor adaptor protein 1"
"Hnrnpc",-0.0810809686662592,0.4936,"14","heterogeneous nuclear ribonucleoprotein C"
"Msh6",-0.0810469737514627,0.7292,"17","mutS homolog 6"
"Serpinb8",0.0810348306231519,0.818,"1","serine (or cysteine) peptidase inhibitor, clade B, member 8"
"Rpgr",-0.081034602737621,0.5928,"X","retinitis pigmentosa GTPase regulator"
"Vps50",-0.0810314770928642,0.6956,"6","VPS50 EARP/GARPII complex subunit"
"Zc3h14",-0.0810259362854771,0.7568,"12","zinc finger CCCH type containing 14"
"Ddx52",-0.0809567988468816,0.3088,"11","DExD box helicase 52"
"Mrps2",-0.0809519532574763,0.3536,"2","mitochondrial ribosomal protein S2"
"D17H6S53E",0.0809105408979316,0.732,"17","DNA segment, Chr 17, human D6S53E"
"Zfp652",-0.0809045621285693,0.764,"11","zinc finger protein 652"
"Ankrd29",-0.0808803426554467,0.2644,"18","ankyrin repeat domain 29"
"Hspa2",-0.0808788534610994,0.5152,"12","heat shock protein 2"
"Ssr1",-0.080870925062456,0.2908,"13","signal sequence receptor, alpha"
"Grk4",0.0808699490049638,0.774,"5","G protein-coupled receptor kinase 4"
"Hmgxb3",0.0808512476541638,0.2548,"18","HMG box domain containing 3"
"Csrnp2",0.0808354773924727,0.3584,"15","cysteine-serine-rich nuclear protein 2"
"Arl3",0.0808350942678713,0.7048,"19","ADP-ribosylation factor-like 3"
"Tmem196",-0.0808284571805546,0.8532,"12","transmembrane protein 196"
"Ncapd3",-0.0808029937114156,0.5804,"9","non-SMC condensin II complex, subunit D3"
"Nlgn3",-0.0807948118433375,0.6824,"X","neuroligin 3"
"Rasl10a",0.0807908969253797,0.7372,"11","RAS-like, family 10, member A"
"Ccnyl1",-0.0807484409306061,0.2212,"1","cyclin Y-like 1"
"Zfp128",0.0807272603232985,0.5804,"7","zinc finger protein 128"
"Cry2",0.0806616394345907,0.138,"2","cryptochrome 2 (photolyase-like)"
"Ash2l",-0.0806585275111065,0.2796,"8","ASH2 like histone lysine methyltransferase complex subunit"
"Arrdc4",0.0806192413789582,0.5012,"7","arrestin domain containing 4"
"Rap1gds1",0.080613848126049,0.1836,"3","RAP1, GTP-GDP dissociation stimulator 1"
"Camk2a",0.0806098983624963,0.7116,"18","calcium/calmodulin-dependent protein kinase II alpha"
"Abhd13",-0.0806082543169646,0.686,"8","abhydrolase domain containing 13"
"Dxo",0.0805786778399158,0.7984,"17","decapping exoribonuclease"
"Blvrb",0.0805356779393569,0.8016,"7","biliverdin reductase B (flavin reductase (NADPH))"
"Fnbp1",-0.0805049691061379,0.4812,"2","formin binding protein 1"
"Zfp672",0.0804867652582404,0.2844,"11","zinc finger protein 672"
"Arl8b",-0.0804585746948332,0.2984,"6","ADP-ribosylation factor-like 8B"
"Gid4",0.0804524330017351,0.6116,"11","GID complex subunit 4, VID24 homolog"
"Taf11",0.0804118036146138,0.5488,"17","TATA-box binding protein associated factor 11"
"Znrf3",-0.0804064952891714,0.8288,"11","zinc and ring finger 3"
"Zfp931",0.08038392538979,0.6696,"2","zinc finger protein 931"
"Zfp142",-0.0803726081929295,0.456,"1","zinc finger protein 142"
"Smap1",-0.0803400778253538,0.848,"1","small ArfGAP 1"
"H3f3b",-0.0803235122642212,0.4772,"11","H3.3 histone B"
"Cc2d1a",0.0803164794753277,0.6684,"8","coiled-coil and C2 domain containing 1A"
"Acyp1",0.0802955441290578,0.5104,"12","acylphosphatase 1, erythrocyte (common) type"
"Ltbr",-0.0802823486894355,0.7048,"6","lymphotoxin B receptor"
"Trrap",-0.0802692432086749,0.6204,"5","transformation/transcription domain-associated protein"
"Hnrnpf",-0.0802648953597265,0.59,"6","heterogeneous nuclear ribonucleoprotein F"
"Micu1",0.0802527729273601,0.3768,"10","mitochondrial calcium uptake 1"
"Klhl18",-0.0802509001786618,0.3492,"9","kelch-like 18"
"Nrbp1",0.0802303152599215,0.4032,"5","nuclear receptor binding protein 1"
"Car14",0.0802293338705629,0.5988,"3","carbonic anhydrase 14"
"BC030500",-0.0801660515108837,0.9088,"8","cDNA sequence BC030500"
"Zfyve9",-0.0801462712809791,0.476,"4","zinc finger, FYVE domain containing 9"
"Atp1a3",-0.0801360733365737,0.4628,"7","ATPase, Na+/K+ transporting, alpha 3 polypeptide"
"Lgals1",-0.0800967975711617,0.8684,"15","lectin, galactose binding, soluble 1"
"Golga7",0.080064899968936,0.71,"8","golgi autoantigen, golgin subfamily a, 7"
"Golga7",0.080064899968936,0.71,"8","golgi autoantigen, golgin subfamily a, 7"
"Rab5b",-0.080056647900661,0.2168,"10","RAB5B, member RAS oncogene family"
"Zfp354a",0.0800545134074775,0.3836,"11","zinc finger protein 354A"
"Card6",-0.0799950593731933,0.6636,"15","caspase recruitment domain family, member 6"
"Cers2",0.0799911727884179,0.4976,"3","ceramide synthase 2"
"Wdr45b",0.0799064086550754,0.3348,"11","WD repeat domain 45B"
"Traf7",0.0799017561565396,0.4904,"17","TNF receptor-associated factor 7"
"Mtfmt",0.0798876209553439,0.3936,"9","mitochondrial methionyl-tRNA formyltransferase"
"Snap47",0.079836770282034,0.638,"11","synaptosomal-associated protein, 47"
"Ift46",0.0798279979421803,0.6144,"9","intraflagellar transport 46"
"Rnf139",-0.079825459873839,0.844,"15","ring finger protein 139"
"Hlcs",0.0797887712953633,0.6032,"16","holocarboxylase synthetase (biotin-"
"Pltp",0.0797855522650286,0.8344,"2","phospholipid transfer protein"
"Aldh6a1",-0.079726794693574,0.4492,"12","aldehyde dehydrogenase family 6, subfamily A1"
"Lurap1",-0.0797241152397778,0.5012,"4","leucine rich adaptor protein 1"
"Spg11",-0.0797163292077938,0.606,"2","SPG11, spatacsin vesicle trafficking associated"
"Fbxl20",-0.0796426188196522,0.4744,"11","F-box and leucine-rich repeat protein 20"
"Nr2c2ap",0.0796265876310427,0.8348,"8","nuclear receptor 2C2-associated protein"
"Slc38a1",-0.0795859524305982,0.5176,"15","solute carrier family 38, member 1"
"Cd276",0.0794825268510437,0.414,"9","CD276 antigen"
"Stx8",0.0794498429642951,0.6356,"11","syntaxin 8"
"Sox8",0.0794313888573113,0.3948,"17","SRY (sex determining region Y)-box 8"
"Tmem120b",0.0794245486057483,0.4964,"5","transmembrane protein 120B"
"Orc5",0.0794194044162495,0.4784,"5","origin recognition complex, subunit 5"
"Myh9",-0.0794149745266601,0.7052,"15","myosin, heavy polypeptide 9, non-muscle"
"Spryd3",0.0793805977373809,0.5908,"15","SPRY domain containing 3"
"Wnt2",0.0793788002524085,0.7244,"6","wingless-type MMTV integration site family, member 2"
"Bud23",0.0793488063161076,0.6696,"5","BUD23, rRNA methyltransferase and ribosome maturation factor"
"Mfsd4a",0.0792757534439952,0.5392,"1","major facilitator superfamily domain containing 4A"
"Eps8l1",-0.0792737878587229,0.8768,"7","EPS8-like 1"
"Ildr2",-0.079273533632132,0.454,"1","immunoglobulin-like domain containing receptor 2"
"Gmcl1",0.0792696455894397,0.3968,"6","germ cell-less, spermatogenesis associated 1"
"Zfp78",-0.0792582517523543,0.5524,"7","zinc finger protein 78"
"Ghdc",0.0792130512551608,0.46,"11","GH3 domain containing"
"Nek4",-0.0791987064913329,0.5572,"14","NIMA (never in mitosis gene a)-related expressed kinase 4"
"Tmub2",0.0791853194945764,0.5356,"11","transmembrane and ubiquitin-like domain containing 2"
"Zfp655",-0.0791713042163371,0.7036,"5","zinc finger protein 655"
"Hrh3",0.0791667252647299,0.6972,"2","histamine receptor H3"
"Tbce",-0.0791434252248946,0.8084,"13","tubulin-specific chaperone E"
"Mcph1",0.0791093086053172,0.5448,"8","microcephaly, primary autosomal recessive 1"
"Pgam1",0.079092584830633,0.3032,"19","phosphoglycerate mutase 1"
"Birc2",-0.0790506135834308,0.6076,"9","baculoviral IAP repeat-containing 2"
"Nat8f1",0.0790428016493179,0.546,"6","N-acetyltransferase 8 (GCN5-related) family member 1"
"Xrcc6",0.0790256329933827,0.3352,"15","X-ray repair complementing defective repair in Chinese hamster cells 6"
"Znhit6",0.0790051428284975,0.5072,"3","zinc finger, HIT type 6"
"Nudt5",-0.0789925610780196,0.894,"2","nudix (nucleoside diphosphate linked moiety X)-type motif 5"
"Exo5",0.0789900489075301,0.518,"4","exonuclease 5"
"Arc",0.0789853650839181,0.8232,"15","activity regulated cytoskeletal-associated protein"
"Habp4",0.0789824945525801,0.4124,"13","hyaluronic acid binding protein 4"
"Clns1a",0.0789662117279049,0.3936,"7","chloride channel, nucleotide-sensitive, 1A"
"Vmac",0.0789579656027528,0.6856,"17","vimentin-type intermediate filament associated coiled-coil protein"
"Rap1a",-0.0789257513463753,0.7332,"3","RAS-related protein 1a"
"Akt2",0.0788861690642904,0.4692,"7","thymoma viral proto-oncogene 2"
"Unkl",-0.0788498347924165,0.6008,"17","unkempt family like zinc finger"
"Evl",0.0788235669889268,0.5392,"12","Ena-vasodilator stimulated phosphoprotein"
"Dhrs7b",0.0787918888881629,0.676,"11","dehydrogenase/reductase (SDR family) member 7B"
"Hnrnpul2",-0.0787856112015639,0.42,"19","heterogeneous nuclear ribonucleoprotein U-like 2"
"Perm1",-0.0787816876052654,0.6964,"4","PPARGC1 and ESRR induced regulator, muscle 1"
"Gphn",-0.0787752670431692,0.6632,"12","gephyrin"
"Utp15",-0.0787733676024711,0.726,"13","UTP15 small subunit processome component"
"Pknox2",-0.0787708152914783,0.3852,"9","Pbx/knotted 1 homeobox 2"
"Dffa",0.0787356175204632,0.1248,"4","DNA fragmentation factor, alpha subunit"
"Arrb1",0.0787314588394361,0.4772,"7","arrestin, beta 1"
"Cntfr",0.0787082350453865,0.704,"4","ciliary neurotrophic factor receptor"
"Psmd5",0.0787059504190424,0.6436,"2","proteasome (prosome, macropain) 26S subunit, non-ATPase, 5"
"Tmem17",0.0786821217042939,0.5592,"11","transmembrane protein 17"
"Atxn1",-0.0786746637867362,0.388,"13","ataxin 1"
"Limch1",-0.0786201196643406,0.4396,"5","LIM and calponin homology domains 1"
"Syne4",0.0786181412178442,0.816,"7","spectrin repeat containing, nuclear envelope family member 4"
"Ppp2r5d",0.0785697892542441,0.6176,"17","protein phosphatase 2, regulatory subunit B', delta"
"Gca",-0.0785640195578052,0.5132,"2","grancalcin"
"AI593442",-0.078553405095648,0.4904,"9","expressed sequence AI593442"
"Setd4",0.0785400035016584,0.6496,"16","SET domain containing 4"
"Dis3",-0.0785342584426325,0.7208,"14","DIS3 homolog, exosome endoribonuclease and 3'-5' exoribonuclease"
"Ica1",0.0785249883693746,0.5424,"6","islet cell autoantigen 1"
"Ppp1r9b",0.0785012777318546,0.7368,"11","protein phosphatase 1, regulatory subunit 9B"
"Nipa1",-0.0784660723221577,0.5704,"7","non imprinted in Prader-Willi/Angelman syndrome 1 homolog (human)"
"Efhd1",-0.0784643630799868,0.6692,"1","EF hand domain containing 1"
"Hspa12a",-0.0784338063124634,0.776,"19","heat shock protein 12A"
"Tmem126a",0.0784330402999354,0.7144,"7","transmembrane protein 126A"
"Sgce",-0.0784319746720756,0.4276,"6","sarcoglycan, epsilon"
"Scara3",0.0784022424311095,0.752,"14","scavenger receptor class A, member 3"
"Sh3yl1",0.0783971885171173,0.4812,"12","Sh3 domain YSC-like 1"
"Efcc1",-0.0783819803290262,0.4792,"6","EF hand and coiled-coil domain containing 1"
"Ggcx",-0.0783806424795759,0.7084,"6","gamma-glutamyl carboxylase"
"Hdac8",-0.0783796285727765,0.0336,"X","histone deacetylase 8"
"Aspa",0.0783727199857598,0.7196,"11","aspartoacylase"
"Pdcl3",0.0783455840670655,0.5228,"1","phosducin-like 3"
"Rbm7",-0.0783343577928743,0.6596,"9","RNA binding motif protein 7"
"Zfp46",0.0783159783042331,0.5256,"4","zinc finger protein 46"
"Ap3d1",0.0782269280684034,0.3916,"10","adaptor-related protein complex 3, delta 1 subunit"
"Lrrc28",0.0781669781234919,0.388,"7","leucine rich repeat containing 28"
"Zcrb1",0.0781655596718389,0.7772,"15","zinc finger CCHC-type and RNA binding motif 1"
"Zhx2",-0.0781631999841617,0.4404,"15","zinc fingers and homeoboxes 2"
"Ppm1k",-0.0781595033082212,0.5212,"6","protein phosphatase 1K (PP2C domain containing)"
"Fam133b",-0.078142729178051,0.6476,"5","family with sequence similarity 133, member B"
"Icam5",0.0781412705865767,0.6012,"9","intercellular adhesion molecule 5, telencephalin"
"Gabbr2",-0.0781385895081375,0.4812,"4","gamma-aminobutyric acid (GABA) B receptor, 2"
"Impdh1",0.0780892546251826,0.5564,"6","inosine monophosphate dehydrogenase 1"
"Mrpl51",0.0780753048765197,0.6988,"6","mitochondrial ribosomal protein L51"
"Foxred1",0.0780738737417987,0.3444,"9","FAD-dependent oxidoreductase domain containing 1"
"Rspo2",0.0780693606204945,0.8196,"15","R-spondin 2"
"Smim15",-0.0780608145092128,0.7164,"13","small integral membrane protein 15"
"Snx18",-0.0780250315091937,0.54,"13","sorting nexin 18"
"Ddx55",-0.0780201036037678,0.6064,"5","DEAD box helicase 55"
"Taf6l",0.0780087847810265,0.6872,"19","TATA-box binding protein associated factor 6 like"
"Taf6l",0.0780087847810265,0.6872,"19","TATA-box binding protein associated factor 6 like"
"Kdm4a",-0.0779883160051229,0.7336,"4","lysine (K)-specific demethylase 4A"
"Bsn",-0.0779864546332405,0.6672,"9","bassoon"
"Pcp4l1",0.0779706481538902,0.502,"1","Purkinje cell protein 4-like 1"
"Naa40",-0.0779647461122304,0.5952,"19","N(alpha)-acetyltransferase 40, NatD catalytic subunit"
"Fut11",-0.077956218398286,0.7964,"14","fucosyltransferase 11"
"Tmem176a",0.0779434902626734,0.6664,"6","transmembrane protein 176A"
"Nagpa",0.077940724270932,0.6924,"16","N-acetylglucosamine-1-phosphodiester alpha-N-acetylglucosaminidase"
"Ptma",0.0779363664109622,0.6892,"1","prothymosin alpha"
"Trim28",0.0779224790999562,0.5768,"7","tripartite motif-containing 28"
"Ppp2cb",0.0779180589868744,0.5112,"8","protein phosphatase 2 (formerly 2A), catalytic subunit, beta isoform"
"Polg",0.0779131717291559,0.5644,"7","polymerase (DNA directed), gamma"
"Map6",-0.0779021308498633,0.1684,"7","microtubule-associated protein 6"
"Kcnf1",0.0778589723072329,0.6776,"12","potassium voltage-gated channel, subfamily F, member 1"
"Sel1l3",-0.0778466845743253,0.662,"5","sel-1 suppressor of lin-12-like 3 (C. elegans)"
"Cd151",0.077838673895279,0.468,"7","CD151 antigen"
"Pcdhga10",-0.0778346298195762,0.796,"18","protocadherin gamma subfamily A, 10"
"Yif1a",0.0777494284224156,0.6308,"19","Yip1 interacting factor homolog A (S. cerevisiae)"
"Selenon",-0.0777259157212171,0.4664,"4","selenoprotein N"
"Osbpl11",-0.0777066996398093,0.5004,"16","oxysterol binding protein-like 11"
"Arhgef1",0.0776620135248178,0.7764,"7","Rho guanine nucleotide exchange factor (GEF) 1"
"Lyrm7",0.0776439564719156,0.4496,"11","LYR motif containing 7"
"Slc8a2",-0.0776324310898993,0.4004,"7","solute carrier family 8 (sodium/calcium exchanger), member 2"
"Atg2b",-0.0776308191321826,0.668,"12","autophagy related 2B"
"Gclm",-0.0775622681614134,0.6684,"3","glutamate-cysteine ligase, modifier subunit"
"Adnp2",-0.0775614167238281,0.7432,"18","ADNP homeobox 2"
"Cul5",-0.0775433818200266,0.5904,"9","cullin 5"
"Zfp748",0.0775418365594174,0.7104,"13","zinc finger protein 748"
"Fmnl3",-0.0775160225903821,0.7416,"15","formin-like 3"
"Drc1",-0.0775120856782006,0.4168,"5","dynein regulatory complex subunit 1"
"Zfp764",0.0775103524593197,0.5056,"7","zinc finger protein 764"
"Mapre3",-0.0775096474784043,0.63,"5","microtubule-associated protein, RP/EB family, member 3"
"Hunk",0.077508449776249,0.2372,"16","hormonally upregulated Neu-associated kinase"
"Txndc17",0.077495231473212,0.7308,"11","thioredoxin domain containing 17"
"Lypd6",-0.0774585355687321,0.6288,"2","LY6/PLAUR domain containing 6"
"Bet1l",0.0773759477490588,0.5376,"7","Bet1 golgi vesicular membrane trafficking protein like"
"Nsmaf",-0.077357323562822,0.5228,"4","neutral sphingomyelinase (N-SMase) activation associated factor"
"Oscar",-0.0773183869219694,0.7864,"7","osteoclast associated receptor"
"Gmppa",0.077295590368939,0.7232,"1","GDP-mannose pyrophosphorylase A"
"Zbtb7a",-0.077277349097737,0.346,"10","zinc finger and BTB domain containing 7a"
"Zfp513",0.0772716676702769,0.5144,"5","zinc finger protein 513"
"Fkbp1b",0.0772622317579748,0.6528,"12","FK506 binding protein 1b"
"Gpm6b",-0.0772139667606773,0.3244,"X","glycoprotein m6b"
"Gpt2",0.0771949745022864,0.2292,"8","glutamic pyruvate transaminase (alanine aminotransferase) 2"
"Tecpr2",0.0771904255098006,0.6028,"12","tectonin beta-propeller repeat containing 2"
"Dnajb2",0.077174178247347,0.7904,"1","DnaJ heat shock protein family (Hsp40) member B2"
"Septin3",0.0771685521755163,0.3708,"15","septin 3"
"Tfam",0.0771660741774456,0.204,"10","transcription factor A, mitochondrial"
"Fbxo28",0.0771634472766323,0.1224,"1","F-box protein 28"
"Tspyl5",-0.0771483178219041,0.7252,"15","testis-specific protein, Y-encoded-like 5"
"Cdc16",0.0771284683928117,0.2188,"8","CDC16 cell division cycle 16"
"Wdr13",0.0771169408352836,0.6712,"X","WD repeat domain 13"
"Gspt1",-0.0770804749205274,0.66,"16","G1 to S phase transition 1"
"Olfml2b",0.0770528207462862,0.79,"1","olfactomedin-like 2B"
"Slc16a10",-0.0769112189219725,0.6852,"10","solute carrier family 16 (monocarboxylic acid transporters), member 10"
"Nab1",-0.076894647968782,0.414,"1","Ngfi-A binding protein 1"
"Chd3",0.0768842187366925,0.5076,"11","chromodomain helicase DNA binding protein 3"
"Zfp160",-0.0768778057487074,0.5648,"17","zinc finger protein 160"
"Tmem107",0.0768730867625429,0.5952,"11","transmembrane protein 107"
"B230354K17Rik",-0.0768669377899034,0.5784,"17","RIKEN cDNA B230354K17 gene"
"Apc",-0.0768573252405389,0.628,"18","APC, WNT signaling pathway regulator"
"Zfp446",-0.0767779446305119,0.4716,"7","zinc finger protein 446"
"Hsf1",-0.0767282457097407,0.3816,"15","heat shock factor 1"
"Senp3",0.0767169177522398,0.3512,"11","SUMO/sentrin specific peptidase 3"
"Phactr1",0.0767147848047411,0.8072,"13","phosphatase and actin regulator 1"
"Nudcd2",0.0767035540662522,0.4696,"11","NudC domain containing 2"
"Mapk10",-0.0766972050378509,0.1892,"5","mitogen-activated protein kinase 10"
"Rac1",-0.0766888435592623,0.506,"5","Rac family small GTPase 1"
"Hbp1",-0.0766624365703477,0.2128,"12","high mobility group box transcription factor 1"
"Dapp1",-0.0766399112687859,0.6808,"3","dual adaptor for phosphotyrosine and 3-phosphoinositides 1"
"Sptbn4",0.0766374858053069,0.6108,"7","spectrin beta, non-erythrocytic 4"
"Cdk2ap1",0.0766179296291671,0.7656,"5","CDK2 (cyclin-dependent kinase 2)-associated protein 1"
"C130046K22Rik",-0.076602510893244,0.5412,"11","RIKEN cDNA C130046K22 gene"
"Aatk",0.0765788364056839,0.3248,"11","apoptosis-associated tyrosine kinase"
"Prxl2c",-0.0765685850766831,0.5128,"13","peroxiredoxin like 2C"
"Eif2b2",0.0765415515320855,0.6504,"12","eukaryotic translation initiation factor 2B, subunit 2 beta"
"Pygo1",0.0765350777451843,0.482,"9","pygopus 1"
"Mrps25",0.0765041518179279,0.6144,"6","mitochondrial ribosomal protein S25"
"Ldlrad3",-0.0764896875236012,0.6524,"2","low density lipoprotein receptor class A domain containing 3"
"Epas1",-0.076489550964097,0.2396,"17","endothelial PAS domain protein 1"
"N4bp1",-0.0764884013313969,0.4216,"8","NEDD4 binding protein 1"
"Slc36a1",-0.0764550117686342,0.594,"11","solute carrier family 36 (proton/amino acid symporter), member 1"
"Bloc1s3",0.0764463629177206,0.5852,"7","biogenesis of lysosomal organelles complex-1, subunit 3"
"Zfp72",-0.0764411407475101,0.5528,"13","zinc finger protein 72"
"Mllt6",0.0764398846143521,0.5976,"11","myeloid/lymphoid or mixed-lineage leukemia; translocated to, 6"
"Rab21",-0.0764359060770339,0.7232,"10","RAB21, member RAS oncogene family"
"Rtn4rl2",-0.0764147763777121,0.524,"2","reticulon 4 receptor-like 2"
"Cbx4",-0.0763655312983236,0.5632,"11","chromobox 4"
"Pcdhac2",-0.0763339687222273,0.9196,"18","protocadherin alpha subfamily C, 2"
"Zcchc9",-0.0762960940656408,0.9312,"13","zinc finger, CCHC domain containing 9"
"Abhd16a",0.0762919208650095,0.1908,"17","abhydrolase domain containing 16A"
"Neurl4",0.0762597443406614,0.5876,"11","neuralized E3 ubiquitin protein ligase 4"
"Ube2e1",-0.0762531076033337,0.8128,"14","ubiquitin-conjugating enzyme E2E 1"
"Extl2",-0.0762166598190053,0.8,"3","exostosin-like glycosyltransferase 2"
"Ppm1h",-0.0762128690192716,0.7648,"10","protein phosphatase 1H (PP2C domain containing)"
"Slco1a4",0.0762123681980773,0.84,"6","solute carrier organic anion transporter family, member 1a4"
"Thnsl2",0.0761862414115786,0.7296,"6","threonine synthase-like 2 (bacterial)"
"Cops3",-0.0761699558765754,0.6924,"11","COP9 signalosome subunit 3"
"Caap1",-0.076169428037177,0.718,"4","caspase activity and apoptosis inhibitor 1"
"Napb",-0.0760764447579145,0.7092,"2","N-ethylmaleimide sensitive fusion protein attachment protein beta"
"Drg1",0.0760573327401577,0.6136,"11","developmentally regulated GTP binding protein 1"
"Snx9",-0.0760521053939733,0.4476,"17","sorting nexin 9"
"Parp11",-0.0760411518282731,0.666,"6","poly (ADP-ribose) polymerase family, member 11"
"Taf8",-0.076040213593461,0.382,"17","TATA-box binding protein associated factor 8"
"Etaa1",-0.0760356109731486,0.6848,"11","Ewing tumor-associated antigen 1"
"Cdc14b",0.07601291576314,0.6996,"13","CDC14 cell division cycle 14B"
"Dclre1b",0.0760128617215132,0.774,"3","DNA cross-link repair 1B"
"Brca2",0.0760099277171777,0.5216,"5","breast cancer 2, early onset"
"Cmas",0.075972922053559,0.3244,"6","cytidine monophospho-N-acetylneuraminic acid synthetase"
"Zbtb12",-0.0759031974887949,0.5784,"17","zinc finger and BTB domain containing 12"
"Rassf5",0.0758788029808413,0.4596,"1","Ras association (RalGDS/AF-6) domain family member 5"
"Dmp1",-0.0758088596371556,0.4588,"5","dentin matrix protein 1"
"Rph3a",0.075796934535548,0.6676,"5","rabphilin 3A"
"Trim35",0.0757455955026209,0.612,"14","tripartite motif-containing 35"
"Efl1",0.0756857267240325,0.5452,"7","elongation factor like GTPase 1"
"Rgs7bp",-0.0756459328905024,0.7696,"13","regulator of G-protein signalling 7 binding protein"
"Kalrn",-0.0756326341203515,0.6036,"16","kalirin, RhoGEF kinase"
"Usp47",-0.0756311684283908,0.534,"7","ubiquitin specific peptidase 47"
"Srebf2",0.0756301634409073,0.208,"15","sterol regulatory element binding factor 2"
"Tram1",-0.0755706359546506,0.3296,"1","translocating chain-associating membrane protein 1"
"Mlc1",0.0755299462127663,0.5288,"15","megalencephalic leukoencephalopathy with subcortical cysts 1 homolog (human)"
"Lime1",0.0755169868175045,0.7728,"2","Lck interacting transmembrane adaptor 1"
"Kbtbd8",-0.0755046098878362,0.8504,"6","kelch repeat and BTB (POZ) domain containing 8"
"B3galnt2",0.0754724694877611,0.7028,"13","UDP-GalNAc:betaGlcNAc beta 1,3-galactosaminyltransferase, polypeptide 2"
"Focad",0.0754702745671629,0.6948,"4","focadhesin"
"Igsf1",0.0754524416452194,0.8024,"X","immunoglobulin superfamily, member 1"
"Nr2c1",-0.0754495969157065,0.7264,"10","nuclear receptor subfamily 2, group C, member 1"
"Dennd2a",0.0754383891982293,0.3436,"6","DENN/MADD domain containing 2A"
"Vkorc1l1",-0.0754361614477723,0.5828,"5","vitamin K epoxide reductase complex, subunit 1-like 1"
"Dync1i1",-0.0754293483299193,0.6556,"6","dynein cytoplasmic 1 intermediate chain 1"
"Rab11fip4",-0.075412137443279,0.8036,"11","RAB11 family interacting protein 4 (class II)"
"Lmbr1l",0.0754026135655352,0.854,"15","limb region 1 like"
"Atp6v1e1",0.0753771736171185,0.5948,"6","ATPase, H+ transporting, lysosomal V1 subunit E1"
"Mre11a",-0.0753606474046173,0.7744,"9","MRE11A homolog A, double strand break repair nuclease"
"Kcnc3",-0.0753456964017758,0.5736,"7","potassium voltage gated channel, Shaw-related subfamily, member 3"
"Creg1",-0.0753417526306732,0.5284,"1","cellular repressor of E1A-stimulated genes 1"
"Mlh1",-0.0753297762943848,0.7056,"9","mutL homolog 1"
"Entpd2",0.0752720158911711,0.71,"2","ectonucleoside triphosphate diphosphohydrolase 2"
"Irgq",0.0752188083287892,0.4936,"7","immunity-related GTPase family, Q"
"Panx2",0.0751670117296976,0.7912,"15","pannexin 2"
"Ttc39c",-0.0751546704458974,0.492,"18","tetratricopeptide repeat domain 39C"
"Tmem14a",-0.0751379236172758,0.6352,"1","transmembrane protein 14A"
"Slc30a6",-0.0751196650779127,0.574,"17","solute carrier family 30 (zinc transporter), member 6"
"Ttpa",0.075105807077323,0.3656,"4","tocopherol (alpha) transfer protein"
"Grk3",-0.0750994152315752,0.546,"5","G protein-coupled receptor kinase 3"
"Gnl3",0.075090162322927,0.6516,"14","guanine nucleotide binding protein-like 3 (nucleolar)"
"1700025G04Rik",-0.07507987833546,0.1912,"1","RIKEN cDNA 1700025G04 gene"
"Pfkfb2",-0.0750700397292166,0.728,"1","6-phosphofructo-2-kinase/fructose-2,6-biphosphatase 2"
"Mink1",-0.0750492749043872,0.4524,"11","misshapen-like kinase 1 (zebrafish)"
"Zfp3",-0.0750449237401494,0.4724,"11","zinc finger protein 3"
"Pik3ip1",0.0750411794840975,0.5612,"11","phosphoinositide-3-kinase interacting protein 1"
"Rims2",-0.0749454390949857,0.4348,"15","regulating synaptic membrane exocytosis 2"
"Sec14l1",0.074931748092137,0.1284,"11","SEC14-like lipid binding 1"
"Ubb-ps",0.0749297119363197,0.5916,"14","ubiquitin B, pseudogene"
"Ripor2",-0.0749271732154888,0.6628,"13","RHO family interacting cell polarization regulator 2"
"Zmat2",0.0749238890107389,0.7132,"18","zinc finger, matrin type 2"
"Ankrd13a",0.0749228094517838,0.5728,"5","ankyrin repeat domain 13a"
"Ccnjl",0.0749103964211812,0.5868,"11","cyclin J-like"
"Tnrc18",-0.0749064234532302,0.5452,"5","trinucleotide repeat containing 18"
"Stx3",0.0749049355051561,0.6668,"19","syntaxin 3"
"Mgrn1",0.0748796978706734,0.184,"16","mahogunin, ring finger 1"
"Csnk1d",0.0748787426613795,0.1256,"11","casein kinase 1, delta"
"Npas3",0.0748498746534971,0.7908,"12","neuronal PAS domain protein 3"
"Gtf3c1",-0.0748443653945756,0.3492,"7","general transcription factor III C 1"
"Tesk2",-0.0747970932011905,0.5632,"4","testis-specific kinase 2"
"Tspyl2",-0.0747898203999409,0.5636,"X","TSPY-like 2"
"Tef",0.07478438838681,0.5228,"15","thyrotroph embryonic factor"
"Hyal1",0.0747792574157566,0.7868,"9","hyaluronoglucosaminidase 1"
"Txnl1",-0.074736110734678,0.4832,"18","thioredoxin-like 1"
"Pcsk6",-0.0747156795939858,0.6884,"7","proprotein convertase subtilisin/kexin type 6"
"Rbm17",-0.0746862029562028,0.2436,"2","RNA binding motif protein 17"
"Utp6",-0.0746431999296373,0.2488,"11","UTP6 small subunit processome component"
"Tvp23b",-0.0745994579417828,0.7432,"11","trans-golgi network vesicle protein 23B"
"Pvr",-0.0745892850285985,0.69,"7","poliovirus receptor"
"Vapb",0.0745788240028746,0.4836,"2","vesicle-associated membrane protein, associated protein B and C"
"Zcchc3",0.0745618491128233,0.5892,"2","zinc finger, CCHC domain containing 3"
"Tmem132a",0.0745416093131919,0.5976,"19","transmembrane protein 132A"
"Mtpap",-0.0745223203187209,0.1576,"18","mitochondrial poly(A) polymerase"
"Sf1",-0.0745212504281785,0.3268,"19","splicing factor 1"
"Zfp507",-0.074516556083954,0.7316,"7","zinc finger protein 507"
"Engase",0.0745027549644877,0.7344,"11","endo-beta-N-acetylglucosaminidase"
"Ivns1abp",-0.0744913527906848,0.652,"1","influenza virus NS1A binding protein"
"Sulf2",-0.0744583012660724,0.3236,"2","sulfatase 2"
"Sec11c",0.0744487505274103,0.6896,"18","SEC11 homolog C, signal peptidase complex subunit"
"Srr",-0.0744312383942507,0.1376,"11","serine racemase"
"U2af1",0.0744307685267618,0.6748,"17","U2 small nuclear ribonucleoprotein auxiliary factor (U2AF) 1"
"Tra2b",-0.0744187441538413,0.4172,"16","transformer 2 beta"
"Azi2",-0.0744146679750619,0.0832,"9","5-azacytidine induced gene 2"
"Rapgef5",0.0743937162142903,0.7384,"12","Rap guanine nucleotide exchange factor (GEF) 5"
"Zfp940",-0.0743877490737139,0.4672,"7","zinc finger protein 940"
"Gabrb3",-0.0743568189557635,0.6008,"7","gamma-aminobutyric acid (GABA) A receptor, subunit beta 3"
"Crtc2",-0.0743270064842649,0.6564,"3","CREB regulated transcription coactivator 2"
"Sypl2",-0.0743230495916318,0.5544,"3","synaptophysin-like 2"
"Slc38a7",0.0742815112996773,0.6708,"8","solute carrier family 38, member 7"
"Tbck",-0.0742526507830004,0.2328,"3","TBC1 domain containing kinase"
"Osgep",-0.0742091674084593,0.484,"14","O-sialoglycoprotein endopeptidase"
"Krt9",0.0741767188046256,0.7696,"11","keratin 9"
"Rcn3",-0.0741693172511231,0.8256,"7","reticulocalbin 3, EF-hand calcium binding domain"
"Trip4",-0.0741574203102466,0.5516,"9","thyroid hormone receptor interactor 4"
"Gprc5b",-0.0741412368546932,0.3112,"7","G protein-coupled receptor, family C, group 5, member B"
"Xpc",0.0741032890877809,0.4784,"6","xeroderma pigmentosum, complementation group C"
"Rhot2",0.074055834407412,0.6176,"17","ras homolog family member T2"
"Ints12",-0.0740544345995526,0.6308,"3","integrator complex subunit 12"
"Grik2",-0.0740404607538263,0.4408,"10","glutamate receptor, ionotropic, kainate 2 (beta 2)"
"Prkab1",0.0740321654362717,0.16,"5","protein kinase, AMP-activated, beta 1 non-catalytic subunit"
"Emc7",0.0739996282458284,0.3924,"2","ER membrane protein complex subunit 7"
"Prkrip1",0.0739915827338757,0.7116,"5","Prkr interacting protein 1 (IL11 inducible)"
"Icosl",0.0739664999956271,0.4304,"10","icos ligand"
"Thap2",-0.0739578788201829,0.3524,"10","THAP domain containing, apoptosis associated protein 2"
"Psd3",-0.0739486900570832,0.5244,"8","pleckstrin and Sec7 domain containing 3"
"Psma1",-0.073941189312575,0.6016,"7","proteasome subunit alpha 1"
"Gpr26",0.0739143398109743,0.8964,"7","G protein-coupled receptor 26"
"Rrp15",0.0738909335960583,0.7432,"1","ribosomal RNA processing 15 homolog"
"Plcd4",0.0738878356646291,0.5448,"1","phospholipase C, delta 4"
"Rab3b",0.0738735173983711,0.768,"4","RAB3B, member RAS oncogene family"
"Dars",-0.0738669250690709,0.76,"1","aspartyl-tRNA synthetase"
"Cyp11a1",0.0738501061628951,0.824,"9","cytochrome P450, family 11, subfamily a, polypeptide 1"
"Coro7",0.0738475176287814,0.4612,"16","coronin 7"
"Oxtr",-0.0738227241756721,0.6256,"6","oxytocin receptor"
"Myh7",-0.0738196680665639,0.8328,"14","myosin, heavy polypeptide 7, cardiac muscle, beta"
"A230001M10Rik",-0.0738069187625623,0.8868,"3","RIKEN cDNA A230001M10 gene"
"Nr2f1",-0.0737947697558532,0.5652,"13","nuclear receptor subfamily 2, group F, member 1"
"Lgi1",0.0737877270499432,0.7288,"19","leucine-rich repeat LGI family, member 1"
"Xrcc1",0.0737769100156385,0.6712,"7","X-ray repair complementing defective repair in Chinese hamster cells 1"
"Paip2",-0.0737676197600639,0.538,"18","polyadenylate-binding protein-interacting protein 2"
"Nit1",-0.073753055987221,0.4208,"1","nitrilase 1"
"Zfp28",-0.0737496386966754,0.472,"7","zinc finger protein 28"
"Zfp574",0.073747402098002,0.56,"7","zinc finger protein 574"
"Prr5",0.073738092317404,0.6328,"15","proline rich 5 (renal)"
"Hars2",-0.0737355831119224,0.544,"18","histidyl-tRNA synthetase 2"
"Rexo2",-0.0736637580489754,0.7024,"9","RNA exonuclease 2"
"Phf2",-0.073659944781201,0.5612,"13","PHD finger protein 2"
"Ints6l",-0.0736487924307081,0.7424,"X","integrator complex subunit 6 like"
"Fzd7",0.0736416164290135,0.444,"1","frizzled class receptor 7"
"Rnf31",0.0736138683443182,0.4376,"14","ring finger protein 31"
"Nipsnap3b",0.0735803930920063,0.6152,"4","nipsnap homolog 3B"
"Ralgds",0.073533480597062,0.6544,"2","ral guanine nucleotide dissociation stimulator"
"Bbip1",0.0735265625576078,0.5548,"19","BBSome interacting protein 1"
"Trmu",0.073508628575675,0.7388,"15","tRNA 5-methylaminomethyl-2-thiouridylate methyltransferase"
"Mindy1",0.0735056465983313,0.6152,"3","MINDY lysine 48 deubiquitinase 1"
"Nek8",0.073501191169814,0.6452,"11","NIMA (never in mitosis gene a)-related expressed kinase 8"
"Ddhd2",-0.0734916073034597,0.22,"8","DDHD domain containing 2"
"Ptges3",-0.0734833996894171,0.652,"10","prostaglandin E synthase 3"
"Zfp784",0.0734827952627377,0.674,"7","zinc finger protein 784"
"Rhobtb3",-0.0734796156979369,0.4092,"13","Rho-related BTB domain containing 3"
"Vps26b",-0.0734488759026695,0.4808,"9","VPS26 retromer complex component B"
"Rnf113a2",0.0734397350165312,0.6948,"12","ring finger protein 113A2"
"Kif26a",0.0734325422684119,0.8704,"12","kinesin family member 26A"
"Card19",0.0734323520658209,0.7692,"13","caspase recruitment domain family, member 19"
"Eva1a",0.0733926435633259,0.6752,"6","eva-1 homolog A (C. elegans)"
"Nop14",-0.0733720481415601,0.2648,"5","NOP14 nucleolar protein"
"Rab40b",0.0733546752892487,0.6892,"11","Rab40B, member RAS oncogene family"
"Rftn1",0.0733463600907966,0.7884,"17","raftlin lipid raft linker 1"
"Capn2",0.0732896545349506,0.3496,"1","calpain 2"
"Rasgef1b",0.0732790790171651,0.452,"5","RasGEF domain family, member 1B"
"Obscn",-0.0732659573215617,0.7536,"11","obscurin, cytoskeletal calmodulin and titin-interacting RhoGEF"
"Itsn1",-0.0732262123371168,0.4644,"16","intersectin 1 (SH3 domain protein 1A)"
"Tmem70",-0.073213944114074,0.7784,"1","transmembrane protein 70"
"Psmd7",0.0731977264025181,0.6652,"8","proteasome (prosome, macropain) 26S subunit, non-ATPase, 7"
"Ptpdc1",0.0731697934595816,0.5716,"13","protein tyrosine phosphatase domain containing 1"
"Zfp606",-0.0731613586606952,0.4528,"7","zinc finger protein 606"
"Gpi1",0.0731591402767435,0.7276,"7","glucose-6-phosphate isomerase 1"
"Tbc1d25",-0.073146854245095,0.2876,"X","TBC1 domain family, member 25"
"Mitf",-0.0731403520337786,0.4896,"6","melanogenesis associated transcription factor"
"Rbfox3",-0.0731318715748586,0.4576,"11","RNA binding protein, fox-1 homolog (C. elegans) 3"
"Atp6v1a",-0.0731185108647203,0.7972,"16","ATPase, H+ transporting, lysosomal V1 subunit A"
"Dcx",-0.0731043436996437,0.5788,"X","doublecortin"
"Mkrn1",0.0730707573712941,0.2664,"6","makorin, ring finger protein, 1"
"Arf3",0.0730239967669792,0.5776,"15","ADP-ribosylation factor 3"
"Nbdy",0.0730088669824243,0.7272,"X","negative regulator of P-body association"
"Zcchc14",-0.0730004200024155,0.5328,"8","zinc finger, CCHC domain containing 14"
"Gabarapl1",0.0729929889078704,0.6652,"6","gamma-aminobutyric acid (GABA) A receptor-associated protein-like 1"
"Ccnl2",0.072986970443802,0.6736,"4","cyclin L2"
"Ctc1",0.0729248730977323,0.5812,"11","CTS telomere maintenance complex component 1"
"Zswim5",-0.0729130649760599,0.5936,"4","zinc finger SWIM-type containing 5"
"Prss35",0.0728599302437578,0.6776,"9","protease, serine 35"
"Kcnh5",-0.0728531991697876,0.9092,"12","potassium voltage-gated channel, subfamily H (eag-related), member 5"
"Zfp87",0.0727404092052031,0.5628,"13","zinc finger protein 87"
"Fchsd1",0.0727254119018506,0.646,"18","FCH and double SH3 domains 1"
"Ubox5",0.0726540708053145,0.5952,"2","U box domain containing 5"
"Tle3",0.0726443090353559,0.4184,"9","transducin-like enhancer of split 3"
"Arl6ip5",0.0726231795617558,0.5868,"6","ADP-ribosylation factor-like 6 interacting protein 5"
"Rtn4rl1",0.0726011311802797,0.1056,"11","reticulon 4 receptor-like 1"
"Enah",-0.0725980484088922,0.4092,"1","ENAH actin regulator"
"Septin9",0.072569980999118,0.748,"11","septin 9"
"Cdc42ep1",0.0725313671458414,0.7152,"15","CDC42 effector protein (Rho GTPase binding) 1"
"Nars2",-0.0725110016063431,0.6056,"7","asparaginyl-tRNA synthetase 2 (mitochondrial)(putative)"
"Atp11a",-0.0725081419319151,0.7004,"8","ATPase, class VI, type 11A"
"Usp28",-0.0724864664331637,0.6256,"9","ubiquitin specific peptidase 28"
"Rbm12",-0.0724831668558004,0.7932,"2","RNA binding motif protein 12"
"Rps6ka2",-0.0724618202936123,0.5244,"17","ribosomal protein S6 kinase, polypeptide 2"
"Ppp1r18",-0.0724545854733463,0.6192,"17","protein phosphatase 1, regulatory subunit 18"
"Aip",0.0724489554305219,0.7392,"19","aryl-hydrocarbon receptor-interacting protein"
"Slc18a2",-0.0724439155269363,0.8288,"19","solute carrier family 18 (vesicular monoamine), member 2"
"Tnks",-0.0724263616802538,0.8876,"8","tankyrase, TRF1-interacting ankyrin-related ADP-ribose polymerase"
"Htra1",0.0724252192426009,0.3324,"7","HtrA serine peptidase 1"
"Npnt",-0.0724157666838616,0.638,"3","nephronectin"
"Nmnat2",0.0723927705894862,0.252,"1","nicotinamide nucleotide adenylyltransferase 2"
"Slc6a1",-0.0723810711025381,0.6432,"6","solute carrier family 6 (neurotransmitter transporter, GABA), member 1"
"4930581F22Rik",0.0723479550838859,0.5856,"9","RIKEN cDNA 4930581F22 gene"
"Cdk7",-0.0723307107651259,0.5828,"13","cyclin-dependent kinase 7"
"Hnrnpl",0.072282130212705,0.5476,"7","heterogeneous nuclear ribonucleoprotein L"
"Micu2",0.0722820778420861,0.6376,"14","mitochondrial calcium uptake 2"
"Crmp1",0.0722721796151209,0.568,"5","collapsin response mediator protein 1"
"Maneal",0.0722387795687798,0.2568,"4","mannosidase, endo-alpha-like"
"Rabl2",-0.0722242808824882,0.3436,"15","RAB, member RAS oncogene family-like 2"
"Lrrc4",-0.0722113917384775,0.6112,"6","leucine rich repeat containing 4"
"Arfip1",-0.0721871124893045,0.734,"3","ADP-ribosylation factor interacting protein 1"
"Kcnip4",-0.07218316675515,0.5208,"5","Kv channel interacting protein 4"
"Lrrc75a",-0.0721697777680177,0.8032,"11","leucine rich repeat containing 75A"
"Sphkap",-0.0721243402824285,0.8312,"1","SPHK1 interactor, AKAP domain containing"
"Zcwpw1",0.0721227426353255,0.7584,"5","zinc finger, CW type with PWWP domain 1"
"Selenoi",-0.0720512680905498,0.7,"5","selenoprotein I"
"Trim13",-0.0720474126137121,0.586,"14","tripartite motif-containing 13"
"Cyth4",0.0720465176557914,0.4316,"15","cytohesin 4"
"Fgfr3",0.0720380756135111,0.4528,"5","fibroblast growth factor receptor 3"
"Usp4",0.0720326089443555,0.494,"9","ubiquitin specific peptidase 4 (proto-oncogene)"
"Exoc4",-0.0719859086022963,0.5648,"6","exocyst complex component 4"
"Sh3tc2",0.0719810732109816,0.6712,"18","SH3 domain and tetratricopeptide repeats 2"
"Ephb1",0.0719605785418214,0.5352,"9","Eph receptor B1"
"Copg2",0.0719464537736147,0.7156,"6","coatomer protein complex, subunit gamma 2"
"Prmt9",-0.0719450962257211,0.532,"8","protein arginine methyltransferase 9"
"Rnasek",0.0719409919173541,0.7952,"11","ribonuclease, RNase K"
"Rnf144a",-0.0719179690316514,0.334,"12","ring finger protein 144A"
"Pdp1",-0.0719156207334413,0.914,"4","pyruvate dehydrogenase phosphatase catalytic subunit 1"
"Rspry1",-0.0718969839147405,0.6256,"8","ring finger and SPRY domain containing 1"
"1700017B05Rik",0.0718944508917057,0.7348,"9","RIKEN cDNA 1700017B05 gene"
"Csk",0.0718840730480457,0.6292,"9","c-src tyrosine kinase"
"Osbpl1a",-0.0718711246366297,0.6496,"18","oxysterol binding protein-like 1A"
"Rpp25",0.0718273043771185,0.8232,"9","ribonuclease P/MRP 25 subunit"
"Samd10",-0.0718147082036245,0.66,"2","sterile alpha motif domain containing 10"
"Ttc7",-0.0718125787377288,0.7192,"17","tetratricopeptide repeat domain 7"
"Tom1",0.0718083043117757,0.5284,"8","target of myb1 trafficking protein"
"Ccdc62",0.0717937862426876,0.7616,"5","coiled-coil domain containing 62"
"Nptxr",0.0717399536019379,0.8388,"15","neuronal pentraxin receptor"
"Tmcc2",0.0717227412000465,0.708,"1","transmembrane and coiled-coil domains 2"
"Numbl",0.071710613992555,0.6056,"7","numb-like"
"Trim41",0.0717035599477551,0.6208,"11","tripartite motif-containing 41"
"Enpp5",-0.0716957109992116,0.6788,"17","ectonucleotide pyrophosphatase/phosphodiesterase 5"
"Cdh13",-0.0716945260685637,0.9,"8","cadherin 13"
"Cct3",0.0716904524246713,0.4348,"3","chaperonin containing Tcp1, subunit 3 (gamma)"
"1700003M07Rik",-0.0716837705393933,0.7676,"4","RIKEN cDNA 1700003M07 gene"
"H2-D1",-0.0716346634319103,0.8964,"17","histocompatibility 2, D region locus 1"
"Chga",0.0716165111817899,0.6928,"12","chromogranin A"
"Slc38a6",-0.0716044909390114,0.8708,"12","solute carrier family 38, member 6"
"Gnpda1",-0.0716011155328768,0.4476,"18","glucosamine-6-phosphate deaminase 1"
"Iffo2",0.0715757863580455,0.408,"4","intermediate filament family orphan 2"
"Las1l",0.0715741525764839,0.4604,"X","LAS1-like (S. cerevisiae)"
"Utp23",0.071539592856519,0.4688,"15","UTP23 small subunit processome component"
"Hps6",0.0715358725572939,0.5924,"19","HPS6, biogenesis of lysosomal organelles complex 2 subunit 3"
"Zfp865",0.071530426543565,0.4696,"7","zinc finger protein 865"
"Asf1a",-0.0715217739349976,0.75,"10","anti-silencing function 1A histone chaperone"
"AU022252",0.0715205019087652,0.6424,"4","expressed sequence AU022252"
"Adam23",-0.0715182828922396,0.5532,"1","a disintegrin and metallopeptidase domain 23"
"Esrra",0.0714787712190894,0.5412,"19","estrogen related receptor, alpha"
"Zfp532",-0.0714509591528687,0.2668,"18","zinc finger protein 532"
"Scn3b",-0.0713914666064621,0.3752,"9","sodium channel, voltage-gated, type III, beta"
"Fbxo34",-0.0713462171882737,0.9968,"14","F-box protein 34"
"Atp6v1g2",-0.0713405517310228,0.6256,"17","ATPase, H+ transporting, lysosomal V1 subunit G2"
"Coq3",0.0713391192695676,0.4924,"4","coenzyme Q3 methyltransferase"
"Ptpn23",-0.0713113479010419,0.7848,"9","protein tyrosine phosphatase, non-receptor type 23"
"Ints3",0.0712664794938851,0.5704,"3","integrator complex subunit 3"
"Usp27x",-0.0712624336103125,0.2916,"X","ubiquitin specific peptidase 27, X chromosome"
"Tsga10",-0.0712306498514637,0.7664,"1","testis specific 10"
"Cdc42ep4",0.0712199467869592,0.59,"11","CDC42 effector protein (Rho GTPase binding) 4"
"Pde8a",-0.0711924013347769,0.6012,"7","phosphodiesterase 8A"
"Rab3il1",-0.0711624651767915,0.6872,"19","RAB3A interacting protein (rabin3)-like 1"
"Zbtb24",0.0711154772204559,0.5696,"10","zinc finger and BTB domain containing 24"
"Rnf214",-0.0711051263417328,0.1072,"9","ring finger protein 214"
"Baiap2l1",-0.0710965816029762,0.8832,"5","BAI1-associated protein 2-like 1"
"Srd5a3",0.0710693140980183,0.5816,"5","steroid 5 alpha-reductase 3"
"Mrpl9",0.0710523592144465,0.6132,"3","mitochondrial ribosomal protein L9"
"Scrib",0.0710442234953543,0.5692,"15","scribbled planar cell polarity"
"Kdm6b",-0.0709788440051691,0.7696,"11","KDM1 lysine (K)-specific demethylase 6B"
"Ewsr1",-0.0709752336416685,0.424,"11","Ewing sarcoma breakpoint region 1"
"Dbn1",-0.0709624207130961,0.2436,"13","drebrin 1"
"Pld1",0.0709566897132468,0.7284,"3","phospholipase D1"
"Rcan2",0.0709477831802969,0.4376,"17","regulator of calcineurin 2"
"Cul7",-0.0709272776003029,0.5016,"17","cullin 7"
"Ccdc137",-0.0709174269685908,0.164,"11","coiled-coil domain containing 137"
"Txndc9",-0.0709160367551371,0.4508,"1","thioredoxin domain containing 9"
"Kif1b",-0.0709037649429956,0.586,"4","kinesin family member 1B"
"Skiv2l",0.0708383987591388,0.6284,"17","superkiller viralicidic activity 2-like (S. cerevisiae)"
"Rbmxl1",-0.070824027549758,0.572,"8","RNA binding motif protein, X-linked like-1"
"Gtpbp2",-0.0708113246042386,0.7052,"17","GTP binding protein 2"
"Kctd3",-0.0708038211988749,0.6568,"1","potassium channel tetramerisation domain containing 3"
"Clstn3",0.0707727559723104,0.3588,"6","calsyntenin 3"
"Slc22a4",0.0707560284999071,0.7388,"11","solute carrier family 22 (organic cation transporter), member 4"
"Arid1b",-0.0707209833385489,0.5016,"17","AT rich interactive domain 1B (SWI-like)"
"Pbxip1",0.0707113261474728,0.6472,"3","pre B cell leukemia transcription factor interacting protein 1"
"Dusp23",0.0707005978277557,0.79,"1","dual specificity phosphatase 23"
"Thoc7",0.0706903514219297,0.7236,"14","THO complex 7"
"Map3k12",-0.0706746619620313,0.6436,"15","mitogen-activated protein kinase kinase kinase 12"
"Tbata",0.070626995027455,0.7856,"10","thymus, brain and testes associated"
"Ppil1",0.0706184375185703,0.7808,"17","peptidylprolyl isomerase (cyclophilin)-like 1"
"Snu13",0.0705447835650439,0.444,"15","SNU13 homolog, small nuclear ribonucleoprotein (U4/U6.U5)"
"Uggt1",-0.0705339917976122,0.6864,"1","UDP-glucose glycoprotein glucosyltransferase 1"
"Cox10",0.070513095662851,0.554,"11","heme A:farnesyltransferase cytochrome c oxidase assembly factor 10"
"Tgfb3",0.0704939260096471,0.5004,"12","transforming growth factor, beta 3"
"Crem",-0.070482206283073,0.714,"18","cAMP responsive element modulator"
"Afap1l1",0.0704508483969142,0.7176,"18","actin filament associated protein 1-like 1"
"Pex5l",-0.0704357077349371,0.6572,"3","peroxisomal biogenesis factor 5-like"
"E4f1",0.0704194236793834,0.7532,"17","E4F transcription factor 1"
"Slc35f3",0.0704083354443332,0.5072,"8","solute carrier family 35, member F3"
"Copb2",-0.0704020506068685,0.5996,"9","coatomer protein complex, subunit beta 2 (beta prime)"
"Vangl1",-0.070393134728103,0.7076,"3","VANGL planar cell polarity 1"
"Ext1",0.0703845925819282,0.6056,"15","exostosin glycosyltransferase 1"
"Rin2",0.0703074685971341,0.4916,"2","Ras and Rab interactor 2"
"Rin2",0.0703074685971341,0.4916,"2","Ras and Rab interactor 2"
"Setdb1",-0.0703034859103955,0.6308,"3","SET domain, bifurcated 1"
"Zfr2",0.0702685691312723,0.7136,"10","zinc finger RNA binding protein 2"
"Lsm14b",-0.070258940394254,0.2404,"2","LSM family member 14B"
"Eno3",0.0702313746550907,0.8288,"11","enolase 3, beta muscle"
"Clk3",-0.0702049963432998,0.5912,"9","CDC-like kinase 3"
"Ccnq",0.0701929029446262,0.6528,"11","cyclin Q"
"Pik3c2b",-0.0701396146906861,0.5816,"1","phosphatidylinositol-4-phosphate 3-kinase catalytic subunit type 2 beta"
"Mis18a",0.070118691158501,0.7268,"16","MIS18 kinetochore protein A"
"Tnip1",-0.0701103263210578,0.6072,"11","TNFAIP3 interacting protein 1"
"Ncor2",-0.0701051034024509,0.592,"5","nuclear receptor co-repressor 2"
"Tbc1d4",0.070099731038674,0.802,"14","TBC1 domain family, member 4"
"Ddx46",-0.0700539051716804,0.6,"13","DEAD box helicase 46"
"Cap2",-0.0700528895485206,0.556,"13","CAP, adenylate cyclase-associated protein, 2 (yeast)"
"Pan2",-0.0700473762586142,0.8124,"10","PAN2 poly(A) specific ribonuclease subunit"
"Sf3b6",-0.0700431213853232,0.6528,"12","splicing factor 3B, subunit 6"
"Tmem25",0.0699808977841681,0.6176,"9","transmembrane protein 25"
"Ube2f",0.0699782057244693,0.456,"1","ubiquitin-conjugating enzyme E2F (putative)"
"Dnajc15",-0.0699749674368046,0.6668,"14","DnaJ heat shock protein family (Hsp40) member C15"
"Nadsyn1",-0.0699728348463751,0.5392,"7","NAD synthetase 1"
"Wdr61",-0.0699256817919744,0.698,"9","WD repeat domain 61"
"Npff",-0.0699252075426335,0.9188,"15","neuropeptide FF-amide peptide precursor"
"Slc38a3",0.0699082577113295,0.414,"9","solute carrier family 38, member 3"
"Dhx57",-0.0699013074119161,0.6732,"17","DEAH (Asp-Glu-Ala-Asp/His) box polypeptide 57"
"Vapa",-0.0698826621418229,0.7416,"17","vesicle-associated membrane protein, associated protein A"
"Vasn",-0.0698782813512473,0.7568,"16","vasorin"
"Ccdc92",0.0698580120137278,0.7148,"5","coiled-coil domain containing 92"
"Fbxw7",-0.0698227700870024,0.228,"3","F-box and WD-40 domain protein 7"
"Sowahc",-0.069816084858628,0.6996,"10","sosondowah ankyrin repeat domain family member C"
"Rap1gap2",0.0698138777332113,0.368,"11","RAP1 GTPase activating protein 2"
"1600012H06Rik",-0.0697687935738038,0.5464,"17","RIKEN cDNA 1600012H06 gene"
"Zranb1",0.0697055926047447,0.7148,"7","zinc finger, RAN-binding domain containing 1"
"Crip2",0.0697016892370339,0.7352,"12","cysteine rich protein 2"
"Zfp385a",0.0696842396849222,0.83,"15","zinc finger protein 385A"
"Nup98",-0.0696686457721682,0.6196,"7","nucleoporin 98"
"Ppp1r2",-0.0696604686731259,0.908,"16","protein phosphatase 1, regulatory inhibitor subunit 2"
"Tmeff2",-0.0696475622383561,0.5824,"1","transmembrane protein with EGF-like and two follistatin-like domains 2"
"Lhfpl2",-0.0696375214095726,0.814,"13","lipoma HMGIC fusion partner-like 2"
"Arf2",0.0696181184245415,0.2428,"11","ADP-ribosylation factor 2"
"Nol4l",0.0696132502931395,0.3904,"2","nucleolar protein 4-like"
"Hmbs",0.069607708319408,0.5424,"9","hydroxymethylbilane synthase"
"Apba3",0.0696004906505729,0.7012,"10","amyloid beta (A4) precursor protein-binding, family A, member 3"
"Calcrl",-0.0695929682530625,0.8848,"2","calcitonin receptor-like"
"Dolpp1",0.0695645832200977,0.6136,"2","dolichyl pyrophosphate phosphatase 1"
"Tmem178",0.0695637881449134,0.43,"17","transmembrane protein 178"
"Zfp579",0.069563613879013,0.8284,"7","zinc finger protein 579"
"Cul2",-0.0695632178292325,0.7656,"18","cullin 2"
"Aven",0.0695513012970239,0.7596,"2","apoptosis, caspase activation inhibitor"
"Oprl1",0.0695370713333023,0.75,"2","opioid receptor-like 1"
"Eprs",-0.0695245006552003,0.434,"1","glutamyl-prolyl-tRNA synthetase"
"Dus3l",0.0695244026142943,0.6912,"17","dihydrouridine synthase 3-like (S. cerevisiae)"
"Ptprn2",-0.0694871776361747,0.7288,"12","protein tyrosine phosphatase, receptor type, N polypeptide 2"
"Glt8d1",-0.0694767776407543,0.6852,"14","glycosyltransferase 8 domain containing 1"
"9330151L19Rik",0.0694598266057822,0.7624,"12","RIKEN cDNA 9330151L19 gene"
"Pmpca",0.06945048751414,0.5648,"2","peptidase (mitochondrial processing) alpha"
"Mcub",0.0694467193083281,0.786,"3","mitochondrial calcium uniporter dominant negative beta subunit"
"Sap130",-0.0694436775407059,0.4548,"18","Sin3A associated protein"
"Syf2",0.069419545973993,0.7228,"4","SYF2 homolog, RNA splicing factor (S. cerevisiae)"
"Fabp3",0.0693940902002703,0.72,"4","fatty acid binding protein 3, muscle and heart"
"Pex11a",0.0693842225737122,0.6468,"7","peroxisomal biogenesis factor 11 alpha"
"Maml2",-0.0693753692414658,0.5188,"9","mastermind like transcriptional coactivator 2"
"Snx19",-0.0693586690444317,0.3328,"9","sorting nexin 19"
"Gng2",-0.0693505859638233,0.7816,"14","guanine nucleotide binding protein (G protein), gamma 2"
"Apex2",0.069325132396324,0.8152,"X","apurinic/apyrimidinic endonuclease 2"
"Ctcf",-0.0693130533116504,0.6452,"8","CCCTC-binding factor"
"Ppih",0.0692884949208468,0.7392,"4","peptidyl prolyl isomerase H"
"Prpf6",0.0692852780997537,0.4744,"2","pre-mRNA splicing factor 6"
"Tcn2",-0.069281232458434,0.8352,"11","transcobalamin 2"
"Slc30a1",-0.0692577965082188,0.76,"1","solute carrier family 30 (zinc transporter), member 1"
"Prkcb",-0.0692521080135169,0.5412,"7","protein kinase C, beta"
"Uba2",-0.0692480711820176,0.7224,"7","ubiquitin-like modifier activating enzyme 2"
"Snx27",-0.0692453534894639,0.3236,"3","sorting nexin family member 27"
"Dnajc24",-0.0692057064270148,0.7028,"2","DnaJ heat shock protein family (Hsp40) member C24"
"Kif17",0.0692039744314865,0.79,"4","kinesin family member 17"
"Clpx",-0.0691975381734595,0.6768,"9","caseinolytic mitochondrial matrix peptidase chaperone subunit"
"Ift27",0.0691780051415454,0.6888,"15","intraflagellar transport 27"
"Alas2",0.069145104682919,0.7152,"X","aminolevulinic acid synthase 2, erythroid"
"Khk",-0.0691414604592873,0.7432,"5","ketohexokinase"
"Rnf32",-0.0691208664243641,0.412,"5","ring finger protein 32"
"Cyb5r1",0.0691091014429039,0.4988,"1","cytochrome b5 reductase 1"
"Nfasc",-0.0691090002959704,0.5772,"1","neurofascin"
"Degs1",-0.0690997079772702,0.6508,"1","delta(4)-desaturase, sphingolipid 1"
"Cep41",-0.0690847973002913,0.7176,"6","centrosomal protein 41"
"Rbm34",0.069079506399258,0.3184,"8","RNA binding motif protein 34"
"Rusc1",0.0690685655637839,0.5596,"3","RUN and SH3 domain containing 1"
"Mrpl46",0.0690459725557382,0.7236,"7","mitochondrial ribosomal protein L46"
"Hnrnpr",-0.069020340502691,0.7132,"4","heterogeneous nuclear ribonucleoprotein R"
"Tsc1",0.0689724853113178,0.6132,"2","TSC complex subunit 1"
"Plpp5",-0.0689624590232398,0.4364,"8","phospholipid phosphatase 5"
"Dcp2",0.068961481668631,0.7252,"18","decapping mRNA 2"
"Crtac1",-0.0689429129035277,0.6976,"19","cartilage acidic protein 1"
"Six5",0.0689221516716518,0.7968,"7","sine oculis-related homeobox 5"
"Rnf113a1",0.0689156861037827,0.5876,"X","ring finger protein 113A1"
"Kbtbd11",0.0689134095894826,0.3836,"8","kelch repeat and BTB (POZ) domain containing 11"
"Nfatc3",-0.0689038767754027,0.6872,"8","nuclear factor of activated T cells, cytoplasmic, calcineurin dependent 3"
"Atxn3",-0.0688856808421194,0.702,"12","ataxin 3"
"Zfp937",-0.0688422778467292,0.7564,"2","zinc finger protein 937"
"Boc",0.0688384650717122,0.4044,"16","biregional cell adhesion molecule-related/down-regulated by oncogenes (Cdon) binding protein"
"Decr2",-0.0688081845499662,0.5908,"17","2-4-dienoyl-Coenzyme A reductase 2, peroxisomal"
"Mtfr1",0.0688078528390088,0.6768,"3","mitochondrial fission regulator 1"
"Gcn1",0.0688008785856926,0.6596,"5","GCN1 activator of EIF2AK4"
"Tada2a",0.0687988958415851,0.442,"11","transcriptional adaptor 2A"
"Htatip2",0.0687878658457857,0.7444,"7","HIV-1 Tat interactive protein 2"
"Mat2b",-0.06878194557122,0.9668,"11","methionine adenosyltransferase II, beta"
"Adgrb1",0.0687772466677625,0.8308,"15","adhesion G protein-coupled receptor B1"
"Siah2",0.0687682017213276,0.4688,"3","siah E3 ubiquitin protein ligase 2"
"Fxr2",0.0687522451164257,0.366,"11","FMR1 autosomal homolog 2"
"Kyat3",0.0687247565401226,0.238,"3","kynurenine aminotransferase 3"
"Taok2",0.068706637166156,0.3796,"7","TAO kinase 2"
"Ap4e1",-0.0687057975246965,0.7032,"2","adaptor-related protein complex AP-4, epsilon 1"
"Dusp15",0.0686792594202013,0.6656,"2","dual specificity phosphatase-like 15"
"Zfpm1",0.0686773082571257,0.8384,"8","zinc finger protein, multitype 1"
"Lats2",-0.068674542822535,0.878,"14","large tumor suppressor 2"
"Ptprr",-0.0686680393406047,0.6448,"10","protein tyrosine phosphatase, receptor type, R"
"Rtcb",0.0686538910961243,0.3572,"10","RNA 2',3'-cyclic phosphate and 5'-OH ligase"
"Rogdi",0.0686353820112267,0.6948,"16","rogdi homolog"
"Sox11",0.0686137387240136,0.7256,"12","SRY (sex determining region Y)-box 11"
"Fam81a",-0.0686119837497507,0.638,"9","family with sequence similarity 81, member A"
"Yeats4",0.0686084017602502,0.7728,"10","YEATS domain containing 4"
"Lrrtm1",0.0686024100943241,0.4308,"6","leucine rich repeat transmembrane neuronal 1"
"Adprm",0.0685857396475047,0.5236,"11","ADP-ribose/CDP-alcohol diphosphatase, manganese dependent"
"Gpatch11",-0.0685822411352692,0.2932,"17","G patch domain containing 11"
"Tmem86b",0.0685442358675981,0.874,"7","transmembrane protein 86B"
"Nsdhl",0.06853830948838,0.4048,"X","NAD(P) dependent steroid dehydrogenase-like"
"Dnajc4",0.0685340307913735,0.8256,"19","DnaJ heat shock protein family (Hsp40) member C4"
"Chmp4b",0.0685105963409676,0.6632,"2","charged multivesicular body protein 4B"
"Fam234b",0.0684883881251528,0.52,"6","family with sequence similarity 234, member B"
"Nus1",-0.0684607427402009,0.402,"10","NUS1 dehydrodolichyl diphosphate synthase subunit"
"Colgalt2",0.0684246093604122,0.7744,"1","collagen beta(1-O)galactosyltransferase 2"
"Plaa",-0.068423923454378,0.6316,"4","phospholipase A2, activating protein"
"Nfil3",0.0684199615052825,0.6508,"13","nuclear factor, interleukin 3, regulated"
"Ccdc30",0.068419125237845,0.378,"4","coiled-coil domain containing 30"
"Sort1",-0.0683971233382188,0.4008,"3","sortilin 1"
"Mapk4",-0.0682881005067317,0.604,"18","mitogen-activated protein kinase 4"
"Rbm12b1",-0.0682855545785035,0.6028,"4","RNA binding motif protein 12 B1"
"Mtrr",0.068276477290623,0.3396,"13","5-methyltetrahydrofolate-homocysteine methyltransferase reductase"
"Rab36",-0.0682697725864356,0.436,"10","RAB36, member RAS oncogene family"
"Smpdl3a",-0.0682659249838435,0.7344,"10","sphingomyelin phosphodiesterase, acid-like 3A"
"Npm1",-0.0682640729060795,0.4644,"11","nucleophosmin 1"
"Srf",0.0682385642836163,0.4388,"17","serum response factor"
"Stk38",0.0682303733361875,0.6972,"17","serine/threonine kinase 38"
"Lrrc4b",0.0682070464982019,0.7896,"7","leucine rich repeat containing 4B"
"Zfp239",-0.0681994232237857,0.66,"6","zinc finger protein 239"
"Klhl29",-0.0681921709904758,0.7864,"12","kelch-like 29"
"Dhcr24",0.0681915344201824,0.5192,"4","24-dehydrocholesterol reductase"
"Rab26",0.0681610670099548,0.7196,"17","RAB26, member RAS oncogene family"
"Cbfa2t3",-0.0680982455221599,0.6624,"8","CBFA2/RUNX1 translocation partner 3"
"Frmd6",-0.0680901596478796,0.6228,"12","FERM domain containing 6"
"Cacna2d3",0.0680414041006516,0.6376,"14","calcium channel, voltage-dependent, alpha2/delta subunit 3"
"Fam98a",0.0680358061530395,0.49,"17","family with sequence similarity 98, member A"
"Trpc4ap",0.0680302827102279,0.2252,"2","transient receptor potential cation channel, subfamily C, member 4 associated protein"
"Grin1",0.0680226366670134,0.8208,"2","glutamate receptor, ionotropic, NMDA1 (zeta 1)"
"Slc7a8",-0.0679985630351556,0.452,"14","solute carrier family 7 (cationic amino acid transporter, y+ system), member 8"
"Zbtb39",-0.0679979200668339,0.5848,"10","zinc finger and BTB domain containing 39"
"Smtn",-0.0679910157130652,0.7708,"11","smoothelin"
"Slc25a4",0.0679886194627652,0.5564,"8","solute carrier family 25 (mitochondrial carrier, adenine nucleotide translocator), member 4"
"Pnkd",-0.067983079186499,0.7052,"1","paroxysmal nonkinesiogenic dyskinesia"
"Pfdn2",0.0679787461845178,0.8352,"1","prefoldin 2"
"Med6",0.0679671325585467,0.758,"12","mediator complex subunit 6"
"Pkia",-0.0679467169659826,0.7516,"3","protein kinase inhibitor, alpha"
"Tppp",-0.0679299767193999,0.5096,"13","tubulin polymerization promoting protein"
"Ift43",0.067914907014365,0.8944,"12","intraflagellar transport 43"
"Bcor",0.0679135337740924,0.5688,"X","BCL6 interacting corepressor"
"Rad18",0.0678857727155804,0.7736,"6","RAD18 E3 ubiquitin protein ligase"
"Rgs16",-0.0678723591203116,0.7196,"1","regulator of G-protein signaling 16"
"Ip6k2",0.067847894064939,0.466,"9","inositol hexaphosphate kinase 2"
"Ubqln4",0.0678333591696152,0.6764,"3","ubiquilin 4"
"Utp11",-0.0678117578219557,0.5336,"4","UTP11 small subunit processome component"
"Vps52",0.0677979517640726,0.654,"17","VPS52 GARP complex subunit"
"Gab2",0.0677832307084056,0.6068,"7","growth factor receptor bound protein 2-associated protein 2"
"Tspan5",0.0677787072349636,0.4984,"3","tetraspanin 5"
"Atg4c",-0.0677534670800277,0.9316,"4","autophagy related 4C, cysteine peptidase"
"Epop",0.0677472918647686,0.8476,"11","elongin BC and polycomb repressive complex 2 associated protein"
"Tada3",0.0677423702848712,0.7072,"6","transcriptional adaptor 3"
"Ptcd1",-0.0677414393271221,0.6252,"5","pentatricopeptide repeat domain 1"
"Clcn2",0.0677276212196976,0.6704,"16","chloride channel, voltage-sensitive 2"
"Bbs10",-0.067704446315904,0.6692,"10","Bardet-Biedl syndrome 10 (human)"
"Nrde2",-0.0676800626447505,0.4744,"12","nrde-2 necessary for RNA interference, domain containing"
"Dynlrb1",0.0676736267241882,0.8176,"2","dynein light chain roadblock-type 1"
"Cfap97",-0.067673169497505,0.6288,"8","cilia and flagella associated protein 97"
"Rbpj",-0.067645540002343,0.5848,"5","recombination signal binding protein for immunoglobulin kappa J region"
"Mppe1",0.0676301942150328,0.7688,"18","metallophosphoesterase 1"
"Supt6",-0.0676005242078048,0.4392,"11","SPT6, histone chaperone and transcription elongation factor"
"Ubap1l",0.0675847276964814,0.892,"9","ubiquitin-associated protein 1-like"
"Pdzk1",0.0675691479559895,0.5828,"3","PDZ domain containing 1"
"Slc1a2",-0.06749325794725,0.4428,"2","solute carrier family 1 (glial high affinity glutamate transporter), member 2"
"Necap1",-0.0672899682008419,0.8364,"6","NECAP endocytosis associated 1"
"A930024E05Rik",-0.0672834464567229,0.6744,"5","RIKEN cDNA A930024E05 gene"
"Sephs1",-0.067248249563634,0.3336,"2","selenophosphate synthetase 1"
"Ecd",0.0672283364442894,0.2892,"14","ecdysoneless cell cycle regulator"
"Sidt2",0.0672173123898707,0.5524,"9","SID1 transmembrane family, member 2"
"Zbtb49",-0.0672109665569587,0.6928,"5","zinc finger and BTB domain containing 49"
"Npas2",-0.0671855013380451,0.47,"1","neuronal PAS domain protein 2"
"Ubap1",0.0671819619931728,0.3776,"4","ubiquitin-associated protein 1"
"Zfp410",0.0671511632665371,0.3656,"12","zinc finger protein 410"
"Snx8",0.0671393905252282,0.6908,"5","sorting nexin 8"
"Arpp19",-0.0671324950081278,0.5764,"9","cAMP-regulated phosphoprotein 19"
"Cox6b2",-0.0671264381215921,0.9344,"7","cytochrome c oxidase subunit 6B2"
"C2cd4a",0.0671231161128194,0.792,"9","C2 calcium-dependent domain containing 4A"
"Rgs19",0.0670950319442731,0.6164,"2","regulator of G-protein signaling 19"
"Usf2",0.0670571219537219,0.6848,"7","upstream transcription factor 2"
"Vmp1",0.0670238973406478,0.3572,"11","vacuole membrane protein 1"
"4632404H12Rik",-0.0670130175963206,0.5048,"3","RIKEN cDNA 4632404H12 gene"
"Phf1",0.0669922237648217,0.7276,"17","PHD finger protein 1"
"Col9a2",0.066992065582844,0.8068,"4","collagen, type IX, alpha 2"
"Gm973",-0.0669703706334266,0.656,"1","predicted gene 973"
"Emc8",0.0669613538741443,0.6392,"8","ER membrane protein complex subunit 8"
"Fjx1",0.066953248231342,0.4396,"2","four jointed box 1"
"Cyb5d1",0.0669324364698198,0.676,"11","cytochrome b5 domain containing 1"
"Dap",-0.0669112940610312,0.7952,"15","death-associated protein"
"Decr1",-0.0669104298670491,0.692,"4","2,4-dienoyl CoA reductase 1, mitochondrial"
"Sh3rf3",-0.0669047572434192,0.612,"10","SH3 domain containing ring finger 3"
"Pcsk4",0.0668591898235895,0.8804,"10","proprotein convertase subtilisin/kexin type 4"
"Tekt5",-0.0668574133602156,0.7252,"16","tektin 5"
"Ift140",0.0668289202569152,0.6352,"17","intraflagellar transport 140"
"Alcam",-0.0668107757386718,0.8268,"16","activated leukocyte cell adhesion molecule"
"Tmem198b",0.0668004442051742,0.7784,"10","transmembrane protein 198b"
"Lamp1",0.0667963562227722,0.4988,"8","lysosomal-associated membrane protein 1"
"Galnt16",0.0667930614569965,0.4164,"12","polypeptide N-acetylgalactosaminyltransferase 16"
"Lrp8",-0.0667840549953631,0.732,"4","low density lipoprotein receptor-related protein 8, apolipoprotein e receptor"
"Tstd3",-0.0667838899818518,0.5036,"4","thiosulfate sulfurtransferase (rhodanese)-like domain containing 3"
"Atp6v0a2",0.0667533598983097,0.3992,"5","ATPase, H+ transporting, lysosomal V0 subunit A2"
"Cpsf3",-0.066749902065574,0.5952,"12","cleavage and polyadenylation specificity factor 3"
"Selenot",-0.0667342737242702,0.786,"3","selenoprotein T"
"Plxnb1",0.0667091388861785,0.574,"9","plexin B1"
"Fntb",0.0666382974790318,0.616,"12","farnesyltransferase, CAAX box, beta"
"Nbas",-0.066637031356394,0.6884,"12","neuroblastoma amplified sequence"
"Prpf31",0.0666142359952122,0.3684,"7","pre-mRNA processing factor 31"
"Tnpo3",-0.0666124011535061,0.6148,"6","transportin 3"
"Mapkbp1",-0.0665843724762603,0.5844,"2","mitogen-activated protein kinase binding protein 1"
"Lrtm2",0.0665705149982232,0.5528,"6","leucine-rich repeats and transmembrane domains 2"
"Ccdc126",-0.0665702651685689,0.8112,"6","coiled-coil domain containing 126"
"Ccm2l",-0.0665206518803032,0.8088,"2","cerebral cavernous malformation 2-like"
"Rtl4",-0.0664809630054337,0.7508,"X","retrotransposon Gag like 4"
"Epb41l5",-0.0664583142148798,0.5196,"1","erythrocyte membrane protein band 4.1 like 5"
"Sem1",-0.0664431991083942,0.756,"6","SEM1, 26S proteasome complex subunit"
"Cog3",-0.0664279494897704,0.5836,"14","component of oligomeric golgi complex 3"
"Mrpl35",0.0663468979445838,0.3632,"6","mitochondrial ribosomal protein L35"
"Gosr1",-0.0663310907989443,0.5992,"11","golgi SNAP receptor complex member 1"
"Tmem219",0.0663262038128343,0.7424,"7","transmembrane protein 219"
"Nol9",-0.0662487388614759,0.5468,"4","nucleolar protein 9"
"Polr3k",0.0662457210627894,0.4928,"2","polymerase (RNA) III (DNA directed) polypeptide K"
"Crppa",0.0661936116293407,0.7852,"12","CDP-L-ribitol pyrophosphorylase A"
"Arid3a",0.0661669378370919,0.6392,"10","AT rich interactive domain 3A (BRIGHT-like)"
"Rbm26",-0.0661367334045684,0.64,"14","RNA binding motif protein 26"
"Zfyve21",0.0661202735718409,0.7648,"12","zinc finger, FYVE domain containing 21"
"Pias1",-0.0661084613113871,0.8088,"9","protein inhibitor of activated STAT 1"
"Isyna1",-0.0660960630980965,0.5312,"8","myo-inositol 1-phosphate synthase A1"
"Scoc",-0.0660949946750584,0.8508,"8","short coiled-coil protein"
"Tsnax",0.0660944085282376,0.2644,"8","translin-associated factor X"
"Mcc",-0.0660894065045952,0.398,"18","mutated in colorectal cancers"
"Emd",-0.0660406556599282,0.4776,"X","emerin"
"Prxl2a",0.0660129223690067,0.7724,"14","peroxiredoxin like 2A"
"Rsrc1",0.0660052095854269,0.4452,"3","arginine/serine-rich coiled-coil 1"
"Coa7",0.0659837790747453,0.6608,"4","cytochrome c oxidase assembly factor 7"
"Tusc3",-0.0659449367434082,0.8468,"8","tumor suppressor candidate 3"
"Cacng4",0.065923346750016,0.7984,"11","calcium channel, voltage-dependent, gamma subunit 4"
"Bcap31",0.0659228492021544,0.6352,"X","B cell receptor associated protein 31"
"Narf",-0.0658749701147467,0.4204,"11","nuclear prelamin A recognition factor"
"Msantd4",-0.0658656487885629,0.6116,"9","Myb/SANT-like DNA-binding domain containing 4 with coiled-coils"
"Pafah1b1",-0.0658398615623881,0.6736,"11","platelet-activating factor acetylhydrolase, isoform 1b, subunit 1"
"Rnf166",0.0658245570527658,0.8008,"8","ring finger protein 166"
"Banp",0.0657907019890382,0.7076,"8","BTG3 associated nuclear protein"
"Cep57l1",-0.0657616901126057,0.7528,"10","centrosomal protein 57-like 1"
"Gm7694",-0.0657309142486278,0.804,"1","predicted gene 7694"
"Nemp2",-0.0657252259479049,0.8024,"1","nuclear envelope integral membrane protein 2"
"Dguok",0.0657196675495957,0.7556,"6","deoxyguanosine kinase"
"Ablim2",-0.0656908996043644,0.5868,"5","actin-binding LIM protein 2"
"Irak1",0.065689927088723,0.3132,"X","interleukin-1 receptor-associated kinase 1"
"Hspe1",0.0656837903596887,0.744,"1","heat shock protein 1 (chaperonin 10)"
"Vdac2",-0.0656755119797952,0.564,"14","voltage-dependent anion channel 2"
"Api5",-0.0656628894051563,0.4172,"2","apoptosis inhibitor 5"
"Stk11ip",0.0656628531647785,0.3756,"1","serine/threonine kinase 11 interacting protein"
"Stk38l",0.0656500953724244,0.5028,"6","serine/threonine kinase 38 like"
"Ephx4",0.0656147905047089,0.6424,"5","epoxide hydrolase 4"
"Fh1",-0.0655801926473814,0.5976,"1","fumarate hydratase 1"
"Dis3l2",0.0655786895631394,0.1968,"1","DIS3 like 3'-5' exoribonuclease 2"
"Plgrkt",0.0655593097138576,0.6616,"19","plasminogen receptor, C-terminal lysine transmembrane protein"
"Mfap1a",-0.0655530711903034,0.5112,"2","microfibrillar-associated protein 1A"
"Porcn",0.0655439779492557,0.6388,"X","porcupine O-acyltransferase"
"Cse1l",-0.0655307865021628,0.8052,"2","chromosome segregation 1-like (S. cerevisiae)"
"Lmo4",-0.0655180859668958,0.6716,"3","LIM domain only 4"
"Dnah7b",-0.0654815931583972,0.8376,"1","dynein, axonemal, heavy chain 7B"
"Hadhb",0.0654786261722773,0.4468,"5","hydroxyacyl-CoA dehydrogenase trifunctional multienzyme complex subunit beta"
"Pcdhb6",-0.0654605404591448,0.7408,"18","protocadherin beta 6"
"Tusc2",0.0654428398344145,0.6388,"9","tumor suppressor 2, mitochondrial calcium regulator"
"Plekha1",-0.0654312727496968,0.8116,"7","pleckstrin homology domain containing, family A (phosphoinositide binding specific) member 1"
"Dnajc5",0.0653703632107225,0.3924,"2","DnaJ heat shock protein family (Hsp40) member C5"
"Gmeb1",0.0653307305769513,0.4468,"4","glucocorticoid modulatory element binding protein 1"
"Qpctl",0.0653137202498,0.5804,"7","glutaminyl-peptide cyclotransferase-like"
"Zscan29",-0.0652760902935885,0.5456,"2","zinc finger SCAN domains 29"
"Armc1",0.0652623361294316,0.6396,"3","armadillo repeat containing 1"
"Relch",-0.0652485082285645,0.8116,"1","RAB11 binding and LisH domain, coiled-coil and HEAT repeat containing"
"Ly6c1",-0.0652240478123565,0.8232,"15","lymphocyte antigen 6 complex, locus C1"
"Anp32e",-0.0652116415934776,0.4892,"3","acidic (leucine-rich) nuclear phosphoprotein 32 family, member E"
"Tbc1d24",0.0651857007325187,0.5808,"17","TBC1 domain family, member 24"
"Bmpr1b",-0.0651825829437822,0.2148,"3","bone morphogenetic protein receptor, type 1B"
"Nsfl1c",0.0651476712158487,0.722,"2","NSFL1 (p97) cofactor (p47)"
"Crocc2",0.0651191715993327,0.8084,"1","ciliary rootlet coiled-coil, rootletin family member 2"
"Srp72",-0.0651180508689126,0.5,"5","signal recognition particle 72"
"Celf2",-0.0651070339646509,0.4484,"2","CUGBP, Elav-like family member 2"
"Ccdc186",-0.0650859691473133,0.8544,"19","coiled-coil domain containing 186"
"Mapk8",-0.065062812488434,0.71,"14","mitogen-activated protein kinase 8"
"Flot2",0.0650405967649732,0.5992,"11","flotillin 2"
"Abcf1",0.0650394184399001,0.7776,"17","ATP-binding cassette, sub-family F (GCN20), member 1"
"Gm12258",-0.0649985557676658,0.6972,"11","predicted gene 12258"
"Sbds",-0.0649741683210383,0.4984,"5","SBDS ribosome maturation factor"
"Gm16973",0.0649713429632244,0.8036,"14","predicted gene, 16973"
"Fam50a",0.0649546625444142,0.746,"X","family with sequence similarity 50, member A"
"Pcnx3",0.0649509893253004,0.734,"19","pecanex homolog 3"
"Mettl17",0.0649473399958254,0.5772,"14","methyltransferase like 17"
"Rora",-0.0648861575860193,0.7024,"9","RAR-related orphan receptor alpha"
"Camk1g",0.0648790052471346,0.7424,"1","calcium/calmodulin-dependent protein kinase I gamma"
"Mrps17",-0.0648384252908079,0.5336,"5","mitochondrial ribosomal protein S17"
"Usp2",0.0648068309083518,0.6028,"9","ubiquitin specific peptidase 2"
"Enc1",-0.0648063984112195,0.694,"13","ectodermal-neural cortex 1"
"Tmem127",0.0647156977269479,0.5604,"2","transmembrane protein 127"
"Gata2",0.0646735938092893,0.8748,"6","GATA binding protein 2"
"Kcne1l",0.0646261146325036,0.8188,"X","potassium voltage-gated channel, Isk-related family, member 1-like, pseudogene"
"Srgap3",-0.0646080991761853,0.6328,"6","SLIT-ROBO Rho GTPase activating protein 3"
"Aga",0.0646078194135042,0.804,"8","aspartylglucosaminidase"
"6720489N17Rik",0.0646021119549629,0.6808,"13","RIKEN cDNA 6720489N17 gene"
"Idi1",-0.0645978551958484,0.8564,"13","isopentenyl-diphosphate delta isomerase"
"Khnyn",-0.0645912256022529,0.572,"14","KH and NYN domain containing"
"Zfp180",0.0645878993715439,0.4432,"7","zinc finger protein 180"
"Tmem186",0.0645818483500862,0.4636,"16","transmembrane protein 186"
"Slc43a2",-0.064569867467454,0.4404,"11","solute carrier family 43, member 2"
"Rad9a",0.064551223781586,0.5124,"19","RAD9 checkpoint clamp component A"
"Os9",0.0645082195033435,0.7584,"10","amplified in osteosarcoma"
"Zfp867",-0.0644823514440653,0.6308,"11","zinc finger protein 867"
"Zfp974",0.0644721938383568,0.5752,"7","zinc finger protein 974"
"Zfp286",0.0644399361773376,0.4312,"11","zinc finger protein 286"
"Atf5",0.0644314907788095,0.8192,"7","activating transcription factor 5"
"Snx5",0.0644171956501776,0.5476,"2","sorting nexin 5"
"Dym",0.0644120617859398,0.7732,"18","dymeclin"
"Lef1",-0.0644066956229508,0.8468,"3","lymphoid enhancer binding factor 1"
"Ggnbp2",-0.06440300401316,0.6036,"11","gametogenetin binding protein 2"
"Timm10",0.0644026708349328,0.7248,"2","translocase of inner mitochondrial membrane 10"
"Tctn3",0.064402196136307,0.5556,"19","tectonic family member 3"
"Zfp949",0.0643901550171595,0.5344,"9","zinc finger protein 949"
"Nr3c2",-0.0643775145994612,0.764,"8","nuclear receptor subfamily 3, group C, member 2"
"Kcnk1",0.0643758316013399,0.5788,"8","potassium channel, subfamily K, member 1"
"Acrbp",0.0643729254836556,0.8364,"6","proacrosin binding protein"
"Ubtd2",0.0643630122181174,0.3324,"11","ubiquitin domain containing 2"
"Lpcat1",0.0643411994994301,0.4308,"13","lysophosphatidylcholine acyltransferase 1"
"Amer2",-0.0642834702423354,0.6724,"14","APC membrane recruitment 2"
"Odr4",-0.0642616499739779,0.2628,"1","odr4 GPCR localization factor homolog"
"Acsbg1",0.0642428115494784,0.6516,"9","acyl-CoA synthetase bubblegum family member 1"
"Anp32a",-0.0642411491652357,0.5756,"9","acidic (leucine-rich) nuclear phosphoprotein 32 family, member A"
"Cep44",-0.0642151356460854,0.6788,"8","centrosomal protein 44"
"Ugdh",-0.0641947634003586,0.5168,"5","UDP-glucose dehydrogenase"
"Cntrob",-0.0641887250983078,0.686,"11","centrobin, centrosomal BRCA2 interacting protein"
"Rab9b",-0.0641846236929915,0.8468,"X","RAB9B, member RAS oncogene family"
"Dtx2",-0.064178226891292,0.6224,"5","deltex 2, E3 ubiquitin ligase"
"Mettl7a1",0.0641265334016712,0.706,"15","methyltransferase like 7A1"
"Ocrl",-0.0641082625049991,0.6612,"X","OCRL, inositol polyphosphate-5-phosphatase"
"Rttn",-0.0641029178553854,0.7856,"18","rotatin"
"Phyhip",0.064099697016756,0.8196,"14","phytanoyl-CoA hydroxylase interacting protein"
"Hikeshi",-0.0640992786416801,0.466,"7","heat shock protein nuclear import factor"
"Cd164l2",0.064074708188562,0.844,"4","CD164 sialomucin-like 2"
"Cep295",-0.0640667596735067,0.8048,"9","centrosomal protein 295"
"Ogfod1",-0.0640618334819214,0.5324,"8","2-oxoglutarate and iron-dependent oxygenase domain containing 1"
"Mrpl19",0.0640227488008946,0.548,"6","mitochondrial ribosomal protein L19"
"Nars",-0.064004759820679,0.616,"18","asparaginyl-tRNA synthetase"
"Gmnc",-0.0639996108239764,0.9152,"16","geminin coiled-coil domain containing"
"Yipf6",-0.0639629973218385,0.6512,"X","Yip1 domain family, member 6"
"Nr4a1",-0.0639172489598332,0.7648,"15","nuclear receptor subfamily 4, group A, member 1"
"Fos",0.063915868967384,0.9008,"12","FBJ osteosarcoma oncogene"
"D6Wsu163e",-0.0639054948403261,0.6656,"6","DNA segment, Chr 6, Wayne State University 163, expressed"
"Ern1",0.0638906700775479,0.9148,"11","endoplasmic reticulum (ER) to nucleus signalling 1"
"Purg",0.0638790718500344,0.8612,"8","purine-rich element binding protein G"
"Ust",-0.0638594265390866,0.8504,"10","uronyl-2-sulfotransferase"
"Ralgapb",-0.0638222556924983,0.7208,"2","Ral GTPase activating protein, beta subunit (non-catalytic)"
"Maged1",0.0637960420364436,0.34,"X","MAGE family member D1"
"Snx33",0.0637944794218894,0.6384,"9","sorting nexin 33"
"Lasp1",-0.0637561139094922,0.5356,"11","LIM and SH3 protein 1"
"Zdhhc20",-0.0637495342790571,0.3028,"14","zinc finger, DHHC domain containing 20"
"Dlgap1",-0.0637185301091119,0.414,"17","DLG associated protein 1"
"Rnf14",0.0637069541329218,0.2128,"18","ring finger protein 14"
"Pfkp",-0.0636929325169211,0.5084,"13","phosphofructokinase, platelet"
"Hyls1",0.0636853001300892,0.4884,"9","HYLS1, centriolar and ciliogenesis associated"
"2310033P09Rik",-0.0636820707287482,0.7376,"11","RIKEN cDNA 2310033P09 gene"
"Dcaf10",-0.0636607806936023,0.6324,"4","DDB1 and CUL4 associated factor 10"
"Ganc",-0.0636557469925942,0.8148,"2","glucosidase, alpha; neutral C"
"Zmym3",-0.063644051413049,0.5764,"X","zinc finger, MYM-type 3"
"Cradd",0.0636216220960506,0.7568,"10","CASP2 and RIPK1 domain containing adaptor with death domain"
"Ywhae",-0.0636165993851439,0.4772,"11","tyrosine 3-monooxygenase/tryptophan 5-monooxygenase activation protein, epsilon polypeptide"
"Nup93",0.0635952533934008,0.5464,"8","nucleoporin 93"
"Jmjd8",0.0635923826529243,0.4284,"17","jumonji domain containing 8"
"Tmbim4",0.0635756266474243,0.5716,"10","transmembrane BAX inhibitor motif containing 4"
"Pnma3",0.0635520132672998,0.5216,"X","paraneoplastic antigen MA3"
"Astn2",-0.0635300550342723,0.6608,"4","astrotactin 2"
"Snapin",0.0634913357727509,0.6484,"3","SNAP-associated protein"
"Pip5k1c",0.0634859212813907,0.5068,"10","phosphatidylinositol-4-phosphate 5-kinase, type 1 gamma"
"Mrps36",-0.0634818613909287,0.6236,"13","mitochondrial ribosomal protein S36"
"Ppip5k1",-0.0634739575564245,0.7632,"2","diphosphoinositol pentakisphosphate kinase 1"
"Ift57",-0.0634325132562941,0.3972,"16","intraflagellar transport 57"
"Sh2b1",0.0634293374438331,0.078,"7","SH2B adaptor protein 1"
"Snn",0.06340430202569,0.4328,"16","stannin"
"Zfp386",-0.0633688937323065,0.678,"12","zinc finger protein 386 (Kruppel-like)"
"Ilf3",-0.0633611245065184,0.2268,"9","interleukin enhancer binding factor 3"
"S100pbp",-0.0633462962485503,0.6516,"4","S100P binding protein"
"Cbfb",-0.0633342875119425,0.8992,"8","core binding factor beta"
"Abcf2",0.0632951774296489,0.4456,"5","ATP-binding cassette, sub-family F (GCN20), member 2"
"Zkscan3",-0.0632736041133324,0.578,"13","zinc finger with KRAB and SCAN domains 3"
"Fam210b",0.0632720089403351,0.5248,"2","family with sequence similarity 210, member B"
"Xbp1",-0.0632702166661234,0.6696,"11","X-box binding protein 1"
"Ncoa5",-0.0632643076436672,0.3184,"2","nuclear receptor coactivator 5"
"Lancl1",0.0632344261312179,0.3932,"1","LanC (bacterial lantibiotic synthetase component C)-like 1"
"Rtn4ip1",-0.0632078257134134,0.4504,"10","reticulon 4 interacting protein 1"
"Iqsec2",-0.0631880300726966,0.1752,"X","IQ motif and Sec7 domain 2"
"Mta2",0.0631754878383122,0.262,"19","metastasis-associated gene family, member 2"
"Efcab12",0.0631587229093546,0.774,"6","EF-hand calcium binding domain 12"
"Dnal1",-0.063147104358988,0.1804,"12","dynein, axonemal, light chain 1"
"Acat2",0.0631224055764807,0.5904,"17","acetyl-Coenzyme A acetyltransferase 2"
"Mturn",0.0631140824016505,0.6936,"6","maturin, neural progenitor differentiation regulator homolog (Xenopus)"
"Actr10",0.0631128772819318,0.2956,"12","ARP10 actin-related protein 10"
"Lsm6",0.0631038341514163,0.7676,"8","LSM6 homolog, U6 small nuclear RNA and mRNA degradation associated"
"Snapc1",-0.0630877087001327,0.5656,"12","small nuclear RNA activating complex, polypeptide 1"
"Ncan",-0.0630518568026766,0.4868,"8","neurocan"
"Pdxdc1",0.0630483176131076,0.636,"16","pyridoxal-dependent decarboxylase domain containing 1"
"Cd109",0.0630214658596118,0.7372,"9","CD109 antigen"
"Agfg2",0.0630148613656161,0.5244,"5","ArfGAP with FG repeats 2"
"Lpin1",-0.0630132104755159,0.6124,"12","lipin 1"
"Uros",-0.0629839358362521,0.6912,"7","uroporphyrinogen III synthase"
"Daam1",-0.0629759685146736,0.5968,"12","dishevelled associated activator of morphogenesis 1"
"Tro",-0.0629652688386448,0.8388,"X","trophinin"
"Tmem81",0.0629483378105378,0.7868,"1","transmembrane protein 81"
"Rrp1b",0.0629188025784186,0.6764,"17","ribosomal RNA processing 1B"
"Fuca2",0.0629025887776438,0.5472,"10","fucosidase, alpha-L- 2, plasma"
"Ttf1",0.0628916332292166,0.742,"2","transcription termination factor, RNA polymerase I"
"Mex3d",0.0628861891051882,0.5156,"10","mex3 RNA binding family member D"
"Ndufb10",0.0628512665028618,0.8004,"17","NADH:ubiquinone oxidoreductase subunit B10"
"Stra6",-0.0628192370401646,0.7764,"9","stimulated by retinoic acid gene 6"
"Ypel3",0.0627756389988887,0.8268,"7","yippee like 3"
"Mlst8",0.0627539253025056,0.128,"17","MTOR associated protein, LST8 homolog (S. cerevisiae)"
"Slc39a14",0.0627368315115646,0.6848,"14","solute carrier family 39 (zinc transporter), member 14"
"Zfp943",-0.0627255151847761,0.2536,"17","zinc finger prtoein 943"
"Tmbim6",0.0627142550198041,0.6224,"15","transmembrane BAX inhibitor motif containing 6"
"Adcy2",-0.0627058038020287,0.6012,"13","adenylate cyclase 2"
"Spef2",-0.0626697537725409,0.8452,"15","sperm flagellar 2"
"Stambp",-0.0626592148259348,0.5028,"6","STAM binding protein"
"Clpb",0.0626527196596491,0.5824,"7","ClpB caseinolytic peptidase B"
"Arfgap2",-0.0626468692809636,0.7512,"2","ADP-ribosylation factor GTPase activating protein 2"
"Cbx7",0.0626083617098798,0.4196,"15","chromobox 7"
"Cdadc1",0.0626068086586988,0.472,"14","cytidine and dCMP deaminase domain containing 1"
"Als2",0.0625914771806251,0.7996,"1","alsin Rho guanine nucleotide exchange factor"
"Kpna2",-0.0625623139588778,0.7796,"11","karyopherin (importin) alpha 2"
"Kcnc4",0.0625445345793452,0.7692,"3","potassium voltage gated channel, Shaw-related subfamily, member 4"
"Anapc16",0.0625297386655248,0.7516,"10","anaphase promoting complex subunit 16"
"Gng10",0.0625122799513322,0.7272,"4","guanine nucleotide binding protein (G protein), gamma 10"
"Dph5",-0.0624987047017744,0.78,"3","diphthamide biosynthesis 5"
"Pex19",0.062488969715691,0.4932,"1","peroxisomal biogenesis factor 19"
"Ccdc91",0.0624565681077742,0.4272,"6","coiled-coil domain containing 91"
"Map3k3",-0.0624497185529131,0.786,"11","mitogen-activated protein kinase kinase kinase 3"
"Fez1",0.0624274907314337,0.6652,"9","fasciculation and elongation protein zeta 1 (zygin I)"
"Slc4a8",-0.0624213179112214,0.7728,"15","solute carrier family 4 (anion exchanger), member 8"
"Arl10",0.0624130505249298,0.7636,"13","ADP-ribosylation factor-like 10"
"Col4a4",-0.0624080475430306,0.9164,"1","collagen, type IV, alpha 4"
"Hmgcs2",-0.0624064486612967,0.7012,"3","3-hydroxy-3-methylglutaryl-Coenzyme A synthase 2"
"Poglut2",-0.0623940732751169,0.5144,"1","protein O-glucosyltransferase 2"
"Ibtk",-0.0623167940275735,0.7632,"9","inhibitor of Bruton agammaglobulinemia tyrosine kinase"
"Crtc1",0.0622812243221134,0.7276,"8","CREB regulated transcription coactivator 1"
"Ubxn4",-0.0622690144393996,0.1644,"1","UBX domain protein 4"
"Stk40",0.0622643328887458,0.5632,"4","serine/threonine kinase 40"
"Nipsnap2",0.0622432695335258,0.454,"5","nipsnap homolog 2"
"Psma2",0.0622004646738503,0.694,"13","proteasome subunit alpha 2"
"Pdzd11",0.0621621425071917,0.6312,"X","PDZ domain containing 11"
"Actl6a",0.0620890472558311,0.5884,"3","actin-like 6A"
"Pard3b",-0.0620749148801694,0.6644,"1","par-3 family cell polarity regulator beta"
"Spata7",0.0620529896839033,0.6164,"12","spermatogenesis associated 7"
"Calml4",-0.062009036563708,0.9236,"9","calmodulin-like 4"
"Zfp334",0.0619857122911576,0.7528,"2","zinc finger protein 334"
"Dmpk",-0.0619581181621811,0.8564,"7","dystrophia myotonica-protein kinase"
"Pim2",0.0619154720015302,0.5928,"X","proviral integration site 2"
"Prkcg",-0.0619143618037139,0.8036,"7","protein kinase C, gamma"
"Tcf3",0.0619087686472941,0.6396,"10","transcription factor 3"
"Brwd1",-0.0618898476516465,0.5992,"16","bromodomain and WD repeat domain containing 1"
"Anxa3",-0.0618730924585291,0.9156,"5","annexin A3"
"Zfp442",-0.0618701876622083,0.7384,"2","zinc finger protein 442"
"C030029H02Rik",0.0618299268532105,0.8552,"7","RIKEN cDNA C030029H02 gene"
"Acss1",-0.0618166181423092,0.4572,"2","acyl-CoA synthetase short-chain family member 1"
"Loxl1",-0.0617990772874992,0.8312,"9","lysyl oxidase-like 1"
"Pafah1b3",0.0617969557986058,0.7112,"7","platelet-activating factor acetylhydrolase, isoform 1b, subunit 3"
"Setd7",-0.0617781853230186,0.676,"3","SET domain containing (lysine methyltransferase) 7"
"Ccdc77",0.0617723077343983,0.6584,"6","coiled-coil domain containing 77"
"Klhl3",-0.0617626055976572,0.5428,"13","kelch-like 3"
"Prex1",-0.0617570179909368,0.4408,"2","phosphatidylinositol-3,4,5-trisphosphate-dependent Rac exchange factor 1"
"Prim1",0.0617480914210951,0.5172,"10","DNA primase, p49 subunit"
"Bloc1s6",0.061745220637448,0.6012,"2","biogenesis of lysosomal organelles complex-1, subunit 6, pallidin"
"Acox1",0.0617237865506404,0.2084,"11","acyl-Coenzyme A oxidase 1, palmitoyl"
"Gtf2h4",0.0617190999195434,0.5432,"17","general transcription factor II H, polypeptide 4"
"Parvg",-0.0617001241498838,0.7424,"15","parvin, gamma"
"Lix1",-0.0616809272975329,0.7444,"17","limb and CNS expressed 1"
"Nxpe3",-0.0616563091799032,0.772,"16","neurexophilin and PC-esterase domain family, member 3"
"Rims3",0.061655863958876,0.686,"4","regulating synaptic membrane exocytosis 3"
"Zfp53",0.0616507066734053,0.7792,"17","zinc finger protein 53"
"Polr3f",-0.0616423587287693,0.7088,"2","polymerase (RNA) III (DNA directed) polypeptide F"
"Tsc2",0.0616255051559618,0.6164,"17","TSC complex subunit 2"
"Washc2",-0.0616169953315815,0.7364,"6","WASH complex subunit 2"
"Ccni",0.06161221571488,0.4732,"5","cyclin I"
"Dcaf12l1",-0.0615971675005804,0.48,"X","DDB1 and CUL4 associated factor 12-like 1"
"Timp2",-0.0615963954827938,0.7444,"11","tissue inhibitor of metalloproteinase 2"
"Mak16",-0.061544584488848,0.4056,"8","MAK16 homolog"
"4930473A02Rik",0.0615169688370754,0.8232,"2","RIKEN cDNA 4930473A02 gene"
"Myo1d",-0.061459060485852,0.7864,"11","myosin ID"
"Prrc1",-0.0614145505766586,0.69,"18","proline-rich coiled-coil 1"
"Rtn1",-0.0614081920426539,0.7012,"12","reticulon 1"
"Alox8",0.0614050377076394,0.7976,"11","arachidonate 8-lipoxygenase"
"Lca5",0.0613932460415483,0.7416,"9","Leber congenital amaurosis 5 (human)"
"Efs",-0.0613822530545924,0.818,"14","embryonal Fyn-associated substrate"
"Hars",0.0613563962440056,0.5816,"18","histidyl-tRNA synthetase"
"Aldh7a1",0.0613363768509849,0.7236,"18","aldehyde dehydrogenase family 7, member A1"
"Sgsh",0.061312861107758,0.6892,"11","N-sulfoglucosamine sulfohydrolase (sulfamidase)"
"B4galt4",0.061287685063756,0.5744,"16","UDP-Gal:betaGlcNAc beta 1,4-galactosyltransferase, polypeptide 4"
"Dsp",-0.0612211841399137,0.8836,"13","desmoplakin"
"Evi2a",0.0611740332715858,0.7984,"11","ecotropic viral integration site 2a"
"Cep128",-0.0611714991784988,0.6,"12","centrosomal protein 128"
"Cct7",0.0611529145364607,0.5004,"6","chaperonin containing Tcp1, subunit 7 (eta)"
"Diras2",0.0611453693986981,0.3568,"13","DIRAS family, GTP-binding RAS-like 2"
"Kmt5a",-0.0611379952692355,0.5976,"5","lysine methyltransferase 5A"
"Terf2",-0.0611175242745645,0.728,"8","telomeric repeat binding factor 2"
"Fkbp14",-0.0611042251267122,0.8164,"6","FK506 binding protein 14"
"Rasgrp1",-0.0610932132337147,0.776,"2","RAS guanyl releasing protein 1"
"Tial1",-0.0610873414471662,0.6032,"7","Tia1 cytotoxic granule-associated RNA binding protein-like 1"
"Supt7l",-0.0610851434903781,0.5352,"5","SPT7-like, STAGA complex gamma subunit"
"Dcaf17",-0.0610749928165792,0.72,"2","DDB1 and CUL4 associated factor 17"
"Lrrc20",0.0610667658070749,0.568,"10","leucine rich repeat containing 20"
"Lactb",-0.0610659175061512,0.57,"9","lactamase, beta"
"Myrip",0.0610606035262604,0.3572,"9","myosin VIIA and Rab interacting protein"
"Rbm5",-0.0610411106786488,0.6296,"9","RNA binding motif protein 5"
"Men1",0.0610143514515453,0.682,"19","multiple endocrine neoplasia 1"
"Rab28",0.0610021263333076,0.6112,"5","RAB28, member RAS oncogene family"
"Edem1",-0.060989589486705,0.7136,"6","ER degradation enhancer, mannosidase alpha-like 1"
"Ptp4a2",0.0609693791181778,0.55,"4","protein tyrosine phosphatase 4a2"
"2410004B18Rik",0.0609560002772751,0.7196,"3","RIKEN cDNA 2410004B18 gene"
"Arl13b",-0.0609439991342864,0.8052,"16","ADP-ribosylation factor-like 13B"
"Ikbkb",-0.0609250199243458,0.5816,"8","inhibitor of kappaB kinase beta"
"Zfp830",-0.0609100877483897,0.6596,"11","zinc finger protein 830"
"Usp54",-0.0608938062385382,0.7692,"14","ubiquitin specific peptidase 54"
"Fyn",-0.0608724130921274,0.6096,"10","Fyn proto-oncogene"
"Arpp21",-0.060838921510733,0.81,"9","cyclic AMP-regulated phosphoprotein, 21"
"Cwc25",-0.0608331462749643,0.6512,"11","CWC25 spliceosome-associated protein"
"Cadm3",0.0608247456413284,0.2392,"1","cell adhesion molecule 3"
"Cldn12",-0.0608245427500451,0.7348,"5","claudin 12"
"Mgat2",-0.0608168459773442,0.8068,"12","mannoside acetylglucosaminyltransferase 2"
"Nr1d1",-0.0608019501941595,0.6496,"11","nuclear receptor subfamily 1, group D, member 1"
"Hmox1",0.0607897295763067,0.9244,"8","heme oxygenase 1"
"Tomm6",0.0607774937814538,0.9216,"17","translocase of outer mitochondrial membrane 6"
"Acadl",-0.0607756779981097,0.6256,"1","acyl-Coenzyme A dehydrogenase, long-chain"
"Zbtb8os",0.0607675606570468,0.5836,"4","zinc finger and BTB domain containing 8 opposite strand"
"Pik3r3",-0.0607483103052315,0.8444,"4","phosphoinositide-3-kinase regulatory subunit 3"
"Lrrc8d",0.0606960503801579,0.568,"5","leucine rich repeat containing 8D"
"Zfp703",0.060681027262774,0.5704,"8","zinc finger protein 703"
"Soga1",-0.0605806813757575,0.6852,"2","suppressor of glucose, autophagy associated 1"
"Cstb",0.0605782547802431,0.7608,"10","cystatin B"
"Coa6",0.0605186302380143,0.7152,"8","cytochrome c oxidase assembly factor 6"
"Plxnb2",0.0604834828046572,0.6724,"15","plexin B2"
"Uqcrc2",-0.060475304282309,0.6724,"7","ubiquinol cytochrome c reductase core protein 2"
"Rprd1b",-0.0604740866055877,0.2304,"2","regulation of nuclear pre-mRNA domain containing 1B"
"Adar",-0.0604661738467893,0.3412,"3","adenosine deaminase, RNA-specific"
"Mrpl49",0.0604490635443025,0.7284,"19","mitochondrial ribosomal protein L49"
"Ccdc120",0.0604382374220371,0.3352,"X","coiled-coil domain containing 120"
"Ndfip1",-0.060434591120929,0.932,"18","Nedd4 family interacting protein 1"
"Kmt5c",0.0604314176592435,0.8308,"7","lysine methyltransferase 5C"
"Ddx47",-0.0604258077023854,0.6436,"6","DEAD box helicase 47"
"Utp14a",-0.0604114460573131,0.6972,"X","UTP14A small subunit processome component"
"Pip4p1",0.0603980862489273,0.5768,"14","phosphatidylinositol-4,5-bisphosphate 4-phosphatase 1"
"Ahdc1",-0.060368584045106,0.5744,"4","AT hook, DNA binding motif, containing 1"
"Mlec",-0.0603626408903386,0.6272,"5","malectin"
"Gramd2",0.0603406244800988,0.7244,"9","GRAM domain containing 2"
"Ppard",0.060279458058484,0.6104,"17","peroxisome proliferator activator receptor delta"
"Ppard",0.060279458058484,0.6104,"17","peroxisome proliferator activator receptor delta"
"Poldip3",0.0602645993218651,0.764,"15","polymerase (DNA-directed), delta interacting protein 3"
"Ergic2",-0.0602567754060077,0.7324,"6","ERGIC and golgi 2"
"Wdr41",-0.0602542349835593,0.516,"13","WD repeat domain 41"
"Ptpn3",-0.0602507400121191,0.6844,"4","protein tyrosine phosphatase, non-receptor type 3"
"Cfb",0.0602436697913631,0.5296,"17","complement factor B"
"Ifngr2",0.0602208515390954,0.5796,"16","interferon gamma receptor 2"
"Tonsl",0.0602197038345103,0.7952,"15","tonsoku-like, DNA repair protein"
"Elmo1",0.0601391389247805,0.6448,"13","engulfment and cell motility 1"
"Ankrd34a",0.0601359710130209,0.758,"3","ankyrin repeat domain 34A"
"Tead3",0.0600937828134356,0.8224,"17","TEA domain family member 3"
"Pelp1",0.0600912204810147,0.5348,"11","proline, glutamic acid and leucine rich protein 1"
"Snrnp70",0.0600876596539628,0.8184,"7","small nuclear ribonucleoprotein 70 (U1)"
"Nfkbia",0.0600827697266713,0.6708,"12","nuclear factor of kappa light polypeptide gene enhancer in B cells inhibitor, alpha"
"Pdcd5",0.0600767721266013,0.7904,"7","programmed cell death 5"
"Slc17a5",0.0600473763557989,0.696,"9","solute carrier family 17 (anion/sugar transporter), member 5"
"Ypel4",-0.0600156655389776,0.5288,"2","yippee like 4"
"Mamdc4",0.0600137024851852,0.7816,"2","MAM domain containing 4"
"Ehd1",0.0600106891599514,0.7108,"19","EH-domain containing 1"
"Utp3",-0.0599983075016244,0.5716,"5","UTP3 small subunit processome component"
"Gtf3c2",0.0599961118717145,0.6124,"5","general transcription factor IIIC, polypeptide 2, beta"
"Sepsecs",-0.0599869240444857,0.5716,"5","Sep (O-phosphoserine) tRNA:Sec (selenocysteine) tRNA synthase"
"Tmem251",0.0599758536880604,0.724,"12","transmembrane protein 251"
"Rgl3",0.059966168114022,0.754,"9","ral guanine nucleotide dissociation stimulator-like 3"
"Psd2",0.0599661180247493,0.536,"18","pleckstrin and Sec7 domain containing 2"
"Zfp213",-0.0599429771911026,0.7116,"17","zinc finger protein 213"
"Tmem159",0.0599325100386578,0.6704,"7","transmembrane protein 159"
"Mtss2",-0.0599315808622425,0.5396,"8","MTSS I-BAR domain containing 2"
"Gm5124",-0.0599208537612657,0.8452,"X","predicted pseudogene 5124"
"Nol6",0.059909032604117,0.6656,"4","nucleolar protein family 6 (RNA-associated)"
"Cldn5",-0.0598992161891472,0.8284,"16","claudin 5"
"Pxn",0.0598857645487847,0.802,"5","paxillin"
"Slco2a1",0.0598756797343638,0.4304,"9","solute carrier organic anion transporter family, member 2a1"
"Tpcn1",-0.0598677773536291,0.53,"5","two pore channel 1"
"Mras",-0.0598677172362692,0.6444,"9","muscle and microspikes RAS"
"Fnip2",-0.0598311009203556,0.6984,"3","folliculin interacting protein 2"
"Ubxn7",-0.0598225000872032,0.6992,"16","UBX domain protein 7"
"Tril",-0.0598171742857954,0.7468,"6","TLR4 interactor with leucine-rich repeats"
"Ubn1",-0.0598127640874022,0.5964,"16","ubinuclein 1"
"Spns2",0.0598106729604648,0.5912,"11","spinster homolog 2"
"Pcbp2",-0.05979412263454,0.6456,"15","poly(rC) binding protein 2"
"Timm22",0.0597797566598199,0.7148,"11","translocase of inner mitochondrial membrane 22"
"Laptm4a",-0.0597690602467962,0.6032,"12","lysosomal-associated protein transmembrane 4A"
"Rnf146",-0.0597666622608086,0.7632,"10","ring finger protein 146"
"Lig3",-0.0597534969016849,0.7068,"11","ligase III, DNA, ATP-dependent"
"St8sia5",-0.0597277955550775,0.7924,"18","ST8 alpha-N-acetyl-neuraminide alpha-2,8-sialyltransferase 5"
"Mxd1",-0.0597210905484378,0.4696,"6","MAX dimerization protein 1"
"Rptor",0.0596808541077474,0.7304,"11","regulatory associated protein of MTOR, complex 1"
"Trp53",-0.0596494629057487,0.2608,"11","transformation related protein 53"
"Vps4a",0.059640879905773,0.4152,"8","vacuolar protein sorting 4A"
"Pknox1",0.0595674161280066,0.4844,"17","Pbx/knotted 1 homeobox"
"Fam204a",-0.0595617963541812,0.5748,"19","family with sequence similarity 204, member A"
"Eif4e2",0.0595352516969943,0.2104,"1","eukaryotic translation initiation factor 4E member 2"
"Sdccag8",-0.0595118308165565,0.6304,"1","serologically defined colon cancer antigen 8"
"Tmem87b",0.0595025490211398,0.3024,"2","transmembrane protein 87B"
"Nudcd1",-0.05947198423299,0.814,"15","NudC domain containing 1"
"Tmppe",-0.059469071854275,0.5636,"9","transmembrane protein with metallophosphoesterase domain"
"Tom1l2",0.0594414707341144,0.6208,"11","target of myb1-like 2 (chicken)"
"Capza2",-0.0594357814557451,0.6252,"6","capping actin protein of muscle Z-line subunit alpha 2"
"Scube3",-0.0594274664886465,0.8796,"17","signal peptide, CUB domain, EGF-like 3"
"Clptm1l",0.0593491632940237,0.32,"13","CLPTM1-like"
"Eif2b3",0.0593269984161329,0.7464,"4","eukaryotic translation initiation factor 2B, subunit 3"
"Aasdh",-0.0593209101367509,0.8268,"5","aminoadipate-semialdehyde dehydrogenase"
"Zdhhc12",0.0592910980936749,0.7996,"2","zinc finger, DHHC domain containing 12"
"Gm4988",-0.0592042050931008,0.8524,"X","predicted gene 4988"
"Zbtb1",0.0591948212026177,0.7348,"12","zinc finger and BTB domain containing 1"
"Spryd4",-0.0591892876658462,0.664,"10","SPRY domain containing 4"
"Dclk1",-0.0591754023067868,0.704,"3","doublecortin-like kinase 1"
"Ssrp1",-0.0591399388077392,0.4488,"2","structure specific recognition protein 1"
"Pcdhga11",-0.0591321604791175,0.8732,"18","protocadherin gamma subfamily A, 11"
"Qsox2",-0.0591024227892039,0.5028,"2","quiescin Q6 sulfhydryl oxidase 2"
"4930453N24Rik",-0.0590967544551484,0.5768,"16","RIKEN cDNA 4930453N24 gene"
"Ankzf1",-0.0590784622981797,0.6944,"1","ankyrin repeat and zinc finger domain containing 1"
"Cds2",0.059072667834986,0.5048,"2","CDP-diacylglycerol synthase (phosphatidate cytidylyltransferase) 2"
"Rai14",0.059062517650964,0.8432,"15","retinoic acid induced 14"
"Plcb3",0.0590591297711613,0.494,"19","phospholipase C, beta 3"
"Smo",-0.0590502324495787,0.6484,"6","smoothened, frizzled class receptor"
"Helq",-0.0590393992409606,0.742,"5","helicase, POLQ-like"
"Zfp933",-0.0589991616769137,0.4552,"4","zinc finger protein 933"
"Enpp6",0.0589849065313679,0.7616,"8","ectonucleotide pyrophosphatase/phosphodiesterase 6"
"Cdh24",0.0589661444778313,0.8328,"14","cadherin-like 24"
"Tns2",0.0589535267971861,0.8836,"15","tensin 2"
"Lrpap1",0.0589395586288255,0.2756,"5","low density lipoprotein receptor-related protein associated protein 1"
"Ctsd",0.0589014744481542,0.6628,"7","cathepsin D"
"Cxxc5",0.0588271006547778,0.756,"18","CXXC finger 5"
"Iars2",-0.058826800638804,0.5056,"1","isoleucine-tRNA synthetase 2, mitochondrial"
"Lefty1",0.0587243382828211,0.8312,"1","left right determination factor 1"
"Ldlrad4",0.0587112510808483,0.6748,"18","low density lipoprotein receptor class A domain containing 4"
"Ndufaf6",0.0586998889737362,0.6116,"4","NADH:ubiquinone oxidoreductase complex assembly factor 6"
"Kirrel3",0.0586958768790193,0.5568,"9","kirre like nephrin family adhesion molecule 3"
"Anapc2",0.0586674900760089,0.5524,"2","anaphase promoting complex subunit 2"
"Wdr45",0.0586558722961614,0.658,"X","WD repeat domain 45"
"Gng5",0.0586544220899055,0.7808,"3","G protein subunit gamma 5"
"Pcmtd1",-0.0586375743549512,0.6432,"1","protein-L-isoaspartate (D-aspartate) O-methyltransferase domain containing 1"
"Rph3al",-0.0586365158573106,0.7108,"11","rabphilin 3A-like (without C2 domains)"
"Etfrf1",-0.0586163267527029,0.4036,"6","electron transfer flavoprotein regulatory factor 1"
"Cdc42se2",0.0585851850197212,0.372,"11","CDC42 small effector 2"
"Msh3",-0.0585821687399717,0.3384,"13","mutS homolog 3"
"Rab3ip",0.0585751610527714,0.4948,"10","RAB3A interacting protein"
"Tacc1",-0.0585491096400421,0.2028,"8","transforming, acidic coiled-coil containing protein 1"
"Parn",0.0585240203343451,0.4552,"16","poly(A)-specific ribonuclease (deadenylation nuclease)"
"Luzp1",-0.0585131778797363,0.8024,"4","leucine zipper protein 1"
"Sik1",0.0584800564581851,0.7908,"17","salt inducible kinase 1"
"Cdh19",0.0584681880321667,0.786,"1","cadherin 19, type 2"
"Clcc1",0.0584577659319194,0.4556,"3","chloride channel CLIC-like 1"
"Myc",-0.0584523374470143,0.7444,"15","myelocytomatosis oncogene"
"Mau2",0.0584515118918949,0.5556,"8","MAU2 sister chromatid cohesion factor"
"Nhlrc1",-0.0584033914687598,0.6796,"13","NHL repeat containing 1"
"Disp2",-0.0583735250947583,0.6572,"2","dispatched RND tramsporter family member 2"
"Yrdc",-0.0583727200933435,0.728,"4","yrdC domain containing (E.coli)"
"Cryab",-0.0583315599388667,0.8536,"9","crystallin, alpha B"
"Cdkn2aipnl",-0.058331363118004,0.782,"11","CDKN2A interacting protein N-terminal like"
"Cnrip1",-0.0583164380574281,0.728,"11","cannabinoid receptor interacting protein 1"
"Ndufaf7",0.0583129738326447,0.4068,"17","NADH:ubiquinone oxidoreductase complex assembly factor 7"
"Rrm1",-0.0582983850623964,0.6536,"7","ribonucleotide reductase M1"
"Slc6a15",0.0582865863162185,0.7528,"10","solute carrier family 6 (neurotransmitter transporter), member 15"
"Hdac6",0.0582670591362273,0.6868,"X","histone deacetylase 6"
"Lonp2",0.0582408320558754,0.7184,"8","lon peptidase 2, peroxisomal"
"Ypel5",0.0582162802315249,0.5692,"17","yippee like 5"
"Clec16a",0.0582113894522669,0.5192,"16","C-type lectin domain family 16, member A"
"Kifap3",-0.0582019950594752,0.8424,"1","kinesin-associated protein 3"
"Neurod2",0.0581827938198884,0.8496,"11","neurogenic differentiation 2"
"Sec22c",0.0581779829281333,0.4952,"9","SEC22 homolog C, vesicle trafficking protein"
"Pde9a",0.0581513979110357,0.6592,"17","phosphodiesterase 9A"
"Ifngr1",-0.0580688466541832,0.5736,"10","interferon gamma receptor 1"
"Jmjd4",0.0580654528577904,0.7048,"11","jumonji domain containing 4"
"Chst12",0.0580194128768401,0.7124,"5","carbohydrate sulfotransferase 12"
"Tubb4a",-0.0580190229916262,0.8264,"17","tubulin, beta 4A class IVA"
"Oxct1",0.0580092774939942,0.3292,"15","3-oxoacid CoA transferase 1"
"Ndufa1",0.0579892207497013,0.786,"X","NADH:ubiquinone oxidoreductase subunit A1"
"Atg13",0.0579593153830524,0.4408,"2","autophagy related 13"
"Slc25a20",0.0579427853928749,0.5552,"9","solute carrier family 25 (mitochondrial carnitine/acylcarnitine translocase), member 20"
"Cpne5",0.0579422531835361,0.84,"17","copine V"
"Neu4",-0.0579375449285111,0.7232,"1","sialidase 4"
"Cdr1os",-0.0579201467163131,0.7076,"X","cerebellar degeneration related antigen 1, opposite strand"
"Tiam2",-0.0579142874824541,0.8288,"17","T cell lymphoma invasion and metastasis 2"
"1810021B22Rik",0.0579089538428446,0.7308,"15","RIKEN cDNA 1810021B22 gene"
"Idh3b",0.0578965997675187,0.5036,"2","isocitrate dehydrogenase 3 (NAD+) beta"
"1810010H24Rik",0.0578732407993221,0.668,"11","RIKEN cDNA 1810010H24 gene"
"Rabl3",-0.0578611197842647,0.4664,"16","RAB, member RAS oncogene family-like 3"
"Flot1",0.057860579393564,0.774,"17","flotillin 1"
"Abhd5",0.0578304890640928,0.5824,"9","abhydrolase domain containing 5"
"Ptgs1",0.057791186449923,0.822,"2","prostaglandin-endoperoxide synthase 1"
"Senp1",-0.0577841384990214,0.6104,"15","SUMO1/sentrin specific peptidase 1"
"Dlg2",-0.0577801272892611,0.4,"7","discs large MAGUK scaffold protein 2"
"Zfp319",0.057769458811451,0.7016,"8","zinc finger protein 319"
"Zadh2",-0.0577662718178722,0.5396,"18","zinc binding alcohol dehydrogenase, domain containing 2"
"Gtf2ird2",0.0577573454514528,0.7708,"5","GTF2I repeat domain containing 2"
"D5Ertd579e",0.057747857047306,0.7392,"5","DNA segment, Chr 5, ERATO Doi 579, expressed"
"Cttn",0.0577308811379771,0.716,"7","cortactin"
"Gtf2e2",-0.0577189276479104,0.6312,"8","general transcription factor II E, polypeptide 2 (beta subunit)"
"Anks3",0.0577126760414846,0.7028,"16","ankyrin repeat and sterile alpha motif domain containing 3"
"Atg5",-0.0577102075557132,0.6904,"10","autophagy related 5"
"Slu7",-0.0576875644897141,0.5716,"11","SLU7 splicing factor homolog (S. cerevisiae)"
"Fndc1",0.0576755564940203,0.8764,"17","fibronectin type III domain containing 1"
"Dicer1",-0.057671333776633,0.6976,"12","dicer 1, ribonuclease type III"
"Reep1",0.0576664558722504,0.6272,"6","receptor accessory protein 1"
"Gstm2",-0.0576455121265785,0.8712,"3","glutathione S-transferase, mu 2"
"Ap1ar",-0.0576413365017796,0.674,"3","adaptor-related protein complex 1 associated regulatory protein"
"Cdk8",-0.0575972210739719,0.6664,"5","cyclin-dependent kinase 8"
"Cmtm4",-0.057564284564382,0.6464,"8","CKLF-like MARVEL transmembrane domain containing 4"
"Kcnk12",-0.0575246245652283,0.7724,"17","potassium channel, subfamily K, member 12"
"Gfod1",-0.0575127439699488,0.3264,"13","glucose-fructose oxidoreductase domain containing 1"
"Lyrm2",0.0575106059458528,0.7732,"4","LYR motif containing 2"
"Palm3",-0.0574605556824206,0.8236,"8","paralemmin 3"
"Epc1",-0.0574578218349693,0.4468,"18","enhancer of polycomb homolog 1"
"Ddx1",0.0574469830095614,0.4132,"12","DEAD box helicase 1"
"Tet1",-0.0574396022181576,0.8796,"10","tet methylcytosine dioxygenase 1"
"Csf1",-0.0574210261911006,0.508,"3","colony stimulating factor 1 (macrophage)"
"Gigyf1",0.0573610179727995,0.7868,"5","GRB10 interacting GYF protein 1"
"Pde4dip",-0.0573577932407305,0.7284,"3","phosphodiesterase 4D interacting protein (myomegalin)"
"Rbm14",-0.0573311586268446,0.6676,"19","RNA binding motif protein 14"
"Gns",0.0573180130246982,0.6672,"10","glucosamine (N-acetyl)-6-sulfatase"
"Hspbap1",-0.0572563432608688,0.702,"16","Hspb associated protein 1"
"Pwwp2a",-0.057225994662736,0.6732,"11","PWWP domain containing 2A"
"Pik3ca",-0.057189353428412,0.596,"3","phosphatidylinositol-4,5-bisphosphate 3-kinase catalytic subunit alpha"
"Sh3d19",-0.0571824384150084,0.7788,"3","SH3 domain protein D19"
"Atf6b",-0.0571469016098058,0.5272,"17","activating transcription factor 6 beta"
"Tspyl4",-0.0571385604307562,0.6816,"10","TSPY-like 4"
"Pdss1",-0.0570942817122697,0.7308,"2","prenyl (solanesyl) diphosphate synthase, subunit 1"
"Ube2l3",0.0570598506359081,0.778,"16","ubiquitin-conjugating enzyme E2L 3"
"Exoc7",0.0570252856170548,0.5596,"11","exocyst complex component 7"
"Ctif",-0.0570244877645978,0.614,"18","CBP80/20-dependent translation initiation factor"
"Fkbp4",-0.0570103429256701,0.7172,"6","FK506 binding protein 4"
"Chst11",-0.0570067246644221,0.698,"10","carbohydrate sulfotransferase 11"
"Ppp2r3c",-0.0569988596542497,0.5288,"12","protein phosphatase 2, regulatory subunit B'', gamma"
"Fstl4",-0.0569946993025332,0.858,"11","follistatin-like 4"
"Bnip2",-0.0569562399094741,0.452,"9","BCL2/adenovirus E1B interacting protein 2"
"Jade2",0.0569504111282475,0.6804,"11","jade family PHD finger 2"
"Pdk1",-0.0569421313966894,0.7068,"2","pyruvate dehydrogenase kinase, isoenzyme 1"
"Msl1",0.0569399316100192,0.5252,"11","male specific lethal 1"
"Clcn7",0.0569356923383886,0.5604,"17","chloride channel, voltage-sensitive 7"
"Eif4e",-0.0569299817863484,0.88,"3","eukaryotic translation initiation factor 4E"
"Zfp12",-0.0569285196592793,0.688,"5","zinc finger protein 12"
"Aak1",-0.0569281286171446,0.7468,"6","AP2 associated kinase 1"
"Ccdc57",0.0569083116805884,0.8724,"11","coiled-coil domain containing 57"
"Aggf1",0.0568922318000205,0.4572,"13","angiogenic factor with G patch and FHA domains 1"
"Tufm",0.0568807432179623,0.4672,"7","Tu translation elongation factor, mitochondrial"
"Syngr2",0.0568786441420364,0.776,"11","synaptogyrin 2"
"Bbs9",-0.0568588749893904,0.75,"9","Bardet-Biedl syndrome 9 (human)"
"Bpgm",0.0568554878480789,0.7424,"6","2,3-bisphosphoglycerate mutase"
"Prkd1",0.0568475294488175,0.6284,"12","protein kinase D1"
"Tollip",0.0568319507958526,0.1676,"7","toll interacting protein"
"Mdh1",0.0568115057205834,0.5276,"11","malate dehydrogenase 1, NAD (soluble)"
"Noa1",0.0568054074688327,0.5504,"5","nitric oxide associated 1"
"Yju2",0.0567722199758167,0.5832,"17","YJU2 splicing factor"
"Tsr2",0.0567536653098006,0.4864,"X","TSR2 20S rRNA accumulation"
"Cep85",0.0567433277125664,0.5708,"4","centrosomal protein 85"
"Cfap69",-0.0567246428377932,0.876,"5","cilia and flagella associated protein 69"
"Ssbp3",-0.0567156476812603,0.6392,"4","single-stranded DNA binding protein 3"
"Tprkb",0.0566511530556051,0.7236,"6","Tp53rk binding protein"
"Pot1b",-0.056633750303654,0.8416,"17","protection of telomeres 1B"
"Bbs1",0.0566332874035584,0.4404,"19","Bardet-Biedl syndrome 1 (human)"
"Enox2",-0.0566064385279725,0.7956,"X","ecto-NOX disulfide-thiol exchanger 2"
"Atp10a",0.0566061804109972,0.8936,"7","ATPase, class V, type 10A"
"Lcmt2",-0.0565634157124655,0.7612,"2","leucine carboxyl methyltransferase 2"
"Satb1",-0.0565564702388386,0.64,"17","special AT-rich sequence binding protein 1"
"Fdft1",0.0565508262394347,0.5692,"14","farnesyl diphosphate farnesyl transferase 1"
"Exosc3",0.0565354716593069,0.734,"4","exosome component 3"
"Nhsl2",-0.0565192622293642,0.7572,"X","NHS-like 2"
"Pcmt1",0.0565148396078756,0.4484,"10","protein-L-isoaspartate (D-aspartate) O-methyltransferase 1"
"Pold2",-0.0565102688546597,0.6936,"11","polymerase (DNA directed), delta 2, regulatory subunit"
"Atp6v1d",-0.0564767055361557,0.6088,"12","ATPase, H+ transporting, lysosomal V1 subunit D"
"Arhgap35",-0.0564689620714116,0.972,"7","Rho GTPase activating protein 35"
"Urod",0.0564518401604852,0.8252,"4","uroporphyrinogen decarboxylase"
"Maoa",0.0564450904395137,0.63,"X","monoamine oxidase A"
"Lyar",-0.0564047422102321,0.7348,"5","Ly1 antibody reactive clone"
"Cdr2l",0.0563732484678976,0.5132,"11","cerebellar degeneration-related protein 2-like"
"Rsad1",0.0563731950495017,0.7156,"11","radical S-adenosyl methionine domain containing 1"
"Fam110b",0.0563688687043706,0.6128,"4","family with sequence similarity 110, member B"
"Vps8",-0.0563553224035349,0.884,"16","VPS8 CORVET complex subunit"
"Acin1",0.0563152426478393,0.6992,"14","apoptotic chromatin condensation inducer 1"
"Zfp108",-0.0562837113030299,0.6888,"7","zinc finger protein 108"
"Fbxo22",0.0562692835216252,0.5028,"9","F-box protein 22"
"Cgrrf1",-0.0562628448707247,0.642,"14","cell growth regulator with ring finger domain 1"
"Bud31",0.0562561357370246,0.8172,"5","BUD31 homolog"
"1810013L24Rik",-0.0562391333995009,0.716,"16","RIKEN cDNA 1810013L24 gene"
"Litaf",0.0562371452427524,0.8392,"16","LPS-induced TN factor"
"Sec62",-0.0562301529912874,0.3136,"3","SEC62 homolog (S. cerevisiae)"
"Tubb4b",0.056228658944141,0.4096,"2","tubulin, beta 4B class IVB"
"Mvb12b",0.0562246825674064,0.382,"2","multivesicular body subunit 12B"
"Scaper",-0.0562215737487071,0.8508,"9","S phase cyclin A-associated protein in the ER"
"Nr1h3",0.0561852313328282,0.8192,"2","nuclear receptor subfamily 1, group H, member 3"
"Gm45871",0.0561492805896822,0.722,"18","predicted gene 45871"
"Dhx30",-0.0560608917895351,0.522,"9","DEAH (Asp-Glu-Ala-His) box polypeptide 30"
"Xpo6",0.0560253986319807,0.634,"7","exportin 6"
"Glud1",0.0560143948585274,0.5308,"14","glutamate dehydrogenase 1"
"Nipa2",-0.0560061936677245,0.9024,"7","non imprinted in Prader-Willi/Angelman syndrome 2 homolog (human)"
"Cep68",-0.05599279821244,0.7584,"11","centrosomal protein 68"
"Lgmn",-0.0559817230253614,0.7828,"12","legumain"
"Wdr70",-0.0559232562083043,0.3872,"15","WD repeat domain 70"
"Mns1",-0.0559044668876199,0.7696,"9","meiosis-specific nuclear structural protein 1"
"Armcx2",-0.0558915111880385,0.6464,"X","armadillo repeat containing, X-linked 2"
"Sarm1",0.0558914996186308,0.6344,"11","sterile alpha and HEAT/Armadillo motif containing 1"
"Smoc2",0.0558342231621518,0.4048,"17","SPARC related modular calcium binding 2"
"Vps39",-0.0557995652896697,0.442,"2","VPS39 HOPS complex subunit"
"Trp53i13",0.0557978323100046,0.82,"11","transformation related protein 53 inducible protein 13"
"Plppr2",0.0557966914021844,0.652,"9","phospholipid phosphatase related 2"
"Fbxo8",-0.0557896876668043,0.7016,"8","F-box protein 8"
"Dnajc14",0.0557814664317915,0.516,"10","DnaJ heat shock protein family (Hsp40) member C14"
"Nfkbid",0.0557686311800354,0.8632,"7","nuclear factor of kappa light polypeptide gene enhancer in B cells inhibitor, delta"
"Mapk1ip1",0.055766739684235,0.8152,"7","mitogen-activated protein kinase 1 interacting protein 1"
"Ldb3",0.0557493748375317,0.7,"14","LIM domain binding 3"
"Cdk5r1",-0.0557467299048167,0.7444,"11","cyclin-dependent kinase 5, regulatory subunit 1 (p35)"
"Cops4",0.0557330091271453,0.6552,"5","COP9 signalosome subunit 4"
"Lratd1",-0.0556917929631702,0.8052,"12","LRAT domain containing 1"
"Nsun5",0.0556774363269845,0.752,"5","NOL1/NOP2/Sun domain family, member 5"
"Zc3h4",-0.0556505159483489,0.6456,"7","zinc finger CCCH-type containing 4"
"Kif13a",-0.0556062062292408,0.7488,"13","kinesin family member 13A"
"Eif4b",0.0556038473108984,0.3528,"15","eukaryotic translation initiation factor 4B"
"Nup133",-0.0555849178847376,0.7028,"8","nucleoporin 133"
"Coil",0.0555685046432854,0.5852,"11","coilin"
"Rap1gap",0.0555426793883749,0.5808,"4","Rap1 GTPase-activating protein"
"Ubr7",0.0555376065589117,0.4892,"12","ubiquitin protein ligase E3 component n-recognin 7 (putative)"
"Nfic",-0.0555290768901733,0.4604,"10","nuclear factor I/C"
"Ppfia1",-0.055497890079498,0.5924,"7","protein tyrosine phosphatase, receptor type, f polypeptide (PTPRF), interacting protein (liprin), alpha 1"
"Bcl7b",0.0554974101823458,0.7596,"5","B cell CLL/lymphoma 7B"
"Tmtc4",-0.0554779729132151,0.7828,"14","transmembrane and tetratricopeptide repeat containing 4"
"Ahi1",-0.0554763066739081,0.6572,"10","Abelson helper integration site 1"
"Lcat",-0.0554582200841356,0.622,"8","lecithin cholesterol acyltransferase"
"Yeats2",-0.0554566507823493,0.7288,"16","YEATS domain containing 2"
"Wdr33",-0.0554539700683936,0.3472,"18","WD repeat domain 33"
"Nom1",-0.0554354780831732,0.578,"5","nucleolar protein with MIF4G domain 1"
"Ccdc50",0.0553995318415401,0.7508,"16","coiled-coil domain containing 50"
"Nova1",-0.0553851791601891,0.6448,"12","NOVA alternative splicing regulator 1"
"Xxylt1",0.0553844547807851,0.5708,"16","xyloside xylosyltransferase 1"
"Hspa8",-0.0553734964077002,0.69,"9","heat shock protein 8"
"Snx30",-0.0553205022676684,0.7004,"4","sorting nexin family member 30"
"Tango6",0.0552965635725173,0.7368,"8","transport and golgi organization 6"
"Ubxn10",-0.0552859848126717,0.7912,"4","UBX domain protein 10"
"Cln5",0.0552850270620855,0.6648,"14","ceroid-lipofuscinosis, neuronal 5"
"B4galt5",-0.0552639548564215,0.6956,"2","UDP-Gal:betaGlcNAc beta 1,4-galactosyltransferase, polypeptide 5"
"Eif2b1",-0.0552442718389905,0.77,"5","eukaryotic translation initiation factor 2B, subunit 1 (alpha)"
"Becn1",0.055233580486683,0.3024,"11","beclin 1, autophagy related"
"Dgke",-0.0552321207698734,0.7484,"11","diacylglycerol kinase, epsilon"
"Shkbp1",-0.0552197173440563,0.894,"7","Sh3kbp1 binding protein 1"
"Septin2",0.0552177552045245,0.4696,"1","septin 2"
"Septin2",0.0552177552045245,0.4696,"1","septin 2"
"Chrna4",0.0552093713944961,0.766,"2","cholinergic receptor, nicotinic, alpha polypeptide 4"
"Fam32a",0.0551825516046112,0.4376,"8","family with sequence similarity 32, member A"
"Thoc5",0.0551187321089204,0.6516,"11","THO complex 5"
"Crebl2",0.0550953387461668,0.6272,"6","cAMP responsive element binding protein-like 2"
"Sdf4",0.0550944630746963,0.37,"4","stromal cell derived factor 4"
"Slc35e1",-0.0550811639230346,0.5504,"8","solute carrier family 35, member E1"
"Ctnnb1",-0.0550591273931644,0.4896,"9","catenin (cadherin associated protein), beta 1"
"Grm4",0.0550303494589888,0.6412,"17","glutamate receptor, metabotropic 4"
"Pcna",0.0550284311169893,0.8336,"2","proliferating cell nuclear antigen"
"Ppp1r12b",-0.0550205478147845,0.4256,"1","protein phosphatase 1, regulatory subunit 12B"
"Selenoo",0.0549966560979755,0.6144,"15","selenoprotein O"
"Coq6",0.0549683829841099,0.5584,"12","coenzyme Q6 monooxygenase"
"Adam17",-0.0549121474114678,0.6148,"12","a disintegrin and metallopeptidase domain 17"
"Traf3ip1",-0.054910300531267,0.6456,"1","TRAF3 interacting protein 1"
"Pdpr",-0.0549013818807791,0.9216,"8","pyruvate dehydrogenase phosphatase regulatory subunit"
"Pde6d",0.0548974200026899,0.8276,"1","phosphodiesterase 6D, cGMP-specific, rod, delta"
"Plod3",0.0548911576729036,0.8184,"5","procollagen-lysine, 2-oxoglutarate 5-dioxygenase 3"
"Tmem64",-0.0548880861017391,0.7368,"4","transmembrane protein 64"
"Pdss2",0.0548781773236997,0.6308,"10","prenyl (solanesyl) diphosphate synthase, subunit 2"
"Fbxl18",0.0548357061115836,0.8016,"5","F-box and leucine-rich repeat protein 18"
"Nkain2",-0.054818757759115,0.568,"10","Na+/K+ transporting ATPase interacting 2"
"Ankrd42",-0.0547900932094123,0.8112,"7","ankyrin repeat domain 42"
"Bex2",-0.0547766968899257,0.8252,"X","brain expressed X-linked 2"
"Pdia5",0.05476538314354,0.8456,"16","protein disulfide isomerase associated 5"
"Phf20",0.054725211881256,0.7076,"2","PHD finger protein 20"
"Acadm",-0.0547041749302011,0.516,"3","acyl-Coenzyme A dehydrogenase, medium chain"
"Plekha2",0.054675801139382,0.7828,"8","pleckstrin homology domain-containing, family A (phosphoinositide binding specific) member 2"
"Slc35a2",0.0546351880218037,0.5616,"X","solute carrier family 35 (UDP-galactose transporter), member A2"
"Me1",0.0545880618554015,0.6952,"9","malic enzyme 1, NADP(+)-dependent, cytosolic"
"Riok1",-0.0545746326399503,0.5368,"13","RIO kinase 1"
"E130308A19Rik",0.0545517560095972,0.6316,"4","RIKEN cDNA E130308A19 gene"
"Anxa2",0.0545086150419767,0.8732,"9","annexin A2"
"Mcat",0.0544994219171975,0.7528,"15","malonyl CoA:ACP acyltransferase (mitochondrial)"
"Nop16",0.0544795212576457,0.8324,"13","NOP16 nucleolar protein"
"Shld2",-0.0544694958576832,0.8292,"14","shieldin complex subunit 2"
"Ubtf",0.0544477110055928,0.6492,"11","upstream binding transcription factor, RNA polymerase I"
"Zfp2",0.0544407374018845,0.4472,"11","zinc finger protein 2"
"Tmem130",0.0544063508225694,0.7044,"5","transmembrane protein 130"
"Slc35f4",0.0543767662280334,0.5488,"14","solute carrier family 35, member F4"
"Nt5c2",0.0543755177609526,0.6764,"19","5'-nucleotidase, cytosolic II"
"Bcam",0.0543685948935795,0.7868,"7","basal cell adhesion molecule"
"Adk",-0.0543561705933566,0.5704,"14","adenosine kinase"
"Wwc1",0.0542902967320771,0.656,"11","WW, C2 and coiled-coil domain containing 1"
"Cfl1",0.0542754554284866,0.808,"19","cofilin 1, non-muscle"
"Aplp2",-0.0542686346525993,0.248,"9","amyloid beta (A4) precursor-like protein 2"
"Metap2",0.0542472762302504,0.2812,"10","methionine aminopeptidase 2"
"Cys1",-0.0542404333487383,0.8388,"12","cystin 1"
"Ncoa3",-0.0541883068041589,0.6748,"2","nuclear receptor coactivator 3"
"Sh2b3",-0.0541661252454082,0.5284,"5","SH2B adaptor protein 3"
"Eif1ax",-0.0541549743733833,0.5704,"X","eukaryotic translation initiation factor 1A, X-linked"
"Ywhag",-0.0541492708460964,0.556,"5","tyrosine 3-monooxygenase/tryptophan 5-monooxygenase activation protein, gamma polypeptide"
"Dnajc9",-0.0541378983091043,0.6048,"14","DnaJ heat shock protein family (Hsp40) member C9"
"Supv3l1",-0.0541001735283331,0.6328,"10","suppressor of var1, 3-like 1 (S. cerevisiae)"
"Dlg4",0.0540996624982188,0.8188,"11","discs large MAGUK scaffold protein 4"
"Naa50",-0.0540848793987081,0.6804,"16","N(alpha)-acetyltransferase 50, NatE catalytic subunit"
"Ankdd1b",-0.0540656682892537,0.776,"13","ankyrin repeat and death domain containing 1B"
"Ciao2a",0.0540634390283663,0.894,"9","cytosolic iron-sulfur assembly component 2A"
"4931406C07Rik",0.0540629030947679,0.6792,"9","RIKEN cDNA 4931406C07 gene"
"Mrpl18",-0.0540474049934607,0.6416,"17","mitochondrial ribosomal protein L18"
"Zbtb48",0.0540430363290354,0.8376,"4","zinc finger and BTB domain containing 48"
"Tsg101",-0.0540166817164041,0.6832,"7","tumor susceptibility gene 101"
"Nacc2",0.053998542920402,0.8436,"2","nucleus accumbens associated 2, BEN and BTB (POZ) domain containing"
"Map3k7",-0.0539777158559955,0.402,"4","mitogen-activated protein kinase kinase kinase 7"
"Pnrc2",-0.0539468471580697,0.5616,"4","proline-rich nuclear receptor coactivator 2"
"Brd3os",0.0539448444098376,0.7116,"2","bromodomain containing 3, opposite strand"
"Pcgf1",0.0539208300234142,0.7616,"6","polycomb group ring finger 1"
"Tspyl1",-0.0538680830198937,0.8604,"10","testis-specific protein, Y-encoded-like 1"
"Dusp22",0.0538643000564099,0.6028,"13","dual specificity phosphatase 22"
"Samd1",0.0538172691733037,0.802,"8","sterile alpha motif domain containing 1"
"Kcnd1",0.0538025628223999,0.7944,"X","potassium voltage-gated channel, Shal-related family, member 1"
"Adcyap1r1",-0.053795343153662,0.5864,"6","adenylate cyclase activating polypeptide 1 receptor 1"
"Nkx2-2",-0.0537597995579611,0.708,"2","NK2 homeobox 2"
"Nek9",0.0537189103671372,0.5132,"12","NIMA (never in mitosis gene a)-related expressed kinase 9"
"Cd63",0.0537033868606054,0.8192,"10","CD63 antigen"
"Stau1",-0.0536889745704068,0.2792,"2","staufen double-stranded RNA binding protein 1"
"Tubgcp5",0.05365991957644,0.844,"7","tubulin, gamma complex associated protein 5"
"Tspan9",-0.0536526877925194,0.8068,"6","tetraspanin 9"
"Slc19a1",-0.053636453626853,0.7464,"10","solute carrier family 19 (folate transporter), member 1"
"Nsun2",0.0536362259776437,0.4196,"13","NOL1/NOP2/Sun domain family member 2"
"Ndel1",-0.0536288532897577,0.6008,"11","nudE neurodevelopment protein 1 like 1"
"Hus1",-0.0536200470226462,0.368,"11","HUS1 checkpoint clamp component"
"Amacr",0.0535758007260916,0.6584,"15","alpha-methylacyl-CoA racemase"
"Hnrnpdl",-0.0535746010788172,0.592,"5","heterogeneous nuclear ribonucleoprotein D-like"
"Lrsam1",0.0535597577571396,0.6564,"2","leucine rich repeat and sterile alpha motif containing 1"
"Tmem18",-0.0535482176412323,0.5164,"12","transmembrane protein 18"
"Gdf11",0.0535398424861855,0.6596,"10","growth differentiation factor 11"
"Erich1",0.0535280030432101,0.78,"8","glutamate rich 1"
"Tie1",-0.0535062590325284,0.8232,"4","tyrosine kinase with immunoglobulin-like and EGF-like domains 1"
"Mrps22",-0.0535032435308147,0.6684,"9","mitochondrial ribosomal protein S22"
"Btbd3",0.053496300460564,0.6864,"2","BTB (POZ) domain containing 3"
"Emc2",-0.0534698222828105,0.6096,"15","ER membrane protein complex subunit 2"
"Brd2",0.0534294913793358,0.4524,"17","bromodomain containing 2"
"Katnbl1",0.053411328829557,0.4888,"2","katanin p80 subunit B like 1"
"Nqo2",-0.0534046655014886,0.546,"13","N-ribosyldihydronicotinamide quinone reductase 2"
"Arhgef3",-0.0533989661113958,0.4084,"14","Rho guanine nucleotide exchange factor (GEF) 3"
"BC003965",0.053389808819448,0.66,"17","cDNA sequence BC003965"
"Alas1",-0.0533274727584141,0.6688,"9","aminolevulinic acid synthase 1"
"Tmed2",0.0533082874678437,0.6704,"5","transmembrane p24 trafficking protein 2"
"Rfk",0.0532956050894446,0.528,"19","riboflavin kinase"
"Ppp2r5e",-0.0532901890350601,0.6404,"12","protein phosphatase 2, regulatory subunit B', epsilon"
"Marcksl1",0.0532679977394848,0.8076,"4","MARCKS-like 1"
"Clba1",0.0531825435701823,0.7484,"12","clathrin binding box of aftiphilin containing 1"
"Lonrf2",-0.0531438619827602,0.694,"1","LON peptidase N-terminal domain and ring finger 2"
"Sumo1",0.0531211233612918,0.5316,"1","small ubiquitin-like modifier 1"
"Aldh2",0.0531027665947255,0.6896,"5","aldehyde dehydrogenase 2, mitochondrial"
"Map2k5",0.0530767134718388,0.5004,"9","mitogen-activated protein kinase kinase 5"
"Med1",-0.0530615279155455,0.7936,"11","mediator complex subunit 1"
"Rgs8",0.0530403469989862,0.588,"1","regulator of G-protein signaling 8"
"Kin",-0.0529862116116284,0.7328,"2","Kin17 DNA and RNA binding protein"
"Pitpnb",0.0529696162900164,0.7632,"5","phosphatidylinositol transfer protein, beta"
"Trabd",0.0529431959253364,0.6168,"15","TraB domain containing"
"Pum2",-0.0528834419213373,0.4892,"12","pumilio RNA-binding family member 2"
"Ubl7",0.0528480466312491,0.8032,"9","ubiquitin-like 7 (bone marrow stromal cell-derived)"
"Zfp109",0.052847530194269,0.9152,"7","zinc finger protein 109"
"Septin8",-0.0528432943846511,0.278,"11","septin 8"
"Rabggta",0.05284034645386,0.5368,"14","Rab geranylgeranyl transferase, a subunit"
"1810037I17Rik",0.0528351330445451,0.8276,"3","RIKEN cDNA 1810037I17 gene"
"Phldb1",0.0528319518344755,0.7564,"9","pleckstrin homology like domain, family B, member 1"
"Mboat2",-0.0528277465810207,0.7616,"12","membrane bound O-acyltransferase domain containing 2"
"Anapc15",0.0528120932582765,0.8252,"7","anaphase promoting complex C subunit 15"
"Txndc15",0.0527896959269976,0.6888,"13","thioredoxin domain containing 15"
"Atg2a",0.0527629970373864,0.736,"19","autophagy related 2A"
"Fhdc1",-0.052748614630127,0.6616,"3","FH2 domain containing 1"
"Bhlhe22",-0.0527301929595696,0.7788,"3","basic helix-loop-helix family, member e22"
"Zbtb40",-0.0526440566633886,0.7376,"4","zinc finger and BTB domain containing 40"
"Rabep1",0.0525977612598938,0.6336,"11","rabaptin, RAB GTPase binding effector protein 1"
"Saal1",0.0525797600225859,0.6692,"7","serum amyloid A-like 1"
"Npr2",0.0525703724614353,0.65,"4","natriuretic peptide receptor 2"
"Med7",-0.0525680194618445,0.5696,"11","mediator complex subunit 7"
"Smg8",-0.0525615189670257,0.8052,"11","SMG8 nonsense mediated mRNA decay factor"
"Mtss1",0.0525460963933497,0.7492,"15","MTSS I-BAR domain containing 1"
"Galnt3",0.0525269398326538,0.8292,"2","polypeptide N-acetylgalactosaminyltransferase 3"
"Stxbp2",0.0525256431019461,0.8004,"8","syntaxin binding protein 2"
"Arhgef28",0.0525185309633081,0.6056,"13","Rho guanine nucleotide exchange factor (GEF) 28"
"Rmc1",-0.0524989217325986,0.7488,"18","regulator of MON1-CCZ1"
"Ddx41",0.0524785498181854,0.7424,"13","DEAD box helicase 41"
"Tmem263",-0.0524718245219722,0.7444,"10","transmembrane protein 263"
"Rnf19a",0.0524533573602053,0.7988,"15","ring finger protein 19A"
"Sgsm3",0.052427982403799,0.5604,"15","small G protein signaling modulator 3"
"Dnah1",-0.0524154879829686,0.6532,"14","dynein, axonemal, heavy chain 1"
"Morc3",-0.0524079039925383,0.8532,"16","microrchidia 3"
"Nefl",0.0523901543510146,0.2668,"14","neurofilament, light polypeptide"
"Fem1b",-0.0523589106374516,0.706,"9","fem 1 homolog b"
"Lsr",-0.0523078664949672,0.8268,"7","lipolysis stimulated lipoprotein receptor"
"Acot8",-0.0522703791896397,0.782,"2","acyl-CoA thioesterase 8"
"Ube2h",0.0522082610402128,0.4392,"6","ubiquitin-conjugating enzyme E2H"
"Zdhhc6",-0.0521853526849494,0.5936,"19","zinc finger, DHHC domain containing 6"
"Pfn4",0.0521757370224374,0.892,"12","profilin family, member 4"
"Sox4",-0.0521479983287119,0.488,"13","SRY (sex determining region Y)-box 4"
"Rrs1",-0.0521384500117694,0.94,"1","ribosome biogenesis regulator 1"
"Mov10",0.0521292023888735,0.9024,"3","Mov10 RISC complex RNA helicase"
"Socs2",0.0521177432418511,0.6532,"10","suppressor of cytokine signaling 2"
"Polr3c",0.0521169947087685,0.5908,"3","polymerase (RNA) III (DNA directed) polypeptide C"
"Zfp382",-0.0521158944912177,0.7504,"7","zinc finger protein 382"
"Smc4",-0.0521004571476258,0.802,"3","structural maintenance of chromosomes 4"
"Plekhg2",-0.0521001964848429,0.7996,"7","pleckstrin homology domain containing, family G (with RhoGef domain) member 2"
"Iqcc",0.0520894429152188,0.5604,"4","IQ motif containing C"
"Zfp488",0.0520740256754997,0.8376,"14","zinc finger protein 488"
"Atp6ap1",-0.0520687951710972,0.5664,"X","ATPase, H+ transporting, lysosomal accessory protein 1"
"Csf3r",-0.0520584542822708,0.9276,"4","colony stimulating factor 3 receptor (granulocyte)"
"Hdac7",0.0520281225233026,0.8136,"15","histone deacetylase 7"
"Trmt11",-0.0520262829799929,0.7516,"10","tRNA methyltransferase 11"
"Lpp",-0.0520123345464154,0.8508,"16","LIM domain containing preferred translocation partner in lipoma"
"Cc2d2a",-0.0520081325712782,0.8096,"5","coiled-coil and C2 domain containing 2A"
"Pdcd4",-0.0519356331379077,0.5652,"19","programmed cell death 4"
"Elovl4",-0.0519262811393366,0.4688,"9","elongation of very long chain fatty acids (FEN1/Elo2, SUR4/Elo3, yeast)-like 4"
"Fgd5",-0.0519024838674915,0.8124,"6","FYVE, RhoGEF and PH domain containing 5"
"Polr1b",-0.0519005456525821,0.4956,"2","polymerase (RNA) I polypeptide B"
"Efna3",0.0519004240289282,0.7076,"3","ephrin A3"
"Zfp59",-0.0518962889931971,0.6556,"7","zinc finger protein 59"
"Scd1",0.0517711229893845,0.7708,"19","stearoyl-Coenzyme A desaturase 1"
"Tmem39b",0.0517515185614315,0.7136,"4","transmembrane protein 39b"
"Rps6ka1",0.0517309236406676,0.7812,"4","ribosomal protein S6 kinase polypeptide 1"
"Crtap",0.051724816636016,0.5752,"9","cartilage associated protein"
"Samhd1",0.0517035567034139,0.6688,"2","SAM domain and HD domain, 1"
"Uxt",0.0516851284933759,0.7816,"X","ubiquitously expressed prefoldin like chaperone"
"Ddhd1",-0.0516832684663493,0.6288,"14","DDHD domain containing 1"
"Bms1",-0.0516664025770179,0.7816,"6","BMS1, ribosome biogenesis factor"
"Tars",-0.0516184928364156,0.5704,"15","threonyl-tRNA synthetase"
"Clip3",-0.051612689424136,0.6116,"7","CAP-GLY domain containing linker protein 3"
"Dlgap2",-0.0516027080963548,0.8256,"8","DLG associated protein 2"
"Mpp1",0.0516009654677463,0.3688,"X","membrane protein, palmitoylated"
"Magoh",0.0515989037498761,0.7712,"4","mago homolog, exon junction complex core component"
"Atp13a1",0.051591154266184,0.6384,"8","ATPase type 13A1"
"Tbc1d12",-0.0515588567615977,0.65,"19","TBC1D12: TBC1 domain family, member 12"
"Alg5",0.0514846022642939,0.6196,"3","asparagine-linked glycosylation 5 (dolichyl-phosphate beta-glucosyltransferase)"
"Pmpcb",-0.0514781011514556,0.5984,"5","peptidase (mitochondrial processing) beta"
"Fam220a",0.0514663711023235,0.6388,"5","family with sequence similarity 220, member A"
"Fam220a",0.0514663711023235,0.6388,"5","family with sequence similarity 220, member A"
"Fam220a",0.0514663711023235,0.6388,"5","family with sequence similarity 220, member A"
"Fam220a",0.0514663711023235,0.6388,"5","family with sequence similarity 220, member A"
"Rbm10",-0.0514600992731609,0.6916,"X","RNA binding motif protein 10"
"Thap12",0.0514412927269676,0.5056,"7","THAP domain containing 12"
"Ankrd16",0.051424599348123,0.7668,"2","ankyrin repeat domain 16"
"Actr6",-0.0513436255673496,0.8328,"10","ARP6 actin-related protein 6"
"Map2k1",-0.0513422192942521,0.984,"9","mitogen-activated protein kinase kinase 1"
"Idua",0.0513018948738635,0.7416,"5","iduronidase, alpha-L"
"Napg",-0.0512685788341418,0.798,"18","N-ethylmaleimide sensitive fusion protein attachment protein gamma"
"Fkrp",0.0512425959414369,0.622,"7","fukutin related protein"
"Rims4",-0.0512098300288835,0.846,"2","regulating synaptic membrane exocytosis 4"
"Lrrfip1",0.0511586103698027,0.732,"1","leucine rich repeat (in FLII) interacting protein 1"
"Snx10",-0.051147629215313,0.8732,"6","sorting nexin 10"
"Rbbp4",0.0511130155990767,0.4992,"4","retinoblastoma binding protein 4, chromatin remodeling factor"
"Wdr36",-0.0510471295799348,0.7872,"18","WD repeat domain 36"
"Abcc4",-0.0510387369353413,0.8352,"14","ATP-binding cassette, sub-family C (CFTR/MRP), member 4"
"Gad1",-0.0510367671019516,0.7468,"2","glutamate decarboxylase 1"
"Trim67",0.0509041227603002,0.7756,"8","tripartite motif-containing 67"
"Ucp2",0.0508938139683561,0.7676,"7","uncoupling protein 2 (mitochondrial, proton carrier)"
"Ptbp1",-0.0508818490726739,0.7292,"10","polypyrimidine tract binding protein 1"
"Zmiz2",0.0508802684543479,0.8084,"11","zinc finger, MIZ-type containing 2"
"Chn1",-0.0508599447338547,0.6832,"2","chimerin 1"
"Gak",-0.050769979407006,0.1872,"5","cyclin G associated kinase"
"Igf2bp3",-0.0507443559633209,0.8624,"6","insulin-like growth factor 2 mRNA binding protein 3"
"Cog7",-0.050741787390022,0.5124,"7","component of oligomeric golgi complex 7"
"Dusp19",-0.0507312546028142,0.6364,"2","dual specificity phosphatase 19"
"Haus2",0.0507232361252772,0.6488,"2","HAUS augmin-like complex, subunit 2"
"Utp25",0.0507223631045806,0.6456,"1","UTP25 small subunit processome component"
"Usp21",0.050721919428053,0.6708,"1","ubiquitin specific peptidase 21"
"Nsg2",-0.0507084675592271,0.5696,"11","neuron specific gene family member 2"
"Ube2b",-0.0507067095974101,0.6452,"11","ubiquitin-conjugating enzyme E2B"
"Zfp853",-0.050675475346448,0.7564,"5","zinc finger protein 853"
"Wscd2",0.0506681159570972,0.7216,"5","WSC domain containing 2"
"Tcf20",-0.0506516480015087,0.8304,"15","transcription factor 20"
"Senp2",0.0506404148952626,0.5156,"16","SUMO/sentrin specific peptidase 2"
"Zfp317",-0.0505971249984398,0.5044,"9","zinc finger protein 317"
"Trappc13",-0.0505936424075015,0.6856,"13","trafficking protein particle complex 13"
"Prkra",0.0505478386789875,0.8016,"2","protein kinase, interferon inducible double stranded RNA dependent activator"
"F11r",-0.0505464373084841,0.91,"1","F11 receptor"
"Nemf",-0.0505448618861406,0.7312,"12","nuclear export mediator factor"
"Ezh2",0.050544175510546,0.7356,"6","enhancer of zeste 2 polycomb repressive complex 2 subunit"
"Hspb8",0.0505044938707577,0.7244,"5","heat shock protein 8"
"Mrrf",-0.0504818033117873,0.7064,"2","mitochondrial ribosome recycling factor"
"Mllt11",0.050448888221192,0.6612,"3","myeloid/lymphoid or mixed-lineage leukemia; translocated to, 11"
"Cmpk1",-0.0504360997603515,0.6672,"4","cytidine monophosphate (UMP-CMP) kinase 1"
"Ostf1",-0.0504333688195513,0.63,"19","osteoclast stimulating factor 1"
"Epb41",-0.0503953048585517,0.7908,"4","erythrocyte membrane protein band 4.1"
"Oat",-0.0503939067370798,0.6264,"7","ornithine aminotransferase"
"Esam",0.0503754596709607,0.7368,"9","endothelial cell-specific adhesion molecule"
"Sipa1",-0.050343684907455,0.812,"19","signal-induced proliferation associated gene 1"
"Lgi2",-0.0503101521273601,0.9452,"5","leucine-rich repeat LGI family, member 2"
"Sphk2",0.0502997546725661,0.6108,"7","sphingosine kinase 2"
"Fndc3b",-0.0502975374407284,0.8896,"3","fibronectin type III domain containing 3B"
"Leprotl1",0.0502553334040181,0.5644,"8","leptin receptor overlapping transcript-like 1"
"Ints5",0.0502302569988045,0.684,"19","integrator complex subunit 5"
"Commd8",0.0502255055142333,0.6284,"5","COMM domain containing 8"
"Fam222a",0.0501975619125257,0.6752,"5","family with sequence similarity 222, member A"
"Dtx3",0.0501867339709499,0.7804,"10","deltex 3, E3 ubiquitin ligase"
"Mylk",0.0501359095104394,0.8228,"16","myosin, light polypeptide kinase"
"Gid8",0.0500890014708739,0.63,"2","GID complex subunit 8"
"Vps45",0.0500839528749131,0.74,"3","vacuolar protein sorting 45"
"Zfp24",-0.0500734925521247,0.722,"18","zinc finger protein 24"
"Gm14326",-0.0500350283796269,0.8448,"2","predicted gene 14326"
"Gm14326",-0.0500350283796269,0.8448,"2","predicted gene 14326"
"Lpar6",-0.0499689624965081,0.79,"14","lysophosphatidic acid receptor 6"
"Mafg",0.0499512260867618,0.8244,"11","v-maf musculoaponeurotic fibrosarcoma oncogene family, protein G (avian)"
"Nectin1",0.0498765810551278,0.4396,"9","nectin cell adhesion molecule 1"
"Nck2",0.0498644946248001,0.6352,"1","non-catalytic region of tyrosine kinase adaptor protein 2"
"Bex3",0.0498476968619981,0.8116,"X","brain expressed X-linked 3"
"Pm20d2",0.0498473428703265,0.7016,"4","peptidase M20 domain containing 2"
"Stx17",0.0498468927345064,0.6152,"4","syntaxin 17"
"Faf2",-0.0498377706762634,0.6348,"13","Fas associated factor family member 2"
"Zc3hc1",0.0497558856995557,0.754,"6","zinc finger, C3HC type 1"
"Vim",0.0497287571143916,0.7176,"2","vimentin"
"Pelo",-0.0497105218241898,0.6316,"13","pelota mRNA surveillance and ribosome rescue factor"
"Desi2",-0.0497059344656883,0.8412,"1","desumoylating isopeptidase 2"
"Faim",0.0496112636539765,0.7924,"9","Fas apoptotic inhibitory molecule"
"Babam1",0.0495600784988719,0.6948,"8","BRISC and BRCA1 A complex member 1"
"Fam3c",-0.049531893200669,0.6172,"6","FAM3 metabolism regulating signaling molecule C"
"Exosc1",0.0495026947491084,0.7536,"19","exosome component 1"
"Ifnar2",-0.049502267824757,0.4976,"16","interferon (alpha and beta) receptor 2"
"Tlnrd1",0.0495002320855731,0.662,"7","talin rod domain containing 1"
"Armh4",0.0494979953699524,0.9184,"14","armadillo-like helical domain containing 4"
"Wdr46",0.0494938768720887,0.7912,"17","WD repeat domain 46"
"Osbp",0.049493764644108,0.5716,"19","oxysterol binding protein"
"Cwf19l1",-0.0494866569291506,0.4656,"19","CWF19-like 1, cell cycle control (S. pombe)"
"Bcat2",0.0494736485608001,0.8692,"7","branched chain aminotransferase 2, mitochondrial"
"Rbm18",-0.0494603710813823,0.6644,"2","RNA binding motif protein 18"
"Hectd4",-0.0494530056120386,0.8212,"5","HECT domain E3 ubiquitin protein ligase 4"
"Clu",0.049449286724295,0.7464,"14","clusterin"
"Ndufaf4",-0.0494253336438728,0.3292,"4","NADH:ubiquinone oxidoreductase complex assembly factor 4"
"Dars2",0.0494158778172515,0.5584,"1","aspartyl-tRNA synthetase 2 (mitochondrial)"
"Coq8b",0.0494063167781391,0.8556,"7","coenzyme Q8B"
"Hpcal1",0.0494026381810304,0.6552,"12","hippocalcin-like 1"
"Lsm14a",-0.0493494181987417,0.8904,"7","LSM14A mRNA processing body assembly factor"
"Cyp4f14",-0.0493480264653905,0.6096,"17","cytochrome P450, family 4, subfamily f, polypeptide 14"
"Cnnm2",0.0492997768716608,0.3672,"19","cyclin M2"
"Lrig1",0.0492986421642545,0.654,"6","leucine-rich repeats and immunoglobulin-like domains 1"
"Marf1",-0.0492798657915801,0.6252,"16","meiosis regulator and mRNA stability 1"
"Snrnp27",0.0492736281399768,0.7668,"6","small nuclear ribonucleoprotein 27 (U4/U6.U5)"
"Gin1",-0.0492661756063812,0.9512,"1","gypsy retrotransposon integrase 1"
"Rbm38",0.0492611915556571,0.8036,"2","RNA binding motif protein 38"
"Tmem50b",-0.0492243102665162,0.4876,"16","transmembrane protein 50B"
"Uchl3",-0.0492108000041469,0.7008,"14","ubiquitin carboxyl-terminal esterase L3 (ubiquitin thiolesterase)"
"Celf3",0.0492046783191551,0.708,"3","CUGBP, Elav-like family member 3"
"Cpt1a",-0.0492033888340337,0.8448,"19","carnitine palmitoyltransferase 1a, liver"
"Gfpt2",0.0491840201239673,0.6908,"11","glutamine fructose-6-phosphate transaminase 2"
"Mavs",0.049182526578857,0.724,"2","mitochondrial antiviral signaling protein"
"Asic4",0.0491320095606782,0.6404,"1","acid-sensing (proton-gated) ion channel family member 4"
"Pigl",-0.0491178597168873,0.7172,"11","phosphatidylinositol glycan anchor biosynthesis, class L"
"Spast",-0.0490395770986707,0.8648,"17","spastin"
"Phykpl",0.0490293906176649,0.774,"11","5-phosphohydroxy-L-lysine phospholyase"
"Zfp60",-0.0490241319991416,0.8972,"7","zinc finger protein 60"
"Smarcd1",0.0490080557888914,0.7308,"15","SWI/SNF related, matrix associated, actin dependent regulator of chromatin, subfamily d, member 1"
"Cyp7b1",0.0489601481411777,0.8316,"3","cytochrome P450, family 7, subfamily b, polypeptide 1"
"Id3",0.0489507570783125,0.7732,"4","inhibitor of DNA binding 3"
"Axin1",0.0489376631092178,0.5076,"17","axin 1"
"Jakmip1",-0.0489147953083178,0.6072,"5","janus kinase and microtubule interacting protein 1"
"Cep78",0.0488967058734913,0.6288,"19","centrosomal protein 78"
"Il18bp",-0.04889057444848,0.9264,"7","interleukin 18 binding protein"
"Ano6",-0.0488766311828082,0.7868,"15","anoctamin 6"
"Tvp23a",0.048874811542583,0.7348,"16","trans-golgi network vesicle protein 23A"
"Sesn2",0.048874074082272,0.5068,"4","sestrin 2"
"Nnt",0.0488668716272711,0.7468,"13","nicotinamide nucleotide transhydrogenase"
"Zfp952",-0.0488635200268179,0.6872,"17","zinc finger protein 952"
"Unc13a",-0.0488361972509139,0.6928,"8","unc-13 homolog A"
"Irf9",-0.0488251448051926,0.8148,"14","interferon regulatory factor 9"
"Rnf7",-0.0488063458388908,0.792,"9","ring finger protein 7"
"Usp7",-0.048800083666781,0.702,"16","ubiquitin specific peptidase 7"
"Rnf5",0.0487997236821975,0.86,"17","ring finger protein 5"
"Bcl2l11",0.0487710457149664,0.6816,"2","BCL2-like 11 (apoptosis facilitator)"
"Dennd5a",0.0487553624574684,0.6732,"7","DENN/MADD domain containing 5A"
"Ufd1",-0.0487403103316026,0.674,"16","ubiquitin recognition factor in ER-associated degradation 1"
"Pfas",-0.0487297492790502,0.8152,"11","phosphoribosylformylglycinamidine synthase (FGAR amidotransferase)"
"Mapk3",0.0487267239696632,0.86,"7","mitogen-activated protein kinase 3"
"Fan1",0.0487078632413542,0.774,"7","FANCD2/FANCI-associated nuclease 1"
"Rabl6",0.0487052691158807,0.7816,"2","RAB, member RAS oncogene family-like 6"
"Gnal",-0.0487025190304688,0.5656,"18","guanine nucleotide binding protein, alpha stimulating, olfactory type"
"Smad7",0.0487010491440731,0.7192,"18","SMAD family member 7"
"Ssh2",-0.0486674621353673,0.7848,"11","slingshot protein phosphatase 2"
"Eda",-0.0486621448343381,0.7104,"X","ectodysplasin-A"
"Rbm19",0.0486571033538525,0.652,"5","RNA binding motif protein 19"
"Fkbp1a",-0.0486505684857441,0.7704,"2","FK506 binding protein 1a"
"Vav2",0.0486109503520655,0.7324,"2","vav 2 oncogene"
"Tspan14",0.0486091241690429,0.656,"14","tetraspanin 14"
"Smg6",-0.0486056599519875,0.5348,"11","SMG6 nonsense mediated mRNA decay factor"
"Ctsc",0.0485985858770586,0.898,"7","cathepsin C"
"Lig1",0.0485884466598403,0.8184,"7","ligase I, DNA, ATP-dependent"
"Adamts20",-0.0485817853148802,0.8004,"15","a disintegrin-like and metallopeptidase (reprolysin type) with thrombospondin type 1 motif, 20"
"Rell1",0.048466952275497,0.6952,"5","RELT-like 1"
"Mcu",0.0484475543193916,0.6952,"10","mitochondrial calcium uniporter"
"Agps",-0.0484357519106942,0.8224,"2","alkylglycerone phosphate synthase"
"Bag6",0.0484296486743752,0.778,"17","BCL2-associated athanogene 6"
"Sv2a",0.04842391998314,0.5964,"3","synaptic vesicle glycoprotein 2 a"
"Ptprn",0.0484035496050232,0.7348,"1","protein tyrosine phosphatase, receptor type, N"
"Ncbp1",-0.0483918189370209,0.4276,"4","nuclear cap binding protein subunit 1"
"Ciao1",-0.0483846447598202,0.7092,"2","cytosolic iron-sulfur protein assembly 1"
"Zc3h7b",0.0483706296181943,0.6236,"15","zinc finger CCCH type containing 7B"
"Mmgt1",-0.0483551746981608,0.4296,"X","membrane magnesium transporter 1"
"Ghr",0.0483469145870461,0.6468,"15","growth hormone receptor"
"Kif5b",-0.0483129648764447,0.4736,"18","kinesin family member 5B"
"Taf13",-0.0483038871030139,0.8552,"3","TATA-box binding protein associated factor 13"
"Phka1",0.0482838254550204,0.7372,"X","phosphorylase kinase alpha 1"
"Zfp420",-0.0482543418706882,0.7612,"7","zinc finger protein 420"
"Tatdn3",0.0482500017552652,0.8244,"1","TatD DNase domain containing 3"
"Eri2",-0.0482363826979282,0.836,"7","exoribonuclease 2"
"Tmem121b",0.0482346025165956,0.6968,"6","transmembrane protein 121B"
"Letmd1",0.0481798651160243,0.748,"15","LETM1 domain containing 1"
"Tmem165",-0.0481764222716929,0.9456,"5","transmembrane protein 165"
"Arhgef10",0.0481581760278962,0.7016,"8","Rho guanine nucleotide exchange factor (GEF) 10"
"Pcbp3",0.0481442005957273,0.5108,"10","poly(rC) binding protein 3"
"Sox1",0.0481306784760478,0.5836,"8","SRY (sex determining region Y)-box 1"
"Champ1",-0.0480943781519994,0.6304,"8","chromosome alignment maintaining phosphoprotein 1"
"Gcc1",-0.0480809272887539,0.7496,"6","golgi coiled coil 1"
"Pcdhga6",-0.0480450847770335,0.9216,"18","protocadherin gamma subfamily A, 6"
"Fndc8",0.0480404889780841,0.7996,"11","fibronectin type III domain containing 8"
"Fmo1",-0.0480368688280706,0.7112,"1","flavin containing monooxygenase 1"
"A930005H10Rik",0.0480360782945519,0.8668,"3","RIKEN cDNA A930005H10 gene"
"Dnajb12",-0.0480108663501699,0.5332,"10","DnaJ heat shock protein family (Hsp40) member B12"
"Tafa1",0.0480028408590751,0.6452,"6","TAFA chemokine like family member 1"
"Cbr1",0.0479859805836433,0.7144,"16","carbonyl reductase 1"
"Rassf8",0.047976563767361,0.392,"6","Ras association (RalGDS/AF-6) domain family (N-terminal) member 8"
"Resp18",0.0479491457935248,0.8128,"1","regulated endocrine-specific protein 18"
"Me2",-0.047949053900644,0.6932,"18","malic enzyme 2, NAD(+)-dependent, mitochondrial"
"Stx12",-0.0479384093769584,0.724,"4","syntaxin 12"
"Map3k5",0.0479230771150405,0.6968,"10","mitogen-activated protein kinase kinase kinase 5"
"Gdi2",-0.0478954567320411,0.6396,"13","guanosine diphosphate (GDP) dissociation inhibitor 2"
"Foxo6",0.0478910325918127,0.866,"4","forkhead box O6"
"Dok6",-0.0478858231323365,0.4992,"18","docking protein 6"
"Cdc5l",-0.0478439766609409,0.7772,"17","cell division cycle 5-like (S. pombe)"
"Cend1",0.0478413740319095,0.6148,"7","cell cycle exit and neuronal differentiation 1"
"Repin1",0.0478241819446561,0.6944,"6","replication initiator 1"
"Lamb1",-0.0478167942266277,0.7984,"12","laminin B1"
"Zmpste24",-0.0478083959590521,0.6164,"4","zinc metallopeptidase, STE24"
"Mon1b",-0.0478080781841248,0.7468,"8","MON1 homolog B, secretory traffciking associated"
"Acer3",-0.0477886452178029,0.79,"7","alkaline ceramidase 3"
"Tmem216",-0.0477458453619686,0.8476,"19","transmembrane protein 216"
"Pomk",0.0477407986760117,0.5344,"8","protein-O-mannose kinase"
"Bcl2l13",-0.0477295429050235,0.56,"6","BCL2-like 13 (apoptosis facilitator)"
"Igf1",0.0476312839973487,0.6192,"10","insulin-like growth factor 1"
"Ccdc32",-0.0476255498124898,0.7708,"2","coiled-coil domain containing 32"
"Tax1bp1",-0.0476041405611491,0.742,"6","Tax1 (human T cell leukemia virus type I) binding protein 1"
"Efna2",0.0475950263894971,0.7544,"10","ephrin A2"
"St3gal4",0.0475815132157562,0.8072,"9","ST3 beta-galactoside alpha-2,3-sialyltransferase 4"
"Gng3",0.0475737040212953,0.7928,"19","guanine nucleotide binding protein (G protein), gamma 3"
"Hspa1l",0.0475697801213801,0.7184,"17","heat shock protein 1-like"
"Ggh",-0.0475441374830763,0.84,"4","gamma-glutamyl hydrolase"
"Cnot9",0.0475363569576936,0.6436,"1","CCR4-NOT transcription complex, subunit 9"
"Tapbp",0.0475050802116463,0.7284,"17","TAP binding protein"
"Gpld1",-0.0474943208122616,0.7556,"13","glycosylphosphatidylinositol specific phospholipase D1"
"Ina",-0.0474817876493709,0.7864,"19","internexin neuronal intermediate filament protein, alpha"
"Tmem143",0.047473079955207,0.7412,"7","transmembrane protein 143"
"Rgs9",0.0474691491202641,0.7384,"11","regulator of G-protein signaling 9"
"Rgmb",0.0474380160833858,0.4708,"17","repulsive guidance molecule family member B"
"Kcna2",-0.0474371494227439,0.808,"3","potassium voltage-gated channel, shaker-related subfamily, member 2"
"Actn4",0.0474175624053332,0.5448,"7","actinin alpha 4"
"Slc39a6",-0.0474051756299643,0.774,"18","solute carrier family 39 (metal ion transporter), member 6"
"Guf1",-0.0473822555590893,0.7044,"5","GUF1 homolog, GTPase"
"Cdkal1",-0.0473604710868369,0.5752,"13","CDK5 regulatory subunit associated protein 1-like 1"
"Mrps35",0.0473575411229898,0.734,"6","mitochondrial ribosomal protein S35"
"Lct",-0.0473348672510818,0.5208,"1","lactase"
"Eif3l",0.047328948731189,0.6172,"15","eukaryotic translation initiation factor 3, subunit L"
"Tex2",-0.0473164882530082,0.6012,"11","testis expressed gene 2"
"Col5a2",-0.0473126203375265,0.828,"1","collagen, type V, alpha 2"
"Msl3l2",-0.0473086295568854,0.7444,"10","MSL3 like 2"
"Myh15",0.0472989189464541,0.8668,"16","myosin, heavy chain 15"
"Mgat3",0.0472987156499389,0.4164,"15","mannoside acetylglucosaminyltransferase 3"
"Isca2",-0.0472674405772695,0.808,"12","iron-sulfur cluster assembly 2"
"Pdzd8",-0.0472575661285362,0.8068,"19","PDZ domain containing 8"
"Fech",-0.0472536800881862,0.6596,"18","ferrochelatase"
"Pgrmc2",0.0472314005010768,0.5548,"3","progesterone receptor membrane component 2"
"Smim14",0.0471693717277049,0.6476,"5","small integral membrane protein 14"
"Ganab",-0.0471496704849441,0.3352,"19","alpha glucosidase 2 alpha neutral subunit"
"Atf6",-0.0471079597834692,0.7516,"1","activating transcription factor 6"
"Zfp90",0.047101702931021,0.69,"8","zinc finger protein 90"
"C130026L21Rik",0.0470912131133407,0.738,"5","RIKEN cDNA C130026L21 gene"
"Plscr3",0.0470696230450356,0.6784,"11","phospholipid scramblase 3"
"Top3b",0.0470683601696695,0.638,"16","topoisomerase (DNA) III beta"
"Mybbp1a",0.0470411160309583,0.7492,"11","MYB binding protein (P160) 1a"
"Sf3b2",0.047019278484818,0.4672,"19","splicing factor 3b, subunit 2"
"Tiprl",-0.0469480697003721,0.6504,"1","TIP41, TOR signalling pathway regulator-like (S. cerevisiae)"
"Safb",-0.0469233776875173,0.7152,"17","scaffold attachment factor B"
"Zfp287",-0.0469219445490481,0.7036,"11","zinc finger protein 287"
"Blcap",0.0468851993580763,0.488,"2","bladder cancer associated protein"
"Ankrd10",0.0468743725779506,0.7696,"8","ankyrin repeat domain 10"
"Plxna1",-0.0468326201685514,0.7068,"6","plexin A1"
"Ddb1",0.0468269442972833,0.7568,"19","damage specific DNA binding protein 1"
"Bsg",0.0468002075816845,0.5208,"10","basigin"
"Nosip",0.0467982355757988,0.7664,"7","nitric oxide synthase interacting protein"
"Pdcd11",0.0467833071992478,0.6864,"19","programmed cell death 11"
"Coq8a",0.0467579188008065,0.4648,"1","coenzyme Q8A"
"Tpd52l2",0.046748049730768,0.5864,"2","tumor protein D52-like 2"
"Ift122",-0.0467065250617145,0.522,"6","intraflagellar transport 122"
"5330434G04Rik",-0.0466999855168002,0.9052,"X","RIKEN cDNA 5330434G04 gene"
"Smad4",-0.0466949811486961,0.6388,"18","SMAD family member 4"
"Haus1",0.0466686051193816,0.742,"18","HAUS augmin-like complex, subunit 1"
"Rpia",0.0466125177683119,0.8124,"6","ribose 5-phosphate isomerase A"
"Mir22hg",-0.0466079435406197,0.9316,"11","Mir22 host gene (non-protein coding)"
"Ajap1",-0.0466077084173238,0.5968,"4","adherens junction associated protein 1"
"Cul1",0.04659880744682,0.3292,"6","cullin 1"
"Ran",0.0465791607284736,0.7404,"5","RAN, member RAS oncogene family"
"Ankrd49",-0.0465614809545034,0.7572,"9","ankyrin repeat domain 49"
"Kcna1",-0.0465560069019668,0.7348,"6","potassium voltage-gated channel, shaker-related subfamily, member 1"
"Tbc1d19",-0.0464791064912289,0.4848,"5","TBC1 domain family, member 19"
"Pla2g7",0.0464769516128269,0.8244,"17","phospholipase A2, group VII (platelet-activating factor acetylhydrolase, plasma)"
"Cox18",0.0464276401734143,0.6816,"5","cytochrome c oxidase assembly protein 18"
"Tub",-0.0463931421343506,0.762,"7","tubby bipartite transcription factor"
"Slc44a1",0.0463930695081318,0.6412,"4","solute carrier family 44, member 1"
"Dis3l",0.0463588189844906,0.7064,"9","DIS3 like exosome 3'-5' exoribonuclease"
"Mlip",0.0463402879976469,0.732,"9","muscular LMNA-interacting protein"
"Tmem128",0.0463396347691298,0.7436,"5","transmembrane protein 128"
"Nckipsd",0.046333998921976,0.7276,"9","NCK interacting protein with SH3 domain"
"Brat1",0.0463127345433465,0.58,"5","BRCA1-associated ATM activator 1"
"Rela",-0.0463068809290403,0.826,"19","v-rel reticuloendotheliosis viral oncogene homolog A (avian)"
"Etv4",-0.046276123438727,0.7552,"11","ets variant 4"
"Isca1",0.0462586721883742,0.6596,"13","iron-sulfur cluster assembly 1"
"Nim1k",0.0462496061676427,0.6152,"13","NIM1 serine/threonine protein kinase"
"Zfp282",0.0461401630827307,0.3396,"6","zinc finger protein 282"
"Abt1",0.0461314892393916,0.8132,"13","activator of basal transcription 1"
"Plekhg5",-0.0461099654493173,0.7552,"4","pleckstrin homology domain containing, family G (with RhoGef domain) member 5"
"Afap1l2",-0.0460891273551098,0.844,"19","actin filament associated protein 1-like 2"
"Btbd19",-0.0460167929204576,0.8904,"4","BTB (POZ) domain containing 19"
"Ccdc181",0.0460161969640129,0.8412,"1","coiled-coil domain containing 181"
"Trim46",0.0459357893636234,0.7668,"3","tripartite motif-containing 46"
"Bccip",0.0459356393919057,0.7148,"7","BRCA2 and CDKN1A interacting protein"
"Tbc1d14",0.0459143429854727,0.6224,"5","TBC1 domain family, member 14"
"Tbc1d30",-0.0459000740081894,0.6672,"10","TBC1 domain family, member 30"
"Foxk2",0.0459000237844149,0.4964,"11","forkhead box K2"
"Ak2",0.0458906091334512,0.752,"4","adenylate kinase 2"
"Bcas2",0.0458644203710161,0.6996,"3","BCAS2 pre-mRNA processing factor"
"Arhgap44",0.0458385162705701,0.4556,"11","Rho GTPase activating protein 44"
"2310061I04Rik",-0.0458114565014203,0.6944,"17","RIKEN cDNA 2310061I04 gene"
"Vac14",0.0458104469705285,0.6988,"8","Vac14 homolog (S. cerevisiae)"
"Dnajc2",0.045792923720871,0.59,"5","DnaJ heat shock protein family (Hsp40) member C2"
"Lrrc75b",0.0457700630571649,0.6948,"10","leucine rich repeat containing 75B"
"Ogfrl1",0.04575490477934,0.666,"1","opioid growth factor receptor-like 1"
"1500004A13Rik",0.0457444292850786,0.3896,"3","RIKEN cDNA 1500004A13 gene"
"Sfi1",0.0457349896335471,0.8624,"11","Sfi1 homolog, spindle assembly associated (yeast)"
"Zfp592",-0.0457252344864036,0.504,"7","zinc finger protein 592"
"Notch2",-0.0457201807994965,0.916,"3","notch 2"
"Cep104",-0.04571985391794,0.89,"4","centrosomal protein 104"
"Stim1",0.0456634204243676,0.346,"7","stromal interaction molecule 1"
"E2f3",-0.0456604971779315,0.8852,"13","E2F transcription factor 3"
"Ints4",-0.0456582488251502,0.6732,"7","integrator complex subunit 4"
"Fasn",0.0456542376121725,0.8268,"11","fatty acid synthase"
"Cep97",-0.0456358722622854,0.6952,"16","centrosomal protein 97"
"Lyrm1",-0.0455867643572572,0.6316,"7","LYR motif containing 1"
"Srp19",0.0455862874917425,0.7716,"18","signal recognition particle 19"
"Zfp869",0.0455657524552162,0.314,"8","zinc finger protein 869"
"Uba5",0.0455640365511707,0.5616,"9","ubiquitin-like modifier activating enzyme 5"
"Ubr4",-0.0455522029994171,0.7992,"4","ubiquitin protein ligase E3 component n-recognin 4"
"Strip2",-0.0455317600169334,0.8976,"6","striatin interacting protein 2"
"Ice2",-0.0454837886221395,0.7668,"9","interactor of little elongation complex ELL subunit 2"
"Lrrfip2",-0.0454273188044878,0.724,"9","leucine rich repeat (in FLII) interacting protein 2"
"Ttn",-0.0453808111535361,0.9172,"2","titin"
"Dnaja3",0.0453624640932642,0.7768,"16","DnaJ heat shock protein family (Hsp40) member A3"
"Zbtb4",-0.0453506553895844,0.4888,"11","zinc finger and BTB domain containing 4"
"Trib2",0.0453314713369668,0.7476,"12","tribbles pseudokinase 2"
"Dnm2",0.0453112818979324,0.588,"9","dynamin 2"
"Lims2",-0.0452884218023026,0.86,"18","LIM and senescent cell antigen like domains 2"
"Slc20a2",-0.0452856636380536,0.3268,"8","solute carrier family 20, member 2"
"Lrrc27",0.0452632021240831,0.788,"7","leucine rich repeat containing 27"
"Plaat3",0.0452435931796007,0.8772,"19","phospholipase A and acyltransferase 3"
"Fsd1l",-0.045237641135909,0.818,"4","fibronectin type III and SPRY domain containing 1-like"
"Samd4",-0.0452327053180381,0.778,"14","sterile alpha motif domain containing 4"
"Tcof1",-0.0452120818903587,0.7228,"18","treacle ribosome biogenesis factor 1"
"Poli",-0.0451921647068367,0.6712,"18","polymerase (DNA directed), iota"
"Chac1",-0.0451697802813413,0.9224,"2","ChaC, cation transport regulator 1"
"Ccser1",0.0451668873655771,0.7296,"6","coiled-coil serine rich 1"
"Clip4",-0.0451500409163614,0.7192,"17","CAP-GLY domain containing linker protein family, member 4"
"Gnai2",0.0451488258877513,0.8048,"9","guanine nucleotide binding protein (G protein), alpha inhibiting 2"
"LTO1",0.0451350863540521,0.662,"7","ABCE maturation factor"
"Inafm2",-0.0451205245787909,0.6908,"2","InaF motif containing 2"
"Mast3",0.0451156125516921,0.7496,"8","microtubule associated serine/threonine kinase 3"
"Tesc",0.0450903417896455,0.8712,"5","tescalcin"
"Ube2v2",-0.045079342249827,0.8092,"16","ubiquitin-conjugating enzyme E2 variant 2"
"Pdpn",-0.0450743629017927,0.8116,"4","podoplanin"
"Sco1",-0.0450627317694718,0.5312,"11","SCO1 cytochrome c oxidase assembly protein"
"Zkscan17",0.0450482483647017,0.6964,"11","zinc finger with KRAB and SCAN domains 17"
"2900026A02Rik",0.045041861915819,0.7108,"5","RIKEN cDNA 2900026A02 gene"
"Rps6ka5",-0.0450385618171056,0.8224,"12","ribosomal protein S6 kinase, polypeptide 5"
"Khdrbs3",-0.0450338752396222,0.6984,"15","KH domain containing, RNA binding, signal transduction associated 3"
"Plekha7",-0.0450205965980262,0.7404,"7","pleckstrin homology domain containing, family A member 7"
"Trafd1",0.0449672848457716,0.6228,"5","TRAF type zinc finger domain containing 1"
"Eif3c",-0.0449637096436124,0.6368,"7","eukaryotic translation initiation factor 3, subunit C"
"Cers6",-0.0449571112671423,0.7052,"2","ceramide synthase 6"
"Utp4",-0.0449312336409049,0.6728,"8","UTP4 small subunit processome component"
"Zmym5",-0.0449272487674968,0.8608,"14","zinc finger, MYM-type 5"
"Nos3",-0.0449120337158946,0.9048,"5","nitric oxide synthase 3, endothelial cell"
"Chfr",-0.0448534258416196,0.6856,"5","checkpoint with forkhead and ring finger domains"
"Scpep1",-0.0448407765619168,0.5624,"11","serine carboxypeptidase 1"
"Slc12a5",-0.0448373686490573,0.6804,"2","solute carrier family 12, member 5"
"Krcc1",0.0448357829074899,0.7816,"6","lysine-rich coiled-coil 1"
"Strap",0.0448272762675916,0.6464,"6","serine/threonine kinase receptor associated protein"
"Iqsec1",0.0448258478136907,0.606,"6","IQ motif and Sec7 domain 1"
"Fam222b",-0.0447841878715867,0.2436,"11","family with sequence similarity 222, member B"
"Rilpl1",0.044782485313112,0.7336,"5","Rab interacting lysosomal protein-like 1"
"Lhfpl3",-0.0447535466589297,0.8144,"5","lipoma HMGIC fusion partner-like 3"
"Arpc2",-0.0447326144801856,0.6324,"1","actin related protein 2/3 complex, subunit 2"
"Smyd3",-0.0447237952201416,0.3552,"1","SET and MYND domain containing 3"
"Pgap3",0.0447173150844917,0.6004,"11","post-GPI attachment to proteins 3"
"Ckap4",-0.0447160524296635,0.6208,"10","cytoskeleton-associated protein 4"
"Scp2",0.0447073780522746,0.7464,"4","sterol carrier protein 2, liver"
"Hmgxb4",-0.0447024430647072,0.8756,"8","HMG box domain containing 4"
"Ext2",0.0446911887951877,0.4668,"2","exostosin glycosyltransferase 2"
"Tacc2",0.044690177463341,0.456,"7","transforming, acidic coiled-coil containing protein 2"
"Hdhd3",0.0446867822680457,0.7688,"4","haloacid dehalogenase-like hydrolase domain containing 3"
"Ripk1",0.0446810189244622,0.8228,"13","receptor (TNFRSF)-interacting serine-threonine kinase 1"
"Rimklb",0.0446343677486256,0.4936,"6","ribosomal modification protein rimK-like family member B"
"Kctd21",-0.0446144937977317,0.322,"7","potassium channel tetramerisation domain containing 21"
"Lrp1",-0.0446092605085493,0.8072,"10","low density lipoprotein receptor-related protein 1"
"Sap30",-0.044563789298858,0.7544,"8","sin3 associated polypeptide"
"Cnn3",-0.0445606673030685,0.6564,"3","calponin 3, acidic"
"Ecrg4",-0.0445578828938871,0.9476,"1","ECRG4 augurin precursor"
"Ptpn21",0.0445183304291894,0.7468,"12","protein tyrosine phosphatase, non-receptor type 21"
"Ar",-0.0445100121722897,0.748,"X","androgen receptor"
"Ormdl3",0.0445055055758372,0.7636,"11","ORM1-like 3 (S. cerevisiae)"
"Bace1",0.0444776974981762,0.4508,"9","beta-site APP cleaving enzyme 1"
"Ngf",0.0444601051884197,0.854,"3","nerve growth factor"
"Gm15501",0.0444422796527899,0.8772,"7","predicted pseudogene 15501"
"Nfrkb",-0.0444318036514071,0.7904,"9","nuclear factor related to kappa B binding protein"
"Dclk3",0.0443763855998425,0.742,"9","doublecortin-like kinase 3"
"Macroh2a1",0.044360843163803,0.7808,"13","macroH2A.1 histone"
"Unc5c",-0.044346715850879,0.7944,"3","unc-5 netrin receptor C"
"Elavl1",-0.0443412019195275,0.6004,"8","ELAV (embryonic lethal, abnormal vision)-like 1 (Hu antigen R)"
"Abl1",0.0443391470134999,0.6788,"2","c-abl oncogene 1, non-receptor tyrosine kinase"
"Mgst1",-0.0442931823671029,0.7952,"6","microsomal glutathione S-transferase 1"
"Ryr1",0.0442613383625332,0.8812,"7","ryanodine receptor 1, skeletal muscle"
"Igsf9",0.0441822164692285,0.8636,"1","immunoglobulin superfamily, member 9"
"Ccdc65",0.0441710318374193,0.8468,"15","coiled-coil domain containing 65"
"Slc36a4",0.0441444105089435,0.7604,"9","solute carrier family 36 (proton/amino acid symporter), member 4"
"Rars",-0.0441427465887569,0.5444,"11","arginyl-tRNA synthetase"
"Msantd3",0.0441350517074812,0.652,"4","Myb/SANT-like DNA-binding domain containing 3"
"Fer",-0.0440948529063028,0.886,"17","fer (fms/fps related) protein kinase"
"Sft2d2",-0.0440520989513198,0.5988,"1","SFT2 domain containing 2"
"Slc9a1",-0.0440479185427431,0.3664,"4","solute carrier family 9 (sodium/hydrogen exchanger), member 1"
"Abcb6",0.0440244540094845,0.696,"1","ATP-binding cassette, sub-family B (MDR/TAP), member 6"
"St6galnac2",0.0440026252656924,0.904,"11","ST6 (alpha-N-acetyl-neuraminyl-2,3-beta-galactosyl-1,3)-N-acetylgalactosaminide alpha-2,6-sialyltransferase 2"
"Rpl23",0.0439410788028027,0.9024,"11","ribosomal protein L23"
"Mas1",-0.0439314376177116,0.636,"17","MAS1 oncogene"
"Tle2",-0.0439270921957107,0.9152,"10","transducin-like enhancer of split 2"
"Plxnd1",0.0438960800841794,0.5096,"6","plexin D1"
"Thy1",-0.0438902530616083,0.712,"9","thymus cell antigen 1, theta"
"Trmt10b",-0.0438829258351756,0.4432,"4","tRNA methyltransferase 10B"
"Rad17",-0.0438535776611095,0.6932,"13","RAD17 checkpoint clamp loader component"
"Mcts1",-0.0437983746793247,0.6328,"X","malignant T cell amplified sequence 1"
"Irak1bp1",-0.0437630885667,0.7912,"9","interleukin-1 receptor-associated kinase 1 binding protein 1"
"Tmem60",0.0437416896969749,0.7592,"5","transmembrane protein 60"
"Lmo3",-0.043729147224413,0.7452,"6","LIM domain only 3"
"Pcdhb2",-0.0437065955973959,0.9756,"18","protocadherin beta 2"
"4933431E20Rik",-0.0436812798399888,0.4852,"3","RIKEN cDNA 4933431E20 gene"
"Hdhd2",0.0436705545108458,0.6508,"18","haloacid dehalogenase-like hydrolase domain containing 2"
"Slc22a5",0.0436502458562256,0.7748,"11","solute carrier family 22 (organic cation transporter), member 5"
"Srrt",-0.0436375035168028,0.8708,"5","serrate RNA effector molecule homolog (Arabidopsis)"
"Nutf2",0.0436301285396583,0.742,"8","nuclear transport factor 2"
"Lman1",-0.0436078737148247,0.8124,"18","lectin, mannose-binding, 1"
"Gdpd1",0.0435917502250023,0.6648,"11","glycerophosphodiester phosphodiesterase domain containing 1"
"Slc32a1",-0.0435916860188588,0.9008,"2","solute carrier family 32 (GABA vesicular transporter), member 1"
"Ccdc97",-0.0435524808424868,0.6796,"7","coiled-coil domain containing 97"
"Rnd3",0.0435465817923384,0.756,"2","Rho family GTPase 3"
"Klhl13",-0.0435339135758559,0.8792,"X","kelch-like 13"
"Bend4",-0.043532777968935,0.8212,"5","BEN domain containing 4"
"Aida",-0.0435289649792532,0.4616,"1","axin interactor, dorsalization associated"
"Gna12",0.0434819345761532,0.7216,"5","guanine nucleotide binding protein, alpha 12"
"Pofut2",0.0434663506480524,0.7968,"10","protein O-fucosyltransferase 2"
"Ccdc149",0.0434660563171647,0.438,"5","coiled-coil domain containing 149"
"Ccndbp1",-0.0434135237995177,0.7508,"2","cyclin D-type binding-protein 1"
"Syap1",-0.0434072809812402,0.6476,"X","synapse associated protein 1"
"Celsr2",-0.0434039814595444,0.648,"3","cadherin, EGF LAG seven-pass G-type receptor 2"
"Ppp2r5a",0.0434021124736841,0.4664,"1","protein phosphatase 2, regulatory subunit B', alpha"
"Eif2a",-0.0434017320553099,0.792,"3","eukaryotic translation initiation factor 2A"
"Cnot8",-0.0433897725356607,0.5312,"11","CCR4-NOT transcription complex, subunit 8"
"Ttyh1",0.0433658612679331,0.6756,"7","tweety family member 1"
"Xab2",0.0433386058579757,0.8324,"8","XPA binding protein 2"
"Rimkla",0.0433345795530613,0.7212,"4","ribosomal modification protein rimK-like family member A"
"Qars",0.043311691803166,0.4532,"9","glutaminyl-tRNA synthetase"
"Zfp607b",0.0432712513687901,0.7596,"7","zinc finger protein 607B"
"Map1a",-0.0432603921016863,0.8008,"2","microtubule-associated protein 1 A"
"Tceal6",0.0432119417583623,0.768,"X","transcription elongation factor A (SII)-like 6"
"Klhdc10",0.0431920139820301,0.5848,"6","kelch domain containing 10"
"Smu1",-0.0431820828880296,0.6356,"4","smu-1 suppressor of mec-8 and unc-52 homolog (C. elegans)"
"Tm9sf4",-0.0431639526441243,0.344,"2","transmembrane 9 superfamily member 4"
"Nebl",-0.0431325837905945,0.7548,"2","nebulette"
"Tmcc1",-0.043123031278717,0.532,"6","transmembrane and coiled coil domains 1"
"Ptk2b",-0.043118845231227,0.532,"14","PTK2 protein tyrosine kinase 2 beta"
"Zfp467",0.0430778908926639,0.7712,"6","zinc finger protein 467"
"Hdac9",-0.043076925507509,0.8284,"12","histone deacetylase 9"
"Camk4",0.0430404577644836,0.8384,"18","calcium/calmodulin-dependent protein kinase IV"
"Fgf1",-0.0430386088618242,0.7592,"18","fibroblast growth factor 1"
"Ccdc190",0.0430365432640518,0.816,"1","coiled-coil domain containing 190"
"Zfp57",0.0430054965905824,0.9376,"17","zinc finger protein 57"
"Ing1",0.0430035698877296,0.6812,"8","inhibitor of growth family, member 1"
"Vasp",-0.042998987913542,0.8288,"7","vasodilator-stimulated phosphoprotein"
"Ephx2",0.042967532016108,0.7808,"14","epoxide hydrolase 2, cytoplasmic"
"Sfmbt1",0.0429364807576595,0.6876,"14","Scm-like with four mbt domains 1"
"Bora",-0.0429298445467032,0.674,"14","bora, aurora kinase A activator"
"Slc44a2",0.0429004619430966,0.6128,"9","solute carrier family 44, member 2"
"Zfp113",0.042852663228877,0.7356,"5","zinc finger protein 113"
"Rtel1",0.0428510306863474,0.8512,"2","regulator of telomere elongation helicase 1"
"Hccs",-0.0428426154659354,0.8232,"X","holocytochrome c synthetase"
"Wnt4",0.0428218898011381,0.8508,"4","wingless-type MMTV integration site family, member 4"
"Rdm1",-0.0427895931462385,0.8752,"11","RAD52 motif 1"
"Tdrd7",-0.0427473843706503,0.7916,"4","tudor domain containing 7"
"Zfp704",-0.0427220470545331,0.6588,"3","zinc finger protein 704"
"Vps26a",-0.042711566683205,0.646,"10","VPS26 retromer complex component A"
"Eefsec",0.0426643450871182,0.8524,"6","eukaryotic elongation factor, selenocysteine-tRNA-specific"
"Mrps14",0.0426521834774256,0.7668,"1","mitochondrial ribosomal protein S14"
"Malsu1",0.0426502215783593,0.816,"6","mitochondrial assembly of ribosomal large subunit 1"
"Otx1",0.042603125632406,0.75,"11","orthodenticle homeobox 1"
"Ppa2",0.0425937604351656,0.7172,"3","pyrophosphatase (inorganic) 2"
"2310039H08Rik",-0.0425822267438885,0.8716,"17","RIKEN cDNA 2310039H08 gene"
"Ppp1r21",0.0425632090015959,0.53,"17","protein phosphatase 1, regulatory subunit 21"
"Brd7",-0.0425568541167189,0.4856,"8","bromodomain containing 7"
"Pygm",0.0425565815945745,0.7444,"19","muscle glycogen phosphorylase"
"Tpd52l1",0.0425373499638946,0.6204,"10","tumor protein D52-like 1"
"Txndc16",-0.0425367340359095,0.7844,"14","thioredoxin domain containing 16"
"Zcchc8",-0.0425357211516486,0.6448,"5","zinc finger, CCHC domain containing 8"
"Ndufb4",0.042525403827109,0.856,"16","NADH:ubiquinone oxidoreductase subunit B4"
"Ndufb4",0.042525403827109,0.856,"16","NADH:ubiquinone oxidoreductase subunit B4"
"Ndufb4",0.042525403827109,0.856,"16","NADH:ubiquinone oxidoreductase subunit B4"
"Ptgr2",0.0424467754986795,0.6168,"12","prostaglandin reductase 2"
"Tubb6",0.042442509634149,0.6736,"18","tubulin, beta 6 class V"
"Armc7",0.0424102584108312,0.7684,"11","armadillo repeat containing 7"
"Ercc5",0.0424045162227662,0.6236,"1","excision repair cross-complementing rodent repair deficiency, complementation group 5"
"Slc2a1",0.0423612306485568,0.7396,"4","solute carrier family 2 (facilitated glucose transporter), member 1"
"Atrnl1",-0.0423381955312703,0.7844,"19","attractin like 1"
"Spin1",-0.04233470112458,0.8256,"13","spindlin 1"
"Bfar",0.0423343463372641,0.7864,"16","bifunctional apoptosis regulator"
"Bfar",0.0423343463372641,0.7864,"16","bifunctional apoptosis regulator"
"Csde1",0.0423192501738736,0.3384,"3","cold shock domain containing E1, RNA binding"
"Kif1a",0.0423108186261061,0.6696,"1","kinesin family member 1A"
"5730455P16Rik",-0.0422797910891521,0.692,"11","RIKEN cDNA 5730455P16 gene"
"Dnttip1",0.0422337256390879,0.7668,"2","deoxynucleotidyltransferase, terminal, interacting protein 1"
"Ptgfrn",-0.0422129225211387,0.884,"3","prostaglandin F2 receptor negative regulator"
"Fam172a",-0.0421965516490319,0.7096,"13","family with sequence similarity 172, member A"
"Thg1l",0.0421913883114335,0.6468,"11","tRNA-histidine guanylyltransferase 1-like (S. cerevisiae)"
"Ulk1",-0.0421073809676873,0.5176,"5","unc-51 like kinase 1"
"Gpr108",0.042105626447956,0.588,"17","G protein-coupled receptor 108"
"Apc2",0.0420775926187078,0.746,"10","APC regulator of WNT signaling pathway 2"
"Trappc12",0.0420606137744466,0.5496,"12","trafficking protein particle complex 12"
"Nrxn2",0.0420582714864164,0.6072,"19","neurexin II"
"Gabrg2",-0.0420546128517296,0.9124,"11","gamma-aminobutyric acid (GABA) A receptor, subunit gamma 2"
"Hmox2",0.042052788716882,0.6384,"16","heme oxygenase 2"
"Kif3a",-0.0420263997989645,0.5236,"11","kinesin family member 3A"
"Garnl3",-0.0420096734028297,0.69,"2","GTPase activating RANGAP domain-like 3"
"Stk36",0.0420094044881005,0.8992,"1","serine/threonine kinase 36"
"Sec61g",0.0420071717322665,0.8992,"11","SEC61, gamma subunit"
"Pcyt1a",0.0419775126250554,0.436,"16","phosphate cytidylyltransferase 1, choline, alpha isoform"
"Ddx23",0.0419680528857542,0.5464,"15","DEAD box helicase 23"
"Chrm1",0.0419655439352571,0.482,"19","cholinergic receptor, muscarinic 1, CNS"
"Vgf",0.0419516343995774,0.6872,"5","VGF nerve growth factor inducible"
"Slx4ip",0.0419275461807573,0.8136,"2","SLX4 interacting protein"
"Zfat",0.0419231272013576,0.6552,"15","zinc finger and AT hook domain containing"
"Nup214",0.0419120173765126,0.7552,"2","nucleoporin 214"
"Mcm7",0.0418912177746473,0.7132,"5","minichromosome maintenance complex component 7"
"1700001O22Rik",0.0418785567339826,0.9164,"2","RIKEN cDNA 1700001O22 gene"
"Lsm1",-0.0418737463539385,0.8072,"8","LSM1 homolog, mRNA degradation associated"
"Ldha",0.0418457591657422,0.664,"7","lactate dehydrogenase A"
"Actr3",-0.0418445134688561,0.8508,"1","ARP3 actin-related protein 3"
"Arxes2",0.0417910410433064,0.8228,"X","adipocyte-related X-chromosome expressed sequence 2"
"Tmtc1",-0.0417762363018381,0.7716,"6","transmembrane and tetratricopeptide repeat containing 1"
"Ncbp3",0.0417638765229515,0.6976,"11","nuclear cap binding subunit 3"
"Kif22",-0.04168756392897,0.782,"7","kinesin family member 22"
"Mapkapk5",-0.0416559090981474,0.69,"5","MAP kinase-activated protein kinase 5"
"Dctn4",-0.0416161157951942,0.718,"18","dynactin 4"
"Phactr3",0.0416131133071378,0.8116,"2","phosphatase and actin regulator 3"
"Scfd1",-0.0415977741206941,0.8944,"12","Sec1 family domain containing 1"
"Faxc",-0.041583372596941,0.9104,"4","failed axon connections homolog"
"Selenop",0.0415817388792092,0.7452,"15","selenoprotein P"
"Ywhah",-0.0415513527944817,0.8284,"5","tyrosine 3-monooxygenase/tryptophan 5-monooxygenase activation protein, eta polypeptide"
"Srpr",-0.0415154730488618,0.7368,"9","signal recognition particle receptor ('docking protein')"
"Brinp1",-0.0415116918141472,0.778,"4","bone morphogenic protein/retinoic acid inducible neural specific 1"
"Sh3bp4",0.0414861169798133,0.7752,"1","SH3-domain binding protein 4"
"Lmbrd1",-0.0414688053107755,0.606,"1","LMBR1 domain containing 1"
"Ikbkg",0.0414641923797356,0.6968,"X","inhibitor of kappaB kinase gamma"
"Pcgf2",0.0414097507736182,0.8032,"11","polycomb group ring finger 2"
"Trmt61a",0.0414064321009513,0.7556,"12","tRNA methyltransferase 61A"
"Rnf216",-0.0413962933493064,0.5448,"5","ring finger protein 216"
"Cebpzos",0.0413915351627376,0.8664,"17","CCAAT/enhancer binding protein (C/EBP), zeta, opposite strand"
"Ttpal",0.0413446580167918,0.7552,"2","tocopherol (alpha) transfer protein-like"
"Pou3f1",0.0413253576854657,0.832,"4","POU domain, class 3, transcription factor 1"
"Rtl3",0.0412896032818617,0.7752,"X","retrotransposon Gag like 3"
"Rnf165",0.0412569987330169,0.6516,"18","ring finger protein 165"
"Mccc2",0.0412466715438313,0.6076,"13","methylcrotonoyl-Coenzyme A carboxylase 2 (beta)"
"Klc2",0.0412455485547234,0.7708,"19","kinesin light chain 2"
"Enoph1",-0.0412075752130958,0.7392,"5","enolase-phosphatase 1"
"Apba2",0.0411883112246469,0.4812,"7","amyloid beta (A4) precursor protein-binding, family A, member 2"
"Reep6",0.0411582153595447,0.8536,"10","receptor accessory protein 6"
"Farsb",0.0411162353732903,0.6252,"1","phenylalanyl-tRNA synthetase, beta subunit"
"Rasgef1a",0.0411044692078324,0.832,"6","RasGEF domain family, member 1A"
"Colgalt1",0.0410585848117089,0.6088,"8","collagen beta(1-O)galactosyltransferase 1"
"Tmem164",0.0410549429871696,0.7432,"X","transmembrane protein 164"
"Haus6",-0.0410502737740641,0.8024,"4","HAUS augmin-like complex, subunit 6"
"Cyb561a3",0.0410495138172164,0.6464,"19","cytochrome b561 family, member A3"
"Atg4b",0.0409689056752551,0.6404,"1","autophagy related 4B, cysteine peptidase"
"Adamtsl2",0.0409644846380681,0.8716,"2","ADAMTS-like 2"
"Mrps18b",0.0409389980259216,0.7408,"17","mitochondrial ribosomal protein S18B"
"Cdk6",-0.0409324785416862,0.8676,"5","cyclin-dependent kinase 6"
"A830082N09Rik",0.0409270223332143,0.6656,"10","RIKEN cDNA A830082N09 gene"
"Ociad1",0.0409155677832551,0.6044,"5","OCIA domain containing 1"
"Zfp189",-0.0409104367172688,0.904,"4","zinc finger protein 189"
"Gatad2a",0.0409101036697841,0.7064,"8","GATA zinc finger domain containing 2A"
"Atp6v1c1",-0.0408671946686949,0.7796,"15","ATPase, H+ transporting, lysosomal V1 subunit C1"
"Nfyb",-0.0408076450445831,0.8068,"10","nuclear transcription factor-Y beta"
"Rab3gap1",-0.0408041924382312,0.7908,"1","RAB3 GTPase activating protein subunit 1"
"Sesn1",-0.0408003623725302,0.9268,"10","sestrin 1"
"Prnp",-0.0407962473299843,0.7064,"2","prion protein"
"Rbm15b",-0.040772062425475,0.5988,"9","RNA binding motif protein 15B"
"Dusp18",-0.0407619392049217,0.6548,"11","dual specificity phosphatase 18"
"Erbb3",-0.0407300741461416,0.8652,"10","erb-b2 receptor tyrosine kinase 3"
"Spop",0.0407236251467724,0.68,"11","speckle-type BTB/POZ protein"
"Reps1",-0.0407193127880543,0.682,"10","RalBP1 associated Eps domain containing protein"
"H2bc4",-0.0407057018701344,0.8672,"13","H2B clustered histone 4"
"Miga1",-0.0407003536323227,0.7616,"3","mitoguardin 1"
"Rasl11a",0.0406997561608518,0.8088,"5","RAS-like, family 11, member A"
"Cnn2",0.0406994029412839,0.8884,"10","calponin 2"
"Washc3",0.0406156198854739,0.7552,"10","WASH complex subunit 3"
"Chd4",0.0405883978931696,0.6764,"6","chromodomain helicase DNA binding protein 4"
"Pcx",0.0405635229503565,0.8596,"19","pyruvate carboxylase"
"Hnrnpll",-0.0405537095360939,0.8896,"17","heterogeneous nuclear ribonucleoprotein L-like"
"2010315B03Rik",-0.0405477458139933,0.7148,"9","RIKEN cDNA 2010315B03 gene"
"Sall2",-0.0405388612532516,0.7316,"14","spalt like transcription factor 2"
"Spata2",-0.0404940298947132,0.634,"2","spermatogenesis associated 2"
"Fam53b",0.0404905827986539,0.618,"7","family with sequence similarity 53, member B"
"Clcn6",0.0404557731320194,0.7036,"4","chloride channel, voltage-sensitive 6"
"Dyrk1b",0.0404229764184674,0.6712,"7","dual-specificity tyrosine-(Y)-phosphorylation regulated kinase 1b"
"Dnhd1",-0.0404010522364242,0.88,"7","dynein heavy chain domain 1"
"Mark2",-0.0403968791945797,0.6692,"19","MAP/microtubule affinity regulating kinase 2"
"Katnal2",-0.0403956901263594,0.6576,"18","katanin p60 subunit A-like 2"
"Zfp362",-0.0403866148063443,0.7596,"4","zinc finger protein 362"
"Igip",0.0403601653132855,0.9168,"18","IgA inducing protein"
"Grm2",0.0403455290114243,0.8848,"9","glutamate receptor, metabotropic 2"
"Hsd17b11",-0.0403192630169942,0.6712,"5","hydroxysteroid (17-beta) dehydrogenase 11"
"Ctla2a",-0.0403156571656038,0.8636,"13","cytotoxic T lymphocyte-associated protein 2 alpha"
"Glul",-0.0403081349489369,0.7644,"1","glutamate-ammonia ligase (glutamine synthetase)"
"Rundc1",0.0402864892800547,0.564,"11","RUN domain containing 1"
"Wdr1",0.0402791430873259,0.352,"5","WD repeat domain 1"
"Sirt4",-0.0401989274604997,0.856,"5","sirtuin 4"
"Vdac3",0.040198413240514,0.622,"8","voltage-dependent anion channel 3"
"Prorp",-0.0401879954299562,0.904,"12","protein only RNase P catalytic subunit"
"Ddah1",0.0401864396571865,0.8356,"3","dimethylarginine dimethylaminohydrolase 1"
"Trim39",0.0401831899587748,0.8068,"17","tripartite motif-containing 39"
"Otx2",-0.0401768527306925,0.976,"14","orthodenticle homeobox 2"
"Nip7",0.0401461036874187,0.6852,"8","NIP7, nucleolar pre-rRNA processing protein"
"Stx16",-0.040144252930185,0.7456,"2","syntaxin 16"
"Cbx2",-0.0401100838362145,0.7672,"11","chromobox 2"
"Kctd13",0.0401052903319652,0.8692,"7","potassium channel tetramerisation domain containing 13"
"Cox15",-0.0400642968899785,0.8148,"19","cytochrome c oxidase assembly protein 15"
"Plekhg3",-0.0399889266023497,0.5964,"12","pleckstrin homology domain containing, family G (with RhoGef domain) member 3"
"Esd",0.0399777101881869,0.8084,"14","esterase D/formylglutathione hydrolase"
"Pgap2",0.0398743562986148,0.7968,"7","post-GPI attachment to proteins 2"
"Nr6a1",0.0398731007707256,0.7964,"2","nuclear receptor subfamily 6, group A, member 1"
"B230307C23Rik",0.0398287810455331,0.814,"16","RIKEN cDNA B230307C23 gene"
"Twf1",-0.0398213984228581,0.5552,"15","twinfilin actin binding protein 1"
"Nwd1",-0.039820452256218,0.8136,"8","NACHT and WD repeat domain containing 1"
"Kdelr2",0.0398107002262851,0.6392,"5","KDEL (Lys-Asp-Glu-Leu) endoplasmic reticulum protein retention receptor 2"
"Elk1",-0.0397587100396777,0.8236,"X","ELK1, member of ETS oncogene family"
"Stpg1",0.0397333122825816,0.9,"4","sperm tail PG rich repeat containing 1"
"Pld3",0.039711251835806,0.7964,"7","phospholipase D family, member 3"
"Arhgef18",-0.0397082261414345,0.6816,"8","rho/rac guanine nucleotide exchange factor (GEF) 18"
"Fgf12",-0.0397076885063186,0.7972,"16","fibroblast growth factor 12"
"Lrrc57",-0.0396980343879854,0.8628,"2","leucine rich repeat containing 57"
"Zfp618",0.0396609313786291,0.8456,"4","zinc finger protein 618"
"Slc25a38",-0.0396541292281052,0.8124,"9","solute carrier family 25, member 38"
"Cers4",-0.0396492073210419,0.7508,"8","ceramide synthase 4"
"Wdr5",0.0396378130813524,0.7048,"2","WD repeat domain 5"
"Trim32",-0.0396037277927643,0.7236,"4","tripartite motif-containing 32"
"Cycs",-0.039576270759321,0.6372,"6","cytochrome c, somatic"
"Ipo9",0.0395747651914737,0.5268,"1","importin 9"
"Prrg3",-0.039574117247942,0.7116,"X","proline rich Gla (G-carboxyglutamic acid) 3 (transmembrane)"
"Strbp",-0.0395277537202956,0.68,"2","spermatid perinuclear RNA binding protein"
"Ccdc115",-0.0395267975284126,0.8184,"1","coiled-coil domain containing 115"
"Pcsk2",-0.0394931614510199,0.8588,"2","proprotein convertase subtilisin/kexin type 2"
"Uri1",-0.0394556207302719,0.53,"7","URI1, prefoldin-like chaperone"
"Tefm",0.0394458609507713,0.8468,"11","transcription elongation factor, mitochondrial"
"Tmem38b",-0.0394129309685107,0.93,"4","transmembrane protein 38B"
"Loxl3",-0.0393525384421807,0.8084,"6","lysyl oxidase-like 3"
"Rnf220",0.039339558435632,0.8812,"4","ring finger protein 220"
"Ybx2",-0.0393383060132213,0.91,"11","Y box protein 2"
"Mc4r",-0.0393283688361397,0.882,"18","melanocortin 4 receptor"
"Tgds",-0.0393185389858224,0.8436,"14","TDP-glucose 4,6-dehydratase"
"Pip4k2a",0.0392847593442012,0.4692,"2","phosphatidylinositol-5-phosphate 4-kinase, type II, alpha"
"Rfesd",0.0392817189275712,0.746,"13","Rieske (Fe-S) domain containing"
"Zfp260",-0.0392040859562863,0.7384,"7","zinc finger protein 260"
"Doc2g",0.039201562655018,0.8928,"19","double C2, gamma"
"Mocs2",0.0391979813434764,0.6992,"13","molybdenum cofactor synthesis 2"
"Tmem200c",0.0391809473001081,0.844,"17","transmembrane protein 200C"
"Ifitm10",0.0391009904820709,0.8964,"7","interferon induced transmembrane protein 10"
"Rbsn",-0.0390964471092827,0.8756,"6","rabenosyn, RAB effector"
"Zscan12",0.0390845541613545,0.7784,"13","zinc finger and SCAN domain containing 12"
"Ube2r2",0.0390772341348891,0.8492,"4","ubiquitin-conjugating enzyme E2R 2"
"Rtraf",-0.0390663049607092,0.7912,"14","RNA transcription, translation and transport factor"
"Atg10",0.0390585498206031,0.7948,"13","autophagy related 10"
"Bri3bp",0.0390564362419257,0.5356,"5","Bri3 binding protein"
"Tspan15",0.0390527115758985,0.7592,"10","tetraspanin 15"
"Klhl8",-0.0390245854882005,0.6456,"5","kelch-like 8"
"Sae1",0.0390231624570747,0.5732,"7","SUMO1 activating enzyme subunit 1"
"Washc5",-0.0389802947140891,0.8124,"15","WASH complex subunit 5"
"Pcyox1",0.0389799495841103,0.718,"6","prenylcysteine oxidase 1"
"Net1",-0.0389720112419774,0.9632,"13","neuroepithelial cell transforming gene 1"
"Lrrc61",0.0389485359768216,0.63,"6","leucine rich repeat containing 61"
"Foxo3",0.0389329542659214,0.9044,"10","forkhead box O3"
"Knop1",0.0389140163418142,0.514,"7","lysine rich nucleolar protein 1"
"Pam",-0.0388877304313455,0.8968,"1","peptidylglycine alpha-amidating monooxygenase"
"Cdc123",-0.0388586011710466,0.7148,"2","cell division cycle 123"
"Pon2",0.0388569955067251,0.7172,"6","paraoxonase 2"
"Fn3krp",-0.0388230699874459,0.8016,"11","fructosamine 3 kinase related protein"
"Mphosph6",-0.0388142690042748,0.758,"8","M phase phosphoprotein 6"
"Fam161b",0.0388074093457988,0.8092,"12","family with sequence similarity 161, member B"
"Pcdhb20",0.0388069537582219,0.8468,"18","protocadherin beta 20"
"Eid2b",0.0387865382996946,0.75,"7","EP300 interacting inhibitor of differentiation 2B"
"Sox10",-0.0387831716511107,0.8536,"15","SRY (sex determining region Y)-box 10"
"Abat",-0.0386988046665406,0.4264,"16","4-aminobutyrate aminotransferase"
"Tmem167",-0.0386811054260701,0.6356,"13","transmembrane protein 167"
"Fam216a",-0.03868086365057,0.9264,"5","family with sequence similarity 216, member A"
"Mocs3",0.0386726174692731,0.612,"2","molybdenum cofactor synthesis 3"
"Gng12",-0.0386624540403018,0.5304,"6","guanine nucleotide binding protein (G protein), gamma 12"
"Dlst",0.0386620481118856,0.5816,"12","dihydrolipoamide S-succinyltransferase (E2 component of 2-oxo-glutarate complex)"
"Tpm4",0.0386334118874245,0.6768,"8","tropomyosin 4"
"Ddx42",-0.038625772447423,0.7148,"11","DEAD box helicase 42"
"Cdk14",-0.0385701505523581,0.708,"5","cyclin-dependent kinase 14"
"Wipi1",-0.0385660136602377,0.5996,"11","WD repeat domain, phosphoinositide interacting 1"
"Pja1",-0.0385644956391271,0.656,"X","praja ring finger ubiquitin ligase 1"
"Rdh14",0.0385394927110365,0.6272,"12","retinol dehydrogenase 14 (all-trans and 9-cis)"
"Sbno2",-0.0385386147499416,0.856,"10","strawberry notch 2"
"Phf14",-0.0385374362012634,0.5548,"6","PHD finger protein 14"
"Kti12",-0.0385155121758411,0.8172,"4","KTI12 homolog, chromatin associated"
"Cct6a",-0.0384788945412655,0.6344,"5","chaperonin containing Tcp1, subunit 6a (zeta)"
"Zranb3",-0.0384379269233017,0.618,"1","zinc finger, RAN-binding domain containing 3"
"Psme1",0.0384224549719994,0.8572,"14","proteasome (prosome, macropain) activator subunit 1 (PA28 alpha)"
"1600014C10Rik",-0.038420999653618,0.6116,"7","RIKEN cDNA 1600014C10 gene"
"Abcg4",0.038378155135331,0.4412,"9","ATP binding cassette subfamily G member 4"
"Ppp2r2b",0.0383746612030702,0.4104,"18","protein phosphatase 2, regulatory subunit B, beta"
"Exph5",0.0383590442505342,0.9344,"9","exophilin 5"
"Syde1",0.0383523912841044,0.8056,"10","synapse defective 1, Rho GTPase, homolog 1 (C. elegans)"
"Gpr176",-0.038350249718349,0.7028,"2","G protein-coupled receptor 176"
"Tgm2",0.0383409484898327,0.8608,"2","transglutaminase 2, C polypeptide"
"Ablim3",-0.0383299101575716,0.6512,"18","actin binding LIM protein family, member 3"
"Ap1m1",0.0383064377771341,0.6372,"8","adaptor-related protein complex AP-1, mu subunit 1"
"Slc6a17",0.038301917326093,0.734,"3","solute carrier family 6 (neurotransmitter transporter), member 17"
"Rapgefl1",0.0383005470024429,0.8048,"11","Rap guanine nucleotide exchange factor (GEF)-like 1"
"Gars",0.0382989550545814,0.6812,"6","glycyl-tRNA synthetase"
"2300009A05Rik",-0.038297041268573,0.888,"9","RIKEN cDNA 2300009A05 gene"
"Ntm",-0.0382872502308125,0.8232,"9","neurotrimin"
"Dlat",0.0382783952679269,0.7388,"9","dihydrolipoamide S-acetyltransferase (E2 component of pyruvate dehydrogenase complex)"
"Trmt61b",0.0382747024050314,0.8184,"17","tRNA methyltransferase 61B"
"Irak2",0.0382740013218887,0.6596,"6","interleukin-1 receptor-associated kinase 2"
"Lmf2",-0.0382621281824447,0.7868,"15","lipase maturation factor 2"
"Vgll4",-0.0381847322715183,0.608,"6","vestigial like family member 4"
"Ftsj3",0.0381800863431323,0.7656,"11","FtsJ RNA methyltransferase homolog 3 (E. coli)"
"Med19",0.0381735164959469,0.65,"2","mediator complex subunit 19"
"Tfe3",0.0381666685161459,0.6512,"X","transcription factor E3"
"Cbx5",-0.0381266029392258,0.7984,"15","chromobox 5"
"Klhl36",-0.0381239126881598,0.8252,"8","kelch-like 36"
"Plcd3",0.0380963303646964,0.8712,"11","phospholipase C, delta 3"
"Tmem126b",0.0380597858280853,0.8432,"7","transmembrane protein 126B"
"Taf12",-0.0380448307055135,0.7884,"4","TATA-box binding protein associated factor 12"
"Wdr53",0.0380363537232968,0.7716,"16","WD repeat domain 53"
"Smarca4",-0.0379980986727713,0.994,"9","SWI/SNF related, matrix associated, actin dependent regulator of chromatin, subfamily a, member 4"
"9830166K06Rik",-0.0379778812603022,0.8616,"19","RIKEN cDNA 9830166K06 gene"
"Tceal3",0.0379673994785916,0.8244,"X","transcription elongation factor A (SII)-like 3"
"Serac1",-0.0379649968769504,0.66,"17","serine active site containing 1"
"Alg9",0.0379632464129784,0.6792,"9","asparagine-linked glycosylation 9 (alpha 1,2 mannosyltransferase)"
"Pip4k2b",0.0379457441213571,0.648,"11","phosphatidylinositol-5-phosphate 4-kinase, type II, beta"
"Fam78b",-0.0379297201134587,0.7688,"1","family with sequence similarity 78, member B"
"9930104L06Rik",-0.0379204242786599,0.706,"4","RIKEN cDNA 9930104L06 gene"
"Dnajc8",-0.037914321629791,0.7604,"4","DnaJ heat shock protein family (Hsp40) member C8"
"Dnaja4",-0.0378957355948337,0.6312,"9","DnaJ heat shock protein family (Hsp40) member A4"
"Phka2",0.037874823067126,0.8608,"X","phosphorylase kinase alpha 2"
"Gpr27",0.0378643731052613,0.8156,"6","G protein-coupled receptor 27"
"Rragc",0.0378559186733192,0.6508,"4","Ras-related GTP binding C"
"E2f4",0.0378416898375225,0.7784,"8","E2F transcription factor 4"
"Urb1",-0.0378224737153681,0.7832,"16","URB1 ribosome biogenesis 1 homolog (S. cerevisiae)"
"Klhl11",-0.0377931307807771,0.8076,"11","kelch-like 11"
"Mios",0.0377782946399496,0.8632,"6","meiosis regulator for oocyte development"
"Rcl1",-0.0377768658630151,0.676,"19","RNA terminal phosphate cyclase-like 1"
"Psmc2",0.0377606503015819,0.716,"5","proteasome (prosome, macropain) 26S subunit, ATPase 2"
"Gtf2h1",0.0377468651971355,0.6088,"7","general transcription factor II H, polypeptide 1"
"Frs2",-0.0377236608934339,0.6832,"10","fibroblast growth factor receptor substrate 2"
"Dhrs1",0.0377008536051866,0.6276,"14","dehydrogenase/reductase (SDR family) member 1"
"Chd5",-0.0376233142759341,0.8932,"4","chromodomain helicase DNA binding protein 5"
"Lrrc14b",-0.037621186697731,0.8808,"13","leucine rich repeat containing 14B"
"Tnxb",0.037609251113822,0.878,"17","tenascin XB"
"Slc39a1",-0.037603111292241,0.7252,"3","solute carrier family 39 (zinc transporter), member 1"
"Clstn2",-0.0375328576507403,0.7712,"9","calsyntenin 2"
"Dbnl",0.0374972937234688,0.7944,"11","drebrin-like"
"Ano8",0.0374644168380236,0.9164,"8","anoctamin 8"
"Rhoa",-0.0374488964278079,0.7528,"9","ras homolog family member A"
"Rnf182",-0.0374420779458644,0.9168,"13","ring finger protein 182"
"Mmp15",0.037430483045132,0.8472,"8","matrix metallopeptidase 15"
"Eif5b",0.037428748584694,0.8868,"1","eukaryotic translation initiation factor 5B"
"Cfap44",0.0374221172620448,0.9056,"16","cilia and flagella associated protein 44"
"Polr3g",-0.0374051928735653,0.732,"13","polymerase (RNA) III (DNA directed) polypeptide G"
"Ogdh",0.0373915087793719,0.8984,"11","oxoglutarate (alpha-ketoglutarate) dehydrogenase (lipoamide)"
"C1ql2",-0.0373790174238344,0.8836,"1","complement component 1, q subcomponent-like 2"
"Neu1",0.0373519664676394,0.6436,"17","neuraminidase 1"
"Camk1d",-0.0373369336847897,0.8336,"2","calcium/calmodulin-dependent protein kinase ID"
"Tcf7l1",-0.037324949756453,0.8024,"6","transcription factor 7 like 1 (T cell specific, HMG box)"
"Mettl27",-0.03726501368928,0.7992,"5","methyltransferase like 27"
"Pcyox1l",-0.0371895513020926,0.8896,"18","prenylcysteine oxidase 1 like"
"4933428G20Rik",0.0371631951728,0.8928,"11","RIKEN cDNA 4933428G20 gene"
"Prelid3b",0.0371549981619959,0.7532,"2","PRELI domain containing 3B"
"Cfap20",-0.037140623209436,0.5764,"8","cilia and flagella associated protein 20"
"Kif27",0.0371304520321649,0.8472,"13","kinesin family member 27"
"Cdk2ap2",0.0371233922575662,0.8964,"19","CDK2-associated protein 2"
"1110032A03Rik",0.0371056645382017,0.8312,"9","RIKEN cDNA 1110032A03 gene"
"Cnot11",0.0370866568225754,0.612,"1","CCR4-NOT transcription complex, subunit 11"
"Cdk9",0.0370556995206277,0.8448,"2","cyclin-dependent kinase 9 (CDC2-related kinase)"
"Inha",-0.0370244625798986,0.8984,"1","inhibin alpha"
"Zxdc",0.0369970138267552,0.8108,"6","ZXD family zinc finger C"
"Paics",-0.0369925833153628,0.5584,"5","phosphoribosylaminoimidazole carboxylase, phosphoribosylaminoribosylaminoimidazole, succinocarboxamide synthetase"
"Abcd1",-0.0369820040587876,0.8616,"X","ATP-binding cassette, sub-family D (ALD), member 1"
"Cnih4",0.0369574564077491,0.8076,"1","cornichon family AMPA receptor auxiliary protein 4"
"3110040N11Rik",0.0369190472459344,0.88,"7","RIKEN cDNA 3110040N11 gene"
"Drp2",-0.0369179493185463,0.6496,"X","dystrophin related protein 2"
"Snhg17",0.0369095605143834,0.774,"2","small nucleolar RNA host gene 17"
"Supt3",0.0368847509719337,0.9128,"17","SPT3, SAGA and STAGA complex component"
"Jazf1",-0.0368782944877575,0.7712,"6","JAZF zinc finger 1"
"Rbm3",-0.0368780604956909,0.684,"X","RNA binding motif (RNP1, RRM) protein 3"
"Rbm3",-0.0368780604956909,0.684,"X","RNA binding motif (RNP1, RRM) protein 3"
"Sgcb",-0.0367458416626345,0.3648,"5","sarcoglycan, beta (dystrophin-associated glycoprotein)"
"Ctbs",-0.0367407260591004,0.9136,"3","chitobiase"
"Rab2a",-0.0366934285559832,0.7488,"4","RAB2A, member RAS oncogene family"
"Prmt3",-0.0366790397112187,0.6264,"7","protein arginine N-methyltransferase 3"
"Cnppd1",0.036642555560241,0.832,"1","cyclin Pas1/PHO80 domain containing 1"
"Gpr135",0.0366377638158015,0.7236,"12","G protein-coupled receptor 135"
"Ankfy1",-0.0366100899365946,0.7664,"11","ankyrin repeat and FYVE domain containing 1"
"Gorasp2",-0.0365783025000956,0.6788,"2","golgi reassembly stacking protein 2"
"Wdr43",-0.0365592983884158,0.8096,"17","WD repeat domain 43"
"Tatdn1",0.036554268224362,0.84,"15","TatD DNase domain containing 1"
"H2bc6",-0.0365279393083173,0.8708,"13","H2B clustered histone 6"
"Ryk",0.0365094329234461,0.738,"9","receptor-like tyrosine kinase"
"Intu",-0.0364672006973161,0.8476,"3","inturned planar cell polarity protein"
"Glmn",-0.036460919563285,0.8612,"5","glomulin, FKBP associated protein"
"Marchf11",-0.0364130500706148,0.8576,"15","membrane associated ring-CH-type finger 11"
"Pde7b",-0.0363843042934739,0.792,"10","phosphodiesterase 7B"
"Cand2",0.0363827587555645,0.8328,"6","cullin-associated and neddylation-dissociated 2 (putative)"
"Jup",0.0363765355477268,0.6428,"11","junction plakoglobin"
"Dram2",-0.036370930702716,0.838,"3","DNA-damage regulated autophagy modulator 2"
"Chrd",0.0363447991128645,0.8628,"16","chordin"
"Zwint",-0.0363286359832866,0.6868,"10","ZW10 interactor"
"Cic",-0.0362948684523179,0.5968,"7","capicua transcriptional repressor"
"Homer2",0.0362935177520978,0.686,"7","homer scaffolding protein 2"
"Chd7",-0.0362797338629459,0.7476,"4","chromodomain helicase DNA binding protein 7"
"Tmem63c",-0.0362796941527668,0.7704,"12","transmembrane protein 63c"
"Kirrel2",0.0362621919115198,0.8828,"7","kirre like nephrin family adhesion molecule 2"
"Odc1",0.0362540995362863,0.7808,"12","ornithine decarboxylase, structural 1"
"Mcee",0.0362431274097057,0.8068,"7","methylmalonyl CoA epimerase"
"Cryzl1",0.0361678530645975,0.5812,"16","crystallin, zeta (quinone reductase)-like 1"
"Txnl4b",0.0361253760408733,0.9356,"8","thioredoxin-like 4B"
"Rxra",0.0360988692313766,0.8524,"2","retinoid X receptor alpha"
"Tifa",0.0360649839822762,0.7176,"3","TRAF-interacting protein with forkhead-associated domain"
"Dzank1",0.0360569820140038,0.8424,"2","double zinc ribbon and ankyrin repeat domains 1"
"Znfx1",0.0360553622627355,0.8504,"2","zinc finger, NFX1-type containing 1"
"Lrrc59",0.0360389657106044,0.71,"11","leucine rich repeat containing 59"
"Asph",0.0360379437127136,0.7136,"4","aspartate-beta-hydroxylase"
"Nat8f4",-0.035972615869611,0.8856,"6","N-acetyltransferase 8 (GCN5-related) family member 4"
"Zfp358",-0.0359607253330783,0.8656,"8","zinc finger protein 358"
"Ptger1",0.0359522332158404,0.8776,"8","prostaglandin E receptor 1 (subtype EP1)"
"Rnf185",-0.0359297469933582,0.6704,"11","ring finger protein 185"
"Camsap3",0.0359071403987725,0.8268,"8","calmodulin regulated spectrin-associated protein family, member 3"
"Stard13",-0.0359063165406281,0.934,"5","StAR-related lipid transfer (START) domain containing 13"
"Pcyt1b",0.0358217177016158,0.4844,"X","phosphate cytidylyltransferase 1, choline, beta isoform"
"Nup85",0.0357787733610939,0.6384,"11","nucleoporin 85"
"Mat2a",-0.0357751464521963,0.8244,"6","methionine adenosyltransferase II, alpha"
"Timm21",-0.0356917963261667,0.678,"18","translocase of inner mitochondrial membrane 21"
"Myl6b",0.0356464076848781,0.902,"10","myosin, light polypeptide 6B"
"Rad50",-0.0356439066449328,0.8764,"11","RAD50 double strand break repair protein"
"Slc39a13",0.0356348669169577,0.694,"2","solute carrier family 39 (metal ion transporter), member 13"
"Kdm1a",0.0355764599698682,0.5424,"4","lysine (K)-specific demethylase 1A"
"Ube2n",0.0355743174004282,0.6068,"10","ubiquitin-conjugating enzyme E2N"
"Alyref",0.0355692022971841,0.8364,"11","Aly/REF export factor"
"Alg2",-0.0355629729645193,0.5948,"4","asparagine-linked glycosylation 2 (alpha-1,3-mannosyltransferase)"
"Ythdf1",0.0355217620664847,0.424,"2","YTH N6-methyladenosine RNA binding protein 1"
"Zscan20",0.0355215441588546,0.8428,"4","zinc finger and SCAN domains 20"
"Taf4b",0.0354920781042578,0.7964,"18","TATA-box binding protein associated factor 4b"
"Dipk1a",0.0354614460686324,0.7072,"5","divergent protein kinase domain 1A"
"Cx3cl1",0.035445759960858,0.652,"8","chemokine (C-X3-C motif) ligand 1"
"Prdm11",-0.0354376291709499,0.8372,"2","PR domain containing 11"
"Ipo8",-0.0354367009157581,0.8224,"6","importin 8"
"Zfp251",0.0354179262256489,0.8472,"15","zinc finger protein 251"
"Rubcn",-0.0354115829386892,0.2796,"16","RUN domain and cysteine-rich domain containing, Beclin 1-interacting protein"
"Patz1",-0.035367464418246,0.8096,"11","POZ (BTB) and AT hook containing zinc finger 1"
"Nin",-0.0353533284881955,0.8716,"12","ninein"
"Tmed10",-0.0353402014273909,0.5852,"12","transmembrane p24 trafficking protein 10"
"Pcnx4",-0.0353298129148216,0.908,"12","pecanex homolog 4"
"Nol10",-0.0353229660050465,0.6392,"12","nucleolar protein 10"
"Jakmip2",-0.035312015776757,0.8196,"18","janus kinase and microtubule interacting protein 2"
"Sirt1",-0.0353069783183306,0.8868,"10","sirtuin 1"
"Adamtsl4",0.0352296886456567,0.852,"3","ADAMTS-like 4"
"Syna",-0.0352155133711438,0.674,"5","syncytin a"
"Btbd1",0.0351712307223826,0.6356,"7","BTB (POZ) domain containing 1"
"Slc35a1",0.035160461167496,0.6128,"4","solute carrier family 35 (CMP-sialic acid transporter), member 1"
"Dennd6a",-0.0351575092236862,0.7952,"14","DENN/MADD domain containing 6A"
"Actg1",0.0351436959534563,0.6472,"11","actin, gamma, cytoplasmic 1"
"Kndc1",0.0351421066173403,0.8604,"7","kinase non-catalytic C-lobe domain (KIND) containing 1"
"Tmem29",0.0351411391466643,0.7656,"X","transmembrane protein 29"
"Fam117a",0.0351215624544712,0.7772,"11","family with sequence similarity 117, member A"
"Agtrap",-0.0351156611857144,0.7548,"4","angiotensin II, type I receptor-associated protein"
"Septin10",0.0351041947422672,0.9264,"10","septin 10"
"Pcnt",-0.0350815294314764,0.8,"10","pericentrin (kendrin)"
"Fam168b",0.0350446420816777,0.5788,"1","family with sequence similarity 168, member B"
"Creld1",-0.0350365287502825,0.7556,"6","cysteine-rich with EGF-like domains 1"
"Med26",-0.0350279200181114,0.6856,"8","mediator complex subunit 26"
"Cct2",-0.0350084083326134,0.7736,"10","chaperonin containing Tcp1, subunit 2 (beta)"
"Tbpl1",0.0350014097324767,0.7912,"10","TATA box binding protein-like 1"
"Hdgfl3",0.0349862341008027,0.4952,"7","HDGF like 3"
"Whamm",-0.0349826278035534,0.7392,"7","WAS protein homolog associated with actin, golgi membranes and microtubules"
"Atxn7l2",0.0349500038699961,0.8292,"3","ataxin 7-like 2"
"Ttc19",-0.0349307042170883,0.552,"11","tetratricopeptide repeat domain 19"
"Ptpn9",-0.0349306265285856,0.6884,"9","protein tyrosine phosphatase, non-receptor type 9"
"A630072M18Rik",0.0349252229813626,0.7324,"5","RIKEN cDNA A630072M18 gene"
"Spidr",0.0349223993551262,0.6164,"16","scaffolding protein involved in DNA repair"
"Nkd2",0.0348829795865866,0.8848,"13","naked cuticle 2"
"Cep95",-0.0348783430645709,0.8472,"11","centrosomal protein 95"
"Irf2bp2",0.0348604769594347,0.6908,"8","interferon regulatory factor 2 binding protein 2"
"Ranbp1",-0.0348285540944762,0.8028,"16","RAN binding protein 1"
"Rhob",0.0348029369019613,0.7892,"12","ras homolog family member B"
"Kcnc1",-0.0347542518002797,0.7676,"7","potassium voltage gated channel, Shaw-related subfamily, member 1"
"Ric3",-0.0347377005082885,0.7156,"7","RIC3 acetylcholine receptor chaperone"
"Ergic1",-0.0347009218701206,0.7948,"17","endoplasmic reticulum-golgi intermediate compartment (ERGIC) 1"
"Ssh3",-0.0346811917840615,0.8528,"19","slingshot protein phosphatase 3"
"Ccne1",0.0346706745789986,0.8216,"7","cyclin E1"
"Brap",0.0346666642858162,0.3936,"5","BRCA1 associated protein"
"Lzts3",-0.0346622361453424,0.61,"2","leucine zipper, putative tumor suppressor family member 3"
"Smoc1",-0.0346441254569361,0.876,"12","SPARC related  modular calcium binding 1"
"Shc1",-0.0346406523421714,0.7364,"3","src homology 2 domain-containing transforming protein C1"
"Stk32a",-0.034599827212231,0.8932,"18","serine/threonine kinase 32A"
"Rasal1",0.0345599385421052,0.9156,"5","RAS protein activator like 1 (GAP1 like)"
"Sema4d",-0.034543669685136,0.658,"13","sema domain, immunoglobulin domain (Ig), transmembrane domain (TM) and short cytoplasmic domain, (semaphorin) 4D"
"Hsf4",0.0345309918426029,0.9192,"8","heat shock transcription factor 4"
"Heatr6",0.0345258175858136,0.7732,"11","HEAT repeat containing 6"
"Sema4c",-0.0345224455356501,0.8748,"1","sema domain, immunoglobulin domain (Ig), transmembrane domain (TM) and short cytoplasmic domain, (semaphorin) 4C"
"Nlgn2",0.0345077419299926,0.5848,"11","neuroligin 2"
"Cntn2",0.0344526919554857,0.7312,"1","contactin 2"
"Stub1",0.0344406395151156,0.6512,"17","STIP1 homology and U-Box containing protein 1"
"Aplp1",0.0344012294226097,0.8252,"7","amyloid beta (A4) precursor-like protein 1"
"Dcp1b",0.0344004099489004,0.7532,"6","decapping mRNA 1B"
"Wdr59",0.034385615370323,0.8392,"8","WD repeat domain 59"
"Trmt44",0.0343812149926408,0.81,"5","tRNA methyltransferase 44"
"Tsc22d1",0.03438064931977,0.7412,"14","TSC22 domain family, member 1"
"Spag6l",0.0343633662656178,0.9292,"16","sperm associated antigen 6-like"
"Zfp40",-0.0343550482337491,0.8388,"17","zinc finger protein 40"
"Zbtb9",-0.0343351047745881,0.6812,"17","zinc finger and BTB domain containing 9"
"Dlc1",-0.0343203816068707,0.8484,"8","deleted in liver cancer 1"
"Ogfod3",0.034296829591677,0.8668,"11","2-oxoglutarate and iron-dependent oxygenase domain containing 3"
"Sqle",-0.0342872251164756,0.7936,"15","squalene epoxidase"
"Atp1b3",0.0342774059034072,0.8212,"9","ATPase, Na+/K+ transporting, beta 3 polypeptide"
"Slc6a11",-0.0342738355680972,0.6168,"6","solute carrier family 6 (neurotransmitter transporter, GABA), member 11"
"Meak7",-0.0342508125173357,0.6716,"8","MTOR associated protein, eak-7 homolog"
"D930048N14Rik",0.0342502405212133,0.8664,"11","RIKEN cDNA D930048N14 gene"
"Tjp3",-0.0342264359647342,0.9312,"10","tight junction protein 3"
"Axl",0.0342141783770469,0.7552,"7","AXL receptor tyrosine kinase"
"Plekhb2",0.0342110059401977,0.6712,"1","pleckstrin homology domain containing, family B (evectins) member 2"
"Rnf121",0.0342017054019639,0.8556,"7","ring finger protein 121"
"Pcdhb22",-0.0341947076395293,0.8928,"18","protocadherin beta 22"
"Cdca4",0.0341844618891769,0.828,"12","cell division cycle associated 4"
"Slc35d1",-0.0341628590176395,0.4696,"4","solute carrier family 35 (UDP-glucuronic acid/UDP-N-acetylgalactosamine dual transporter), member D1"
"Papss1",-0.0341445843182457,0.7096,"3","3'-phosphoadenosine 5'-phosphosulfate synthase 1"
"Cpne7",-0.0341358943070933,0.864,"8","copine VII"
"Oplah",0.034122568331469,0.7392,"15","5-oxoprolinase (ATP-hydrolysing)"
"Vamp2",-0.0341124901000249,0.5932,"11","vesicle-associated membrane protein 2"
"Homez",-0.0341120327568882,0.9024,"14","homeodomain leucine zipper-encoding gene"
"Cep250",0.0341012688871603,0.864,"2","centrosomal protein 250"
"Rasd2",-0.0340887414938482,0.8556,"8","RASD family, member 2"
"Vps25",0.0340837306924477,0.8952,"11","vacuolar protein sorting 25"
"Pum3",0.0340640801309222,0.7836,"19","pumilio RNA-binding family member 3"
"Epb41l4a",0.0340440070397667,0.838,"18","erythrocyte membrane protein band 4.1 like 4a"
"Msh2",-0.0340128845377921,0.8996,"17","mutS homolog 2"
"Eif2s3x",0.0340031210346927,0.8904,"X","eukaryotic translation initiation factor 2, subunit 3, structural gene X-linked"
"Dlg5",-0.0339600750380269,0.8144,"14","discs large MAGUK scaffold protein 5"
"Sri",0.0339552113623407,0.8364,"5","sorcin"
"Abracl",0.0339376379288394,0.9188,"10","ABRA C-terminal like"
"Psma6",0.0339196917395679,0.8676,"12","proteasome subunit alpha 6"
"Polr3a",-0.0339157701910082,0.8472,"14","polymerase (RNA) III (DNA directed) polypeptide A"
"Gipc3",0.0339112175325305,0.8668,"10","GIPC PDZ domain containing family, member 3"
"Lhx9",-0.0338561874163505,0.794,"1","LIM homeobox protein 9"
"Trmt6",0.033846122534138,0.7228,"2","tRNA methyltransferase 6"
"Tmem74",-0.0338207718305079,0.9592,"15","transmembrane protein 74"
"Ift172",0.0338203239765376,0.8464,"5","intraflagellar transport 172"
"Ints14",-0.033819747868411,0.586,"9","integrator complex subunit 14"
"Rftn2",-0.0337608272159367,0.788,"1","raftlin family member 2"
"1700066M21Rik",-0.0337500912953486,0.938,"1","RIKEN cDNA 1700066M21 gene"
"Tmem248",-0.0337427930181926,0.5928,"5","transmembrane protein 248"
"Glb1l",0.0337361144882466,0.8724,"1","galactosidase, beta 1-like"
"Tubgcp4",0.0337330350667902,0.8592,"2","tubulin, gamma complex associated protein 4"
"Tmem132b",-0.0337110510506706,0.8852,"5","transmembrane protein 132B"
"Eloa",-0.03369932952097,0.3504,"4","elongin A"
"Akt3",-0.0336847584691951,0.8024,"1","thymoma viral proto-oncogene 3"
"Thnsl1",0.0336838484738786,0.8552,"2","threonine synthase-like 1 (bacterial)"
"Plbd2",0.0336708494371152,0.8232,"5","phospholipase B domain containing 2"
"Scrn1",-0.03364489565684,0.918,"6","secernin 1"
"Psmc1",0.0336346916102963,0.6992,"12","protease (prosome, macropain) 26S subunit, ATPase 1"
"Gpr137c",0.0336268502029862,0.9844,"14","G protein-coupled receptor 137C"
"Aagab",0.0336165847698364,0.7012,"9","alpha- and gamma-adaptin binding protein"
"Uvrag",0.033613989619572,0.842,"7","UV radiation resistance associated gene"
"Fbxl12",0.0335986528843693,0.7272,"9","F-box and leucine-rich repeat protein 12"
"Hspa9",-0.0335954328261154,0.634,"18","heat shock protein 9"
"Dkk3",0.0335830412527223,0.7448,"7","dickkopf WNT signaling pathway inhibitor 3"
"Ccny",-0.0335794996136887,0.4852,"18","cyclin Y"
"B4gat1",0.0335506274305848,0.7964,"19","beta-1,4-glucuronyltransferase 1"
"Arl1",-0.0335381851431613,0.932,"10","ADP-ribosylation factor-like 1"
"Acot9",0.0335266717584126,0.6764,"X","acyl-CoA thioesterase 9"
"Napepld",-0.0335226446514394,0.948,"5","N-acyl phosphatidylethanolamine phospholipase D"
"Ccdc22",-0.033494434849171,0.682,"X","coiled-coil domain containing 22"
"Rnf39",0.0334860459871278,0.9256,"17","ring finger protein 39"
"Osbpl9",0.0334570467210229,0.4824,"4","oxysterol binding protein-like 9"
"2610008E11Rik",-0.0334503934889687,0.6884,"10","RIKEN cDNA 2610008E11 gene"
"Rnf115",-0.0334454295904765,0.8748,"3","ring finger protein 115"
"Dpf2",-0.0334428013980324,0.7024,"19","double PHD fingers 2"
"Nfatc2",0.0334300696843597,0.82,"2","nuclear factor of activated T cells, cytoplasmic, calcineurin dependent 2"
"Fra10ac1",-0.0334055857070603,0.7888,"19","FRA10AC1 homolog (human)"
"Arpc5",0.0333894214588284,0.6144,"1","actin related protein 2/3 complex, subunit 5"
"Cct5",0.0333856424680743,0.612,"15","chaperonin containing Tcp1, subunit 5 (epsilon)"
"Thrap3",-0.0333696539467816,0.4764,"4","thyroid hormone receptor associated protein 3"
"Tcp1",0.0333511239573756,0.7244,"17","t-complex protein 1"
"Ppp6r2",0.033317227929742,0.4236,"15","protein phosphatase 6, regulatory subunit 2"
"Tbc1d10b",0.0333125108048478,0.7828,"7","TBC1 domain family, member 10b"
"Dyrk3",0.0332995708161126,0.8036,"1","dual-specificity tyrosine-(Y)-phosphorylation regulated kinase 3"
"Rad52",0.0332877046410687,0.8428,"6","RAD52 homolog, DNA repair protein"
"Pmm2",0.033272572626923,0.8856,"16","phosphomannomutase 2"
"Smim4",-0.0332345697255665,0.836,"14","small integral membrane protein 4"
"Eml4",-0.0332245646576581,0.826,"17","echinoderm microtubule associated protein like 4"
"Dctd",-0.0332167707757818,0.7872,"8","dCMP deaminase"
"Insc",-0.0332119540947424,0.8764,"7","INSC spindle orientation adaptor protein"
"A930004D18Rik",0.0331886229939098,0.8584,"2","RIKEN cDNA A930004D18 gene"
"Phf24",0.0331156849497862,0.6556,"4","PHD finger protein 24"
"Daam2",-0.0331106762648599,0.828,"17","dishevelled associated activator of morphogenesis 2"
"Lbr",-0.0331068905970517,0.7528,"1","lamin B receptor"
"L2hgdh",0.0330950088088202,0.8116,"12","L-2-hydroxyglutarate dehydrogenase"
"Pitpnm2",-0.03309121219419,0.8688,"5","phosphatidylinositol transfer protein, membrane-associated 2"
"Cog5",0.033090336993518,0.8968,"12","component of oligomeric golgi complex 5"
"Cacna1i",-0.0330702502616296,0.8408,"15","calcium channel, voltage-dependent, alpha 1I subunit"
"Ap3m2",-0.0330624464405069,0.7692,"8","adaptor-related protein complex 3, mu 2 subunit"
"Hspb11",0.0330456865744391,0.7968,"4","heat shock protein family B (small), member 11"
"Dpysl2",0.033026690262643,0.9052,"14","dihydropyrimidinase-like 2"
"Usp48",-0.0330055267889762,0.824,"4","ubiquitin specific peptidase 48"
"Ak6",0.0329920100237464,0.8068,"13","adenylate kinase 6"
"Ak6",0.0329920100237464,0.8068,"13","adenylate kinase 6"
"Impa1",-0.0329617169696208,0.8676,"3","inositol (myo)-1(or 4)-monophosphatase 1"
"Taf9",-0.0329500270315481,0.7872,"13","TATA-box binding protein associated factor 9"
"Cyb561d1",0.0329275225702768,0.6748,"3","cytochrome b-561 domain containing 1"
"Rab7",-0.0329148195109834,0.6648,"6","RAB7, member RAS oncogene family"
"Bcap29",-0.0329051769606608,0.7592,"12","B cell receptor associated protein 29"
"Aldh3a2",-0.0328810266952928,0.7708,"11","aldehyde dehydrogenase family 3, subfamily A2"
"Snrpb",0.0328491253740584,0.8276,"2","small nuclear ribonucleoprotein B"
"Kif13b",0.0328399165607447,0.7864,"14","kinesin family member 13B"
"Mis12",-0.0328366008095475,0.5828,"11","MIS12 kinetochore complex component"
"Kcnj12",-0.0328217248655416,0.8452,"11","potassium inwardly-rectifying channel, subfamily J, member 12"
"Wnk2",0.032801564192896,0.7776,"13","WNK lysine deficient protein kinase 2"
"Add2",0.0328006334196154,0.8884,"6","adducin 2 (beta)"
"Wrnip1",-0.0327397387196005,0.8112,"13","Werner helicase interacting protein 1"
"Map1lc3b",0.0327364429984023,0.7916,"8","microtubule-associated protein 1 light chain 3 beta"
"Tlcd1",-0.0327117081847814,0.7896,"11","TLC domain containing 1"
"9530068E07Rik",0.0326815996972689,0.7916,"11","RIKEN cDNA 9530068E07 gene"
"Gpsm2",-0.0326666294984843,0.6164,"3","G-protein signalling modulator 2 (AGS3-like, C. elegans)"
"Lzic",-0.0326235082455799,0.762,"4","leucine zipper and CTNNBIP1 domain containing"
"Mta1",0.0326194926160674,0.808,"12","metastasis associated 1"
"Ei24",0.0325865830669994,0.8064,"9","etoposide induced 2.4 mRNA"
"Cpne2",-0.0325646581696288,0.8552,"8","copine II"
"Cfp",0.0325522761880412,0.8908,"X","complement factor properdin"
"Kif3b",0.0325284048969046,0.9172,"2","kinesin family member 3B"
"Caskin1",0.0325039981070381,0.8216,"17","CASK interacting protein 1"
"Dab1",-0.0324999748025645,0.306,"4","disabled 1"
"Uba1",-0.0324792735701624,0.7068,"X","ubiquitin-like modifier activating enzyme 1"
"Zdhhc24",0.0324721885577972,0.8112,"19","zinc finger, DHHC domain containing 24"
"Trip6",0.0324617995788214,0.8544,"5","thyroid hormone receptor interactor 6"
"Lrrn3",0.0324511808377963,0.8344,"12","leucine rich repeat protein 3, neuronal"
"Chic1",-0.0323772052784781,0.7784,"X","cysteine-rich hydrophobic domain 1"
"Hax1",0.0323433070661814,0.8372,"3","HCLS1 associated X-1"
"Marchf1",-0.0323310004869768,0.8992,"8","membrane associated ring-CH-type finger 1"
"Cnbp",0.0323278080607032,0.8392,"6","cellular nucleic acid binding protein"
"Msl3",-0.0323125815828451,0.6704,"X","MSL complex subunit 3"
"Abhd2",-0.0323076767170347,0.9516,"7","abhydrolase domain containing 2"
"Etf1",-0.0322345544077685,0.8356,"18","eukaryotic translation termination factor 1"
"Ptpro",-0.0322137462524479,0.8612,"6","protein tyrosine phosphatase, receptor type, O"
"Slc9a9",-0.0322123342582841,0.786,"9","solute carrier family 9 (sodium/hydrogen exchanger), member 9"
"Pdha1",0.0322015289279936,0.7684,"X","pyruvate dehydrogenase E1 alpha 1"
"Gm14325",0.0321892806558992,0.7536,"2","predicted gene 14325"
"Ino80",0.0321815608563503,0.7652,"2","INO80 complex subunit"
"Ipo11",0.0321779340302797,0.8144,"13","importin 11"
"Zcchc18",-0.0321613736103057,0.7556,"X","zinc finger, CCHC domain containing 18"
"Ttll12",-0.0321502537695073,0.7544,"15","tubulin tyrosine ligase-like family, member 12"
"Cspg4",-0.0321415185010707,0.938,"9","chondroitin sulfate proteoglycan 4"
"Ermp1",-0.0321281721880329,0.6352,"19","endoplasmic reticulum metallopeptidase 1"
"Zfyve1",0.0321207984330689,0.6392,"12","zinc finger, FYVE domain containing 1"
"Rcor3",-0.0321171839262071,0.9348,"1","REST corepressor 3"
"Nell1",-0.0320981309910096,0.8008,"7","NEL-like 1"
"9430015G10Rik",-0.0320515277464066,0.7428,"4","RIKEN cDNA 9430015G10 gene"
"Dmtn",-0.0320473137483486,0.8,"14","dematin actin binding protein"
"Nostrin",-0.0320381101636653,0.9088,"2","nitric oxide synthase trafficker"
"Cd59a",-0.0320280861060147,0.8524,"2","CD59a antigen"
"Depdc5",-0.031975718946228,0.77,"5","DEP domain containing 5"
"Shisa5",-0.0319149546819189,0.714,"9","shisa family member 5"
"Atxn10",0.0319037533131592,0.7756,"15","ataxin 10"
"Ap4m1",0.0319017176972278,0.67,"5","adaptor-related protein complex AP-4, mu 1"
"Kazn",-0.0318401450278358,0.7476,"4","kazrin, periplakin interacting protein"
"Pdcd2l",0.0318359303556059,0.836,"7","programmed cell death 2-like"
"Kmt2b",0.0318077032939428,0.7648,"7","lysine (K)-specific methyltransferase 2B"
"Ubqln1",-0.0318061370336329,0.6892,"13","ubiquilin 1"
"Ddx6",-0.0317334802203959,0.84,"9","DEAD (Asp-Glu-Ala-Asp) box polypeptide 6"
"Spice1",-0.0317317995540947,0.794,"16","spindle and centriole associated protein 1"
"Dph3",0.0316966504621581,0.8088,"14","diphthamine biosynthesis 3"
"Eri1",-0.0316914523885647,0.7656,"8","exoribonuclease 1"
"Pitrm1",0.0316866963158766,0.6864,"13","pitrilysin metallepetidase 1"
"Stambpl1",0.0316516667533557,0.83,"19","STAM binding protein like 1"
"Edc4",0.0316428588716082,0.7492,"8","enhancer of mRNA decapping 4"
"Tac1",-0.0316395868527999,0.9568,"6","tachykinin 1"
"Supt5",0.0316350127355252,0.8696,"7","suppressor of Ty 5, DSIF elongation factor subunit"
"Scyl3",-0.0316310224144178,0.634,"1","SCY1-like 3 (S. cerevisiae)"
"Tm2d3",0.0316191550913851,0.9056,"7","TM2 domain containing 3"
"Fbxo25",-0.0315989103855312,0.9512,"8","F-box protein 25"
"2900076A07Rik",-0.0315816494486798,0.8896,"7","RIKEN cDNA 2900076A07 gene"
"Rab3a",-0.0315715430201866,0.736,"8","RAB3A, member RAS oncogene family"
"Trmt2b",0.0315642105411351,0.7932,"X","TRM2 tRNA methyltransferase 2B"
"Seh1l",-0.0315458223076854,0.8916,"18","SEH1-like (S. cerevisiae"
"Wee1",-0.031545219144725,0.88,"7","WEE 1 homolog 1 (S. pombe)"
"Gon4l",-0.0315285752333549,0.916,"3","gon-4-like (C.elegans)"
"Impact",-0.0315104055238278,0.7004,"18","impact, RWD domain protein"
"Errfi1",-0.0314980883924108,0.9568,"4","ERBB receptor feedback inhibitor 1"
"Zfand3",-0.0314583880687396,0.7284,"17","zinc finger, AN1-type domain 3"
"Tll2",0.0314492393575554,0.908,"19","tolloid-like 2"
"1700001L19Rik",0.031381017425713,0.8516,"13","RIKEN cDNA 1700001L19 gene"
"Plod1",0.0312692601508822,0.754,"4","procollagen-lysine, 2-oxoglutarate 5-dioxygenase 1"
"Exoc3",0.0312675132395741,0.7904,"13","exocyst complex component 3"
"Ap2a1",0.031254081341487,0.5276,"7","adaptor-related protein complex 2, alpha 1 subunit"
"Pacc1",-0.0312231881419405,0.7564,"1","proton activated chloride channel 1"
"Lin54",-0.0311884943994389,0.908,"5","lin-54 DREAM MuvB core complex component"
"Lamtor3",0.0311052491277346,0.8436,"3","late endosomal/lysosomal adaptor, MAPK and MTOR activator 3"
"Zc4h2",-0.0310755260216697,0.816,"X","zinc finger, C4H2 domain containing"
"Hnmt",-0.0310479113040412,0.674,"2","histamine N-methyltransferase"
"Camsap1",0.0310399448995771,0.8276,"2","calmodulin regulated spectrin-associated protein 1"
"Usb1",-0.0310227890581767,0.876,"8","U6 snRNA biogenesis 1"
"Pmf1",-0.0309955581929955,0.8984,"3","polyamine-modulated factor 1"
"Rasa3",-0.0309949406047423,0.4512,"8","RAS p21 protein activator 3"
"Nkap",-0.0309896012861715,0.7568,"X","NFKB activating protein"
"Rnf112",0.0309808029227998,0.8488,"11","ring finger protein 112"
"Ankrd50",-0.030970317404388,0.8792,"3","ankyrin repeat domain 50"
"Cpne6",0.0309541061734819,0.742,"14","copine VI"
"Rbfox2",-0.0309505225990883,0.6816,"15","RNA binding protein, fox-1 homolog (C. elegans) 2"
"BC005537",-0.0309423794741717,0.7924,"13","cDNA sequence BC005537"
"Smarcal1",0.0309054526857038,0.658,"1","SWI/SNF related matrix associated, actin dependent regulator of chromatin, subfamily a-like 1"
"Skp2",0.0308933304386021,0.878,"15","S-phase kinase-associated protein 2"
"Fbxl16",0.0308752227726394,0.8784,"17","F-box and leucine-rich repeat protein 16"
"Lsm2",0.0308744638620584,0.9024,"17","LSM2 homolog, U6 small nuclear RNA and mRNA degradation associated"
"Unk",0.0308613932718353,0.6996,"11","unkempt family zinc finger"
"Amy1",-0.030840960342339,0.9284,"3","amylase 1, salivary"
"Angel2",0.0308270319256545,0.7976,"1","angel homolog 2"
"Fkbp3",0.0308161661083117,0.7996,"12","FK506 binding protein 3"
"Zfp7",-0.0308128669359844,0.884,"15","zinc finger protein 7"
"Mmab",0.0307943283161984,0.7564,"5","methylmalonic aciduria (cobalamin deficiency) cblB type homolog (human)"
"Tinagl1",-0.0307656452808525,0.9164,"4","tubulointerstitial nephritis antigen-like 1"
"Ppm1g",0.0307449000794717,0.606,"5","protein phosphatase 1G (formerly 2C), magnesium-dependent, gamma isoform"
"Polr2m",-0.03073214049508,0.824,"9","polymerase (RNA) II (DNA directed) polypeptide M"
"Add1",0.0307236537652642,0.5692,"5","adducin 1 (alpha)"
"Ythdf2",-0.0307080734617591,0.884,"4","YTH N6-methyladenosine RNA binding protein 2"
"Med4",0.0306950774239834,0.8688,"14","mediator complex subunit 4"
"Ccz1",0.0306802021068115,0.7668,"5","CCZ1 vacuolar protein trafficking and biogenesis associated"
"Lonrf3",-0.0306769348865759,0.782,"X","LON peptidase N-terminal domain and ring finger 3"
"Anxa6",0.0306736393639904,0.7624,"11","annexin A6"
"Amph",0.0306519185877017,0.8008,"13","amphiphysin"
"Mtap",0.0306342789089502,0.8148,"4","methylthioadenosine phosphorylase"
"Brip1os",-0.0305950116339986,0.816,"11","BRCA1 interacting protein C-terminal helicase 1, opposite strand"
"Pa2g4",0.0305941814404278,0.736,"10","proliferation-associated 2G4"
"Ccnj",-0.0305819248881858,0.7864,"19","cyclin J"
"Phc1",-0.030544382628924,0.7432,"6","polyhomeotic 1"
"Ttc13",-0.0305435876644893,0.7684,"8","tetratricopeptide repeat domain 13"
"Brpf1",0.0305423973725567,0.828,"6","bromodomain and PHD finger containing, 1"
"Pofut1",-0.0305346305872787,0.6288,"2","protein O-fucosyltransferase 1"
"Cdyl2",-0.0305287003986145,0.8468,"8","chromodomain protein, Y chromosome-like 2"
"Mtch2",-0.0305179224004135,0.6576,"2","mitochondrial carrier 2"
"C030018K13Rik",-0.030515416110892,0.81,"5","RIKEN cDNA C030018K13 gene"
"Rab11b",0.0304738268466602,0.8712,"17","RAB11B, member RAS oncogene family"
"Flrt3",-0.0304631888320746,0.8744,"2","fibronectin leucine rich transmembrane protein 3"
"Cep76",0.0304464299197962,0.8484,"18","centrosomal protein 76"
"4933421O10Rik",-0.0304342586912698,0.752,"4","RIKEN cDNA 4933421O10 gene"
"Mbtps1",0.0304282715369961,0.3952,"8","membrane-bound transcription factor peptidase, site 1"
"Fam149b",-0.0303969841581937,0.8804,"14","family with sequence similarity 149, member B"
"Dut",-0.0303821261462449,0.848,"2","deoxyuridine triphosphatase"
"Gse1",-0.0303731377058876,0.6488,"8","genetic suppressor element 1, coiled-coil protein"
"Eny2",-0.0303662339882331,0.9808,"15","ENY2 transcription and export complex 2 subunit"
"Erg28",0.0303432594330895,0.8384,"12","ergosterol biosynthesis 28"
"Gm5577",-0.0303046478607998,0.9232,"6","predicted gene 5577"
"Rbm45",-0.03026447204814,0.8192,"2","RNA binding motif protein 45"
"Tmem199",0.0302644275174044,0.798,"11","transmembrane protein 199"
"Agl",-0.030262180065904,0.73,"3","amylo-1,6-glucosidase, 4-alpha-glucanotransferase"
"Rhot1",-0.0302441067528596,0.8784,"11","ras homolog family member T1"
"Ankrd40",0.0302325957777247,0.8444,"11","ankyrin repeat domain 40"
"Xpo5",-0.0302056999753235,0.688,"17","exportin 5"
"Zfp772",0.0301941428759389,0.8752,"7","zinc finger protein 772"
"Armh3",-0.0301728748762029,0.8864,"19","armadillo-like helical domain containing 3"
"Sec22a",0.0301521030641054,0.8196,"16","SEC22 homolog A, vesicle trafficking protein"
"G6pdx",0.0301466914531128,0.8324,"X","glucose-6-phosphate dehydrogenase X-linked"
"Hprt",-0.0300649904762329,0.7984,"X","hypoxanthine guanine phosphoribosyl transferase"
"Dstn",0.0300436380961679,0.8156,"2","destrin"
"Cdc42bpa",-0.0300269571046154,0.704,"1","CDC42 binding protein kinase alpha"
"Sun1",-0.0300091483823284,0.7292,"5","Sad1 and UNC84 domain containing 1"
"Vezt",-0.0300010005031357,0.6528,"10","vezatin, adherens junctions transmembrane protein"
"Ndufaf1",0.0299957521594019,0.7504,"2","NADH:ubiquinone oxidoreductase complex assembly factor 1"
"Plekho2",0.0299649726312881,0.8064,"9","pleckstrin homology domain containing, family O member 2"
"Dhx40",-0.0299021899689498,0.9112,"11","DEAH (Asp-Glu-Ala-His) box polypeptide 40"
"Zfp664",-0.0298846366035779,0.298,"5","zinc finger protein 664"
"Ube4a",-0.0298832203551216,0.8492,"9","ubiquitination factor E4A"
"Map4",-0.0298729017433104,0.7668,"9","microtubule-associated protein 4"
"Fscn1",0.0298648469016332,0.9096,"5","fascin actin-bundling protein 1"
"Crot",0.0298621840985929,0.8212,"5","carnitine O-octanoyltransferase"
"Ist1",-0.0298617829384282,0.5848,"8","increased sodium tolerance 1 homolog (yeast)"
"Scd2",-0.0298268418194798,0.7628,"19","stearoyl-Coenzyme A desaturase 2"
"Fbll1",0.0297999749547584,0.894,"11","fibrillarin-like 1"
"Cyb5d2",0.029798125885665,0.8168,"11","cytochrome b5 domain containing 2"
"Fads2",0.0297865322199051,0.8636,"19","fatty acid desaturase 2"
"Cyb5b",0.0297858060147673,0.788,"8","cytochrome b5 type B"
"C630043F03Rik",0.0297402302360394,0.8064,"4","RIKEN cDNA C630043F03 gene"
"Strada",0.0297230707361944,0.8952,"11","STE20-related kinase adaptor alpha"
"Prkce",-0.0297068995162881,0.5312,"17","protein kinase C, epsilon"
"Cdk11b",0.0296736108795566,0.8112,"4","cyclin-dependent kinase 11B"
"C2cd2",0.0296707907039231,0.8216,"16","C2 calcium-dependent domain containing 2"
"Minar2",-0.0296326094740245,0.8504,"18","membrane integral NOTCH2 associated receptor 2"
"Gm15663",0.0296041658374229,0.7216,"10","predicted gene 15663"
"Rab1a",-0.0295981125184248,0.8004,"11","RAB1A, member RAS oncogene family"
"Ube2e3",-0.0295803141575428,0.7424,"2","ubiquitin-conjugating enzyme E2E 3"
"Kcns2",0.0295765959812604,0.7928,"15","K+ voltage-gated channel, subfamily S, 2"
"Atp5a1",0.0295644011078924,0.6752,"18","ATP synthase, H+ transporting, mitochondrial F1 complex, alpha subunit 1"
"Chp1",-0.0295490789596817,0.5572,"2","calcineurin-like EF hand protein 1"
"Nkiras1",0.0294864047962928,0.7,"14","NFKB inhibitor interacting Ras-like protein 1"
"Rtl6",-0.0294681627205291,0.5396,"15","retrotransposon Gag like 6"
"Zfp423",-0.0293746251651412,0.754,"8","zinc finger protein 423"
"Gdap2",-0.0293622359152153,0.7028,"3","ganglioside-induced differentiation-associated-protein 2"
"Rmi1",0.0293558556392433,0.8588,"13","RecQ mediated genome instability 1"
"Zfp868",-0.0293513732321236,0.6872,"8","zinc finger protein 868"
"Sipa1l1",-0.0293419596864446,0.6176,"12","signal-induced proliferation-associated 1 like 1"
"Cdc42",0.0292806778296457,0.7816,"4","cell division cycle 42"
"Slc25a23",-0.0292588673325067,0.8832,"17","solute carrier family 25 (mitochondrial carrier; phosphate carrier), member 23"
"Dennd4b",0.0292522594070386,0.6528,"3","DENN/MADD domain containing 4B"
"Socs5",0.0292400832604791,0.6744,"17","suppressor of cytokine signaling 5"
"Sgsm1",0.0292273789625348,0.776,"5","small G protein signaling modulator 1"
"Zfp511",0.0292227225928707,0.8892,"7","zinc finger protein 511"
"Tmem43",0.0292148234672531,0.5636,"6","transmembrane protein 43"
"Inpp4a",-0.0292040019983526,0.7664,"1","inositol polyphosphate-4-phosphatase, type I"
"Epn2",-0.0291860471524226,0.7332,"11","epsin 2"
"Sin3b",0.0291333043335085,0.8032,"8","transcriptional regulator, SIN3B (yeast)"
"Adra2a",0.0291132480629788,0.7748,"19","adrenergic receptor, alpha 2a"
"Cfap300",-0.0291112735399928,0.8416,"9","cilia and flagella associated protein 300"
"Bbs2",0.0290908694012142,0.7408,"8","Bardet-Biedl syndrome 2 (human)"
"Fbln1",-0.0290908420047464,0.8472,"15","fibulin 1"
"Scg3",-0.0290813884330934,0.7756,"9","secretogranin III"
"Mbd2",-0.0290749955308005,0.7176,"18","methyl-CpG binding domain protein 2"
"Oxnad1",0.0290689084529676,0.7944,"14","oxidoreductase NAD-binding domain containing 1"
"P2rx7",-0.0290459417676301,0.8556,"5","purinergic receptor P2X, ligand-gated ion channel, 7"
"Sprtn",-0.0290417076566865,0.8672,"8","SprT-like N-terminal domain"
"Snrpc",0.0290176155474251,0.884,"17","U1 small nuclear ribonucleoprotein C"
"Arhgef17",0.0290071560145435,0.7832,"7","Rho guanine nucleotide exchange factor (GEF) 17"
"Slc25a51",-0.0289846580309145,0.7208,"4","solute carrier family 25, member 51"
"4933427D14Rik",-0.0289662938373603,0.8852,"11","RIKEN cDNA 4933427D14 gene"
"4933427D14Rik",-0.0289662938373603,0.8852,"11","RIKEN cDNA 4933427D14 gene"
"4933427D14Rik",-0.0289662938373603,0.8852,"11","RIKEN cDNA 4933427D14 gene"
"Bmp1",-0.0289480798967467,0.902,"14","bone morphogenetic protein 1"
"Rlbp1",0.0289436729865686,0.8684,"7","retinaldehyde binding protein 1"
"Ruvbl1",-0.028939501980922,0.8152,"6","RuvB-like protein 1"
"Nup188",-0.0289039546039049,0.7236,"2","nucleoporin 188"
"Nnat",0.0288661927412805,0.886,"2","neuronatin"
"Psmd10",0.0288484640187598,0.82,"X","proteasome (prosome, macropain) 26S subunit, non-ATPase, 10"
"Id2",-0.0288343257496217,0.882,"12","inhibitor of DNA binding 2"
"G3bp1",-0.0288316856612285,0.7036,"11","GTPase activating protein (SH3 domain) binding protein 1"
"Pigo",0.0288259165741147,0.7916,"4","phosphatidylinositol glycan anchor biosynthesis, class O"
"Cebpb",0.0288019559119563,0.9304,"2","CCAAT/enhancer binding protein (C/EBP), beta"
"Anks1",-0.0287659528033286,0.7536,"17","ankyrin repeat and SAM domain containing 1"
"Hsd11b1",0.0287648693327478,0.8244,"1","hydroxysteroid 11-beta dehydrogenase 1"
"Smn1",0.0287591279683701,0.8784,"13","survival motor neuron 1"
"Kbtbd3",-0.0287283570689403,0.8536,"9","kelch repeat and BTB (POZ) domain containing 3"
"Scamp2",0.028725922503936,0.806,"9","secretory carrier membrane protein 2"
"Atxn7l3b",-0.0287099181706969,0.7572,"10","ataxin 7-like 3B"
"Plcl2",0.0286986922078283,0.832,"17","phospholipase C-like 2"
"Zfp91",0.0286955544201453,0.7064,"19","zinc finger protein 91"
"Rims1",-0.028695498852076,0.752,"1","regulating synaptic membrane exocytosis 1"
"Wipf3",0.0286819745932814,0.8044,"6","WAS/WASL interacting protein family, member 3"
"Tlk2",0.0286781491977015,0.4548,"11","tousled-like kinase 2 (Arabidopsis)"
"Hgs",-0.0286720436223096,0.6936,"11","HGF-regulated tyrosine kinase substrate"
"Evc",0.0286603846344571,0.8536,"5","EvC ciliary complex subunit 1"
"Fitm2",0.0286544678003358,0.9196,"2","fat storage-inducing transmembrane protein 2"
"Mapk9",0.028630584184179,0.7604,"11","mitogen-activated protein kinase 9"
"Grb10",-0.0286281289877861,0.8648,"11","growth factor receptor bound protein 10"
"Rwdd1",0.0286257605589162,0.804,"10","RWD domain containing 1"
"Tchh",-0.0286253957379135,0.8472,"3","trichohyalin"
"Lpin2",-0.0285948628204578,0.8216,"17","lipin 2"
"Commd10",0.0285819661047544,0.8416,"18","COMM domain containing 10"
"Mrps6",0.0285717858729839,0.918,"16","mitochondrial ribosomal protein S6"
"Cenpx",0.0285682681151229,0.8976,"11","centromere protein X"
"Fam76a",0.0285639933941848,0.8012,"4","family with sequence similarity 76, member A"
"Sdc3",0.0285597080567923,0.7084,"4","syndecan 3"
"4933412E12Rik",0.0285502589162459,0.8732,"10","RIKEN cDNA 4933412E12 gene"
"Tnpo2",0.0285482756232751,0.9216,"8","transportin 2 (importin 3, karyopherin beta 2b)"
"Nrsn2",0.0285032225824988,0.852,"2","neurensin 2"
"Gal3st3",-0.0284913573961303,0.888,"19","galactose-3-O-sulfotransferase 3"
"Dcaf5",0.0284827613817136,0.386,"12","DDB1 and CUL4 associated factor 5"
"Exoc6b",0.02848191292194,0.8348,"6","exocyst complex component 6B"
"Rsrp1",-0.0284220058408513,0.842,"4","arginine/serine rich protein 1"
"Lipt2",0.0283926831289674,0.86,"7","lipoyl(octanoyl) transferase 2 (putative)"
"Cars",-0.0283532890448868,0.9008,"7","cysteinyl-tRNA synthetase"
"Firre",-0.028351415243697,0.946,"X","functional intergenic repeating RNA element"
"Ccnd3",0.0283460913919651,0.8496,"17","cyclin D3"
"Slc2a3",0.0283433899361301,0.68,"6","solute carrier family 2 (facilitated glucose transporter), member 3"
"Nepro",-0.0283381604320092,0.834,"16","nucleolus and neural progenitor protein"
"Nckap1",0.0283226518791615,0.8536,"2","NCK-associated protein 1"
"Arl6ip1",0.0282914123751086,0.8108,"7","ADP-ribosylation factor-like 6 interacting protein 1"
"Gm1976",0.0282912152498316,0.7328,"17","predicted gene 1976"
"Arglu1",-0.0282745071403863,0.768,"8","arginine and glutamate rich 1"
"Sox12",-0.0282694212039303,0.8528,"2","SRY (sex determining region Y)-box 12"
"Tmsb10",-0.0282494086122949,0.9168,"6","thymosin, beta 10"
"Rxylt1",0.0282473790105664,0.8644,"10","ribitol xylosyltransferase 1"
"Exosc10",0.0282428313178809,0.6996,"4","exosome component 10"
"Tdp2",-0.0282389084160672,0.7196,"13","tyrosyl-DNA phosphodiesterase 2"
"Dpp6",-0.0282380851862722,0.6568,"5","dipeptidylpeptidase 6"
"Pskh1",0.028219031445373,0.7764,"8","protein serine kinase H1"
"Has3",-0.0282160002355023,0.8712,"8","hyaluronan synthase 3"
"Zfp174",0.0282108309907136,0.8596,"16","zinc finger protein 174"
"Maged2",0.0282081944680392,0.804,"X","MAGE family member D2"
"Adcy3",-0.0281965327535829,0.8224,"12","adenylate cyclase 3"
"Dhrs11",0.0281951819027841,0.9264,"11","dehydrogenase/reductase (SDR family) member 11"
"Taf6",0.0281602845304967,0.8012,"5","TATA-box binding protein associated factor 6"
"Snx12",-0.0281429660162997,0.538,"X","sorting nexin 12"
"Tmc6",0.028115645822739,0.89,"11","transmembrane channel-like gene family 6"
"Stat3",-0.028115128577678,0.8476,"11","signal transducer and activator of transcription 3"
"Immt",0.0280938551052241,0.5156,"6","inner membrane protein, mitochondrial"
"Rpusd4",0.0280938543089033,0.8888,"9","RNA pseudouridylate synthase domain containing 4"
"Aff1",-0.02808976408026,0.9076,"5","AF4/FMR2 family, member 1"
"B230303A05Rik",-0.0280768505995352,0.7868,"13","RIKEN cDNA B230303A05 gene"
"Man2a2",-0.0280261301274427,0.7556,"7","mannosidase 2, alpha 2"
"Pprc1",-0.0279968421040184,0.8532,"19","peroxisome proliferative activated receptor, gamma, coactivator-related 1"
"P3h1",0.0279391883373648,0.9156,"4","prolyl 3-hydroxylase 1"
"Ubl3",-0.0279335947878181,0.9412,"5","ubiquitin-like 3"
"Paxip1",-0.0279098394840815,0.6708,"5","PAX interacting (with transcription-activation domain) protein 1"
"Nisch",0.0278754874225697,0.8236,"14","nischarin"
"Ppp1r16b",0.0278524287757973,0.7064,"2","protein phosphatase 1, regulatory subunit 16B"
"Cyp46a1",0.0278519727501285,0.9308,"12","cytochrome P450, family 46, subfamily a, polypeptide 1"
"Plcxd2",-0.0278158864423688,0.936,"16","phosphatidylinositol-specific phospholipase C, X domain containing 2"
"Gm2061",0.0277729050475215,0.8532,"1","predicted gene 2061"
"Txndc5",-0.0277611344354094,0.7376,"13","thioredoxin domain containing 5"
"Timm29",-0.0276928904630198,0.8444,"9","translocase of inner mitochondrial membrane 29"
"Cant1",0.0276915105391895,0.6656,"11","calcium activated nucleotidase 1"
"Uxs1",-0.0276808244796447,0.8796,"1","UDP-glucuronate decarboxylase 1"
"Ing2",0.0276585597329939,0.7296,"8","inhibitor of growth family, member 2"
"Tmem129",-0.0276527564537412,0.6968,"5","transmembrane protein 129"
"Elac1",-0.0276471419701618,0.792,"18","elaC ribonuclease Z 1"
"Celsr1",-0.0275753585977538,0.8828,"15","cadherin, EGF LAG seven-pass G-type receptor 1"
"Emp2",-0.0275583755421103,0.8448,"16","epithelial membrane protein 2"
"Slc35b4",0.027517302703588,0.5044,"6","solute carrier family 35, member B4"
"Zfp551",0.0275143433386942,0.9496,"7","zinc fingr protein 551"
"Tnrc6a",-0.0274840150225817,0.8356,"7","trinucleotide repeat containing 6a"
"Ddb2",-0.0274339557237417,0.9176,"2","damage specific DNA binding protein 2"
"Ywhaq",-0.0274199433368754,0.8396,"12","tyrosine 3-monooxygenase/tryptophan 5-monooxygenase activation protein theta"
"Scn4b",-0.0274143896541466,0.8028,"9","sodium channel, type IV, beta"
"Mok",-0.0274138465030886,0.8364,"12","MOK protein kinase"
"Fcgrt",-0.0274054499810155,0.8572,"7","Fc fragment of IgG receptor and transporter"
"Cabin1",0.0274042874813327,0.814,"10","calcineurin binding protein 1"
"Nsun7",-0.0274036422408788,0.924,"5","NOL1/NOP2/Sun domain family, member 7"
"Chgb",0.0273827328475402,0.8604,"2","chromogranin B"
"Arhgap23",0.0273761622172293,0.6884,"11","Rho GTPase activating protein 23"
"Dpagt1",0.027349511149509,0.7756,"9","dolichyl-phosphate N-acetylglucosaminephosphotransferase 1"
"Mycbp",0.0273356972771839,0.8048,"4","MYC binding protein"
"Usp6nl",-0.0273223412597288,0.9012,"2","USP6 N-terminal like"
"Dtd1",0.0273137559746495,0.876,"2","D-tyrosyl-tRNA deacylase 1"
"Aebp1",-0.0272342994061434,0.7984,"11","AE binding protein 1"
"Acadsb",-0.0272316430463402,0.7188,"7","acyl-Coenzyme A dehydrogenase, short/branched chain"
"Hs1bp3",0.0272313288505117,0.8552,"12","HCLS1 binding protein 3"
"Mief2",-0.0272274114830551,0.8508,"11","mitochondrial elongation factor 2"
"Sart3",0.0272246245608407,0.6396,"5","squamous cell carcinoma antigen recognized by T cells 3"
"Fbxo9",0.0272126136462694,0.736,"9","f-box protein 9"
"Tbc1d2b",-0.0271777150520469,0.8532,"9","TBC1 domain family, member 2B"
"Lix1l",0.0271659190607139,0.7536,"3","Lix1-like"
"AI854703",0.0271609828942507,0.878,"6","expressed sequence AI854703"
"Pgam5",0.0271512513639394,0.7264,"5","phosphoglycerate mutase family member 5"
"A2ml1",-0.0271365133407508,0.9012,"6","alpha-2-macroglobulin like 1"
"Thyn1",0.027127509587197,0.8652,"9","thymocyte nuclear protein 1"
"Rbmx2",-0.0271226456256928,0.7324,"X","RNA binding motif protein, X-linked 2"
"Sf3a2",0.0271129159249091,0.9172,"10","splicing factor 3a, subunit 2"
"Uckl1",-0.02710931352334,0.7172,"2","uridine-cytidine kinase 1-like 1"
"Ralgps2",-0.0270935127286567,0.8584,"1","Ral GEF with PH domain and SH3 binding motif 2"
"Mprip",0.0270507341553632,0.8324,"11","myosin phosphatase Rho interacting protein"
"Rnps1",-0.0270498476820595,0.8424,"17","RNA binding protein with serine rich domain 1"
"Nol11",-0.0270192209038012,0.8584,"11","nucleolar protein 11"
"Gga2",0.0269953931038271,0.8384,"7","golgi associated, gamma adaptin ear containing, ARF binding protein 2"
"Slc1a1",0.0269473576033619,0.4984,"19","solute carrier family 1 (neuronal/epithelial high affinity glutamate transporter, system Xag), member 1"
"Tbc1d31",0.0269286009416807,0.822,"15","TBC1 domain family, member 31"
"Kcnj10",-0.0269098311376013,0.9212,"1","potassium inwardly-rectifying channel, subfamily J, member 10"
"Lonp1",0.0269018194848361,0.8276,"17","lon peptidase 1, mitochondrial"
"Sertm1",-0.0268566398212862,0.8444,"3","serine rich and transmembrane domain containing 1"
"Sclt1",-0.0268478628354281,0.8824,"3","sodium channel and clathrin linker 1"
"Sec16a",-0.0268324512986542,0.8944,"2","SEC16 homolog A, endoplasmic reticulum export factor"
"Lysmd2",-0.0268272202799578,0.9,"9","LysM, putative peptidoglycan-binding, domain containing 2"
"Man2b2",0.0268213316745438,0.7676,"5","mannosidase 2, alpha B2"
"Ercc3",-0.0268029026420207,0.7948,"18","excision repair cross-complementing rodent repair deficiency, complementation group 3"
"Psen1",0.02678399027615,0.6568,"12","presenilin 1"
"Synpo",0.0267281984199315,0.9612,"18","synaptopodin"
"Ttc37",0.0267273601364661,0.9376,"13","tetratricopeptide repeat domain 37"
"Ankrd13c",-0.0267027443575882,0.6136,"3","ankyrin repeat domain 13c"
"Lclat1",-0.0266984941402795,0.8932,"17","lysocardiolipin acyltransferase 1"
"Ranbp10",0.0266939037284422,0.7952,"8","RAN binding protein 10"
"Mtmr11",0.026650013871421,0.8304,"3","myotubularin related protein 11"
"Cacna1a",-0.0266446543375807,0.8188,"8","calcium channel, voltage-dependent, P/Q type, alpha 1A subunit"
"Clic4",-0.0266428403748185,0.8792,"4","chloride intracellular channel 4 (mitochondrial)"
"Tspan12",0.0266184148839343,0.8048,"6","tetraspanin 12"
"Sgpl1",-0.0265823642861038,0.3696,"10","sphingosine phosphate lyase 1"
"Pdlim5",0.0265744820547216,0.8628,"3","PDZ and LIM domain 5"
"Gpatch2l",-0.0265650593476545,0.7912,"12","G patch domain containing 2 like"
"Magee2",-0.0265639334071253,0.9144,"X","MAGE family member E2"
"Cab39l",0.0265475786062153,0.876,"14","calcium binding protein 39-like"
"Tln2",-0.0265428406203441,0.8464,"9","talin 2"
"Cdk5rap2",-0.0265279853270037,0.8608,"4","CDK5 regulatory subunit associated protein 2"
"Med27",0.0264769595043459,0.8732,"2","mediator complex subunit 27"
"Ebna1bp2",-0.0264556687359185,0.646,"4","EBNA1 binding protein 2"
"Ablim1",0.0264306237223151,0.8524,"19","actin-binding LIM protein 1"
"Wrn",-0.0264014713168379,0.6172,"8","Werner syndrome RecQ like helicase"
"Gnpat",0.0263570077341377,0.4552,"8","glyceronephosphate O-acyltransferase"
"Ehmt1",0.0263499473143325,0.6952,"2","euchromatic histone methyltransferase 1"
"Prune1",-0.0263409277053492,0.7252,"3","prune exopolyphosphatase"
"Unc5a",-0.0263263990179281,0.8212,"13","unc-5 netrin receptor A"
"Trappc6b",-0.0263100769399713,0.8628,"12","trafficking protein particle complex 6B"
"Pttg1ip",0.0262864390828019,0.6792,"10","pituitary tumor-transforming 1 interacting protein"
"Rerg",-0.0262709613898844,0.9364,"6","RAS-like, estrogen-regulated, growth-inhibitor"
"Hps5",-0.0262687442430103,0.8276,"7","HPS5, biogenesis of lysosomal organelles complex 2 subunit 2"
"Eif5",-0.0262528752864393,0.6632,"12","eukaryotic translation initiation factor 5"
"Hs2st1",-0.0262194347385485,0.844,"3","heparan sulfate 2-O-sulfotransferase 1"
"Slc17a8",0.0262142647200214,0.8764,"10","solute carrier family 17 (sodium-dependent inorganic phosphate cotransporter), member 8"
"Snrpd1",-0.0262126679206967,0.8932,"18","small nuclear ribonucleoprotein D1"
"Madd",-0.0261991333993459,0.798,"2","MAP-kinase activating death domain"
"Hpf1",0.026184549372025,0.8852,"8","histone PARylation factor 1"
"Rps26",-0.0261623310778605,0.9352,"10","ribosomal protein S26"
"1810030O07Rik",-0.026152225303175,0.804,"X","RIKEN cDNA 1810030O07 gene"
"Rad51c",0.0261094091334744,0.8864,"11","RAD51 paralog C"
"Cmc1",0.0261074158278181,0.8684,"9","COX assembly mitochondrial protein 1"
"Stk39",-0.0260448878548676,0.8344,"2","serine/threonine kinase 39"
"Sema4g",-0.0260305787550612,0.8428,"19","sema domain, immunoglobulin domain (Ig), transmembrane domain (TM) and short cytoplasmic domain, (semaphorin) 4G"
"Gnao1",-0.0260184516700068,0.7456,"8","guanine nucleotide binding protein, alpha O"
"Mthfd2l",0.0260162919383795,0.8624,"5","methylenetetrahydrofolate dehydrogenase (NADP+ dependent) 2-like"
"Tmem231",-0.0260093992188382,0.6968,"8","transmembrane protein 231"
"Hnrnpab",0.0259979822966336,0.772,"11","heterogeneous nuclear ribonucleoprotein A/B"
"Upp2",0.0259815533028864,0.862,"2","uridine phosphorylase 2"
"Smim13",0.0259644317412029,0.6564,"13","small integral membrane protein 13"
"Wdr48",-0.0259441097941675,0.9056,"9","WD repeat domain 48"
"Sh3gl3",0.0259423672822026,0.9252,"7","SH3-domain GRB2-like 3"
"Paf1",-0.0259145436123802,0.856,"7","Paf1, RNA polymerase II complex component"
"Laptm4b",-0.0258566949082848,0.846,"15","lysosomal-associated protein transmembrane 4B"
"Sh3pxd2a",0.0258474943264249,0.778,"19","SH3 and PX domains 2A"
"Tpd52",0.0258441930790179,0.7704,"3","tumor protein D52"
"6530402F18Rik",0.0258433462766892,0.8264,"2","RIKEN cDNA 6530402F18 gene"
"Sumf1",0.0258069477997287,0.7468,"6","sulfatase modifying factor 1"
"Pank1",0.0257903925368188,0.8324,"19","pantothenate kinase 1"
"Prpf38a",0.0257808057803555,0.8472,"4","PRP38 pre-mRNA processing factor 38 (yeast) domain containing A"
"Nufip1",0.0257701546062465,0.7412,"14","nuclear FMR1 interacting protein 1"
"H2bc21",0.0257345879551183,0.8396,"3","H2B clustered histone 21"
"Dusp1",-0.0256840231944651,0.9264,"17","dual specificity phosphatase 1"
"Nat10",-0.0256425438821513,0.7744,"2","N-acetyltransferase 10"
"Rnf170",-0.0256277360703487,0.8348,"8","ring finger protein 170"
"Zfp275",-0.0256010264601123,0.8224,"X","zinc finger protein 275"
"Stat5b",-0.0255549285976531,0.8192,"11","signal transducer and activator of transcription 5B"
"Ctdp1",-0.0254668706064107,0.5436,"18","CTD (carboxy-terminal domain, RNA polymerase II, polypeptide A) phosphatase, subunit 1"
"Polm",0.0254483723471375,0.9148,"11","polymerase (DNA directed), mu"
"Ppt2",0.025445271804041,0.8772,"17","palmitoyl-protein thioesterase 2"
"Prpf18",0.0254405925800354,0.7464,"2","pre-mRNA processing factor 18"
"Zdhhc2",0.0254387347813498,0.8688,"8","zinc finger, DHHC domain containing 2"
"Sh3bgrl",0.0254324273435191,0.7424,"X","SH3-binding domain glutamic acid-rich protein like"
"Atoh8",0.0254252968156456,0.8644,"6","atonal bHLH transcription factor 8"
"Nras",-0.0254246330202061,0.5388,"3","neuroblastoma ras oncogene"
"St8sia1",0.025370226108512,0.8732,"6","ST8 alpha-N-acetyl-neuraminide alpha-2,8-sialyltransferase 1"
"Cfap100",0.0253686321551694,0.9452,"6","cilia and flagella associated protein 100"
"Casp2",0.0253564030042943,0.8812,"6","caspase 2"
"Denr",0.0253156311980227,0.908,"5","density-regulated protein"
"Ube2l6",-0.0253093671482467,0.9068,"2","ubiquitin-conjugating enzyme E2L 6"
"Qtrt2",-0.0253068909081744,0.9384,"16","queuine tRNA-ribosyltransferase accessory subunit 2"
"Zfp622",0.0252874412487136,0.8812,"15","zinc finger protein 622"
"1110038B12Rik",0.0252771270460412,0.9016,"17","RIKEN cDNA 1110038B12 gene"
"Pfn2",-0.0252639894580682,0.7952,"3","profilin 2"
"Ybx3",-0.0252571697994215,0.8316,"6","Y box protein 3"
"Luc7l",0.0252551287355605,0.8232,"17","Luc7-like"
"Gpatch1",0.0252229370523489,0.7856,"7","G patch domain containing 1"
"Vwa8",-0.0251969355737218,0.6888,"14","von Willebrand factor A domain containing 8"
"Cap1",-0.0251728771898687,0.7364,"4","CAP, adenylate cyclase-associated protein 1 (yeast)"
"Slco3a1",0.0251654958371406,0.736,"7","solute carrier organic anion transporter family, member 3a1"
"Ccnd2",0.0251467023844265,0.7752,"6","cyclin D2"
"Nkd1",-0.0251311287136033,0.8396,"8","naked cuticle 1"
"Sh3gl2",-0.0251284905404674,0.882,"4","SH3-domain GRB2-like 2"
"H2az2",0.0251263029059352,0.9052,"11","H2A.Z histone variant 2"
"Tshz3",-0.0251262624652924,0.8516,"7","teashirt zinc finger family member 3"
"Copg1",0.025098432912035,0.7552,"6","coatomer protein complex, subunit gamma 1"
"Gm7072",0.0250510039535117,0.776,"17","predicted gene 7072"
"Trim26",-0.0250380455399393,0.7896,"17","tripartite motif-containing 26"
"Ctnna2",0.0250294215302818,0.6468,"6","catenin (cadherin associated protein), alpha 2"
"Lpcat4",0.0250085114397072,0.9368,"2","lysophosphatidylcholine acyltransferase 4"
"Ift88",-0.0249790638608749,0.8584,"14","intraflagellar transport 88"
"Prdx4",-0.0249444682035946,0.8828,"X","peroxiredoxin 4"
"Galnt9",0.0249182479814847,0.9344,"5","polypeptide N-acetylgalactosaminyltransferase 9"
"Igfbp4",0.0249155322549353,0.9008,"11","insulin-like growth factor binding protein 4"
"Tpmt",0.0248904267831347,0.7468,"13","thiopurine methyltransferase"
"Dynlt3",-0.0248705918264349,0.7512,"X","dynein light chain Tctex-type 3"
"Myo9b",-0.0248385541700635,0.9256,"8","myosin IXb"
"Nbn",0.0248328326766227,0.76,"4","nibrin"
"Mgat4a",-0.0248107685989627,0.7832,"1","mannoside acetylglucosaminyltransferase 4, isoenzyme A"
"Asxl1",-0.0248060268503236,0.9272,"2","ASXL transcriptional regulator 1"
"Rtn3",0.0248058679809251,0.5656,"19","reticulon 3"
"Btg2",-0.0247318063735795,0.9292,"1","BTG anti-proliferation factor 2"
"Crip3",0.0247299299354069,0.9364,"17","cysteine-rich protein 3"
"Casp9",-0.024700823521818,0.788,"4","caspase 9"
"Lurap1l",0.0246947313351962,0.8728,"4","leucine rich adaptor protein 1-like"
"Ctns",-0.0246246854278285,0.8636,"11","cystinosis, nephropathic"
"Mthfd1",0.0246070440150143,0.6776,"12","methylenetetrahydrofolate dehydrogenase (NADP+ dependent), methenyltetrahydrofolate cyclohydrolase, formyltetrahydrofolate synthase"
"Arpin",-0.0245712215581735,0.8364,"7","actin-related protein 2/3 complex inhibitor"
"Gys1",-0.0245324344385596,0.9332,"7","glycogen synthase 1, muscle"
"Slc22a23",0.0245102162832387,0.808,"13","solute carrier family 22, member 23"
"AW554918",0.0244785635430667,0.7184,"18","expressed sequence AW554918"
"Zfp617",0.0244507630250994,0.772,"8","zinc finger protein 617"
"Ifi27",0.0244296931413928,0.8888,"12","interferon, alpha-inducible protein 27"
"Tcaim",-0.0244025477531631,0.746,"9","T cell activation inhibitor, mitochondrial"
"Scamp1",-0.0243919437510147,0.788,"13","secretory carrier membrane protein 1"
"Flvcr1",-0.0243590169902528,0.9268,"1","feline leukemia virus subgroup C cellular receptor 1"
"Nynrin",-0.0243393699935801,0.936,"14","NYN domain and retroviral integrase containing"
"Myd88",0.0243139670050145,0.6964,"9","myeloid differentiation primary response gene 88"
"Leng1",0.0243098528074639,0.9304,"7","leukocyte receptor cluster (LRC) member 1"
"Ppp3cc",-0.0242661085898517,0.92,"14","protein phosphatase 3, catalytic subunit, gamma isoform"
"Gtf2ird1",-0.0242446527293705,0.8136,"5","general transcription factor II I repeat domain-containing 1"
"Alg3",0.0242445161511968,0.8776,"16","asparagine-linked glycosylation 3 (alpha-1,3-mannosyltransferase)"
"Kansl2",0.0242004107055678,0.5968,"15","KAT8 regulatory NSL complex subunit 2"
"Nme5",0.0241857713696989,0.9068,"18","NME/NM23 family member 5"
"Calb1",0.0241820146203162,0.9668,"4","calbindin 1"
"Zfp367",-0.0241778337968475,0.7348,"13","zinc finger protein 367"
"Nif3l1",0.0241755292134505,0.8188,"1","Ngg1 interacting factor 3-like 1 (S. pombe)"
"Dcaf7",-0.0241655815394228,0.8516,"11","DDB1 and CUL4 associated factor 7"
"Mitd1",-0.0241545616594583,0.7564,"1","MIT, microtubule interacting and transport, domain containing 1"
"Usp10",0.0241506371471543,0.5552,"8","ubiquitin specific peptidase 10"
"Bcl9l",-0.0241337115733735,0.7808,"9","B cell CLL/lymphoma 9-like"
"Wdr17",-0.0241220395128563,0.8336,"8","WD repeat domain 17"
"Stom",0.0241042955225792,0.8444,"2","stomatin"
"Rexo1",-0.0240915736652481,0.6228,"10","REX1, RNA exonuclease 1"
"Arntl2",0.0240864550769229,0.9484,"6","aryl hydrocarbon receptor nuclear translocator-like 2"
"Zfp870",-0.0240727622777461,0.7544,"17","zinc finger protein 870"
"Zfp407",-0.0240409022076706,0.9608,"18","zinc finger protein 407"
"Peli3",-0.0240397836803643,0.6316,"19","pellino 3"
"Arrb2",0.0240268656713782,0.9292,"11","arrestin, beta 2"
"C330018D20Rik",-0.02402599679227,0.9176,"18","RIKEN cDNA C330018D20 gene"
"Mfsd1",-0.0239984155580428,0.7896,"3","major facilitator superfamily domain containing 1"
"Mrgbp",0.0239939394663606,0.8488,"2","MRG/MORF4L binding protein"
"Ahcyl1",0.0239937242381796,0.7636,"3","S-adenosylhomocysteine hydrolase-like 1"
"Mospd3",-0.0239898842406285,0.9192,"5","motile sperm domain containing 3"
"Plpp1",-0.0239576177404972,0.9196,"13","phospholipid phosphatase 1"
"Gm15706",0.0239497031137779,0.92,"6","predicted gene 15706"
"Kiz",0.0239491177890221,0.9372,"2","kizuna centrosomal protein"
"Mpv17l",0.02394667079224,0.1996,"16","Mpv17 transgene, kidney disease mutant-like"
"Zdhhc13",0.0238531732630198,0.9256,"7","zinc finger, DHHC domain containing 13"
"Brd9",0.0238385179574747,0.8368,"13","bromodomain containing 9"
"Rufy3",0.0238239822499251,0.7096,"5","RUN and FYVE domain containing 3"
"Chdh",0.023789963777463,0.9044,"14","choline dehydrogenase"
"Sdr42e1",0.0237854900673891,0.8576,"8","short chain dehydrogenase/reductase family 42E, member 1"
"Ralyl",-0.0237731367483427,0.8632,"3","RALY RNA binding protein-like"
"Ids",-0.0237419520589768,0.6984,"X","iduronate 2-sulfatase"
"Exoc2",-0.0237272247674225,0.8908,"13","exocyst complex component 2"
"Pitpnm3",0.0237033201596848,0.5344,"11","PITPNM family member 3"
"Ube3c",-0.023694154290693,0.9004,"5","ubiquitin protein ligase E3C"
"Dot1l",0.0236810139579644,0.9404,"10","DOT1-like, histone H3 methyltransferase (S. cerevisiae)"
"Afg3l2",0.0236795927971487,0.706,"18","AFG3-like AAA ATPase 2"
"Plcg2",0.0236428519843406,0.8876,"8","phospholipase C, gamma 2"
"Map4k2",0.0236386999282141,0.8328,"19","mitogen-activated protein kinase kinase kinase kinase 2"
"Kremen1",0.023620884386137,0.8304,"11","kringle containing transmembrane protein 1"
"Cacng7",-0.0236081390679095,0.8828,"7","calcium channel, voltage-dependent, gamma subunit 7"
"Pus7",0.0235982854757486,0.7496,"5","pseudouridylate synthase 7"
"Wdr77",-0.0235977996178924,0.872,"3","WD repeat domain 77"
"Bag5",0.0235898722261609,0.7992,"12","BCL2-associated athanogene 5"
"Rab33b",-0.0235875212891914,0.7972,"3","RAB33B, member RAS oncogene family"
"Mrpl2",0.0235586577288762,0.8348,"17","mitochondrial ribosomal protein L2"
"Cyp26b1",0.0235335637520899,0.956,"6","cytochrome P450, family 26, subfamily b, polypeptide 1"
"Nomo1",0.0234853053046375,0.7612,"7","nodal modulator 1"
"Pnp",0.0234800539215896,0.836,"14","purine-nucleoside phosphorylase"
"Pde4a",0.0234749153102305,0.8344,"9","phosphodiesterase 4A, cAMP specific"
"Rtl5",0.0234544273219361,0.8576,"X","retrotransposon Gag like 5"
"Grn",-0.0234501370732962,0.884,"11","granulin"
"Tox2",0.0234481278465228,0.782,"2","TOX high mobility group box family member 2"
"Parva",-0.0233848028090131,0.794,"7","parvin, alpha"
"Septin6",-0.023366373927435,0.8204,"X","septin 6"
"Fhl1",0.0233543866693733,0.7816,"X","four and a half LIM domains 1"
"Ncl",-0.0233462639918702,0.828,"1","nucleolin"
"Micall1",0.0233294447885504,0.788,"15","microtubule associated monooxygenase, calponin and LIM domain containing -like 1"
"Slc46a3",-0.0233073800530339,0.7908,"5","solute carrier family 46, member 3"
"Mex3a",0.0233058917350655,0.8568,"3","mex3 RNA binding family member A"
"Entr1",0.0232899098735695,0.8924,"2","endosome associated trafficking regulator 1"
"Pml",0.0232216731819315,0.824,"9","promyelocytic leukemia"
"BC005624",-0.0232168457003379,0.7344,"2","cDNA sequence BC005624"
"Dync1li2",0.0231883462741571,0.9272,"8","dynein, cytoplasmic 1 light intermediate chain 2"
"Plekha8",0.0231562170909205,0.868,"6","pleckstrin homology domain containing, family A (phosphoinositide binding specific) member 8"
"Fbxl17",-0.0231551517638096,0.758,"17","F-box and leucine-rich repeat protein 17"
"Fbxo16",-0.0231536198256981,0.8952,"14","F-box protein 16"
"Tmem167b",0.0231328444906245,0.8852,"3","transmembrane protein 167B"
"Nudt10",-0.0231222021496058,0.8816,"X","nudix (nucleoside diphosphate linked moiety X)-type motif 10"
"Mdm1",-0.023078669252333,0.8856,"10","transformed mouse 3T3 cell double minute 1"
"Ica1l",0.0230777070035666,0.6544,"1","islet cell autoantigen 1-like"
"Apbb2",0.0230668062307506,0.81,"5","amyloid beta (A4) precursor protein-binding, family B, member 2"
"Cish",-0.0230450707844776,0.9772,"9","cytokine inducible SH2-containing protein"
"Pik3r4",0.0230386447845659,0.8744,"9","phosphoinositide-3-kinase regulatory subunit 4"
"Mid1ip1",-0.0230355353165139,0.8672,"X","Mid1 interacting protein 1 (gastrulation specific G12-like (zebrafish))"
"Zfp862-ps",-0.023015194857289,0.8716,"6","zinc finger protein 862, pseudogene"
"Ppa1",0.0230136162931407,0.8296,"10","pyrophosphatase (inorganic) 1"
"Acad10",0.0229959079751365,0.912,"5","acyl-Coenzyme A dehydrogenase family, member 10"
"Rbm4b",-0.0229820553126086,0.8472,"19","RNA binding motif protein 4B"
"Sec11a",0.0229785061220875,0.8276,"7","SEC11 homolog A, signal peptidase complex subunit"
"Glyctk",-0.0229671999640222,0.7756,"9","glycerate kinase"
"Pnpla6",0.0229653352158481,0.8816,"8","patatin-like phospholipase domain containing 6"
"Ripk2",0.022951860851534,0.8656,"4","receptor (TNFRSF)-interacting serine-threonine kinase 2"
"Alkbh5",0.0229194842052953,0.7544,"11","alkB homolog 5, RNA demethylase"
"Dancr",-0.0229111193268339,0.9372,"5","differentiation antagonizing non-protein coding RNA"
"Nek7",0.0229073863232641,0.8232,"1","NIMA (never in mitosis gene a)-related expressed kinase 7"
"Spire1",-0.0228845979559242,0.6348,"18","spire type actin nucleation factor 1"
"Ulk3",0.0228731321467039,0.8672,"9","unc-51-like kinase 3"
"Klf2",0.0228516597790205,0.9852,"8","Kruppel-like factor 2 (lung)"
"Med20",0.0228365555753918,0.8092,"17","mediator complex subunit 20"
"Gm14169",0.0227882921907323,0.8984,"2","predicted gene 14169"
"Ikzf4",-0.0227872263513591,0.8184,"10","IKAROS family zinc finger 4"
"Grb14",-0.0227775871013867,0.86,"2","growth factor receptor bound protein 14"
"Rbm8a",0.0227704499631294,0.8392,"3","RNA binding motif protein 8a"
"Cisd2",0.0227664038574602,0.834,"3","CDGSH iron sulfur domain 2"
"Slc35c1",0.0226944393652069,0.7948,"2","solute carrier family 35, member C1"
"Ncbp2",-0.0226719520738969,0.8708,"16","nuclear cap binding protein subunit 2"
"Yipf5",-0.0226676220339499,0.8692,"18","Yip1 domain family, member 5"
"Rrnad1",0.0226433327851909,0.86,"3","ribosomal RNA adenine dimethylase domain containing 1"
"Atg9b",-0.0226247658643715,0.9552,"5","autophagy related 9B"
"Itgb5",-0.0226210146390349,0.9388,"16","integrin beta 5"
"Pccb",-0.0225908405169744,0.75,"9","propionyl Coenzyme A carboxylase, beta polypeptide"
"Thap1",-0.0225689116798451,0.8904,"8","THAP domain containing, apoptosis associated protein 1"
"Surf6",0.022552534177203,0.7244,"2","surfeit gene 6"
"Tuba1a",0.0225130721080298,0.842,"15","tubulin, alpha 1A"
"Coa5",0.0224468141066128,0.8384,"1","cytochrome C oxidase assembly factor 5"
"1500011B03Rik",-0.0224172812084378,0.9272,"5","RIKEN cDNA 1500011B03 gene"
"1500011B03Rik",-0.0224172812084378,0.9272,"5","RIKEN cDNA 1500011B03 gene"
"Mapt",0.0223871508304061,0.724,"11","microtubule-associated protein tau"
"Tubgcp6",-0.0223870061403364,0.9248,"15","tubulin, gamma complex associated protein 6"
"Ctso",-0.0223505438353495,0.788,"3","cathepsin O"
"Mrpl57",0.0223463956214784,0.8892,"14","mitochondrial ribosomal protein L57"
"Epdr1",-0.0223119418557882,0.9528,"13","ependymin related protein 1 (zebrafish)"
"Pkp2",-0.0223015829742224,0.876,"16","plakophilin 2"
"Mmgt2",-0.022300543061764,0.8984,"11","membrane magnesium transporter 2"
"Galnt17",-0.0222749532614168,0.7868,"5","polypeptide N-acetylgalactosaminyltransferase 17"
"Tmem145",0.0222528513001965,0.934,"7","transmembrane protein 145"
"Ier3ip1",-0.0222268669496799,0.8356,"18","immediate early response 3 interacting protein 1"
"Psme4",-0.0222265588294963,0.8804,"11","proteasome (prosome, macropain) activator subunit 4"
"Ppp1r13b",0.0222235510758493,0.6216,"12","protein phosphatase 1, regulatory subunit 13B"
"Fbxo10",0.0222211139001818,0.82,"4","F-box protein 10"
"Ccdc184",-0.0222204801771482,0.7748,"15","coiled-coil domain containing 184"
"Trmt2a",0.0222178388486407,0.8656,"16","TRM2 tRNA methyltransferase 2A"
"Nln",-0.0221973445541117,0.8244,"13","neurolysin (metallopeptidase M3 family)"
"Csnk2a1",0.0221663658921569,0.8556,"2","casein kinase 2, alpha 1 polypeptide"
"Kcnv1",0.0221471204825896,0.9136,"15","potassium channel, subfamily V, member 1"
"Ghitm",0.022144392797486,0.7216,"14","growth hormone inducible transmembrane protein"
"Hif1an",0.0221393587786016,0.8404,"19","hypoxia-inducible factor 1, alpha subunit inhibitor"
"Aco1",-0.0221339416077733,0.8116,"4","aconitase 1"
"Araf",-0.0220973708004895,0.9424,"X","Araf proto-oncogene, serine/threonine kinase"
"Fpgs",0.0220947040249744,0.9152,"2","folylpolyglutamyl synthetase"
"Gpat4",0.0220473953551874,0.794,"8","glycerol-3-phosphate acyltransferase 4"
"Raver1",0.0220467712360861,0.9396,"9","ribonucleoprotein, PTB-binding 1"
"Pard6b",0.0220442739870028,0.8524,"2","par-6 family cell polarity regulator beta"
"Zfp94",-0.0220428417871625,0.8484,"7","zinc finger protein 94"
"2700049A03Rik",-0.0220254292707609,0.818,"12","RIKEN cDNA 2700049A03 gene"
"Rexo4",0.0219561088503681,0.9184,"2","REX4, 3'-5' exonuclease"
"Phyh",0.0219505702512226,0.8756,"2","phytanoyl-CoA hydroxylase"
"Radil",-0.0219256359462405,0.8984,"5","Ras association and DIL domains"
"Rit2",0.0218426632860522,0.8284,"18","Ras-like without CAAX 2"
"Polr2k",-0.0218295029489171,0.9032,"15","polymerase (RNA) II (DNA directed) polypeptide K"
"Mthfd1l",-0.0218266325237315,0.8948,"10","methylenetetrahydrofolate dehydrogenase (NADP+ dependent) 1-like"
"Hes1",0.0217955583831255,0.8888,"16","hes family bHLH transcription factor 1"
"N4bp2l1",0.0217886646069152,0.8684,"5","NEDD4 binding protein 2-like 1"
"Ubald1",0.0217853669378929,0.948,"16","UBA-like domain containing 1"
"D7Ertd443e",0.0217847908478737,0.8812,"7","DNA segment, Chr 7, ERATO Doi 443, expressed"
"Irf2bp1",-0.0217308361559923,0.8644,"7","interferon regulatory factor 2 binding protein 1"
"Nup54",-0.021699751126885,0.87,"5","nucleoporin 54"
"Oaf",0.0216792615147701,0.944,"9","out at first homolog"
"Usp3",0.0216310962338238,0.872,"9","ubiquitin specific peptidase 3"
"Bcar3",-0.0216271776672343,0.842,"3","breast cancer anti-estrogen resistance 3"
"Zfp629",0.0216172734558908,0.7748,"7","zinc finger protein 629"
"Hdac4",-0.0215292128303677,0.8256,"1","histone deacetylase 4"
"Dcakd",0.0215082554488424,0.9116,"11","dephospho-CoA kinase domain containing"
"Fam168a",-0.0214668745695885,0.8732,"7","family with sequence similarity 168, member A"
"Clcn4",-0.0213826338159118,0.7696,"7","chloride channel, voltage-sensitive 4"
"Tbc1d22b",0.0213783764691069,0.8836,"17","TBC1 domain family, member 22B"
"2810029C07Rik",0.021362842447314,0.9496,"12","RIKEN cDNA 2810029C07 gene"
"Acad9",0.0213562834106797,0.848,"3","acyl-Coenzyme A dehydrogenase family, member 9"
"Dph7",-0.021343070754317,0.8564,"2","diphthamine biosynethesis 7"
"Fuz",-0.0213396066345717,0.8708,"7","fuzzy planar cell polarity protein"
"Dbx2",-0.0213274464752082,0.9204,"15","developing brain homeobox 2"
"Prps1",0.0212586458142265,0.9212,"X","phosphoribosyl pyrophosphate synthetase 1"
"Sox5",-0.0212311314826401,0.8944,"6","SRY (sex determining region Y)-box 5"
"Kctd6",-0.021219265107761,0.7676,"14","potassium channel tetramerisation domain containing 6"
"Crhr1",-0.0211931828141072,0.8772,"11","corticotropin releasing hormone receptor 1"
"Ptprf",0.021163936134041,0.938,"4","protein tyrosine phosphatase, receptor type, F"
"Aldh5a1",-0.0211201920678441,0.7992,"13","aldhehyde dehydrogenase family 5, subfamily A1"
"Zfp706",0.0211190497323201,0.78,"15","zinc finger protein 706"
"Arl4c",-0.0211110116318229,0.8696,"1","ADP-ribosylation factor-like 4C"
"Cript",0.0210939640563783,0.948,"17","cysteine-rich PDZ-binding protein"
"Pgrmc1",0.02107777365896,0.8264,"X","progesterone receptor membrane component 1"
"Pank4",-0.0210675328158292,0.9136,"4","pantothenate kinase 4"
"Fbxo45",0.0210417883633722,0.6256,"16","F-box protein 45"
"Zfp1",-0.0210014172507567,0.8804,"8","zinc finger protein 1"
"Triobp",-0.0209934203705204,0.8412,"15","TRIO and F-actin binding protein"
"Celsr3",-0.0209924273420139,0.9236,"9","cadherin, EGF LAG seven-pass G-type receptor 3"
"Ambra1",0.0209900502917941,0.742,"2","autophagy/beclin 1 regulator 1"
"Anxa5",0.0209852925356442,0.886,"3","annexin A5"
"Ptms",0.020979241078976,0.9828,"6","parathymosin"
"Arhgef19",0.0209605714972652,0.872,"4","Rho guanine nucleotide exchange factor (GEF) 19"
"Gorab",-0.0209357382074629,0.9436,"1","golgin, RAB6-interacting"
"Gtpbp8",-0.0208825775450272,0.8432,"16","GTP-binding protein 8 (putative)"
"Nmi",-0.020879634946843,0.9252,"2","N-myc (and STAT) interactor"
"Slc19a2",-0.0208775638952305,0.8996,"1","solute carrier family 19 (thiamine transporter), member 2"
"Myl9",-0.0208613162262661,0.942,"2","myosin, light polypeptide 9, regulatory"
"Ggps1",-0.0208402377631751,0.8372,"13","geranylgeranyl diphosphate synthase 1"
"Secisbp2",0.0207864388785346,0.852,"13","SECIS binding protein 2"
"Pacsin1",-0.0207857147963377,0.7696,"17","protein kinase C and casein kinase substrate in neurons 1"
"Vipr1",0.0207800814277466,0.8652,"9","vasoactive intestinal peptide receptor 1"
"Map3k4",0.0207649595538584,0.8928,"17","mitogen-activated protein kinase kinase kinase 4"
"Ube2g2",0.0207610241266876,0.8608,"10","ubiquitin-conjugating enzyme E2G 2"
"Flii",-0.0207539089988646,0.6912,"11","flightless I actin binding protein"
"Aen",0.0207527230019982,0.8752,"7","apoptosis enhancing nuclease"
"Map3k20",-0.0207464159108008,0.87,"2","mitogen-activated protein kinase kinase kinase 20"
"Abhd17b",-0.0207267154112927,0.9132,"19","abhydrolase domain containing 17B"
"Cln8",0.0207024339998751,0.8496,"8","CLN8 transmembrane ER and ERGIC protein"
"Sub1",0.020698110461316,0.8412,"15","SUB1 homolog, transcriptional regulator"
"Zfp661",0.0206932296230793,0.766,"2","zinc finger protein 661"
"Chchd3",-0.0206806700563007,0.8844,"6","coiled-coil-helix-coiled-coil-helix domain containing 3"
"Ache",0.0206795092267722,0.8356,"5","acetylcholinesterase"
"Golga2",0.0206559153292361,0.77,"2","golgi autoantigen, golgin subfamily a, 2"
"Efhd2",0.0206428850038796,0.8468,"4","EF hand domain containing 2"
"Cacul1",-0.0205847360713411,0.8992,"19","CDK2 associated, cullin domain 1"
"Zbed4",-0.0205728810480048,0.9668,"15","zinc finger, BED type containing 4"
"Hmgn3",0.0205691717076606,0.9144,"9","high mobility group nucleosomal binding domain 3"
"Gjb6",0.0205685217511338,0.9056,"14","gap junction protein, beta 6"
"Rpl37rt",0.0205389723760687,0.9404,"5","ribosomal protein L37, retrotransposed"
"Calu",-0.0205188794346229,0.8356,"6","calumenin"
"Ipo5",0.0205082131693777,0.838,"14","importin 5"
"Tgfa",0.0204982627360826,0.9184,"6","transforming growth factor alpha"
"Cyth2",0.0204970351049223,0.8192,"7","cytohesin 2"
"Prss12",0.0204926179789999,0.9268,"3","protease, serine 12 neurotrypsin (motopsin)"
"Ptk7",-0.0204652377403587,0.8804,"17","PTK7 protein tyrosine kinase 7"
"Ccsap",-0.0204585406116582,0.8576,"8","centriole, cilia and spindle associated protein"
"Trub2",-0.0204497473265599,0.818,"2","TruB pseudouridine (psi) synthase family member 2"
"Rint1",-0.0204378142066579,0.814,"5","RAD50 interactor 1"
"Vopp1",-0.0204346579239321,0.8048,"6","vesicular, overexpressed in cancer, prosurvival protein 1"
"Dmac2",0.0204216706481564,0.9636,"7","distal membrane arm assembly complex 2"
"Zfp131",-0.0203885099923058,0.9388,"13","zinc finger protein 131"
"Psmd14",-0.0203851178345795,0.8176,"2","proteasome (prosome, macropain) 26S subunit, non-ATPase, 14"
"Tcerg1l",0.0203778553041394,0.872,"7","transcription elongation regulator 1-like"
"Zfp747",-0.0203634843821634,0.8496,"7","zinc finger protein 747"
"Tns3",0.0203027671214677,0.8928,"11","tensin 3"
"Dab2ip",-0.0202948992985066,0.8616,"2","disabled 2 interacting protein"
"Nkapd1",-0.0202895803591883,0.8116,"9","NKAP domain containing 1"
"Zfp426",0.0202594578818696,0.8196,"9","zinc finger protein 426"
"Syt16",-0.0202539298205178,0.8632,"12","synaptotagmin XVI"
"Uhrf1bp1",0.0202511738194806,0.9092,"17","UHRF1 (ICBP90) binding protein 1"
"Tbcel",-0.0202473204255629,0.6724,"9","tubulin folding cofactor E-like"
"Map10",-0.0202357648633371,0.8564,"8","microtubule-associated protein 10"
"Ptpru",-0.0202132491895268,0.8032,"4","protein tyrosine phosphatase, receptor type, U"
"Apoo",0.0202069657686663,0.8704,"X","apolipoprotein O"
"Iqce",-0.0201964070013299,0.9408,"5","IQ motif containing E"
"Zfp599",0.0201830208205278,0.862,"9","zinc finger protein 599"
"Kif5c",-0.0201759898004212,0.8004,"2","kinesin family member 5C"
"Manba",0.0201742705779626,0.9236,"3","mannosidase, beta A, lysosomal"
"Nrd1",0.020136449141761,0.8712,"4","nardilysin, N-arginine dibasic convertase, NRD convertase 1"
"Tyw3",-0.0201265338888406,0.7996,"3","tRNA-yW synthesizing protein 3 homolog (S. cerevisiae)"
"Usp38",0.020112581180272,0.9312,"8","ubiquitin specific peptidase 38"
"Sirpa",0.0201098196515996,0.8136,"2","signal-regulatory protein alpha"
"Slc20a1",-0.020106781574742,0.7628,"2","solute carrier family 20, member 1"
"Tsen15",0.020073016483042,0.884,"1","tRNA splicing endonuclease subunit 15"
"Cby1",0.0200640363932871,0.8792,"15","chibby family member 1, beta catenin antagonist"
"Arf1",-0.0200616850382271,0.838,"11","ADP-ribosylation factor 1"
"Hdac1",-0.0200609183361102,0.938,"4","histone deacetylase 1"
"Mdga1",-0.0200445491902341,0.9216,"17","MAM domain containing glycosylphosphatidylinositol anchor 1"
"Slc39a9",-0.0200238061766704,0.828,"12","solute carrier family 39 (zinc transporter), member 9"
"Htra4",-0.0199879212385676,0.9228,"8","HtrA serine peptidase 4"
"Auh",0.019947440537547,0.8724,"13","AU RNA binding protein/enoyl-coenzyme A hydratase"
"Dcun1d3",-0.0199305017874565,0.906,"7","DCN1, defective in cullin neddylation 1, domain containing 3 (S. cerevisiae)"
"Mrpl42",-0.0198952985152179,0.9176,"10","mitochondrial ribosomal protein L42"
"Dip2b",-0.0198892428757107,0.8968,"15","disco interacting protein 2 homolog B"
"Zfp330",-0.0198459939862676,0.7964,"8","zinc finger protein 330"
"Fto",0.0198285990388714,0.8004,"8","fat mass and obesity associated"
"Agrn",0.0198183598607171,0.9228,"4","agrin"
"Fzd8",-0.0198109802749715,0.8476,"18","frizzled class receptor 8"
"Zbtb25",0.019808605272388,0.88,"12","zinc finger and BTB domain containing 25"
"Med24",0.0197852380535517,0.8448,"11","mediator complex subunit 24"
"Trim37",0.0197661188764133,0.708,"11","tripartite motif-containing 37"
"4933404O12Rik",-0.0197047043813274,0.818,"5","RIKEN cDNA 4933404O12 gene"
"Rdh10",0.0196969780733989,0.7788,"1","retinol dehydrogenase 10 (all-trans)"
"Vps18",0.0196877471836281,0.8064,"2","VPS18 CORVET/HOPS core subunit"
"Zfp68",-0.0196546612071922,0.7892,"5","zinc finger protein 68"
"Uqcc1",0.0195964922914182,0.786,"2","ubiquinol-cytochrome c reductase complex assembly factor 1"
"Ncald",0.0195963954090121,0.8556,"15","neurocalcin delta"
"Tecr",0.0195675034961891,0.9564,"8","trans-2,3-enoyl-CoA reductase"
"Mbd4",-0.0195598189276045,0.9172,"6","methyl-CpG binding domain protein 4"
"Tspyl3",0.0195295793230414,0.852,"2","TSPY-like 3"
"Gart",-0.0194974906632623,0.8508,"16","phosphoribosylglycinamide formyltransferase"
"Ccdc127",-0.0194953523715036,0.7172,"13","coiled-coil domain containing 127"
"Arhgef26",-0.019485050665824,0.8776,"3","Rho guanine nucleotide exchange factor (GEF) 26"
"Mrtfa",-0.0194822285982621,0.7972,"15","myocardin related transcription factor A"
"D16Ertd472e",-0.0194792171069933,0.8788,"16","DNA segment, Chr 16, ERATO Doi 472, expressed"
"Amt",-0.0194589662233806,0.882,"9","aminomethyltransferase"
"Pigc",-0.0194513238432843,0.8224,"1","phosphatidylinositol glycan anchor biosynthesis, class C"
"Gnai1",-0.0194035148558118,0.8884,"5","guanine nucleotide binding protein (G protein), alpha inhibiting 1"
"Optn",-0.019393149076083,0.8784,"2","optineurin"
"Rrbp1",-0.0193576404484341,0.9052,"2","ribosome binding protein 1"
"Ube2a",-0.0193528846810676,0.9344,"X","ubiquitin-conjugating enzyme E2A"
"Nrf1",0.0193236517311624,0.946,"6","nuclear respiratory factor 1"
"Mospd1",0.0193065698219281,0.832,"X","motile sperm domain containing 1"
"Brcc3",0.0193047456208255,0.8212,"X","BRCA1/BRCA2-containing complex, subunit 3"
"Npas4",0.0192943027340422,0.9792,"19","neuronal PAS domain protein 4"
"Nucks1",-0.0192684383391928,0.84,"1","nuclear casein kinase and cyclin-dependent kinase substrate 1"
"Shtn1",-0.0191949964352602,0.9544,"19","shootin 1"
"Eef1aknmt",-0.0191581596614596,0.8924,"1","EEF1A lysine and N-terminal methyltransferase"
"E2f1",0.0190979139301066,0.848,"2","E2F transcription factor 1"
"Rsl1d1",0.019081591109444,0.8032,"16","ribosomal L1 domain containing 1"
"Lsm8",0.019072779053908,0.9208,"6","LSM8 homolog, U6 small nuclear RNA associated"
"AI597479",-0.0190579283687793,0.6156,"1","expressed sequence AI597479"
"Tuba4a",0.0190456626765254,0.8604,"1","tubulin, alpha 4A"
"Vps53",0.0190253137652681,0.718,"11","VPS53 GARP complex subunit"
"Mcm3ap",-0.0190252369962876,0.878,"10","minichromosome maintenance complex component 3 associated protein"
"Sccpdh",0.0189991051470209,0.886,"1","saccharopine dehydrogenase (putative)"
"Acot11",0.0189741833492212,0.8836,"4","acyl-CoA thioesterase 11"
"Prdm4",-0.0189435713183288,0.8628,"10","PR domain containing 4"
"Pop1",-0.0189397534680906,0.874,"15","processing of precursor 1, ribonuclease P/MRP family, (S. cerevisiae)"
"Atpaf1",0.0189329372366291,0.9256,"4","ATP synthase mitochondrial F1 complex assembly factor 1"
"Tpm1",0.0189067872250774,0.6472,"9","tropomyosin 1, alpha"
"Sdha",-0.0188958970259474,0.9188,"13","succinate dehydrogenase complex, subunit A, flavoprotein (Fp)"
"Slc37a3",0.0188913725920514,0.7224,"6","solute carrier family 37 (glycerol-3-phosphate transporter), member 3"
"Pex7",-0.0188733364580931,0.9224,"10","peroxisomal biogenesis factor 7"
"Ctsz",-0.0188696529011425,0.8828,"2","cathepsin Z"
"Lrrc1",-0.0188692613904857,0.8252,"9","leucine rich repeat containing 1"
"Nipal4",0.018851374435874,0.8792,"11","NIPA-like domain containing 4"
"Rgma",0.018846463901478,0.9464,"7","repulsive guidance molecule family member A"
"Cacnb1",0.0188320524923338,0.822,"11","calcium channel, voltage-dependent, beta 1 subunit"
"Zzef1",0.0188063104425407,0.9096,"11","zinc finger, ZZ-type with EF hand domain 1"
"Lyrm9",0.0187640198300985,0.912,"11","LYR motif containing 9"
"Otud3",-0.0187580469705515,0.9132,"4","OTU domain containing 3"
"Nsmce4a",0.0187549947315535,0.9516,"7","NSE4 homolog A, SMC5-SMC6 complex component"
"Utp18",-0.0187497362238291,0.9392,"11","UTP18 small subunit processome component"
"Pyurf",-0.0187465665348663,0.896,"6","Pigy upstream reading frame"
"H2-K2",0.0187372535778498,0.962,"17","histocompatibility 2, K region locus 2"
"Pold1",0.018599384868764,0.9184,"7","polymerase (DNA directed), delta 1, catalytic subunit"
"Cfl2",0.0185624376682831,0.9124,"12","cofilin 2, muscle"
"Glg1",-0.0185557088117392,0.898,"8","golgi apparatus protein 1"
"Nolc1",-0.0185383962967087,0.8648,"19","nucleolar and coiled-body phosphoprotein 1"
"Snupn",0.0185040444853168,0.76,"9","snurportin 1"
"Sarnp",0.0184861549042088,0.8204,"10","SAP domain containing ribonucleoprotein"
"Xrcc4",-0.0184804707353874,0.9316,"13","X-ray repair complementing defective repair in Chinese hamster cells 4"
"Mansc1",0.0184748032878765,0.8928,"6","MANSC domain containing 1"
"Zfp719",-0.0184687127071363,0.878,"7","zinc finger protein 719"
"Sst",0.0184168578044464,0.9388,"16","somatostatin"
"Aars",-0.0184118878216717,0.914,"8","alanyl-tRNA synthetase"
"2900052N01Rik",0.0184113003034359,0.9548,"9","RIKEN cDNA 2900052N01 gene"
"Elovl7",-0.0183839654843823,0.9648,"13","ELOVL family member 7, elongation of long chain fatty acids (yeast)"
"Ntf3",0.0183426922309997,0.9484,"6","neurotrophin 3"
"Rassf2",0.0183288739199448,0.8832,"2","Ras association (RalGDS/AF-6) domain family member 2"
"Taf1a",0.0183211221192807,0.9384,"1","TATA-box binding protein associated factor, RNA polymerase I, A"
"Fam104a",0.0182923640596027,0.8988,"11","family with sequence similarity 104, member A"
"Snw1",-0.018253191209439,0.8688,"12","SNW domain containing 1"
"Fbn1",-0.0182327639007469,0.9448,"2","fibrillin 1"
"Zbtb26",0.0182173634181138,0.9332,"2","zinc finger and BTB domain containing 26"
"Kif21b",-0.0182071705736284,0.9076,"1","kinesin family member 21B"
"Klhl34",-0.0182042053257421,0.9184,"X","kelch-like 34"
"Pex10",0.0181987140192392,0.844,"4","peroxisomal biogenesis factor 10"
"Celf4",-0.0181860830728677,0.8924,"18","CUGBP, Elav-like family member 4"
"Prkar2a",0.0181628216018597,0.8972,"9","protein kinase, cAMP dependent regulatory, type II alpha"
"Agbl5",0.0181414490588101,0.928,"5","ATP/GTP binding protein-like 5"
"Zfp280b",-0.0181396967420442,0.932,"10","zinc finger protein 280B"
"Scn2b",0.0181391723099935,0.9264,"9","sodium channel, voltage-gated, type II, beta"
"Cldnd1",0.018116430216673,0.9096,"16","claudin domain containing 1"
"Btf3l4",-0.0180818472593165,0.864,"4","basic transcription factor 3-like 4"
"Zfp787",-0.0180564326877422,0.9224,"7","zinc finger protein 787"
"Zfp146",-0.0180557831779318,0.882,"7","zinc finger protein 146"
"Tmem181a",-0.0179989241197656,0.9556,"17","transmembrane protein 181A"
"Ywhab",-0.0179982627081525,0.892,"2","tyrosine 3-monooxygenase/tryptophan 5-monooxygenase activation protein, beta polypeptide"
"Ybx1",0.0179950254442636,0.856,"4","Y box protein 1"
"Srek1ip1",-0.0179867643127625,0.9068,"13","splicing regulatory glutamine/lysine-rich protein 1interacting protein 1"
"Ube2d2a",-0.0179849658357609,0.7844,"18","ubiquitin-conjugating enzyme E2D 2A"
"Zfp598",0.0179504229359733,0.906,"17","zinc finger protein 598"
"Slc9a6",0.0179315558048048,0.836,"X","solute carrier family 9 (sodium/hydrogen exchanger), member 6"
"Rassf3",0.017930200601171,0.9148,"10","Ras association (RalGDS/AF-6) domain family member 3"
"Fundc1",-0.0179052405562103,0.8892,"X","FUN14 domain containing 1"
"Hint3",0.0178905914610656,0.9412,"10","histidine triad nucleotide binding protein 3"
"Ptprs",-0.017888123385724,0.7464,"17","protein tyrosine phosphatase, receptor type, S"
"Htt",-0.0178835608269141,0.8696,"5","huntingtin"
"Zbed3",-0.017869946989852,0.872,"13","zinc finger, BED type containing 3"
"Set",0.017864738145394,0.8232,"2","SET nuclear oncogene"
"Dglucy",0.0178600267199474,0.868,"12","D-glutamate cyclase"
"Zfp512",-0.0178516235121791,0.7904,"5","zinc finger protein 512"
"Ubap2",-0.0177943493881907,0.848,"4","ubiquitin-associated protein 2"
"Nxpe4",0.017785910354434,0.9256,"9","neurexophilin and PC-esterase domain family, member 4"
"Plekhn1",-0.0177854238814503,0.9476,"4","pleckstrin homology domain containing, family N member 1"
"Bean1",0.0177301206781801,0.958,"8","brain expressed, associated with Nedd4, 1"
"Rccd1",-0.0177109296634836,0.9512,"7","RCC1 domain containing 1"
"Plaat1",-0.01768286039345,0.8536,"16","phospholipase A and acyltransferase 1"
"Smad2",0.0176153609420338,0.9192,"18","SMAD family member 2"
"Snrnp40",-0.0176091891314156,0.934,"4","small nuclear ribonucleoprotein 40 (U5)"
"Islr",-0.0176031878859728,0.9308,"9","immunoglobulin superfamily containing leucine-rich repeat"
"Il12rb2",-0.0176027196306066,0.9108,"6","interleukin 12 receptor, beta 2"
"Ppib",0.0175940654367714,0.818,"9","peptidylprolyl isomerase B"
"Vti1a",0.0175861659235563,0.7212,"19","vesicle transport through interaction with t-SNAREs 1A"
"Abitram",-0.0175713283062633,0.7464,"4","actin binding transcription modulator"
"Klc1",0.0175710721788214,0.8012,"12","kinesin light chain 1"
"Slc49a4",0.0175554797144768,0.75,"16","solute carrier family 49 member 4"
"Ube2ql1",-0.0175538152136863,0.858,"13","ubiquitin-conjugating enzyme E2Q family-like 1"
"Ptgr1",-0.0175461846452112,0.9332,"4","prostaglandin reductase 1"
"Rab11fip3",0.0174921163392003,0.6116,"17","RAB11 family interacting protein 3 (class II)"
"Uhmk1",0.0174745982186941,0.9264,"1","U2AF homology motif (UHM) kinase 1"
"Dchs1",-0.0174688346608272,0.9336,"7","dachsous cadherin related 1"
"Commd3",0.0174461743791428,0.868,"2","COMM domain containing 3"
"Gtpbp1",0.0174193576886141,0.9092,"15","GTP binding protein 1"
"Lcor",-0.0174160696728127,0.9484,"19","ligand dependent nuclear receptor corepressor"
"Zfp85",0.0174156601625308,0.8352,"13","zinc finger protein 85"
"Psmd12",0.0173897776716041,0.8456,"11","proteasome (prosome, macropain) 26S subunit, non-ATPase, 12"
"Ephx1",0.0173732692609487,0.838,"1","epoxide hydrolase 1, microsomal"
"Brix1",-0.0173695198162322,0.8164,"15","BRX1, biogenesis of ribosomes"
"Fbxl14",0.0173654941713544,0.896,"6","F-box and leucine-rich repeat protein 14"
"Robo3",-0.0173454972658247,0.9564,"9","roundabout guidance receptor 3"
"Zfp994",0.0173283533460835,0.8692,"17","zinc finger protein 994"
"Lypd1",-0.0172654650766511,0.8836,"1","Ly6/Plaur domain containing 1"
"Frg1",-0.0172466142989958,0.916,"8","FSHD region gene 1"
"Dnajc7",-0.0171750932774373,0.7984,"11","DnaJ heat shock protein family (Hsp40) member C7"
"Anxa7",-0.0171616859514803,0.784,"14","annexin A7"
"Eml1",-0.017152461237214,0.8856,"12","echinoderm microtubule associated protein like 1"
"Mars1",0.0171385009449923,0.9196,"10","methionine-tRNA synthetase 1"
"Spsb1",0.0171258342040899,0.9468,"4","splA/ryanodine receptor domain and SOCS box containing 1"
"Taf7",-0.0171177135914617,0.9156,"18","TATA-box binding protein associated factor 7"
"Arhgap10",0.0171168442711442,0.9352,"8","Rho GTPase activating protein 10"
"Tut1",-0.0170938105182863,0.9116,"19","terminal uridylyl transferase 1, U6 snRNA-specific"
"Usp19",-0.0170931472545526,0.9012,"9","ubiquitin specific peptidase 19"
"Man1c1",-0.0170915745279707,0.802,"4","mannosidase, alpha, class 1C, member 1"
"Kcna6",0.017068469908442,0.89,"6","potassium voltage-gated channel, shaker-related, subfamily, member 6"
"Anxa11",0.0170389452166075,0.9844,"14","annexin A11"
"Aatf",0.0170303385115629,0.8852,"11","apoptosis antagonizing transcription factor"
"Ccdc134",0.0169786664528448,0.9516,"15","coiled-coil domain containing 134"
"Tarbp1",0.0169744382568431,0.9632,"8","TAR RNA binding protein 1"
"Erc1",-0.0169402100663261,0.8704,"6","ELKS/RAB6-interacting/CAST family member 1"
"Cebpg",-0.0169396101800388,0.6588,"7","CCAAT/enhancer binding protein (C/EBP), gamma"
"Nipal3",0.0168871802780632,0.772,"4","NIPA-like domain containing 3"
"Cdh22",-0.0168765934837793,0.9492,"2","cadherin 22"
"Ubxn1",0.0168699146244933,0.9264,"19","UBX domain protein 1"
"Klhl15",-0.0168697835317748,0.9724,"X","kelch-like 15"
"Pkmyt1",-0.016835141143523,0.9184,"17","protein kinase, membrane associated tyrosine/threonine 1"
"Jak3",0.0168346192451652,0.872,"8","Janus kinase 3"
"Anapc4",-0.0168241738243928,0.6668,"5","anaphase promoting complex subunit 4"
"Arl4a",-0.0168199410352656,0.9132,"12","ADP-ribosylation factor-like 4A"
"Myl12b",0.0168169420995294,0.8932,"17","myosin, light chain 12B, regulatory"
"Asap3",-0.0168021241861274,0.9448,"4","ArfGAP with SH3 domain, ankyrin repeat and PH domain 3"
"Ufm1",0.0167581191817092,0.8148,"3","ubiquitin-fold modifier 1"
"Dcaf13",-0.0167457849336938,0.8788,"15","DDB1 and CUL4 associated factor 13"
"Arhgap24",-0.0167043062546064,0.9272,"5","Rho GTPase activating protein 24"
"Tapt1",-0.0166925773585449,0.8396,"5","transmembrane anterior posterior transformation 1"
"Mpv17",0.016674956135482,0.9212,"5","MpV17 mitochondrial inner membrane protein"
"Hgsnat",0.0166666071102064,0.8344,"8","heparan-alpha-glucosaminide N-acetyltransferase"
"Srsf3",0.016651791779835,0.8348,"17","serine and arginine-rich splicing factor 3"
"Tmem8b",0.0166390923224444,0.8764,"4","transmembrane protein 8B"
"Myo18a",-0.0166098886682455,0.8232,"11","myosin XVIIIA"
"Pold3",0.0165649311695031,0.8048,"7","polymerase (DNA-directed), delta 3, accessory subunit"
"Tmem41b",-0.0165319797519361,0.8892,"7","transmembrane protein 41B"
"Spaca6",0.0165048693495358,0.9196,"17","sperm acrosome associated 6"
"Fgfrl1",-0.0164851160620429,0.9368,"5","fibroblast growth factor receptor-like 1"
"Coro2a",-0.0164779191667388,0.8732,"4","coronin, actin binding protein 2A"
"Odf2",0.0164777772071805,0.9032,"2","outer dense fiber of sperm tails 2"
"Prkca",0.0164510303691987,0.882,"11","protein kinase C, alpha"
"Ddx27",-0.0164504390698141,0.8268,"2","DEAD box helicase 27"
"Zfp58",-0.0164364553258713,0.7356,"13","zinc finger protein 58"
"Slx4",-0.0164316020355812,0.8388,"16","SLX4 structure-specific endonuclease subunit homolog (S. cerevisiae)"
"Stum",0.0164225330096315,0.688,"1","mechanosensory transduction mediator"
"Prkar1a",-0.0163793580383924,0.8992,"11","protein kinase, cAMP dependent regulatory, type I, alpha"
"Elmo2",-0.016378134804671,0.8856,"2","engulfment and cell motility 2"
"Bloc1s4",0.0163719033197105,0.916,"5","biogenesis of lysosomal organelles complex-1, subunit 4, cappuccino"
"Syt5",0.0163583740909834,0.9684,"7","synaptotagmin V"
"Akap1",0.0163566253646126,0.6488,"11","A kinase (PRKA) anchor protein 1"
"Kcnip3",0.0163508739368288,0.9276,"2","Kv channel interacting protein 3, calsenilin"
"Zcchc4",0.0163305919503918,0.8096,"5","zinc finger, CCHC domain containing 4"
"Dnajb5",-0.0163286413920094,0.9324,"4","DnaJ heat shock protein family (Hsp40) member B5"
"Ndufb3",-0.0163226461696802,0.9564,"1","NADH:ubiquinone oxidoreductase subunit B3"
"Prrc2a",-0.0162999139757911,0.8212,"17","proline-rich coiled-coil 2A"
"Iqcb1",0.0162880310890765,0.7884,"16","IQ calmodulin-binding motif containing 1"
"Rmdn1",-0.0162833867919208,0.9128,"4","regulator of microtubule dynamics 1"
"Ctbp2",-0.0162799184055631,0.8568,"7","C-terminal binding protein 2"
"Wdr83os",-0.0162737946042943,0.944,"8","WD repeat domain 83 opposite strand"
"Golt1b",-0.0162599902777263,0.896,"6","golgi transport 1B"
"Klhl12",0.016257465635622,0.7984,"1","kelch-like 12"
"Dnm1",0.0162469378350654,0.9064,"2","dynamin 1"
"Zfp512b",0.0162360389341814,0.9172,"2","zinc finger protein 512B"
"Safb2",-0.0162058262026852,0.9144,"17","scaffold attachment factor B2"
"Sox17",-0.0162030112020686,0.9288,"1","SRY (sex determining region Y)-box 17"
"Pla2g15",0.0161994292522465,0.9056,"8","phospholipase A2, group XV"
"Got1",0.0161666129755256,0.8164,"19","glutamic-oxaloacetic transaminase 1, soluble"
"Arnt2",-0.0161385140739583,0.7948,"7","aryl hydrocarbon receptor nuclear translocator 2"
"Abl2",-0.0161269798310917,0.9272,"1","v-abl Abelson murine leukemia viral oncogene 2 (arg, Abelson-related gene)"
"Trim24",-0.0161115256246749,0.9024,"6","tripartite motif-containing 24"
"Lnx1",0.0161105181583086,0.872,"5","ligand of numb-protein X 1"
"Tmem11",-0.0161037537781041,0.896,"11","transmembrane protein 11"
"Smarcc2",0.0160884007876341,0.798,"10","SWI/SNF related, matrix associated, actin dependent regulator of chromatin, subfamily c, member 2"
"Elp2",-0.0160640503188674,0.7932,"18","elongator acetyltransferase complex subunit 2"
"Vbp1",-0.0160497496197163,0.9496,"X","von Hippel-Lindau binding protein 1"
"Dync1h1",0.0160474401322759,0.9328,"12","dynein cytoplasmic 1 heavy chain 1"
"Rpain",0.0159910918142465,0.9544,"11","RPA interacting protein"
"Jarid2",-0.0159866691972947,0.914,"13","jumonji, AT rich interactive domain 2"
"Tbc1d9",-0.015976829387637,0.9412,"8","TBC1 domain family, member 9"
"Txndc12",0.015956988596737,0.9684,"4","thioredoxin domain containing 12 (endoplasmic reticulum)"
"Pola2",0.0159390879613257,0.91,"19","polymerase (DNA directed), alpha 2"
"4833420G17Rik",-0.0159193374102431,0.8748,"13","RIKEN cDNA 4833420G17 gene"
"Tipin",0.0158890454891765,0.9476,"9","timeless interacting protein"
"2610035D17Rik",-0.0158863833470058,0.9084,"11","RIKEN cDNA 2610035D17 gene"
"2610035D17Rik",-0.0158863833470058,0.9084,"11","RIKEN cDNA 2610035D17 gene"
"Glyr1",-0.0158809889368596,0.812,"16","glyoxylate reductase 1 homolog (Arabidopsis)"
"Dcun1d1",-0.0158699503789741,0.9276,"3","DCN1, defective in cullin neddylation 1, domain containing 1 (S. cerevisiae)"
"Sptlc1",-0.0158606970797246,0.7484,"13","serine palmitoyltransferase, long chain base subunit 1"
"Angpt1",0.0158131842372646,0.8824,"15","angiopoietin 1"
"Ercc4",0.0157910384973761,0.874,"16","excision repair cross-complementing rodent repair deficiency, complementation group 4"
"Dazap2",-0.015762305188284,0.8716,"15","DAZ associated protein 2"
"Myh6",-0.0157555277399242,0.93,"14","myosin, heavy polypeptide 6, cardiac muscle, alpha"
"Ubxn2a",0.0157385351262844,0.9168,"12","UBX domain protein 2A"
"1110059G10Rik",-0.0156943580922366,0.9096,"9","RIKEN cDNA 1110059G10 gene"
"Upf1",-0.0156932649216772,0.9004,"8","UPF1 regulator of nonsense transcripts homolog (yeast)"
"Zfp65",-0.0156881891433458,0.8228,"13","zinc finger protein 65"
"Dcun1d4",-0.0156850676710976,0.9444,"5","DCN1, defective in cullin neddylation 1, domain containing 4 (S. cerevisiae)"
"Rce1",0.0156761184988889,0.912,"19","Ras converting CAAX endopeptidase 1"
"Zscan2",0.0156580252841794,0.9452,"7","zinc finger and SCAN domain containing 2"
"Pafah1b2",0.0155820724632658,0.762,"9","platelet-activating factor acetylhydrolase, isoform 1b, subunit 2"
"Mcm8",0.0155786937535742,0.8644,"2","minichromosome maintenance 8 homologous recombination repair factor"
"Ulk4",-0.0155399965671186,0.8904,"9","unc-51-like kinase 4"
"Trub1",0.0155195532822727,0.8788,"19","TruB pseudouridine (psi) synthase family member 1"
"Itm2a",-0.0155043603425935,0.9596,"X","integral membrane protein 2A"
"Dnaaf2",0.0154778515979404,0.912,"12","dynein, axonemal assembly factor 2"
"Jam3",0.0154594455296424,0.94,"9","junction adhesion molecule 3"
"Fbxo7",-0.0153825424181049,0.8876,"10","F-box protein 7"
"Dusp7",-0.015365208852768,0.9112,"9","dual specificity phosphatase 7"
"Camta2",-0.0153581855467877,0.8884,"11","calmodulin binding transcription activator 2"
"Akr1b10",-0.0153506287451619,0.9024,"6","aldo-keto reductase family 1, member B10 (aldose reductase)"
"Zmat3",0.015348435126695,0.8276,"3","zinc finger matrin type 3"
"Sfswap",0.0153253320162747,0.9452,"5","splicing factor SWAP"
"Prdm15",0.0153252527444616,0.9888,"16","PR domain containing 15"
"Ddx18",-0.0152904971576659,0.89,"1","DEAD box helicase 18"
"Unc50",-0.015251271809646,0.948,"1","unc-50 homolog"
"Bmyc",0.015245089565429,0.9744,"2","brain expressed myelocytomatosis oncogene"
"Dnajb1",0.015237131164958,0.88,"8","DnaJ heat shock protein family (Hsp40) member B1"
"Rnf123",0.015236601490642,0.8432,"9","ring finger protein 123"
"Gga3",0.0152008356875175,0.9092,"11","golgi associated, gamma adaptin ear containing, ARF binding protein 3"
"2810013P06Rik",-0.0151858327103955,0.9068,"8","RIKEN cDNA 2810013P06 gene"
"Klf10",-0.01517698477448,0.9548,"15","Kruppel-like factor 10"
"Gpr137b",0.0151718354017896,0.9148,"13","G protein-coupled receptor 137B"
"Fastkd2",-0.0151534241878193,0.8508,"1","FAST kinase domains 2"
"Sms",-0.0151399953123734,0.87,"X","spermine synthase"
"Nxph3",0.0151314798710087,0.9968,"11","neurexophilin 3"
"Tmem230",-0.015117996910182,0.8868,"2","transmembrane protein 230"
"Dhrs3",0.0150737304352373,0.9388,"4","dehydrogenase/reductase (SDR family) member 3"
"Zfp408",-0.0150618477191382,0.8724,"2","zinc finger protein 408"
"Wdr55",-0.0150340163884262,0.9456,"18","WD repeat domain 55"
"Col16a1",-0.0150154875459112,0.9756,"4","collagen, type XVI, alpha 1"
"Purb",0.0149836177238232,0.8424,"11","purine rich element binding protein B"
"Atp1a2",0.014981058963496,0.9604,"1","ATPase, Na+/K+ transporting, alpha 2 polypeptide"
"Iqsec3",0.0149602592664451,0.8476,"6","IQ motif and Sec7 domain 3"
"Ccdc34",0.0149477855188835,0.9552,"2","coiled-coil domain containing 34"
"Rnf34",-0.0149366520152707,0.888,"5","ring finger protein 34"
"Armc10",0.0149348598215573,0.9076,"5","armadillo repeat containing 10"
"Ube2j1",-0.0149308116553124,0.8048,"4","ubiquitin-conjugating enzyme E2J 1"
"Hectd3",0.0149307060270614,0.8604,"4","HECT domain E3 ubiquitin protein ligase 3"
"Tmem14c",-0.0149119133805122,0.8768,"13","transmembrane protein 14C"
"Parvb",0.0149062159307141,0.8652,"15","parvin, beta"
"Memo1",-0.0148588782672174,0.9116,"17","mediator of cell motility 1"
"Ebpl",0.0148497164161725,0.9616,"14","emopamil binding protein-like"
"Ddx51",-0.0148461992046283,0.9308,"5","DEAD box helicase 51"
"Cyp20a1",-0.014810644030709,0.9084,"1","cytochrome P450, family 20, subfamily a, polypeptide 1"
"Adcy6",0.0148042223752478,0.9508,"15","adenylate cyclase 6"
"Kctd20",0.0147951422088966,0.8448,"17","potassium channel tetramerisation domain containing 20"
"Gnaz",-0.0147835431528396,0.8828,"10","guanine nucleotide binding protein, alpha z subunit"
"Slc37a4",0.0147527421422837,0.8688,"9","solute carrier family 37 (glucose-6-phosphate transporter), member 4"
"Fam149a",-0.0147475480919623,0.916,"8","family with sequence similarity 149, member A"
"Ppp1r10",-0.0147326198189637,0.9232,"17","protein phosphatase 1, regulatory subunit 10"
"Scarb2",-0.0147146125827042,0.852,"5","scavenger receptor class B, member 2"
"Usp30",0.0147037412677342,0.7712,"5","ubiquitin specific peptidase 30"
"Usp30",0.0147037412677342,0.7712,"5","ubiquitin specific peptidase 30"
"Nr2c2",-0.0147033287831579,0.9904,"6","nuclear receptor subfamily 2, group C, member 2"
"Rbak",-0.014694840878283,0.7692,"5","RB-associated KRAB zinc finger"
"Dtx4",0.0146867550640879,0.918,"19","deltex 4, E3 ubiquitin ligase"
"Prr14",0.0146659967427896,0.8724,"7","proline rich 14"
"Phf21a",-0.0146305657405437,0.9036,"2","PHD finger protein 21A"
"Pafah2",0.0146239791026783,0.9472,"4","platelet-activating factor acetylhydrolase 2"
"Dlgap4",-0.0146105402714269,0.9348,"2","DLG associated protein 4"
"Srp68",0.0146100524747839,0.8716,"11","signal recognition particle 68"
"Zdhhc15",0.0145783443146792,0.8836,"X","zinc finger, DHHC domain containing 15"
"Nceh1",-0.0145751928030995,0.942,"3","neutral cholesterol ester hydrolase 1"
"Ino80c",-0.0145420084087124,0.8612,"18","INO80 complex subunit C"
"Ccdc130",0.0145303053003705,0.9116,"8","coiled-coil domain containing 130"
"Cbr3",-0.0145251526945955,0.9644,"16","carbonyl reductase 3"
"Mcfd2",-0.0145196010542943,0.854,"17","multiple coagulation factor deficiency 2"
"Zfp697",-0.014515346074262,0.9276,"3","zinc finger protein 697"
"Ccdc191",-0.0144960870271529,0.9268,"16","coiled-coil domain containing 191"
"Acp2",-0.0144939659173691,0.9968,"2","acid phosphatase 2, lysosomal"
"Mcm6",0.0144879301830141,0.8848,"1","minichromosome maintenance complex component 6"
"Akap17b",0.0144759712041429,0.9108,"X","A kinase (PRKA) anchor protein 17B"
"Mfsd8",-0.0144738741411885,0.8768,"3","major facilitator superfamily domain containing 8"
"Gaa",-0.0144594266509941,0.8768,"11","glucosidase, alpha, acid"
"Inpp5a",-0.0144364626588498,0.9008,"7","inositol polyphosphate-5-phosphatase A"
"Dio2",0.0143932304548775,0.926,"12","deiodinase, iodothyronine, type II"
"Ocln",-0.0143610265713643,0.9524,"13","occludin"
"Dhx8",-0.0143567078165248,0.7876,"11","DEAH (Asp-Glu-Ala-His) box polypeptide 8"
"Fancm",-0.0143285852516231,0.9656,"12","Fanconi anemia, complementation group M"
"Cd83",0.0143079530228505,0.9084,"13","CD83 antigen"
"Tulp3",0.0142926717652943,0.8448,"6","tubby-like protein 3"
"Tmem65",0.0142819918013979,0.8616,"15","transmembrane protein 65"
"Simc1",0.0142696594704188,0.9008,"13","SUMO-interacting motifs containing 1"
"Dhcr7",0.0142566411422047,0.8192,"7","7-dehydrocholesterol reductase"
"Snhg16",0.0142450750007574,0.9884,"11","small nucleolar RNA host gene 16"
"Stn1",0.0142401059819974,0.9228,"19","STN1, CST complex subunit"
"Mettl8",0.0141822289764058,0.884,"2","methyltransferase like 8"
"Plxnb3",-0.014168030003983,0.9312,"X","plexin B3"
"Myo19",0.0141668472640313,0.926,"11","myosin XIX"
"Polr3d",-0.0141534777128332,0.8648,"14","polymerase (RNA) III (DNA directed) polypeptide D"
"Ap3b2",-0.0141520832783213,0.896,"7","adaptor-related protein complex 3, beta 2 subunit"
"Slc25a13",0.014151438149022,0.964,"6","solute carrier family 25 (mitochondrial carrier, adenine nucleotide translocator), member 13"
"Maco1",-0.0141003725300797,0.7688,"4","macoilin 1"
"Srgap2",0.014097416066754,0.928,"1","SLIT-ROBO Rho GTPase activating protein 2"
"Rcbtb2",-0.0140940602921518,0.8972,"14","regulator of chromosome condensation (RCC1) and BTB (POZ) domain containing protein 2"
"Cdc23",-0.0140669027501517,0.9672,"18","CDC23 cell division cycle 23"
"Hnrnpa3",0.013997151239419,0.8096,"2","heterogeneous nuclear ribonucleoprotein A3"
"Tcea1",-0.0139930652338842,0.944,"1","transcription elongation factor A (SII) 1"
"Fam114a2",-0.0139882911030451,0.8472,"11","family with sequence similarity 114, member A2"
"Tti2",0.0139763155174233,0.8632,"8","TELO2 interacting protein 2"
"Abca7",0.0139363312181944,0.9436,"10","ATP-binding cassette, sub-family A (ABC1), member 7"
"Msantd2",-0.0139336654004429,0.9516,"9","Myb/SANT-like DNA-binding domain containing 2"
"Atat1",0.0139323881435187,0.9368,"17","alpha tubulin acetyltransferase 1"
"Zfp763",-0.0139281296950236,0.8872,"17","zinc finger protein 763"
"1110004F10Rik",0.0139182031998732,0.9176,"7","RIKEN cDNA 1110004F10 gene"
"Mbd1",0.0139009976847131,0.9012,"18","methyl-CpG binding domain protein 1"
"Kdm5b",0.0138850747392558,0.8988,"1","lysine (K)-specific demethylase 5B"
"Erf",0.0138802228658408,0.822,"7","Ets2 repressor factor"
"Qrsl1",0.0138425860776126,0.8868,"10","glutaminyl-tRNA synthase (glutamine-hydrolyzing)-like 1"
"Cir1",-0.0138323248104175,0.9216,"2","corepressor interacting with RBPJ, 1"
"Stk35",0.0138132450449886,0.8808,"2","serine/threonine kinase 35"
"Srcin1",-0.013799585603703,0.8652,"11","SRC kinase signaling inhibitor 1"
"Kcnj9",0.0137871545442376,0.9272,"1","potassium inwardly-rectifying channel, subfamily J, member 9"
"Rbbp7",0.0137831358631102,0.8616,"X","retinoblastoma binding protein 7, chromatin remodeling factor"
"Cnnm4",-0.0137777816566,0.9216,"1","cyclin M4"
"Spag7",0.0137728953361895,0.9256,"11","sperm associated antigen 7"
"Dazap1",-0.0137361744289395,0.914,"10","DAZ associated protein 1"
"Lrfn5",0.0137247508911829,0.9008,"12","leucine rich repeat and fibronectin type III domain containing 5"
"Adgra2",0.0137237928639848,0.8888,"8","adhesion G protein-coupled receptor A2"
"Wdr82",0.0137183315941618,0.8824,"9","WD repeat domain containing 82"
"Nelfa",-0.0137056020784323,0.9148,"5","negative elongation factor complex member A, Whsc2"
"Osgepl1",-0.0136757741715048,0.9188,"1","O-sialoglycoprotein endopeptidase-like 1"
"Rpusd2",-0.0136715838943071,0.8484,"2","RNA pseudouridylate synthase domain containing 2"
"Ccdc43",0.0136705984276979,0.9292,"11","coiled-coil domain containing 43"
"Pgm3",-0.0136675327461879,0.9344,"9","phosphoglucomutase 3"
"Zfyve26",-0.0136507003590767,0.9456,"12","zinc finger, FYVE domain containing 26"
"A430033K04Rik",-0.01363995848167,0.8288,"5","RIKEN cDNA A430033K04 gene"
"Entpd5",-0.0136356921159644,0.7124,"12","ectonucleoside triphosphate diphosphohydrolase 5"
"Akap7",0.0136351852350973,0.922,"10","A kinase (PRKA) anchor protein 7"
"Dhx33",-0.0136169957647088,0.9704,"11","DEAH (Asp-Glu-Ala-His) box polypeptide 33"
"P4hb",0.0135982987908747,0.8672,"11","prolyl 4-hydroxylase, beta polypeptide"
"Dbr1",-0.0135643013662663,0.872,"9","debranching RNA lariats 1"
"Fam124a",0.0135482279475028,0.9324,"14","family with sequence similarity 124, member A"
"Kif19a",-0.0135318521495726,0.9552,"11","kinesin family member 19A"
"Slc25a12",-0.0135275492306359,0.8536,"2","solute carrier family 25 (mitochondrial carrier, Aralar), member 12"
"Svil",-0.0134952365504777,0.9684,"18","supervillin"
"Stc1",0.013482620136982,0.974,"14","stanniocalcin 1"
"Ccn2",-0.0134397235533454,0.958,"10","cellular communication network factor 2"
"Fastkd5",-0.0134367633226318,0.892,"2","FAST kinase domains 5"
"D11Wsu47e",-0.0133805816285997,0.9224,"11","DNA segment, Chr 11, Wayne State University 47, expressed"
"Spg21",-0.0133785419001109,0.8976,"9","SPG21, maspardin"
"Stradb",-0.0133100038463363,0.8236,"1","STE20-related kinase adaptor beta"
"Synj2bp",-0.0132585053607377,0.8808,"12","synaptojanin 2 binding protein"
"Mrpl50",0.0132346585788552,0.9196,"4","mitochondrial ribosomal protein L50"
"Synm",0.0132342659892561,0.9324,"7","synemin, intermediate filament protein"
"Adh5",0.0132336321224571,0.8604,"3","alcohol dehydrogenase 5 (class III), chi polypeptide"
"Kcnh1",-0.0132325886131142,0.994,"1","potassium voltage-gated channel, subfamily H (eag-related), member 1"
"Txnrd1",0.0132236522811011,0.8452,"10","thioredoxin reductase 1"
"Foxn3",-0.0132196240030575,0.9612,"12","forkhead box N3"
"Gm20300",0.0132194295610368,0.902,"10","predicted gene, 20300"
"Rap2b",-0.0131928504774637,0.846,"3","RAP2B, member of RAS oncogene family"
"Pld2",-0.0131842759893548,0.924,"11","phospholipase D2"
"Poc1a",0.0131693700769926,0.9708,"9","POC1 centriolar protein A"
"Spryd7",0.0131620913269055,0.9212,"14","SPRY domain containing 7"
"Gripap1",0.0131120975160748,0.7936,"X","GRIP1 associated protein 1"
"Trappc5",-0.0131105274084433,0.8692,"8","trafficking protein particle complex 5"
"Asb13",-0.013103215757952,0.882,"13","ankyrin repeat and SOCS box-containing 13"
"Dhfr",0.0131014679083443,0.87,"13","dihydrofolate reductase"
"Ctsb",-0.0130978096719154,0.9516,"14","cathepsin B"
"Zfp341",0.0130917496405876,0.8888,"2","zinc finger protein 341"
"Mknk1",0.01308505203232,0.7996,"4","MAP kinase-interacting serine/threonine kinase 1"
"Ago1",0.0130557878572084,0.8652,"4","argonaute RISC catalytic subunit 1"
"Zfp639",-0.0130408551466861,0.8616,"3","zinc finger protein 639"
"Fdx1",0.0130407661454006,0.8956,"9","ferredoxin 1"
"Gba",-0.0130277257427274,0.9052,"3","glucosidase, beta, acid"
"Ccdc6",-0.0130242907102014,0.8632,"10","coiled-coil domain containing 6"
"Osbpl2",-0.0130004677907127,0.86,"2","oxysterol binding protein-like 2"
"Rpgrip1l",0.0129771280601343,0.9636,"8","Rpgrip1-like"
"Sec24c",0.0129620768760921,0.9496,"14","Sec24 related gene family, member C (S. cerevisiae)"
"Dhdh",-0.0129602113270693,0.8944,"7","dihydrodiol dehydrogenase (dimeric)"
"P2rx4",-0.0129465309305576,0.9472,"5","purinergic receptor P2X, ligand-gated ion channel 4"
"Padi2",0.0129331025029629,0.9408,"4","peptidyl arginine deiminase, type II"
"Wiz",0.0129264867944316,0.9224,"17","widely-interspaced zinc finger motifs"
"Cdc37l1",0.0128895068214785,0.946,"19","cell division cycle 37-like 1"
"Ubxn8",0.0128723876215204,0.8104,"8","UBX domain protein 8"
"Ube2q1",0.0128620919322806,0.8396,"3","ubiquitin-conjugating enzyme E2Q family member 1"
"E2f6",0.0128535286796687,0.8624,"12","E2F transcription factor 6"
"Vps29",-0.0128323830810864,0.9332,"5","VPS29 retromer complex component"
"Kif26b",0.0128207977037422,0.9432,"1","kinesin family member 26B"
"Ccdc167",0.0127841498114964,0.942,"17","coiled-coil domain containing 167"
"Capn1",0.0127557557931253,0.9124,"19","calpain 1"
"Rgs2",-0.0127487796659027,0.9024,"1","regulator of G-protein signaling 2"
"Ppp5c",-0.0126835932809888,0.93,"7","protein phosphatase 5, catalytic subunit"
"Gm14322",0.012634851752984,0.9308,"2","predicted gene 14322"
"Cwc15",-0.012603328624321,0.9448,"9","CWC15 spliceosome-associated protein"
"Rnmt",0.0125912771677745,0.9132,"18","RNA (guanine-7-) methyltransferase"
"Mrpl1",0.0125542863422572,0.9584,"5","mitochondrial ribosomal protein L1"
"Tmem185a",-0.0125423361216361,0.9148,"X","transmembrane protein 185A"
"Wbp4",-0.0125407169346694,0.9388,"14","WW domain binding protein 4"
"Ctxn1",-0.0125362002862222,0.95,"8","cortexin 1"
"Klhdc7a",0.0124687088490862,0.9408,"4","kelch domain containing 7A"
"Zfp273",-0.0124540031369702,0.8884,"13","zinc finger protein 273"
"Prim2",0.0124352082725845,0.9332,"1","DNA primase, p58 subunit"
"Ascc2",-0.0124042652264489,0.936,"11","activating signal cointegrator 1 complex subunit 2"
"Dnah2",0.0124020041345951,0.9632,"11","dynein, axonemal, heavy chain 2"
"Vkorc1",0.0123849941239715,0.958,"7","vitamin K epoxide reductase complex, subunit 1"
"Pbx2",-0.0123804240897663,0.9684,"17","pre B cell leukemia homeobox 2"
"Kif3c",0.0123636509408902,0.7784,"12","kinesin family member 3C"
"Kif20a",-0.0123197330860498,0.9608,"18","kinesin family member 20A"
"Rcbtb1",-0.0123145534395972,0.8536,"14","regulator of chromosome condensation (RCC1) and BTB (POZ) domain containing protein 1"
"Tsr1",-0.0123031592677845,0.9648,"11","TSR1 20S rRNA accumulation"
"Col4a2",-0.0122824903082064,0.9676,"8","collagen, type IV, alpha 2"
"Slc35f1",0.0122806768222805,0.92,"10","solute carrier family 35, member F1"
"Zfp932",0.0122726805382278,0.9656,"5","zinc finger protein 932"
"2700062C07Rik",0.0122372146812384,0.9536,"18","RIKEN cDNA 2700062C07 gene"
"Sh3rf1",0.012185171321768,0.87,"8","SH3 domain containing ring finger 1"
"Rab13",-0.0121195134005823,0.9632,"3","RAB13, member RAS oncogene family"
"Pcnx2",-0.0121074154184013,0.9368,"8","pecanex homolog 2"
"Tmem94",0.0120755349661428,0.89,"11","transmembrane protein 94"
"Fkbp10",-0.0120698962303654,0.9708,"11","FK506 binding protein 10"
"Proz",0.0120601218472749,0.9436,"8","protein Z, vitamin K-dependent plasma glycoprotein"
"Glrx2",0.0120340952861833,0.9012,"1","glutaredoxin 2 (thioltransferase)"
"Star",0.0120098868435248,0.912,"8","steroidogenic acute regulatory protein"
"Armcx3",-0.0119866104349713,0.964,"X","armadillo repeat containing, X-linked 3"
"Mrps30",-0.0119795907231248,0.9692,"13","mitochondrial ribosomal protein S30"
"Efcab2",-0.01197423253985,0.8996,"1","EF-hand calcium binding domain 2"
"Osgin2",0.011919643877778,0.9176,"4","oxidative stress induced growth inhibitor family member 2"
"Wbp2",-0.0119185684196275,0.912,"11","WW domain binding protein 2"
"Nsd2",-0.0118702328052471,0.9556,"5","nuclear receptor binding SET domain protein 2"
"Nectin3",0.0118301656079636,0.9872,"16","nectin cell adhesion molecule 3"
"Tspan7",0.0118246564671836,0.912,"X","tetraspanin 7"
"Bnip3",-0.011789501116148,0.91,"7","BCL2/adenovirus E1B interacting protein 3"
"Abcc8",-0.011757236207929,0.9648,"7","ATP-binding cassette, sub-family C (CFTR/MRP), member 8"
"Sqor",-0.0117421284396839,0.944,"2","sulfide quinone oxidoreductase"
"Trak1",0.0117204258643513,0.9128,"9","trafficking protein, kinesin binding 1"
"Dok5",-0.0117164284862592,0.9828,"2","docking protein 5"
"Kcnab3",0.011705061288187,0.95,"11","potassium voltage-gated channel, shaker-related subfamily, beta member 3"
"Arhgap1",0.0117028647949331,0.8712,"2","Rho GTPase activating protein 1"
"Gpr61",0.0116607492812566,0.9,"3","G protein-coupled receptor 61"
"Cdc26",-0.0116533936526166,0.886,"4","cell division cycle 26"
"Rmdn3",-0.011651868876891,0.9052,"2","regulator of microtubule dynamics 3"
"Pde4d",-0.0116502285596081,0.9116,"13","phosphodiesterase 4D, cAMP specific"
"Fam163b",-0.0116398805822886,0.9572,"2","family with sequence similarity 163, member B"
"Tbc1d5",-0.0116351166695239,0.9428,"17","TBC1 domain family, member 5"
"Slc15a2",-0.0116216237084856,0.986,"16","solute carrier family 15 (H+/peptide transporter), member 2"
"Csmd2",0.011545840512893,0.9472,"4","CUB and Sushi multiple domains 2"
"Patj",0.0115431986635075,0.9572,"4","PATJ, crumbs cell polarity complex component"
"Gapvd1",-0.0115207917123996,0.928,"2","GTPase activating protein and VPS9 domains 1"
"Immp1l",-0.0115200246832656,0.89,"2","IMP1 inner mitochondrial membrane peptidase-like (S. cerevisiae)"
"Magohb",-0.0114941118288039,0.9652,"6","mago homolog B, exon junction complex core component"
"Gtdc1",0.0114841696506627,0.8772,"2","glycosyltransferase-like domain containing 1"
"Pak1ip1",-0.0114718431978771,0.9404,"13","PAK1 interacting protein 1"
"Vps37c",0.0114696141405668,0.8588,"19","vacuolar protein sorting 37C"
"Tspan2",-0.0114298052895281,0.9192,"3","tetraspanin 2"
"Atg9a",0.0113988126188538,0.6944,"1","autophagy related 9A"
"Atg12",-0.0113891007930009,0.9048,"18","autophagy related 12"
"Ccar2",-0.0113866844973707,0.7764,"14","cell cycle activator and apoptosis regulator 2"
"Nt5dc3",-0.0113710803448743,0.956,"10","5'-nucleotidase domain containing 3"
"Acsl1",0.0113688095093085,0.8828,"8","acyl-CoA synthetase long-chain family member 1"
"Dpyd",0.0113536368278373,0.9448,"3","dihydropyrimidine dehydrogenase"
"Gm19500",-0.0113079823880078,0.9892,"18","predicted gene, 19500"
"Ciz1",0.0112886549244546,0.952,"2","CDKN1A interacting zinc finger protein 1"
"Prmt6",-0.0112814421885234,0.9292,"3","protein arginine N-methyltransferase 6"
"Ddost",-0.0112801929136532,0.8828,"4","dolichyl-di-phosphooligosaccharide-protein glycotransferase"
"Ptcd3",-0.011271581714313,0.8672,"6","pentatricopeptide repeat domain 3"
"Peli2",-0.0112623303297053,0.8844,"14","pellino 2"
"Peli2",-0.0112623303297053,0.8844,"14","pellino 2"
"Hmg20a",0.0112554334636492,0.9608,"9","high mobility group 20A"
"Alg6",0.0112473711299366,0.902,"4","asparagine-linked glycosylation 6 (alpha-1,3,-glucosyltransferase)"
"Pdhb",-0.0112242077832558,0.8836,"14","pyruvate dehydrogenase (lipoamide) beta"
"Traf3ip2",-0.0112098677021097,0.9208,"10","TRAF3 interacting protein 2"
"Tpst1",0.0112068220922676,0.9244,"5","protein-tyrosine sulfotransferase 1"
"Tnks1bp1",-0.0112065807035968,0.8976,"2","tankyrase 1 binding protein 1"
"Crocc",-0.011196693888464,0.982,"4","ciliary rootlet coiled-coil, rootletin"
"Hk1",-0.011196639606224,0.906,"10","hexokinase 1"
"Tmem163",-0.0111480146330809,0.9456,"1","transmembrane protein 163"
"Map7d1",-0.0111441996679371,0.6968,"4","MAP7 domain containing 1"
"C4a",0.0111297693149446,0.9868,"17","complement component 4A (Rodgers blood group)"
"Farp1",-0.0110880244729525,0.9244,"14","FERM, RhoGEF (Arhgef) and pleckstrin domain protein 1 (chondrocyte-derived)"
"Grid1",-0.0110638869465882,0.8696,"14","glutamate receptor, ionotropic, delta 1"
"Rprd1a",0.0109788471046777,0.9424,"18","regulation of nuclear pre-mRNA domain containing 1A"
"Cep19",-0.0109561867286221,0.9336,"16","centrosomal protein 19"
"Arl8a",-0.0109560811075919,0.8916,"1","ADP-ribosylation factor-like 8A"
"Rpn1",-0.0109336285491741,0.8732,"6","ribophorin I"
"Slc4a1ap",-0.0108997288047963,0.9128,"5","solute carrier family 4 (anion exchanger), member 1, adaptor protein"
"Mnat1",-0.0107955014781562,0.8916,"12","menage a trois 1"
"Jkamp",0.0107734488028948,0.9688,"12","JNK1/MAPK8-associated membrane protein"
"Fmnl1",-0.0107561778300145,0.9428,"11","formin-like 1"
"Oard1",0.0107359632253172,0.9552,"17","O-acyl-ADP-ribose deacylase 1"
"Zfp746",-0.0107061114112597,0.876,"6","zinc finger protein 746"
"Mapkap1",0.0106892103301091,0.8404,"2","mitogen-activated protein kinase associated protein 1"
"Cfap36",0.0106863309474852,0.8944,"11","cilia and flagella associated protein 36"
"Gne",0.0106735695600886,0.8632,"4","glucosamine (UDP-N-acetyl)-2-epimerase/N-acetylmannosamine kinase"
"Igbp1",0.0106730103134662,0.9604,"X","immunoglobulin (CD79A) binding protein 1"
"Mob4",-0.0106667795108288,0.9368,"1","MOB family member 4, phocein"
"Umps",0.0106625549378245,0.8732,"16","uridine monophosphate synthetase"
"Tmem184b",0.0106611673498023,0.9112,"15","transmembrane protein 184b"
"Osbp2",0.0106591916652912,0.7988,"11","oxysterol binding protein 2"
"Riox2",0.0106246198320528,0.9588,"16","ribosomal oxygenase 2"
"Basp1",-0.0106113760410516,0.9408,"15","brain abundant, membrane attached signal protein 1"
"Map2k7",-0.0105887667499012,0.9064,"8","mitogen-activated protein kinase kinase 7"
"Nasp",-0.0105684084761952,0.9108,"4","nuclear autoantigenic sperm protein (histone-binding)"
"Tmem177",0.0105481346244374,0.9472,"1","transmembrane protein 177"
"Maip1",-0.0105376000441422,0.8736,"1","matrix AAA peptidase interacting protein 1"
"Atp6v0a1",0.0105144581378269,0.96,"11","ATPase, H+ transporting, lysosomal V0 subunit A1"
"Hook2",0.0105007394894336,0.9528,"8","hook microtubule tethering protein 2"
"Dpf3",0.0104977750743456,0.9536,"12","double PHD fingers 3"
"Elfn2",-0.0104902054304326,0.89,"15","leucine rich repeat and fibronectin type III, extracellular 2"
"Fam78a",-0.010420069934423,0.9488,"2","family with sequence similarity 78, member A"
"Xrcc5",0.0103943049390631,0.9148,"1","X-ray repair complementing defective repair in Chinese hamster cells 5"
"Zfp27",-0.0103856331709316,0.8452,"7","zinc finger protein 27"
"Hacl1",-0.0103551569350604,0.9432,"14","2-hydroxyacyl-CoA lyase 1"
"Zfp866",0.0103406228149403,0.9716,"8","zinc finger protein 866"
"Pank2",-0.0103327379097902,0.8388,"2","pantothenate kinase 2"
"Mmaa",-0.0103281035118172,0.8876,"8","methylmalonic aciduria (cobalamin deficiency) type A"
"Dnmt3a",0.0103043705379671,0.9288,"12","DNA methyltransferase 3A"
"Ebp",0.0103016292062805,0.918,"X","phenylalkylamine Ca2+ antagonist (emopamil) binding protein"
"Ttll1",-0.0102973545395084,0.8908,"15","tubulin tyrosine ligase-like 1"
"Pdgfd",-0.0102950570263154,0.9628,"9","platelet-derived growth factor, D polypeptide"
"Als2cl",0.0102792803615017,0.9688,"9","ALS2 C-terminal like"
"Nab2",0.0102775466789247,0.9264,"10","Ngfi-A binding protein 2"
"Rheb",-0.010265211374092,0.9744,"5","Ras homolog enriched in brain"
"Mpped1",-0.0102540662578319,0.9736,"15","metallophosphoesterase domain containing 1"
"Mrm2",-0.0102418384929228,0.952,"5","mitochondrial rRNA methyltransferase 2"
"Cpxm1",0.0102159690050909,0.9848,"2","carboxypeptidase X 1 (M14 family)"
"P3h3",0.0102125584361845,0.9252,"6","prolyl 3-hydroxylase 3"
"Amigo1",0.0101738484945519,0.832,"3","adhesion molecule with Ig like domain 1"
"C1qb",0.0101680259702333,0.972,"4","complement component 1, q subcomponent, beta polypeptide"
"Cux1",-0.0101463659738226,0.9184,"5","cut-like homeobox 1"
"Timeless",0.0101353106649056,0.9452,"10","timeless circadian clock 1"
"Trim25",-0.0101278375946374,0.978,"11","tripartite motif-containing 25"
"Coro2b",0.0101209282969084,0.9204,"9","coronin, actin binding protein, 2B"
"Rab23",0.0100981458345846,0.8968,"1","RAB23, member RAS oncogene family"
"Trap1",-0.0100874824592339,0.7536,"16","TNF receptor-associated protein 1"
"Tspan13",-0.0100263535546201,0.9404,"12","tetraspanin 13"
"Pglyrp1",0.010001471021849,0.9216,"7","peptidoglycan recognition protein 1"
"Cep120",-0.00999429237403238,0.8776,"18","centrosomal protein 120"
"Mttp",-0.00999321375623374,0.9272,"3","microsomal triglyceride transfer protein"
"Bche",0.00998053307218916,0.9588,"3","butyrylcholinesterase"
"Slc35f5",0.00992479568877203,0.9456,"1","solute carrier family 35, member F5"
"Bahd1",0.00986781862681418,0.862,"2","bromo adjacent homology domain containing 1"
"Opalin",-0.00985281650043213,0.9968,"19","oligodendrocytic myelin paranodal and inner loop protein"
"Tnfrsf25",-0.00981817132236884,0.9832,"4","tumor necrosis factor receptor superfamily, member 25"
"Rps6kc1",0.00977264545779732,0.9436,"1","ribosomal protein S6 kinase polypeptide 1"
"Mrps31",-0.0097235999758789,0.9656,"8","mitochondrial ribosomal protein S31"
"Rnf138",-0.00970609454076143,0.9368,"18","ring finger protein 138"
"Zmat1",0.00966268406458815,0.9516,"X","zinc finger, matrin type 1"
"Prkd2",-0.00964889856831164,0.9628,"7","protein kinase D2"
"Lmtk3",0.00963852718205871,0.9832,"7","lemur tyrosine kinase 3"
"Tgoln1",-0.00959041366676239,0.89,"6","trans-golgi network protein"
"Yy1",-0.00958995513360872,0.8532,"12","YY1 transcription factor"
"Fras1",0.00956165470994552,0.9892,"5","Fraser extracellular matrix complex subunit 1"
"Taf5",0.00954339921137803,0.956,"19","TATA-box binding protein associated factor 5"
"Pde8b",-0.00953126948022032,0.8732,"13","phosphodiesterase 8B"
"Mettl21a",0.00951563345853801,0.8972,"1","methyltransferase like 21A"
"Pigp",-0.00951150391599054,0.8948,"16","phosphatidylinositol glycan anchor biosynthesis, class P"
"Tbl2",0.00950457584643338,0.8816,"5","transducin (beta)-like 2"
"Cacna2d2",-0.00950354357259231,0.946,"9","calcium channel, voltage-dependent, alpha 2/delta subunit 2"
"Shc3",-0.00950151882955819,0.9524,"13","src homology 2 domain-containing transforming protein C3"
"Ccdc61",-0.00949793422616452,0.9388,"7","coiled-coil domain containing 61"
"Fzd1",0.0094924665418592,0.9504,"5","frizzled class receptor 1"
"Sptb",0.00945894745048825,0.9128,"12","spectrin beta, erythrocytic"
"Tdrkh",-0.00945545847804485,0.9652,"3","tudor and KH domain containing protein"
"Myl12a",0.00939675072370338,0.934,"17","myosin, light chain 12A, regulatory, non-sarcomeric"
"Tceal5",0.009388223370979,0.9048,"X","transcription elongation factor A (SII)-like 5"
"Tgfbr3l",0.00938450813744707,0.9812,"8","transforming growth factor, beta receptor III-like"
"Tgfbrap1",-0.00936317571278789,0.8772,"1","transforming growth factor, beta receptor associated protein 1"
"Grsf1",0.00930816508105359,0.9388,"5","G-rich RNA sequence binding factor 1"
"Chd1l",0.00927621458408012,0.9172,"3","chromodomain helicase DNA binding protein 1-like"
"Relt",0.00925374449291683,0.9536,"7","RELT tumor necrosis factor receptor"
"Ptprj",-0.00923459358111511,0.9284,"2","protein tyrosine phosphatase, receptor type, J"
"Tpm3",0.00923252087450965,0.9224,"3","tropomyosin 3, gamma"
"Gas7",-0.00922905633735205,0.8352,"11","growth arrest specific 7"
"Tcirg1",0.00919433319659912,0.9664,"19","T cell, immune regulator 1, ATPase, H+ transporting, lysosomal V0 protein A3"
"AW146154",0.00919144408376171,0.96,"7","expressed sequence AW146154"
"Srsf4",0.00916149049874893,0.9224,"4","serine and arginine-rich splicing factor 4"
"Wdr12",0.00914872344247275,0.8184,"1","WD repeat domain 12"
"Fig4",-0.00914510351675268,0.9376,"10","FIG4 phosphoinositide 5-phosphatase"
"Eif4a3",0.00912221806207114,0.93,"11","eukaryotic translation initiation factor 4A3"
"Prpf19",0.00907126774807487,0.9132,"19","pre-mRNA processing factor 19"
"Smco3",-0.00906727944880892,0.9564,"6","single-pass membrane protein with coiled-coil domains 3"
"Grb2",0.00893309922362207,0.9252,"11","growth factor receptor bound protein 2"
"Dnajc10",-0.0089266254888587,0.9316,"2","DnaJ heat shock protein family (Hsp40) member C10"
"Zfp365",-0.00887390828020784,0.942,"10","zinc finger protein 365"
"Rufy1",0.0088729823571434,0.9336,"11","RUN and FYVE domain containing 1"
"Cetn3",-0.00886739945424342,0.9588,"13","centrin 3"
"Snx1",-0.00884020228531579,0.934,"9","sorting nexin 1"
"Pcid2",-0.00882984916973939,0.8868,"8","PCI domain containing 2"
"Lhx2",0.00880321184176136,0.936,"2","LIM homeobox protein 2"
"Zfp30",0.00878086803108591,0.9276,"7","zinc finger protein 30"
"Sin3a",-0.0087325648491845,0.9248,"9","transcriptional regulator, SIN3A (yeast)"
"Pdk2",0.00870721206971226,0.9524,"11","pyruvate dehydrogenase kinase, isoenzyme 2"
"2210408I21Rik",0.00870365988274679,0.9968,"13","RIKEN cDNA 2210408I21 gene"
"Tpra1",-0.00864412843123041,0.9264,"6","transmembrane protein, adipocyte asscociated 1"
"Cdc25b",-0.00863455216599096,0.9468,"2","cell division cycle 25B"
"Zeb2os",0.00862515821772125,0.994,"2","zinc finger E-box binding homeobox 2, opposite strand"
"Ccdc71",0.00862483434312988,0.9608,"9","coiled-coil domain containing 71"
"Iyd",0.00861832984109689,0.9624,"10","iodotyrosine deiodinase"
"Lsm10",0.00859625782859297,0.9184,"4","U7 snRNP-specific Sm-like protein LSM10"
"Amer3",0.00856620868581714,0.9432,"1","APC membrane recruitment 3"
"Slc1a6",0.00856474754059589,0.9704,"10","solute carrier family 1 (high affinity aspartate/glutamate transporter), member 6"
"St7l",-0.00853336022337725,0.9536,"3","suppression of tumorigenicity 7-like"
"Capn5",0.00852716926470176,0.952,"7","calpain 5"
"Fam171a1",0.00844596603871395,0.8048,"2","family with sequence similarity 171, member A1"
"Ankrd46",0.00843653545977041,0.9492,"15","ankyrin repeat domain 46"
"Dkc1",-0.0084228171414189,0.952,"X","dyskeratosis congenita 1, dyskerin"
"Fundc2",0.00841614754784636,0.936,"X","FUN14 domain containing 2"
"Rragd",-0.00840759976074956,0.9708,"4","Ras-related GTP binding D"
"Zfp641",-0.00840509773548259,0.9392,"15","zinc finger protein 641"
"Gnb4",-0.00837122539369384,0.9344,"3","guanine nucleotide binding protein (G protein), beta 4"
"Gtf3c6",0.00835923113270898,0.9864,"10","general transcription factor IIIC, polypeptide 6, alpha"
"S1pr3",0.00832675921273296,0.9564,"13","sphingosine-1-phosphate receptor 3"
"Enpp4",0.00831622498944107,0.9804,"17","ectonucleotide pyrophosphatase/phosphodiesterase 4"
"Dph6",-0.0082690586679961,0.9144,"2","diphthamine biosynthesis 6"
"Gabrg1",0.00826367615587653,0.8724,"5","gamma-aminobutyric acid (GABA) A receptor, subunit gamma 1"
"Adcy1",0.00824890451271365,0.9604,"11","adenylate cyclase 1"
"Ube2o",-0.00822314987754336,0.8644,"11","ubiquitin-conjugating enzyme E2O"
"2310002F09Rik",0.00817663258258206,0.9492,"7","RIKEN cDNA 2310002F09 gene"
"Mcmbp",0.00815008773073345,0.928,"7","minichromosome maintenance complex binding protein"
"Gm10509",0.00811945888279686,0.9164,"17","predicted gene 10509"
"Dnmbp",-0.00809553778998007,0.9612,"19","dynamin binding protein"
"Isy1",0.00806688195755978,0.8924,"6","ISY1 splicing factor homolog"
"AU040320",0.00805074041695431,0.8516,"4","expressed sequence AU040320"
"Dnmt1",0.00804817359454102,0.9548,"9","DNA methyltransferase (cytosine-5) 1"
"Lap3",0.00804774805111208,0.9432,"5","leucine aminopeptidase 3"
"Ckmt1",0.00802405894186631,0.9288,"2","creatine kinase, mitochondrial 1, ubiquitous"
"Nhsl1",-0.00800049275548353,0.9052,"10","NHS-like 1"
"Trib1",0.00799584226168282,0.9688,"15","tribbles pseudokinase 1"
"Prickle2",0.00796628253015363,0.9304,"6","prickle planar cell polarity protein 2"
"Slc15a4",-0.0079546620362505,0.8884,"5","solute carrier family 15, member 4"
"Sncg",0.00794896507851739,0.994,"14","synuclein, gamma"
"Cstf2t",-0.00794527555757085,0.9732,"19","cleavage stimulation factor, 3' pre-RNA subunit 2, tau"
"Pigz",0.00792687008505322,0.9704,"16","phosphatidylinositol glycan anchor biosynthesis, class Z"
"Fgf13",-0.00789779638298072,0.946,"X","fibroblast growth factor 13"
"Cops7a",0.00782953394915609,0.9488,"6","COP9 signalosome subunit 7A"
"Doc2a",-0.00781123009914708,0.938,"7","double C2, alpha"
"Prmt2",-0.0078107478576932,0.9176,"10","protein arginine N-methyltransferase 2"
"Rcan3",-0.00780754348636759,0.9528,"4","regulator of calcineurin 3"
"Khsrp",-0.00779281120551634,0.9608,"17","KH-type splicing regulatory protein"
"Ddx17",0.00779156718393637,0.9664,"15","DEAD box helicase 17"
"Mmadhc",0.00768452721379553,0.9484,"2","methylmalonic aciduria (cobalamin deficiency) cblD type, with homocystinuria"
"Zfp568",0.00767994037250253,0.9672,"7","zinc finger protein 568"
"Slc25a17",0.00766921076029714,0.9576,"15","solute carrier family 25 (mitochondrial carrier, peroxisomal membrane protein), member 17"
"Slc31a1",0.00766616517565399,0.9592,"4","solute carrier family 31, member 1"
"Srsf2",-0.00761598594964408,0.8748,"11","serine and arginine-rich splicing factor 2"
"Wdsub1",0.00761030780619087,0.948,"2","WD repeat, SAM and U-box domain containing 1"
"Traf2",0.00755916792763767,0.8936,"2","TNF receptor-associated factor 2"
"Ddi2",-0.00754060344234508,0.988,"4","DNA-damage inducible protein 2"
"Ppp1r8",0.00750175262443964,0.9004,"4","protein phosphatase 1, regulatory subunit 8"
"Coq5",0.00746932707990844,0.938,"5","coenzyme Q5 methyltransferase"
"Arpc5l",-0.00746747972527739,0.9764,"2","actin related protein 2/3 complex, subunit 5-like"
"Vwa3b",-0.00736839299118675,0.9868,"1","von Willebrand factor A domain containing 3B"
"Ring1",-0.00734686244524863,0.984,"17","ring finger protein 1"
"Naa20",-0.00732731650283736,0.9496,"2","N(alpha)-acetyltransferase 20, NatB catalytic subunit"
"Bcl7a",-0.00727711803075071,0.9512,"5","B cell CLL/lymphoma 7A"
"Fbxo21",0.00726359041128433,0.96,"5","F-box protein 21"
"Ralbp1",0.00720991514776514,0.938,"17","ralA binding protein 1"
"Cad",0.00719663438275653,0.9588,"5","carbamoyl-phosphate synthetase 2, aspartate transcarbamylase, and dihydroorotase"
"Nova2",0.00705045517622604,0.964,"7","NOVA alternative splicing regulator 2"
"Dffb",0.0069953358655459,0.9968,"4","DNA fragmentation factor, beta subunit"
"Lgals8",-0.00695839047431068,0.922,"13","lectin, galactose binding, soluble 8"
"Cdk18",0.00694316948655249,0.9296,"1","cyclin-dependent kinase 18"
"Pomt1",0.00693984223127542,0.9672,"2","protein-O-mannosyltransferase 1"
"Ahsa2",-0.00692865459364356,0.9476,"11","AHA1, activator of heat shock protein ATPase 2"
"Prpsap2",0.00690639309191177,0.9344,"11","phosphoribosyl pyrophosphate synthetase-associated protein 2"
"Larp1",0.00690608428571604,0.9072,"11","La ribonucleoprotein 1, translational regulator"
"Rundc3b",0.00690451132568359,0.9876,"5","RUN domain containing 3B"
"Ctnnbl1",-0.00685649637318253,0.952,"2","catenin, beta like 1"
"2700097O09Rik",-0.00685622114473228,0.9748,"12","RIKEN cDNA 2700097O09 gene"
"C2cd2l",-0.00684154377684365,0.9392,"9","C2 calcium-dependent domain containing 2-like"
"Abca4",-0.00678107528272309,0.9868,"3","ATP-binding cassette, sub-family A (ABC1), member 4"
"Dnttip2",-0.00676282565242659,0.9348,"3","deoxynucleotidyltransferase, terminal, interacting protein 2"
"Sncb",0.00672770791639898,0.9764,"13","synuclein, beta"
"Sufu",-0.00669218505837677,0.9424,"19","SUFU negative regulator of hedgehog signaling"
"Slc29a4",-0.00668392990298194,0.9664,"5","solute carrier family 29 (nucleoside transporters), member 4"
"Serpinb9",-0.00667533595345926,0.9716,"13","serine (or cysteine) peptidase inhibitor, clade B, member 9"
"Gpr146",-0.00666478239770285,0.9408,"5","G protein-coupled receptor 146"
"Gnb5",-0.00666264484120127,0.932,"9","guanine nucleotide binding protein (G protein), beta 5"
"Ssx2ip",-0.00664575375875653,0.9724,"3","synovial sarcoma, X 2 interacting protein"
"Abr",0.00661675207186896,0.9736,"11","active BCR-related gene"
"Abca3",-0.00659645313550783,0.9684,"17","ATP-binding cassette, sub-family A (ABC1), member 3"
"Arhgap39",0.00659304654486093,0.9244,"15","Rho GTPase activating protein 39"
"Orai3",0.00658598611973193,0.886,"7","ORAI calcium release-activated calcium modulator 3"
"Pianp",-0.00656102105720979,0.9512,"6","PILR alpha associated neural protein"
"Gpatch2",-0.00655690026645939,0.8756,"1","G patch domain containing 2"
"Zeb1",-0.00654622667057581,0.9076,"18","zinc finger E-box binding homeobox 1"
"Tgfbr3",-0.00651943945723055,0.9368,"5","transforming growth factor, beta receptor III"
"Phtf1",-0.00649909618567523,0.9284,"3","putative homeodomain transcription factor 1"
"Rnf130",0.00648565337044182,0.916,"11","ring finger protein 130"
"Tiparp",0.00648331022794224,0.9556,"3","TCDD-inducible poly(ADP-ribose) polymerase"
"Snd1",0.00646422685846648,0.9412,"6","staphylococcal nuclease and tudor domain containing 1"
"Tle1",-0.00643660358516129,0.9492,"4","transducin-like enhancer of split 1"
"Naglu",-0.00643225531541747,0.952,"11","alpha-N-acetylglucosaminidase (Sanfilippo disease IIIB)"
"Pi4ka",0.00642559930396924,0.9688,"16","phosphatidylinositol 4-kinase alpha"
"Opa3",0.00641226512879989,0.9632,"7","optic atrophy 3"
"Tmc3",0.00639811586545291,0.976,"7","transmembrane channel-like gene family 3"
"Idh3a",0.0063863528941086,0.926,"9","isocitrate dehydrogenase 3 (NAD+) alpha"
"Xrn2",-0.00633991946081824,0.9968,"2","5'-3' exoribonuclease 2"
"Nup62",0.00633432828528147,0.958,"7","nucleoporin 62"
"Rwdd2a",0.00631599887930445,0.9536,"9","RWD domain containing 2A"
"Rsph3a",-0.00630904843351177,0.9548,"17","radial spoke 3A homolog (Chlamydomonas)"
"Slc24a3",-0.00629973264321215,0.8844,"2","solute carrier family 24 (sodium/potassium/calcium exchanger), member 3"
"Vta1",0.00626839290870596,0.9324,"10","vesicle (multivesicular body) trafficking 1"
"Vta1",0.00626839290870596,0.9324,"10","vesicle (multivesicular body) trafficking 1"
"Rida",-0.00626020763554003,0.98,"15","reactive intermediate imine deaminase A homolog"
"Sugt1",0.00625485120797009,0.9532,"14","SGT1, suppressor of G2 allele of SKP1 (S. cerevisiae)"
"Fgd1",0.00620538287073558,0.9736,"X","FYVE, RhoGEF and PH domain containing 1"
"Zfp14",0.00620046208425684,0.9424,"7","zinc finger protein 14"
"Unc5b",0.00619822551070115,0.9652,"10","unc-5 netrin receptor B"
"Pbx1",0.00617611819801489,0.9496,"1","pre B cell leukemia homeobox 1"
"Osbpl10",-0.00616141815251048,0.9612,"9","oxysterol binding protein-like 10"
"Cspg5",-0.00614586161085295,0.9764,"9","chondroitin sulfate proteoglycan 5"
"Slc22a15",-0.00610882351667952,0.9968,"3","solute carrier family 22 (organic anion/cation transporter), member 15"
"Arih2",0.00606119572350039,0.9276,"9","ariadne RBR E3 ubiquitin protein ligase 2"
"Nrg2",0.00604058480096992,0.976,"18","neuregulin 2"
"Praf2",-0.00602105910850792,0.9672,"X","PRA1 domain family 2"
"Vldlr",-0.00601705493434057,0.9804,"19","very low density lipoprotein receptor"
"Hmgb3",0.00601208663053043,0.9656,"X","high mobility group box 3"
"Tdp1",0.00601197679171239,0.924,"12","tyrosyl-DNA phosphodiesterase 1"
"Slc11a2",0.00597725609328226,0.9584,"15","solute carrier family 11 (proton-coupled divalent metal ion transporters), member 2"
"Klf4",0.00591791873082936,0.9796,"4","Kruppel-like factor 4 (gut)"
"Rfc1",-0.00589178937000412,0.9864,"5","replication factor C (activator 1) 1"
"Fkbp15",-0.00588157507647402,0.9616,"4","FK506 binding protein 15"
"Zfp575",-0.00587608832905007,0.9844,"7","zinc finger protein 575"
"Gabbr1",-0.00587290116122041,0.854,"17","gamma-aminobutyric acid (GABA) B receptor, 1"
"Ngly1",0.00583953269200244,0.948,"14","N-glycanase 1"
"Atf1",0.00582073053564081,0.914,"15","activating transcription factor 1"
"Cs",-0.00580426907685094,0.9472,"10","citrate synthase"
"Rbm6",0.00579887034976068,0.9356,"9","RNA binding motif protein 6"
"Vsig2",-0.00578053981999904,0.9816,"9","V-set and immunoglobulin domain containing 2"
"M6pr",0.00576655135142268,0.9596,"6","mannose-6-phosphate receptor, cation dependent"
"Ppp2ca",0.00575819825706425,0.9228,"11","protein phosphatase 2 (formerly 2A), catalytic subunit, alpha isoform"
"Gemin5",0.00571998370739291,0.9316,"11","gem nuclear organelle associated protein 5"
"Sec24d",0.00568844767889054,0.9904,"3","Sec24 related gene family, member D (S. cerevisiae)"
"Orc2",-0.00566735700433796,0.9324,"1","origin recognition complex, subunit 2"
"Chil1",0.00565950007873095,0.9752,"1","chitinase-like 1"
"Abhd6",0.00565260238506404,0.94,"14","abhydrolase domain containing 6"
"Lyrm4",0.00560439394339429,0.9652,"13","LYR motif containing 4"
"Gins4",-0.00559271292558128,0.9684,"8","GINS complex subunit 4 (Sld5 homolog)"
"Dlx1as",-0.00556666182346088,0.9432,"2","distal-less homeobox 1, antisense"
"Kif7",-0.00555846019463169,0.98,"7","kinesin family member 7"
"Zfp938",-0.00553302483112761,0.9688,"10","zinc finger protein 938"
"Gtf3c4",0.00549174580344935,0.9328,"2","general transcription factor IIIC, polypeptide 4"
"Tmem59",0.00547436026224712,0.9576,"4","transmembrane protein 59"
"Tns1",0.00546404592778593,0.994,"1","tensin 1"
"Rab22a",-0.00546379453676504,0.8996,"2","RAB22A, member RAS oncogene family"
"Ttc26",0.00544317096818148,0.9816,"6","tetratricopeptide repeat domain 26"
"Ctr9",-0.00539701079717503,0.9704,"7","CTR9 homolog, Paf1/RNA polymerase II complex component"
"Dnase1",-0.00537090921340333,0.9796,"16","deoxyribonuclease I"
"Plk5",-0.00536779811887289,0.97,"10","polo like kinase 5"
"Hepacam",0.00533148921341642,0.9568,"9","hepatocyte cell adhesion molecule"
"Pigt",-0.00533144583661205,0.9392,"2","phosphatidylinositol glycan anchor biosynthesis, class T"
"Diaph1",0.00531038251444649,0.9608,"18","diaphanous related formin 1"
"Sdad1",-0.00529453796982438,0.9596,"5","SDA1 domain containing 1"
"Cct4",0.00528205986296193,0.9456,"11","chaperonin containing Tcp1, subunit 4 (delta)"
"Gemin2",0.00528065831582092,0.9556,"12","gem nuclear organelle associated protein 2"
"Scube1",-0.00523951489812635,0.9524,"15","signal peptide, CUB domain, EGF-like 1"
"Polr1c",-0.00523143629556744,0.9616,"17","polymerase (RNA) I polypeptide C"
"Frmpd3",0.00522517119630717,0.9648,"X","FERM and PDZ domain containing 3"
"Ttc16",0.00520253258095527,0.978,"2","tetratricopeptide repeat domain 16"
"Aifm1",-0.00517467491378376,0.938,"X","apoptosis-inducing factor, mitochondrion-associated 1"
"Fance",-0.00517411282999714,0.9468,"17","Fanconi anemia, complementation group E"
"Kri1",-0.00517410822916009,0.9148,"9","KRI1 homolog"
"Prune2",0.0051641827550819,0.978,"19","prune homolog 2"
"Il18",0.00515825962828043,0.9708,"9","interleukin 18"
"Hpgds",-0.00515353080740133,0.9968,"6","hematopoietic prostaglandin D synthase"
"Ehd3",-0.00514359844403689,0.9768,"17","EH-domain containing 3"
"Tceanc2",0.00513563122521621,0.9412,"4","transcription elongation factor A (SII) N-terminal and central domain containing 2"
"Slc16a9",-0.00512179164393889,0.9812,"10","solute carrier family 16 (monocarboxylic acid transporters), member 9"
"Ahsa1",-0.00511499621690792,0.9688,"12","AHA1, activator of heat shock protein ATPase 1"
"Tubb3",0.00511310577745849,0.944,"8","tubulin, beta 3 class III"
"Smad5",-0.00510593396784298,0.9624,"13","SMAD family member 5"
"Mterf4",0.00507826016115409,0.9704,"1","mitochondrial transcription termination factor 4"
"Aox1",0.00507666140809171,0.9836,"1","aldehyde oxidase 1"
"Zfp976",-0.00505525788337291,0.9624,"7","zinc finger protein 976"
"Rfng",0.00505139270892396,0.9844,"11","RFNG O-fucosylpeptide 3-beta-N-acetylglucosaminyltransferase"
"Trmt1l",-0.00504689884862408,0.9508,"1","tRNA methyltransferase 1 like"
"Phospho2",0.00504478580447287,0.9472,"2","phosphatase, orphan 2"
"Rasip1",0.00504251224845786,0.9896,"7","Ras interacting protein 1"
"Agap1",0.00503324171592023,0.8904,"1","ArfGAP with GTPase domain, ankyrin repeat and PH domain 1"
"Marchf5",0.00502592266642843,0.982,"19","membrane associated ring-CH-type finger 5"
"Ccbe1",0.00502111070049427,0.974,"18","collagen and calcium binding EGF domains 1"
"Inpp1",0.00501908476049051,0.9684,"1","inositol polyphosphate-1-phosphatase"
"Ubc",0.00500228099644406,0.994,"5","ubiquitin C"
"Pttg1",-0.00499594269566028,0.9508,"11","pituitary tumor-transforming gene 1"
"Actn2",0.00499378965704933,0.9544,"13","actinin alpha 2"
"Dlg3",-0.00499045689550037,0.9304,"X","discs large MAGUK scaffold protein 3"
"1700030J22Rik",0.00496459721089204,0.9564,"8","RIKEN cDNA 1700030J22 gene"
"Ilvbl",-0.00496266894674502,0.964,"10","ilvB (bacterial acetolactate synthase)-like"
"Pqbp1",0.00492795620612618,0.9904,"X","polyglutamine binding protein 1"
"Arel1",0.00490194662232835,0.968,"12","apoptosis resistant E3 ubiquitin protein ligase 1"
"Gucy2e",0.00488821610521395,0.9588,"11","guanylate cyclase 2e"
"Phactr4",0.00488176513486582,0.988,"4","phosphatase and actin regulator 4"
"Coq10b",0.00488078432133365,0.964,"1","coenzyme Q10B"
"Nmt2",0.00487083646310982,0.8964,"2","N-myristoyltransferase 2"
"Rgs3",0.00482237113087391,0.9488,"4","regulator of G-protein signaling 3"
"Eed",0.0048133867912763,0.9496,"7","embryonic ectoderm development"
"Snx25",-0.00480932621143904,0.9912,"8","sorting nexin 25"
"Sptan1",0.00480683720565089,0.9684,"2","spectrin alpha, non-erythrocytic 1"
"Frat2",-0.00478717058421241,0.9968,"19","frequently rearranged in advanced T cell lymphomas 2"
"Arhgef7",-0.00478330160568952,0.8376,"8","Rho guanine nucleotide exchange factor (GEF7)"
"Dennd11",-0.00477529582886405,0.9032,"6","DENN domain containing 11"
"Zfp667",0.00476438969410786,0.9696,"7","zinc finger protein 667"
"Hexa",-0.00475672861104304,0.9612,"9","hexosaminidase A"
"Gtf2e1",-0.00475452100877094,0.994,"16","general transcription factor II E, polypeptide 1 (alpha subunit)"
"Ccl27a",0.0047391955139604,0.9852,"4","chemokine (C-C motif) ligand 27A"
"Ccl27a",0.0047391955139604,0.9852,"4","chemokine (C-C motif) ligand 27A"
"Ccl27a",0.0047391955139604,0.9852,"4","chemokine (C-C motif) ligand 27A"
"Uck2",-0.00472889454641701,0.9696,"1","uridine-cytidine kinase 2"
"Rlim",-0.004672607006591,0.9464,"X","ring finger protein, LIM domain interacting"
"Prkdc",0.00466160717275343,0.9796,"16","protein kinase, DNA activated, catalytic polypeptide"
"Zfp810",-0.00464094001001536,0.94,"9","zinc finger protein 810"
"Sar1b",0.0046117711767053,0.9544,"11","secretion associated Ras related GTPase 1B"
"Polb",0.00456160988290755,0.9636,"8","polymerase (DNA directed), beta"
"Dok3",0.00453686853852808,0.9776,"13","docking protein 3"
"Ipmk",0.00452749998281465,0.9236,"10","inositol polyphosphate multikinase"
"Snx24",0.00450902394288599,0.9784,"18","sorting nexing 24"
"Iqub",0.0045005838774107,0.9744,"6","IQ motif and ubiquitin domain containing"
"Vwa3a",-0.0044699948753042,0.9796,"7","von Willebrand factor A domain containing 3A"
"Esyt1",0.00446307751013864,0.9868,"10","extended synaptotagmin-like protein 1"
"Pgghg",0.0044410300550437,0.9688,"7","protein glucosylgalactosylhydroxylysine glucosidase"
"Srpk1",0.00442693455960796,0.9756,"17","serine/arginine-rich protein specific kinase 1"
"Flna",-0.00442472533562555,0.9876,"X","filamin, alpha"
"Txlna",0.0044119446237243,0.9484,"4","taxilin alpha"
"Mro",-0.00440605418319739,0.9684,"18","maestro"
"Slc41a1",-0.00439672782580036,0.974,"1","solute carrier family 41, member 1"
"Apol8",0.00439149521733229,0.9712,"15","apolipoprotein L 8"
"Iglon5",0.00438121227725041,0.974,"7","IgLON family member 5"
"Uchl5",0.00436499711762028,0.9532,"1","ubiquitin carboxyl-terminal esterase L5"
"BC031181",0.00434127713133137,0.97,"18","cDNA sequence BC031181"
"Nsmce3",0.00431065649666618,0.976,"7","NSE3 homolog, SMC5-SMC6 complex component"
"Agpat5",0.00430954566285546,0.954,"8","1-acylglycerol-3-phosphate O-acyltransferase 5 (lysophosphatidic acid acyltransferase, epsilon)"
"Cdk19",-0.00430400969170996,0.9292,"10","cyclin-dependent kinase 19"
"Dcun1d2",0.00424588575332674,0.9492,"8","DCN1, defective in cullin neddylation 1, domain containing 2 (S. cerevisiae)"
"Srebf1",0.00423217726507197,0.9388,"11","sterol regulatory element binding transcription factor 1"
"Nme7",-0.00413588053893621,0.9508,"1","NME/NM23 family member 7"
"Cxxc1",-0.00412985385763598,0.9796,"18","CXXC finger 1 (PHD domain)"
"Prkx",0.00412393918903664,0.9796,"X","protein kinase, X-linked"
"Bak1",-0.00410513634469645,0.9596,"17","BCL2-antagonist/killer 1"
"Blnk",0.00407231628590399,0.9696,"19","B cell linker"
"Itga8",0.00405384814652354,0.9876,"2","integrin alpha 8"
"Asns",0.00405338239692643,0.9356,"6","asparagine synthetase"
"Bnip3l",0.00403549761923916,0.9664,"14","BCL2/adenovirus E1B interacting protein 3-like"
"Stard4",-0.00400878305871544,0.994,"18","StAR-related lipid transfer (START) domain containing 4"
"Actr8",0.00394812698852753,0.9768,"14","ARP8 actin-related protein 8"
"Rhobtb2",-0.0039396425301641,0.9776,"14","Rho-related BTB domain containing 2"
"Ppara",-0.0039272293957815,0.9792,"15","peroxisome proliferator activated receptor alpha"
"Arap1",0.00391858992375216,0.9644,"7","ArfGAP with RhoGAP domain, ankyrin repeat and PH domain 1"
"Cwc27",0.00388625737470782,0.9672,"13","CWC27 spliceosome-associated protein"
"Slc35e3",-0.0038833912179399,0.9476,"10","solute carrier family 35, member E3"
"Fhad1",0.00387425461738466,0.9856,"4","forkhead-associated (FHA) phosphopeptide binding domain 1"
"B3gat1",0.00386571625525178,0.9696,"9","beta-1,3-glucuronyltransferase 1 (glucuronosyltransferase P)"
"Prkcq",-0.0038437312157944,0.9912,"2","protein kinase C, theta"
"Dcbld2",0.00383152663277153,0.9968,"16","discoidin, CUB and LCCL domain containing 2"
"Xrcc2",0.00382479615985876,0.9776,"5","X-ray repair complementing defective repair in Chinese hamster cells 2"
"Uhrf1bp1l",0.00381751731931423,0.9876,"10","UHRF1 (ICBP90) binding protein 1-like"
"Fam20b",0.00378790510270832,0.9716,"1","FAM20B, glycosaminoglycan xylosylkinase"
"Lgalsl",-0.00378011006278278,0.9576,"11","galectin like"
"Sf3b3",-0.00375544819647899,0.9904,"8","splicing factor 3b, subunit 3"
"Dhx16",0.00370580798715281,0.962,"17","DEAH (Asp-Glu-Ala-His) box polypeptide 16"
"Rras2",-0.00369186331181037,0.968,"7","related RAS viral (r-ras) oncogene 2"
"Fzd4",0.00368070452500624,0.99,"7","frizzled class receptor 4"
"S100a1",-0.0036625303398452,0.994,"3","S100 calcium binding protein A1"
"Kpna6",0.00365861324366445,0.9592,"4","karyopherin (importin) alpha 6"
"Aaas",0.003644870327979,0.9708,"15","achalasia, adrenocortical insufficiency, alacrimia"
"Asnsd1",0.00363956949269273,0.9784,"1","asparagine synthetase domain containing 1"
"Lancl2",0.00362270473333748,0.9832,"6","LanC (bacterial lantibiotic synthetase component C)-like 2"
"Mark1",0.0036176089202371,0.97,"1","MAP/microtubule affinity regulating kinase 1"
"1700029J07Rik",-0.00360336689792407,0.994,"8","RIKEN cDNA 1700029J07 gene"
"Ap1g2",-0.00356657796651483,0.99,"14","adaptor protein complex AP-1, gamma 2 subunit"
"Chd8",0.00354531968855643,0.978,"14","chromodomain helicase DNA binding protein 8"
"Clptm1",0.00352343524552179,0.9268,"7","cleft lip and palate associated transmembrane protein 1"
"Obsl1",0.00351814118223404,0.994,"1","obscurin-like 1"
"Tor3a",0.00348913128042394,0.9536,"1","torsin family 3, member A"
"Elavl3",0.00348496378042285,0.9816,"9","ELAV like RNA binding protein 3"
"Zswim8",0.00348420800436067,0.9712,"14","zinc finger SWIM-type containing 8"
"Mxi1",-0.00347706256203306,0.9616,"19","MAX interactor 1, dimerization protein"
"Abcg1",-0.00347429482553707,0.9664,"17","ATP binding cassette subfamily G member 1"
"Hat1",0.0034640345708179,0.9728,"2","histone aminotransferase 1"
"Zfp93",-0.00344985005091214,0.9816,"7","zinc finger protein 93"
"Pak1",0.0034493410866645,0.946,"7","p21 (RAC1) activated kinase 1"
"Pigbos1",-0.00344551601138354,0.994,"9","Pigb opposite strand 1"
"Tagln2",-0.00340490177996111,0.9896,"1","transgelin 2"
"Slc7a10",0.00339682117240514,0.988,"7","solute carrier family 7 (cationic amino acid transporter, y+ system), member 10"
"Kansl3",0.00334146450172579,0.9752,"1","KAT8 regulatory NSL complex subunit 3"
"Aig1",-0.00331880495513115,0.9792,"10","androgen-induced 1"
"Camk2g",0.00327794950690663,0.9744,"14","calcium/calmodulin-dependent protein kinase II gamma"
"Dcps",-0.00327186109309441,0.978,"9","decapping enzyme, scavenger"
"Susd1",-0.00321875498450419,0.994,"4","sushi domain containing 1"
"Timm23",-0.00320835179479229,0.974,"14","translocase of inner mitochondrial membrane 23"
"Syt1",-0.00318588345091442,0.9724,"10","synaptotagmin I"
"Ksr1",-0.0031836404528427,0.9648,"11","kinase suppressor of ras 1"
"Foxred2",0.0031831882881761,0.9824,"15","FAD-dependent oxidoreductase domain containing 2"
"Gm16861",-0.00314678876571062,0.9968,"16","predicted gene, 16861"
"Carmil3",-0.00314667772256882,0.9968,"14","capping protein regulator and myosin 1 linker 3"
"Mterf2",0.00314374912469262,0.968,"10","mitochondrial transcription termination factor 2"
"Ifnar1",-0.00314340504418009,0.954,"16","interferon (alpha and beta) receptor 1"
"Vps33a",-0.00314278384964695,0.9472,"5","VPS33A CORVET/HOPS core subunit"
"Snip1",-0.00313755848792896,0.9616,"4","Smad nuclear interacting protein 1"
"Clmp",0.00313546719183133,0.9704,"9","CXADR-like membrane protein"
"Egln3",-0.0031271980128933,0.9856,"12","egl-9 family hypoxia-inducible factor 3"
"Nrg3",0.00312424731166594,0.9768,"14","neuregulin 3"
"Spock1",0.00310978435020814,0.9784,"13","sparc/osteonectin, cwcv and kazal-like domains proteoglycan 1"
"2700054A10Rik",-0.00310580410444783,0.9884,"17","RIKEN cDNA 2700054A10 gene"
"Pigu",0.00310055974477663,0.9328,"2","phosphatidylinositol glycan anchor biosynthesis, class U"
"Ankrd37",-0.00307218061446335,0.988,"8","ankyrin repeat domain 37"
"C1qbp",0.00303976042298082,0.9752,"11","complement component 1, q subcomponent binding protein"
"Gm14295",0.00301347623202508,0.9644,"2","predicted gene 14295"
"Gm14295",0.00301347623202508,0.9644,"2","predicted gene 14295"
"Gmfb",-0.00299572906633649,0.9808,"14","glia maturation factor, beta"
"Atg7",-0.00299416702827671,0.9808,"6","autophagy related 7"
"Flcn",0.00297606400097195,0.9784,"11","folliculin"
"Mtf1",0.00292520779767269,0.97,"4","metal response element binding transcription factor 1"
"Ndrg4",0.00292065055607083,0.9968,"8","N-myc downstream regulated gene 4"
"Dpysl5",0.00289716808407103,0.984,"5","dihydropyrimidinase-like 5"
"Mark3",-0.00288825327183861,0.99,"12","MAP/microtubule affinity regulating kinase 3"
"Crebrf",0.00286947614292909,0.9852,"17","CREB3 regulatory factor"
"Vps41",0.00281149809369641,0.9876,"13","VPS41 HOPS complex subunit"
"Gramd3",-0.00280149194054413,0.9784,"18","GRAM domain containing 3"
"Rnf180",0.00279866771878101,0.9712,"13","ring finger protein 180"
"Xk",0.00278426875769355,0.9756,"X","X-linked Kx blood group"
"U2af2",-0.00276809983497195,0.968,"7","U2 small nuclear ribonucleoprotein auxiliary factor (U2AF) 2"
"Sfxn3",-0.00276794082841203,0.9596,"19","sideroflexin 3"
"Rhoc",-0.00273839513687291,0.9968,"3","ras homolog family member C"
"Filip1",0.00270270289669572,0.9968,"9","filamin A interacting protein 1"
"Fbrsl1",0.00265161706804573,0.9616,"5","fibrosin-like 1"
"Dcp1a",-0.00259643867463399,0.9892,"14","decapping mRNA 1A"
"Ints11",0.0025870636615446,0.958,"4","integrator complex subunit 11"
"Fkbp9",0.0025493775236356,0.9716,"6","FK506 binding protein 9"
"Poc5",-0.00254404164701416,0.994,"13","POC5 centriolar protein"
"Slc5a5",-0.00251027358775158,0.9812,"8","solute carrier family 5 (sodium iodide symporter), member 5"
"Ubl4a",-0.00245497960300511,0.9688,"X","ubiquitin-like 4A"
"Ubl4a",-0.00245497960300511,0.9688,"X","ubiquitin-like 4A"
"Ppp6r3",0.00239016362387368,0.9844,"19","protein phosphatase 6, regulatory subunit 3"
"Cers5",0.00238951251288544,0.9884,"15","ceramide synthase 5"
"Cdk20",-0.00235651726247577,0.9832,"13","cyclin-dependent kinase 20"
"Ccdc58",-0.00233694356900838,0.974,"16","coiled-coil domain containing 58"
"Bbs4",0.00232659635713972,0.962,"9","Bardet-Biedl syndrome 4 (human)"
"Tmem104",0.00229777099511086,0.994,"11","transmembrane protein 104"
"Yaf2",0.00229484622128329,0.994,"15","YY1 associated factor 2"
"Arid5a",-0.0022897917716973,0.988,"1","AT rich interactive domain 5A (MRF1-like)"
"Dcaf8",0.00226748348148487,0.97,"1","DDB1 and CUL4 associated factor 8"
"Znhit3",0.00225638557162444,0.9968,"11","zinc finger, HIT type 3"
"Cbx3",0.00224084600501051,0.994,"6","chromobox 3"
"Cdkl3",-0.0022263248659331,0.978,"11","cyclin-dependent kinase-like 3"
"Pex13",0.00222366297151133,0.988,"11","peroxisomal biogenesis factor 13"
"Atmin",0.00221850901638909,0.9692,"8","ATM interactor"
"Kif9",-0.00221770539064359,0.9844,"9","kinesin family member 9"
"Nsg1",0.00221244943862686,0.9876,"5","neuron specific gene family member 1"
"Fahd1",0.00220249756755297,0.994,"17","fumarylacetoacetate hydrolase domain containing 1"
"Nle1",0.00218933519055486,0.9824,"11","notchless homolog 1"
"Ppm1a",0.00211671167876393,0.9868,"12","protein phosphatase 1A, magnesium dependent, alpha isoform"
"Erlin2",-0.00211092790639267,0.9692,"8","ER lipid raft associated 2"
"Slc25a14",-0.00205354291550996,0.9896,"X","solute carrier family 25 (mitochondrial carrier, brain), member 14"
"Cd81",0.00202857585315463,0.9652,"7","CD81 antigen"
"Tfdp2",-0.0019801727557569,0.9628,"9","transcription factor Dp 2"
"Taf1d",-0.00196772229997588,0.9868,"9","TATA-box binding protein associated factor, RNA polymerase I, D"
"Thpo",0.0019604920845806,0.992,"16","thrombopoietin"
"Prdm5",-0.0019602010189903,0.9808,"6","PR domain containing 5"
"Zdhhc18",0.001933962718911,0.9772,"4","zinc finger, DHHC domain containing 18"
"Tmed8",0.00193377762691682,0.9968,"12","transmembrane p24 trafficking protein 8"
"Acvr2b",0.00190797114456887,0.994,"9","activin receptor IIB"
"Cep63",-0.00189634128130045,0.9852,"9","centrosomal protein 63"
"Scfd2",-0.00189084046339261,0.9572,"5","Sec1 family domain containing 2"
"Ank",0.00187223277253423,0.9776,"15","progressive ankylosis"
"Stx1b",-0.00186062618972471,0.9804,"7","syntaxin 1B"
"Mal",0.00181123173494591,0.9924,"2","myelin and lymphocyte protein, T cell differentiation protein"
"Rnf19b",0.00179672923163832,0.9968,"4","ring finger protein 19B"
"Kcmf1",-0.00179610913812489,0.9876,"6","potassium channel modulatory factor 1"
"Plpp6",-0.00179503838348083,0.9812,"19","phospholipid phosphatase 6"
"Ptdss1",0.00178697019690954,0.99,"13","phosphatidylserine synthase 1"
"Nop2",-0.00178345438242733,0.9876,"6","NOP2 nucleolar protein"
"Pitpna",0.00177805967601152,0.9528,"11","phosphatidylinositol transfer protein, alpha"
"Acox3",-0.00177289140547643,0.9724,"5","acyl-Coenzyme A oxidase 3, pristanoyl"
"Zscan21",-0.00176371442835954,0.9644,"5","zinc finger and SCAN domain containing 21"
"2510009E07Rik",-0.00175507386216101,0.962,"16","RIKEN cDNA 2510009E07 gene"
"1700008O03Rik",0.00175456508373006,0.9864,"7","RIKEN cDNA 1700008O03 gene"
"Gdi1",0.00172489431964529,0.9844,"X","guanosine diphosphate (GDP) dissociation inhibitor 1"
"Smarce1",-0.00168671561227729,0.9888,"11","SWI/SNF related, matrix associated, actin dependent regulator of chromatin, subfamily e, member 1"
"Ttc1",-0.00159929896105382,0.9712,"11","tetratricopeptide repeat domain 1"
"Mrpl3",0.00158848976754378,0.9968,"9","mitochondrial ribosomal protein L3"
"Txnip",0.00155340492052769,0.9968,"3","thioredoxin interacting protein"
"Gfra1",-0.00154604549489168,0.9868,"19","glial cell line derived neurotrophic factor family receptor alpha 1"
"Tyrobp",0.00154001825717742,0.994,"7","TYRO protein tyrosine kinase binding protein"
"Rfwd3",-0.00153103925349729,0.9688,"8","ring finger and WD repeat domain 3"
"Hspa12b",0.00152264735972629,0.9968,"2","heat shock protein 12B"
"Gcfc2",-0.00147398024708378,0.994,"6","GC-rich sequence DNA binding factor 2"
"Psma5",0.00145478985463576,0.9968,"3","proteasome subunit alpha 5"
"Otud5",-0.00143683857251453,0.984,"X","OTU domain containing 5"
"Zfp235",0.00141707317232598,0.994,"7","zinc finger protein 235"
"Fbxo33",-0.0014156748866716,0.994,"12","F-box protein 33"
"Fam174a",0.00134633762488967,0.9864,"1","family with sequence similarity 174, member A"
"Elf2",-0.00132674478222938,0.9588,"3","E74-like factor 2"
"Taf15",0.00128371632428781,0.982,"11","TATA-box binding protein associated factor 15"
"Lsm3",0.00126092506481523,0.9836,"6","LSM3 homolog, U6 small nuclear RNA and mRNA degradation associated"
"Ahcy",0.00123071124320662,0.9784,"2","S-adenosylhomocysteine hydrolase"
"Inppl1",0.00121509291306676,0.9884,"7","inositol polyphosphate phosphatase-like 1"
"Parg",-0.00117443943965423,0.9968,"14","poly (ADP-ribose) glycohydrolase"
"Btrc",0.00115704860929267,0.988,"19","beta-transducin repeat containing protein"
"Notch4",0.00113626680512224,0.986,"17","notch 4"
"Igsf8",-0.00112388974109212,0.97,"1","immunoglobulin superfamily, member 8"
"Sowaha",0.00110467605791076,0.988,"11","sosondowah ankyrin repeat domain family member A"
"Vamp1",-0.00108796040088333,0.9776,"6","vesicle-associated membrane protein 1"
"Vamp1",-0.00108796040088333,0.9776,"6","vesicle-associated membrane protein 1"
"Zfp827",-0.0010806363763276,0.9888,"8","zinc finger protein 827"
"Fam107b",-0.00107394083063728,0.9968,"2","family with sequence similarity 107, member B"
"Nefh",-0.00106413493499424,0.976,"11","neurofilament, heavy polypeptide"
"Vps16",-0.00104189661450427,0.9872,"2","VSP16 CORVET/HOPS core subunit"
"Rgcc",-0.00100751059668802,0.9808,"14","regulator of cell cycle"
"Snx22",0.00100518704209396,0.9968,"9","sorting nexin 22"
"Zfp628",0.00100276174193237,0.99,"7","zinc finger protein 628"
"Mageh1",-0.00100019627644343,0.9864,"X","MAGE family member H1"
"Gpd1l",-0.000957910423420749,0.9756,"9","glycerol-3-phosphate dehydrogenase 1-like"
"Lrrc47",-0.000926170582333796,0.994,"4","leucine rich repeat containing 47"
"Nrep",-0.000921135473997303,0.9968,"18","neuronal regeneration related protein"
"C230072F16Rik",-0.000912890195605365,0.9968,"17","RIKEN cDNA C230072F16 gene"
"Nup88",0.000907366925783748,0.9804,"11","nucleoporin 88"
"Trappc2",0.000903341972634752,0.986,"X","trafficking protein particle complex 2"
"Ezh1",0.000891094190087038,0.9872,"11","enhancer of zeste 1 polycomb repressive complex 2 subunit"
"Sft2d3",-0.000876125344532852,0.9768,"18","SFT2 domain containing 3"
"Col8a2",0.000869676351270332,0.9968,"4","collagen, type VIII, alpha 2"
"Fgfr1",0.000869265551985521,0.9896,"8","fibroblast growth factor receptor 1"
"Gramd4",0.000867258884089672,0.984,"15","GRAM domain containing 4"
"Ints7",0.000816677966249735,0.994,"1","integrator complex subunit 7"
"Junb",0.000806241776723837,0.988,"8","jun B proto-oncogene"
"Smim1",-0.000796850559849904,0.994,"4","small integral membrane protein 1"
"Arhgef2",0.000786698759283944,0.9892,"3","rho/rac guanine nucleotide exchange factor (GEF) 2"
"Mapre1",-0.000782154042617833,0.994,"2","microtubule-associated protein, RP/EB family, member 1"
"Psma4",0.000775647673823876,0.9884,"9","proteasome subunit alpha 4"
"Ccdc159",0.00077466440479057,0.9968,"9","coiled-coil domain containing 159"
"Mtmr10",-0.000768552480232998,0.9876,"7","myotubularin related protein 10"
"Socs7",-0.000764750665983804,0.9836,"11","suppressor of cytokine signaling 7"
"Lrrc49",0.000713926871116932,0.9876,"9","leucine rich repeat containing 49"
"Specc1l",0.000623962942374767,0.994,"10","sperm antigen with calponin homology and coiled-coil domains 1-like"
"Car4",0.000598100187123585,0.9756,"11","carbonic anhydrase 4"
"Nuak1",-0.000593533966358528,0.9968,"10","NUAK family, SNF1-like kinase, 1"
"2310022A10Rik",0.000569817386828042,0.9968,"7","RIKEN cDNA 2310022A10 gene"
"Paqr7",0.000559551466471575,0.9864,"4","progestin and adipoQ receptor family member VII"
"Rab27a",0.000511494812424296,0.994,"9","RAB27A, member RAS oncogene family"
"Caskin2",0.000503038751498153,0.9788,"11","CASK-interacting protein 2"
"Psma3",0.000488004404491704,0.994,"12","proteasome subunit alpha 3"
"Dclk2",-0.000451703872538012,0.994,"3","doublecortin-like kinase 2"
"Ttyh3",-0.000415197532923628,0.994,"5","tweety family member 3"
"Ldah",0.000383583504417473,0.9912,"12","lipid droplet associated hydrolase"
"Acat1",0.000370557137510552,0.994,"9","acetyl-Coenzyme A acetyltransferase 1"
"Zswim4",0.000369430852260599,0.9968,"8","zinc finger SWIM-type containing 4"
"Larp4b",-0.000341233786143036,0.994,"13","La ribonucleoprotein 4B"
"Gng11",0.000317316326060801,0.9968,"6","guanine nucleotide binding protein (G protein), gamma 11"
"Tmem158",-0.000315428647782667,0.9968,"9","transmembrane protein 158"
"Cbx8",-0.000284428414511151,0.9968,"11","chromobox 8"
"Klf13",-0.000259973094420829,0.9968,"7","Kruppel-like factor 13"
"Dnaaf5",-0.000230341113766297,0.9968,"5","dynein, axonemal assembly factor 5"
"Gpbp1",0.000227825417797867,0.9968,"13","GC-rich promoter binding protein 1"
"Commd7",0.000182684376817122,0.988,"2","COMM domain containing 7"
"Sh3bp1",0.000151930289622015,0.99,"15","SH3-domain binding protein 1"
"Bcorl1",-0.00012358515115185,0.9968,"X","BCL6 co-repressor-like 1"
"Tmem44",-0.000123273686110537,0.994,"16","transmembrane protein 44"
"Stx6",-0.00010546591682381,0.9968,"1","syntaxin 6"
"C1ql1",9.01980178387163e-05,0.9856,"11","complement component 1, q subcomponent-like 1"
"Nrbf2",-8.83175429757799e-05,0.9968,"10","nuclear receptor binding factor 2"
"Jph4",7.34940152433694e-05,0.994,"14","junctophilin 4"
"Stau2",-5.31375858816574e-05,0.994,"1","staufen double-stranded RNA binding protein 2"
"Ccdc9b",4.94202340344252e-05,0.994,"2","coiled-coil domain containing 9B"
"Trim44",-3.36055276051184e-05,0.994,"2","tripartite motif-containing 44"
"Celf6",-2.91845384845502e-05,0.9968,"9","CUGBP, Elav-like family member 6"
