"symbol","logFC","P.Value","chr","description"
"Plin4",1.32021562928496,0.1484,"17","perilipin 4"
"1700048O20Rik",-1.10974203738955,0.0684,"9","RIKEN cDNA 1700048O20 gene"
"Prkag2os1",-1.04026644996323,0.1136,"5","protein kinase, AMP-activated, gamma 2 non-catalytic subunit, opposite strand 1"
"Avp",-0.886561098594126,0.5564,"2","arginine vasopressin"
"Eps8l1",-0.880585720027375,0.1404,"7","EPS8-like 1"
"Col6a4",0.877652539213319,0.3548,"9","collagen, type VI, alpha 4"
"Gbp2",-0.87243821173199,0.1052,"3","guanylate binding protein 2"
"Col8a1",0.846530621491355,0.592,"16","collagen, type VIII, alpha 1"
"Snhg16",-0.836920988905459,0.0056,"11","small nucleolar RNA host gene 16"
"Gprin3",0.817167644839813,0.1808,"6","GPRIN family member 3"
"Fmod",0.787402707226254,0.1736,"1","fibromodulin"
"Comtd1",-0.764853429926154,0.1212,"14","catechol-O-methyltransferase domain containing 1"
"Ccr5",0.747002348322584,0.5344,"9","chemokine (C-C motif) receptor 5"
"Slc17a8",0.740833881387326,0.0088,"10","solute carrier family 17 (sodium-dependent inorganic phosphate cotransporter), member 8"
"Sp100",-0.736996137297644,0.0108,"1","nuclear antigen Sp100"
"Cbln1",-0.724980815650708,0.054,"8","cerebellin 1 precursor protein"
"St6galnac2",-0.721326406479319,0.1484,"11","ST6 (alpha-N-acetyl-neuraminyl-2,3-beta-galactosyl-1,3)-N-acetylgalactosaminide alpha-2,6-sialyltransferase 2"
"Tm6sf2",-0.712431150090622,0.1316,"8","transmembrane 6 superfamily member 2"
"Gng11",-0.711678266951888,0.0336,"6","guanine nucleotide binding protein (G protein), gamma 11"
"Hpgd",0.704254289763973,0.104,"8","hydroxyprostaglandin dehydrogenase 15 (NAD)"
"C1galt1",0.700303676080698,0.0632,"6","core 1 synthase, glycoprotein-N-acetylgalactosamine 3-beta-galactosyltransferase, 1"
"Crip3",-0.684766260423786,0.244,"17","cysteine-rich protein 3"
"Efcab15",-0.671410104553645,0.0868,"11","EF-hand calcium binding domain 15"
"Amh",-0.669882536280624,0.256,"10","anti-Mullerian hormone"
"Ovol1",-0.66790343672996,0.3096,"19","ovo like zinc finger 1"
"Tmem72",0.667303082473106,0.956,"6","transmembrane protein 72"
"Dynlrb2",-0.664286489826804,0.4032,"8","dynein light chain roadblock-type 2"
"Egr2",-0.663572252553283,0.4608,"10","early growth response 2"
"Gm12709",-0.658354448981084,0.0168,"4","predicted gene 12709"
"Xaf1",-0.655156678404299,0.0884,"11","XIAP associated factor 1"
"Coch",0.652276111418313,0.4176,"12","cochlin"
"Alpl",-0.643279289521979,0.2,"4","alkaline phosphatase, liver/bone/kidney"
"Mgat4c",0.635686011669804,0.008,"10","MGAT4 family, member C"
"Neat1",-0.633570468653889,0.1068,"19","nuclear paraspeckle assembly transcript 1 (non-protein coding)"
"Samd12",0.629682798938467,0.1368,"15","sterile alpha motif domain containing 12"
"Rnf207",-0.627043405168386,0.154,"4","ring finger protein 207"
"Wfdc2",-0.6223602072954,0.6452,"2","WAP four-disulfide core domain 2"
"Acan",0.616991714630884,0.1032,"7","aggrecan"
"Cdkl5",0.616943304772947,0.3976,"X","cyclin-dependent kinase-like 5"
"Emilin2",0.614729036842052,0.1888,"17","elastin microfibril interfacer 2"
"Ciart",-0.611903994448729,0.0168,"3","circadian associated repressor of transcription"
"Adnp",0.610678172361407,0.4032,"2","activity-dependent neuroprotective protein"
"Alas2",-0.606968715448336,0.1116,"X","aminolevulinic acid synthase 2, erythroid"
"P2ry12",0.605299767911875,0.5684,"3","purinergic receptor P2Y, G-protein coupled 12"
"Pdgfd",0.599944482339384,0.052,"9","platelet-derived growth factor, D polypeptide"
"Xkr4",0.599908624329684,0.3476,"1","X-linked Kx blood group related 4"
"Fyb2",0.594940625405367,0.0688,"4","FYN binding protein 2"
"Rpl22l1",-0.594822670316062,0.0456,"3","ribosomal protein L22 like 1"
"Cyp26b1",0.594197661182018,0.332,"6","cytochrome P450, family 26, subfamily b, polypeptide 1"
"Hif3a",0.593333327220328,0.3012,"7","hypoxia inducible factor 3, alpha subunit"
"Rhoj",0.590717856408074,0.0924,"12","ras homolog family member J"
"Synpo2",0.589332095838522,0.012,"3","synaptopodin 2"
"Igtp",-0.586847723879923,0.2608,"11","interferon gamma induced GTPase"
"Mid1",-0.584835845764563,0.1268,"X","midline 1"
"Syk",0.58219449861642,0.0428,"13","spleen tyrosine kinase"
"Ifit3b",-0.581672577810912,0.0636,"19","interferon-induced protein with tetratricopeptide repeats 3B"
"Rbp1",-0.58048587172782,0.242,"9","retinol binding protein 1, cellular"
"Kcnh5",0.574666260182504,0.152,"12","potassium voltage-gated channel, subfamily H (eag-related), member 5"
"F5",0.572650262110177,0.7452,"1","coagulation factor V"
"Col5a1",-0.572507512456682,0.1216,"2","collagen, type V, alpha 1"
"Rilp",-0.570019457253895,0.234,"11","Rab interacting lysosomal protein"
"Gm5914",-0.569509408969338,0.214,"8","predicted gene 5914"
"B230206H07Rik",-0.568922380404142,0.2652,"7","RIKEN cDNA B230206H07 gene"
"Nupr1",-0.568025159921867,0.1636,"7","nuclear protein transcription regulator 1"
"Fam174c",-0.566136230262893,0.15,"10","family with sequence similarity 174, member C"
"Stac3",-0.563196743917499,0.3012,"10","SH3 and cysteine rich domain 3"
"Tmc6",-0.562490740668122,0.0484,"11","transmembrane channel-like gene family 6"
"D030047H15Rik",-0.553986741786296,0.3484,"7","RIKEN cDNA D030047H15 gene"
"Aff2",0.550612461753116,0.5264,"X","AF4/FMR2 family, member 2"
"Catspere2",0.546000783109263,0.3036,"1","cation channel sperm associated auxiliary subunit epsilon 2"
"Wdfy1",0.541021587783106,0.2044,"1","WD repeat and FYVE domain containing 1"
"Chac1",-0.54016427156272,0.0928,"2","ChaC, cation transport regulator 1"
"Nid2",-0.540129270156089,0.2456,"14","nidogen 2"
"Map3k15",0.53945757914907,0.4476,"X","mitogen-activated protein kinase kinase kinase 15"
"Zfas1",-0.536599879933651,0.2104,"2","zinc finger, NFX1-type containing 1, antisense RNA 1"
"Slc29a3",0.534797894210076,0.0188,"10","solute carrier family 29 (nucleoside transporters), member 3"
"Fbln2",-0.532847141871725,0.0416,"6","fibulin 2"
"Perm1",-0.526439840308687,0.1032,"4","PPARGC1 and ESRR induced regulator, muscle 1"
"Tmem52",0.524597910843051,0.066,"4","transmembrane protein 52"
"Bst2",-0.522194501274828,0.3112,"8","bone marrow stromal cell antigen 2"
"C1qtnf12",-0.521430239291005,0.0144,"4","C1q and tumor necrosis factor related 12"
"Tmem265",-0.517239592232219,0.1528,"7","transmembrane protein 265"
"Kcnj13",0.516804839599249,0.8456,"1","potassium inwardly-rectifying channel, subfamily J, member 13"
"Syne4",-0.514989689490858,0.1988,"7","spectrin repeat containing, nuclear envelope family member 4"
"Lnpep",0.512296992424686,0.4592,"17","leucyl/cystinyl aminopeptidase"
"Fmo1",0.511868709122795,0.0808,"1","flavin containing monooxygenase 1"
"Ksr2",0.511734445913135,0.3664,"5","kinase suppressor of ras 2"
"Cbx2",0.510880641291952,0.182,"11","chromobox 2"
"Alkbh8",0.510679588675333,0.408,"9","alkB homolog 8, tRNA methyltransferase"
"Ccdc162",0.508496258936261,0.3348,"10","coiled-coil domain containing 162"
"Ppm1l",0.508472093084254,0.2828,"3","protein phosphatase 1 (formerly 2C)-like"
"Bok",-0.506644035713639,0.2152,"1","BCL2-related ovarian killer"
"Fgfbp3",-0.506176863900174,0.0184,"19","fibroblast growth factor binding protein 3"
"Crhr1",-0.503616959548523,0,"11","corticotropin releasing hormone receptor 1"
"Usp18",-0.501040532869226,0.3884,"6","ubiquitin specific peptidase 18"
"Mthfd2",-0.500753031744348,0.1096,"6","methylenetetrahydrofolate dehydrogenase (NAD+ dependent), methenyltetrahydrofolate cyclohydrolase"
"Rbm47",-0.499423491907461,0.5152,"5","RNA binding motif protein 47"
"Kcnh7",0.497778176488685,0.556,"2","potassium voltage-gated channel, subfamily H (eag-related), member 7"
"Ttc16",-0.496197552299653,0.128,"2","tetratricopeptide repeat domain 16"
"Itgam",0.492107863408126,0.67,"7","integrin alpha M"
"Snrpd2",-0.489652258283385,0.132,"7","small nuclear ribonucleoprotein D2"
"Bfsp2",-0.489319124120004,0.3964,"9","beaded filament structural protein 2, phakinin"
"Ptpn4",0.489142481030479,0.34,"1","protein tyrosine phosphatase, non-receptor type 4"
"Inhbb",-0.488396886658526,0.052,"1","inhibin beta-B"
"Mamdc4",-0.487478823128981,0.2208,"2","MAM domain containing 4"
"Tox",0.486700951282938,0.3404,"4","thymocyte selection-associated high mobility group box"
"Nfkbie",0.485109358041094,0.2548,"17","nuclear factor of kappa light polypeptide gene enhancer in B cells inhibitor, epsilon"
"Apold1",-0.485046651412628,0.2696,"6","apolipoprotein L domain containing 1"
"Tmem114",-0.484740283607164,0.1908,"16","transmembrane protein 114"
"Thsd4",0.484080565935852,0.084,"9","thrombospondin, type I, domain containing 4"
"Kcnh4",-0.482477068056235,0.1492,"11","potassium voltage-gated channel, subfamily H (eag-related), member 4"
"Fxyd1",-0.480303814155637,0.378,"7","FXYD domain-containing ion transport regulator 1"
"Ifit1",-0.479546765165321,0.0648,"19","interferon-induced protein with tetratricopeptide repeats 1"
"Iyd",0.479265036778121,0.222,"10","iodotyrosine deiodinase"
"Eif4ebp3",-0.477687446917687,0.1792,"18","eukaryotic translation initiation factor 4E binding protein 3"
"Col9a3",-0.477627617300563,0.2964,"2","collagen, type IX, alpha 3"
"Tjp3",-0.477477160395923,0.4084,"10","tight junction protein 3"
"Atp5k",-0.477276513990716,0.1844,"5","ATP synthase, H+ transporting, mitochondrial F1F0 complex, subunit E"
"Hspb1",-0.477117002234237,0.1532,"5","heat shock protein 1"
"Dock8",0.47703060171244,0.3804,"19","dedicator of cytokinesis 8"
"Col6a1",-0.476179825949271,0.0528,"10","collagen, type VI, alpha 1"
"Uqcrq",-0.47522222804897,0.1544,"11","ubiquinol-cytochrome c reductase, complex III subunit VII"
"Cldn2",0.474517912795534,0.9216,"X","claudin 2"
"Ifit3",-0.474514901765114,0.1804,"19","interferon-induced protein with tetratricopeptide repeats 3"
"Fxyd5",-0.473637220863485,0.0608,"7","FXYD domain-containing ion transport regulator 5"
"Lmcd1",-0.473002102263809,0.1424,"6","LIM and cysteine-rich domains 1"
"Inhba",0.471922583766882,0.0816,"13","inhibin beta-A"
"Nyap2",0.471368212354271,0.2272,"1","neuronal tyrosine-phophorylated phosphoinositide 3-kinase adaptor 2"
"Atp5e",-0.471233147882415,0.2456,"2","ATP synthase, H+ transporting, mitochondrial F1 complex, epsilon subunit"
"L3mbtl1",-0.469601004754494,0.1828,"2","L3MBTL1 histone methyl-lysine binding protein"
"Cort",-0.46719156591009,0.3452,"4","cortistatin"
"Inpp5d",0.467006304628875,0.5844,"1","inositol polyphosphate-5-phosphatase D"
"Fv1",0.466588672031285,0.2504,"4","Friend virus susceptibility 1"
"Hs6st3",0.466529912441165,0.558,"14","heparan sulfate 6-O-sulfotransferase 3"
"Calhm5",0.466023149518624,0,"10","calcium homeostasis modulator family member 5"
"Aldob",-0.464676888357482,0.1872,"4","aldolase B, fructose-bisphosphate"
"Kcnj2",0.464152091533008,0.006,"11","potassium inwardly-rectifying channel, subfamily J, member 2"
"Acta2",-0.463312222615227,0.084,"19","actin alpha 2, smooth muscle, aorta"
"Fndc8",-0.462998047242444,0.3412,"11","fibronectin type III domain containing 8"
"St3gal1",-0.461998743976901,0.0908,"15","ST3 beta-galactoside alpha-2,3-sialyltransferase 1"
"H2-DMa",-0.461711219692952,0.0684,"17","histocompatibility 2, class II, locus DMa"
"Socs4",0.46171029601583,0.282,"14","suppressor of cytokine signaling 4"
"Prkn",-0.461651778709643,0.2456,"17","parkin RBR E3 ubiquitin protein ligase"
"Dbp",-0.461425294929589,0.062,"7","D site albumin promoter binding protein"
"Rasl10a",-0.460301468741604,0.1176,"11","RAS-like, family 10, member A"
"Mapk12",-0.459186915288264,0.0084,"15","mitogen-activated protein kinase 12"
"Ndnf",0.459011841924964,0.2736,"6","neuron-derived neurotrophic factor"
"Acta1",-0.458496751603846,0.0552,"8","actin alpha 1, skeletal muscle"
"Lrrc3",0.457240872497039,0.5456,"10","leucine rich repeat containing 3"
"Ncam2",0.45650043092133,0.3436,"16","neural cell adhesion molecule 2"
"Trappc6a",-0.455176342834811,0.1372,"7","trafficking protein particle complex 6A"
"Nbdy",-0.453649208658781,0.0684,"X","negative regulator of P-body association"
"Pdzd2",0.453554586994037,0.0356,"15","PDZ domain containing 2"
"Mrpl33",-0.453002945226127,0.0972,"5","mitochondrial ribosomal protein L33"
"Htr2a",0.451352168662345,0.6228,"14","5-hydroxytryptamine (serotonin) receptor 2A"
"Atp5g2",-0.451196273555455,0.2032,"15","ATP synthase, H+ transporting, mitochondrial F0 complex, subunit C2 (subunit 9)"
"Cish",-0.451168848745312,0.3336,"9","cytokine inducible SH2-containing protein"
"Crtap",-0.450580737119259,0.1676,"9","cartilage associated protein"
"Rpl6",-0.450237580749371,0.1684,"5","ribosomal protein L6"
"Calml4",-0.449846512742045,0.6172,"9","calmodulin-like 4"
"Krt18",-0.448743685692325,0.71,"15","keratin 18"
"Dcdc2b",-0.446471593033457,0.0912,"4","doublecortin domain containing 2b"
"Fhod1",-0.445792476354419,0.4004,"8","formin homology 2 domain containing 1"
"Zfp536",0.444815429332943,0.37,"7","zinc finger protein 536"
"Slc39a2",-0.444665335795209,0.2372,"14","solute carrier family 39 (zinc transporter), member 2"
"Cdh23",0.444506279713096,0.3796,"10","cadherin 23 (otocadherin)"
"Sema3c",0.444428814952794,0.0324,"5","sema domain, immunoglobulin domain (Ig), short basic domain, secreted, (semaphorin) 3C"
"Ndufa2",-0.444072803441847,0.2136,"18","NADH:ubiquinone oxidoreductase subunit A2"
"Myh6",-0.443620329021921,0.3864,"14","myosin, heavy polypeptide 6, cardiac muscle, alpha"
"Shkbp1",-0.443253761457698,0.19,"7","Sh3kbp1 binding protein 1"
"Zfp853",-0.44318049991986,0.0056,"5","zinc finger protein 853"
"Ndufb7",-0.443077102322572,0.2204,"8","NADH:ubiquinone oxidoreductase subunit B7"
"Ago3",0.442964114519534,0.4192,"4","argonaute RISC catalytic subunit 3"
"Cdh22",-0.439851874624276,0.124,"2","cadherin 22"
"Sec61b",-0.439712088828421,0.1436,"4","Sec61 beta subunit"
"Rps19",-0.439316457988944,0.2636,"7","ribosomal protein S19"
"Lgals1",-0.4390910305565,0.24,"15","lectin, galactose binding, soluble 1"
"Rps29",-0.438997148649559,0.2412,"12","ribosomal protein S29"
"Jsrp1",-0.438735110787266,0.4296,"10","junctional sarcoplasmic reticulum protein 1"
"Dcn",0.438469285067662,0.6716,"10","decorin"
"Ddi2",0.437438627852656,0.3096,"4","DNA-damage inducible protein 2"
"A230077H06Rik",-0.436899554296855,0.2944,"7","RIKEN cDNA A230077H06 gene"
"Myl9",-0.435374414274007,0.1104,"2","myosin, light polypeptide 9, regulatory"
"Gpr26",0.434989381001473,0.3512,"7","G protein-coupled receptor 26"
"Rdh5",-0.43487696015894,0.6256,"10","retinol dehydrogenase 5"
"H2-D1",-0.434046344710857,0.1844,"17","histocompatibility 2, D region locus 1"
"Fstl5",0.433109635245245,0.1808,"3","follistatin-like 5"
"Prkd2",-0.431624409081101,0.0924,"7","protein kinase D2"
"Gabra2",0.431394192430486,0.0588,"5","gamma-aminobutyric acid (GABA) A receptor, subunit alpha 2"
"Mcrip2",-0.431098397945786,0.2256,"17","MAPK regulated corepressor interacting protein 2"
"Ubxn11",-0.430963993537737,0.0392,"4","UBX domain protein 11"
"Oprd1",0.43083700719766,0.598,"4","opioid receptor, delta 1"
"Cntnap5c",0.430544936411552,0.4772,"17","contactin associated protein-like 5C"
"Mitd1",-0.430162190810066,0.0216,"1","MIT, microtubule interacting and transport, domain containing 1"
"Efcab6",-0.429559808006337,0.308,"15","EF-hand calcium binding domain 6"
"Fam229b",-0.429484941726374,0.04,"10","family with sequence similarity 229, member B"
"Ushbp1",-0.429424461011713,0.18,"8","USH1 protein network component harmonin binding protein 1"
"Tgfbr3l",-0.428841435219273,0.1272,"8","transforming growth factor, beta receptor III-like"
"Col4a3",-0.428797009526482,0.4792,"1","collagen, type IV, alpha 3"
"Mroh7",-0.428441271225761,0.0644,"4","maestro heat-like repeat family member 7"
"Nabp1",0.428220627021766,0.2912,"1","nucleic acid binding protein 1"
"Ifi27",-0.428119963244648,0.0664,"12","interferon, alpha-inducible protein 27"
"Tmc3",-0.427663615468933,0.1456,"7","transmembrane channel-like gene family 3"
"S100a6",-0.426900529427392,0.1212,"3","S100 calcium binding protein A6 (calcyclin)"
"Lyrm2",-0.426845759732713,0.0276,"4","LYR motif containing 2"
"Lmbr1l",-0.426389065768236,0.1188,"15","limb region 1 like"
"Trim25",-0.426372405923622,0.2212,"11","tripartite motif-containing 25"
"Arsg",-0.426155573228945,0.1028,"11","arylsulfatase G"
"Fst",0.426087521569559,0.036,"13","follistatin"
"Adap2",0.42595787185082,0.586,"11","ArfGAP with dual PH domains 2"
"Susd5",0.425875307541086,0.3064,"9","sushi domain containing 5"
"Mir6236",0.425474275974913,0.3816,"9","microRNA 6236"
"1110017D15Rik",-0.424890179849141,0.438,"4","RIKEN cDNA 1110017D15 gene"
"Rpl18",-0.424878142267276,0.22,"7","ribosomal protein L18"
"Tst",-0.4247845772305,0.2484,"15","thiosulfate sulfurtransferase, mitochondrial"
"Dok3",-0.424335899532937,0.1444,"13","docking protein 3"
"Npas4",0.424332940721181,0.356,"19","neuronal PAS domain protein 4"
"2900076A07Rik",-0.423261943678652,0.0964,"7","RIKEN cDNA 2900076A07 gene"
"Epha6",0.422716436112691,0.2752,"16","Eph receptor A6"
"Gm11681",-0.422351365602667,0.3712,"11","predicted gene 11681"
"Paqr6",-0.422066747522808,0.0216,"3","progestin and adipoQ receptor family member VI"
"Irgm1",-0.421238689163547,0.0844,"11","immunity-related GTPase family M member 1"
"Tmem107",-0.42119622346668,0.056,"11","transmembrane protein 107"
"Rpl41",-0.421108981177202,0.2664,"10","ribosomal protein L41"
"Exph5",0.419614053972527,0.0936,"9","exophilin 5"
"Abca4",-0.419320006083714,0.4504,"3","ATP-binding cassette, sub-family A (ABC1), member 4"
"Sertad1",-0.418576334239238,0.3224,"7","SERTA domain containing 1"
"Gm15612",-0.417039659840095,0.2296,"6","predicted gene 15612"
"Cryzl2",-0.415496761142238,0.276,"1","crystallin zeta like 2"
"Trhde",0.41480474464611,0.1252,"10","TRH-degrading enzyme"
"Tenm1",0.413475206075051,0.6184,"X","teneurin transmembrane protein 1"
"Cyp4f17",-0.412514962588895,0.0572,"17","cytochrome P450, family 4, subfamily f, polypeptide 17"
"Cabyr",-0.412412926290315,0.0624,"18","calcium-binding tyrosine-(Y)-phosphorylation regulated (fibrousheathin 2)"
"Mov10",-0.411746596476746,0.2848,"3","Mov10 RISC complex RNA helicase"
"Rpl37a",-0.411527465027958,0.266,"1","ribosomal protein L37a"
"Prox2",-0.410145888175225,0.3984,"12","prospero homeobox 2"
"Opalin",-0.410041045259502,0.2936,"19","oligodendrocytic myelin paranodal and inner loop protein"
"Ift43",-0.40988794495742,0.2904,"12","intraflagellar transport 43"
"Gng8",-0.409752562103639,0.5208,"7","guanine nucleotide binding protein (G protein), gamma 8"
"Tnfrsf25",-0.409204780188364,0.4472,"4","tumor necrosis factor receptor superfamily, member 25"
"Pcdh1",0.40881507908002,0.4304,"18","protocadherin 1"
"Snx29",0.408683340028952,0.228,"16","sorting nexin 29"
"Cavin3",-0.407680361594962,0.302,"7","caveolae associated 3"
"Ntf3",0.406981285717281,0.0276,"6","neurotrophin 3"
"Gm14569",0.406504584558225,0.0608,"X","predicted gene 14569"
"Snx7",0.40605314290715,0.0604,"3","sorting nexin 7"
"Dnah7b",-0.404338245284503,0.25,"1","dynein, axonemal, heavy chain 7B"
"Lrrc8c",0.403206626815042,0.3272,"5","leucine rich repeat containing 8 family, member C"
"Klf12",0.403077503255804,0.292,"14","Kruppel-like factor 12"
"Atf5",-0.403001625007292,0.1196,"7","activating transcription factor 5"
"Ankrd42",0.402868434324977,0.1392,"7","ankyrin repeat domain 42"
"Ptgs2",0.402867896556577,0.058,"1","prostaglandin-endoperoxide synthase 2"
"2510002D24Rik",-0.402825746103397,0.1588,"16","RIKEN cDNA 2510002D24 gene"
"Spata24",-0.402123591997326,0.0556,"18","spermatogenesis associated 24"
"Arfgef3",0.401679859569541,0.5312,"10","ARFGEF family member 3"
"Spopl",0.401511013458524,0.1504,"2","speckle-type BTB/POZ protein-like"
"Cckbr",0.401242987201747,0.3728,"7","cholecystokinin B receptor"
"Lpcat2",0.401200178783651,0.3936,"8","lysophosphatidylcholine acyltransferase 2"
"Sbsn",-0.400950867245969,0.0244,"7","suprabasin"
"Ifitm2",-0.400924387398901,0.3612,"7","interferon induced transmembrane protein 2"
"Trip11",0.400323567464484,0.4904,"12","thyroid hormone receptor interactor 11"
"Plxdc1",-0.400308944214123,0.2396,"11","plexin domain containing 1"
"S100a16",-0.399527215026385,0.2752,"3","S100 calcium binding protein A16"
"Arntl",0.399333068059458,0.0804,"7","aryl hydrocarbon receptor nuclear translocator-like"
"Plcl1",0.398390685749989,0.0888,"1","phospholipase C-like 1"
"Lmo1",-0.398290494443313,0.2212,"7","LIM domain only 1"
"Lpp",0.398224509543564,0.194,"16","LIM domain containing preferred translocation partner in lipoma"
"Siah1b",0.396744111431967,0.0456,"X","siah E3 ubiquitin protein ligase 1B"
"Slc26a11",-0.396143412649009,0.1764,"11","solute carrier family 26, member 11"
"Dancr",-0.396102727158251,0.0652,"5","differentiation antagonizing non-protein coding RNA"
"Gm32856",-0.395984432352714,0.056,"8","predicted gene, 32856"
"Zfp369",0.395918626050164,0.5268,"13","zinc finger protein 369"
"Rplp1",-0.395693755146915,0.3084,"9","ribosomal protein, large, P1"
"Bloc1s1",-0.395548733971265,0.2268,"10","biogenesis of lysosomal organelles complex-1, subunit 1"
"Sdhaf4",-0.394942862804229,0.2916,"1","succinate dehydrogenase complex assembly factor 4"
"Krt77",-0.394914643923705,0.1152,"15","keratin 77"
"Syndig1l",0.394766166698809,0.2076,"12","synapse differentiation inducing 1 like"
"Dyrk2",0.394556331284534,0.3808,"10","dual-specificity tyrosine-(Y)-phosphorylation regulated kinase 2"
"Lmbrd2",0.394547642126845,0.6048,"15","LMBR1 domain containing 2"
"Rpl39",-0.394072049101791,0.2356,"X","ribosomal protein L39"
"Pde3b",0.392948080998349,0.1928,"7","phosphodiesterase 3B, cGMP-inhibited"
"Zhx3",0.392350559587794,0.2268,"2","zinc fingers and homeoboxes 3"
"Dock6",-0.392095839297808,0.188,"9","dedicator of cytokinesis 6"
"Slc16a4",-0.391736822281755,0.1456,"3","solute carrier family 16 (monocarboxylic acid transporters), member 4"
"A230001M10Rik",-0.391457057178277,0.1556,"3","RIKEN cDNA A230001M10 gene"
"Zswim7",-0.391256989405928,0.0236,"11","zinc finger SWIM-type containing 7"
"S100a13",-0.39104884539868,0.3524,"3","S100 calcium binding protein A13"
"Wnk3",0.390855361010657,0.124,"X","WNK lysine deficient protein kinase 3"
"Spag5",-0.390409691746817,0.0836,"11","sperm associated antigen 5"
"Rpl36a",-0.390283865508403,0.266,"X","ribosomal protein L36A"
"Acy1",-0.39016635368365,0.148,"9","aminoacylase 1"
"Rtl3",0.390132756926384,0.3044,"X","retrotransposon Gag like 3"
"Fip1l1",0.389636314073273,0.102,"5","FIP1 like 1 (S. cerevisiae)"
"Cbl",0.388567687078782,0.4804,"9","Casitas B-lineage lymphoma"
"Clk2",-0.388057065288732,0.1396,"3","CDC-like kinase 2"
"Atp8a2",0.38738785531953,0.4852,"14","ATPase, aminophospholipid transporter-like, class I, type 8A, member 2"
"Tekt1",-0.387267292439759,0.3692,"11","tektin 1"
"Mylk3",0.38686235992083,0.3292,"8","myosin light chain kinase 3"
"Myoc",0.386516751236268,0.4724,"1","myocilin"
"Ppp1ccb",0.386249405003245,0.1832,"7","protein phosphatase 1 catalytic subunit gamma B"
"Epop",-0.385927716236818,0.2212,"11","elongin BC and polycomb repressive complex 2 associated protein"
"Arhgap11a",0.385371201075697,0.19,"2","Rho GTPase activating protein 11A"
"Cars",-0.384278092125862,0.0168,"7","cysteinyl-tRNA synthetase"
"Polk",0.384036311149674,0.208,"13","polymerase (DNA directed), kappa"
"Acer2",-0.383760205634488,0.2472,"4","alkaline ceramidase 2"
"Sf3b5",-0.38369886442155,0.1988,"10","splicing factor 3b, subunit 5"
"Lcp1",0.383323688367976,0.5688,"14","lymphocyte cytosolic protein 1"
"Gask1a",-0.383228379379672,0.0824,"9","golgi associated kinase 1A"
"Ftl1",-0.383157804229458,0.314,"7","ferritin light polypeptide 1"
"Srpk3",-0.383057736455283,0.3296,"X","serine/arginine-rich protein specific kinase 3"
"9630013A20Rik",0.382597829571891,0.166,"14","RIKEN cDNA 9630013A20 gene"
"Dus4l",-0.382554410407161,0.136,"12","dihydrouridine synthase 4-like (S. cerevisiae)"
"H2-Q4",-0.382551824651586,0.1532,"17","histocompatibility 2, Q region locus 4"
"Usp53",0.382440555975168,0.154,"3","ubiquitin specific peptidase 53"
"Dock4",0.382143743088463,0.3776,"12","dedicator of cytokinesis 4"
"Nudt14",-0.382029253455742,0.1128,"12","nudix (nucleoside diphosphate linked moiety X)-type motif 14"
"Ide",-0.381183252369905,0.0352,"19","insulin degrading enzyme"
"Coro6",-0.380165235285265,0.1884,"11","coronin 6"
"Dusp4",0.379869623707153,0.2208,"8","dual specificity phosphatase 4"
"Pdia5",-0.379516266095644,0.34,"16","protein disulfide isomerase associated 5"
"Itpka",-0.378941283105434,0.2144,"2","inositol 1,4,5-trisphosphate 3-kinase A"
"Rps11",-0.378899037520418,0.266,"7","ribosomal protein S11"
"Cnr1",0.377844748024664,0.1052,"4","cannabinoid receptor 1 (brain)"
"Rbms3",0.377782121966904,0.1884,"9","RNA binding motif, single stranded interacting protein"
"Serpinb1a",-0.377273981512134,0.2112,"13","serine (or cysteine) peptidase inhibitor, clade B, member 1a"
"Pradc1",-0.376920947306127,0.058,"6","protease-associated domain containing 1"
"Psmg4",-0.376766382527317,0.2924,"13","proteasome (prosome, macropain) assembly chaperone 4"
"Rsph9",-0.376754192743801,0.24,"17","radial spoke head 9 homolog (Chlamydomonas)"
"Rpl38",-0.376104577348761,0.326,"11","ribosomal protein L38"
"Plin2",-0.375641406995764,0.1124,"4","perilipin 2"
"Rpl9",-0.375238203513678,0.2216,"5","ribosomal protein L9"
"Medag",0.375100670788719,0.2592,"5","mesenteric estrogen dependent adipogenesis"
"Wnt5a",0.375030616863048,0.0176,"14","wingless-type MMTV integration site family, member 5A"
"Esam",-0.374992513011804,0.0076,"9","endothelial cell-specific adhesion molecule"
"Lrrc56",0.374887424724753,0.0216,"7","leucine rich repeat containing 56"
"Rps15",-0.37484981048507,0.3752,"10","ribosomal protein S15"
"Doc2g",-0.374548504201998,0.1508,"19","double C2, gamma"
"Ccm2l",-0.374230605338914,0.2208,"2","cerebral cavernous malformation 2-like"
"Rps14",-0.374166219358103,0.296,"18","ribosomal protein S14"
"Plk5",-0.374101122260546,0.1484,"10","polo like kinase 5"
"Colec12",0.373735611618738,0.476,"18","collectin sub-family member 12"
"Alkbh3",-0.373583489025288,0.0296,"2","alkB homolog 3, alpha-ketoglutarate-dependent dioxygenase"
"Zfp185",-0.372852934064506,0.3984,"X","zinc finger protein 185"
"Prr32",-0.372487819870566,0.658,"X","proline rich 32"
"Syde2",0.372369407193377,0.0864,"3","synapse defective 1, Rho GTPase, homolog 2 (C. elegans)"
"Plek",0.37139636837681,0.402,"11","pleckstrin"
"Rps19bp1",-0.371349711514656,0.2348,"15","ribosomal protein S19 binding protein 1"
"Pltp",-0.370614481765697,0.2956,"2","phospholipid transfer protein"
"Cdc25a",0.369969018491574,0.1696,"9","cell division cycle 25A"
"Mirg",-0.369948588857752,0.1844,"12","miRNA containing gene"
"Emcn",-0.369603106746088,0.1668,"3","endomucin"
"Azin1",0.369436094846595,0.0584,"15","antizyme inhibitor 1"
"Ncf1",0.369349484101892,0.6204,"5","neutrophil cytosolic factor 1"
"Adam19",0.368475838146394,0.1704,"11","a disintegrin and metallopeptidase domain 19 (meltrin beta)"
"Tnr",0.367201440413845,0.5596,"1","tenascin R"
"Adamts8",0.367144823116544,0.2224,"9","a disintegrin-like and metallopeptidase (reprolysin type) with thrombospondin type 1 motif, 8"
"Sox17",-0.366451448294394,0.3528,"1","SRY (sex determining region Y)-box 17"
"Atox1",-0.366110957923977,0.292,"11","antioxidant 1 copper chaperone"
"Robo1",0.365976978426188,0.2756,"16","roundabout guidance receptor 1"
"Neil1",-0.365698345588661,0.0868,"9","nei endonuclease VIII-like 1 (E. coli)"
"Rel",0.365548767085196,0.1772,"11","reticuloendotheliosis oncogene"
"Insc",-0.365115342069162,0.304,"7","INSC spindle orientation adaptor protein"
"Tarbp2",-0.364980854011494,0.0376,"15","TARBP2, RISC loading complex RNA binding subunit"
"Myo1b",0.36487574350747,0.3692,"1","myosin IB"
"Gad2",0.364762512554837,0.1496,"2","glutamic acid decarboxylase 2"
"Alyref2",-0.364574204889233,0.1048,"1","Aly/REF export factor 2"
"Plcxd2",0.364411825587264,0.1148,"16","phosphatidylinositol-specific phospholipase C, X domain containing 2"
"Metrn",-0.364276753342439,0.3116,"17","meteorin, glial cell differentiation regulator"
"Nnat",-0.364173010176772,0.1132,"2","neuronatin"
"Arx",0.364038446749662,0.0248,"X","aristaless related homeobox"
"Usp9x",0.363728638789049,0.49,"X","ubiquitin specific peptidase 9, X chromosome"
"Psrc1",-0.363399409134373,0.0652,"3","proline/serine-rich coiled-coil 1"
"Rpl21",-0.362977116435777,0.2872,"5","ribosomal protein L21"
"Laptm5",0.362539482154153,0.6824,"4","lysosomal-associated protein transmembrane 5"
"Hdhd5",-0.362345213835519,0.0392,"6","haloacid dehalogenase like hydrolase domain containing 5"
"Pakap",0.362255300086232,0.1364,"4","paralemmin A kinase anchor protein"
"Pakap",0.362255300086232,0.1364,"4","paralemmin A kinase anchor protein"
"Pakap",0.362255300086232,0.1364,"4","paralemmin A kinase anchor protein"
"Abhd14a",-0.362162723050711,0.1972,"9","abhydrolase domain containing 14A"
"Kcnma1",0.362161000026555,0.3436,"14","potassium large conductance calcium-activated channel, subfamily M, alpha member 1"
"Naprt",-0.362102786035637,0.1376,"15","nicotinate phosphoribosyltransferase"
"Nudt12",0.360883637410136,0.084,"17","nudix (nucleoside diphosphate linked moiety X)-type motif 12"
"Spint2",-0.360819551078066,0.5036,"7","serine protease inhibitor, Kunitz type 2"
"Ppox",-0.360736298272931,0.098,"1","protoporphyrinogen oxidase"
"B3gat2",0.360441990384206,0.0168,"1","beta-1,3-glucuronyltransferase 2 (glucuronosyltransferase S)"
"Nup35",-0.36039323997608,0.0712,"2","nucleoporin 35"
"Tcerg1l",0.360272035244947,0.0832,"7","transcription elongation regulator 1-like"
"Adgrl2",-0.359582879030866,0.5672,"3","adhesion G protein-coupled receptor L2"
"Unc5c",0.359463357355337,0.0944,"3","unc-5 netrin receptor C"
"Palm3",-0.358944811825314,0.0928,"8","paralemmin 3"
"Pcdh11x",0.358708203576872,0.2796,"X","protocadherin 11 X-linked"
"Pdpr",0.358374709440281,0.4852,"8","pyruvate dehydrogenase phosphatase regulatory subunit"
"Lysmd3",0.358302103435343,0.354,"13","LysM, putative peptidoglycan-binding, domain containing 3"
"Kcne2",0.358097146968687,0.7956,"16","potassium voltage-gated channel, Isk-related subfamily, gene 2"
"Ddc",0.357926132850582,0.2848,"11","dopa decarboxylase"
"Selplg",0.357869747636049,0.7524,"5","selectin, platelet (p-selectin) ligand"
"Klk8",-0.35773554208517,0.2076,"7","kallikrein related-peptidase 8"
"Lig4",0.357555127262966,0.2244,"8","ligase IV, DNA, ATP-dependent"
"Egr4",-0.35749058906047,0.394,"6","early growth response 4"
"Zfp804a",0.356621934135001,0,"2","zinc finger protein 804A"
"Trmt44",-0.355800309130001,0.0064,"5","tRNA methyltransferase 44"
"Mob1b",0.355745314954148,0.3708,"5","MOB kinase activator 1B"
"Tspan17",-0.355552626850517,0.1628,"13","tetraspanin 17"
"H2-K2",-0.355428439003071,0.1816,"17","histocompatibility 2, K region locus 2"
"Slc16a11",-0.355377149499756,0.018,"11","solute carrier family 16 (monocarboxylic acid transporters), member 11"
"Syt6",0.355171550700839,0.3912,"3","synaptotagmin VI"
"Marchf1",0.355033996495328,0.2452,"8","membrane associated ring-CH-type finger 1"
"Sqor",-0.354645548552322,0.0644,"2","sulfide quinone oxidoreductase"
"Gpr137b",-0.354522715906856,0,"13","G protein-coupled receptor 137B"
"Fbn2",-0.354503770405681,0.4964,"18","fibrillin 2"
"Slc26a8",-0.354150189445738,0.2356,"17","solute carrier family 26, member 8"
"Ttbk2",0.353972753215268,0.1132,"2","tau tubulin kinase 2"
"Fbxw9",-0.353523712004645,0.0432,"8","F-box and WD-40 domain protein 9"
"Ccdc61",-0.353335255348387,0.1552,"7","coiled-coil domain containing 61"
"Dsp",0.352988594842389,0.102,"13","desmoplakin"
"Acsl3",0.352786169961476,0.0184,"1","acyl-CoA synthetase long-chain family member 3"
"Pcdhb11",0.352705328361683,0.06,"18","protocadherin beta 11"
"Rpl28",-0.351915740115585,0.306,"7","ribosomal protein L28"
"Clic1",-0.351485664105772,0.0084,"17","chloride intracellular channel 1"
"Tfcp2l1",0.351406174240229,0.142,"1","transcription factor CP2-like 1"
"Snx8",-0.351384492814567,0.1804,"5","sorting nexin 8"
"Itga10",-0.351159620543654,0.3648,"3","integrin, alpha 10"
"Strip2",0.350530537708369,0.2292,"6","striatin interacting protein 2"
"Mtg2",-0.350194459476762,0.1552,"2","mitochondrial ribosome associated GTPase 2"
"Tmem238",-0.350046858684265,0.3304,"7","transmembrane protein 238"
"9930021J03Rik",0.349651274240877,0.0336,"19","RIKEN cDNA 9930021J03 gene"
"Dpy19l4",0.349636285877739,0.5292,"4","dpy-19-like 4 (C. elegans)"
"Htra4",-0.349583447544185,0.2356,"8","HtrA serine peptidase 4"
"Wnk4",-0.349336490252862,0.1232,"11","WNK lysine deficient protein kinase 4"
"Ogn",0.349329746309033,0.4704,"13","osteoglycin"
"Bach2",0.34922745330146,0.1872,"4","BTB and CNC homology, basic leucine zipper transcription factor 2"
"Mme",0.349214803920804,0.724,"3","membrane metallo endopeptidase"
"Kcna4",0.349196072545131,0.1048,"2","potassium voltage-gated channel, shaker-related subfamily, member 4"
"Sh3bgrl2",0.349099160089059,0.2108,"9","SH3 domain binding glutamic acid-rich protein like 2"
"Agmo",0.348814837652591,0.0648,"12","alkylglycerol monooxygenase"
"Ccdc177",0.348716930913914,0.0364,"12","coiled-coil domain containing 177"
"Ppargc1a",0.348088852849463,0.0964,"5","peroxisome proliferative activated receptor, gamma, coactivator 1 alpha"
"Cdk2ap1",-0.347953497392273,0.1144,"5","CDK2 (cyclin-dependent kinase 2)-associated protein 1"
"Traip",-0.347317167079568,0.3184,"9","TRAF-interacting protein"
"Rpl37",-0.347134409709365,0.3588,"15","ribosomal protein L37"
"Rpl37",-0.347134409709365,0.3588,"15","ribosomal protein L37"
"Galnt10",0.347093210215403,0.3272,"11","polypeptide N-acetylgalactosaminyltransferase 10"
"Rps8",-0.347046465227773,0.3108,"4","ribosomal protein S8"
"Rps8",-0.347046465227773,0.3108,"4","ribosomal protein S8"
"Necab1",0.346658837810282,0.4492,"4","N-terminal EF-hand calcium binding protein 1"
"Slc26a2",0.346655603408033,0.6548,"18","solute carrier family 26 (sulfate transporter), member 2"
"Slirp",-0.346504163072257,0.1376,"12","SRA stem-loop interacting RNA binding protein"
"Nudt2",-0.34637248360366,0.2056,"4","nudix (nucleoside diphosphate linked moiety X)-type motif 2"
"0610012G03Rik",-0.346240795170909,0.3024,"16","RIKEN cDNA 0610012G03 gene"
"Chrac1",-0.346084336366892,0.0948,"15","chromatin accessibility complex 1"
"Rtl4",0.345686140758459,0,"X","retrotransposon Gag like 4"
"Ndufc1",-0.345500714030775,0.2648,"3","NADH:ubiquinone oxidoreductase subunit C1"
"Ndufa7",-0.345266231173429,0.1912,"17","NADH:ubiquinone oxidoreductase subunit A7"
"Mex3b",0.344591315715537,0,"7","mex3 RNA binding family member B"
"C4a",-0.344547546153569,0.3896,"17","complement component 4A (Rodgers blood group)"
"Ramp2",-0.344532988838613,0.2176,"11","receptor (calcitonin) activity modifying protein 2"
"Echdc1",0.344495296808733,0.0232,"10","enoyl Coenzyme A hydratase domain containing 1"
"Sphkap",0.344174290094156,0.1144,"1","SPHK1 interactor, AKAP domain containing"
"Bcat2",-0.344103806457519,0.1628,"7","branched chain aminotransferase 2, mitochondrial"
"Rgcc",-0.343788000256398,0.234,"14","regulator of cell cycle"
"Rps18",-0.343571835395328,0.2288,"17","ribosomal protein S18"
"Fmc1",-0.343442824725832,0.2196,"6","formation of mitochondrial complex V assembly factor 1"
"Ulk4",-0.343181808057777,0.0488,"9","unc-51-like kinase 4"
"Als2cl",-0.343013192752898,0.3688,"9","ALS2 C-terminal like"
"Cflar",0.342934906900027,0.0628,"1","CASP8 and FADD-like apoptosis regulator"
"Pcdhb3",-0.342849960789795,0.1336,"18","protocadherin beta 3"
"Tmem134",-0.342120749677064,0.266,"19","transmembrane protein 134"
"Yod1",0.34197936379765,0.3216,"1","YOD1 deubiquitinase"
"Timm13",-0.341896224541709,0.3256,"10","translocase of inner mitochondrial membrane 13"
"Mapk15",-0.341860649661737,0.52,"15","mitogen-activated protein kinase 15"
"Tmem205",-0.34110584979649,0.2104,"9","transmembrane protein 205"
"Mospd2",0.34104607829979,0.0232,"X","motile sperm domain containing 2"
"Sult1a1",0.340957387264728,0.298,"7","sulfotransferase family 1A, phenol-preferring, member 1"
"Cmc4",-0.340876102547189,0.2724,"X","C-x(9)-C motif containing 4"
"Atad5",0.340854515763241,0.072,"11","ATPase family, AAA domain containing 5"
"Ipp",0.340724376580955,0.3136,"4","IAP promoted placental gene"
"Pllp",-0.340384096281313,0.202,"8","plasma membrane proteolipid"
"Tm4sf1",-0.339995169391514,0.3608,"3","transmembrane 4 superfamily member 1"
"Bcam",-0.339959979712496,0.2084,"7","basal cell adhesion molecule"
"Pdrg1",-0.339952708965332,0.2208,"2","p53 and DNA damage regulated 1"
"Klhdc7a",0.339914853418184,0.124,"4","kelch domain containing 7A"
"Uba52",-0.33977346219335,0.3188,"8","ubiquitin A-52 residue ribosomal protein fusion product 1"
"Hopx",-0.339597920403678,0.224,"5","HOP homeobox"
"Anxa2",-0.339538695899662,0.374,"9","annexin A2"
"Dgcr6",-0.339507977830569,0.2024,"16","DiGeorge syndrome critical region gene 6"
"Ankrd44",0.339482286950026,0.12,"1","ankyrin repeat domain 44"
"Slc2a4rg-ps",-0.33943871593469,0.3776,"2","Slc2a4 regulator, pseudogene"
"Pcdhb16",0.339345253341401,0.2644,"18","protocadherin beta 16"
"Nexmif",0.339311109208068,0.128,"X","neurite extension and migration factor"
"Gbp7",-0.339211701801215,0.2836,"3","guanylate binding protein 7"
"Arhgap20",0.339138855254171,0.2644,"9","Rho GTPase activating protein 20"
"Elfn1",0.339084461865804,0.0856,"5","leucine rich repeat and fibronectin type III, extracellular 1"
"Gstt1",-0.338861280149846,0.372,"10","glutathione S-transferase, theta 1"
"Ssbp4",-0.338627826569514,0.1676,"8","single stranded DNA binding protein 4"
"Mtmr9",0.338586780598098,0.4208,"14","myotubularin related protein 9"
"Cacng5",0.338542316581562,0.2904,"11","calcium channel, voltage-dependent, gamma subunit 5"
"Rps28",-0.338471323743602,0.3044,"17","ribosomal protein S28"
"Vsir",0.338271545500653,0.8576,"10","V-set immunoregulatory receptor"
"St6gal2",0.33825956761638,0.308,"17","beta galactoside alpha 2,6 sialyltransferase 2"
"Rab34",-0.33820263593231,0.054,"11","RAB34, member RAS oncogene family"
"Cntnap4",0.337794062847925,0.3428,"8","contactin associated protein-like 4"
"Epc2",0.337499578789459,0.0784,"2","enhancer of polycomb homolog 2"
"Gucy1a2",0.337136684538883,0.2104,"9","guanylate cyclase 1, soluble, alpha 2"
"Shroom4",-0.337101202347744,0.622,"X","shroom family member 4"
"Wasl",0.33674093666997,0.0856,"6","WASP like actin nucleation promoting factor"
"Zfp692",-0.336730438770814,0.1688,"11","zinc finger protein 692"
"Sspo",0.336712164569044,0.6128,"6","SCO-spondin"
"Cdkl2",0.336562533336828,0.0172,"5","cyclin-dependent kinase-like 2 (CDC2-related kinase)"
"Ghdc",-0.336225199303135,0.0244,"11","GH3 domain containing"
"Lamtor4",-0.336093860651131,0.2888,"5","late endosomal/lysosomal adaptor, MAPK and MTOR activator 4"
"Relb",-0.335575191416124,0.0256,"7","avian reticuloendotheliosis viral (v-rel) oncogene related B"
"Zfp36l1",0.335156163284974,0.1544,"12","zinc finger protein 36, C3H type-like 1"
"Tmem145",-0.334758844023597,0.014,"7","transmembrane protein 145"
"Dnajb9",0.334499748676631,0.0072,"12","DnaJ heat shock protein family (Hsp40) member B9"
"Pcdhb14",0.334426731614691,0.1,"18","protocadherin beta 14"
"Serhl",-0.334322298438173,0.1992,"15","serine hydrolase-like"
"Cdkn1a",0.333918991596967,0.4704,"17","cyclin-dependent kinase inhibitor 1A (P21)"
"Tsr3",-0.33375779742904,0.1732,"17","TSR3 20S rRNA accumulation"
"Tbr1",0.333614221575648,0.0424,"2","T-box brain transcription factor 1"
"Igfbp7",-0.333563311419317,0.356,"5","insulin-like growth factor binding protein 7"
"Mrpl30",-0.333554519519569,0.238,"1","mitochondrial ribosomal protein L30"
"Trpc5",0.333406608084037,0.0832,"X","transient receptor potential cation channel, subfamily C, member 5"
"Mir1900",0.333372560903516,0.2792,"9","microRNA 1900"
"Ndufaf3",-0.333014923222928,0.1596,"9","NADH:ubiquinone oxidoreductase complex assembly factor 3"
"Svbp",-0.332996685298088,0.264,"4","small vasohibin binding protein"
"Prepl",0.332913301381971,0.3604,"17","prolyl endopeptidase-like"
"Kank1",0.332886791641603,0.1124,"19","KN motif and ankyrin repeat domains 1"
"Mertk",0.332351314333482,0.1676,"2","MER proto-oncogene tyrosine kinase"
"Espn",-0.332321190107358,0.1628,"4","espin"
"Scnn1a",-0.332120902250872,0.3188,"6","sodium channel, nonvoltage-gated 1 alpha"
"Sp3os",-0.332072817437531,0.1748,"2","trans-acting transcription factor 3, opposite strand"
"St8sia2",0.331823159880315,0.0936,"7","ST8 alpha-N-acetyl-neuraminide alpha-2,8-sialyltransferase 2"
"Rbm3",-0.331809292788884,0.014,"X","RNA binding motif (RNP1, RRM) protein 3"
"Rbm3",-0.331809292788884,0.014,"X","RNA binding motif (RNP1, RRM) protein 3"
"Pcdhac2",0.331783205182161,0.5904,"18","protocadherin alpha subfamily C, 2"
"Peg10",0.331656699576459,0.1368,"6","paternally expressed 10"
"2310039H08Rik",-0.331456311247097,0.3084,"17","RIKEN cDNA 2310039H08 gene"
"Smyd2",-0.331395491746226,0.096,"1","SET and MYND domain containing 2"
"Scarf1",-0.331348492795839,0.04,"11","scavenger receptor class F, member 1"
"Aldh1a2",0.331347564040879,0.4708,"9","aldehyde dehydrogenase family 1, subfamily A2"
"Pttg1",-0.331161670250157,0.1652,"11","pituitary tumor-transforming gene 1"
"Htr1b",0.330821305908124,0.4292,"9","5-hydroxytryptamine (serotonin) receptor 1B"
"Qtrt1",-0.330762994695658,0.0636,"9","queuine tRNA-ribosyltransferase catalytic subunit 1"
"Clvs1",0.33075858185357,0.3016,"4","clavesin 1"
"Cnksr3",0.330605365519695,0.2212,"10","Cnksr family member 3"
"Kcnh3",-0.330528771703953,0.1644,"15","potassium voltage-gated channel, subfamily H (eag-related), member 3"
"Dlx2",0.330417039455009,0.0384,"2","distal-less homeobox 2"
"Ctxn2",-0.330167837023655,0.3124,"2","cortexin 2"
"Rgl2",-0.330036690084903,0.056,"17","ral guanine nucleotide dissociation stimulator-like 2"
"Adam8",-0.329913797138745,0.2856,"7","a disintegrin and metallopeptidase domain 8"
"Ctss",0.329792633899793,0.7912,"3","cathepsin S"
"Cpne9",0.32975891214012,0.3712,"6","copine family member IX"
"Nlgn1",0.329676423676657,0.1232,"3","neuroligin 1"
"Epha5",0.329523767944988,0.112,"5","Eph receptor A5"
"Plod2",0.329358652944442,0.0084,"9","procollagen lysine, 2-oxoglutarate 5-dioxygenase 2"
"Igflr1",-0.329316402875742,0.1992,"7","IGF-like family receptor 1"
"Sema3d",0.329304931275439,0.3624,"5","sema domain, immunoglobulin domain (Ig), short basic domain, secreted, (semaphorin) 3D"
"Prkca",0.329171315489733,0.0492,"11","protein kinase C, alpha"
"Med11",-0.328812372835999,0.17,"11","mediator complex subunit 11"
"Erbb4",0.328757012929914,0.3348,"1","erb-b2 receptor tyrosine kinase 4"
"Dpm2",-0.328522247231014,0.1776,"2","dolichol-phosphate (beta-D) mannosyltransferase 2"
"Galnt3",-0.3285129109867,0.4984,"2","polypeptide N-acetylgalactosaminyltransferase 3"
"Kcnj6",0.32826363220961,0.4144,"16","potassium inwardly-rectifying channel, subfamily J, member 6"
"Pcdh9",0.328232834250583,0.0676,"14","protocadherin 9"
"Rps20",-0.327792483251519,0.3484,"4","ribosomal protein S20"
"Cpsf4l",-0.32755827598862,0.5736,"11","cleavage and polyadenylation specific factor 4-like"
"Pcdhga5",0.327450286081958,0.4884,"18","protocadherin gamma subfamily A, 5"
"Rasal2",0.327445872198791,0.2352,"1","RAS protein activator like 2"
"Bmpr2",0.327032063752649,0.054,"1","bone morphogenetic protein receptor, type II (serine/threonine kinase)"
"Rmdn2",0.326927959792644,0.2016,"17","regulator of microtubule dynamics 2"
"Heph",0.326817162035165,0.048,"X","hephaestin"
"Zfp870",0.326705096775571,0.0084,"17","zinc finger protein 870"
"Vwa3a",-0.326652251902283,0.1972,"7","von Willebrand factor A domain containing 3A"
"Mex3a",0.326523611502928,0.0444,"3","mex3 RNA binding family member A"
"Mgat1",-0.32650798558835,0.0376,"11","mannoside acetylglucosaminyltransferase 1"
"Tnfaip8l3",0.326290171250734,0.2548,"9","tumor necrosis factor, alpha-induced protein 8-like 3"
"Nfkbil1",-0.326250910371265,0.274,"17","nuclear factor of kappa light polypeptide gene enhancer in B cells inhibitor like 1"
"Snrpg",-0.326165091136715,0.2064,"6","small nuclear ribonucleoprotein polypeptide G"
"Cyp4f16",-0.325670849411446,0.0644,"17","cytochrome P450, family 4, subfamily f, polypeptide 16"
"Dnase1l2",-0.325597625207081,0.4396,"17","deoxyribonuclease 1-like 2"
"Nat9",-0.325552503423239,0.2068,"11","N-acetyltransferase 9 (GCN5-related, putative)"
"Taf7",0.325457886062218,0.02,"18","TATA-box binding protein associated factor 7"
"AI504432",0.325413661960217,0.1164,"3","expressed sequence AI504432"
"Fem1c",0.325230940998312,0.3596,"18","fem 1 homolog c"
"Zic2",0.325196264433921,0.0772,"14","zinc finger protein of the cerebellum 2"
"Kcnmb4",-0.325038571905161,0.1912,"10","potassium large conductance calcium-activated channel, subfamily M, beta member 4"
"Sema3e",0.324911812793073,0.1944,"5","sema domain, immunoglobulin domain (Ig), short basic domain, secreted, (semaphorin) 3E"
"Zfp36l2",0.324793883151699,0.314,"17","zinc finger protein 36, C3H type-like 2"
"Gm14295",-0.324592433507129,0.2508,"2","predicted gene 14295"
"Gm14295",-0.324592433507129,0.2508,"2","predicted gene 14295"
"Iscu",-0.324466371062142,0.1664,"5","iron-sulfur cluster assembly enzyme"
"Odf3b",-0.324463094196972,0.4788,"15","outer dense fiber of sperm tails 3B"
"F2r",0.324444928417498,0.1704,"13","coagulation factor II (thrombin) receptor"
"Stxbp5l",0.32411420286433,0.1288,"16","syntaxin binding protein 5-like"
"Cpm",0.324101647477608,0.3644,"10","carboxypeptidase M"
"Rnf213",-0.323915302008153,0.2156,"11","ring finger protein 213"
"Wdr90",-0.323580077429433,0.2028,"17","WD repeat domain 90"
"Rnf152",0.323541020945661,0.3856,"1","ring finger protein 152"
"Garem1",0.323161310071995,0.3512,"18","GRB2 associated regulator of MAPK1 subtype 1"
"Cldn1",0.322595903305982,0.7564,"16","claudin 1"
"Zfp994",0.322007354935508,0.0492,"17","zinc finger protein 994"
"Vip",0.321660845419761,0.4716,"10","vasoactive intestinal polypeptide"
"Camk4",0.321586175100505,0.1696,"18","calcium/calmodulin-dependent protein kinase IV"
"Tbc1d2",-0.321544767432919,0.152,"4","TBC1 domain family, member 2"
"Reln",0.321412911111987,0.5324,"5","reelin"
"Ifitm3",-0.32110419938438,0.3352,"7","interferon induced transmembrane protein 3"
"Slc39a6",0.320850915672206,0.0164,"18","solute carrier family 39 (metal ion transporter), member 6"
"Unc119",-0.320711514653211,0.302,"11","unc-119 lipid binding chaperone"
"Scn3a",0.320621621408217,0.0828,"2","sodium channel, voltage-gated, type III, alpha"
"D030028A08Rik",0.320599868637821,0.2372,"11","RIKEN cDNA D030028A08 gene"
"Trim23",0.320589967383325,0.066,"13","tripartite motif-containing 23"
"Snapc4",-0.320561915132147,0.2692,"2","small nuclear RNA activating complex, polypeptide 4"
"Dzip3",0.320402107998262,0.1556,"16","DAZ interacting protein 3, zinc finger"
"E130102H24Rik",-0.320327440894015,0.4132,"4","RIKEN cDNA E130102H24 gene"
"Nptxr",0.320320036458494,0.3812,"15","neuronal pentraxin receptor"
"Pros1",0.319887836538296,0.1368,"16","protein S (alpha)"
"Ufc1",-0.319859478359533,0.1148,"1","ubiquitin-fold modifier conjugating enzyme 1"
"Ndp",-0.319853931984933,0.0984,"X","Norrie disease (pseudoglioma) (human)"
"Kcng4",0.319827728202037,0.2132,"8","potassium voltage-gated channel, subfamily G, member 4"
"Nectin3",0.319431497378195,0.2088,"16","nectin cell adhesion molecule 3"
"Cluap1",-0.319359813344708,0.0272,"16","clusterin associated protein 1"
"Ubxn2b",0.3192981761063,0.1988,"4","UBX domain protein 2B"
"Ap1g2",-0.319098250370722,0.3508,"14","adaptor protein complex AP-1, gamma 2 subunit"
"Erich3",0.319001425052454,0.6652,"3","glutamate rich 3"
"Rpusd4",-0.318949936430749,0.1528,"9","RNA pseudouridylate synthase domain containing 4"
"Tha1",-0.318853090767596,0.0484,"11","threonine aldolase 1"
"Psmb4",-0.318744347337153,0.1916,"3","proteasome (prosome, macropain) subunit, beta type 4"
"Itsn2",0.318731388866603,0.3496,"12","intersectin 2"
"Rpl14",-0.318711083667022,0.3268,"9","ribosomal protein L14"
"Tonsl",-0.318657162880236,0.0292,"15","tonsoku-like, DNA repair protein"
"Il17rc",-0.318644461964312,0.2804,"6","interleukin 17 receptor C"
"Cntnap5b",0.318468846326424,0.224,"1","contactin associated protein-like 5B"
"Rgs20",-0.318438187801631,0.3328,"1","regulator of G-protein signaling 20"
"Rpp38",-0.318429558832078,0.312,"2","ribonuclease P/MRP 38 subunit"
"Slc38a6",-0.318318934581677,0.418,"12","solute carrier family 38, member 6"
"Phactr4",0.318105050961305,0.1456,"4","phosphatase and actin regulator 4"
"Slc24a2",0.317652374848887,0.2176,"4","solute carrier family 24 (sodium/potassium/calcium exchanger), member 2"
"Timm10b",-0.317390353446791,0.2228,"7","translocase of inner mitochondrial membrane 10B"
"Enkd1",-0.317329189119561,0.2568,"8","enkurin domain containing 1"
"Rnf165",0.317250716170672,0.05,"18","ring finger protein 165"
"Lama5",-0.317177565683433,0.4808,"2","laminin, alpha 5"
"Tcp11l1",0.317047046205917,0.3432,"2","t-complex 11 like 1"
"Fbxo36",-0.316997154757784,0.5012,"1","F-box protein 36"
"Pcsk4",-0.316808860555076,0.448,"10","proprotein convertase subtilisin/kexin type 4"
"Alg10b",0.316639405231954,0.5224,"15","asparagine-linked glycosylation 10B (alpha-1,2-glucosyltransferase)"
"Pcbd2",-0.316485206838424,0.3372,"13","pterin 4 alpha carbinolamine dehydratase/dimerization cofactor of hepatocyte nuclear factor 1 alpha (TCF1) 2"
"Znhit2",-0.31640997088939,0.2984,"19","zinc finger, HIT domain containing 2"
"Mbtps2",0.316225399891503,0.0232,"X","membrane-bound transcription factor peptidase, site 2"
"C030006K11Rik",-0.316072706592653,0.1456,"15","RIKEN cDNA C030006K11 gene"
"Fth1",-0.315993657997545,0.3856,"19","ferritin heavy polypeptide 1"
"Cgnl1",-0.315586356716969,0.5964,"9","cingulin-like 1"
"Ankrd52",0.31553879926833,0.4276,"10","ankyrin repeat domain 52"
"Rpl17",-0.31538441101323,0.2688,"18","ribosomal protein L17"
"Srl",0.315267113125139,0.0468,"16","sarcalumenin"
"Pgm2l1",0.315197418557242,0.1356,"7","phosphoglucomutase 2-like 1"
"Tgfbr1",0.315193856874965,0.3692,"4","transforming growth factor, beta receptor I"
"Tmem86b",-0.314980227395845,0.4924,"7","transmembrane protein 86B"
"Use1",-0.314552511992253,0.2724,"8","unconventional SNARE in the ER 1 homolog (S. cerevisiae)"
"Msh6",0.314542722585711,0.0592,"17","mutS homolog 6"
"Pcdhgc5",0.314307223734813,0.45,"18","protocadherin gamma subfamily C, 5"
"Nbeal1",0.314269350651899,0.5672,"1","neurobeachin like 1"
"Nectin2",-0.314185518885021,0.1256,"7","nectin cell adhesion molecule 2"
"Dlec1",-0.313858173212428,0.3256,"9","deleted in lung and esophageal cancer 1"
"Tcea2",-0.313793262789831,0.0244,"2","transcription elongation factor A (SII), 2"
"Ascl1",0.313725040519561,0.1248,"10","achaete-scute family bHLH transcription factor 1"
"Ifitm10",-0.313417102795017,0.25,"7","interferon induced transmembrane protein 10"
"Lyst",0.313318578727122,0.3276,"13","lysosomal trafficking regulator"
"Setd4",-0.313193473340136,0.1852,"16","SET domain containing 4"
"Nptx2",0.313171616925639,0.0324,"5","neuronal pentraxin 2"
"Hmgn5",0.313026424338133,0.114,"X","high-mobility group nucleosome binding domain 5"
"Itga11",0.312832109592873,0.254,"9","integrin alpha 11"
"Sds",-0.312195625351766,0.428,"5","serine dehydratase"
"Adgrl3",0.312102207551104,0.108,"5","adhesion G protein-coupled receptor L3"
"Cys1",-0.312020384013657,0.3436,"12","cystin 1"
"Tbl1x",0.311971014237945,0.4596,"X","transducin (beta)-like 1 X-linked"
"Fgfrl1",-0.31183515357891,0.2944,"5","fibroblast growth factor receptor-like 1"
"Gpr75",0.311703030113941,0.0232,"11","G protein-coupled receptor 75"
"Rpl12",-0.311693222314002,0.3364,"2","ribosomal protein L12"
"Fam83d",0.311492998553971,0.3828,"2","family with sequence similarity 83, member D"
"Slc38a5",0.311426342939142,0.2784,"X","solute carrier family 38, member 5"
"Fzd8",0.311327575421225,0.1448,"18","frizzled class receptor 8"
"Syce2",0.311314570585743,0.0452,"8","synaptonemal complex central element protein 2"
"Plekhg1",0.311264733341154,0.208,"10","pleckstrin homology domain containing, family G (with RhoGef domain) member 1"
"Acot11",0.311229790924797,0.0684,"4","acyl-CoA thioesterase 11"
"Fau",-0.311227813508675,0.31,"19","Finkel-Biskis-Reilly murine sarcoma virus (FBR-MuSV) ubiquitously expressed (fox derived)"
"Nudt16",-0.311139845609004,0.1624,"9","nudix (nucleoside diphosphate linked moiety X)-type motif 16"
"Rps27a",-0.310945067724815,0.296,"11","ribosomal protein S27A"
"Rpl10a",-0.310751268731497,0.1344,"17","ribosomal protein L10A"
"Arhgef28",0.310720606070627,0.0236,"13","Rho guanine nucleotide exchange factor (GEF) 28"
"Topbp1",0.310557908723578,0.1456,"9","topoisomerase (DNA) II binding protein 1"
"Rps24",-0.310439927417031,0.3516,"14","ribosomal protein S24"
"Rhoc",-0.310258382028581,0.1712,"3","ras homolog family member C"
"Ptchd1",-0.310254408937258,0.27,"X","patched domain containing 1"
"Crocc2",-0.309960294707984,0.648,"1","ciliary rootlet coiled-coil, rootletin family member 2"
"Rpl13a",-0.309862337912151,0.4192,"7","ribosomal protein L13A"
"Steap3",-0.309823840781856,0.2412,"1","STEAP family member 3"
"Plvap",-0.309810427453931,0.1872,"8","plasmalemma vesicle associated protein"
"Gas6",-0.3097330930702,0.0696,"8","growth arrest specific 6"
"Rpl36",-0.309671840121483,0.4348,"17","ribosomal protein L36"
"Rab11fip2",0.309618587656838,0.0864,"19","RAB11 family interacting protein 2 (class I)"
"Pkmyt1",-0.309502547172167,0.01,"17","protein kinase, membrane associated tyrosine/threonine 1"
"Mmp23",-0.309426547024696,0.3428,"4","matrix metallopeptidase 23"
"Elavl2",0.309017347867663,0.12,"4","ELAV like RNA binding protein 1"
"Csrnp3",0.309011821021985,0.166,"2","cysteine-serine-rich nuclear protein 3"
"Arhgef1",-0.308993398272657,0.2768,"7","Rho guanine nucleotide exchange factor (GEF) 1"
"Rspo2",0.308763175188798,0.3068,"15","R-spondin 2"
"Rpl24",-0.308721607012277,0.3276,"16","ribosomal protein L24"
"P2ry13",0.308506176029108,0.8964,"3","purinergic receptor P2Y, G-protein coupled 13"
"Stxbp2",-0.308440725365641,0.1192,"8","syntaxin binding protein 2"
"Arl4c",0.308438240095462,0.132,"1","ADP-ribosylation factor-like 4C"
"Nek8",-0.3083687156066,0.134,"11","NIMA (never in mitosis gene a)-related expressed kinase 8"
"Mafa",0.308230510546677,0.5204,"15","v-maf musculoaponeurotic fibrosarcoma oncogene family, protein A (avian)"
"Zfp26",0.308173393562693,0.154,"9","zinc finger protein 26"
"Mrpl52",-0.307900058812136,0.3024,"14","mitochondrial ribosomal protein L52"
"Cln3",-0.307881485806399,0.0692,"7","ceroid lipofuscinosis, neuronal 3, juvenile (Batten, Spielmeyer-Vogt disease)"
"Cbll1",0.307880017582642,0.1104,"12","Casitas B-lineage lymphoma-like 1"
"Stc1",0.307825533945695,0.162,"14","stanniocalcin 1"
"Msantd1",-0.307726880279844,0.3388,"5","Myb/SANT-like DNA-binding domain containing 1"
"Sass6",0.307718072452646,0.1284,"3","SAS-6 centriolar assembly protein"
"Rapgef5",0.307553915178137,0.0864,"12","Rap guanine nucleotide exchange factor (GEF) 5"
"Smim20",-0.307541014925666,0.1936,"5","small integral membrane protein 20"
"Pou3f4",0.307513864568938,0.0472,"X","POU domain, class 3, transcription factor 4"
"Ppig",0.307272594629746,0.0084,"2","peptidyl-prolyl isomerase G (cyclophilin G)"
"Cx3cr1",0.307196235609538,0.7804,"9","chemokine (C-X3-C motif) receptor 1"
"Alkbh6",-0.307141479542516,0.1564,"7","alkB homolog 6"
"Rpl10",-0.307131685469868,0.2872,"X","ribosomal protein L10"
"E130307A14Rik",-0.307118584675893,0.1984,"10","RIKEN cDNA E130307A14 gene"
"Cpeb4",0.306873490418453,0.1108,"11","cytoplasmic polyadenylation element binding protein 4"
"Dnah2",-0.306488930194892,0.262,"11","dynein, axonemal, heavy chain 2"
"Tfr2",-0.30642412878043,0.2684,"5","transferrin receptor 2"
"Fktn",0.306258006337861,0.1756,"4","fukutin"
"Edem3",0.306193612812352,0.0648,"1","ER degradation enhancer, mannosidase alpha-like 3"
"Ptgds",0.306066696355332,0.5064,"2","prostaglandin D2 synthase (brain)"
"Zbtb38",0.305976250140946,0.526,"9","zinc finger and BTB domain containing 38"
"Diaph2",0.305879761288207,0.0708,"X","diaphanous related formin 2"
"Slc4a7",0.305747490706533,0.174,"14","solute carrier family 4, sodium bicarbonate cotransporter, member 7"
"Usp45",0.30569065373109,0.1972,"4","ubiquitin specific petidase 45"
"Tmc4",-0.305541610315647,0.444,"7","transmembrane channel-like gene family 4"
"Hivep3",0.305456581975245,0.4292,"4","human immunodeficiency virus type I enhancer binding protein 3"
"Atad2b",0.305423254731962,0.3008,"12","ATPase family, AAA domain containing 2B"
"Notch1",0.305329648949382,0.2876,"2","notch 1"
"Aff4",0.305327371587195,0.2004,"11","AF4/FMR2 family, member 4"
"Pcgf3",0.305302518450774,0.268,"5","polycomb group ring finger 3"
"Rangrf",-0.305218762269178,0.136,"11","RAN guanine nucleotide release factor"
"Trim68",-0.305108710392132,0.2712,"7","tripartite motif-containing 68"
"Atrx",0.304906290562688,0.2896,"X","ATRX, chromatin remodeler"
"Nol3",-0.304889293735212,0.3484,"8","nucleolar protein 3 (apoptosis repressor with CARD domain)"
"Ctsc",0.304857400890845,0.468,"7","cathepsin C"
"Cdh12",0.304716972980744,0.4052,"15","cadherin 12"
"Ppp6c",0.304578764691029,0.0272,"2","protein phosphatase 6, catalytic subunit"
"P3h4",-0.304311674481523,0.2544,"11","prolyl 3-hydroxylase family member 4 (non-enzymatic)"
"Pcdhga4",0.304309353243729,0.5432,"18","protocadherin gamma subfamily A, 4"
"Ndufa4",-0.304300159493526,0.1504,"6","Ndufa4, mitochondrial complex associated"
"Cav1",-0.304256577459167,0.156,"6","caveolin 1, caveolae protein"
"Faxc",0.304158520333965,0.1324,"4","failed axon connections homolog"
"Mast4",0.304130113041056,0.2296,"13","microtubule associated serine/threonine kinase family member 4"
"Prkcd",0.303986317518566,0.5836,"14","protein kinase C, delta"
"Znrf2",0.30396704357802,0.128,"6","zinc and ring finger 2"
"Gjb6",0.303952235591527,0.2184,"14","gap junction protein, beta 6"
"Map3k13",0.303798623086365,0.4824,"16","mitogen-activated protein kinase kinase kinase 13"
"Slc6a13",0.303764151129716,0.4484,"6","solute carrier family 6 (neurotransmitter transporter, GABA), member 13"
"Lamc3",0.303588286003095,0.4548,"2","laminin gamma 3"
"Zfp955b",0.303582546330574,0.2228,"17","zinc finger protein 955B"
"Nrg3",0.303460693850893,0.2028,"14","neuregulin 3"
"A2ml1",-0.303336416250966,0.3448,"6","alpha-2-macroglobulin like 1"
"Otx2",-0.303264023696567,0.7824,"14","orthodenticle homeobox 2"
"Lsm3",-0.303206156367781,0.3252,"6","LSM3 homolog, U6 small nuclear RNA and mRNA degradation associated"
"Pde3a",0.303141447235777,0.2844,"6","phosphodiesterase 3A, cGMP inhibited"
"Atp10a",0.302997059006515,0.5908,"7","ATPase, class V, type 10A"
"Zbed6",0.302949165015482,0.7244,"1","zinc finger, BED type containing 6"
"Tshz2",-0.302757852863171,0.712,"2","teashirt zinc finger family member 2"
"Cemip2",0.30269076822451,0.0276,"19","cell migration inducing hyaluronidase 2"
"Thap3",-0.30257135995564,0.136,"4","THAP domain containing, apoptosis associated protein 3"
"Pdlim4",-0.302460076824503,0.2084,"11","PDZ and LIM domain 4"
"Epn3",-0.302135871214015,0.5772,"11","epsin 3"
"Pcdhga3",0.301640510527144,0.4912,"18","protocadherin gamma subfamily A, 3"
"Cecr2",0.301483385925876,0.252,"6","CECR2, histone acetyl-lysine reader"
"Rdm1",-0.301402734881109,0.1524,"11","RAD52 motif 1"
"Ttc9b",-0.301210679244564,0.376,"7","tetratricopeptide repeat domain 9B"
"Rps4x",-0.301105052792925,0.3068,"X","ribosomal protein S4, X-linked"
"Krtcap2",-0.300669957920841,0.2904,"3","keratinocyte associated protein 2"
"Skil",0.300607654391807,0.2204,"3","SKI-like"
"C130074G19Rik",-0.300527524800813,0.2532,"1","RIKEN cDNA C130074G19 gene"
"Capn11",-0.300337958744686,0.8144,"17","calpain 11"
"Elob",-0.300008534245554,0.4404,"17","elongin B"
"Ddb2",-0.300000291840858,0.3932,"2","damage specific DNA binding protein 2"
"Gm5089",-0.299983006733927,0.1972,"14","predicted gene 5089"
"Zscan12",0.299960269099061,0.0144,"13","zinc finger and SCAN domain containing 12"
"Prdm5",-0.299668057113604,0.2124,"6","PR domain containing 5"
"Dbi",-0.299619900205506,0.3144,"1","diazepam binding inhibitor"
"Mrps11",-0.299610655300913,0.1672,"7","mitochondrial ribosomal protein S11"
"Twf2",-0.299357000028752,0.09,"9","twinfilin actin binding protein 2"
"Fibp",-0.299118521569611,0.1524,"19","fibroblast growth factor (acidic) intracellular binding protein"
"Scai",0.299094920968893,0.2584,"2","suppressor of cancer cell invasion"
"Ttr",-0.299001470545196,0.9344,"18","transthyretin"
"Nphp3",-0.298887189151416,0.2556,"9","nephronophthisis 3 (adolescent)"
"Gtpbp6",-0.298854602577407,0.1276,"5","GTP binding protein 6 (putative)"
"Flrt2",0.298673223143799,0.2636,"12","fibronectin leucine rich transmembrane protein 2"
"Acsl4",0.298219561210264,0.06,"X","acyl-CoA synthetase long-chain family member 4"
"Setd7",0.298167010115936,0.0892,"3","SET domain containing (lysine methyltransferase) 7"
"2810049E08Rik",-0.298057822076837,0.012,"13","RIKEN cDNA 2810049E08 gene"
"Fam98c",-0.297938436763691,0.0464,"7","family with sequence similarity 98, member C"
"Ndufv3",-0.297913219093487,0.2672,"17","NADH:ubiquinone oxidoreductase core subunit V3"
"Blnk",0.297898223689169,0.2848,"19","B cell linker"
"Slit2",0.297839521778731,0.2952,"5","slit guidance ligand 2"
"Hectd2",0.297804444076719,0.5396,"19","HECT domain E3 ubiquitin protein ligase 2"
"Eef2kmt",-0.297762291341902,0.2648,"16","eukaryotic elongation factor 2 lysine methyltransferase"
"Chn1os3",-0.297652459654274,0.5872,"2","chimerin 1, opposite strand 3"
"Tet3",0.297592264533302,0.2748,"6","tet methylcytosine dioxygenase 3"
"Etfb",-0.297433537710527,0.3384,"7","electron transferring flavoprotein, beta polypeptide"
"Thpo",-0.297323167598126,0.4032,"16","thrombopoietin"
"Gatad2b",0.297270051755167,0.2644,"3","GATA zinc finger domain containing 2B"
"Slc22a8",-0.297181561201048,0.296,"19","solute carrier family 22 (organic anion transporter), member 8"
"Rnf150",0.296912467259808,0.2412,"8","ring finger protein 150"
"Atad2",0.296766980137488,0.186,"15","ATPase family, AAA domain containing 2"
"Mus81",-0.296766058886248,0.0084,"19","MUS81 structure-specific endonuclease subunit"
"Disp1",-0.296630321514292,0.0904,"1","dispatched RND transporter family member 1"
"Rab39b",0.296452312400244,0.2052,"X","RAB39B, member RAS oncogene family"
"Npm3",-0.296430457338791,0.2832,"19","nucleoplasmin 3"
"Zfp322a",0.296355092548347,0.0768,"13","zinc finger protein 322A"
"Ppp1r32",-0.296308351787817,0.33,"19","protein phosphatase 1, regulatory subunit 32"
"Kif9",-0.29624773840712,0.3192,"9","kinesin family member 9"
"Reps2",0.296211882313274,0.2812,"X","RALBP1 associated Eps domain containing protein 2"
"Etnppl",0.296090612813851,0.4124,"3","ethanolamine phosphate phospholyase"
"Prlr",-0.295954886861695,0.6504,"15","prolactin receptor"
"Olfm3",0.295810906550979,0.2852,"3","olfactomedin 3"
"Secisbp2l",0.295516931532851,0.0288,"2","SECIS binding protein 2-like"
"Tmem178b",0.295469694940607,0.1776,"6","transmembrane protein 178B"
"Ltbp4",-0.295295009469766,0.2324,"7","latent transforming growth factor beta binding protein 4"
"Csf2ra",-0.295153942603628,0.1908,"19","colony stimulating factor 2 receptor, alpha, low-affinity (granulocyte-macrophage)"
"Rpl32",-0.295131533948724,0.2904,"6","ribosomal protein L32"
"Rps9",-0.295039974984599,0.2496,"7","ribosomal protein S9"
"1110038B12Rik",-0.295022017921004,0.1924,"17","RIKEN cDNA 1110038B12 gene"
"Sgk3",0.295003459187392,0.2584,"1","serum/glucocorticoid regulated kinase 3"
"Slc24a4",0.294947898117071,0.4668,"12","solute carrier family 24 (sodium/potassium/calcium exchanger), member 4"
"Tmem256",-0.294941803321455,0.2964,"11","transmembrane protein 256"
"Lin9",0.294469747454892,0.0252,"1","lin-9 DREAM MuvB core complex component"
"Dtymk",-0.294380795595497,0.0332,"1","deoxythymidylate kinase"
"Ndufa5",-0.294369699696909,0.2768,"6","NADH:ubiquinone oxidoreductase subunit A5"
"Nt5dc3",0.294301752371442,0.1336,"10","5'-nucleotidase domain containing 3"
"Cdkl1",-0.294257284194278,0.1948,"12","cyclin-dependent kinase-like 1 (CDC2-related kinase)"
"Zfp281",0.294122838888154,0.0508,"1","zinc finger protein 281"
"Glis3",0.293971773695622,0.3504,"19","GLIS family zinc finger 3"
"Syt14",0.293872222847792,0.3024,"1","synaptotagmin XIV"
"Cdk12",0.293786437479076,0.2964,"11","cyclin-dependent kinase 12"
"Tmem132e",-0.293759972615725,0.108,"11","transmembrane protein 132E"
"Htra1",0.293587080445258,0.0724,"7","HtrA serine peptidase 1"
"Fkbp5",0.293544898500094,0.0424,"17","FK506 binding protein 5"
"Lrp1b",0.293354211665562,0.5652,"2","low density lipoprotein-related protein 1B"
"Sirt7",-0.293159155836759,0.0344,"11","sirtuin 7"
"Uqcrh",-0.292873138509595,0.2192,"4","ubiquinol-cytochrome c reductase hinge protein"
"Glyctk",-0.292787704186279,0.116,"9","glycerate kinase"
"Rps5",-0.292764744107741,0.4016,"7","ribosomal protein S5"
"Cd109",0.292662208950935,0.3704,"9","CD109 antigen"
"Mmut",0.292587274911366,0.0416,"17","methylmalonyl-Coenzyme A mutase"
"Aoc2",-0.292456037255159,0.4628,"11","amine oxidase, copper containing 2 (retina-specific)"
"Phlda1",0.292386266792991,0,"10","pleckstrin homology like domain, family A, member 1"
"Pard3b",0.2922506821802,0.0616,"1","par-3 family cell polarity regulator beta"
"Psmb10",-0.292190775887547,0.264,"8","proteasome (prosome, macropain) subunit, beta type 10"
"Abi3",0.292148078258185,0.3156,"11","ABI family member 3"
"Tma7",-0.292028118989806,0.2624,"9","translational machinery associated 7"
"Tma7",-0.292028118989806,0.2624,"9","translational machinery associated 7"
"B9d1",-0.29174799296809,0.1136,"11","B9 protein domain 1"
"D630023F18Rik",-0.29171109562505,0.3276,"1","RIKEN cDNA D630023F18 gene"
"Ppp4r2",0.291477873103516,0.2436,"6","protein phosphatase 4, regulatory subunit 2"
"Pmepa1",0.291266386497073,0.0564,"2","prostate transmembrane protein, androgen induced 1"
"Neto2",0.29125453164768,0.0812,"8","neuropilin (NRP) and tolloid (TLL)-like 2"
"Dennd6b",-0.291245771116398,0.1864,"15","DENN/MADD domain containing 6B"
"Isoc2a",-0.291230610991592,0.1836,"7","isochorismatase domain containing 2a"
"Nsun3",0.291162948050224,0.3244,"16","NOL1/NOP2/Sun domain family member 3"
"Als2",0.291069595597294,0.2428,"1","alsin Rho guanine nucleotide exchange factor"
"Tmem147",-0.291023018954434,0.0812,"7","transmembrane protein 147"
"Dmp1",0.290937816604568,0.1492,"5","dentin matrix protein 1"
"Nsun7",-0.290690204887192,0.416,"5","NOL1/NOP2/Sun domain family, member 7"
"Ppm1m",-0.290666689405854,0.0276,"9","protein phosphatase 1M"
"Capn10",-0.290580672870099,0.1092,"1","calpain 10"
"Tefm",-0.290579817781841,0.178,"11","transcription elongation factor, mitochondrial"
"Grik1",0.290522575927516,0.1736,"16","glutamate receptor, ionotropic, kainate 1"
"Gopc",0.290484345024003,0.1468,"10","golgi associated PDZ and coiled-coil motif containing"
"Ermard",-0.290481376003422,0.2704,"17","ER membrane associated RNA degradation"
"Pdpn",-0.290423149374602,0.1744,"4","podoplanin"
"Ubr3",0.290362488151282,0.272,"2","ubiquitin protein ligase E3 component n-recognin 3"
"Acot13",-0.290276819870767,0.2928,"13","acyl-CoA thioesterase 13"
"Lrrc51",-0.290201659423849,0.3124,"7","leucine rich repeat containing 51"
"Elmo3",-0.290164345309606,0.248,"8","engulfment and cell motility 3"
"Xrcc3",-0.290086878763339,0.3072,"12","X-ray repair complementing defective repair in Chinese hamster cells 3"
"Efcc1",-0.290077671478448,0.0424,"6","EF hand and coiled-coil domain containing 1"
"Mmachc",0.289551683019901,0.0816,"4","methylmalonic aciduria cblC type, with homocystinuria"
"Sgk1",-0.289500906894873,0.5304,"10","serum/glucocorticoid regulated kinase 1"
"Shisa6",0.289324107763645,0.134,"11","shisa family member 6"
"Ddit3",-0.28914699705149,0.388,"10","DNA-damage inducible transcript 3"
"1700047M11Rik",-0.289031803306732,0.386,"1","RIKEN cDNA 1700047M11 gene"
"Zbtb41",0.288981858589705,0.078,"1","zinc finger and BTB domain containing 41"
"Sall1",0.288980530138867,0.17,"8","spalt like transcription factor 1"
"Arhgef6",0.288961920686485,0.1556,"X","Rac/Cdc42 guanine nucleotide exchange factor (GEF) 6"
"Nr2f2",0.288932542705351,0.2264,"7","nuclear receptor subfamily 2, group F, member 2"
"Card10",-0.288867332786349,0,"15","caspase recruitment domain family, member 10"
"Nudt17",-0.288638065230419,0.1424,"3","nudix (nucleoside diphosphate linked moiety X)-type motif 17"
"Resp18",-0.288509280499059,0.2688,"1","regulated endocrine-specific protein 18"
"Akap5",0.288372604366742,0.2144,"12","A kinase (PRKA) anchor protein 5"
"Sord",-0.288286198623232,0.0984,"2","sorbitol dehydrogenase"
"Cox7c",-0.288255361786994,0.2724,"13","cytochrome c oxidase subunit 7C"
"Acaa2",-0.288249781611304,0.2128,"18","acetyl-Coenzyme A acyltransferase 2 (mitochondrial 3-oxoacyl-Coenzyme A thiolase)"
"Frrs1l",0.288234910752618,0.456,"4","ferric-chelate reductase 1 like"
"Gstm2",-0.288201535162131,0.6664,"3","glutathione S-transferase, mu 2"
"Snx18",0.288201317036576,0.0444,"13","sorting nexin 18"
"Tfap4",0.288120460557477,0.0824,"16","transcription factor AP4"
"Stox2",0.288076404173527,0.0552,"8","storkhead box 2"
"Zdhhc1",-0.288053808832359,0.0252,"8","zinc finger, DHHC domain containing 1"
"Zfp719",0.288015801537658,0,"7","zinc finger protein 719"
"Ydjc",-0.28799852487653,0.0848,"16","YdjC homolog (bacterial)"
"Hexdc",-0.287946244261414,0.2204,"11","hexosaminidase (glycosyl hydrolase family 20, catalytic domain) containing"
"Trib2",0.287928018865035,0,"12","tribbles pseudokinase 2"
"Kctd12",0.287696649584398,0.0928,"14","potassium channel tetramerisation domain containing 12"
"Pfdn6",-0.28766523517583,0.3228,"17","prefoldin subunit 6"
"Rnf8",-0.287351922246422,0.3804,"17","ring finger protein 8"
"Zfp78",-0.287208021153707,0.268,"7","zinc finger protein 78"
"Ppm1e",0.287206149407023,0.1572,"11","protein phosphatase 1E (PP2C domain containing)"
"Pet100",-0.287195034445765,0.2392,"8","PET100 homolog"
"Ccdc62",-0.287017454087585,0.1248,"5","coiled-coil domain containing 62"
"Cdh19",0.286915545551992,0.3076,"1","cadherin 19, type 2"
"Oaz3",-0.286867808594491,0.2048,"3","ornithine decarboxylase antizyme 3"
"Rtl8b",-0.286835358926461,0.3332,"X","retrotransposon Gag like 8B"
"Adamts2",-0.286805520059359,0.1424,"11","a disintegrin-like and metallopeptidase (reprolysin type) with thrombospondin type 1 motif, 2"
"Med13",0.286112037982348,0.0904,"11","mediator complex subunit 13"
"Psph",-0.286096243888778,0.276,"5","phosphoserine phosphatase"
"Ndst4",0.286084427873943,0.556,"3","N-deacetylase/N-sulfotransferase (heparin glucosaminyl) 4"
"Snhg17",-0.285806474548269,0.1848,"2","small nucleolar RNA host gene 17"
"Rnase4",0.2854554894344,0.418,"14","ribonuclease, RNase A family 4"
"Cldn22",-0.285414308914253,0.4148,"8","claudin 22"
"Npr1",-0.285328751392908,0.0696,"3","natriuretic peptide receptor 1"
"Rapgef4",-0.285303450540557,0.4108,"2","Rap guanine nucleotide exchange factor (GEF) 4"
"Rin2",0.285289767731917,0.1372,"2","Ras and Rab interactor 2"
"Rin2",0.285289767731917,0.1372,"2","Ras and Rab interactor 2"
"Mgp",-0.285187495037066,0.4504,"6","matrix Gla protein"
"Supt3",-0.285118309510223,0.306,"17","SPT3, SAGA and STAGA complex component"
"Kif5a",-0.285032723756723,0.416,"10","kinesin family member 5A"
"Adam9",0.285023926751735,0.1964,"8","a disintegrin and metallopeptidase domain 9 (meltrin gamma)"
"Arsk",0.284899866668949,0.0616,"13","arylsulfatase K"
"C1qa",0.284898784887392,0.6488,"4","complement component 1, q subcomponent, alpha polypeptide"
"Cox4i1",-0.284769345274766,0.3956,"8","cytochrome c oxidase subunit 4I1"
"Fam234a",-0.284477162661469,0.2484,"17","family with sequence similarity 234, member A"
"Sfxn4",-0.284397005987187,0.1108,"19","sideroflexin 4"
"Zfp771",-0.284245084853479,0.3304,"7","zinc finger protein 771"
"Eif3k",-0.284015191947675,0.2432,"7","eukaryotic translation initiation factor 3, subunit K"
"Cnksr2",0.2840014390452,0.1664,"X","connector enhancer of kinase suppressor of Ras 2"
"Mmp14",0.283908442296818,0.2968,"14","matrix metallopeptidase 14 (membrane-inserted)"
"Rps10",-0.283801920886547,0.2872,"17","ribosomal protein S10"
"Krt1",-0.283562099154473,0.3236,"15","keratin 1"
"Rpl23a",-0.283521266668137,0.3324,"11","ribosomal protein L23A"
"Rpl23a",-0.283521266668137,0.3324,"11","ribosomal protein L23A"
"Uqcc2",-0.283458845859824,0.3808,"17","ubiquinol-cytochrome c reductase complex assembly factor 2"
"Satb1",0.283277327267414,0.0088,"17","special AT-rich sequence binding protein 1"
"Slx4ip",0.283161415336081,0.1308,"2","SLX4 interacting protein"
"Decr1",-0.283140034249984,0.2748,"4","2,4-dienoyl CoA reductase 1, mitochondrial"
"Med6",-0.282902429601389,0.2132,"12","mediator complex subunit 6"
"Atp7a",0.282862554022597,0,"X","ATPase, Cu++ transporting, alpha polypeptide"
"Bola2",-0.282677558100106,0.4316,"7","bolA-like 2 (E. coli)"
"Cd59a",0.282516032061109,0.5504,"2","CD59a antigen"
"Fabp5",-0.282192210894194,0.2492,"3","fatty acid binding protein 5, epidermal"
"Mmgt2",-0.282092361756233,0.1832,"11","membrane magnesium transporter 2"
"Lats2",0.282090440354291,0.1896,"14","large tumor suppressor 2"
"Pacsin3",-0.282013926513976,0.1888,"2","protein kinase C and casein kinase substrate in neurons 3"
"Arhgap32",0.281931101345906,0.2204,"9","Rho GTPase activating protein 32"
"Smoc1",-0.281671416705973,0.094,"12","SPARC related  modular calcium binding 1"
"Dusp12",-0.281605703410907,0.0888,"1","dual specificity phosphatase 12"
"Col25a1",0.28152514056675,0.2496,"3","collagen, type XXV, alpha 1"
"Gar1",-0.28145222965794,0.0896,"3","GAR1 ribonucleoprotein"
"Cited2",0.281398817835219,0.1348,"10","Cbp/p300-interacting transactivator, with Glu/Asp-rich carboxy-terminal domain, 2"
"Foxn3",0.281397077561177,0.2376,"12","forkhead box N3"
"Ncoa6",0.281380162400263,0.0408,"2","nuclear receptor coactivator 6"
"Tyw5",0.28135740831615,0.0108,"1","tRNA-yW synthesizing protein 5"
"Rasgrf2",0.281233404230297,0.118,"13","RAS protein-specific guanine nucleotide-releasing factor 2"
"Mfsd10",-0.281172295430416,0.1356,"5","major facilitator superfamily domain containing 10"
"Psme1",-0.280959041493751,0.2276,"14","proteasome (prosome, macropain) activator subunit 1 (PA28 alpha)"
"Elavl4",0.280935217448903,0.0556,"4","ELAV like RNA binding protein 4"
"Psmg3",-0.2809324959146,0.2676,"5","proteasome (prosome, macropain) assembly chaperone 3"
"Zfp652",0.280902361262565,0.182,"11","zinc finger protein 652"
"Zdbf2",0.280900418690627,0.2436,"1","zinc finger, DBF-type containing 2"
"Izumo4",-0.280830442348512,0.0272,"10","IZUMO family member 4"
"Megf9",0.280819490765968,0.6412,"4","multiple EGF-like-domains 9"
"Pabpn1",-0.280808385941783,0.1816,"14","poly(A) binding protein, nuclear 1"
"Pabpn1",-0.280808385941783,0.1816,"14","poly(A) binding protein, nuclear 1"
"Letm2",-0.280758043624935,0.0392,"8","leucine zipper-EF-hand containing transmembrane protein 2"
"Snhg3",-0.28072507904812,0.2472,"4","small nucleolar RNA host gene 3"
"Ifi30",-0.280698718466689,0.2944,"8","interferon gamma inducible protein 30"
"Polr2a",0.280637490148313,0.0908,"11","polymerase (RNA) II (DNA directed) polypeptide A"
"Snrpn",0.2805983329594,0.3304,"7","small nuclear ribonucleoprotein N"
"Ttyh2",-0.280591944997719,0.414,"11","tweety family member 2"
"Cdh2",0.280585927768817,0.0376,"18","cadherin 2"
"Eif6",-0.280520846078054,0.2028,"2","eukaryotic translation initiation factor 6"
"Tmtc1",0.280433688292807,0.0424,"6","transmembrane and tetratricopeptide repeat containing 1"
"Pde1a",0.280368854910538,0.164,"2","phosphodiesterase 1A, calmodulin-dependent"
"Hddc3",-0.280356709277453,0.0644,"7","HD domain containing 3"
"Prorp",0.280261245436445,0.0552,"12","protein only RNase P catalytic subunit"
"Pgap2",-0.280241813370364,0.0532,"7","post-GPI attachment to proteins 2"
"Ptprj",0.280191502148345,0.1196,"2","protein tyrosine phosphatase, receptor type, J"
"Nalcn",0.280181090494921,0.3164,"14","sodium leak channel, non-selective"
"Lbp",-0.280176039398063,0.6956,"2","lipopolysaccharide binding protein"
"Dtnbp1",-0.28016919913703,0.2316,"13","dystrobrevin binding protein 1"
"Apoo",-0.279991181158009,0.17,"X","apolipoprotein O"
"Isoc2b",-0.279887644740681,0.1116,"7","isochorismatase domain containing 2b"
"Rbfox1",0.279878089664361,0.0172,"16","RNA binding protein, fox-1 homolog (C. elegans) 1"
"Rab13",-0.27951770787115,0.2396,"3","RAB13, member RAS oncogene family"
"Afap1l2",0.279427037810232,0.1976,"19","actin filament associated protein 1-like 2"
"Hipk2",0.279351153855644,0.4532,"6","homeodomain interacting protein kinase 2"
"Mpeg1",0.279344926475254,0.9024,"19","macrophage expressed gene 1"
"Lrp12",0.279162942072106,0.1132,"15","low density lipoprotein-related protein 12"
"Dock11",0.279094751865371,0.0924,"X","dedicator of cytokinesis 11"
"Dusp28",-0.278723218267007,0.2948,"1","dual specificity phosphatase 28"
"Frmpd4",0.278600885724719,0.3112,"X","FERM and PDZ domain containing 4"
"Map1b",0.2785501923242,0.0776,"13","microtubule-associated protein 1B"
"Anks6",-0.278266776935391,0.1076,"4","ankyrin repeat and sterile alpha motif domain containing 6"
"Uxt",-0.277936629226591,0.4756,"X","ubiquitously expressed prefoldin like chaperone"
"Eci1",-0.277887399134927,0.3644,"17","enoyl-Coenzyme A delta isomerase 1"
"Ntn4",0.277392901902174,0.4032,"10","netrin 4"
"Eif3m",-0.277225108737983,0.1008,"2","eukaryotic translation initiation factor 3, subunit M"
"Ndufs8",-0.277040686792056,0.292,"19","NADH:ubiquinone oxidoreductase core subunit S8"
"Glrx3",-0.277033442158686,0.336,"7","glutaredoxin 3"
"Rps16",-0.2770286639108,0.3272,"7","ribosomal protein S16"
"Tmem179b",-0.277027271422702,0.216,"19","transmembrane protein 179B"
"Dguok",-0.276994268651796,0.1192,"6","deoxyguanosine kinase"
"Evc",-0.276860518514546,0.0352,"5","EvC ciliary complex subunit 1"
"Mtm1",0.276547339127229,0.1728,"X","X-linked myotubular myopathy gene 1"
"Hspa4l",0.276527751090915,0.2712,"3","heat shock protein 4 like"
"Hcn1",0.276461906891473,0.2636,"13","hyperpolarization activated cyclic nucleotide gated potassium channel 1"
"Plscr4",-0.276438692419652,0.1076,"9","phospholipid scramblase 4"
"Mfap4",0.276399405388728,0.2756,"11","microfibrillar-associated protein 4"
"Timm8b",-0.276394591522113,0.25,"9","translocase of inner mitochondrial membrane 8B"
"Dmpk",-0.276369861845787,0.3784,"7","dystrophia myotonica-protein kinase"
"Ndufs7",-0.276353801595721,0.3892,"10","NADH:ubiquinone oxidoreductase core subunit S7"
"Pde5a",0.276326179610753,0.2188,"3","phosphodiesterase 5A, cGMP-specific"
"Tor2a",-0.276055839254338,0.232,"2","torsin family 2, member A"
"Stk19",-0.275986604146831,0.1916,"17","serine/threonine kinase 19"
"Fyb",0.275930755414171,0.7348,"15","FYN binding protein"
"Tet1",0.2758879701377,0.3884,"10","tet methylcytosine dioxygenase 1"
"Scn1a",0.275875648737856,0.114,"2","sodium channel, voltage-gated, type I, alpha"
"Fmnl3",-0.275832499168282,0.1276,"15","formin-like 3"
"Tusc1",-0.275823902712387,0.3448,"4","tumor suppressor candidate 1"
"Pgap1",0.275619549493017,0.166,"1","post-GPI attachment to proteins 1"
"Cfap74",-0.275472454939867,0.1276,"4","cilia and flagella associated protein 74"
"Abhd2",0.275453390626689,0.5984,"7","abhydrolase domain containing 2"
"Spin2c",0.275405385106007,0.2132,"X","spindlin family, member 2C"
"Ddx3x",0.275362384088305,0.3132,"X","DEAD box helicase 3, X-linked"
"Mrpl12",-0.275350743284151,0.3664,"11","mitochondrial ribosomal protein L12"
"Rex1bd",-0.275329856821707,0.3928,"8","required for excision 1-B domain containing"
"Ube2j2",0.275325923273109,0.1396,"4","ubiquitin-conjugating enzyme E2J 2"
"Fosl2",0.27531322807517,0.1516,"5","fos-like antigen 2"
"1810037I17Rik",-0.275242893566448,0.3492,"3","RIKEN cDNA 1810037I17 gene"
"Mrps21",-0.275228601032079,0.428,"3","mitochondrial ribosomal protein S21"
"Atp5j2",-0.275165755895552,0.3896,"5","ATP synthase, H+ transporting, mitochondrial F0 complex, subunit F2"
"Gfpt1",0.274999409256781,0.0332,"6","glutamine fructose-6-phosphate transaminase 1"
"Tmem245",0.274963323093964,0.5156,"4","transmembrane protein 245"
"Atp6v0e",-0.274925424992114,0.1732,"17","ATPase, H+ transporting, lysosomal V0 subunit E"
"Wipf3",0.274904966202039,0.0264,"6","WAS/WASL interacting protein family, member 3"
"Ccdc186",0.274881521070702,0.1872,"19","coiled-coil domain containing 186"
"Klhl15",0.274788013030584,0.5116,"X","kelch-like 15"
"Zbtb20",0.274745584192166,0.5408,"16","zinc finger and BTB domain containing 20"
"Abca9",0.274742101275839,0.7824,"11","ATP-binding cassette, sub-family A (ABC1), member 9"
"Spock3",0.274648666339225,0.3016,"8","sparc/osteonectin, cwcv and kazal-like domains proteoglycan 3"
"A430005L14Rik",-0.274579002068474,0.3812,"4","RIKEN cDNA A430005L14 gene"
"Ylpm1",0.274393757563119,0.3076,"12","YLP motif containing 1"
"Tmem267",-0.274337550213304,0.4044,"13","transmembrane protein 267"
"Dgkh",0.27432958365109,0.3008,"14","diacylglycerol kinase, eta"
"Thbs4",0.274288515558315,0.36,"13","thrombospondin 4"
"Slc6a20a",0.274251293000889,0.7176,"9","solute carrier family 6 (neurotransmitter transporter), member 20A"
"Ccbe1",0.274214220191778,0.2244,"18","collagen and calcium binding EGF domains 1"
"Ctla2a",-0.274168456886728,0.2832,"13","cytotoxic T lymphocyte-associated protein 2 alpha"
"Lenep",-0.274137770240428,0.2364,"3","lens epithelial protein"
"Mical1",-0.274061233406248,0.1748,"10","microtubule associated monooxygenase, calponin and LIM domain containing 1"
"Ttc37",0.274058987130144,0.5052,"13","tetratricopeptide repeat domain 37"
"Ky",0.274027057499731,0.2376,"9","kyphoscoliosis peptidase"
"Vim",-0.273894914573996,0.2712,"2","vimentin"
"Kbtbd3",-0.27377876656322,0.088,"9","kelch repeat and BTB (POZ) domain containing 3"
"Bsn",0.273589607996595,0.3392,"9","bassoon"
"Amer1",0.273482496686423,0.1632,"X","APC membrane recruitment 1"
"Kdm7a",0.27343902982053,0.2432,"6","lysine (K)-specific demethylase 7A"
"Nrp2",0.273271275271211,0.2148,"1","neuropilin 2"
"Acot2",-0.273264049780247,0.11,"12","acyl-CoA thioesterase 2"
"Mbd3",-0.273242339749449,0.348,"10","methyl-CpG binding domain protein 3"
"Mdga2",0.273081020294799,0.226,"12","MAM domain containing glycosylphosphatidylinositol anchor 2"
"Fam228a",-0.273051024648184,0.5264,"12","family with sequence similarity 228, member A"
"Mrps24",-0.272980622437216,0.3152,"11","mitochondrial ribosomal protein S24"
"Pfdn1",-0.272825963130639,0.2704,"18","prefoldin 1"
"Rhbdf1",-0.272811487687309,0.1628,"11","rhomboid 5 homolog 1"
"Tmem179",-0.272712737698544,0.1208,"12","transmembrane protein 179"
"H2aj",-0.272583982101602,0.2972,"6","H2J.A histone"
"Ltk",-0.272542115484478,0.4148,"2","leukocyte tyrosine kinase"
"Klf3",0.272502164296685,0.3248,"5","Kruppel-like factor 3 (basic)"
"Uqcr10",-0.272452069496653,0.3488,"11","ubiquinol-cytochrome c reductase, complex III subunit X"
"Id1",-0.272358581054144,0.486,"2","inhibitor of DNA binding 1, HLH protein"
"Ap2s1",-0.272293998721306,0.3284,"7","adaptor-related protein complex 2, sigma 1 subunit"
"Flt3l",-0.272238008788491,0.3072,"7","FMS-like tyrosine kinase 3 ligand"
"Psd",-0.272210545346017,0.4284,"19","pleckstrin and Sec7 domain containing"
"S100a10",-0.272210116404085,0.4496,"3","S100 calcium binding protein A10 (calpactin)"
"Creld2",-0.272170067039335,0.3656,"15","cysteine-rich with EGF-like domains 2"
"Pdlim7",-0.2721500050171,0.234,"13","PDZ and LIM domain 7"
"Zc3h3",-0.27203761320508,0.2612,"15","zinc finger CCCH type containing 3"
"Polr2k",-0.272025310481906,0.146,"15","polymerase (RNA) II (DNA directed) polypeptide K"
"Ndufb9",-0.272001348005357,0.3312,"15","NADH:ubiquinone oxidoreductase subunit B9"
"Arap2",0.271937892367871,0.1264,"5","ArfGAP with RhoGAP domain, ankyrin repeat and PH domain 2"
"Arid2",0.271718918970598,0.044,"15","AT rich interactive domain 2 (ARID, RFX-like)"
"Dhx9",0.27171461798121,0.2968,"1","DEAH (Asp-Glu-Ala-His) box polypeptide 9"
"Zfp58",-0.271522959177227,0.3432,"13","zinc finger protein 58"
"Scd3",0.271513869087476,0.4244,"19","stearoyl-coenzyme A desaturase 3"
"Pcdhgb2",0.271360839561006,0.5212,"18","protocadherin gamma subfamily B, 2"
"Rps7",-0.271281034809851,0.3916,"12","ribosomal protein S7"
"Ddt",-0.271278851788888,0.308,"10","D-dopachrome tautomerase"
"Ppie",-0.271083809923737,0.118,"4","peptidylprolyl isomerase E (cyclophilin E)"
"Dapp1",-0.27102730279172,0.0508,"3","dual adaptor for phosphotyrosine and 3-phosphoinositides 1"
"Rasgrp4",-0.270918208665344,0.16,"7","RAS guanyl releasing protein 4"
"Haus6",0.270705053615131,0.0884,"4","HAUS augmin-like complex, subunit 6"
"Ercc1",-0.270672753903002,0.006,"7","excision repair cross-complementing rodent repair deficiency, complementation group 1"
"Rpl3",-0.270653351286969,0.3112,"15","ribosomal protein L3"
"Igsf21",-0.270320801185834,0.1072,"4","immunoglobulin superfamily, member 21"
"Rccd1",-0.270120094792157,0.3656,"7","RCC1 domain containing 1"
"Rps25",-0.270117487171716,0.3688,"9","ribosomal protein S25"
"Npff",-0.270101024327065,0.5508,"15","neuropeptide FF-amide peptide precursor"
"Ranbp17",-0.270056454449757,0.1752,"11","RAN binding protein 17"
"Pag1",0.269911927866516,0.1336,"3","phosphoprotein associated with glycosphingolipid microdomains 1"
"Gm15501",-0.269779112567283,0.516,"7","predicted pseudogene 15501"
"Pcdhga6",0.269709639469201,0.2144,"18","protocadherin gamma subfamily A, 6"
"Zfp14",-0.269613816459968,0.0876,"7","zinc finger protein 14"
"Slc25a47",-0.269590497391234,0.2056,"12","solute carrier family 25, member 47"
"Sox4",0.269479342120831,0.0776,"13","SRY (sex determining region Y)-box 4"
"Bin2",0.269454849211888,0.6768,"15","bridging integrator 2"
"Mif",-0.26926080060298,0.316,"10","macrophage migration inhibitory factor (glycosylation-inhibiting factor)"
"Btbd19",-0.269257193428501,0.1628,"4","BTB (POZ) domain containing 19"
"Rps12",-0.269252346119917,0.3612,"10","ribosomal protein S12"
"G0s2",-0.269230602140309,0.2408,"1","G0/G1 switch gene 2"
"Fuom",-0.269205724976266,0.2468,"7","fucose mutarotase"
"Nkain3",0.269172660058244,0.5736,"4","Na+/K+ transporting ATPase interacting 3"
"Lrch2",0.269146913942708,0.126,"X","leucine-rich repeats and calponin homology (CH) domain containing 2"
"Sertad4",0.26898942567315,0.0088,"1","SERTA domain containing 4"
"Pcolce",-0.268893090847119,0.6904,"5","procollagen C-endopeptidase enhancer protein"
"Ephx2",-0.268808422479652,0.1908,"14","epoxide hydrolase 2, cytoplasmic"
"Tmem229b",0.268682487298082,0,"12","transmembrane protein 229B"
"Elmo1",0.268665411665984,0.0632,"13","engulfment and cell motility 1"
"Fam20a",-0.268639582645312,0.2168,"11","FAM20A, golgi associated secretory pathway pseudokinase"
"Hcfc1",0.268612768261509,0.188,"X","host cell factor C1"
"Eif4ebp2",0.268498137904964,0.2528,"10","eukaryotic translation initiation factor 4E binding protein 2"
"Slc8a1",0.268403756426511,0.2564,"17","solute carrier family 8 (sodium/calcium exchanger), member 1"
"Rpl35a",-0.268357754794124,0.3756,"16","ribosomal protein L35A"
"Lrrtm2",0.268294910382354,0.3012,"18","leucine rich repeat transmembrane neuronal 2"
"Zc3hav1l",0.268206858110039,0.1664,"6","zinc finger CCCH-type, antiviral 1-like"
"Cdh8",0.268201703045911,0.114,"8","cadherin 8"
"Zfp39",0.2681222092246,0.01,"11","zinc finger protein 39"
"Snhg12",-0.268109997777993,0.2472,"4","small nucleolar RNA host gene 12"
"Camk2n2",-0.268058925019076,0.226,"16","calcium/calmodulin-dependent protein kinase II inhibitor 2"
"Gpc6",0.268020440228614,0.2664,"14","glypican 6"
"Chm",0.267892243614921,0.1996,"X","choroidermia (RAB escort protein 1)"
"Setd1b",0.267754785244894,0.2172,"5","SET domain containing 1B"
"Cops9",-0.267577703891379,0.1852,"1","COP9 signalosome subunit 9"
"Cpne7",-0.267379001632153,0.362,"8","copine VII"
"Marchf4",0.267250697664356,0.0976,"1","membrane associated ring-CH-type finger 4"
"Plppr4",0.267048702059007,0.0652,"3","phospholipid phosphatase related 4"
"Rrp9",-0.267019125089553,0,"9","ribosomal RNA processing 9, U3 small nucleolar RNA binding protein"
"Hook1",0.266856179613765,0.592,"4","hook microtubule tethering protein 1"
"Cfp",-0.266731922264556,0.4264,"X","complement factor properdin"
"Zc3h12b",0.266652121342267,0.4868,"X","zinc finger CCCH-type containing 12B"
"Col20a1",-0.266633081586252,0.3844,"2","collagen, type XX, alpha 1"
"Gan",0.266491790459044,0.5952,"8","giant axonal neuropathy"
"Ccnq",-0.266439832982576,0.3196,"11","cyclin Q"
"Klhl40",-0.266424066636845,0.2804,"9","kelch-like 40"
"Ranbp2",0.266410042187221,0.3732,"10","RAN binding protein 2"
"Eif3f",-0.266337049502532,0.2912,"7","eukaryotic translation initiation factor 3, subunit F"
"Armcx3",0.266291101581079,0.1792,"X","armadillo repeat containing, X-linked 3"
"Spidr",0.266277752795643,0.0952,"16","scaffolding protein involved in DNA repair"
"Pef1",-0.266245165616405,0.258,"4","penta-EF hand domain containing 1"
"Gemin7",-0.266141706092384,0.2824,"7","gem nuclear organelle associated protein 7"
"Gabrb1",0.266140890546406,0.0616,"5","gamma-aminobutyric acid (GABA) A receptor, subunit beta 1"
"Mfsd2a",0.265933227439764,0.1396,"4","major facilitator superfamily domain containing 2A"
"Npepl1",-0.265709060450327,0.0684,"2","aminopeptidase-like 1"
"Il33",-0.265622912362526,0.4344,"19","interleukin 33"
"Ap1s1",-0.265533841804976,0.3496,"5","adaptor protein complex AP-1, sigma 1"
"Hey2",0.265290119803432,0.3212,"10","hairy/enhancer-of-split related with YRPW motif 2"
"Timm9",-0.265224352863807,0.122,"12","translocase of inner mitochondrial membrane 9"
"Exosc3",0.265026767269969,0.1232,"4","exosome component 3"
"Bicd1",0.2650171407199,0.1796,"6","BICD cargo adaptor 1"
"Stard3nl",-0.264769189402597,0.1284,"13","STARD3 N-terminal like"
"Slc25a18",-0.264741495533534,0.3552,"6","solute carrier family 25 (mitochondrial carrier), member 18"
"Rasgef1b",0.26466396312298,0.1128,"5","RasGEF domain family, member 1B"
"Ccdc50",0.264505087068556,0.1976,"16","coiled-coil domain containing 50"
"Abca8a",-0.26444529775993,0.4352,"11","ATP-binding cassette, sub-family A (ABC1), member 8a"
"Pam16",-0.264439160366981,0.2976,"16","presequence translocase-asssociated motor 16"
"Capza1",0.264408508227255,0.1396,"3","capping actin protein of muscle Z-line subunit alpha 1"
"Racgap1",0.264326313664116,0.374,"15","Rac GTPase-activating protein 1"
"Pip5k1b",0.264107605243091,0.01,"19","phosphatidylinositol-4-phosphate 5-kinase, type 1 beta"
"Atf4",-0.264013263347512,0.366,"15","activating transcription factor 4"
"Entpd7",0.264012280931778,0.1756,"19","ectonucleoside triphosphate diphosphohydrolase 7"
"Pola2",0.263982474561041,0,"19","polymerase (DNA directed), alpha 2"
"Cpeb3",0.263953212414491,0.274,"19","cytoplasmic polyadenylation element binding protein 3"
"Topors",0.263830978303838,0.1012,"4","topoisomerase I binding, arginine/serine-rich"
"Cep128",0.263825895023742,0.1488,"12","centrosomal protein 128"
"Flt3",-0.263797487522116,0.3176,"5","FMS-like tyrosine kinase 3"
"Tnpo1",0.263680395594632,0.5016,"13","transportin 1"
"Spock1",0.263662129164088,0.0812,"13","sparc/osteonectin, cwcv and kazal-like domains proteoglycan 1"
"Sp4",0.263534443881418,0.124,"12","trans-acting transcription factor 4"
"Pcnx",0.263495853139372,0.1888,"12","pecanex homolog"
"Dmxl1",0.263484707125305,0.3152,"18","Dmx-like 1"
"Tmem121",-0.263453371867394,0.1848,"12","transmembrane protein 121"
"Snrpc",-0.26341879177526,0.266,"17","U1 small nuclear ribonucleoprotein C"
"Blvrb",-0.263247771642013,0.4548,"7","biliverdin reductase B (flavin reductase (NADPH))"
"Hr",0.263233893907728,0.3084,"14","lysine demethylase and nuclear receptor corepressor"
"Rhpn1",-0.263149338777787,0.1632,"15","rhophilin, Rho GTPase binding protein 1"
"Tssc4",-0.263106978244227,0.2332,"7","tumor-suppressing subchromosomal transferable fragment 4"
"Vcpip1",0.262882557346273,0.106,"1","valosin containing protein (p97)/p47 complex interacting protein 1"
"Elp5",-0.262861545372569,0.3276,"11","elongator acetyltransferase complex subunit 5"
"Fam78a",-0.262828029950703,0.1024,"2","family with sequence similarity 78, member A"
"Gpn2",-0.262702852959308,0.3204,"4","GPN-loop GTPase 2"
"Peg3",0.262676914832539,0.6608,"7","paternally expressed 3"
"Lcorl",0.262557369873123,0.3136,"5","ligand dependent nuclear receptor corepressor-like"
"Lcorl",0.262557369873123,0.3136,"5","ligand dependent nuclear receptor corepressor-like"
"Robo2",0.262477196281275,0.1772,"16","roundabout guidance receptor 2"
"Cd74",-0.262387678004251,0.7628,"18","CD74 antigen (invariant polypeptide of major histocompatibility complex, class II antigen-associated)"
"Rcan2",0.262385920814454,0.166,"17","regulator of calcineurin 2"
"Sec24a",0.262380710642226,0.1824,"11","Sec24 related gene family, member A (S. cerevisiae)"
"Rnf149",0.262366015966,0.1028,"1","ring finger protein 149"
"Crhbp",-0.262303473772088,0.434,"13","corticotropin releasing hormone binding protein"
"Slc25a39",-0.262252711958582,0.444,"11","solute carrier family 25, member 39"
"Pom121",0.262065132921086,0.3204,"5","nuclear pore membrane protein 121"
"Prox1",0.262058209986636,0.046,"1","prospero homeobox 1"
"Tob1",0.262037624560121,0,"11","transducer of ErbB-2.1"
"Trp53bp1",0.262020438993254,0.2132,"2","transformation related protein 53 binding protein 1"
"Ppat",0.262020317381052,0.1252,"5","phosphoribosyl pyrophosphate amidotransferase"
"Gm11696",-0.261945543847274,0.3084,"11","predicted gene 11696"
"Chchd1",-0.261918850721243,0.3012,"14","coiled-coil-helix-coiled-coil-helix domain containing 1"
"Slmap",0.261910154886198,0.0524,"14","sarcolemma associated protein"
"Trmt12",0.261848870450726,0.0772,"15","tRNA methyltransferase 12"
"Fance",-0.261825165160234,0.1032,"17","Fanconi anemia, complementation group E"
"Gm16861",-0.261822473320341,0.5744,"16","predicted gene, 16861"
"Dnm3",0.261537631528255,0.1656,"1","dynamin 3"
"Atp5mpl",-0.261325347971317,0.2084,"12","ATP synthase membrane subunit 6.8PL"
"Anapc13",-0.261264912637504,0.4448,"9","anaphase promoting complex subunit 13"
"H2-K1",-0.261249090583527,0.13,"17","histocompatibility 2, K1, K region"
"Uprt",0.261020489158501,0.0512,"X","uracil phosphoribosyltransferase"
"Gas5",-0.26080251288472,0.3976,"1","growth arrest specific 5"
"Amacr",-0.260787538973808,0.1236,"15","alpha-methylacyl-CoA racemase"
"Polr2l",-0.260646952735283,0.3312,"7","polymerase (RNA) II (DNA directed) polypeptide L"
"Neto1",0.260556612284072,0.1212,"18","neuropilin (NRP) and tolloid (TLL)-like 1"
"Fis1",-0.26050566372,0.398,"5","fission, mitochondrial 1"
"Fam118b",-0.260478032053346,0.176,"9","family with sequence similarity 118, member B"
"Heca",0.260451844847633,0.3436,"10","hdc homolog, cell cycle regulator"
"Nhlrc2",0.260307876019653,0.4476,"19","NHL repeat containing 2"
"Ube2f",-0.260227194816349,0.0392,"1","ubiquitin-conjugating enzyme E2F (putative)"
"Hscb",-0.260172803444043,0.2132,"5","HscB iron-sulfur cluster co-chaperone"
"Hps1",-0.260127358250478,0.3708,"19","HPS1, biogenesis of lysosomal organelles complex 3 subunit 1"
"Nt5c1a",0.260108933167172,0.6608,"4","5'-nucleotidase, cytosolic IA"
"Mrpl43",-0.260052470736545,0.292,"19","mitochondrial ribosomal protein L43"
"Celsr1",-0.259855713733442,0.0536,"15","cadherin, EGF LAG seven-pass G-type receptor 1"
"Gsg1l",-0.259715256500256,0.2688,"7","GSG1-like"
"Pcsk1",0.259714790881932,0.4688,"13","proprotein convertase subtilisin/kexin type 1"
"Gng13",-0.259562582785187,0.4844,"17","guanine nucleotide binding protein (G protein), gamma 13"
"Slc37a1",-0.259536607562674,0.1624,"17","solute carrier family 37 (glycerol-3-phosphate transporter), member 1"
"Ndufs3",-0.259508410130592,0.2348,"2","NADH:ubiquinone oxidoreductase core subunit S3"
"Arv1",-0.259380532578217,0.1332,"8","ARV1 homolog, fatty acid homeostasis modulator"
"Strn",0.259345790988257,0.108,"17","striatin, calmodulin binding protein"
"Iqub",-0.259341912877368,0.3936,"6","IQ motif and ubiquitin domain containing"
"Arl2",-0.259314653257825,0.3876,"19","ADP-ribosylation factor-like 2"
"Vps28",-0.259229526116728,0.272,"15","vacuolar protein sorting 28"
"Rfwd3",0.259204108066383,0.0532,"8","ring finger and WD repeat domain 3"
"Nipsnap3b",-0.259141319002678,0.0484,"4","nipsnap homolog 3B"
"Herc6",0.259034954419419,0.2144,"6","hect domain and RLD 6"
"Hspg2",-0.25901034981226,0.4128,"4","perlecan (heparan sulfate proteoglycan 2)"
"Mid1ip1",-0.258972017637479,0.1784,"X","Mid1 interacting protein 1 (gastrulation specific G12-like (zebrafish))"
"Snrpe",-0.258961549596647,0.3144,"1","small nuclear ribonucleoprotein E"
"Mdk",-0.258860878130905,0.4056,"2","midkine"
"Hypk",-0.258857485173134,0.3076,"2","huntingtin interacting protein K"
"Pmm2",-0.258709260278095,0.2144,"16","phosphomannomutase 2"
"Arl6ip4",-0.25867536833432,0.2932,"5","ADP-ribosylation factor-like 6 interacting protein 4"
"Gm15663",-0.258471353454415,0.142,"10","predicted gene 15663"
"Rbpms2",-0.258456236587417,0.2148,"9","RNA binding protein with multiple splicing 2"
"Castor2",0.258456140322205,0.0976,"5","cytosolic arginine sensor for mTORC1 subunit 2"
"Agtpbp1",0.258443795057824,0.0972,"13","ATP/GTP binding protein 1"
"Agtpbp1",0.258443795057824,0.0972,"13","ATP/GTP binding protein 1"
"Rbm38",-0.258426419743821,0.2652,"2","RNA binding motif protein 38"
"Mgat5",0.258423254936901,0.6112,"1","mannoside acetylglucosaminyltransferase 5"
"Mthfd1l",-0.258412006632656,0.1028,"10","methylenetetrahydrofolate dehydrogenase (NADP+ dependent) 1-like"
"Rpl31",-0.258355716143999,0.4752,"1","ribosomal protein L31"
"Cetn4",0.258310970961114,0.0344,"3","centrin 4"
"Klf4",-0.258300295819515,0.58,"4","Kruppel-like factor 4 (gut)"
"Wbp1",-0.258110390069192,0.2332,"6","WW domain binding protein 1"
"Cisd1",-0.257982545748916,0.1992,"10","CDGSH iron sulfur domain 1"
"Mettl27",-0.257978849557224,0.0744,"5","methyltransferase like 27"
"Slc52a2",-0.257933830694768,0.1148,"15","solute carrier protein 52, member 2"
"Zfp267",0.257916765356027,0.0692,"3","zinc finger protein 267"
"Eng",-0.257914646037123,0.2692,"2","endoglin"
"Rps6ka1",-0.257815353722664,0.13,"4","ribosomal protein S6 kinase polypeptide 1"
"Fam222a",0.257556022615541,0.1664,"5","family with sequence similarity 222, member A"
"Pclo",0.257522663443938,0.3184,"5","piccolo (presynaptic cytomatrix protein)"
"Taldo1",-0.257492696001481,0.336,"7","transaldolase 1"
"Pex16",-0.257254770407389,0.1432,"2","peroxisomal biogenesis factor 16"
"Sall3",0.256969614456934,0.24,"18","spalt like transcription factor 3"
"Trps1",0.256885575903301,0.1808,"15","transcriptional repressor GATA binding 1"
"Ucp2",-0.256746025560412,0.5392,"7","uncoupling protein 2 (mitochondrial, proton carrier)"
"Atf6",0.256734927012001,0.1536,"1","activating transcription factor 6"
"Cyth4",0.256721847060121,0.0832,"15","cytohesin 4"
"Pold1",-0.256698159013399,0.0256,"7","polymerase (DNA directed), delta 1, catalytic subunit"
"Myt1",0.256645923324871,0.1776,"2","myelin transcription factor 1"
"Zfp688",-0.256589665051096,0.3756,"7","zinc finger protein 688"
"Vps37a",0.256538535899565,0.2196,"8","vacuolar protein sorting 37A"
"Csrnp2",0.256381112283813,0.0536,"15","cysteine-serine-rich nuclear protein 2"
"Usf3",0.256378689247813,0.2884,"16","upstream transcription factor family member 3"
"Plcb1",0.256047271246734,0.0908,"2","phospholipase C, beta 1"
"Nudt3",-0.255934807942165,0.3532,"17","nudix (nucleotide diphosphate linked moiety X)-type motif 3"
"Gapdhs",-0.255932149285873,0.026,"7","glyceraldehyde-3-phosphate dehydrogenase, spermatogenic"
"Parm1",0.255819222122653,0.5916,"5","prostate androgen-regulated mucin-like protein 1"
"Pcdha12",-0.25573734070153,0.786,"18","protocadherin alpha 12"
"Zfp438",0.255461193490852,0.19,"18","zinc finger protein 438"
"Slc39a12",0.255460182499389,0.256,"2","solute carrier family 39 (zinc transporter), member 12"
"Acvrl1",-0.255453010121454,0.3588,"15","activin A receptor, type II-like 1"
"Bnip1",-0.255443386485722,0.274,"17","BCL2/adenovirus E1B interacting protein 1"
"Grm5",0.255420227673023,0.0844,"7","glutamate receptor, metabotropic 5"
"Myt1l",0.25536629319169,0.2452,"12","myelin transcription factor 1-like"
"Aamdc",-0.255285869679457,0.2088,"7","adipogenesis associated Mth938 domain containing"
"Ralgapa1",0.255080756886825,0.2912,"12","Ral GTPase activating protein, alpha subunit 1"
"Mpst",-0.255013377581689,0.3552,"15","mercaptopyruvate sulfurtransferase"
"Camsap2",0.254951077899004,0.1104,"1","calmodulin regulated spectrin-associated protein family, member 2"
"Dhrs7b",-0.254934153302559,0.3252,"11","dehydrogenase/reductase (SDR family) member 7B"
"Erc2",0.254764479515734,0.082,"14","ELKS/RAB6-interacting/CAST family member 2"
"Grin2b",0.254751871379002,0.414,"6","glutamate receptor, ionotropic, NMDA2B (epsilon 2)"
"Oxr1",0.254689978316858,0.3144,"15","oxidation resistance 1"
"Dus2",-0.254406746146681,0.028,"8","dihydrouridine synthase 2"
"H1f2",-0.254201368037617,0.168,"13","H1.2 linker histone, cluster member"
"Pcdhgc4",0.254124375870717,0.6516,"18","protocadherin gamma subfamily C, 4"
"2310009B15Rik",-0.254098703380069,0.3192,"1","RIKEN cDNA 2310009B15 gene"
"Stk32b",0.254094163539247,0.2176,"5","serine/threonine kinase 32B"
"Tmem132d",0.254085242672437,0.7184,"5","transmembrane protein 132D"
"Taf10",-0.253768553101651,0.3408,"7","TATA-box binding protein associated factor 10"
"Shmt2",-0.253529761453372,0.0504,"10","serine hydroxymethyltransferase 2 (mitochondrial)"
"Wdfy3",0.253502493957875,0.2312,"5","WD repeat and FYVE domain containing 3"
"Man2c1",-0.25350024270597,0.2416,"9","mannosidase, alpha, class 2C, member 1"
"Bod1l",0.253414649822533,0.2748,"5","biorientation of chromosomes in cell division 1-like"
"Zfyve21",-0.253146251689116,0.3568,"12","zinc finger, FYVE domain containing 21"
"Adcy1",0.253144393480154,0.0412,"11","adenylate cyclase 1"
"Sfi1",-0.25311945019084,0.4372,"11","Sfi1 homolog, spindle assembly associated (yeast)"
"Kcnd3",0.252950954604188,0.1016,"3","potassium voltage-gated channel, Shal-related family, member 3"
"Dpcd",-0.252857816716899,0.2284,"19","deleted in primary ciliary dyskinesia"
"Minar2",-0.252813235528869,0.1236,"18","membrane integral NOTCH2 associated receptor 2"
"Spaca6",-0.252808791765829,0.3708,"17","sperm acrosome associated 6"
"Borcs8",-0.252747066161842,0.094,"8","BLOC-1 related complex subunit 8"
"Homez",0.252692554266285,0.2808,"14","homeodomain leucine zipper-encoding gene"
"Ndufa13",-0.252678166714357,0.3352,"8","NADH:ubiquinone oxidoreductase subunit A13"
"Slc4a5",0.252656801593666,0.966,"6","solute carrier family 4, sodium bicarbonate cotransporter, member 5"
"Cox6a1",-0.252642415141652,0.4796,"5","cytochrome c oxidase subunit 6A1"
"Zeb2",0.25243849706205,0.1216,"2","zinc finger E-box binding homeobox 2"
"Rngtt",0.25241180344469,0.0272,"4","RNA guanylyltransferase and 5'-phosphatase"
"Mien1",-0.252402027002235,0.3244,"11","migration and invasion enhancer 1"
"Atxn1l",0.252388113589067,0.2488,"8","ataxin 1-like"
"Cep85l",0.252352178812241,0.2832,"10","centrosomal protein 85-like"
"Pcdhgb1",0.252316087918241,0.546,"18","protocadherin gamma subfamily B, 1"
"Lpgat1",0.252251601388718,0.1112,"1","lysophosphatidylglycerol acyltransferase 1"
"Ago2",0.25212695146849,0.5508,"15","argonaute RISC catalytic subunit 2"
"Ccdc13",-0.252086761029742,0.3264,"9","coiled-coil domain containing 13"
"Rwdd2a",-0.25208555319861,0.0764,"9","RWD domain containing 2A"
"Ifrd2",-0.25199152527048,0.0992,"9","interferon-related developmental regulator 2"
"Klhl33",-0.251895916468277,0.2392,"14","kelch-like 33"
"Sox11",0.251670192883321,0.1616,"12","SRY (sex determining region Y)-box 11"
"Fah",-0.251578697029053,0.0896,"7","fumarylacetoacetate hydrolase"
"Copz2",-0.251467368381828,0.4432,"11","coatomer protein complex, subunit zeta 2"
"Rlbp1",-0.251416102538568,0.344,"7","retinaldehyde binding protein 1"
"Hecw2",0.251401660375121,0.2708,"1","HECT, C2 and WW domain containing E3 ubiquitin protein ligase 2"
"Gap43",-0.251388612512103,0.1336,"16","growth associated protein 43"
"Rps21",-0.251356020696778,0.4568,"2","ribosomal protein S21"
"Dhodh",-0.251247885613444,0.13,"8","dihydroorotate dehydrogenase"
"Zfp747",0.251196383715902,0.2208,"7","zinc finger protein 747"
"Romo1",-0.251154526694812,0.42,"2","reactive oxygen species modulator 1"
"Plekhd1",0.251124396684726,0.4624,"12","pleckstrin homology domain containing, family D (with coiled-coil domains) member 1"
"Tnni1",-0.251005085911609,0.6068,"1","troponin I, skeletal, slow 1"
"Sik2",0.250979489592883,0.5996,"9","salt inducible kinase 2"
"Lonrf3",0.250824766425763,0.064,"X","LON peptidase N-terminal domain and ring finger 3"
"Gm36742",-0.250750358506768,0.496,"16","predicted gene, 36742"
"Rps13",-0.250671089613086,0.3364,"7","ribosomal protein S13"
"Zfp839",0.250657409997064,0.232,"12","zinc finger protein 839"
"Rpp40",0.250610422947853,0.076,"13","ribonuclease P 40 subunit"
"Prkci",0.250494528230852,0.1112,"3","protein kinase C, iota"
"Zc2hc1a",0.25048949040347,0.0292,"3","zinc finger, C2HC-type containing 1A"
"Mt1",0.250449443460051,0.442,"8","metallothionein 1"
"Snta1",-0.250371837366219,0.2724,"2","syntrophin, acidic 1"
"Mboat1",-0.250227175591304,0.5292,"13","membrane bound O-acyltransferase domain containing 1"
"Arhgap18",0.25012037860202,0.292,"10","Rho GTPase activating protein 18"
"Krt9",-0.249988099235952,0.188,"11","keratin 9"
"Plxnc1",0.249910660659946,0.0912,"10","plexin C1"
"Atg16l2",-0.249696860260996,0.0628,"7","autophagy related 16-like 2 (S. cerevisiae)"
"Tnks",0.249690968535939,0.5416,"8","tankyrase, TRF1-interacting ankyrin-related ADP-ribose polymerase"
"Acvr2a",0.249376125715326,0.1316,"2","activin receptor IIA"
"Clasrp",-0.249324169125254,0.2332,"7","CLK4-associating serine/arginine rich protein"
"Mrpl40",-0.249225753174732,0.1452,"16","mitochondrial ribosomal protein L40"
"Gpr158",0.249165275920115,0.08,"2","G protein-coupled receptor 158"
"Hemk1",-0.249145473307683,0.284,"9","HemK methyltransferase family member 1"
"Gtf3c3",0.249137560243116,0.2328,"1","general transcription factor IIIC, polypeptide 3"
"Lair1",0.249124573112239,0.6464,"7","leukocyte-associated Ig-like receptor 1"
"Snx32",-0.249060501954498,0.1348,"19","sorting nexin 32"
"Kiss1r",-0.248754237309378,0.1496,"10","KISS1 receptor"
"Sema4c",0.248636108268739,0.3084,"1","sema domain, immunoglobulin domain (Ig), transmembrane domain (TM) and short cytoplasmic domain, (semaphorin) 4C"
"Tsen54",-0.248485061865732,0.316,"11","tRNA splicing endonuclease subunit 54"
"Rnf25",-0.248468682789297,0.1064,"1","ring finger protein 25"
"Fndc1",0.248354638092811,0.6176,"17","fibronectin type III domain containing 1"
"Mga",0.248235365513266,0.4076,"2","MAX gene associated"
"P4htm",-0.247897353590777,0.1876,"9","prolyl 4-hydroxylase, transmembrane (endoplasmic reticulum)"
"Bex1",-0.247888089081872,0.3988,"X","brain expressed X-linked 1"
"Rbm25",0.247841670363094,0.1888,"12","RNA binding motif protein 25"
"Chchd5",-0.247837286149022,0.3432,"2","coiled-coil-helix-coiled-coil-helix domain containing 5"
"Stc2",0.247806865552095,0.3628,"11","stanniocalcin 2"
"Soga1",0.247763048016063,0.2424,"2","suppressor of glucose, autophagy associated 1"
"Tmem132b",0.247696565663022,0.1348,"5","transmembrane protein 132B"
"Pcdhga7",0.247615814165508,0.416,"18","protocadherin gamma subfamily A, 7"
"Map3k1",0.247345340730502,0.3396,"13","mitogen-activated protein kinase kinase kinase 1"
"Mrpl4",-0.247320487641686,0.442,"9","mitochondrial ribosomal protein L4"
"Hectd1",0.247116650305866,0.2536,"12","HECT domain E3 ubiquitin protein ligase 1"
"Svil",0.247073274750664,0.4212,"18","supervillin"
"Map2k3",-0.246988225369612,0.0488,"11","mitogen-activated protein kinase kinase 3"
"Herc3",0.246913037880374,0.2084,"6","hect domain and RLD 3"
"Cyp4f13",-0.246871531640155,0.2672,"17","cytochrome P450, family 4, subfamily f, polypeptide 13"
"Pde12",0.246811512377815,0.1496,"14","phosphodiesterase 12"
"Rp2",0.246647469326564,0.0844,"X","retinitis pigmentosa 2 homolog"
"Itgav",0.246551436478635,0.12,"2","integrin alpha V"
"Cfh",0.246482338987147,0.9068,"1","complement component factor h"
"Pcp4l1",-0.24644571969509,0.4204,"1","Purkinje cell protein 4-like 1"
"Prss23",0.24643753563493,0.31,"7","protease, serine 23"
"Eno3",-0.24643293557482,0.2808,"11","enolase 3, beta muscle"
"Zbtb39",0.246375669463793,0,"10","zinc finger and BTB domain containing 39"
"Clmn",0.246295813936809,0.2712,"12","calmin"
"Crlf2",-0.246251112204583,0.2836,"5","cytokine receptor-like factor 2"
"Dnajb14",0.246220148440119,0.5892,"3","DnaJ heat shock protein family (Hsp40) member B14"
"Rps23",-0.246203371262916,0.3736,"13","ribosomal protein S23"
"Ndufb8",-0.246199043152769,0.2704,"19","NADH:ubiquinone oxidoreductase subunit B8"
"St8sia5",-0.246197794761056,0.0812,"18","ST8 alpha-N-acetyl-neuraminide alpha-2,8-sialyltransferase 5"
"Wtip",-0.24606442931245,0.2032,"7","WT1 interacting protein"
"Gm266",-0.246029712553554,0.2708,"12","predicted gene 266"
"Cox5b",-0.245901596596434,0.4128,"1","cytochrome c oxidase subunit 5B"
"Hadh",-0.245867576036855,0.3336,"3","hydroxyacyl-Coenzyme A dehydrogenase"
"Pura",0.245767102953191,0.182,"18","purine rich element binding protein A"
"Adck5",-0.245713341263168,0.1128,"15","aarF domain containing kinase 5"
"Slc39a10",0.245642394115328,0.21,"1","solute carrier family 39 (zinc transporter), member 10"
"Polr2h",-0.245546775764575,0.2708,"16","polymerase (RNA) II (DNA directed) polypeptide H"
"Pacc1",0.245496876290201,0.1596,"1","proton activated chloride channel 1"
"Arl4d",-0.245411506381037,0.544,"11","ADP-ribosylation factor-like 4D"
"Slc9a4",0.24532412808024,0.1612,"1","solute carrier family 9 (sodium/hydrogen exchanger), member 4"
"Nxph3",-0.245256571467324,0.7504,"11","neurexophilin 3"
"2610035D17Rik",-0.245173077544258,0.2688,"11","RIKEN cDNA 2610035D17 gene"
"2610035D17Rik",-0.245173077544258,0.2688,"11","RIKEN cDNA 2610035D17 gene"
"Pofut1",-0.245138381310486,0.028,"2","protein O-fucosyltransferase 1"
"Rgs7bp",0.245052766651259,0.1116,"13","regulator of G-protein signalling 7 binding protein"
"Caln1",0.244987605231388,0.4104,"5","calneuron 1"
"Gstm5",-0.244979242006877,0.3492,"3","glutathione S-transferase, mu 5"
"Helb",0.244917815613035,0.4236,"10","helicase (DNA) B"
"Aloxe3",-0.244891915108585,0.1896,"11","arachidonate lipoxygenase 3"
"Aff1",0.244786055630258,0.4,"5","AF4/FMR2 family, member 1"
"Lrrc23",-0.244682955376258,0.6532,"6","leucine rich repeat containing 23"
"Cand2",0.244656466228574,0.244,"6","cullin-associated and neddylation-dissociated 2 (putative)"
"Pigyl",-0.244448916922004,0.236,"9","phosphatidylinositol glycan anchor biosynthesis, class Y-like"
"Ddit4",-0.244366834650654,0.52,"10","DNA-damage-inducible transcript 4"
"Ccdc73",0.244316169794396,0.398,"2","coiled-coil domain containing 73"
"Ecm1",-0.244261634639789,0.4032,"3","extracellular matrix protein 1"
"Rcsd1",-0.244227656674961,0.486,"1","RCSD domain containing 1"
"Mob2",-0.24419532065209,0.1976,"7","MOB kinase activator 2"
"Kcnk13",-0.244098727518788,0.4456,"12","potassium channel, subfamily K, member 13"
"Cog5",0.244085973590709,0.464,"12","component of oligomeric golgi complex 5"
"Ndn",-0.244033584777354,0.4168,"7","necdin, MAGE family member"
"Armh3",0.243758842379573,0.0172,"19","armadillo-like helical domain containing 3"
"Zfp715",0.243756417183253,0.2656,"7","zinc finger protein 715"
"Zfp983",-0.243660458692414,0.1424,"17","zinc finger protein 983"
"Rps6kb2",-0.243632534742993,0.328,"19","ribosomal protein S6 kinase, polypeptide 2"
"Ehbp1l1",-0.243592434200601,0.0184,"19","EH domain binding protein 1-like 1"
"Gm5617",-0.243575942042481,0.5592,"9","predicted gene 5617"
"Helz",0.243411981226108,0.2836,"11","helicase with zinc finger domain"
"Onecut2",0.243350800079683,0.4872,"18","one cut domain, family member 2"
"Hint2",-0.243275846798877,0.3632,"4","histidine triad nucleotide binding protein 2"
"Gnpnat1",0.243232866492177,0.0484,"14","glucosamine-phosphate N-acetyltransferase 1"
"Slc16a7",0.243021862433012,0.1392,"10","solute carrier family 16 (monocarboxylic acid transporters), member 7"
"Tnik",0.243008456647319,0.5044,"3","TRAF2 and NCK interacting kinase"
"Ndufb11",-0.243000071547772,0.2596,"X","NADH:ubiquinone oxidoreductase subunit B11"
"Ppp3cb",0.242961364189606,0.1068,"14","protein phosphatase 3, catalytic subunit, beta isoform"
"Ano10",-0.242875610938009,0.0516,"9","anoctamin 10"
"B3gntl1",-0.242859632954606,0.2484,"11","UDP-GlcNAc:betaGal beta-1,3-N-acetylglucosaminyltransferase-like 1"
"Nop53",-0.242770925438146,0.2632,"7","NOP53 ribosome biogenesis factor"
"Zfx",0.242734135315976,0.0376,"X","zinc finger protein X-linked"
"Usp13",0.242686110151369,0.4076,"3","ubiquitin specific peptidase 13 (isopeptidase T-3)"
"Rpain",-0.242592916339112,0.2676,"11","RPA interacting protein"
"Rabac1",-0.242554950451971,0.3012,"7","Rab acceptor 1 (prenylated)"
"Rictor",0.242367280970115,0.356,"15","RPTOR independent companion of MTOR, complex 2"
"Ybx2",-0.242208876442295,0.5236,"11","Y box protein 2"
"Pmf1",-0.242131284892334,0.4024,"3","polyamine-modulated factor 1"
"Atp2c1",0.242128815588138,0.1124,"9","ATPase, Ca++-sequestering"
"Akap6",0.242074812443611,0.2488,"12","A kinase (PRKA) anchor protein 6"
"Ccdc47",0.242044013453716,0.104,"11","coiled-coil domain containing 47"
"Ccdc88b",0.241937576367977,0.4476,"19","coiled-coil domain containing 88B"
"Mrpl54",-0.241930711865573,0.4024,"10","mitochondrial ribosomal protein L54"
"Pygo1",0.241884071820469,0.0408,"9","pygopus 1"
"Tie1",-0.241844064867565,0.602,"4","tyrosine kinase with immunoglobulin-like and EGF-like domains 1"
"Tesc",-0.241771841965466,0.3664,"5","tescalcin"
"Vamp8",-0.241737214296962,0.55,"6","vesicle-associated membrane protein 8"
"Tinagl1",-0.241721470058848,0.38,"4","tubulointerstitial nephritis antigen-like 1"
"Txn1",-0.241694145203619,0.27,"4","thioredoxin 1"
"Ube2g1",0.241640036220365,0.0172,"11","ubiquitin-conjugating enzyme E2G 1"
"Stra6",-0.241635937080201,0.2748,"9","stimulated by retinoic acid gene 6"
"Carmil3",-0.241610387884984,0.3492,"14","capping protein regulator and myosin 1 linker 3"
"Appbp2",0.241581240742566,0.442,"11","amyloid beta precursor protein (cytoplasmic tail) binding protein 2"
"A230057D06Rik",-0.241543880663904,0.6704,"7","RIKEN cDNA A230057D06 gene"
"Pcm1",0.241499645619552,0.1104,"8","pericentriolar material 1"
"Yif1b",-0.241420791743186,0.3328,"7","Yip1 interacting factor homolog B (S. cerevisiae)"
"Maf",0.241111031683218,0.45,"8","avian musculoaponeurotic fibrosarcoma oncogene homolog"
"Ankrd17",0.241002303186018,0.2388,"5","ankyrin repeat domain 17"
"Zfp707",-0.240934814808318,0.1748,"15","zinc finger protein 707"
"Galnt7",0.240865007051998,0.336,"8","polypeptide N-acetylgalactosaminyltransferase 7"
"G3bp2",0.240654628380788,0.2416,"5","GTPase activating protein (SH3 domain) binding protein 2"
"Hyal1",0.240575657099066,0.236,"9","hyaluronoglucosaminidase 1"
"Rad18",0.240524123831094,0.4324,"6","RAD18 E3 ubiquitin protein ligase"
"Ndc1",0.240516920531352,0.4708,"4","NDC1 transmembrane nucleoporin"
"Klf7",0.240497068170097,0.698,"1","Kruppel-like factor 7 (ubiquitous)"
"Dph2",-0.240378479804605,0.012,"4","DPH2 homolog"
"Mrpl36",-0.240137451375698,0.3432,"13","mitochondrial ribosomal protein L36"
"Marcks",0.240131935515368,0,"10","myristoylated alanine rich protein kinase C substrate"
"Dhrs3",-0.239998150662313,0.3244,"4","dehydrogenase/reductase (SDR family) member 3"
"Ash1l",0.239996146043496,0.232,"3","ASH1 like histone lysine methyltransferase"
"Stard5",0.23999004189237,0.0172,"7","StAR-related lipid transfer (START) domain containing 5"
"Igf2bp3",0.23983155735094,0.2764,"6","insulin-like growth factor 2 mRNA binding protein 3"
"Zfp11",0.2398166580346,0.2588,"5","zinc finger protein 11"
"Clock",0.239763912674264,0.1824,"5","circadian locomotor output cycles kaput"
"Zbtb48",-0.239584763483521,0.22,"4","zinc finger and BTB domain containing 48"
"Npy",-0.239562551127802,0.4204,"6","neuropeptide Y"
"Mycbpap",-0.239486142615697,0.7,"11","MYCBP associated protein"
"Cpxm1",-0.239364573566924,0.2724,"2","carboxypeptidase X 1 (M14 family)"
"Slitrk4",0.239336619497325,0.4444,"X","SLIT and NTRK-like family, member 4"
"Stk32a",0.239168924500603,0.5596,"18","serine/threonine kinase 32A"
"Mrpl23",-0.238974229033983,0.46,"7","mitochondrial ribosomal protein L23"
"Tmem150a",-0.238927815481822,0.2436,"6","transmembrane protein 150A"
"Naa10",-0.238924834925475,0.284,"X","N(alpha)-acetyltransferase 10, NatA catalytic subunit"
"Fuca1",-0.238914791716194,0.2508,"4","fucosidase, alpha-L- 1, tissue"
"Gon7",-0.238805094563017,0.6332,"12","GON7 subunit of KEOPS complex"
"Tmem176b",-0.238765445865855,0.3432,"6","transmembrane protein 176B"
"Churc1",-0.238723008353524,0.3068,"12","churchill domain containing 1"
"Avpi1",-0.238639102188022,0.3444,"19","arginine vasopressin-induced 1"
"Akap9",0.238621988541645,0.4284,"5","A kinase (PRKA) anchor protein (yotiao) 9"
"Nupl2",-0.238600655075368,0.0232,"5","nucleoporin like 2"
"Cib1",-0.238550547347239,0.4888,"7","calcium and integrin binding 1 (calmyrin)"
"Eif4ebp1",-0.238475811779636,0.5508,"8","eukaryotic translation initiation factor 4E binding protein 1"
"Trim36",0.23845291685801,0.1568,"18","tripartite motif-containing 36"
"Ccdc34",-0.238375142624156,0.4024,"2","coiled-coil domain containing 34"
"Mlh1",-0.238333976587185,0.226,"9","mutL homolog 1"
"Rpl29",-0.238317011770834,0.4584,"9","ribosomal protein L29"
"Abhd18",0.238294674483801,0.42,"3","abhydrolase domain containing 18"
"Nav3",0.238270235725256,0.2716,"10","neuron navigator 3"
"Pkdcc",-0.238262680160097,0.0912,"17","protein kinase domain containing, cytoplasmic"
"Igfbp2",-0.238040585639855,0.6884,"1","insulin-like growth factor binding protein 2"
"Mrpl58",-0.23800180799394,0.3076,"11","mitochondrial ribosomal protein L58"
"Abca1",0.237935198570066,0.1456,"4","ATP-binding cassette, sub-family A (ABC1), member 1"
"Gm1673",-0.237886610654697,0.36,"5","predicted gene 1673"
"Phf20",0.237814176166422,0.246,"2","PHD finger protein 20"
"Rasa2",0.237659636843252,0.144,"9","RAS p21 protein activator 2"
"Gatd1",-0.23743909796046,0.1996,"7","glutamine amidotransferase like class 1 domain containing 1"
"Ecrg4",-0.237364937155671,0.9104,"1","ECRG4 augurin precursor"
"Slc35g2",0.237223542197055,0.3136,"9","solute carrier family 35, member G2"
"Cep57",0.237028847562198,0.4528,"9","centrosomal protein 57"
"Gjb2",0.237017516071308,0.5272,"14","gap junction protein, beta 2"
"Leng9",-0.23701447262599,0.3356,"7","leukocyte receptor cluster (LRC) member 9"
"Noxo1",-0.236957934489258,0.0724,"17","NADPH oxidase organizer 1"
"Atp5j",-0.236910985110689,0.2964,"16","ATP synthase, H+ transporting, mitochondrial F0 complex, subunit F"
"Gstm1",-0.236864696482799,0.5616,"3","glutathione S-transferase, mu 1"
"Ptpro",0.236789239359381,0.0696,"6","protein tyrosine phosphatase, receptor type, O"
"Taf4b",0.236751596237472,0.1232,"18","TATA-box binding protein associated factor 4b"
"Oser1",0.236742428763824,0.2248,"2","oxidative stress responsive serine rich 1"
"Mgst1",-0.236739876243113,0.5704,"6","microsomal glutathione S-transferase 1"
"Bdp1",0.236699743966934,0.3388,"13","B double prime 1, subunit of RNA polymerase III transcription initiation factor IIIB"
"Gcc2",0.236678778424392,0.5664,"10","GRIP and coiled-coil domain containing 2"
"Gabrd",-0.236558940306206,0.2964,"4","gamma-aminobutyric acid (GABA) A receptor, subunit delta"
"Il12rb2",0.236545892687199,0.1896,"6","interleukin 12 receptor, beta 2"
"4931414P19Rik",0.236504686587443,0.5224,"14","RIKEN cDNA 4931414P19 gene"
"Prr18",-0.236413920942335,0.6216,"17","proline rich 18"
"Wac",0.236402591249397,0.0292,"18","WW domain containing adaptor with coiled-coil"
"Pcdhgc3",0.23639696362752,0.2388,"18","protocadherin gamma subfamily C, 3"
"Vcan",0.236343482593341,0.4232,"13","versican"
"Lima1",0.236310722582124,0.166,"15","LIM domain and actin binding 1"
"Dpm3",-0.236239420208045,0.5168,"3","dolichyl-phosphate mannosyltransferase polypeptide 3"
"Kcnh1",0.236204270369737,0.188,"1","potassium voltage-gated channel, subfamily H (eag-related), member 1"
"Larp1b",0.236173945467282,0.1628,"3","La ribonucleoprotein 1B"
"Apbb2",0.23600473308158,0.0728,"5","amyloid beta (A4) precursor protein-binding, family B, member 2"
"Plekhf1",-0.235996417619323,0.7196,"7","pleckstrin homology domain containing, family F (with FYVE domain) member 1"
"Iigp1",0.235951554120017,0.2876,"18","interferon inducible GTPase 1"
"Slc25a11",-0.235944538090503,0.0612,"11","solute carrier family 25 (mitochondrial carrier oxoglutarate carrier), member 11"
"Cdc25b",-0.235870461599814,0.4208,"2","cell division cycle 25B"
"Itpr1",0.23586083061789,0.2832,"6","inositol 1,4,5-trisphosphate receptor 1"
"Zfp395",0.235778153222416,0.0408,"14","zinc finger protein 395"
"Zbtb6",0.235687133921346,0.0688,"2","zinc finger and BTB domain containing 6"
"Rassf1",-0.235629396923413,0.148,"9","Ras association (RalGDS/AF-6) domain family member 1"
"Klf2",-0.235592711185494,0.424,"8","Kruppel-like factor 2 (lung)"
"Mtmr14",-0.235538008982583,0.1056,"6","myotubularin related protein 14"
"Kcna1",0.235453330888016,0.1856,"6","potassium voltage-gated channel, shaker-related subfamily, member 1"
"Plch1",0.235393491374417,0.3144,"3","phospholipase C, eta 1"
"Gdap1",0.235363113685407,0.2736,"1","ganglioside-induced differentiation-associated-protein 1"
"Mrtfb",0.235236784268315,0.0612,"16","myocardin related transcription factor B"
"Slc38a3",-0.235169322651791,0.2584,"9","solute carrier family 38, member 3"
"Ninl",-0.235168052292377,0.2748,"2","ninein-like"
"Cd93",-0.235163637084765,0.4796,"2","CD93 antigen"
"Shisa2",0.235143438554603,0.1016,"14","shisa family member 2"
"Tle4",0.235036804299176,0,"19","transducin-like enhancer of split 4"
"Nxt1",-0.234959039828756,0.1012,"2","NTF2-related export protein 1"
"Tmem81",-0.23495805985371,0.1748,"1","transmembrane protein 81"
"Dnajb2",-0.234918390976286,0.398,"1","DnaJ heat shock protein family (Hsp40) member B2"
"Vma21",0.234849248545476,0.0232,"X","VMA21 vacuolar H+-ATPase homolog (S. cerevisiae)"
"Btbd7",0.234838382960071,0.5732,"12","BTB (POZ) domain containing 7"
"Foxo3",0.234802839481493,0.4156,"10","forkhead box O3"
"Nnt",0.234783253357888,0.3044,"13","nicotinamide nucleotide transhydrogenase"
"Itgb4",-0.234598237821181,0.5476,"11","integrin beta 4"
"Syt10",0.23443250240306,0.8044,"15","synaptotagmin X"
"Zfp618",0.234428331094343,0.2276,"4","zinc finger protein 618"
"Lrrc14b",0.23441504867652,0.5568,"13","leucine rich repeat containing 14B"
"Crispld1",0.234329922478177,0.5228,"1","cysteine-rich secretory protein LCCL domain containing 1"
"Map1lc3a",-0.234265468303781,0.2516,"2","microtubule-associated protein 1 light chain 3 alpha"
"C1qtnf4",-0.234232275438663,0.3464,"2","C1q and tumor necrosis factor related protein 4"
"C1ql2",-0.234209231009866,0.4472,"1","complement component 1, q subcomponent-like 2"
"Atn1",0.234148049257824,0.0424,"6","atrophin 1"
"Chl1",0.234115598417186,0.3356,"6","cell adhesion molecule L1-like"
"D430041D05Rik",0.234064356066017,0.2428,"2","RIKEN cDNA D430041D05 gene"
"Hltf",0.234033115645905,0.2404,"3","helicase-like transcription factor"
"Gm15446",-0.234008760235068,0.5908,"5","predicted gene 15446"
"Mrs2",0.233971321326182,0.396,"13","MRS2 magnesium transporter"
"Angptl6",-0.233931427653185,0.2964,"9","angiopoietin-like 6"
"Usp8",0.233925545038923,0.078,"2","ubiquitin specific peptidase 8"
"Kcns1",-0.233789164233256,0.1892,"2","K+ voltage-gated channel, subfamily S, 1"
"Hmgcl",-0.233683808001141,0.1016,"4","3-hydroxy-3-methylglutaryl-Coenzyme A lyase"
"Sgsh",-0.233676401591784,0.248,"11","N-sulfoglucosamine sulfohydrolase (sulfamidase)"
"Mrpl10",-0.233586286809799,0.1896,"11","mitochondrial ribosomal protein L10"
"Zfp59",0.23351771656709,0.092,"7","zinc finger protein 59"
"Zfp770",0.233481798131226,0.1808,"2","zinc finger protein 770"
"Gmppa",-0.233447631978373,0.084,"1","GDP-mannose pyrophosphorylase A"
"Gsk3b",0.233417081654581,0.0272,"16","glycogen synthase kinase 3 beta"
"Sema5a",0.233381383495143,0.1064,"15","sema domain, seven thrombospondin repeats (type 1 and type 1-like), transmembrane domain (TM) and short cytoplasmic domain, (semaphorin) 5A"
"Ptov1",-0.233379454074456,0.2584,"7","prostate tumor over expressed gene 1"
"Vstm2a",0.233186781421739,0.3176,"11","V-set and transmembrane domain containing 2A"
"Pacrg",-0.233157774799737,0.3396,"17","PARK2 co-regulated"
"Elovl1",-0.232997737612883,0.474,"4","elongation of very long chain fatty acids (FEN1/Elo2, SUR4/Elo3, yeast)-like 1"
"Ncoa7",0.232997693729751,0.1916,"10","nuclear receptor coactivator 7"
"Nt5c3",-0.232990912563217,0.186,"6","5'-nucleotidase, cytosolic III"
"Tmed9",-0.232929194099424,0.1936,"13","transmembrane p24 trafficking protein 9"
"Nrip1",0.232872834717254,0.2024,"16","nuclear receptor interacting protein 1"
"Cobl",-0.23283951801784,0.444,"11","cordon-bleu WH2 repeat"
"Gk",0.232803054131867,0.1076,"X","glycerol kinase"
"Otub1",-0.232706864429598,0.3188,"19","OTU domain, ubiquitin aldehyde binding 1"
"Rif1",0.232674779112179,0.3648,"2","replication timing regulatory factor 1"
"Cblb",0.232577984721202,0.048,"16","Casitas B-lineage lymphoma b"
"Ruvbl2",-0.2325536557293,0.246,"7","RuvB-like protein 2"
"Frmd8",-0.232503460692342,0.3796,"19","FERM domain containing 8"
"Mrps23",-0.232487125528587,0.0592,"11","mitochondrial ribosomal protein S23"
"Psd3",0.232358069164174,0.068,"8","pleckstrin and Sec7 domain containing 3"
"Prss53",-0.232295053686639,0.3476,"7","protease, serine 53"
"Tanc1",0.23227476429241,0.1128,"2","tetratricopeptide repeat, ankyrin repeat and coiled-coil containing 1"
"Dclk1",0.232216219740376,0.1704,"3","doublecortin-like kinase 1"
"Hdac7",-0.232148317636553,0.3976,"15","histone deacetylase 7"
"Dctn3",-0.232127176844398,0.2992,"4","dynactin 3"
"Cadps",0.232050550157768,0.4496,"14","Ca2+-dependent secretion activator"
"Gigyf2",0.231996100399424,0.3108,"1","GRB10 interacting GYF protein 2"
"Thrsp",-0.231977007741377,0.4408,"7","thyroid hormone responsive"
"Aktip",-0.231905684722771,0.2884,"8","AKT interacting protein"
"Kif26b",0.231858741733416,0.3544,"1","kinesin family member 26B"
"P3h3",-0.23184080280657,0.312,"6","prolyl 3-hydroxylase 3"
"Sdf2l1",-0.231807166214185,0.6068,"16","stromal cell-derived factor 2-like 1"
"Cars2",-0.231736931312164,0.036,"8","cysteinyl-tRNA synthetase 2 (mitochondrial)(putative)"
"Zbtb16",0.231736211681289,0.4404,"9","zinc finger and BTB domain containing 16"
"Cd151",-0.231721307991985,0.2864,"7","CD151 antigen"
"Nudt18",-0.231675577363094,0.258,"14","nudix (nucleoside diphosphate linked moiety X)-type motif 18"
"Gpr45",0.231415739912578,0.1012,"1","G protein-coupled receptor 45"
"Epm2a",0.23140244852689,0.2368,"10","epilepsy, progressive myoclonic epilepsy, type 2 gene alpha"
"Rplp2",-0.231321287241904,0.4616,"7","ribosomal protein, large P2"
"Zfp976",-0.231270435814496,0.3676,"7","zinc finger protein 976"
"Dgki",0.231211689919218,0.4032,"6","diacylglycerol kinase, iota"
"Htr2c",-0.2312058591848,0.5516,"X","5-hydroxytryptamine (serotonin) receptor 2C"
"Gucy1b1",0.231193612912395,0.2116,"3","guanylate cyclase 1, soluble, beta 1"
"Amer2",0.231149992609919,0.15,"14","APC membrane recruitment 2"
"Tatdn3",-0.231088909423287,0.2772,"1","TatD DNase domain containing 3"
"Ndufa11",-0.230984254375853,0.4044,"17","NADH:ubiquinone oxidoreductase subunit A11"
"Fmr1",0.230907787577649,0.1496,"X","fragile X messenger ribonucleoprotein 1"
"Ngef",-0.230907421238218,0.1556,"1","neuronal guanine nucleotide exchange factor"
"Cox6a2",-0.230905350223954,0.5972,"7","cytochrome c oxidase subunit 6A2"
"Slc1a6",-0.230814731264981,0.1592,"10","solute carrier family 1 (high affinity aspartate/glutamate transporter), member 6"
"Abl2",0.230773693688773,0.1992,"1","v-abl Abelson murine leukemia viral oncogene 2 (arg, Abelson-related gene)"
"Uevld",0.230769120765215,0.1096,"7","UEV and lactate/malate dehyrogenase domains"
"Hsp90aa1",0.230686011776234,0.0612,"12","heat shock protein 90, alpha (cytosolic), class A member 1"
"Yes1",0.230667497459188,0.1152,"5","YES proto-oncogene 1, Src family tyrosine kinase"
"Nkx2-2",0.230662022828575,0.14,"2","NK2 homeobox 2"
"Dnajc24",-0.230647727133409,0.0904,"2","DnaJ heat shock protein family (Hsp40) member C24"
"Chd1",0.230620325563948,0.2164,"17","chromodomain helicase DNA binding protein 1"
"Uhrf1bp1l",0.230552981869295,0.1628,"10","UHRF1 (ICBP90) binding protein 1-like"
"Lrwd1",-0.230512490942779,0.2492,"5","leucine-rich repeats and WD repeat domain containing 1"
"Lrrc8b",0.230491284107216,0.224,"5","leucine rich repeat containing 8 family, member B"
"Nos1",0.230420490168571,0.3424,"5","nitric oxide synthase 1, neuronal"
"Bcl11b",0.230406096030052,0.1176,"12","B cell leukemia/lymphoma 11B"
"Tmem42",-0.230402122529681,0.3168,"9","transmembrane protein 42"
"Ccdc24",-0.230368160979552,0.7504,"4","coiled-coil domain containing 24"
"Ythdf3",0.230315514438072,0.176,"3","YTH N6-methyladenosine RNA binding protein 3"
"Spen",0.230294389914406,0.3752,"4","spen family transcription repressor"
"Arhgap35",0.230110816491007,0.0084,"7","Rho GTPase activating protein 35"
"Gnptab",0.230075321974288,0.1868,"10","N-acetylglucosamine-1-phosphate transferase, alpha and beta subunits"
"Smap1",0.229866365497046,0.284,"1","small ArfGAP 1"
"Ralb",-0.229785443953694,0.0924,"1","v-ral simian leukemia viral oncogene B"
"Pdik1l",0.229771779367601,0.0056,"4","PDLIM1 interacting kinase 1 like"
"Plpp4",0.229676905519196,0.3504,"7","phospholipid phosphatase 4"
"Ctu1",-0.229668858371671,0.0204,"7","cytosolic thiouridylase subunit 1"
"Efcab5",0.229656597198259,0.5052,"11","EF-hand calcium binding domain 5"
"Ngf",0.229650425740446,0.48,"3","nerve growth factor"
"Rcc1l",-0.22961972115823,0.2352,"5","reculator of chromosome condensation 1 like"
"Asah2",0.229558326998236,0.1608,"19","N-acylsphingosine amidohydrolase 2"
"Caprin1",0.229520021960982,0.0956,"2","cell cycle associated protein 1"
"Apaf1",-0.229388559470733,0.1128,"10","apoptotic peptidase activating factor 1"
"Sil1",-0.22931200378362,0.22,"18","SIL1 nucleotide exchange factor"
"Dnajc3",0.229246953514309,0.126,"14","DnaJ heat shock protein family (Hsp40) member C3"
"Rarres2",-0.22922270914294,0.4776,"6","retinoic acid receptor responder (tazarotene induced) 2"
"Pld4",-0.229195372591351,0.5304,"12","phospholipase D family, member 4"
"Cyp4v3",0.229140441430428,0.174,"8","cytochrome P450, family 4, subfamily v, polypeptide 3"
"Gm45871",-0.22909218266919,0.126,"18","predicted gene 45871"
"N4bp2",0.228933694853878,0.5596,"5","NEDD4 binding protein 2"
"Chil1",-0.228927621676262,0.4588,"1","chitinase-like 1"
"Tspan18",0.228917140553142,0.1928,"2","tetraspanin 18"
"Map2k2",-0.228836898183021,0.258,"10","mitogen-activated protein kinase kinase 2"
"A230083G16Rik",0.228638265589981,0.6488,"6","RIKEN cDNA A230083G16 gene"
"Tmem141",-0.228632109833552,0.434,"2","transmembrane protein 141"
"Trim45",-0.228607340062793,0.0772,"3","tripartite motif-containing 45"
"Oxtr",0.228423335545253,0.4508,"6","oxytocin receptor"
"Folr1",0.228396539915162,0.984,"7","folate receptor 1 (adult)"
"Arc",0.22832838436549,0.624,"15","activity regulated cytoskeletal-associated protein"
"Scrn2",-0.228314490819153,0.3888,"11","secernin 2"
"AI593442",0.228302162070412,0.1264,"9","expressed sequence AI593442"
"Lypla1",0.22819036808853,0.2004,"1","lysophospholipase 1"
"Phgdh",-0.228159818209845,0.2016,"3","3-phosphoglycerate dehydrogenase"
"St3gal6",0.228134239774986,0.7316,"16","ST3 beta-galactoside alpha-2,3-sialyltransferase 6"
"Tsen15",-0.228101580598216,0.2912,"1","tRNA splicing endonuclease subunit 15"
"Dpp10",0.228064355786355,0.7272,"1","dipeptidylpeptidase 10"
"Thsd7b",0.228028887474594,0.486,"1","thrombospondin, type I, domain containing 7B"
"Nos3",-0.228027188000256,0.584,"5","nitric oxide synthase 3, endothelial cell"
"Scg2",0.227992426840117,0.4092,"1","secretogranin II"
"Tbc1d15",0.227947751061527,0.118,"10","TBC1 domain family, member 15"
"Gcat",-0.227931301722776,0.3828,"15","glycine C-acetyltransferase (2-amino-3-ketobutyrate-coenzyme A ligase)"
"Gcat",-0.227931301722776,0.3828,"15","glycine C-acetyltransferase (2-amino-3-ketobutyrate-coenzyme A ligase)"
"Sfxn5",-0.227921050691793,0.3596,"6","sideroflexin 5"
"Erbb3",0.22780458245878,0.4164,"10","erb-b2 receptor tyrosine kinase 3"
"Serpinh1",-0.227797083932814,0.2876,"7","serine (or cysteine) peptidase inhibitor, clade H, member 1"
"Sgtb",0.227764962735058,0.3136,"13","small glutamine-rich tetratricopeptide repeat (TPR)-containing, beta"
"Rpl13",-0.227761230193672,0.5284,"8","ribosomal protein L13"
"Trip12",0.227750866337608,0.2512,"1","thyroid hormone receptor interactor 12"
"Rora",0.227639782146779,0.1732,"9","RAR-related orphan receptor alpha"
"Mpped1",-0.227598040627274,0.5444,"15","metallophosphoesterase domain containing 1"
"Dnaaf4",-0.227560401852294,0.2804,"9","dynein axonemal assembly factor 4"
"Morn2",-0.227524874550468,0.3288,"17","MORN repeat containing 2"
"Zbtb7b",0.22739883006943,0.2492,"3","zinc finger and BTB domain containing 7B"
"Zfp605",0.227268722617691,0.212,"5","zinc finger protein 605"
"Epb41l4aos",-0.227237249532533,0.5036,"18","erythrocyte membrane protein band 4.1 like 4a, opposite strand"
"Gxylt1",0.227234802752764,0.2792,"15","glucoside xylosyltransferase 1"
"Kif22",-0.227194861772059,0.354,"7","kinesin family member 22"
"Manea",0.227184778010151,0.064,"4","mannosidase, endo-alpha"
"Pex12",0.227143190848216,0.2996,"11","peroxisomal biogenesis factor 12"
"Zfp511",-0.227123590297686,0.2092,"7","zinc finger protein 511"
"Klhdc8b",-0.227035190127332,0.034,"9","kelch domain containing 8B"
"Asxl2",0.22702202940664,0.4824,"12","ASXL transcriptional regulator 2"
"Ccn1",-0.227018497490506,0.3008,"3","cellular communication network factor 1"
"Mettl26",-0.226956469547469,0.3624,"17","methyltransferase like 26"
"Raly",-0.226955821561577,0.2884,"2","hnRNP-associated with lethal yellow"
"Flrt3",0.226859472052431,0.008,"2","fibronectin leucine rich transmembrane protein 3"
"Eif1",-0.226802092856651,0.3548,"11","eukaryotic translation initiation factor 1"
"Gstk1",-0.226708133258324,0.4248,"6","glutathione S-transferase kappa 1"
"Guk1",-0.226667729608414,0.4132,"11","guanylate kinase 1"
"Rfx1",-0.226555943437679,0.2892,"8","regulatory factor X, 1 (influences HLA class II expression)"
"Rbl2",0.22652799874602,0.0552,"8","RB transcriptional corepressor like 2"
"Tbca",-0.226481642212431,0.2796,"13","tubulin cofactor A"
"Vps8",0.226474420715074,0.1112,"16","VPS8 CORVET complex subunit"
"Zfp53",0.22645656317444,0.2412,"17","zinc finger protein 53"
"Prr14l",0.22632098148142,0.1768,"5","proline rich 14-like"
"Cachd1",0.226299119548561,0.4,"4","cache domain containing 1"
"Gria2",0.226265575436432,0.3856,"3","glutamate receptor, ionotropic, AMPA2 (alpha 2)"
"Sst",-0.226263490148722,0.3504,"16","somatostatin"
"Bloc1s3",-0.22620220594022,0.1848,"7","biogenesis of lysosomal organelles complex-1, subunit 3"
"Syn3",0.226198657099165,0.5336,"10","synapsin III"
"Zfp462",0.226179885890922,0.3588,"4","zinc finger protein 462"
"Coq10b",-0.226055723174933,0.2412,"1","coenzyme Q10B"
"Loxl1",-0.226024673318971,0.2528,"9","lysyl oxidase-like 1"
"Vstm5",-0.22600492035283,0.0552,"9","V-set and transmembrane domain containing 5"
"Mettl7a1",-0.225925440446703,0.318,"15","methyltransferase like 7A1"
"Epor",-0.225855197453358,0.2432,"9","erythropoietin receptor"
"Folh1",0.225805550563974,0.3152,"7","folate hydrolase 1"
"Dcx",0.225746239662903,0.3344,"X","doublecortin"
"Ythdc2",0.225607869502914,0.4324,"18","YTH domain containing 2"
"Med14",0.22557129102345,0.0628,"X","mediator complex subunit 14"
"Gm6712",-0.225422507397045,0.1588,"17","predicted gene 6712"
"Pgls",-0.225331017985545,0.386,"8","6-phosphogluconolactonase"
"Rplp0",-0.22530683696356,0.3884,"5","ribosomal protein, large, P0"
"Slc14a1",-0.225251109016925,0.3976,"18","solute carrier family 14 (urea transporter), member 1"
"Vps4b",0.225232495405648,0.2536,"1","vacuolar protein sorting 4B"
"Lcor",0.225174210963275,0.4872,"19","ligand dependent nuclear receptor corepressor"
"Nol7",-0.225147590624442,0.2116,"13","nucleolar protein 7"
"Sytl2",-0.225079345344353,0.0884,"7","synaptotagmin-like 2"
"Avl9",0.225055049067519,0.344,"6","AVL9 cell migration associated"
"2700097O09Rik",0.225051563362878,0.1716,"12","RIKEN cDNA 2700097O09 gene"
"Tgfb3",-0.224995567631345,0.3768,"12","transforming growth factor, beta 3"
"Mgat4a",0.224895879727144,0.0792,"1","mannoside acetylglucosaminyltransferase 4, isoenzyme A"
"Csgalnact1",-0.22479791176077,0.2656,"8","chondroitin sulfate N-acetylgalactosaminyltransferase 1"
"Adra2a",0.224764533532981,0.0824,"19","adrenergic receptor, alpha 2a"
"Pnpla7",0.224738790042575,0.2784,"2","patatin-like phospholipase domain containing 7"
"Uba6",0.224706772212144,0.482,"5","ubiquitin-like modifier activating enzyme 6"
"Sv2b",0.224692493269091,0.3168,"7","synaptic vesicle glycoprotein 2 b"
"Psme2",-0.224613480547817,0.3396,"14","proteasome (prosome, macropain) activator subunit 2 (PA28 beta)"
"Lcmt2",0.224532501716578,0.3276,"2","leucine carboxyl methyltransferase 2"
"Pamr1",-0.224408580096572,0.3948,"2","peptidase domain containing associated with muscle regeneration 1"
"Zswim3",0.224403043756028,0.0384,"2","zinc finger SWIM-type containing 3"
"Nagk",-0.224291721181896,0.1708,"6","N-acetylglucosamine kinase"
"Ikzf5",0.224125246012636,0.1,"7","IKAROS family zinc finger 5"
"Tmem9",-0.224104038739377,0.2104,"1","transmembrane protein 9"
"Atp2b1",0.224016245983304,0.2388,"10","ATPase, Ca++ transporting, plasma membrane 1"
"Rps19-ps3",-0.223974770823665,0.546,"4","ribosomal protein S19, pseudogene 3"
"Recql5",-0.223911913286626,0.2276,"11","RecQ protein-like 5"
"Slc9a7",0.223806024935099,0.1608,"X","solute carrier family 9 (sodium/hydrogen exchanger), member 7"
"2900040C04Rik",-0.223801450746637,0.9508,"14","RIKEN cDNA 2900040C04 gene"
"Chst11",0.223766964448443,0.0556,"10","carbohydrate sulfotransferase 11"
"Aspscr1",-0.223743184689704,0.22,"11","alveolar soft part sarcoma chromosome region, candidate 1 (human)"
"Fut9",0.223713863588491,0.0656,"4","fucosyltransferase 9"
"Xpr1",0.223618944030317,0.0184,"1","xenotropic and polytropic retrovirus receptor 1"
"Rab11fip4",0.223550540808054,0.3412,"11","RAB11 family interacting protein 4 (class II)"
"Cpne2",-0.223498817595964,0.1688,"8","copine II"
"Flt1",-0.223495321573768,0.5804,"5","FMS-like tyrosine kinase 1"
"Gsap",-0.223449734665014,0.0228,"5","gamma-secretase activating protein"
"Kidins220",0.223442089830359,0.328,"12","kinase D-interacting substrate 220"
"Endog",-0.223342678911994,0.2704,"2","endonuclease G"
"Ddx28",-0.22333510760467,0.1288,"8","DEAD box helicase 28"
"Slc25a36",0.22325357766354,0.3836,"9","solute carrier family 25, member 36"
"Saysd1",-0.223217419806068,0.1156,"14","SAYSVFN motif domain containing 1"
"Cntnap2",0.223206861522469,0.414,"6","contactin associated protein-like 2"
"Fbxl12",-0.2232042945797,0.2884,"9","F-box and leucine-rich repeat protein 12"
"Insr",0.223095084579578,0.2944,"8","insulin receptor"
"Atg9b",-0.223088395188164,0.4752,"5","autophagy related 9B"
"Man1a2",0.22295287305922,0.158,"3","mannosidase, alpha, class 1A, member 2"
"Kcnn2",0.222943761829272,0.1048,"18","potassium intermediate/small conductance calcium-activated channel, subfamily N, member 2"
"Amer3",0.222942685269492,0,"1","APC membrane recruitment 3"
"Cse1l",0.222902358702966,0.116,"2","chromosome segregation 1-like (S. cerevisiae)"
"Armcx4",0.222856673865528,0.308,"X","armadillo repeat containing, X-linked 4"
"Aldh9a1",-0.222768222940625,0.1572,"1","aldehyde dehydrogenase 9, subfamily A1"
"Pten",0.22275764044219,0.1832,"19","phosphatase and tensin homolog"
"Efcab12",-0.222722183059036,0.1432,"6","EF-hand calcium binding domain 12"
"Cfap44",-0.222714974872268,0.4868,"16","cilia and flagella associated protein 44"
"4933412E12Rik",-0.22265969546417,0.2628,"10","RIKEN cDNA 4933412E12 gene"
"Bcdin3d",-0.222647146785228,0.1408,"15","BCDIN3 domain containing"
"Tmem196",0.222625747206374,0.0152,"12","transmembrane protein 196"
"Slc50a1",-0.222623529144764,0.148,"3","solute carrier family 50 (sugar transporter), member 1"
"Emx2",0.222607160674282,0.1144,"19","empty spiracles homeobox 2"
"Cfap54",0.222424895284872,0.5744,"10","cilia and flagella associated protein 54"
"Rc3h1",0.222404885228323,0.1336,"1","RING CCCH (C3H) domains 1"
"Aff3",0.222403616391519,0.2852,"1","AF4/FMR2 family, member 3"
"Atp6v1f",-0.222399576910521,0.3332,"6","ATPase, H+ transporting, lysosomal V1 subunit F"
"Msl2",0.222077116438633,0.0248,"9","MSL complex subunit 2"
"Nfatc3",0.222042447807828,0.2084,"8","nuclear factor of activated T cells, cytoplasmic, calcineurin dependent 3"
"Kcnt2",0.221841547293673,0.3184,"1","potassium channel, subfamily T, member 2"
"Fxyd2",-0.221815843917887,0.528,"9","FXYD domain-containing ion transport regulator 2"
"Elac1",0.22180460240723,0.0316,"18","elaC ribonuclease Z 1"
"Rnf115",0.221797923796952,0.0468,"3","ring finger protein 115"
"Spock2",0.22177217655074,0.4964,"10","sparc/osteonectin, cwcv and kazal-like domains proteoglycan 2"
"Elp6",-0.221713906444123,0.306,"9","elongator acetyltransferase complex subunit 6"
"Scand1",-0.221707501993851,0.4904,"2","SCAN domain-containing 1"
"Cit",0.221694730893449,0.6444,"5","citron"
"Llph",-0.221627507898794,0.2608,"10","LLP homolog, long-term synaptic facilitation (Aplysia)"
"Trp53rka",-0.221588853962074,0.256,"2","transformation related protein 53 regulating kinase A"
"Mef2a",0.221568162803933,0.0396,"7","myocyte enhancer factor 2A"
"Col18a1",-0.221495428089922,0.5844,"10","collagen, type XVIII, alpha 1"
"Eif3a",0.221484029201268,0.2936,"19","eukaryotic translation initiation factor 3, subunit A"
"Itpa",-0.221473412276256,0.2556,"2","inosine triphosphatase (nucleoside triphosphate pyrophosphatase)"
"Nudt16l1",-0.221403346363169,0.374,"16","nudix (nucleoside diphosphate linked moiety X)-type motif 16-like 1"
"Hapln1",0.221339979756908,0.2964,"13","hyaluronan and proteoglycan link protein 1"
"Med28",-0.22133599814211,0.1644,"5","mediator complex subunit 28"
"Prdx4",-0.221333261286269,0.3008,"X","peroxiredoxin 4"
"Sema4a",-0.221297014902395,0.252,"3","sema domain, immunoglobulin domain (Ig), transmembrane domain (TM) and short cytoplasmic domain, (semaphorin) 4A"
"Smim18",-0.221181387997101,0.3888,"8","small integral membrane protein 18"
"Stx4a",-0.221143641655302,0.3452,"7","syntaxin 4A (placental)"
"Gm10509",0.221128278130966,0.2672,"17","predicted gene 10509"
"Ppp4c",-0.220969312006957,0.2244,"7","protein phosphatase 4, catalytic subunit"
"Chsy3",0.220964449337987,0.1388,"18","chondroitin sulfate synthase 3"
"Ppfibp2",-0.220936727420666,0.3568,"7","PTPRF interacting protein, binding protein 2 (liprin beta 2)"
"Riox2",-0.220919906959777,0.216,"16","ribosomal oxygenase 2"
"Ep300",0.220782102599249,0.2256,"15","E1A binding protein p300"
"Shank1",0.220594707094483,0.4528,"7","SH3 and multiple ankyrin repeat domains 1"
"Jmjd1c",0.220594080731257,0.4336,"10","jumonji domain containing 1C"
"Nol12",-0.220563488198283,0.4932,"15","nucleolar protein 12"
"Nebl",0.220381550212865,0.0416,"2","nebulette"
"Pcdh17",0.220378234448947,0.318,"14","protocadherin 17"
"Mta3",0.220335805374543,0.0332,"17","metastasis associated 3"
"Prrc2c",0.220303829547632,0.5068,"1","proline-rich coiled-coil 2C"
"Nol4",0.220278474906024,0,"18","nucleolar protein 4"
"Serinc1",0.220115833884009,0.0452,"10","serine incorporator 1"
"Amigo2",0.220054954477741,0.5272,"15","adhesion molecule with Ig like domain 2"
"Gtf3c5",-0.219955819727512,0.172,"2","general transcription factor IIIC, polypeptide 5"
"Zfp518b",0.219892566051517,0.2216,"5","zinc finger protein 518B"
"Erp29",-0.219882570555613,0.3492,"5","endoplasmic reticulum protein 29"
"Prrx1",-0.21987518801186,0.1476,"1","paired related homeobox 1"
"Ppcdc",-0.219861262107361,0.1452,"9","phosphopantothenoylcysteine decarboxylase"
"Tnks2",0.219838475782716,0.0396,"19","tankyrase, TRF1-interacting ankyrin-related ADP-ribose polymerase 2"
"Chd2",0.219771893928143,0.2808,"7","chromodomain helicase DNA binding protein 2"
"Zbtb33",0.219704301639758,0.2656,"X","zinc finger and BTB domain containing 33"
"Dock2",0.219687682032945,0.8592,"11","dedicator of cyto-kinesis 2"
"Ptgr1",0.219670840493845,0.4084,"4","prostaglandin reductase 1"
"2210016F16Rik",-0.219661068764158,0.3672,"13","RIKEN cDNA 2210016F16 gene"
"Frmpd1",0.219658867762219,0.1608,"4","FERM and PDZ domain containing 1"
"Hps4",-0.219600450644873,0.2024,"5","HPS4, biogenesis of lysosomal organelles complex 3 subunit 2"
"Tmem170b",0.219587190043177,0.0552,"13","transmembrane protein 170B"
"Rpp25",-0.219585830860673,0.4468,"9","ribonuclease P/MRP 25 subunit"
"Arid5b",0.219558418799305,0.7924,"10","AT rich interactive domain 5B (MRF1-like)"
"Greb1l",0.219516115850436,0.6928,"18","growth regulation by estrogen in breast cancer-like"
"Gp1bb",-0.219486371528639,0.4908,"16","glycoprotein Ib, beta polypeptide"
"Tmem184c",0.219424638364886,0.046,"8","transmembrane protein 184C"
"Wnt3",0.219401179907369,0.4336,"11","wingless-type MMTV integration site family, member 3"
"Cuta",-0.219379522506919,0.3132,"17","cutA divalent cation tolerance homolog"
"Nfat5",0.219371897041776,0.3492,"8","nuclear factor of activated T cells 5"
"Rack1",-0.219353929195097,0.3508,"11","receptor for activated C kinase 1"
"Nubp2",-0.219326398496861,0.2956,"17","nucleotide binding protein 2"
"Epha7",0.21924179256903,0,"4","Eph receptor A7"
"Tacc3",-0.219146186643568,0.2152,"5","transforming, acidic coiled-coil containing protein 3"
"Mvb12a",-0.219106503540345,0.3152,"8","multivesicular body subunit 12A"
"Snhg4",-0.219098610769298,0.1016,"18","small nucleolar RNA host gene 4"
"Zbtb1",0.219076595682017,0.0548,"12","zinc finger and BTB domain containing 1"
"Ankhd1",0.219021708910144,0.508,"18","ankyrin repeat and KH domain containing 1"
"Pole4",-0.218967334542965,0.3792,"6","polymerase (DNA-directed), epsilon 4 (p12 subunit)"
"Kmt2c",0.218962600879638,0.4284,"5","lysine (K)-specific methyltransferase 2C"
"St6galnac3",0.218960499311408,0.2948,"3","ST6 (alpha-N-acetyl-neuraminyl-2,3-beta-galactosyl-1,3)-N-acetylgalactosaminide alpha-2,6-sialyltransferase 3"
"Erh",-0.218943466536057,0.1552,"12","ERH mRNA splicing and mitosis factor"
"Trp53",0.218893645271013,0.024,"11","transformation related protein 53"
"Rb1cc1",0.218842757968894,0.1956,"1","RB1-inducible coiled-coil 1"
"Rybp",0.218805061884763,0.4092,"6","RING1 and YY1 binding protein"
"Rybp",0.218805061884763,0.4092,"6","RING1 and YY1 binding protein"
"Cwf19l2",0.218716840406083,0.4188,"9","CWF19-like 2, cell cycle control (S. pombe)"
"Gm20754",-0.218698370417403,0.8416,"3","predicted gene, 20754"
"Khk",-0.218684913810948,0.2496,"5","ketohexokinase"
"Nop2",0.218678329178138,0.0564,"6","NOP2 nucleolar protein"
"Fbxo16",-0.218639831997794,0.1796,"14","F-box protein 16"
"Fxn",-0.218584621014588,0.4712,"19","frataxin"
"Atp5md",-0.218568007169472,0.3804,"19","ATP synthase membrane subunit DAPIT"
"Atp5md",-0.218568007169472,0.3804,"19","ATP synthase membrane subunit DAPIT"
"Dennd4c",0.218532540067642,0.414,"4","DENN/MADD domain containing 4C"
"Mdfic",-0.218475735135705,0.6832,"6","MyoD family inhibitor domain containing"
"C030029H02Rik",-0.218396920086128,0.6696,"7","RIKEN cDNA C030029H02 gene"
"Scyl2",0.218390399865461,0.2212,"10","SCY1-like 2 (S. cerevisiae)"
"Hspbp1",-0.218337269274745,0.4312,"7","HSPA (heat shock 70kDa) binding protein, cytoplasmic cochaperone 1"
"Aph1b",0.218246283934231,0.1276,"9","aph1 homolog B, gamma secretase subunit"
"Nelfe",-0.218225775420938,0.2828,"17","negative elongation factor complex member E, Rdbp"
"Fam227a",-0.218173767537916,0.4136,"15","family with sequence similarity 227, member A"
"Klhl2",0.218169943769253,0.0084,"8","kelch-like 2, Mayven"
"Mapk11",-0.218130888870317,0.2596,"15","mitogen-activated protein kinase 11"
"Farp2",0.218085603089852,0.4036,"1","FERM, RhoGEF and pleckstrin domain protein 2"
"Cltc",0.217940528005725,0.166,"11","clathrin, heavy polypeptide (Hc)"
"Abcb7",0.21789036536858,0.0616,"X","ATP-binding cassette, sub-family B (MDR/TAP), member 7"
"Map7d2",0.217784779947217,0.1028,"X","MAP7 domain containing 2"
"Cchcr1",-0.217607007933125,0.4524,"17","coiled-coil alpha-helical rod protein 1"
"Zic1",0.217575029448926,0.5848,"9","zinc finger protein of the cerebellum 1"
"Zfp597",0.217540592292383,0.0356,"16","zinc finger protein 597"
"Dok6",0.21747424676939,0.2248,"18","docking protein 6"
"Sys1",-0.217454763222335,0.3324,"2","SYS1 Golgi-localized integral membrane protein homolog (S. cerevisiae)"
"E4f1",-0.217409085234567,0.2904,"17","E4F transcription factor 1"
"Hook3",0.217352305891187,0.4008,"8","hook microtubule tethering protein 3"
"Samd5",0.217349509391404,0.4128,"10","sterile alpha motif domain containing 5"
"Rnf19a",0.217260041543959,0.0444,"15","ring finger protein 19A"
"Slc12a7",-0.217246822580427,0.4208,"13","solute carrier family 12, member 7"
"Sncg",-0.217101800103992,0.56,"14","synuclein, gamma"
"Map4k2",-0.217092077518713,0.2204,"19","mitogen-activated protein kinase kinase kinase kinase 2"
"BC030500",-0.217013394827022,0.6072,"8","cDNA sequence BC030500"
"Ntpcr",-0.216971317255652,0.29,"8","nucleoside-triphosphatase, cancer-related"
"Mctp1",0.216960819983597,0.196,"13","multiple C2 domains, transmembrane 1"
"Proser3",-0.216945425749455,0.3384,"7","proline and serine rich 3"
"Gpx1",-0.216907660437729,0.3664,"9","glutathione peroxidase 1"
"Map3k9",0.21688285269713,0.4516,"12","mitogen-activated protein kinase kinase kinase 9"
"Lrba",0.216853252716023,0.1316,"3","LPS-responsive beige-like anchor"
"Vstm2b",-0.216849706545444,0.3508,"7","V-set and transmembrane domain containing 2B"
"Tap2",-0.21682811674416,0.168,"17","transporter 2, ATP-binding cassette, sub-family B (MDR/TAP)"
"Ccdc85a",0.216733740493587,0.1144,"11","coiled-coil domain containing 85A"
"Ndufaf8",-0.216721406231267,0.5524,"11","NADH:ubiquinone oxidoreductase complex assembly factor 8"
"Cyb561",-0.216682770156484,0.0924,"11","cytochrome b-561"
"Rfx3",0.216616764433215,0.1236,"19","regulatory factor X, 3 (influences HLA class II expression)"
"Cadm2",0.216507281667802,0.1268,"16","cell adhesion molecule 2"
"Zfp704",0.216477567583324,0.2312,"3","zinc finger protein 704"
"Diablo",-0.216452367997004,0.1544,"5","diablo, IAP-binding mitochondrial protein"
"Il18bp",-0.216372739617656,0.5136,"7","interleukin 18 binding protein"
"Gpnmb",0.216368805318777,0.36,"6","glycoprotein (transmembrane) nmb"
"Zyg11b",0.216280868203982,0.2868,"4","zyg-ll family member B, cell cycle regulator"
"Zfp414",-0.21627731533526,0.1364,"17","zinc finger protein 414"
"Trib1",0.21627064223578,0.2624,"15","tribbles pseudokinase 1"
"Zswim5",0.216247031434897,0.1444,"4","zinc finger SWIM-type containing 5"
"Triap1",-0.216224918967598,0.2772,"5","TP53 regulated inhibitor of apoptosis 1"
"Scn1b",-0.216167008163827,0.3392,"7","sodium channel, voltage-gated, type I, beta"
"Tbc1d8b",0.216134366626961,0.2848,"X","TBC1 domain family, member 8B"
"Ogfod2",-0.216129865556686,0.2604,"5","2-oxoglutarate and iron-dependent oxygenase domain containing 2"
"Cacna1e",0.216117690914187,0.7384,"1","calcium channel, voltage-dependent, R type, alpha 1E subunit"
"Atp5g1",-0.216115423599271,0.454,"11","ATP synthase, H+ transporting, mitochondrial F0 complex, subunit C1 (subunit 9)"
"Zfp874a",0.216101297934875,0.0592,"13","zinc finger protein 874a"
"Tchh",0.216097693865892,0.3668,"3","trichohyalin"
"Tpd52l1",-0.216086571178627,0.2044,"10","tumor protein D52-like 1"
"Slc38a2",0.216008061667564,0.1312,"15","solute carrier family 38, member 2"
"Dlk2",-0.215961612643054,0.2944,"17","delta like non-canonical Notch ligand 2"
"Ndufb6",-0.215918840685303,0.2124,"4","NADH:ubiquinone oxidoreductase subunit B6"
"S100b",-0.215857705231587,0.5724,"10","S100 protein, beta polypeptide, neural"
"Tspan33",-0.215850655695655,0.0888,"6","tetraspanin 33"
"Tox4",0.215741295172798,0.1296,"14","TOX high mobility group box family member 4"
"1810010H24Rik",-0.215729822468842,0.1728,"11","RIKEN cDNA 1810010H24 gene"
"Eif2ak2",-0.215628830583783,0.138,"17","eukaryotic translation initiation factor 2-alpha kinase 2"
"Ssc5d",-0.2156203706852,0.5404,"7","scavenger receptor cysteine rich family, 5 domains"
"Dr1",0.215552130019286,0.054,"5","down-regulator of transcription 1"
"Snrnp25",-0.215546095200245,0.3204,"11","small nuclear ribonucleoprotein 25 (U11/U12)"
"Ulk2",0.215490851012931,0.07,"11","unc-51 like kinase 2"
"Nudt6",0.215466015879425,0.1916,"3","nudix (nucleoside diphosphate linked moiety X)-type motif 6"
"Yif1a",-0.215439633791925,0.3388,"19","Yip1 interacting factor homolog A (S. cerevisiae)"
"Dad1",-0.215389993716905,0.4456,"14","defender against cell death 1"
"Poll",-0.215336247748467,0.2,"19","polymerase (DNA directed), lambda"
"Fbxl6",-0.215256071608069,0.1736,"15","F-box and leucine-rich repeat protein 6"
"Dpm1",-0.215224228320298,0.5176,"2","dolichol-phosphate (beta-D) mannosyltransferase 1"
"Vav3",0.215119591225181,0.0728,"3","vav 3 oncogene"
"Gpr180",-0.215089720163903,0.1812,"14","G protein-coupled receptor 180"
"Negr1",0.215087152919534,0.1924,"3","neuronal growth regulator 1"
"Bloc1s4",0.215079076204471,0.0692,"5","biogenesis of lysosomal organelles complex-1, subunit 4, cappuccino"
"Ogfrl1",0.215070813873053,0.0868,"1","opioid growth factor receptor-like 1"
"Mcat",-0.21506911332358,0.0376,"15","malonyl CoA:ACP acyltransferase (mitochondrial)"
"Mecp2",0.215065641575864,0.1008,"X","methyl CpG binding protein 2"
"Mycn",0.215019675076238,0.2896,"12","v-myc avian myelocytomatosis viral related oncogene, neuroblastoma derived"
"Paxx",-0.21501884150849,0.3664,"2","non-homologous end joining factor"
"Aim2",-0.214936283652562,0.342,"1","absent in melanoma 2"
"Mxra8",-0.214923218105524,0.4244,"4","matrix-remodelling associated 8"
"Fgfr2",-0.214826216483774,0.314,"7","fibroblast growth factor receptor 2"
"Plekha2",0.214786306238035,0.1236,"8","pleckstrin homology domain-containing, family A (phosphoinositide binding specific) member 2"
"Kpna3",0.214783678854642,0.1892,"14","karyopherin (importin) alpha 3"
"Stk4",0.21463729560134,0.0184,"2","serine/threonine kinase 4"
"Cdkn1b",0.214631901670215,0.1208,"6","cyclin-dependent kinase inhibitor 1B"
"Trim2",0.214629841375702,0.1308,"3","tripartite motif-containing 2"
"Glb1l",-0.214627803723553,0.488,"1","galactosidase, beta 1-like"
"Ankrd54",-0.214619673936373,0.2664,"15","ankyrin repeat domain 54"
"Etv1",0.214604079004689,0.1628,"12","ets variant 1"
"Gpx4",-0.214517268080821,0.4636,"10","glutathione peroxidase 4"
"Loxl3",-0.214463609554144,0.1888,"6","lysyl oxidase-like 3"
"Cmklr1",-0.214453935253577,0.6136,"5","chemokine-like receptor 1"
"Akap12",0.214331034685486,0.5892,"10","A kinase (PRKA) anchor protein (gravin) 12"
"Gnl3",-0.214313330280364,0.1256,"14","guanine nucleotide binding protein-like 3 (nucleolar)"
"Ogg1",-0.214302874963688,0.26,"6","8-oxoguanine DNA-glycosylase 1"
"Selenoh",-0.214289476569013,0.3772,"2","selenoprotein H"
"Inha",-0.214228302776694,0.4644,"1","inhibin alpha"
"Rock2",0.214127773440014,0.094,"12","Rho-associated coiled-coil containing protein kinase 2"
"Rhbdd3",-0.214120517765132,0.2908,"11","rhomboid domain containing 3"
"Cdk13",0.214053392734958,0.0844,"13","cyclin-dependent kinase 13"
"Hs1bp3",-0.213997286967367,0.1348,"12","HCLS1 binding protein 3"
"Rnf166",-0.213988501874902,0.3068,"8","ring finger protein 166"
"Whrn",-0.213972235637249,0.458,"4","whirlin"
"Fdxr",-0.213941442336815,0.4852,"11","ferredoxin reductase"
"Jpt1",-0.213930099262692,0.4108,"11","Jupiter microtubule associated homolog 1"
"Dusp19",0.213877060164756,0.1568,"2","dual specificity phosphatase 19"
"Arhgef9",0.213811338488499,0.0344,"X","CDC42 guanine nucleotide exchange factor (GEF) 9"
"Cc2d1b",-0.21375564924832,0.1908,"4","coiled-coil and C2 domain containing 1B"
"Satb2",-0.21365895274973,0.5936,"1","special AT-rich sequence binding protein 2"
"Csgalnact2",0.213652454561938,0.0412,"6","chondroitin sulfate N-acetylgalactosaminyltransferase 2"
"Aopep",-0.213511566008368,0.1392,"13","aminopeptidase O"
"Hrh2",0.213448340479671,0.5192,"13","histamine receptor H2"
"Baiap2l1",-0.21344754638422,0.5784,"5","BAI1-associated protein 2-like 1"
"Nudt8",-0.213244879063012,0.3124,"19","nudix (nucleoside diphosphate linked moiety X)-type motif 8"
"Coa6",-0.213159568157975,0.2072,"8","cytochrome c oxidase assembly factor 6"
"Ppm1h",0.21315814531285,0.0548,"10","protein phosphatase 1H (PP2C domain containing)"
"Siva1",-0.213154080984523,0.4228,"12","SIVA1, apoptosis-inducing factor"
"Trf",-0.213136813007289,0.4824,"9","transferrin"
"Mvp",-0.213014103627897,0.2328,"7","major vault protein"
"Mal",0.213006264899484,0.5196,"2","myelin and lymphocyte protein, T cell differentiation protein"
"Pou3f1",-0.212970756763132,0.4768,"4","POU domain, class 3, transcription factor 1"
"Deptor",0.212964104057563,0.3052,"15","DEP domain containing MTOR-interacting protein"
"Galnt13",0.212865647709265,0.4228,"2","polypeptide N-acetylgalactosaminyltransferase 13"
"Tle2",-0.212718213530191,0.4888,"10","transducin-like enhancer of split 2"
"Ube3a",0.212715266383182,0.218,"7","ubiquitin protein ligase E3A"
"St8sia1",0.212704549404881,0.204,"6","ST8 alpha-N-acetyl-neuraminide alpha-2,8-sialyltransferase 1"
"Xpo4",0.212677603217529,0.4316,"14","exportin 4"
"Dnase1",0.212616030268682,0.3992,"16","deoxyribonuclease I"
"Ppp2r3c",0.212574159272159,0.0132,"12","protein phosphatase 2, regulatory subunit B'', gamma"
"Ppp1r1a",-0.212573940834463,0.4984,"15","protein phosphatase 1, regulatory inhibitor subunit 1A"
"Pth1r",-0.212507098976043,0.1868,"9","parathyroid hormone 1 receptor"
"Ddah2",-0.212400265148935,0.4404,"17","dimethylarginine dimethylaminohydrolase 2"
"3110040N11Rik",-0.212335168906503,0.0592,"7","RIKEN cDNA 3110040N11 gene"
"Mbd5",0.212303915100242,0.0484,"2","methyl-CpG binding domain protein 5"
"Spink8",-0.212223613153575,0.5668,"9","serine peptidase inhibitor, Kazal type 8"
"Mrpl53",-0.212220138779164,0.2872,"6","mitochondrial ribosomal protein L53"
"Ankrd16",-0.212196149760342,0.3292,"2","ankyrin repeat domain 16"
"Rpl35",-0.212138776429992,0.5056,"2","ribosomal protein L35"
"Wdr26",0.212079789768219,0.1148,"1","WD repeat domain 26"
"Eef1g",-0.21206308474413,0.344,"19","eukaryotic translation elongation factor 1 gamma"
"Spg21",-0.212035213239197,0.2516,"9","SPG21, maspardin"
"Nostrin",-0.211957338852713,0.5632,"2","nitric oxide synthase trafficker"
"Rhebl1",-0.21189270784629,0.1192,"15","Ras homolog enriched in brain like 1"
"Gm14827",-0.211860318897881,0.5632,"X","predicted gene 14827"
"Rab9b",0.211796071385733,0.3764,"X","RAB9B, member RAS oncogene family"
"Dscam",0.211782967721132,0.032,"16","DS cell adhesion molecule"
"Ppp1r3g",-0.211771753484037,0.5408,"13","protein phosphatase 1, regulatory subunit 3G"
"Ulk3",-0.21172971694576,0.344,"9","unc-51-like kinase 3"
"Ndufaf5",-0.211685590155124,0.214,"2","NADH:ubiquinone oxidoreductase complex assembly factor 5"
"Coprs",-0.211672653649777,0.436,"8","coordinator of PRMT5, differentiation stimulator"
"Sdhb",-0.211636176957887,0.316,"4","succinate dehydrogenase complex, subunit B, iron sulfur (Ip)"
"Ncor1",0.211612536032989,0.0976,"11","nuclear receptor co-repressor 1"
"Pofut2",-0.211579895945589,0.2584,"10","protein O-fucosyltransferase 2"
"Golph3",0.211561085164607,0,"15","golgi phosphoprotein 3"
"Ccdc85b",-0.211550889464843,0.4916,"19","coiled-coil domain containing 85B"
"Abraxas1",-0.21150583435819,0.2392,"5","BRCA1 A complex subunit"
"Imp3",-0.211433511919713,0.3692,"9","IMP3, U3 small nucleolar ribonucleoprotein"
"Dapk1",0.211428435878585,0.1516,"13","death associated protein kinase 1"
"Agbl4",0.211401926432661,0.362,"4","ATP/GTP binding protein-like 4"
"Nbea",0.211401126091116,0.3132,"3","neurobeachin"
"Zfp644",0.21137418277912,0.2712,"5","zinc finger protein 644"
"Ptcd1",-0.211313116039354,0.0756,"5","pentatricopeptide repeat domain 1"
"Gm10791",-0.211311445845766,0.6308,"16","predicted gene 10791"
"Ift46",-0.211219449952954,0.1068,"9","intraflagellar transport 46"
"Asxl3",0.211173623627247,0.4016,"18","ASXL transcriptional regulator 3"
"Arsj",-0.2111700815788,0.3088,"3","arylsulfatase J"
"Zkscan1",0.21112787783024,0.0236,"5","zinc finger with KRAB and SCAN domains 1"
"Rap2b",0.211091424750632,0.0304,"3","RAP2B, member of RAS oncogene family"
"Iah1",-0.211082574219671,0.0816,"12","isoamyl acetate-hydrolyzing esterase 1 homolog"
"Car4",-0.21102605008294,0.1888,"11","carbonic anhydrase 4"
"Dock9",0.210964570477358,0.3836,"14","dedicator of cytokinesis 9"
"Polr2j",-0.210952356239169,0.3992,"5","polymerase (RNA) II (DNA directed) polypeptide J"
"Prpf40a",0.210936517471016,0.096,"2","pre-mRNA processing factor 40A"
"B4galt7",-0.210928787895548,0.1312,"13","xylosylprotein beta1,4-galactosyltransferase, polypeptide 7 (galactosyltransferase I)"
"Gramd1c",0.210913067742482,0.3496,"16","GRAM domain containing 1C"
"Snapc5",-0.210907236906021,0.4184,"9","small nuclear RNA activating complex, polypeptide 5"
"Csmd3",0.210820066886662,0.4624,"15","CUB and Sushi multiple domains 3"
"6330403K07Rik",-0.210759927221408,0.2552,"11","RIKEN cDNA 6330403K07 gene"
"Car12",-0.210735806592967,0.0996,"9","carbonic anhydrase 12"
"Haus7",-0.210680845615728,0.4112,"X","HAUS augmin-like complex, subunit 7"
"Plekha7",-0.210625206893681,0.3124,"7","pleckstrin homology domain containing, family A member 7"
"Prdm8",0.210564316314894,0.2196,"5","PR domain containing 8"
"Ssr4",-0.210500277196979,0.1292,"X","signal sequence receptor, delta"
"Dennd5b",0.210467509237198,0.1684,"6","DENN/MADD domain containing 5B"
"Zfp507",0.210391714591015,0.3724,"7","zinc finger protein 507"
"Slc19a2",0.210332698701474,0.1716,"1","solute carrier family 19 (thiamine transporter), member 2"
"Slc4a10",0.210292327419772,0.3832,"2","solute carrier family 4, sodium bicarbonate cotransporter-like, member 10"
"Fndc10",-0.210277057297076,0.3856,"4","fibronectin type III domain containing 10"
"Snrnp27",-0.210255457852089,0.3668,"6","small nuclear ribonucleoprotein 27 (U4/U6.U5)"
"Raph1",0.210227568873438,0.3572,"1","Ras association (RalGDS/AF-6) and pleckstrin homology domains 1"
"Prdx1",-0.210209183306231,0.2424,"4","peroxiredoxin 1"
"Mir5125",-0.210180105023142,0.608,"17","microRNA 5125"
"Slitrk3",0.210132247741537,0.2216,"3","SLIT and NTRK-like family, member 3"
"Plekhg4",-0.210046025778754,0.6144,"8","pleckstrin homology domain containing, family G (with RhoGef domain) member 4"
"Ddit4l",-0.209989278745065,0.304,"3","DNA-damage-inducible transcript 4-like"
"Kctd16",0.209959735322455,0.3732,"18","potassium channel tetramerisation domain containing 16"
"Efr3a",0.209958962074391,0.0452,"15","EFR3 homolog A"
"Pik3r1",0.209940016788131,0.0636,"13","phosphoinositide-3-kinase regulatory subunit 1"
"Mrps16",-0.209841361477234,0.3972,"14","mitochondrial ribosomal protein S16"
"Ubr1",0.209833343321014,0.4452,"2","ubiquitin protein ligase E3 component n-recognin 1"
"1700003M07Rik",-0.209816586482348,0.542,"4","RIKEN cDNA 1700003M07 gene"
"Prpf40b",-0.209685978247869,0.196,"15","pre-mRNA processing factor 40B"
"Lims2",-0.209589274616182,0.2692,"18","LIM and senescent cell antigen like domains 2"
"Ctnnal1",-0.209548104561866,0.1976,"4","catenin (cadherin associated protein), alpha-like 1"
"Plaa",0.209367832020548,0.0184,"4","phospholipase A2, activating protein"
"Slc30a3",-0.209335019650025,0.3516,"5","solute carrier family 30 (zinc transporter), member 3"
"Dock10",0.209306892240609,0.2724,"1","dedicator of cytokinesis 10"
"Pcdh10",0.209301259942076,0.1396,"3","protocadherin 10"
"Shprh",0.209278369050356,0.4648,"10","SNF2 histone linker PHD RING helicase"
"Ccnt1",0.20924704179366,0.0516,"15","cyclin T1"
"Mex3c",0.20914300639333,0.0372,"18","mex3 RNA binding family member C"
"1810030O07Rik",-0.209105624419686,0.1652,"X","RIKEN cDNA 1810030O07 gene"
"Psip1",0.209075793640225,0.146,"4","PC4 and SFRS1 interacting protein 1"
"Abcc4",0.209053347460478,0.4112,"14","ATP-binding cassette, sub-family C (CFTR/MRP), member 4"
"Ttc30b",0.209010233059587,0.28,"2","tetratricopeptide repeat domain 30B"
"Mafb",0.208999778520757,0.5704,"2","v-maf musculoaponeurotic fibrosarcoma oncogene family, protein B (avian)"
"Ar",0.208998878935105,0.21,"X","androgen receptor"
"Pafah2",-0.208908066855917,0.2652,"4","platelet-activating factor acetylhydrolase 2"
"Crocc",-0.208891197628312,0.4796,"4","ciliary rootlet coiled-coil, rootletin"
"Mettl17",-0.208890857500148,0.3804,"14","methyltransferase like 17"
"Map4k3",0.208861744324516,0.3308,"17","mitogen-activated protein kinase kinase kinase kinase 3"
"Wasf3",0.208858525325925,0.0716,"5","WASP family, member 3"
"Smim17",0.20884117506167,0.3996,"7","small integral membrane protein 17"
"Shank2",0.20880958152762,0.2804,"7","SH3 and multiple ankyrin repeat domains 2"
"Msantd2",-0.208795329271282,0.4148,"9","Myb/SANT-like DNA-binding domain containing 2"
"Mcm8",-0.208775953903127,0.2752,"2","minichromosome maintenance 8 homologous recombination repair factor"
"Tfpt",-0.208728688273858,0.3504,"7","TCF3 (E2A) fusion partner"
"Ube2d1",0.208699555821791,0.0912,"10","ubiquitin-conjugating enzyme E2D 1"
"Tmem208",-0.208602785895155,0.224,"8","transmembrane protein 208"
"Pcsk6",-0.208599220816372,0.2344,"7","proprotein convertase subtilisin/kexin type 6"
"Map9",0.208576313787967,0.4068,"3","microtubule-associated protein 9"
"Zc3hav1",-0.208503682041978,0.264,"6","zinc finger CCCH type, antiviral 1"
"Rnf44",0.208477116125128,0.0508,"13","ring finger protein 44"
"Grcc10",-0.208442214639342,0.3708,"6","gene rich cluster, C10 gene"
"Adat2",0.208434721577257,0.3556,"10","adenosine deaminase, tRNA-specific 2"
"Frat1",-0.208372025605208,0.164,"19","frequently rearranged in advanced T cell lymphomas"
"Cxcl12",-0.208320946424541,0.2156,"6","chemokine (C-X-C motif) ligand 12"
"1810058I24Rik",-0.20829206096787,0.3496,"6","RIKEN cDNA 1810058I24 gene"
"Snx22",-0.208280231098667,0.2964,"9","sorting nexin 22"
"Kndc1",0.208274411006768,0.4636,"7","kinase non-catalytic C-lobe domain (KIND) containing 1"
"Tnrc6b",0.208164337513193,0.4508,"15","trinucleotide repeat containing 6b"
"Insyn2a",0.208156179134373,0.1112,"7","inhibitory synaptic factor 2A"
"Krt222",0.208100099724891,0.2024,"11","keratin 222"
"Rtn2",-0.208042693613836,0.412,"7","reticulon 2 (Z-band associated protein)"
"Asap2",0.208042166980629,0.4116,"12","ArfGAP with SH3 domain, ankyrin repeat and PH domain 2"
"Xylt1",0.20794707213849,0.6856,"7","xylosyltransferase 1"
"Wapl",0.207944896706212,0.0968,"14","WAPL cohesin release factor"
"Fzd3",0.207939082461551,0.1004,"14","frizzled class receptor 3"
"Hmox1",-0.20786343669606,0.4612,"8","heme oxygenase 1"
"Uhmk1",0.207836184398031,0.0672,"1","U2AF homology motif (UHM) kinase 1"
"Pcdhb18",0.207814508277586,0.1012,"18","protocadherin beta 18"
"Cdk5rap1",-0.207781298945231,0.0912,"2","CDK5 regulatory subunit associated protein 1"
"Poglut1",-0.207772811564864,0.0236,"16","protein O-glucosyltransferase 1"
"Scaf11",0.207696303230149,0.1592,"15","SR-related CTD-associated factor 11"
"Gpr153",-0.207683871487965,0.3596,"4","G protein-coupled receptor 153"
"Nes",-0.2076022887998,0.3432,"3","nestin"
"Coro7",-0.207570529404827,0.1384,"16","coronin 7"
"Pds5b",0.207541441917473,0.32,"5","PDS5 cohesin associated factor B"
"Rhbdl3",0.207531270721332,0.1008,"11","rhomboid like 3"
"Hacd2",0.207491110402845,0.0252,"16","3-hydroxyacyl-CoA dehydratase 2"
"Ten1",-0.2073975181512,0.286,"11","TEN1 telomerase capping complex subunit"
"Klhdc8a",0.207391895003537,0.6868,"1","kelch domain containing 8A"
"Sgip1",0.207367346883929,0.1676,"4","SH3-domain GRB2-like (endophilin) interacting protein 1"
"Usp31",0.207310123499929,0.1116,"7","ubiquitin specific peptidase 31"
"Timm50",-0.207288959128276,0.198,"7","translocase of inner mitochondrial membrane 50"
"Prkdc",-0.207177035075549,0.4396,"16","protein kinase, DNA activated, catalytic polypeptide"
"Alg5",-0.207123659397203,0.2008,"3","asparagine-linked glycosylation 5 (dolichyl-phosphate beta-glucosyltransferase)"
"Jcad",0.207101303900117,0.246,"18","junctional cadherin 5 associated"
"Zfp41",0.207066883748295,0.1152,"15","zinc finger protein 41"
"Cpsf6",0.207062509783163,0.2588,"10","cleavage and polyadenylation specific factor 6"
"Rpsa",-0.207052679051213,0.602,"9","ribosomal protein SA"
"Wdr74",-0.207026829532221,0.3272,"19","WD repeat domain 74"
"Pecr",-0.207019670170651,0.0552,"1","peroxisomal trans-2-enoyl-CoA reductase"
"H2bc6",-0.207007762949632,0.4664,"13","H2B clustered histone 6"
"Zfr",0.206964564949313,0.0184,"15","zinc finger RNA binding protein"
"Serpini1",0.206950702401591,0.5032,"3","serine (or cysteine) peptidase inhibitor, clade I, member 1"
"Rnf32",-0.206863069764598,0.1676,"5","ring finger protein 32"
"Akap11",0.206831104696568,0.2904,"14","A kinase (PRKA) anchor protein 11"
"Cacng2",0.206823368268151,0.2112,"15","calcium channel, voltage-dependent, gamma subunit 2"
"Edem2",-0.206794037886048,0.1716,"2","ER degradation enhancer, mannosidase alpha-like 2"
"Mrm2",-0.206767085541964,0.3848,"5","mitochondrial rRNA methyltransferase 2"
"Pim2",0.20676479506839,0.0244,"X","proviral integration site 2"
"Ankrd12",0.206758889867381,0.2796,"17","ankyrin repeat domain 12"
"Vit",0.206643900868514,0.1804,"17","vitrin"
"Plaat3",-0.206606713853185,0.4748,"19","phospholipase A and acyltransferase 3"
"Gpaa1",-0.206583632577924,0.1292,"15","GPI anchor attachment protein 1"
"Edil3",0.206565185134499,0.3392,"13","EGF-like repeats and discoidin I-like domains 3"
"Nedd4l",0.206550189738033,0.0572,"18","neural precursor cell expressed, developmentally down-regulated gene 4-like"
"Rprd1a",0.206473039499083,0.3728,"18","regulation of nuclear pre-mRNA domain containing 1A"
"Mid2",0.206423783360798,0.1232,"X","midline 2"
"Rasip1",-0.20637133672845,0.1968,"7","Ras interacting protein 1"
"Exosc4",-0.206369600061302,0.338,"15","exosome component 4"
"Slc25a13",0.206356272365287,0.4872,"6","solute carrier family 25 (mitochondrial carrier, adenine nucleotide translocator), member 13"
"Frzb",0.206300589874165,0.1636,"2","frizzled-related protein"
"Npat",0.206144467343694,0.0904,"9","nuclear protein in the AT region"
"Cdiptos",0.206144286526,0.7032,"7","CDIP transferase, opposite strand"
"Csf1r",0.206092298740492,0.8832,"18","colony stimulating factor 1 receptor"
"Penk",-0.206035539816355,0.5036,"4","preproenkephalin"
"Rasal1",-0.206004803046644,0.2872,"5","RAS protein activator like 1 (GAP1 like)"
"Xiap",0.205987073911635,0.0144,"X","X-linked inhibitor of apoptosis"
"Cept1",0.205959636826257,0.0484,"3","choline/ethanolaminephosphotransferase 1"
"Dph7",-0.20591314737548,0.128,"2","diphthamine biosynethesis 7"
"Vps51",-0.205898550977266,0.0084,"19","VPS51 GARP complex subunit"
"Slc22a17",-0.205786561811905,0.0704,"14","solute carrier family 22 (organic cation transporter), member 17"
"Plekha1",0.205745879440801,0.1096,"7","pleckstrin homology domain containing, family A (phosphoinositide binding specific) member 1"
"Rpl8",-0.205735179751562,0.4812,"15","ribosomal protein L8"
"Rtca",-0.205683748980309,0.156,"3","RNA 3'-terminal phosphate cyclase"
"Atp23",-0.205583894711251,0.0276,"10","ATP23 metallopeptidase and ATP synthase assembly factor homolog"
"Etfa",-0.205579875545953,0.0372,"9","electron transferring flavoprotein, alpha polypeptide"
"Jmy",0.205492303107267,0.102,"13","junction-mediating and regulatory protein"
"Erc1",0.205442215405697,0.2172,"6","ELKS/RAB6-interacting/CAST family member 1"
"Ehd2",-0.2052597286279,0.282,"7","EH-domain containing 2"
"Mylk",0.205159077235986,0.338,"16","myosin, light polypeptide kinase"
"Cstb",-0.205153681588155,0.2212,"10","cystatin B"
"Sox1",0.205089868947796,0.1176,"8","SRY (sex determining region Y)-box 1"
"Ppp1r1b",-0.205075868235894,0.4868,"11","protein phosphatase 1, regulatory inhibitor subunit 1B"
"Phf7",-0.205062904939437,0.3932,"14","PHD finger protein 7"
"Rsf1",0.204943106232486,0.1744,"7","remodeling and spacing factor 1"
"Pcdh7",0.204923952585477,0.1116,"5","protocadherin 7"
"Adamtsl2",-0.204900884841294,0.5148,"2","ADAMTS-like 2"
"Abhd13",0.204854928077429,0.0704,"8","abhydrolase domain containing 13"
"Aup1",-0.204817402939681,0.2912,"6","ancient ubiquitous protein 1"
"Rsph3a",-0.204800361098587,0.1896,"17","radial spoke 3A homolog (Chlamydomonas)"
"Lrrc58",0.204711448447897,0.1624,"16","leucine rich repeat containing 58"
"Rsbn1",0.204645421143927,0.58,"3","rosbin, round spermatid basic protein 1"
"Fmn2",0.204644922430358,0.0332,"1","formin 2"
"Adgra3",0.204598932962744,0.1008,"5","adhesion G protein-coupled receptor A3"
"Ipo7",0.204565192195809,0.1768,"7","importin 7"
"Trappc1",-0.204563212499544,0.3636,"11","trafficking protein particle complex 1"
"Drg2",-0.204518602623233,0.2936,"11","developmentally regulated GTP binding protein 2"
"Nrxn3",0.204470546730764,0.1544,"12","neurexin III"
"Dnah5",0.204459933310228,0.5812,"15","dynein, axonemal, heavy chain 5"
"Sipa1l3",0.204435541763448,0.1212,"7","signal-induced proliferation-associated 1 like 3"
"Slc35c2",-0.204366089149196,0.092,"2","solute carrier family 35, member C2"
"Gstz1",-0.204314777328851,0.0972,"12","glutathione transferase zeta 1 (maleylacetoacetate isomerase)"
"Manbal",-0.204307358846061,0.318,"2","mannosidase, beta A, lysosomal-like"
"Nufip2",0.204278107821473,0.1216,"11","nuclear FMR1 interacting protein 2"
"Sms",0.204248318008331,0.0752,"X","spermine synthase"
"Xist",0.204247259808263,0.592,"X","inactive X specific transcripts"
"Vkorc1",-0.204186691010225,0.5148,"7","vitamin K epoxide reductase complex, subunit 1"
"Dsel",0.204135308876368,0.2148,"1","dermatan sulfate epimerase-like"
"Ptpa",-0.204134982800101,0.2952,"2","protein phosphatase 2 protein activator"
"H2ax",-0.204085529338118,0.3816,"9","H2A.X variant histone"
"Tspan4",-0.203819694342518,0.1432,"7","tetraspanin 4"
"Yars",-0.203818574227979,0.1848,"4","tyrosyl-tRNA synthetase"
"Zfp871",0.203785006233752,0.386,"17","zinc finger protein 871"
"Dctpp1",-0.203778504253594,0.4688,"7","dCTP pyrophosphatase 1"
"Nfkbiz",-0.203755181159099,0.3912,"16","nuclear factor of kappa light polypeptide gene enhancer in B cells inhibitor, zeta"
"Poli",-0.203745911538266,0.0844,"18","polymerase (DNA directed), iota"
"Chgb",0.203709412523734,0.2708,"2","chromogranin B"
"Ascc1",-0.203701945039517,0.4636,"10","activating signal cointegrator 1 complex subunit 1"
"Prrg3",0.203700118648741,0.0552,"X","proline rich Gla (G-carboxyglutamic acid) 3 (transmembrane)"
"Bambi",-0.203669490167127,0.3744,"18","BMP and activin membrane-bound inhibitor"
"Ost4",-0.203624188326374,0.4468,"5","oligosaccharyltransferase complex subunit 4 (non-catalytic)"
"Snrpa1",-0.203564052468871,0.4148,"7","small nuclear ribonucleoprotein polypeptide A'"
"Gpn1",-0.203529605953771,0.1008,"5","GPN-loop GTPase 1"
"Drc1",-0.203497805619656,0.1816,"5","dynein regulatory complex subunit 1"
"D5Ertd579e",0.203490688376053,0.1616,"5","DNA segment, Chr 5, ERATO Doi 579, expressed"
"Tab3",0.203354119064717,0.2784,"X","TGF-beta activated kinase 1/MAP3K7 binding protein 3"
"Zbtb44",0.203313710330352,0.0552,"9","zinc finger and BTB domain containing 44"
"Polm",-0.203103315128781,0.248,"11","polymerase (DNA directed), mu"
"Qdpr",-0.202995291233028,0.5384,"5","quinoid dihydropteridine reductase"
"Tdp1",-0.202985326094358,0.2716,"12","tyrosyl-DNA phosphodiesterase 1"
"Frmd4a",0.202981778288821,0.3372,"2","FERM domain containing 4A"
"Rab3c",0.202904097955507,0.17,"13","RAB3C, member RAS oncogene family"
"Rgs9",-0.202903168590527,0.3396,"11","regulator of G-protein signaling 9"
"Haus3",0.202868085317531,0.094,"5","HAUS augmin-like complex, subunit 3"
"Dpysl2",-0.202859785670496,0.5732,"14","dihydropyrimidinase-like 2"
"Sos1",0.202856794374846,0.252,"17","SOS Ras/Rac guanine nucleotide exchange factor 1"
"Fgfr3",0.202809419371361,0.0332,"5","fibroblast growth factor receptor 3"
"Tcerg1",0.202774723224735,0.29,"18","transcription elongation regulator 1 (CA150)"
"Grm7",0.202678597170733,0.0452,"6","glutamate receptor, metabotropic 7"
"Calb1",0.202634930342701,0.19,"4","calbindin 1"
"Esyt1",-0.202590281804648,0.4388,"10","extended synaptotagmin-like protein 1"
"Tsfm",-0.202510961548669,0.1636,"10","Ts translation elongation factor, mitochondrial"
"Micos13",-0.202426414691147,0.3192,"17","mitochondrial contact site and cristae organizing system subunit 13"
"Spef1",-0.202424251164072,0.2668,"2","sperm flagellar 1"
"Il17ra",-0.202389559091377,0.238,"6","interleukin 17 receptor A"
"Smc1a",0.202355970657548,0.0088,"X","structural maintenance of chromosomes 1A"
"Klhl9",0.202310483829024,0,"4","kelch-like 9"
"Nrcam",0.202292045863502,0.4016,"12","neuronal cell adhesion molecule"
"Tacc1",0.202281475024912,0.0412,"8","transforming, acidic coiled-coil containing protein 1"
"Rpl7l1",-0.202264883466016,0.032,"17","ribosomal protein L7-like 1"
"Prxl2c",0.202250131867091,0.0412,"13","peroxiredoxin like 2C"
"Yipf2",0.202235072700827,0.2728,"9","Yip1 domain family, member 2"
"Gpr17",0.202162733746913,0.4896,"18","G protein-coupled receptor 17"
"Itga9",0.202108854176592,0.7908,"9","integrin alpha 9"
"Pcdhb22",0.201970521651726,0.472,"18","protocadherin beta 22"
"Nr1h3",0.201947433712763,0.4156,"2","nuclear receptor subfamily 1, group H, member 3"
"Aass",0.201928944103089,0.1664,"6","aminoadipate-semialdehyde synthase"
"Parvb",0.201915772967902,0.0772,"15","parvin, beta"
"Tpp2",0.201875578335744,0.2052,"1","tripeptidyl peptidase II"
"Tmem30a",0.201860225362487,0.1272,"9","transmembrane protein 30A"
"Ppp1cb",0.201825369778077,0.0172,"5","protein phosphatase 1 catalytic subunit beta"
"Zfp956",-0.201817055021588,0.1084,"6","zinc finger protein 956"
"Camk1g",-0.201715216980263,0.0452,"1","calcium/calmodulin-dependent protein kinase I gamma"
"Cul4b",0.201684090519408,0.4048,"X","cullin 4B"
"Ccdc88a",0.2016791024067,0.224,"11","coiled coil domain containing 88A"
"6530402F18Rik",0.201600352580131,0.2524,"2","RIKEN cDNA 6530402F18 gene"
"Amotl2",0.201573972563348,0.1412,"9","angiomotin-like 2"
"Kcnab3",-0.201538325467454,0.3372,"11","potassium voltage-gated channel, shaker-related subfamily, beta member 3"
"Smc4",0.201531330182076,0.3736,"3","structural maintenance of chromosomes 4"
"Col4a4",-0.20148392747225,0.7056,"1","collagen, type IV, alpha 4"
"Prxl2b",-0.201470967062488,0.4852,"4","peroxiredoxin like 2B"
"Zfp948",-0.2014708928297,0.3904,"17","zinc finger protein 948"
"Pcnx4",0.201420288618943,0.2584,"12","pecanex homolog 4"
"Olfm4",0.201366174119258,0.2704,"14","olfactomedin 4"
"Chaf1a",0.201268579745292,0.012,"17","chromatin assembly factor 1, subunit A (p150)"
"Plpp7",-0.201231501437266,0.184,"2","phospholipid phosphatase 7 (inactive)"
"Ccdc189",-0.201204770833242,0.3952,"7","coiled-coil domain containing 189"
"Adgrg1",0.201191991267582,0.0852,"8","adhesion G protein-coupled receptor G1"
"Lrp6",0.201091177154163,0.1104,"6","low density lipoprotein receptor-related protein 6"
"Zfp109",0.200897375943991,0.6884,"7","zinc finger protein 109"
"Abhd17a",-0.200750856537411,0.4084,"10","abhydrolase domain containing 17A"
"Adam1a",-0.200660507088266,0.5884,"5","a disintegrin and metallopeptidase domain 1a"
"Acot5",-0.200645188236174,0.5404,"12","acyl-CoA thioesterase 5"
"Cdk6",-0.200644740117932,0.6516,"5","cyclin-dependent kinase 6"
"Slain2",0.200536755919359,0.0376,"5","SLAIN motif family, member 2"
"Hook2",-0.20048801538675,0.3696,"8","hook microtubule tethering protein 2"
"Mettl14",0.200475561115725,0.0284,"3","methyltransferase like 14"
"Rsbn1l",0.200470439961364,0.2204,"5","round spermatid basic protein 1-like"
"Gabrg3",0.200462685808673,0.5484,"7","gamma-aminobutyric acid (GABA) A receptor, subunit gamma 3"
"Mrpl55",-0.200378302451128,0.3212,"11","mitochondrial ribosomal protein L55"
"Zfp551",0.20034081402723,0.6804,"7","zinc fingr protein 551"
"Ap3m1",0.200319714518026,0.02,"14","adaptor-related protein complex 3, mu 1 subunit"
"Ostf1",0.200175471342349,0.11,"19","osteoclast stimulating factor 1"
"Setx",0.20012350272511,0.3604,"2","senataxin"
"E130008D07Rik",0.20008416537962,0.352,"17","RIKEN cDNA E130008D07 gene"
"Slc25a10",-0.200026270383239,0.2728,"11","solute carrier family 25 (mitochondrial carrier, dicarboxylate transporter), member 10"
"Znrd2",-0.20002348731493,0.396,"19","zinc ribbon domain containing 2"
"Bbof1",-0.200005216987807,0.5896,"12","basal body orientation factor 1"
"Npnt",0.199974896965428,0.1192,"3","nephronectin"
"Trpc4",0.199938664670245,0.1976,"3","transient receptor potential cation channel, subfamily C, member 4"
"Nbn",-0.199929877046579,0.09,"4","nibrin"
"Brinp3",0.199907091157581,0.2796,"1","bone morphogenetic protein/retinoic acid inducible neural specific 3"
"Adgrl4",-0.199901829263588,0.6652,"3","adhesion G protein-coupled receptor L4"
"Setbp1",0.199814195159108,0.4108,"18","SET binding protein 1"
"Dpf1",-0.199792308593756,0.144,"7","double PHD fingers 1"
"Pcdh20",0.199749441049657,0.0396,"14","protocadherin 20"
"Tmed1",-0.199735191323975,0.3172,"9","transmembrane p24 trafficking protein 1"
"Bclaf1",0.199731541305781,0.2216,"10","BCL2-associated transcription factor 1"
"Rtl8c",-0.199724608377148,0.3444,"X","retrotransposon Gag like 8C"
"Septin10",-0.19964527618246,0.2804,"10","septin 10"
"Tmod2",0.199623062092982,0.0828,"9","tropomodulin 2"
"2010315B03Rik",-0.199476440689668,0.2196,"9","RIKEN cDNA 2010315B03 gene"
"Mib1",0.199410128987696,0.072,"18","MIB E3 ubiquitin protein ligase 1"
"Ndufb2",-0.199398346388915,0.3596,"6","NADH:ubiquinone oxidoreductase subunit B2"
"Apbb1ip",0.199360951201887,0.7032,"2","amyloid beta (A4) precursor protein-binding, family B, member 1 interacting protein"
"Shf",-0.199347096814945,0.1568,"2","Src homology 2 domain containing F"
"Atp11b",0.199342468434228,0.28,"3","ATPase, class VI, type 11B"
"Alkbh4",-0.199325957463829,0.1888,"5","alkB homolog 4, lysine demethylase"
"Wdr44",0.199289012523207,0.1156,"X","WD repeat domain 44"
"Ptma",-0.199267981371164,0.4068,"1","prothymosin alpha"
"Smc5",0.199213749330187,0.2876,"19","structural maintenance of chromosomes 5"
"Haghl",-0.199151563656381,0.1892,"17","hydroxyacylglutathione hydrolase-like"
"Pcsk1n",-0.199134637050713,0.5328,"X","proprotein convertase subtilisin/kexin type 1 inhibitor"
"Cdk14",0.199091711721344,0.012,"5","cyclin-dependent kinase 14"
"Exosc8",-0.199057184861701,0.1896,"3","exosome component 8"
"Rfx7",0.199016184253514,0.3692,"9","regulatory factor X, 7"
"Cgn",-0.198943595201203,0.3036,"3","cingulin"
"Rfc5",-0.198900753943562,0.1188,"5","replication factor C (activator 1) 5"
"Abcc10",-0.198892532935625,0.3452,"17","ATP-binding cassette, sub-family C (CFTR/MRP), member 10"
"Lonrf2",0.198875045164549,0.0836,"1","LON peptidase N-terminal domain and ring finger 2"
"1700086L19Rik",0.198655578364406,0.6184,"12","RIKEN cDNA 1700086L19 gene"
"Cradd",-0.198621915923858,0.3488,"10","CASP2 and RIPK1 domain containing adaptor with death domain"
"Hexb",0.198601530495655,0.858,"13","hexosaminidase B"
"Dhx15",0.198523916758394,0.4908,"5","DEAH (Asp-Glu-Ala-His) box polypeptide 15"
"Parp1",0.198519584306935,0.1436,"1","poly (ADP-ribose) polymerase family, member 1"
"Lrp10",-0.198445933024127,0.1608,"14","low-density lipoprotein receptor-related protein 10"
"Ptbp2",0.198427754720166,0.1772,"3","polypyrimidine tract binding protein 2"
"C2cd2",0.198363250284521,0.1736,"16","C2 calcium-dependent domain containing 2"
"Igfbpl1",0.198312288054798,0.3096,"4","insulin-like growth factor binding protein-like 1"
"Brd4",0.198284337364693,0.2336,"17","bromodomain containing 4"
"Zfp653",-0.198261898767937,0.1424,"9","zinc finger protein 653"
"Phc3",0.198217584875612,0.3564,"3","polyhomeotic 3"
"Ankrd13d",-0.198194346609781,0.0784,"19","ankyrin repeat domain 13 family, member D"
"Ppp1r3e",0.198146912788904,0.3188,"14","protein phosphatase 1, regulatory subunit 3E"
"2210016L21Rik",-0.19814514826589,0.3268,"5","RIKEN cDNA 2210016L21 gene"
"Tars2",-0.198140512130867,0.012,"3","threonyl-tRNA synthetase 2, mitochondrial (putative)"
"Srgap2",0.198137904854136,0.3808,"1","SLIT-ROBO Rho GTPase activating protein 2"
"Pdcl",0.198134154333217,0.1416,"2","phosducin-like"
"Selenop",0.198100070341673,0.3332,"15","selenoprotein P"
"Zbtb34",0.198088942671248,0.1704,"2","zinc finger and BTB domain containing 34"
"Wrap53",-0.19805765111377,0.3244,"11","WD repeat containing, antisense to Trp53"
"Comt",-0.198032475807532,0.2812,"16","catechol-O-methyltransferase"
"Etl4",0.19795467044732,0.1396,"2","enhancer trap locus 4"
"Nagpa",-0.197889641641015,0.1044,"16","N-acetylglucosamine-1-phosphodiester alpha-N-acetylglucosaminidase"
"Wdr4",-0.197856799793783,0.056,"17","WD repeat domain 4"
"Slc31a2",-0.197852489423981,0.4032,"4","solute carrier family 31, member 2"
"Zmynd10",-0.197812769496234,0.37,"9","zinc finger, MYND domain containing 10"
"Klhdc4",-0.197812056983531,0.2496,"8","kelch domain containing 4"
"Cntn4",0.197797332462427,0.496,"6","contactin 4"
"Mrpl38",-0.197776931866581,0.2716,"11","mitochondrial ribosomal protein L38"
"Trim32",0.197749778066995,0.01,"4","tripartite motif-containing 32"
"Foxn2",0.197734958351634,0.0576,"17","forkhead box N2"
"Snf8",-0.197679816491941,0.4976,"11","SNF8, ESCRT-II complex subunit, homolog (S. cerevisiae)"
"Gfod1",0.197676543289882,0.0896,"13","glucose-fructose oxidoreductase domain containing 1"
"Czib",-0.197674708473033,0.21,"4","CXXC motif containing zinc binding protein"
"Rnf217",-0.197612239814657,0.2888,"10","ring finger protein 217"
"Ptprm",0.197574446050773,0.6592,"17","protein tyrosine phosphatase, receptor type, M"
"Ednra",-0.197535797367038,0.2852,"8","endothelin receptor type A"
"Gm11266",-0.197500918195251,0.504,"4","predicted gene 11266"
"Bag4",0.19746911842654,0.026,"8","BCL2-associated athanogene 4"
"Ednrb",-0.197461209443381,0.3812,"14","endothelin receptor type B"
"F8a",-0.197367645769115,0.3704,"X","factor 8-associated gene A"
"Sacs",0.197340477086136,0.4196,"14","sacsin"
"Tmem60",-0.197335124286595,0.336,"5","transmembrane protein 60"
"Ubald1",-0.197334283196417,0.4664,"16","UBA-like domain containing 1"
"Enho",-0.197318742169379,0.4456,"4","energy homeostasis associated"
"Frmpd3",0.197312587322407,0.1532,"X","FERM and PDZ domain containing 3"
"Myh10",0.197291058792921,0.328,"11","myosin, heavy polypeptide 10, non-muscle"
"Bivm",0.197288830638982,0.1968,"1","basic, immunoglobulin-like variable motif containing"
"Fgf5",0.197273777658366,0.168,"5","fibroblast growth factor 5"
"St6gal1",0.197248235231122,0.3756,"16","beta galactoside alpha 2,6 sialyltransferase 1"
"Tm9sf3",0.197224179358714,0.042,"19","transmembrane 9 superfamily member 3"
"Cacnb3",-0.197215800878299,0.428,"15","calcium channel, voltage-dependent, beta 3 subunit"
"Rfc3",-0.197200204067411,0.354,"5","replication factor C (activator 1) 3"
"Txnl4a",-0.197115234755375,0.2984,"18","thioredoxin-like 4A"
"Npdc1",-0.197089575085954,0.28,"2","neural proliferation, differentiation and control 1"
"Pear1",-0.197063133298642,0.4776,"3","platelet endothelial aggregation receptor 1"
"Nwd2",0.197023903650294,0.3996,"5","NACHT and WD repeat domain containing 2"
"Tmem169",0.196952224862425,0.3564,"1","transmembrane protein 169"
"Olfml1",-0.196894695231422,0.2048,"7","olfactomedin-like 1"
"Rac3",-0.19681956216262,0.0272,"11","Rac family small GTPase 3"
"Nckap5",-0.196670850102102,0.196,"1","NCK-associated protein 5"
"Lacc1",-0.196669542657481,0.0752,"14","laccase domain containing 1"
"Smc3",0.196608183361229,0.2464,"19","structural maintenance of chromosomes 3"
"Uxs1",0.19654387916905,0.0476,"1","UDP-glucuronate decarboxylase 1"
"Phf8",0.196482186760105,0.1136,"X","PHD finger protein 8"
"Ostc",-0.196434933861127,0.1544,"3","oligosaccharyltransferase complex subunit (non-catalytic)"
"Zic4",-0.196434679608825,0.6896,"9","zinc finger protein of the cerebellum 4"
"Dgkb",0.196425192398342,0.326,"12","diacylglycerol kinase, beta"
"Them4",-0.196350240897625,0.2592,"3","thioesterase superfamily member 4"
"Atp5o",-0.196307749100522,0.4212,"16","ATP synthase, H+ transporting, mitochondrial F1 complex, O subunit"
"Astn1",0.19629975758037,0.256,"1","astrotactin 1"
"Trim33",0.196268759458728,0.1796,"3","tripartite motif-containing 33"
"Pik3ip1",-0.196252541511969,0.1172,"11","phosphoinositide-3-kinase interacting protein 1"
"Cers6",0.196248945595834,0.1956,"2","ceramide synthase 6"
"Slc6a1",0.196244739169865,0.1,"6","solute carrier family 6 (neurotransmitter transporter, GABA), member 1"
"Arid1b",0.196233531693347,0.0892,"17","AT rich interactive domain 1B (SWI-like)"
"Itpkb",0.196214508928474,0.4124,"1","inositol 1,4,5-trisphosphate 3-kinase B"
"Pdpk1",0.196148751119484,0.3284,"17","3-phosphoinositide dependent protein kinase 1"
"Runx1t1",0.196134617236292,0.232,"4","RUNX1 translocation partner 1"
"Mtmr6",0.196128484792454,0.2536,"14","myotubularin related protein 6"
"Fam78b",0.196119776444599,0.0976,"1","family with sequence similarity 78, member B"
"Clint1",0.196115702640132,0.2672,"11","clathrin interactor 1"
"Foxj2",0.196064246343623,0.1956,"6","forkhead box J2"
"Cope",-0.196053718852953,0.3184,"8","coatomer protein complex, subunit epsilon"
"Brwd3",0.196043126167464,0.4548,"X","bromodomain and WD repeat domain containing 3"
"Cfap126",-0.196029087253699,0.7592,"1","cilia and flagella associated protein 126"
"Mrc2",-0.196013110684347,0.5052,"11","mannose receptor, C type 2"
"Dus3l",-0.195945115998907,0.1516,"17","dihydrouridine synthase 3-like (S. cerevisiae)"
"Ccnl2",-0.195908581723392,0.3288,"4","cyclin L2"
"Zfp219",-0.195865173411297,0.1184,"14","zinc finger protein 219"
"Prss12",-0.195865147396173,0.3172,"3","protease, serine 12 neurotrypsin (motopsin)"
"Ubxn2a",0.195851691586699,0.3044,"12","UBX domain protein 2A"
"Ankrd45",0.195705739944651,0.1312,"1","ankyrin repeat domain 45"
"Otud1",0.195673783824626,0.1564,"2","OTU domain containing 1"
"Lime1",-0.195645216104767,0.3256,"2","Lck interacting transmembrane adaptor 1"
"Gabra4",0.195621683263387,0.2668,"5","gamma-aminobutyric acid (GABA) A receptor, subunit alpha 4"
"Taf2",0.195606595728099,0.3176,"15","TATA-box binding protein associated factor 2"
"Stx8",-0.195595322231688,0.314,"11","syntaxin 8"
"Dohh",-0.195567084033791,0.3864,"10","deoxyhypusine hydroxylase/monooxygenase"
"Pdgfra",0.195545448882918,0.6932,"5","platelet derived growth factor receptor, alpha polypeptide"
"Stard10",-0.195500250580211,0.5904,"7","START domain containing 10"
"Atp1b2",0.195466273595102,0.0564,"11","ATPase, Na+/K+ transporting, beta 2 polypeptide"
"Thsd7a",0.1954474222666,0.2428,"6","thrombospondin, type I, domain containing 7A"
"Trmu",-0.195433892792734,0.088,"15","tRNA 5-methylaminomethyl-2-thiouridylate methyltransferase"
"Snx25",0.195424826231552,0.0292,"8","sorting nexin 25"
"Galnt4",0.195395859708379,0.3184,"10","polypeptide N-acetylgalactosaminyltransferase 4"
"H2-Ke6",-0.195384003814032,0.3268,"17","H2-K region expressed gene 6"
"Scn2a",0.195375547627208,0.3436,"2","sodium channel, voltage-gated, type II, alpha"
"Ppfibp1",0.19533233769752,0.5768,"6","PTPRF interacting protein, binding protein 1 (liprin beta 1)"
"Tab2",0.195297202878074,0.0184,"10","TGF-beta activated kinase 1/MAP3K7 binding protein 2"
"Hsph1",0.195288601263934,0.064,"5","heat shock 105kDa/110kDa protein 1"
"Uhrf2",0.195283170581098,0.1992,"19","ubiquitin-like, containing PHD and RING finger domains 2"
"Spa17",-0.195255142820393,0.6796,"9","sperm autoantigenic protein 17"
"Tmx4",0.195197365463609,0.0748,"2","thioredoxin-related transmembrane protein 4"
"Cdh10",0.195193300188333,0.1848,"15","cadherin 10"
"Tmem97",-0.195188083437067,0.2612,"11","transmembrane protein 97"
"Prpf4b",0.195121405475451,0.5272,"13","pre-mRNA processing factor 4B"
"Eno1",-0.195118407200816,0.3696,"4","enolase 1, alpha non-neuron"
"Rsph1",-0.195081558461579,0.616,"17","radial spoke head 1 homolog (Chlamydomonas)"
"Med22",-0.195070418775709,0.0988,"2","mediator complex subunit 22"
"Fuz",-0.195047608062523,0.0392,"7","fuzzy planar cell polarity protein"
"Rab27a",0.195038541900633,0.3708,"9","RAB27A, member RAS oncogene family"
"Usp34",0.195010397416053,0.5524,"11","ubiquitin specific peptidase 34"
"Fam169a",0.194944475730414,0.236,"13","family with sequence similarity 169, member A"
"Septin4",-0.194914457861342,0.4584,"11","septin 4"
"Dlg2",0.194899895454828,0.0568,"7","discs large MAGUK scaffold protein 2"
"Trip6",-0.19489527751383,0.3052,"5","thyroid hormone receptor interactor 6"
"Tmem215",0.194874013966995,0.6396,"4","transmembrane protein 215"
"Mpdu1",-0.194869110801061,0.1936,"11","mannose-P-dolichol utilization defect 1"
"Fgd4",0.194846600384178,0.1756,"16","FYVE, RhoGEF and PH domain containing 4"
"Slit3",0.194794830435161,0.6812,"11","slit guidance ligand 3"
"Phkg1",-0.194771103583991,0.0604,"5","phosphorylase kinase gamma 1"
"Wnt9a",0.194762943665635,0.652,"11","wingless-type MMTV integration site family, member 9A"
"Tmem74",0.194761147139726,0.74,"15","transmembrane protein 74"
"Suclg2",-0.19471329684847,0.4468,"6","succinate-Coenzyme A ligase, GDP-forming, beta subunit"
"2900052N01Rik",-0.194686500577771,0.5772,"9","RIKEN cDNA 2900052N01 gene"
"Wdr46",-0.194670577376693,0.102,"17","WD repeat domain 46"
"Gls2",-0.194646450575276,0.2732,"10","glutaminase 2 (liver, mitochondrial)"
"Baz2b",0.194644716588081,0.4464,"2","bromodomain adjacent to zinc finger domain, 2B"
"Cdk9",-0.19464360701308,0.1088,"2","cyclin-dependent kinase 9 (CDC2-related kinase)"
"Pdgfa",-0.194614373447132,0.4012,"5","platelet derived growth factor, alpha"
"Nprl3",-0.194604773697988,0.0948,"11","nitrogen permease regulator-like 3"
"Dipk1b",-0.194601864255969,0.2012,"2","divergent protein kinase domain 1B"
"Sorl1",0.194534248079449,0.2676,"9","sortilin-related receptor, LDLR class A repeats-containing"
"Lin7b",-0.194497495759319,0.3884,"7","lin-7 homolog B, crumbs cell polarity complex component"
"Zfp691",-0.194475600668656,0.1988,"4","zinc finger protein 691"
"Zkscan3",-0.194458874666133,0.2268,"13","zinc finger with KRAB and SCAN domains 3"
"Magi2",0.194408011391025,0.066,"5","membrane associated guanylate kinase, WW and PDZ domain containing 2"
"Cul2",0.19440726993879,0.1944,"18","cullin 2"
"Calr",0.194400096626778,0.2552,"8","calreticulin"
"Oxa1l",-0.194397041807655,0.272,"14","oxidase assembly 1-like"
"Fam217b",0.194306491534891,0.5216,"2","family with sequence similarity 217, member B"
"Plxna2",0.194212690045997,0.2472,"1","plexin A2"
"Apmap",0.194171895527003,0.0888,"2","adipocyte plasma membrane associated protein"
"Idnk",-0.194147834704083,0.2492,"13","idnK gluconokinase homolog (E. coli)"
"Hivep2",0.19409848449834,0.2088,"10","human immunodeficiency virus type I enhancer binding protein 2"
"Soga3",0.1939874793578,0.3488,"10","SOGA family member 3"
"Tagln2",-0.193902940590652,0.3708,"1","transgelin 2"
"Cyfip2",0.193902538001664,0.0468,"11","cytoplasmic FMR1 interacting protein 2"
"Exosc5",-0.193853935020363,0.4896,"7","exosome component 5"
"Slit1",0.193793026989626,0.5368,"19","slit guidance ligand 1"
"Ap5z1",-0.193763477324126,0.3264,"5","adaptor-related protein complex 5, zeta 1 subunit"
"Zfp612",0.193717988884144,0.3748,"8","zinc finger protein 612"
"Zbtb11os1",-0.193623292469539,0.1448,"16","zinc finger and BTB domain containing 11, opposite strand 1"
"Slc4a8",0.193611370402365,0.388,"15","solute carrier family 4 (anion exchanger), member 8"
"Psmc6",0.193590677211057,0.138,"14","proteasome (prosome, macropain) 26S subunit, ATPase, 6"
"Tbc1d22a",-0.193565495068842,0.2232,"15","TBC1 domain family, member 22a"
"Fam107a",0.193553012070373,0.3036,"14","family with sequence similarity 107, member A"
"Gpalpp1",0.193552848549782,0.5112,"14","GPALPP motifs containing 1"
"Kmt2e",0.193542714131907,0.31,"5","lysine (K)-specific methyltransferase 2E"
"Rgs4",0.193477998172304,0.1632,"1","regulator of G-protein signaling 4"
"Slc16a1",-0.193472877942161,0.2396,"3","solute carrier family 16 (monocarboxylic acid transporters), member 1"
"Ttll3",-0.193352326720814,0.434,"6","tubulin tyrosine ligase-like family, member 3"
"Hspa12b",-0.193332960738574,0.5756,"2","heat shock protein 12B"
"Gli2",0.193326742660999,0.4152,"1","GLI-Kruppel family member GLI2"
"Sfxn2",-0.193228200298962,0.5304,"19","sideroflexin 2"
"Stam",0.193177579519123,0.2164,"2","signal transducing adaptor molecule (SH3 domain and ITAM motif) 1"
"Prss36",-0.193171184560726,0.1572,"7","protease, serine 36"
"Ftx",-0.19315809098826,0.6248,"X","Ftx transcript, Xist regulator (non-protein coding)"
"Cntrl",-0.193139444398359,0.5844,"2","centriolin"
"Mrpl2",-0.19309609886065,0.3324,"17","mitochondrial ribosomal protein L2"
"Mrpl28",-0.193063720873918,0.3968,"17","mitochondrial ribosomal protein L28"
"Srgap3",0.192976154793641,0.1768,"6","SLIT-ROBO Rho GTPase activating protein 3"
"Fuca2",0.192948341560802,0.0924,"10","fucosidase, alpha-L- 2, plasma"
"Yipf6",0.192892040429532,0.0948,"X","Yip1 domain family, member 6"
"Ptprn2",0.192881188849703,0.3848,"12","protein tyrosine phosphatase, receptor type, N polypeptide 2"
"Atxn7l1",0.192865137826834,0.0328,"12","ataxin 7-like 1"
"Zmat5",-0.192849725627333,0.484,"11","zinc finger, matrin type 5"
"Decr2",-0.192765141274347,0.1212,"17","2-4-dienoyl-Coenzyme A reductase 2, peroxisomal"
"Galnt9",-0.19272917587173,0.3156,"5","polypeptide N-acetylgalactosaminyltransferase 9"
"Fem1b",0.192683195867779,0.0184,"9","fem 1 homolog b"
"Armcx5",0.192615258037891,0.3368,"X","armadillo repeat containing, X-linked 5"
"Selenom",-0.192571147959805,0.6312,"11","selenoprotein M"
"Ctu2",-0.192545166365352,0.038,"8","cytosolic thiouridylase subunit 2"
"Cnot4",0.192514252106461,0.044,"6","CCR4-NOT transcription complex, subunit 4"
"Chchd6",-0.192468048949503,0.5232,"6","coiled-coil-helix-coiled-coil-helix domain containing 6"
"Armh4",0.192456046887489,0.4364,"14","armadillo-like helical domain containing 4"
"Arhgdig",-0.19243087705878,0.4896,"17","Rho GDP dissociation inhibitor (GDI) gamma"
"Kif21a",0.192430031163007,0.2736,"15","kinesin family member 21A"
"Amdhd2",-0.192420303030807,0.362,"17","amidohydrolase domain containing 2"
"Kctd2",-0.192417835836867,0.2508,"11","potassium channel tetramerisation domain containing 2"
"Dop1a",0.192403441315729,0.51,"9","DOP1 leucine zipper like protein A"
"Anapc5",-0.192372292814343,0.0796,"5","anaphase-promoting complex subunit 5"
"Rfc2",-0.192293179088311,0.1252,"5","replication factor C (activator 1) 2"
"Cnpy2",-0.192260132705335,0.3648,"10","canopy FGF signaling regulator 2"
"Smdt1",-0.192245752382762,0.4812,"15","single-pass membrane protein with aspartate rich tail 1"
"Arsb",0.191974613263249,0.0832,"13","arylsulfatase B"
"Stag2",0.191938567297438,0.0144,"X","stromal antigen 2"
"Armc2",-0.191915908746581,0.1616,"10","armadillo repeat containing 2"
"Bcas2",-0.19186236953871,0.1416,"3","BCAS2 pre-mRNA processing factor"
"Zfp37",0.191805449274992,0.1384,"4","zinc finger protein 37"
"Ubxn7",0.191769157453989,0.1108,"16","UBX domain protein 7"
"Kpna1",0.191751797622892,0.3532,"16","karyopherin (importin) alpha 1"
"Sfmbt2",0.191739167491616,0.4692,"2","Scm-like with four mbt domains 2"
"Cops6",-0.191733116481607,0.3288,"5","COP9 signalosome subunit 6"
"Tfeb",-0.191698995073819,0.2268,"17","transcription factor EB"
"Tmem11",-0.191667072615037,0.2764,"11","transmembrane protein 11"
"Fam241b",-0.191621045807905,0.1676,"10","family with sequence similarity 241, member B"
"Tmem177",-0.191498706744177,0.1284,"1","transmembrane protein 177"
"Cpox",0.191478726780812,0.0664,"16","coproporphyrinogen oxidase"
"Paqr3",0.191406793318378,0.1596,"5","progestin and adipoQ receptor family member III"
"Cdkn2aip",0.191343498188686,0.2164,"8","CDKN2A interacting protein"
"Trmt1",-0.191313571164532,0.2688,"8","tRNA methyltransferase 1"
"Rpl36al",-0.191313047547311,0.5476,"12","ribosomal protein L36A-like"
"Leng8",-0.191302646751613,0.596,"7","leukocyte receptor cluster (LRC) member 8"
"Zkscan8",0.191249477322204,0.348,"13","zinc finger with KRAB and SCAN domains 8"
"Rbck1",-0.191233855285956,0.2392,"2","RanBP-type and C3HC4-type zinc finger containing 1"
"Vwa1",-0.191218742706207,0.2316,"4","von Willebrand factor A domain containing 1"
"Pnck",-0.191214064435684,0.2872,"X","pregnancy upregulated non-ubiquitously expressed CaM kinase"
"Tpgs1",-0.191195051158615,0.5504,"10","tubulin polyglutamylase complex subunit 1"
"Ssh2",0.191164624339348,0.2192,"11","slingshot protein phosphatase 2"
"Rad23b",0.191139178579383,0.1332,"4","RAD23 homolog B, nucleotide excision repair protein"
"Fbxw7",0.191096477468514,0.0248,"3","F-box and WD-40 domain protein 7"
"Rpl5",-0.191070315896344,0.304,"5","ribosomal protein L5"
"Aldh3b1",-0.191058759209353,0.5456,"19","aldehyde dehydrogenase 3 family, member B1"
"Hdac10",-0.19101983753278,0.4028,"15","histone deacetylase 10"
"Cnot1",0.190923351138949,0.5228,"8","CCR4-NOT transcription complex, subunit 1"
"Ptgs1",0.190859107384835,0.46,"2","prostaglandin-endoperoxide synthase 1"
"Tmem151b",0.190747572474023,0.2552,"17","transmembrane protein 151B"
"Fam50a",-0.190686084068825,0.3476,"X","family with sequence similarity 50, member A"
"Tmem80",-0.190589300474228,0.0432,"7","transmembrane protein 80"
"Trp53bp2",0.19057556126288,0.072,"1","transformation related protein 53 binding protein 2"
"Ccdc66",0.190571732507761,0.12,"14","coiled-coil domain containing 66"
"Tmem135",0.190570674733647,0.1612,"7","transmembrane protein 135"
"Kcnd2",0.190566754685452,0.2344,"6","potassium voltage-gated channel, Shal-related family, member 2"
"Pigz",-0.190511728006971,0.5756,"16","phosphatidylinositol glycan anchor biosynthesis, class Z"
"Zscan25",0.190456251292317,0.0352,"5","zinc finger and SCAN domain containing 25"
"Snrnp35",-0.190445992656037,0.4656,"5","small nuclear ribonucleoprotein 35 (U11/U12)"
"Myo9a",0.19035037913376,0.3416,"9","myosin IXa"
"Crebbp",0.190322284288428,0.5,"16","CREB binding protein"
"Anln",0.190267289691123,0.4836,"9","anillin, actin binding protein"
"Ndufa3",-0.190249067958943,0.5728,"7","NADH:ubiquinone oxidoreductase subunit A3"
"Fubp1",0.190202430799495,0.3256,"3","far upstream element (FUSE) binding protein 1"
"Pld1",0.190193187606942,0.5088,"3","phospholipase D1"
"Sema4d",0.190168671448186,0.1296,"13","sema domain, immunoglobulin domain (Ig), transmembrane domain (TM) and short cytoplasmic domain, (semaphorin) 4D"
"Asrgl1",-0.190118321490281,0.444,"19","asparaginase like 1"
"Tent4b",0.190071933860452,0.1544,"8","terminal nucleotidyltransferase 4B"
"Col27a1",-0.190002995249112,0.5068,"4","collagen, type XXVII, alpha 1"
"Fcf1",-0.189967862205525,0.4156,"12","FCF1 rRNA processing protein"
"Ndufa10",-0.189847468063398,0.3448,"1","NADH:ubiquinone oxidoreductase subunit A10"
"Gpm6a",0.189846537848561,0.0612,"8","glycoprotein m6a"
"Pcdhga2",0.189811125069363,0.4896,"18","protocadherin gamma subfamily A, 2"
"Dap3",-0.18970244103102,0.246,"3","death associated protein 3"
"Ankrd33b",0.189649193177034,0.2952,"15","ankyrin repeat domain 33B"
"Nmi",-0.189562830984781,0.6644,"2","N-myc (and STAT) interactor"
"Lgi2",0.189355714943834,0.7344,"5","leucine-rich repeat LGI family, member 2"
"Cdhr3",0.189293850833949,0.3824,"12","cadherin-related family member 3"
"Rps6kb1",0.189270612009375,0.1128,"11","ribosomal protein S6 kinase, polypeptide 1"
"Bloc1s2",-0.189168172551732,0.0908,"19","biogenesis of lysosomal organelles complex-1, subunit 2"
"1700030J22Rik",0.189070237265291,0.0972,"8","RIKEN cDNA 1700030J22 gene"
"Asxl1",0.189069614983375,0.5488,"2","ASXL transcriptional regulator 1"
"Septin7",0.189048030510929,0.0276,"9","septin 7"
"Parp4",-0.189014784377823,0.512,"14","poly (ADP-ribose) polymerase family, member 4"
"Rab33a",-0.188977625064474,0.3968,"X","RAB33A, member RAS oncogene family"
"Irs1",0.188968910491648,0.0612,"1","insulin receptor substrate 1"
"Josd2",-0.188944666060196,0.3752,"7","Josephin domain containing 2"
"Tab1",-0.188940831708344,0.2136,"15","TGF-beta activated kinase 1/MAP3K7 binding protein 1"
"Cox5a",-0.188937292101252,0.232,"9","cytochrome c oxidase subunit 5A"
"Naa30",0.188917266522212,0.0184,"14","N(alpha)-acetyltransferase 30, NatC catalytic subunit"
"Glt8d2",-0.188862174867305,0.5004,"10","glycosyltransferase 8 domain containing 2"
"Taf1a",-0.188754644846223,0.3876,"1","TATA-box binding protein associated factor, RNA polymerase I, A"
"Clmp",0.188747618846295,0.2,"9","CXADR-like membrane protein"
"Col11a2",-0.18870376814546,0.3496,"17","collagen, type XI, alpha 2"
"Dapk3",-0.1886370068527,0.332,"10","death-associated protein kinase 3"
"Rimbp3",-0.188616701311413,0.498,"16","RIMS binding protein 3"
"Polr2f",-0.18859443435297,0.5276,"15","polymerase (RNA) II (DNA directed) polypeptide F"
"Alms1",0.188540818231667,0.4212,"6","ALMS1, centrosome and basal body associated"
"Rbm48",0.188525639998331,0.0672,"5","RNA binding motif protein 48"
"Psmd9",-0.188496482261318,0.2228,"5","proteasome (prosome, macropain) 26S subunit, non-ATPase, 9"
"C1d",-0.188486578458095,0.2624,"11","C1D nuclear receptor co-repressor"
"Zbtb18",0.188335429273085,0.0524,"1","zinc finger and BTB domain containing 18"
"Crhr2",0.188319821852297,0.6684,"6","corticotropin releasing hormone receptor 2"
"Mpg",-0.188299850652033,0.1812,"11","N-methylpurine-DNA glycosylase"
"Xdh",0.188262782378964,0.818,"17","xanthine dehydrogenase"
"Gemin4",-0.188200881132933,0.1796,"11","gem nuclear organelle associated protein 4"
"4833422C13Rik",0.188163616482096,0.1356,"13","RIKEN cDNA 4833422C13 gene"
"Rabgap1l",0.188155657383834,0.1004,"1","RAB GTPase activating protein 1-like"
"Arhgef19",-0.188144763302773,0.258,"4","Rho guanine nucleotide exchange factor (GEF) 19"
"Cabp1",-0.188097505914906,0.4168,"5","calcium binding protein 1"
"Rbm41",0.188001857194529,0.0588,"X","RNA binding motif protein 41"
"Scrn1",0.187991927005642,0.356,"6","secernin 1"
"Hdac9",0.187978239122687,0.5304,"12","histone deacetylase 9"
"Tapbp",-0.187961735662456,0.064,"17","TAP binding protein"
"Ppp1r12b",0.187899760337804,0.0612,"1","protein phosphatase 1, regulatory subunit 12B"
"Epb41l4a",0.187894288828342,0.136,"18","erythrocyte membrane protein band 4.1 like 4a"
"Gas8",-0.187890883905952,0.0808,"8","growth arrest specific 8"
"Pcdhgb6",0.187827513040136,0.4092,"18","protocadherin gamma subfamily B, 6"
"Pcyt2",-0.187826833066172,0.3324,"11","phosphate cytidylyltransferase 2, ethanolamine"
"Abcb9",-0.187817993228816,0.2536,"5","ATP-binding cassette, sub-family B (MDR/TAP), member 9"
"Ahctf1",0.187788461549318,0.5088,"1","AT hook containing transcription factor 1"
"Spout1",-0.187784350001623,0.2108,"2","SPOUT domain containing methyltransferase 1"
"Tmem65",0.187721594457497,0.0904,"15","transmembrane protein 65"
"Sult4a1",-0.187688427373429,0.222,"15","sulfotransferase family 4A, member 1"
"Srm",-0.187654276607269,0.5012,"4","spermidine synthase"
"Gas2",-0.187638212924749,0.422,"7","growth arrest specific 2"
"Tmem242",-0.187595141702483,0.5056,"17","transmembrane protein 242"
"Col5a3",-0.187502219595451,0.4772,"9","collagen, type V, alpha 3"
"Ttc23",-0.187496033706084,0.4956,"7","tetratricopeptide repeat domain 23"
"A930024E05Rik",-0.187468344231396,0.1352,"5","RIKEN cDNA A930024E05 gene"
"Lrig3",0.18743937402152,0.6044,"10","leucine-rich repeats and immunoglobulin-like domains 3"
"Jmjd6",-0.187359867965244,0.35,"11","jumonji domain containing 6"
"Prdx6",-0.187357593171957,0.3488,"1","peroxiredoxin 6"
"Enkur",-0.187263327659778,0.6628,"2","enkurin, TRPC channel interacting protein"
"Stom",-0.187247630809826,0.1512,"2","stomatin"
"1700030K09Rik",-0.187230573500469,0.1128,"8","RIKEN cDNA 1700030K09 gene"
"Ranbp6",0.187213816140355,0.0972,"19","RAN binding protein 6"
"Nr2c2",0.187191510462907,0.6108,"6","nuclear receptor subfamily 2, group C, member 2"
"Tnrc18",0.187162681993243,0.246,"5","trinucleotide repeat containing 18"
"Exoc6b",0.18712247339081,0.0544,"6","exocyst complex component 6B"
"Pikfyve",0.187116121310117,0.202,"1","phosphoinositide kinase, FYVE type zinc finger containing"
"Tiam1",0.187055337535081,0.0148,"16","T cell lymphoma invasion and metastasis 1"
"A330009N23Rik",-0.186943668141683,0.0744,"15","RIKEN cDNA A330009N23 gene"
"Ppp1r14b",-0.186908247995015,0.4892,"19","protein phosphatase 1, regulatory inhibitor subunit 14B"
"Ccm2",-0.186907267636424,0.3952,"11","cerebral cavernous malformation 2"
"Mtdh",0.186906421848267,0.1644,"15","metadherin"
"Osbpl8",0.18682932977221,0.1464,"10","oxysterol binding protein-like 8"
"Abhd5",-0.186828001163281,0.1936,"9","abhydrolase domain containing 5"
"Nop9",-0.186827826306132,0.2576,"14","NOP9 nucleolar protein"
"Itih5",0.186782556100267,0.476,"2","inter-alpha-trypsin inhibitor, heavy chain 5"
"Msantd4",0.186711876534233,0.0592,"9","Myb/SANT-like DNA-binding domain containing 4 with coiled-coils"
"Prrc2a",0.186583907416793,0.1176,"17","proline-rich coiled-coil 2A"
"Btbd10",0.186416064391505,0.2964,"7","BTB (POZ) domain containing 10"
"Dcaf15",-0.186357922349586,0.2168,"8","DDB1 and CUL4 associated factor 15"
"Nrip3",0.18631874572228,0.2404,"7","nuclear receptor interacting protein 3"
"Kcna2",0.18624604405596,0.1616,"3","potassium voltage-gated channel, shaker-related subfamily, member 2"
"Sp9",0.186186247934737,0.4052,"2","trans-acting transcription factor 9"
"Nudt21",0.18617948611087,0.426,"8","nudix (nucleoside diphosphate linked moiety X)-type motif 21"
"Fgf12",0.186119149734354,0.23,"16","fibroblast growth factor 12"
"Robo3",-0.186073094492805,0.6232,"9","roundabout guidance receptor 3"
"Cdk2ap2",-0.185960013501097,0.66,"19","CDK2-associated protein 2"
"Atp13a3",0.185916455341451,0.1336,"16","ATPase type 13A3"
"Dlgap2",0.185889194742327,0.5288,"8","DLG associated protein 2"
"Hrk",0.185838021016134,0.0076,"5","harakiri, BCL2 interacting protein (contains only BH3 domain)"
"Eif5",0.18581494381488,0,"12","eukaryotic translation initiation factor 5"
"G6pc3",-0.1858121596042,0.4184,"11","glucose 6 phosphatase, catalytic, 3"
"Ppp1r12a",0.185806721982352,0.2288,"10","protein phosphatase 1, regulatory subunit 12A"
"Bean1",-0.185801282322869,0.4792,"8","brain expressed, associated with Nedd4, 1"
"Gnal",0.185758737043829,0.0692,"18","guanine nucleotide binding protein, alpha stimulating, olfactory type"
"Epha4",0.18571662854716,0.3644,"1","Eph receptor A4"
"Rpp21",-0.185711919501287,0.5232,"17","ribonuclease P 21 subunit"
"Idua",-0.18570046663604,0.0792,"5","iduronidase, alpha-L"
"C2cd4a",0.185684377070478,0.6896,"9","C2 calcium-dependent domain containing 4A"
"Lta4h",-0.185549921987912,0.0184,"10","leukotriene A4 hydrolase"
"Fbxl5",0.185497577002674,0.1048,"5","F-box and leucine-rich repeat protein 5"
"Polr3h",-0.185305938940629,0.3296,"15","polymerase (RNA) III (DNA directed) polypeptide H"
"Ing4",-0.185250626489228,0.0584,"6","inhibitor of growth family, member 4"
"Nrros",0.185178724795343,0.4328,"16","negative regulator of reactive oxygen species"
"Eif4g1",0.18513028757164,0.4596,"16","eukaryotic translation initiation factor 4, gamma 1"
"Mccc1",-0.185109270116651,0.154,"3","methylcrotonoyl-Coenzyme A carboxylase 1 (alpha)"
"Dnajc12",-0.185078704775706,0.0636,"10","DnaJ heat shock protein family (Hsp40) member C12"
"Cacnb2",0.185043336514365,0.346,"2","calcium channel, voltage-dependent, beta 2 subunit"
"C630031E19Rik",0.184970398904376,0.4136,"12","RIKEN cDNA C630031E19 gene"
"Arfgef1",0.184894915623874,0.2788,"1","ADP-ribosylation factor guanine nucleotide-exchange factor 1(brefeldin A-inhibited)"
"Ccdc134",-0.184847792914881,0.3944,"15","coiled-coil domain containing 134"
"Hsp90b1",0.184789848177429,0.2352,"10","heat shock protein 90, beta (Grp94), member 1"
"Snupn",0.184759634084355,0.0452,"9","snurportin 1"
"Plce1",0.184750758323744,0.3816,"19","phospholipase C, epsilon 1"
"Trappc2l",-0.18473955912356,0.3784,"8","trafficking protein particle complex 2L"
"Ncoa4",0.184638248246853,0.4268,"14","nuclear receptor coactivator 4"
"Pigp",-0.184630853784024,0.2092,"16","phosphatidylinositol glycan anchor biosynthesis, class P"
"Atf1",0.184602475093899,0.0504,"15","activating transcription factor 1"
"Smo",-0.184566126792381,0.1872,"6","smoothened, frizzled class receptor"
"Spry2",0.184551278214145,0.174,"14","sprouty RTK signaling antagonist 2"
"Heg1",0.184515850924512,0.7808,"16","heart development protein with EGF-like domains 1"
"Flnb",-0.184513244899357,0.524,"14","filamin, beta"
"Psmb1",-0.184480351337427,0.2992,"17","proteasome (prosome, macropain) subunit, beta type 1"
"Spred2",0.184445874721104,0.2912,"11","sprouty-related EVH1 domain containing 2"
"Zfp292",0.184430218987131,0.358,"4","zinc finger protein 292"
"Plcd4",-0.184367293578975,0.0476,"1","phospholipase C, delta 4"
"Poc1b",-0.184342696202309,0.336,"10","POC1 centriolar protein B"
"Zfp174",0.184342170297356,0.4488,"16","zinc finger protein 174"
"Mtpap",0.18432080172925,0.0384,"18","mitochondrial poly(A) polymerase"
"Xylb",-0.184259331567623,0.2908,"9","xylulokinase homolog (H. influenzae)"
"Dctd",-0.184245475437458,0.1924,"8","dCMP deaminase"
"Fez2",-0.184211077588587,0.298,"17","fasciculation and elongation protein zeta 2 (zygin II)"
"Nkrf",0.18416467393136,0.1692,"X","NF-kappaB repressing factor"
"Dach1",-0.184151631660877,0.4444,"14","dachshund family transcription factor 1"
"Ccdc106",-0.184136188624444,0.1952,"7","coiled-coil domain containing 106"
"Zfp324",0.184118983958101,0.136,"7","zinc finger protein 324"
"Gde1",-0.184099022315293,0.2808,"7","glycerophosphodiester phosphodiesterase 1"
"Slc12a9",-0.184093561871514,0.1352,"5","solute carrier family 12 (potassium/chloride transporters), member 9"
"Spire1",0.184054446438509,0.012,"18","spire type actin nucleation factor 1"
"Nbr1",0.184044804754547,0.0768,"11","NBR1, autophagy cargo receptor"
"Dab1",0.184021921280295,0.0836,"4","disabled 1"
"Sh3glb2",-0.184013947197634,0.1492,"2","SH3-domain GRB2-like endophilin B2"
"Eef1akmt1",-0.183981290795535,0.4144,"14","EEF1A alpha lysine methyltransferase 1"
"Oxsm",0.183878213624165,0.298,"14","3-oxoacyl-ACP synthase, mitochondrial"
"Rrp36",-0.183872811285667,0.22,"17","ribosomal RNA processing 36"
"Myo5a",0.183850062112574,0.418,"9","myosin VA"
"Cacnb4",0.183833958679049,0.2576,"2","calcium channel, voltage-dependent, beta 4 subunit"
"Dpp7",-0.183798287975325,0.1064,"2","dipeptidylpeptidase 7"
"Ptprf",0.183788461689785,0.5868,"4","protein tyrosine phosphatase, receptor type, F"
"Ncoa2",0.183772279577878,0.3504,"1","nuclear receptor coactivator 2"
"Zfhx4",0.183770204023483,0.4964,"3","zinc finger homeodomain 4"
"Top1",0.183754841156396,0.1128,"2","topoisomerase (DNA) I"
"Dag1",0.183710030348004,0.1496,"9","dystroglycan 1"
"Rpl19",-0.183682827963418,0.5664,"11","ribosomal protein L19"
"Ubn1",0.18361609878497,0.2556,"16","ubinuclein 1"
"Kcnb2",0.183612892341497,0.1748,"1","potassium voltage gated channel, Shab-related subfamily, member 2"
"Btaf1",-0.183585486324096,0.4272,"19","B-TFIID TATA-box binding protein associated factor 1"
"Eid1",0.183534239661036,0.124,"2","EP300 interacting inhibitor of differentiation 1"
"Faap20",-0.183511842262827,0.4032,"4","Fanconi anemia core complex associated protein 20"
"Elof1",-0.183295066489806,0.4332,"9","ELF1 homolog, elongation factor 1"
"Sh3bp5",0.18327050020727,0.0056,"14","SH3-domain binding protein 5 (BTK-associated)"
"Sox9",0.183219099881206,0.1636,"11","SRY (sex determining region Y)-box 9"
"Serinc3",0.183215302514455,0.3688,"2","serine incorporator 3"
"Abce1",0.18316932918041,0.0056,"8","ATP-binding cassette, sub-family E (OABP), member 1"
"Ciao3",-0.183156475641199,0.0356,"17","cytosolic iron-sulfur assembly component 3"
"Brms1",-0.18309811294756,0.3972,"19","breast cancer metastasis-suppressor 1"
"Kat6a",0.183055672682457,0.2336,"8","K(lysine) acetyltransferase 6A"
"Actr5",-0.183036735898106,0.2184,"2","ARP5 actin-related protein 5"
"Gkap1",0.183031605122001,0.0672,"13","G kinase anchoring protein 1"
"Ppm1k",0.182956907213119,0.0508,"6","protein phosphatase 1K (PP2C domain containing)"
"Gnptg",-0.182907575401649,0.1568,"17","N-acetylglucosamine-1-phosphotransferase, gamma subunit"
"Prmt7",-0.182906370876057,0.1428,"8","protein arginine N-methyltransferase 7"
"Zfp143",0.182847116569744,0.4168,"7","zinc finger protein 143"
"Fam20b",0.182846405071193,0.1708,"1","FAM20B, glycosaminoglycan xylosylkinase"
"Rbm27",0.182809834177799,0.1244,"18","RNA binding motif protein 27"
"Ireb2",0.182768593561715,0.194,"9","iron responsive element binding protein 2"
"Eri2",0.18275877311139,0.352,"7","exoribonuclease 2"
"Pgs1",-0.182675489118144,0.3244,"11","phosphatidylglycerophosphate synthase 1"
"Slc6a9",-0.182591227709348,0.518,"4","solute carrier family 6 (neurotransmitter transporter, glycine), member 9"
"Cox17",-0.182562466899184,0.3008,"16","cytochrome c oxidase assembly protein 17, copper chaperone"
"Ccdc171",0.182432006854856,0.5368,"4","coiled-coil domain containing 171"
"R3hdm2",0.182417199103243,0.0668,"10","R3H domain containing 2"
"Cox6c",-0.182415648733174,0.5176,"15","cytochrome c oxidase subunit 6C"
"Actl6b",-0.182407186991734,0.3096,"5","actin-like 6B"
"Fibcd1",-0.182376499390399,0.5164,"2","fibrinogen C domain containing 1"
"Opcml",0.182363894086749,0.3844,"9","opioid binding protein/cell adhesion molecule-like"
"Pld2",-0.18233802466914,0.0256,"11","phospholipase D2"
"Tyrobp",-0.182292101894015,0.6184,"7","TYRO protein tyrosine kinase binding protein"
"Gng5",-0.182259378931798,0.5504,"3","G protein subunit gamma 5"
"Bet1l",-0.182245835299383,0.162,"7","Bet1 golgi vesicular membrane trafficking protein like"
"Cdk17",0.182228056730944,0.2936,"10","cyclin-dependent kinase 17"
"Hunk",0.182192582016222,0.1616,"16","hormonally upregulated Neu-associated kinase"
"Ptrh2",-0.18215663413104,0.1448,"11","peptidyl-tRNA hydrolase 2"
"Rab30",0.182130213800792,0.3352,"7","RAB30, member RAS oncogene family"
"Tafa2",0.182071500781536,0.1316,"10","TAFA chemokine like family member 2"
"Paqr9",0.182029144372472,0.0836,"9","progestin and adipoQ receptor family member IX"
"Mycbp",-0.182012426861088,0.1248,"4","MYC binding protein"
"Myh11",-0.18200506248832,0.5708,"16","myosin, heavy polypeptide 11, smooth muscle"
"Dhdh",0.182002126648723,0.0104,"7","dihydrodiol dehydrogenase (dimeric)"
"Kbtbd8",0.181992984089297,0.3312,"6","kelch repeat and BTB (POZ) domain containing 8"
"Igfbp6",-0.181965174251302,0.3232,"15","insulin-like growth factor binding protein 6"
"Mcoln1",-0.181907430261657,0.0296,"8","mucolipin 1"
"Snx13",0.181848736305908,0.326,"12","sorting nexin 13"
"Efnb3",-0.181810671294221,0.1508,"11","ephrin B3"
"D130043K22Rik",0.181782260405098,0.428,"13","RIKEN cDNA D130043K22 gene"
"Commd1",-0.181740852654936,0.448,"11","COMM domain containing 1"
"Dgke",0.181731313908634,0.0516,"11","diacylglycerol kinase, epsilon"
"Tuba8",0.181713801690444,0.0892,"6","tubulin, alpha 8"
"Nfkbia",-0.181628568003191,0.5924,"12","nuclear factor of kappa light polypeptide gene enhancer in B cells inhibitor, alpha"
"Zmat4",0.181618367506553,0.4228,"8","zinc finger, matrin type 4"
"Top2b",0.181610498917565,0.1036,"14","topoisomerase (DNA) II beta"
"Rmdn1",-0.181564963438563,0.2468,"4","regulator of microtubule dynamics 1"
"Pdhx",0.181550120597172,0.138,"2","pyruvate dehydrogenase complex, component X"
"Gpr137",-0.181527976952766,0.2512,"19","G protein-coupled receptor 137"
"Tbl3",-0.181526026797028,0.334,"17","transducin (beta)-like 3"
"Dmxl2",0.181514555895476,0.5372,"9","Dmx-like 2"
"Rpap1",-0.18137949985364,0.2448,"2","RNA polymerase II associated protein 1"
"Emp2",-0.181356581115192,0.2828,"16","epithelial membrane protein 2"
"Neurod6",0.181286431324597,0.0344,"6","neurogenic differentiation 6"
"Fkbp8",-0.181273443165297,0.334,"8","FK506 binding protein 8"
"Cirbp",-0.181256529425025,0.1728,"10","cold inducible RNA binding protein"
"Tppp",0.18125622558021,0.03,"13","tubulin polymerization promoting protein"
"Tigar",0.181239241300544,0.0656,"6","Trp53 induced glycolysis regulatory phosphatase"
"Adgra2",-0.181170618209765,0.2184,"8","adhesion G protein-coupled receptor A2"
"Hjurp",-0.181160514514248,0.5316,"1","Holliday junction recognition protein"
"Hjurp",-0.181160514514248,0.5316,"1","Holliday junction recognition protein"
"Phf6",0.181160150703973,0.15,"X","PHD finger protein 6"
"Iqgap1",-0.181011558887876,0.5324,"7","IQ motif containing GTPase activating protein 1"
"Wdr7",0.180992214438766,0.346,"18","WD repeat domain 7"
"Polr3e",-0.18094676861701,0.3508,"7","polymerase (RNA) III (DNA directed) polypeptide E"
"Slc35f3",0.180840545669513,0.0564,"8","solute carrier family 35, member F3"
"Mtmr11",-0.180749550360843,0.1588,"3","myotubularin related protein 11"
"Tek",-0.180705631509179,0.6852,"4","TEK receptor tyrosine kinase"
"Vwa5b2",-0.180687680407396,0.3736,"16","von Willebrand factor A domain containing 5B2"
"Ttll1",-0.180646154769692,0.2024,"15","tubulin tyrosine ligase-like 1"
"Bhlhe40",-0.180592638187822,0.2192,"6","basic helix-loop-helix family, member e40"
"Dip2c",0.180559032898143,0.0676,"13","disco interacting protein 2 homolog C"
"Phykpl",-0.180506474583496,0.584,"11","5-phosphohydroxy-L-lysine phospholyase"
"Rnf38",0.180501746930615,0.1896,"4","ring finger protein 38"
"Aste1",0.180480407730891,0.4404,"9","asteroid homolog 1"
"Ttyh3",0.180478714847963,0.0772,"5","tweety family member 3"
"Polr2i",-0.180457445174403,0.5588,"7","polymerase (RNA) II (DNA directed) polypeptide I"
"Ndufb5",-0.180437466428614,0.3744,"3","NADH:ubiquinone oxidoreductase subunit B5"
"Zfp408",-0.180408718846429,0.2328,"2","zinc finger protein 408"
"Aak1",0.180396087425557,0.366,"6","AP2 associated kinase 1"
"Trabd",-0.180323632496289,0.1,"15","TraB domain containing"
"Tpm2",-0.180302261506877,0.3784,"4","tropomyosin 2, beta"
"Prdm2",0.180291864202871,0.118,"4","PR domain containing 2, with ZNF domain"
"Lancl2",0.180186808783554,0.38,"6","LanC (bacterial lantibiotic synthetase component C)-like 2"
"Deaf1",-0.180163521743182,0.3924,"7","DEAF1, transcription factor"
"Mindy3",0.180150526359323,0.0996,"2","MINDY lysine 48 deubiquitinase 3"
"Slc25a29",-0.180132809157774,0.1896,"12","solute carrier family 25 (mitochondrial carrier, palmitoylcarnitine transporter), member 29"
"Map3k2",0.180091847902039,0.4776,"18","mitogen-activated protein kinase kinase kinase 2"
"Dpp8",0.180089837354081,0.286,"9","dipeptidylpeptidase 8"
"Shpk",-0.180087251396368,0.1328,"11","sedoheptulokinase"
"Dbx2",-0.180080001181557,0.578,"15","developing brain homeobox 2"
"Esrrg",0.180075552665601,0.4388,"1","estrogen-related receptor gamma"
"Cox14",-0.180068748445546,0.4532,"15","cytochrome c oxidase assembly protein 14"
"Med10",-0.180039874025443,0.3548,"13","mediator complex subunit 10"
"Tvp23b",0.179923875844169,0.1008,"11","trans-golgi network vesicle protein 23B"
"Dhps",-0.179907756137804,0.238,"8","deoxyhypusine synthase"
"Trim9",0.179895949828596,0.2368,"12","tripartite motif-containing 9"
"Rock1",0.179860640293627,0.3032,"18","Rho-associated coiled-coil containing protein kinase 1"
"Mmgt1",0.179833168489788,0.1112,"X","membrane magnesium transporter 1"
"Commd7",-0.179805538424953,0.1444,"2","COMM domain containing 7"
"Zbtb7a",0.179787123150292,0.1048,"10","zinc finger and BTB domain containing 7a"
"Fbxw4",-0.179759812227172,0.3876,"19","F-box and WD-40 domain protein 4"
"Pbrm1",0.17967897989671,0.2416,"14","polybromo 1"
"Sorcs2",0.179647046982834,0.2428,"5","sortilin-related VPS10 domain containing receptor 2"
"AA986860",0.179630870347922,0.2196,"1","expressed sequence AA986860"
"Slc33a1",0.179627008858752,0.2476,"3","solute carrier family 33 (acetyl-CoA transporter), member 1"
"Zmym2",0.179518930649006,0.4204,"14","zinc finger, MYM-type 2"
"Plxna4",0.179506177047852,0.2324,"6","plexin A4"
"Mcub",-0.179500638569331,0.1264,"3","mitochondrial calcium uniporter dominant negative beta subunit"
"Slc4a3",-0.179459960358391,0.052,"1","solute carrier family 4 (anion exchanger), member 3"
"Midn",0.179396123373521,0.2328,"10","midnolin"
"Slco2a1",-0.179391921334684,0.444,"9","solute carrier organic anion transporter family, member 2a1"
"Prpsap1",-0.179382732512424,0.0684,"11","phosphoribosyl pyrophosphate synthetase-associated protein 1"
"Ctns",-0.179374348143193,0.2568,"11","cystinosis, nephropathic"
"Kcnj3",0.179276590205106,0.11,"2","potassium inwardly-rectifying channel, subfamily J, member 3"
"Ctsa",-0.179249928595425,0.1088,"2","cathepsin A"
"Cenpb",-0.179247774754465,0.5752,"2","centromere protein B"
"Mknk1",-0.179238754414897,0.1548,"4","MAP kinase-interacting serine/threonine kinase 1"
"Rnf139",0.179226322014713,0.1196,"15","ring finger protein 139"
"Pmvk",-0.179199358640043,0.2612,"3","phosphomevalonate kinase"
"Ntrk2",0.179187916938979,0.0456,"13","neurotrophic tyrosine kinase, receptor, type 2"
"Ust",0.179154005091924,0.198,"10","uronyl-2-sulfotransferase"
"Psma7",-0.179146083592809,0.3528,"2","proteasome subunit alpha 7"
"Plpp6",0.179100506318153,0.0904,"19","phospholipid phosphatase 6"
"Sema6c",-0.179042148848363,0.3116,"3","sema domain, transmembrane domain (TM), and cytoplasmic domain, (semaphorin) 6C"
"Rflnb",-0.178975676332588,0.3224,"11","refilin B"
"Zfp407",0.178940830796654,0.2764,"18","zinc finger protein 407"
"Ltbp1",0.17891628840768,0.2356,"17","latent transforming growth factor beta binding protein 1"
"Zbtb37",0.178894130959979,0.656,"1","zinc finger and BTB domain containing 37"
"Dlx6os1",0.178885606789799,0.5672,"6","distal-less homeobox 6, opposite strand 1"
"Mpnd",-0.178882042074481,0.32,"17","MPN domain containing"
"Map3k4",0.178879415213427,0.2252,"17","mitogen-activated protein kinase kinase kinase 4"
"Usp32",0.178879397248505,0.23,"11","ubiquitin specific peptidase 32"
"Smyd5",-0.178871917283792,0.0468,"6","SET and MYND domain containing 5"
"Tmem168",0.178849374754181,0.0552,"6","transmembrane protein 168"
"Senp5",0.178839056259376,0.0496,"16","SUMO/sentrin specific peptidase 5"
"Dhx33",0.178759900356123,0.3968,"11","DEAH (Asp-Glu-Ala-His) box polypeptide 33"
"Svip",-0.178742578817983,0.3776,"7","small VCP/p97-interacting protein"
"Gldc",-0.178712256748235,0.3212,"19","glycine decarboxylase"
"Kcnv1",0.178677904967624,0.3384,"15","potassium channel, subfamily V, member 1"
"Qsox1",-0.1786297939021,0.438,"1","quiescin Q6 sulfhydryl oxidase 1"
"Tpd52l2",-0.178580802467256,0.1428,"2","tumor protein D52-like 2"
"Snap91",0.178569628969695,0.0684,"9","synaptosomal-associated protein 91"
"Rnf39",0.178545243886799,0.5452,"17","ring finger protein 39"
"Zkscan16",0.178513723991625,0.3956,"4","zinc finger with KRAB and SCAN domains 16"
"Ids",0.178505531818793,0.1384,"X","iduronate 2-sulfatase"
"Nhsl2",0.17850370946317,0.4184,"X","NHS-like 2"
"Clpp",-0.178444810507308,0.4988,"17","caseinolytic mitochondrial matrix peptidase proteolytic subunit"
"Trappc2",-0.178438079347675,0.196,"X","trafficking protein particle complex 2"
"Gm16835",-0.178434042061185,0.4956,"14","predicted gene, 16835"
"Mettl5",0.178372233879311,0.3124,"2","methyltransferase like 5"
"Acvr2b",0.178350144648506,0.6084,"9","activin receptor IIB"
"Trit1",-0.178349723780349,0.1376,"4","tRNA isopentenyltransferase 1"
"Zfp385b",0.178333205561539,0.0432,"2","zinc finger protein 385B"
"Phkg2",-0.178331754014628,0.1836,"7","phosphorylase kinase, gamma 2 (testis)"
"Zdhhc4",-0.17831157815691,0.1364,"5","zinc finger, DHHC domain containing 4"
"Susd6",0.178288577225022,0.0764,"12","sushi domain containing 6"
"D7Ertd443e",0.178110570596722,0.396,"7","DNA segment, Chr 7, ERATO Doi 443, expressed"
"Ldb2",-0.178007748275777,0.6296,"5","LIM domain binding 2"
"Bola1",-0.177999443115776,0.5804,"3","bolA-like 1 (E. coli)"
"Zfp318",0.177957557420354,0.4924,"17","zinc finger protein 318"
"Shisal1",0.177929463127649,0.1164,"15","shisa like 1"
"Daam2",0.177921387895355,0.3564,"17","dishevelled associated activator of morphogenesis 2"
"Slc30a10",0.177905219128808,0.436,"1","solute carrier family 30, member 10"
"Kcne1l",-0.177902423714039,0.6056,"X","potassium voltage-gated channel, Isk-related family, member 1-like, pseudogene"
"Borcs7",-0.177885549478765,0.1748,"19","BLOC-1 related complex subunit 7"
"Bcap29",-0.177791999149356,0.0848,"12","B cell receptor associated protein 29"
"Zfp260",0.177790042919951,0.2508,"7","zinc finger protein 260"
"F420014N23Rik",0.177779460144684,0.7748,"10","RIKEN cDNA F420014N23 gene"
"Qrsl1",-0.177729200090488,0.2048,"10","glutaminyl-tRNA synthase (glutamine-hydrolyzing)-like 1"
"Aip",-0.177727257090313,0.4956,"19","aryl-hydrocarbon receptor-interacting protein"
"Tob2",0.177723357528991,0.15,"15","transducer of ERBB2, 2"
"Ell3",-0.177708622012602,0.6852,"2","elongation factor RNA polymerase II-like 3"
"Kifc3",-0.177648182149517,0.0812,"8","kinesin family member C3"
"Orc5",-0.177634132796191,0.2264,"5","origin recognition complex, subunit 5"
"Ccl25",-0.177569898044759,0.3348,"8","chemokine (C-C motif) ligand 25"
"Nrgn",-0.177552895940112,0.5832,"9","neurogranin"
"Cep170",0.177532327319607,0.3452,"1","centrosomal protein 170"
"Rpl7",-0.177528540784884,0.4216,"1","ribosomal protein L7"
"Stk24",0.177514409169233,0.2332,"14","serine/threonine kinase 24"
"Map3k5",0.177494512380119,0.2676,"10","mitogen-activated protein kinase kinase kinase 5"
"Paqr7",-0.17749295526781,0.316,"4","progestin and adipoQ receptor family member VII"
"Spag6l",0.177381072039244,0.3088,"16","sperm associated antigen 6-like"
"Atl3",0.177368702606345,0.3688,"19","atlastin GTPase 3"
"Tubb6",-0.177354245299739,0.034,"18","tubulin, beta 6 class V"
"Lyrm4",-0.177342987119697,0.2636,"13","LYR motif containing 4"
"Wnt4",-0.177308192773439,0.4228,"4","wingless-type MMTV integration site family, member 4"
"Tasor",0.177290415495384,0.306,"14","transcription activation suppressor"
"Slc22a5",-0.177282732715677,0.1308,"11","solute carrier family 22 (organic cation transporter), member 5"
"Ltc4s",-0.177225601331743,0.758,"11","leukotriene C4 synthase"
"Pdcd11",-0.177154784066387,0.3404,"19","programmed cell death 11"
"Cspg5",-0.177125301586181,0.4452,"9","chondroitin sulfate proteoglycan 5"
"Pcbp4",-0.177060104738591,0.3656,"9","poly(rC) binding protein 4"
"Mrpl13",-0.177026430643683,0.3572,"15","mitochondrial ribosomal protein L13"
"B4galt6",0.177017969673803,0.0084,"18","UDP-Gal:betaGlcNAc beta 1,4-galactosyltransferase, polypeptide 6"
"Tmem160",-0.17695095969234,0.478,"7","transmembrane protein 160"
"Thyn1",-0.176940368670607,0.1456,"9","thymocyte nuclear protein 1"
"Pik3c2a",0.176900533084019,0.3412,"7","phosphatidylinositol-4-phosphate 3-kinase catalytic subunit type 2 alpha"
"Bptf",0.176883625289301,0.5228,"11","bromodomain PHD finger transcription factor"
"Lrrn1",0.176862887780915,0.2104,"6","leucine rich repeat protein 1, neuronal"
"Apba3",-0.176848615382969,0.38,"10","amyloid beta (A4) precursor protein-binding, family A, member 3"
"Efemp1",0.176836694619768,0.496,"11","epidermal growth factor-containing fibulin-like extracellular matrix protein 1"
"Spag9",0.176805461003065,0.1472,"11","sperm associated antigen 9"
"Slc9a5",0.176768914836209,0.3048,"8","solute carrier family 9 (sodium/hydrogen exchanger), member 5"
"Irf3",-0.176690363568066,0.1168,"7","interferon regulatory factor 3"
"Zfp758",0.176682836516644,0.4008,"17","zinc finger protein 758"
"Tnxb",-0.176659535796841,0.5432,"17","tenascin XB"
"Nudt19",-0.176638835715188,0.4572,"7","nudix (nucleoside diphosphate linked moiety X)-type motif 19"
"Tubb2b",-0.176578323758418,0.4032,"13","tubulin, beta 2B class IIB"
"Abhd17c",-0.176470426631428,0.2736,"7","abhydrolase domain containing 17C"
"Polr2g",-0.176465096066938,0.3128,"19","polymerase (RNA) II (DNA directed) polypeptide G"
"Rnpepl1",-0.176430468612833,0.3276,"1","arginyl aminopeptidase (aminopeptidase B)-like 1"
"Zfp236",0.176396952754818,0.3576,"18","zinc finger protein 236"
"Smim7",-0.176373338434322,0.2776,"8","small integral membrane protein 7"
"Metap1d",-0.176341110968959,0.4052,"2","methionyl aminopeptidase type 1D (mitochondrial)"
"Park7",-0.176319419251485,0.456,"4","Parkinson disease (autosomal recessive, early onset) 7"
"Gpr63",0.176309909019783,0.794,"4","G protein-coupled receptor 63"
"Mcm5",0.176295558786698,0.3052,"8","minichromosome maintenance complex component 5"
"Crip2",-0.176258403708337,0.4552,"12","cysteine rich protein 2"
"2810459M11Rik",-0.176212661238238,0.4844,"1","RIKEN cDNA 2810459M11 gene"
"Naa38",-0.176202260831096,0.4368,"11","N(alpha)-acetyltransferase 38, NatC auxiliary subunit"
"Fam135a",0.176197047267991,0.3568,"1","family with sequence similarity 135, member A"
"Rtf2",-0.17611420946375,0.2092,"2","replication termination factor 2"
"Klhl24",0.176107018721807,0.6368,"16","kelch-like 24"
"Abr",0.176066730741891,0.1536,"11","active BCR-related gene"
"Fads3",-0.176065285973423,0.126,"19","fatty acid desaturase 3"
"Scn2b",0.176057567078318,0.1964,"9","sodium channel, voltage-gated, type II, beta"
"Coq8b",-0.176048452700904,0.2904,"7","coenzyme Q8B"
"Calcrl",0.176019501328559,0.6596,"2","calcitonin receptor-like"
"0610009B22Rik",-0.17601201681048,0.2704,"11","RIKEN cDNA 0610009B22 gene"
"Ppp1r9a",0.175951099169943,0.1372,"6","protein phosphatase 1, regulatory subunit 9A"
"Mef2d",0.175900531319233,0.266,"3","myocyte enhancer factor 2D"
"Kdm5b",0.175897191087331,0.0172,"1","lysine (K)-specific demethylase 5B"
"Bud23",-0.17582695522911,0.1952,"5","BUD23, rRNA methyltransferase and ribosome maturation factor"
"Rnpc3",0.17580653029558,0.554,"3","RNA-binding region (RNP1, RRM) containing 3"
"Ccs",-0.17579106551445,0.3212,"19","copper chaperone for superoxide dismutase"
"Atp13a5",-0.175764536739604,0.5768,"16","ATPase type 13A5"
"Sap18",-0.175754834211591,0.386,"14","Sin3-associated polypeptide 18"
"Fpgt",0.175718435632138,0.1292,"3","fucose-1-phosphate guanylyltransferase"
"Trappc6b",-0.175704501735064,0.1484,"12","trafficking protein particle complex 6B"
"Rasgrp2",-0.175690141101541,0.098,"19","RAS, guanyl releasing protein 2"
"Synj1",0.175687228514189,0.5176,"16","synaptojanin 1"
"Fnip1",0.175627727392596,0.348,"11","folliculin interacting protein 1"
"Exoc6",0.175589396339719,0.18,"19","exocyst complex component 6"
"Vamp2",0.175566390295836,0.056,"11","vesicle-associated membrane protein 2"
"Pcgf2",-0.175489459611846,0.3752,"11","polycomb group ring finger 2"
"Zkscan6",-0.175439249343503,0.2976,"11","zinc finger with KRAB and SCAN domains 6"
"Dlx1as",0.17543900342887,0,"2","distal-less homeobox 1, antisense"
"Vars2",-0.175423461958733,0.0872,"17","valyl-tRNA synthetase 2, mitochondrial"
"Ubap2l",0.175409345413404,0.1684,"3","ubiquitin-associated protein 2-like"
"Ggct",-0.175385669786066,0.5424,"6","gamma-glutamyl cyclotransferase"
"Mydgf",-0.175378246174767,0.3688,"17","myeloid derived growth factor"
"Gsta4",-0.175350539696289,0.3628,"9","glutathione S-transferase, alpha 4"
"Lmbr1",0.175344384936484,0.1232,"5","limb region 1"
"Dlg5",0.175304121542777,0.274,"14","discs large MAGUK scaffold protein 5"
"Lsamp",0.175191612123205,0.094,"16","limbic system-associated membrane protein"
"Slc16a8",-0.175150595607587,0.6548,"15","solute carrier family 16 (monocarboxylic acid transporters), member 8"
"Magi1",0.175137742906601,0.1664,"6","membrane associated guanylate kinase, WW and PDZ domain containing 1"
"Magi1",0.175137742906601,0.1664,"6","membrane associated guanylate kinase, WW and PDZ domain containing 1"
"5031425E22Rik",-0.175127473637295,0.1088,"5","RIKEN cDNA 5031425E22 gene"
"Rbm12b1",-0.175117531652784,0.6032,"4","RNA binding motif protein 12 B1"
"Rtn4r",-0.175061778518213,0.3724,"16","reticulon 4 receptor"
"Tmem250-ps",-0.175040128857408,0.3644,"2","transmembrane protein 250, pseudogene"
"Tbx6",-0.174910274526182,0.6908,"7","T-box 6"
"Cavin1",-0.174889288165268,0.52,"11","caveolae associated 1"
"Nob1",-0.174847881342346,0.3712,"8","NIN1/RPN12 binding protein 1 homolog"
"Zc3h12c",0.174834524812224,0.0996,"9","zinc finger CCCH type containing 12C"
"Msrb1",-0.174827989627771,0.4372,"17","methionine sulfoxide reductase B1"
"Prps1",0.174785793278438,0.2064,"X","phosphoribosyl pyrophosphate synthetase 1"
"St8sia3",0.174761581404959,0.1736,"18","ST8 alpha-N-acetyl-neuraminide alpha-2,8-sialyltransferase 3"
"Slc4a4",0.174746809254802,0.1188,"5","solute carrier family 4 (anion exchanger), member 4"
"Epb41l4b",0.174719861090324,0.1656,"4","erythrocyte membrane protein band 4.1 like 4b"
"Clba1",-0.174719279230422,0.2448,"12","clathrin binding box of aftiphilin containing 1"
"Rcor2",0.174612286406621,0.292,"19","REST corepressor 2"
"Fam117b",0.174595803199216,0.1756,"1","family with sequence similarity 117, member B"
"Sec23b",0.174481999998459,0.0388,"2","SEC23 homolog B, COPII coat complex component"
"Appl1",0.17442209310112,0.3576,"14","adaptor protein, phosphotyrosine interaction, PH domain and leucine zipper containing 1"
"Mndal",0.174349913158947,0.4,"1","myeloid nuclear differentiation antigen like"
"Atxn2",0.174347779488277,0.1648,"5","ataxin 2"
"Ctif",0.174325337250182,0.2996,"18","CBP80/20-dependent translation initiation factor"
"Slc25a19",-0.17430225942574,0.1336,"11","solute carrier family 25 (mitochondrial thiamine pyrophosphate carrier), member 19"
"Pvr",-0.174298909792018,0.274,"7","poliovirus receptor"
"Zfp105",-0.174296050192786,0.3516,"9","zinc finger protein 105"
"Mios",0.174276999366562,0.4952,"6","meiosis regulator for oocyte development"
"Upf3a",-0.174229556582659,0.3512,"8","UPF3 regulator of nonsense transcripts homolog A (yeast)"
"Adal",0.17417463329812,0.1068,"2","adenosine deaminase-like"
"Htra3",-0.174139966110001,0.4252,"5","HtrA serine peptidase 3"
"Gmip",-0.174107040563824,0.52,"8","Gem-interacting protein"
"Tmtc3",0.174104008641793,0.2532,"10","transmembrane and tetratricopeptide repeat containing 3"
"Clip3",0.174099571445863,0,"7","CAP-GLY domain containing linker protein 3"
"Fat3",0.174064921534491,0.5924,"9","FAT atypical cadherin 3"
"Il1rap",0.174047665200114,0.1016,"16","interleukin 1 receptor accessory protein"
"Carf",0.174010996305251,0.244,"1","calcium response factor"
"Armcx2",0.173988173722376,0.0272,"X","armadillo repeat containing, X-linked 2"
"Adgra1",0.173967799012286,0.4888,"7","adhesion G protein-coupled receptor A1"
"Cdc42ep4",-0.173944744659117,0.2732,"11","CDC42 effector protein (Rho GTPase binding) 4"
"Cst3",-0.173941651538833,0.526,"2","cystatin C"
"Capn7",0.17389839846609,0.102,"14","calpain 7"
"Bag3",0.173894880982904,0.1248,"7","BCL2-associated athanogene 3"
"Adgre5",-0.173888633740319,0.5052,"8","adhesion G protein-coupled receptor E5"
"Mog",-0.173866683867096,0.5268,"17","myelin oligodendrocyte glycoprotein"
"Sft2d1",-0.173843613643621,0.1184,"17","SFT2 domain containing 1"
"Pdzd8",0.173839803044846,0.2836,"19","PDZ domain containing 8"
"Oasl2",-0.173795282741812,0.6556,"5","2'-5' oligoadenylate synthetase-like 2"
"Blzf1",0.173771046953211,0.0652,"1","basic leucine zipper nuclear factor 1"
"Erlec1",0.173748953279389,0.2524,"11","endoplasmic reticulum lectin 1"
"Nog",0.173746354620256,0.426,"11","noggin"
"Ndst1",0.173721188874858,0.2104,"18","N-deacetylase/N-sulfotransferase (heparan glucosaminyl) 1"
"Kmt5b",0.173669420359178,0.4156,"19","lysine methyltransferase 5B"
"H2az2",-0.17365015967637,0.3732,"11","H2A.Z histone variant 2"
"Pja2",0.173648492229873,0.408,"17","praja ring finger ubiquitin ligase 2"
"Mphosph8",0.173637502337692,0.324,"14","M-phase phosphoprotein 8"
"Xrn1",0.173637451703292,0.3744,"9","5'-3' exoribonuclease 1"
"Rab11b",-0.173627172542922,0.4668,"17","RAB11B, member RAS oncogene family"
"Net1",0.173604665131439,0.2428,"13","neuroepithelial cell transforming gene 1"
"Sfmbt1",0.173594725135414,0.1708,"14","Scm-like with four mbt domains 1"
"Srr",0.173529557906136,0.0084,"11","serine racemase"
"Zfp442",0.173499905733627,0.4448,"2","zinc finger protein 442"
"Zfp963",-0.173472753436934,0.4428,"8","zinc finger protein 963"
"Prkaa1",0.173459578906763,0.0812,"15","protein kinase, AMP-activated, alpha 1 catalytic subunit"
"Rchy1",-0.17345471829057,0.1628,"5","ring finger and CHY zinc finger domain containing 1"
"Creg2",0.173434583231762,0.1988,"1","cellular repressor of E1A-stimulated genes 2"
"Rpl18a",-0.173431716108373,0.6508,"8","ribosomal protein L18A"
"Epb41l5",0.173422475370187,0.0532,"1","erythrocyte membrane protein band 4.1 like 5"
"Syt9",0.173315998180112,0.6776,"7","synaptotagmin IX"
"Mrpl32",-0.173301892779003,0.3024,"13","mitochondrial ribosomal protein L32"
"Rtf1",0.173254317094734,0.0084,"2","RTF1, Paf1/RNA polymerase II complex component"
"Plpp2",-0.173193163182543,0.528,"10","phospholipid phosphatase 2"
"Itgb1bp1",-0.173166863090835,0.2768,"12","integrin beta 1 binding protein 1"
"Itgb1bp1",-0.173166863090835,0.2768,"12","integrin beta 1 binding protein 1"
"Rpl27",-0.173162978060867,0.5048,"11","ribosomal protein L27"
"Add2",0.173119283365228,0.362,"6","adducin 2 (beta)"
"Wdr11",0.173111305650843,0.3284,"7","WD repeat domain 11"
"Pbxip1",-0.1730464085388,0.1632,"3","pre B cell leukemia transcription factor interacting protein 1"
"Dlat",0.173043451624049,0.0876,"9","dihydrolipoamide S-acetyltransferase (E2 component of pyruvate dehydrogenase complex)"
"Arhgef17",0.173042855020071,0.1712,"7","Rho guanine nucleotide exchange factor (GEF) 17"
"Ephx4",-0.173018393585579,0.2596,"5","epoxide hydrolase 4"
"Bach1",0.172987877329166,0.184,"16","BTB and CNC homology 1, basic leucine zipper transcription factor 1"
"Prpf38a",-0.172888554327179,0.2484,"4","PRP38 pre-mRNA processing factor 38 (yeast) domain containing A"
"Il6st",0.172886469704763,0.3176,"13","interleukin 6 signal transducer"
"Mfsd6",0.172858423548485,0.288,"1","major facilitator superfamily domain containing 6"
"Atp2a2",0.172840174571801,0.054,"5","ATPase, Ca++ transporting, cardiac muscle, slow twitch 2"
"Slc11a2",-0.172808145716934,0.1828,"15","solute carrier family 11 (proton-coupled divalent metal ion transporters), member 2"
"Lactb2",0.172805214803085,0.5352,"1","lactamase, beta 2"
"Samd4b",0.172804670382632,0.4852,"7","sterile alpha motif domain containing 4B"
"Slc7a10",-0.172795036119483,0.246,"7","solute carrier family 7 (cationic amino acid transporter, y+ system), member 10"
"Apln",-0.17273214092938,0.5532,"X","apelin"
"Commd4",-0.17272467780844,0.2476,"9","COMM domain containing 4"
"Fam117a",-0.172718623644944,0.3388,"11","family with sequence similarity 117, member A"
"Rcc1",-0.172712342540793,0.1152,"4","regulator of chromosome condensation 1"
"Btbd3",0.172712313279861,0.0208,"2","BTB (POZ) domain containing 3"
"Rspo3",0.172676578929449,0.5368,"10","R-spondin 3"
"Zfp579",-0.172598164071672,0.4524,"7","zinc finger protein 579"
"Lhpp",-0.172592433323707,0.4684,"7","phospholysine phosphohistidine inorganic pyrophosphate phosphatase"
"Snapc2",-0.172566948017853,0.4828,"8","small nuclear RNA activating complex, polypeptide 2"
"Nono",0.172524117891269,0.0092,"X","non-POU-domain-containing, octamer binding protein"
"Car11",-0.172510031064372,0.274,"7","carbonic anhydrase 11"
"Sfr1",0.172505987321509,0.1256,"19","SWI5 dependent recombination repair 1"
"Bbx",0.172477708734023,0.3952,"16","bobby sox HMG box containing"
"Sucla2",0.172445352280252,0.3076,"14","succinate-Coenzyme A ligase, ADP-forming, beta subunit"
"Rtl6",0.172406487915114,0.0328,"15","retrotransposon Gag like 6"
"Prelp",-0.172405994974445,0.4988,"1","proline arginine-rich end leucine-rich repeat"
"Zfp850",0.172365014396864,0.2912,"7","zinc finger protein 850"
"Uckl1",-0.172350179641972,0.1484,"2","uridine-cytidine kinase 1-like 1"
"Fam135b",0.172319695573381,0.7904,"15","family with sequence similarity 135, member B"
"Rgmb",0.172295884911983,0.0284,"17","repulsive guidance molecule family member B"
"Dhx30",0.172285462152132,0.1384,"9","DEAH (Asp-Glu-Ala-His) box polypeptide 30"
"Nxn",0.172266060841032,0.418,"11","nucleoredoxin"
"Stard9",-0.172252397909646,0.732,"2","START domain containing 9"
"Pcdhga8",0.172206147292165,0.6188,"18","protocadherin gamma subfamily A, 8"
"Chic1",0.172190514375784,0.1312,"X","cysteine-rich hydrophobic domain 1"
"Rab10",0.172170900673475,0.0612,"12","RAB10, member RAS oncogene family"
"Cpne8",0.172169626319615,0.518,"15","copine VIII"
"Txnl4b",-0.172163016552381,0.4976,"8","thioredoxin-like 4B"
"A830036E02Rik",-0.172109433438676,0.7496,"11","RIKEN cDNA A830036E02 gene"
"Gga2",-0.172091356636537,0.32,"7","golgi associated, gamma adaptin ear containing, ARF binding protein 2"
"Zfp513",-0.172090446472527,0.0996,"5","zinc finger protein 513"
"Hs6st1",0.172030339003674,0.0076,"1","heparan sulfate 6-O-sulfotransferase 1"
"Olfm2",0.17202145697513,0.3592,"9","olfactomedin 2"
"Pde4d",0.172007598500189,0.2224,"13","phosphodiesterase 4D, cAMP specific"
"Tomm40l",-0.17198946903268,0.4032,"1","translocase of outer mitochondrial membrane 40-like"
"Tspoap1",-0.171967231766745,0.4332,"11","TSPO associated protein 1"
"Gabarap",-0.171928641201996,0.5344,"11","gamma-aminobutyric acid receptor associated protein"
"Hrh3",-0.171916547755117,0.5328,"2","histamine receptor H3"
"Ptprz1",0.171886734915492,0.142,"6","protein tyrosine phosphatase, receptor type Z, polypeptide 1"
"Ttll7",0.17183840534257,0.4044,"3","tubulin tyrosine ligase-like family, member 7"
"Setd5",0.171793955395183,0.3216,"6","SET domain containing 5"
"Ndufv1",-0.171787668058508,0.0936,"19","NADH:ubiquinone oxidoreductase core subunit V1"
"Med13l",0.171778361974583,0.3,"5","mediator complex subunit 13-like"
"Enpp4",0.171709777299816,0.358,"17","ectonucleotide pyrophosphatase/phosphodiesterase 4"
"Mitf",0.171659641628522,0.1308,"6","melanogenesis associated transcription factor"
"Ankrd49",0.171604368913683,0.12,"9","ankyrin repeat domain 49"
"Mrps18a",-0.171591933090354,0.2844,"17","mitochondrial ribosomal protein S18A"
"Mamld1",0.171580743732616,0.3232,"X","mastermind-like domain containing 1"
"Abhd12",-0.17151856534262,0.2568,"2","abhydrolase domain containing 12"
"Rec8",-0.171510319059728,0.6368,"14","REC8 meiotic recombination protein"
"Camk2d",0.171454770773304,0.2572,"3","calcium/calmodulin-dependent protein kinase II, delta"
"Tm9sf2",0.171426027081646,0.1664,"14","transmembrane 9 superfamily member 2"
"Ceacam1",-0.171400734524408,0.7548,"7","CEA cell adhesion molecule 1"
"Ccdc28a",-0.171364621994345,0.2064,"10","coiled-coil domain containing 28A"
"Gtf2h3",-0.17132821515718,0.1744,"5","general transcription factor IIH, polypeptide 3"
"Ly86",0.171193600893759,0.7672,"13","lymphocyte antigen 86"
"Marf1",0.171183991946124,0.0608,"16","meiosis regulator and mRNA stability 1"
"Plcb4",0.171153698803686,0.6064,"2","phospholipase C, beta 4"
"Tmem109",-0.171088416856291,0.2992,"19","transmembrane protein 109"
"Sntg1",0.171076825449329,0.4368,"1","syntrophin, gamma 1"
"Snx30",0.171071655586783,0.1832,"4","sorting nexin family member 30"
"Ptpn3",0.171052426430662,0.256,"4","protein tyrosine phosphatase, non-receptor type 3"
"Gnai2",-0.171013676024,0.452,"9","guanine nucleotide binding protein (G protein), alpha inhibiting 2"
"Dctn5",-0.170905843471155,0.1876,"7","dynactin 5"
"Sharpin",-0.170879211889608,0.36,"15","SHANK-associated RH domain interacting protein"
"Traf3ip2",-0.170836624281958,0.4676,"10","TRAF3 interacting protein 2"
"Gng12",0.170792995380197,0.1048,"6","guanine nucleotide binding protein (G protein), gamma 12"
"Cbfb",0.170770541435076,0.1548,"8","core binding factor beta"
"B4galt1",-0.170754738217404,0.25,"4","UDP-Gal:betaGlcNAc beta 1,4- galactosyltransferase, polypeptide 1"
"Setmar",-0.17075409100612,0.5072,"6","SET domain without mariner transposase fusion"
"Tcirg1",-0.170739053025043,0.3312,"19","T cell, immune regulator 1, ATPase, H+ transporting, lysosomal V0 protein A3"
"Nr2f1",-0.170661354156502,0.4184,"13","nuclear receptor subfamily 2, group F, member 1"
"Abcb8",-0.170624674086343,0.17,"5","ATP-binding cassette, sub-family B (MDR/TAP), member 8"
"Luzp1",0.170612735154849,0.362,"4","leucine zipper protein 1"
"Pcdh19",0.170608616821891,0.4296,"X","protocadherin 19"
"Kmt5c",-0.17053774700052,0.4776,"7","lysine methyltransferase 5C"
"Zswim6",0.170522180000699,0.26,"13","zinc finger SWIM-type containing 6"
"Atrnl1",0.170491890624996,0.2588,"19","attractin like 1"
"Cdr1os",-0.170448881081557,0.394,"X","cerebellar degeneration related antigen 1, opposite strand"
"Scube3",-0.170419687307394,0.454,"17","signal peptide, CUB domain, EGF-like 3"
"Mrps14",-0.170411805127161,0.4208,"1","mitochondrial ribosomal protein S14"
"Cyp2d22",-0.170387071291277,0.1,"15","cytochrome P450, family 2, subfamily d, polypeptide 22"
"Zfpm2",0.170371360669718,0.0956,"15","zinc finger protein, multitype 2"
"Gm19522",-0.170355599463427,0.3324,"16","predicted gene, 19522"
"Rabggta",-0.170334953324976,0.156,"14","Rab geranylgeranyl transferase, a subunit"
"Psmg2",-0.170262413517079,0.1136,"18","proteasome (prosome, macropain) assembly chaperone 2"
"Zfp606",0.170186271784846,0.1432,"7","zinc finger protein 606"
"Tle5",-0.170150780170866,0.5728,"10","TLE family member 5, transcriptional modulator"
"Creb1",0.170126136072974,0.1556,"1","cAMP responsive element binding protein 1"
"Med12",-0.170092489689966,0.5292,"X","mediator complex subunit 12"
"Ptpn21",0.170021100727903,0.2332,"12","protein tyrosine phosphatase, non-receptor type 21"
"Colgalt2",0.169995456879231,0.6132,"1","collagen beta(1-O)galactosyltransferase 2"
"Vstm2l",-0.169984869034818,0.5324,"2","V-set and transmembrane domain containing 2-like"
"Pla2g12a",-0.169958682758751,0.3936,"3","phospholipase A2, group XIIA"
"Shld2",0.169925522675938,0.5732,"14","shieldin complex subunit 2"
"Camta1",0.169870650587253,0.0256,"4","calmodulin binding transcription activator 1"
"Efna3",-0.169857191324204,0.1936,"3","ephrin A3"
"Cfap298",-0.169853313951996,0.4664,"16","cilia and flagella associate protien 298"
"Caprin2",-0.169835132721984,0.4844,"6","caprin family member 2"
"Atrn",0.169824540243369,0.116,"2","attractin"
"Snrnp70",-0.169755874312854,0.4864,"7","small nuclear ribonucleoprotein 70 (U1)"
"Sgce",-0.169733514153627,0.3092,"6","sarcoglycan, epsilon"
"Dcaf1",0.16971771454746,0.0832,"9","DDB1 and CUL4 associated factor 1"
"Slbp",0.169692731237458,0.2496,"5","stem-loop binding protein"
"Wnk2",0.169678453476171,0.3148,"13","WNK lysine deficient protein kinase 2"
"Naa25",0.169635480954853,0.426,"5","N(alpha)-acetyltransferase 25, NatB auxiliary subunit"
"Casp8ap2",0.169591115093022,0.3136,"4","caspase 8 associated protein 2"
"Zmym6",0.169573990648437,0.5168,"4","zinc finger, MYM-type 6"
"Nefm",0.169569646104294,0.1624,"14","neurofilament, medium polypeptide"
"Yap1",-0.169558179588097,0.4844,"9","yes-associated protein 1"
"Csnk1g3",0.169524455404627,0.0084,"18","casein kinase 1, gamma 3"
"Zkscan14",-0.169431748919355,0.3508,"5","zinc finger with KRAB and SCAN domains 14"
"Prrc2b",0.169423885798764,0.3116,"2","proline-rich coiled-coil 2B"
"Ptpn5",0.169415475579236,0.1336,"7","protein tyrosine phosphatase, non-receptor type 5"
"Ptbp3",0.169407586402875,0.1,"4","polypyrimidine tract binding protein 3"
"Cybrd1",0.169367737242338,0.2532,"2","cytochrome b reductase 1"
"Snhg20",-0.16935384536428,0.4416,"11","small nucleolar RNA host gene 20"
"Tbc1d31",-0.169286134087041,0.3904,"15","TBC1 domain family, member 31"
"Prr12",0.169192385704602,0.1788,"7","proline rich 12"
"Npy2r",0.169173819349883,0.2096,"3","neuropeptide Y receptor Y2"
"Fchsd2",0.169128581097512,0.2336,"7","FCH and double SH3 domains 2"
"Thbs3",-0.169084833709282,0.6248,"3","thrombospondin 3"
"Mrps7",-0.169081959568826,0.386,"11","mitchondrial ribosomal protein S7"
"Ppih",-0.169071828474724,0.3364,"4","peptidyl prolyl isomerase H"
"Sh3pxd2a",0.169048631100384,0.1776,"19","SH3 and PX domains 2A"
"Ptprt",0.169041685567903,0.34,"2","protein tyrosine phosphatase, receptor type, T"
"Kif3a",0.169019122689501,0.0232,"11","kinesin family member 3A"
"Virma",0.169003371957763,0.3332,"4","vir like m6A methyltransferase associated"
"Grem2",0.168887802197176,0.45,"1","gremlin 2, DAN family BMP antagonist"
"Rras",-0.168880900678848,0.558,"7","related RAS viral (r-ras) oncogene"
"Nelfb",-0.168827666205789,0.0324,"2","negative elongation factor complex member B"
"Ccdc6",0.168824763689295,0.078,"10","coiled-coil domain containing 6"
"Sag",0.168800080562139,0.5024,"1","S-antigen, retina and pineal gland (arrestin)"
"Elk1",0.168789951044451,0.01,"X","ELK1, member of ETS oncogene family"
"Ccdc166",0.168786051177081,0.4088,"15","coiled-coil domain containing 166"
"Spata5",0.168707544533153,0.302,"3","spermatogenesis associated 5"
"Dlx5",0.168702006251268,0.294,"6","distal-less homeobox 5"
"Mia3",0.168700749915734,0.1368,"1","MIA SH3 domain ER export factor 3"
"Acacb",-0.168680961108057,0.522,"5","acetyl-Coenzyme A carboxylase beta"
"Reep2",-0.168668822981809,0.4292,"18","receptor accessory protein 2"
"Sumo3",-0.168647514363005,0.2148,"10","small ubiquitin-like modifier 3"
"Lats1",0.168617154198245,0.1676,"10","large tumor suppressor"
"Tbata",-0.168551978760862,0.168,"10","thymus, brain and testes associated"
"Phf3",0.168547175585086,0.1036,"1","PHD finger protein 3"
"1810055G02Rik",0.168540107494287,0.0568,"19","RIKEN cDNA 1810055G02 gene"
"Kcnf1",0.16853889472342,0.4024,"12","potassium voltage-gated channel, subfamily F, member 1"
"6820431F20Rik",0.168519304488038,0.5388,"8","cadherin 11 pseudogene"
"Grik3",0.16849211366358,0.466,"4","glutamate receptor, ionotropic, kainate 3"
"Pde4dip",0.168469538674685,0.3756,"3","phosphodiesterase 4D interacting protein (myomegalin)"
"Lrrc45",-0.168461788729402,0.4668,"11","leucine rich repeat containing 45"
"Nxt2",0.168429924825548,0.2144,"X","nuclear transport factor 2-like export factor 2"
"Dnajc6",0.168335249706202,0.3204,"4","DnaJ heat shock protein family (Hsp40) member C6"
"Tysnd1",-0.168327036607383,0.3856,"10","trypsin domain containing 1"
"Fbxo11",0.168317087190612,0.0936,"17","F-box protein 11"
"Glrx5",-0.168265714940731,0.4932,"12","glutaredoxin 5"
"Hipk4",-0.168238002639219,0.3064,"7","homeodomain interacting protein kinase 4"
"Mrps22",-0.168220386019068,0.0476,"9","mitochondrial ribosomal protein S22"
"Tyro3",-0.168125818345273,0.0792,"2","TYRO3 protein tyrosine kinase 3"
"Acad10",-0.168109454233792,0.2408,"5","acyl-Coenzyme A dehydrogenase family, member 10"
"Eml6",0.168077409726293,0.6928,"11","echinoderm microtubule associated protein like 6"
"Nenf",-0.168057254984064,0.63,"1","neuron derived neurotrophic factor"
"Tbc1d19",0.168049128060241,0.1084,"5","TBC1 domain family, member 19"
"P3h1",-0.16804503513951,0.3936,"4","prolyl 3-hydroxylase 1"
"Ate1",0.168004903037034,0.0968,"7","arginyltransferase 1"
"Hsd17b4",0.167989918195289,0.0344,"18","hydroxysteroid (17-beta) dehydrogenase 4"
"Stx1a",-0.167907598689799,0.1704,"5","syntaxin 1A (brain)"
"Dctn6",-0.167902397206523,0.0912,"8","dynactin 6"
"Prkra",0.167840099757714,0.2148,"2","protein kinase, interferon inducible double stranded RNA dependent activator"
"Arpc4",-0.167818794997308,0.3236,"6","actin related protein 2/3 complex, subunit 4"
"Hdlbp",0.167814387940853,0.322,"1","high density lipoprotein (HDL) binding protein"
"Miip",-0.167796801038827,0.3968,"4","migration and invasion inhibitory protein"
"Nr2c1",0.167779427457488,0.254,"10","nuclear receptor subfamily 2, group C, member 1"
"Ramp1",-0.167763516911321,0.6028,"1","receptor (calcitonin) activity modifying protein 1"
"Per2",-0.167643762441572,0.3772,"1","period circadian clock 2"
"Cox7b",-0.167640480203813,0.3532,"X","cytochrome c oxidase subunit 7B"
"Hif1a",0.167543788704122,0.4276,"12","hypoxia inducible factor 1, alpha subunit"
"Abca5",0.167542200994205,0.3832,"11","ATP-binding cassette, sub-family A (ABC1), member 5"
"Snap23",0.167468188332555,0.4988,"2","synaptosomal-associated protein 23"
"Tomm6os",-0.167431694211966,0.1864,"17","translocase of outer mitochondrial membrane 6, opposite strand"
"Tcaf1",0.167409766711742,0.2348,"6","TRPM8 channel-associated factor 1"
"Rab14",0.167392486660778,0.1,"2","RAB14, member RAS oncogene family"
"Zfp593",-0.167378619403955,0.428,"4","zinc finger protein 593"
"Vat1l",-0.167368669683127,0.7528,"8","vesicle amine transport protein 1 like"
"Cmtm5",-0.167334373308691,0.5156,"14","CKLF-like MARVEL transmembrane domain containing 5"
"Wdyhv1",-0.167323396362326,0.1856,"15","WDYHV motif containing 1"
"Pygm",-0.16727161271582,0.4692,"19","muscle glycogen phosphorylase"
"Rbm15b",0.167259480686344,0.0736,"9","RNA binding motif protein 15B"
"Macrod2",0.167199682402012,0.4304,"2","mono-ADP ribosylhydrolase 2"
"Dnajc4",-0.167178386312234,0.5692,"19","DnaJ heat shock protein family (Hsp40) member C4"
"Chrm4",-0.167141837114013,0.4804,"2","cholinergic receptor, muscarinic 4"
"Lrrc42",-0.167126054123508,0.1488,"4","leucine rich repeat containing 42"
"Mrps6",-0.167063641852181,0.4952,"16","mitochondrial ribosomal protein S6"
"Mir9-3hg",-0.167050366085536,0.172,"7","Mir9-3 host gene"
"Slc2a13",0.167034432109459,0.2976,"15","solute carrier family 2 (facilitated glucose transporter), member 13"
"Nop10",-0.167011870458516,0.4568,"2","NOP10 ribonucleoprotein"
"D630045J12Rik",0.167009237036444,0.5468,"6","RIKEN cDNA D630045J12 gene"
"Nxph1",0.1669228131659,0.7124,"6","neurexophilin 1"
"Cenpt",-0.166911944666193,0.2184,"8","centromere protein T"
"Gipc3",0.16687357341017,0.44,"10","GIPC PDZ domain containing family, member 3"
"Prom1",0.166868474837679,0.6764,"5","prominin 1"
"Fam131a",-0.166852306614187,0.2524,"16","family with sequence similarity 131, member A"
"Mcrs1",-0.166841809052539,0.3904,"15","microspherule protein 1"
"Fhl1",-0.166789748607269,0.0184,"X","four and a half LIM domains 1"
"Edem1",0.166708369998551,0.2432,"6","ER degradation enhancer, mannosidase alpha-like 1"
"Jak1",0.166659708803622,0.3644,"4","Janus kinase 1"
"D8Ertd738e",-0.166637497396292,0.5792,"8","DNA segment, Chr 8, ERATO Doi 738, expressed"
"Txndc17",-0.166634773652476,0.4344,"11","thioredoxin domain containing 17"
"Tmem125",-0.166583381762953,0.6192,"4","transmembrane protein 125"
"Msn",0.166583289851479,0.3408,"X","moesin"
"Elp3",-0.16656712630533,0.0468,"14","elongator acetyltransferase complex subunit 3"
"Rwdd4a",0.166514817217783,0.182,"8","RWD domain containing 4A"
"Aqp11",-0.166480305086816,0.2248,"7","aquaporin 11"
"Helz2",-0.166463798381357,0.6424,"2","helicase with zinc finger 2, transcriptional coactivator"
"Rbpms",0.166438002136748,0.5676,"8","RNA binding protein gene with multiple splicing"
"Pigb",0.166400293777074,0.6608,"9","phosphatidylinositol glycan anchor biosynthesis, class B"
"Jtb",-0.166339967681876,0.3276,"3","jumping translocation breakpoint"
"Cep63",-0.166264338053923,0.0416,"9","centrosomal protein 63"
"Slc25a15",0.166231806200368,0.0212,"8","solute carrier family 25 (mitochondrial carrier ornithine transporter), member 15"
"Tmem131l",-0.166205476397229,0.4436,"3","transmembrane 131 like"
"Cnot7",0.166193212018155,0.126,"8","CCR4-NOT transcription complex, subunit 7"
"Dcc",0.166128030721446,0.3944,"18","deleted in colorectal carcinoma"
"Ccpg1",0.166117715177041,0.2388,"9","cell cycle progression 1"
"Fer1l5",-0.166088384218359,0.2628,"1","fer-1-like 5 (C. elegans)"
"Kras",0.166053382453121,0.0256,"6","Kirsten rat sarcoma viral oncogene homolog"
"Katna1",-0.166010842254256,0.4208,"10","katanin p60 (ATPase-containing) subunit A1"
"Sqstm1",-0.165945627848281,0.3288,"11","sequestosome 1"
"Sec11c",-0.165911220850911,0.3244,"18","SEC11 homolog C, signal peptidase complex subunit"
"Gstm4",-0.165888641943831,0.0852,"3","glutathione S-transferase, mu 4"
"Phf12",0.165888572096376,0.1988,"11","PHD finger protein 12"
"Mbnl2",0.165864314577073,0.136,"14","muscleblind like splicing factor 2"
"Mfge8",-0.165861666667452,0.438,"7","milk fat globule EGF and factor V/VIII domain containing"
"Acaa1a",-0.165833202111558,0.0616,"9","acetyl-Coenzyme A acyltransferase 1A"
"Abi2",0.165804447689818,0.0472,"1","abl interactor 2"
"Ank2",0.165795708558457,0.2568,"3","ankyrin 2, brain"
"Mmp16",0.165714163553827,0.5448,"4","matrix metallopeptidase 16"
"Scaf4",0.165710121124245,0.394,"16","SR-related CTD-associated factor 4"
"Gatm",-0.165691107762266,0.5668,"2","glycine amidinotransferase (L-arginine:glycine amidinotransferase)"
"Sulf2",0.165679147248985,0.2092,"2","sulfatase 2"
"Rpusd1",-0.165607054683563,0.478,"17","RNA pseudouridylate synthase domain containing 1"
"Eea1",0.165551658948271,0.2464,"10","early endosome antigen 1"
"Tmem198",-0.165537055625453,0.2992,"1","transmembrane protein 198"
"Brinp1",0.165529200129647,0.0656,"4","bone morphogenic protein/retinoic acid inducible neural specific 1"
"Slco1c1",-0.165521015076529,0.3916,"6","solute carrier organic anion transporter family, member 1c1"
"Mzt2",-0.165514758302908,0.5136,"16","mitotic spindle organizing protein 2"
"Mfsd8",-0.165507664459427,0.4492,"3","major facilitator superfamily domain containing 8"
"Prrt1",0.16549886618586,0.3032,"17","proline-rich transmembrane protein 1"
"Anapc10",-0.165498841539185,0.2712,"8","anaphase promoting complex subunit 10"
"Cdc73",0.1654916903794,0.3628,"1","cell division cycle 73, Paf1/RNA polymerase II complex component"
"Kcnmb4os2",0.165490748363288,0.4936,"10","potassium large conductance calcium-activated channel, subfamily M, beta member 4, opposite strand 2"
"Fam183b",-0.165465335421409,0.6228,"11","family with sequence similarity 183, member B"
"D930048N14Rik",-0.165325357339836,0.5668,"11","RIKEN cDNA D930048N14 gene"
"Dedd",-0.165282546901176,0.1596,"1","death effector domain-containing"
"Coa3",-0.165273876864609,0.4448,"11","cytochrome C oxidase assembly factor 3"
"Npas2",0.165265495933472,0.412,"1","neuronal PAS domain protein 2"
"Chrnb2",0.165246654389439,0.2516,"3","cholinergic receptor, nicotinic, beta polypeptide 2 (neuronal)"
"Sec24d",0.165246215673835,0.0696,"3","Sec24 related gene family, member D (S. cerevisiae)"
"Rps2",-0.165193306938242,0.5996,"17","ribosomal protein S2"
"Tomm7",-0.165170890275223,0.508,"5","translocase of outer mitochondrial membrane 7"
"Zfp280b",0.165162756998679,0.028,"10","zinc finger protein 280B"
"Dedd2",-0.165140466164611,0.3012,"7","death effector domain-containing DNA binding protein 2"
"Fam163a",-0.165129229732432,0.3108,"1","family with sequence similarity 163, member A"
"Gabrb3",0.165106975151241,0.148,"7","gamma-aminobutyric acid (GABA) A receptor, subunit beta 3"
"Rev3l",0.165066054056295,0.4456,"10","REV3 like, DNA directed polymerase zeta catalytic subunit"
"Csf3r",0.165046795850513,0.8116,"4","colony stimulating factor 3 receptor (granulocyte)"
"Prkg1",0.165038155317212,0.4616,"19","protein kinase, cGMP-dependent, type I"
"Slc16a9",-0.165002876191108,0.7024,"10","solute carrier family 16 (monocarboxylic acid transporters), member 9"
"Pik3cb",0.164976994455921,0.0712,"9","phosphatidylinositol-4,5-bisphosphate 3-kinase catalytic subunit beta"
"Rps6ka3",0.164970418646215,0.5952,"X","ribosomal protein S6 kinase polypeptide 3"
"Tmem230",0.164960716216703,0.0576,"2","transmembrane protein 230"
"Atad3a",-0.164924570507107,0.1212,"4","ATPase family, AAA domain containing 3A"
"Zfp637",-0.164912349623193,0.4544,"6","zinc finger protein 637"
"Apcdd1",0.164901145501521,0.4332,"18","adenomatosis polyposis coli down-regulated 1"
"B230303A05Rik",-0.164895072887086,0.3556,"13","RIKEN cDNA B230303A05 gene"
"Ndufa6",-0.164847899934594,0.4036,"15","NADH:ubiquinone oxidoreductase subunit A6"
"Tmem263",0.164838840919139,0.166,"10","transmembrane protein 263"
"Tmem223",-0.164823655699478,0.4976,"19","transmembrane protein 223"
"Hipk3",0.164803985636208,0.09,"2","homeodomain interacting protein kinase 3"
"Larp4",0.164749173433851,0.1812,"15","La ribonucleoprotein 4"
"Chsy1",0.164740404095215,0.1612,"7","chondroitin sulfate synthase 1"
"Rerg",0.164733584697419,0.2436,"6","RAS-like, estrogen-regulated, growth-inhibitor"
"Cxxc4",0.164725510819455,0.2932,"3","CXXC finger 4"
"Crtac1",-0.164714158514306,0.24,"19","cartilage acidic protein 1"
"Enpp6",0.164701093994541,0.4408,"8","ectonucleotide pyrophosphatase/phosphodiesterase 6"
"Trp73",0.164639416082837,0.5288,"4","transformation related protein 73"
"Zfp830",0.164630164666175,0.0788,"11","zinc finger protein 830"
"Clcn3",0.164578776248677,0.4384,"8","chloride channel, voltage-sensitive 3"
"Rnf208",-0.164556455930317,0.3944,"2","ring finger protein 208"
"Xndc1",-0.164538476381546,0.3912,"7","Xrcc1 N-terminal domain containing 1"
"Ttc8",-0.164535201875672,0.3244,"12","tetratricopeptide repeat domain 8"
"Zfp825",-0.164533580497748,0.5096,"13","zinc finger protein 825"
"Mindy2",0.164504588642481,0.0532,"9","MINDY lysine 48 deubiquitinase 2"
"Selenok",-0.164477615544263,0.5108,"14","selenoprotein K"
"Myo9b",-0.164459950961025,0.5312,"8","myosin IXb"
"Scamp3",0.164419374953609,0.6008,"3","secretory carrier membrane protein 3"
"Hip1",0.164376026056517,0.4312,"5","huntingtin interacting protein 1"
"Pdk4",-0.164359168232345,0.5824,"6","pyruvate dehydrogenase kinase, isoenzyme 4"
"Htr7",0.164346477910543,0.4736,"19","5-hydroxytryptamine (serotonin) receptor 7"
"Pusl1",-0.164322799956451,0.1908,"4","pseudouridylate synthase-like 1"
"Eri1",0.164319330896453,0.172,"8","exoribonuclease 1"
"Wnt7a",-0.16431055675757,0.4916,"6","wingless-type MMTV integration site family, member 7A"
"Htr4",0.164277982131866,0.4424,"18","5 hydroxytryptamine (serotonin) receptor 4"
"Zfp287",0.164258092249531,0.3128,"11","zinc finger protein 287"
"B4galt2",-0.164193608201531,0.4236,"4","UDP-Gal:betaGlcNAc beta 1,4- galactosyltransferase, polypeptide 2"
"Fam171b",0.164182226257589,0.2532,"2","family with sequence similarity 171, member B"
"Lbr",0.164176380038396,0.1608,"1","lamin B receptor"
"Dner",0.164156445419503,0.1036,"1","delta/notch-like EGF repeat containing"
"Ptchd4",0.164153958030252,0.3848,"17","patched domain containing 4"
"Tmem176a",-0.164094952644424,0.5928,"6","transmembrane protein 176A"
"Gm20751",-0.164063553151759,0.6676,"13","predicted gene, 20751"
"Ccnd3",-0.164063229986746,0.3084,"17","cyclin D3"
"Wdr73",-0.16406034237615,0.272,"7","WD repeat domain 73"
"Chrna7",0.164053953463308,0.7568,"7","cholinergic receptor, nicotinic, alpha polypeptide 7"
"Tk2",-0.164043575372655,0.3432,"8","thymidine kinase 2, mitochondrial"
"Cd63",-0.164019678766429,0.4868,"10","CD63 antigen"
"Mrps34",-0.163985345916126,0.5124,"17","mitochondrial ribosomal protein S34"
"Hbp1",0.163965196155734,0,"12","high mobility group box transcription factor 1"
"Entpd2",-0.163956847575216,0.5204,"2","ectonucleoside triphosphate diphosphohydrolase 2"
"Foxk1",0.163950050831998,0.4172,"5","forkhead box K1"
"Slc46a3",-0.163937347160435,0.1084,"5","solute carrier family 46, member 3"
"Ryr2",0.163854099695188,0.6208,"13","ryanodine receptor 2, cardiac"
"Wdsub1",-0.163827586123416,0.25,"2","WD repeat, SAM and U-box domain containing 1"
"Ggnbp1",-0.163806582415003,0.4464,"17","gametogenetin binding protein 1"
"Abhd11",-0.163786540513239,0.252,"5","abhydrolase domain containing 11"
"Nup155",0.163786507904025,0.2672,"15","nucleoporin 155"
"Lmln",0.163707657606329,0.7224,"16","leishmanolysin-like (metallopeptidase M8 family)"
"Arl5a",0.163685709207767,0.0724,"2","ADP-ribosylation factor-like 5A"
"Cstf2",0.163680258882419,0.3712,"X","cleavage stimulation factor, 3' pre-RNA subunit 2"
"Foxo6",-0.163678696180927,0.5536,"4","forkhead box O6"
"Lrrc73",-0.163654584147875,0.378,"17","leucine rich repeat containing 73"
"Zfp518a",0.163651147136728,0.5592,"19","zinc finger protein 518A"
"Nop58",0.163515032410991,0.0384,"1","NOP58 ribonucleoprotein"
"Mettl23",-0.163514355432756,0.1688,"11","methyltransferase like 23"
"Cacna1h",0.163504169101105,0.4728,"17","calcium channel, voltage-dependent, T type, alpha 1H subunit"
"Zfp72",0.163414309730188,0.1564,"13","zinc finger protein 72"
"Ap1g1",0.163400247889281,0.1516,"8","adaptor protein complex AP-1, gamma 1 subunit"
"Arid3a",0.163397532188172,0.3572,"10","AT rich interactive domain 3A (BRIGHT-like)"
"Kifap3",0.163388545339339,0.412,"1","kinesin-associated protein 3"
"Tppp3",0.163336487313826,0.6988,"8","tubulin polymerization-promoting protein family member 3"
"Magi3",0.163333075321324,0.3428,"3","membrane associated guanylate kinase, WW and PDZ domain containing 3"
"Gm15706",-0.16333274121403,0.4112,"6","predicted gene 15706"
"Nsrp1",0.163291746293012,0.068,"11","nuclear speckle regulatory protein 1"
"Cmpk1",0.163272549032253,0.038,"4","cytidine monophosphate (UMP-CMP) kinase 1"
"Naglu",-0.163216944967543,0.33,"11","alpha-N-acetylglucosaminidase (Sanfilippo disease IIIB)"
"Sox1ot",0.16317611003445,0.0924,"8","Sox1 overlapping transcript"
"Kat6b",0.163074630284815,0.3032,"14","K(lysine) acetyltransferase 6B"
"Zfp629",0.163061942396577,0.22,"7","zinc finger protein 629"
"Ppp1r14a",-0.163054704968394,0.5848,"7","protein phosphatase 1, regulatory inhibitor subunit 14A"
"Sertad3",0.162898972709368,0.6504,"7","SERTA domain containing 3"
"Yipf3",-0.162882400676415,0.2456,"17","Yip1 domain family, member 3"
"Coq10a",-0.162879650729153,0.0668,"10","coenzyme Q10A"
"Rps3a1",-0.162868061351172,0.5044,"3","ribosomal protein S3A1"
"Ahdc1",0.162811280795122,0.2004,"4","AT hook, DNA binding motif, containing 1"
"Chd9",0.162783818718846,0.58,"8","chromodomain helicase DNA binding protein 9"
"Atf3",-0.162743369913726,0.7876,"1","activating transcription factor 3"
"Ctsl",0.162738237927174,0.1992,"13","cathepsin L"
"Arel1",0.162710753813018,0.2624,"12","apoptosis resistant E3 ubiquitin protein ligase 1"
"Tcf20",0.162675325210885,0.3052,"15","transcription factor 20"
"Drc7",-0.162666077359742,0.8736,"8","dynein regulatory complex subunit 7"
"Tmem115",-0.162661500673803,0.2568,"9","transmembrane protein 115"
"Dpysl5",0.162613802369303,0.2432,"5","dihydropyrimidinase-like 5"
"Dxo",-0.162583085607102,0.3156,"17","decapping exoribonuclease"
"Osbpl6",0.162560717141922,0.5276,"2","oxysterol binding protein-like 6"
"Nans",-0.162528807624665,0.4072,"4","N-acetylneuraminic acid synthase (sialic acid synthase)"
"Nipbl",0.162514450582986,0.4424,"15","NIPBL cohesin loading factor"
"Arhgef11",0.162510857548877,0.3472,"3","Rho guanine nucleotide exchange factor (GEF) 11"
"Arl8b",0.162505171603233,0.0504,"6","ADP-ribosylation factor-like 8B"
"Bop1",-0.162466049766384,0.1092,"15","block of proliferation 1"
"Qser1",0.162416385892495,0.2144,"2","glutamine and serine rich 1"
"Ldlrad4",0.162397358096144,0.3196,"18","low density lipoprotein receptor class A domain containing 4"
"Ppa2",-0.162370104472656,0.1136,"3","pyrophosphatase (inorganic) 2"
"Dram2",0.162341213141201,0.1972,"3","DNA-damage regulated autophagy modulator 2"
"Anks1b",0.162336962730967,0.1016,"10","ankyrin repeat and sterile alpha motif domain containing 1B"
"Ankrd26",0.162303126641018,0.5268,"6","ankyrin repeat domain 26"
"Ccnjl",0.162289852270673,0.1112,"11","cyclin J-like"
"Gatd3a",-0.162267469131526,0.2332,"10","glutamine amidotransferase like class 1 domain containing 3A"
"Psmd10",-0.162225070027744,0.1748,"X","proteasome (prosome, macropain) 26S subunit, non-ATPase, 10"
"Cd83",-0.162199474711328,0.4116,"13","CD83 antigen"
"Itch",0.162187084440528,0.252,"2","itchy, E3 ubiquitin protein ligase"
"Tank",0.162169058046418,0.2504,"2","TRAF family member-associated Nf-kappa B activator"
"Rab3b",0.161991029688239,0.7632,"4","RAB3B, member RAS oncogene family"
"Tenm3",0.1618994913082,0.2948,"8","teneurin transmembrane protein 3"
"Ankrd24",0.161899273150382,0.1372,"10","ankyrin repeat domain 24"
"Cd38",0.161865067837327,0.2936,"5","CD38 antigen"
"Unc80",0.161864806461728,0.3488,"1","unc-80, NALCN activator"
"Ube3c",0.161810089696333,0.1544,"5","ubiquitin protein ligase E3C"
"Smc6",0.161787607333337,0.1012,"12","structural maintenance of chromosomes 6"
"Hspa13",0.16173558644958,0.35,"16","heat shock protein 70 family, member 13"
"Sp3",0.161717396507752,0.0676,"2","trans-acting transcription factor 3"
"Abi1",0.161714450348149,0.104,"2","abl interactor 1"
"Mdh2",-0.161666058932987,0.4044,"5","malate dehydrogenase 2, NAD (mitochondrial)"
"Cir1",0.161638454273917,0.2068,"2","corepressor interacting with RBPJ, 1"
"Gnl3l",0.161628883393174,0.2236,"X","guanine nucleotide binding protein-like 3 (nucleolar)-like"
"Bhlhe41",-0.161618526317363,0.2492,"6","basic helix-loop-helix family, member e41"
"1110059E24Rik",-0.161614085727104,0.2808,"19","RIKEN cDNA 1110059E24 gene"
"1110059E24Rik",-0.161614085727104,0.2808,"19","RIKEN cDNA 1110059E24 gene"
"Iws1",0.161558665107074,0.3104,"18","IWS1, SUPT6 interacting protein"
"Mbp",-0.161548233441536,0.6844,"18","myelin basic protein"
"Golga4",0.161540124926151,0.3576,"9","golgi autoantigen, golgin subfamily a, 4"
"Pkig",-0.161538627211367,0.614,"2","protein kinase inhibitor, gamma"
"Mrps18c",-0.161498493685012,0.5156,"5","mitochondrial ribosomal protein S18C"
"Eapp",0.161454591181657,0.056,"12","E2F-associated phosphoprotein"
"Fbxo7",-0.161394076817177,0.3068,"10","F-box protein 7"
"Tmem59l",-0.161389298179321,0.4068,"8","transmembrane protein 59-like"
"Zfp583",0.161386628576351,0.1136,"7","zinc finger protein 583"
"Ntmt1",-0.161351919204286,0.292,"2","N-terminal Xaa-Pro-Lys N-methyltransferase 1"
"Wdr53",-0.161345831702245,0.1392,"16","WD repeat domain 53"
"Cenpv",-0.161340856536045,0.3312,"11","centromere protein V"
"Ddx18",-0.161333779735308,0.0332,"1","DEAD box helicase 18"
"Fam171a2",-0.161320378765795,0.132,"11","family with sequence similarity 171, member A2"
"Camkv",-0.161304660089472,0.1328,"9","CaM kinase-like vesicle-associated"
"Lars2",0.161282549022152,0.7004,"9","leucyl-tRNA synthetase, mitochondrial"
"Gpt",-0.161243791398233,0.7368,"15","glutamic pyruvic transaminase, soluble"
"Rmnd5b",-0.161232931614968,0.3496,"11","required for meiotic nuclear division 5 homolog B"
"Lrrfip2",-0.161232421735931,0.254,"9","leucine rich repeat (in FLII) interacting protein 2"
"Ddx6",0.16118806478907,0.3036,"9","DEAD (Asp-Glu-Ala-Asp) box polypeptide 6"
"Zcchc14",0.161158697482125,0.204,"8","zinc finger, CCHC domain containing 14"
"Agbl5",-0.161158448772494,0.4804,"5","ATP/GTP binding protein-like 5"
"Clec2l",-0.161152097668039,0.4728,"6","C-type lectin domain family 2, member L"
"Slc35f5",0.161114436146776,0.3428,"1","solute carrier family 35, member F5"
"Arhgap10",-0.161100052435078,0.2648,"8","Rho GTPase activating protein 10"
"Cmtm6",0.161076233121441,0.4064,"9","CKLF-like MARVEL transmembrane domain containing 6"
"Mosmo",0.161056268531805,0.0148,"7","modulator of smoothened"
"Mylip",0.161030849278433,0.5844,"13","myosin regulatory light chain interacting protein"
"Rabep1",0.161023359488735,0.0984,"11","rabaptin, RAB GTPase binding effector protein 1"
"Kdm2b",0.161004346596931,0.3568,"5","lysine (K)-specific demethylase 2B"
"Srsf12",0.160958206044935,0.2364,"4","serine and arginine-rich splicing factor 12"
"Cacybp",0.160950139910523,0.2096,"1","calcyclin binding protein"
"Tlnrd1",0.160928214600893,0.3184,"7","talin rod domain containing 1"
"Lrch1",0.160832062320299,0.4112,"14","leucine-rich repeats and calponin homology (CH) domain containing 1"
"Pdcd2l",-0.160767157674518,0.3328,"7","programmed cell death 2-like"
"9830166K06Rik",0.160756489179105,0.6556,"19","RIKEN cDNA 9830166K06 gene"
"Sec13",-0.160731602397799,0.1788,"6","SEC13 homolog, nuclear pore and COPII coat complex component"
"Slc25a28",-0.160726726360465,0.212,"19","solute carrier family 25, member 28"
"Tspan15",-0.160724734030839,0.6136,"10","tetraspanin 15"
"Mtarc2",-0.160705554158606,0.0408,"1","mitochondrial amidoxime reducing component 2"
"Otub2",-0.160698913224259,0.1528,"12","OTU domain, ubiquitin aldehyde binding 2"
"Hipk1",0.160693474066302,0.0948,"3","homeodomain interacting protein kinase 1"
"Myadm",0.160673292220538,0.2104,"7","myeloid-associated differentiation marker"
"Nova2",0.160660398775677,0.2496,"7","NOVA alternative splicing regulator 2"
"Arhgef10",0.160640876562371,0.3988,"8","Rho guanine nucleotide exchange factor (GEF) 10"
"Sptbn1",0.160577457338954,0.1672,"11","spectrin beta, non-erythrocytic 1"
"Atp6v1a",0.160568973170717,0.3532,"16","ATPase, H+ transporting, lysosomal V1 subunit A"
"Ldb3",0.160463564452814,0.2132,"14","LIM domain binding 3"
"Pou2f2",0.160453896897302,0.5456,"7","POU domain, class 2, transcription factor 2"
"Sik3",0.160439734970125,0.272,"9","SIK family kinase 3"
"Nme1",-0.160411955041822,0.4208,"11","NME/NM23 nucleoside diphosphate kinase 1"
"Fhod3",0.160408917128274,0.4716,"18","formin homology 2 domain containing 3"
"Inpp5j",0.160378155223613,0.4304,"11","inositol polyphosphate 5-phosphatase J"
"Hexim2",-0.160376522008492,0.5048,"11","hexamethylene bis-acetamide inducible 2"
"Nup153",0.160372747582144,0.4172,"13","nucleoporin 153"
"Npc2",-0.160349037752536,0.4464,"12","NPC intracellular cholesterol transporter 2"
"Tbc1d10a",-0.160279971757103,0.0652,"11","TBC1 domain family, member 10a"
"Lsm7",-0.160245916363745,0.4936,"10","LSM7 homolog, U6 small nuclear RNA and mRNA degradation associated"
"St13",0.160181365174783,0.3192,"15","suppression of tumorigenicity 13"
"Cmc2",-0.160040227920069,0.2392,"8","COX assembly mitochondrial protein 2"
"Exosc7",-0.159992479170797,0.3288,"9","exosome component 7"
"Brk1",-0.159980377830875,0.4816,"6","BRICK1, SCAR/WAVE actin-nucleating complex subunit"
"Gm14305",0.159968790556459,0.4788,"2","predicted gene 14305"
"Mon2",0.159916514178263,0.3628,"10","MON2 homolog, regulator of endosome to Golgi trafficking"
"Pea15a",-0.159881114445106,0.4848,"1","proliferation and apoptosis adaptor protein 15A"
"Fam89b",-0.159865779692899,0.4908,"19","family with sequence similarity 89, member B"
"Lrrc7",0.159841026622644,0.5128,"3","leucine rich repeat containing 7"
"Mgat2",0.159818211172902,0.2108,"12","mannoside acetylglucosaminyltransferase 2"
"Hhatl",-0.159816480496184,0.3288,"9","hedgehog acyltransferase-like"
"Vegfa",-0.159813664196871,0.404,"17","vascular endothelial growth factor A"
"Gfer",-0.15977139557419,0.0532,"17","growth factor, augmenter of liver regeneration"
"1700001L19Rik",0.159728261180685,0.3004,"13","RIKEN cDNA 1700001L19 gene"
"Ndor1",-0.159715735924634,0.3568,"2","NADPH dependent diflavin oxidoreductase 1"
"Ndor1",-0.159715735924634,0.3568,"2","NADPH dependent diflavin oxidoreductase 1"
"Galnt6",-0.15967986277008,0.6092,"15","polypeptide N-acetylgalactosaminyltransferase 6"
"Esf1",0.159643130195289,0.2292,"2","ESF1 nucleolar pre-rRNA processing protein homolog"
"Ano3",0.1595938104323,0.14,"2","anoctamin 3"
"Ppp4r1",-0.159519970086052,0.488,"17","protein phosphatase 4, regulatory subunit 1"
"Gabbr2",0.159516707581245,0.0484,"4","gamma-aminobutyric acid (GABA) B receptor, 2"
"Sparc",-0.159502906136593,0.3728,"11","secreted acidic cysteine rich glycoprotein"
"Faap100",-0.15950168625653,0.4412,"11","Fanconi anemia core complex associated protein 100"
"Cnot9",0.159500925035148,0.0384,"1","CCR4-NOT transcription complex, subunit 9"
"Sars2",-0.15946939545454,0.1916,"7","seryl-aminoacyl-tRNA synthetase 2"
"Ccdc141",0.159466815773138,0.6736,"2","coiled-coil domain containing 141"
"Zdhhc21",0.159441540350013,0.21,"4","zinc finger, DHHC domain containing 21"
"Zfp148",0.159422096514017,0.2064,"16","zinc finger protein 148"
"Spns1",-0.159385363305208,0.2212,"7","spinster homolog 1"
"Mtr",0.159382508193888,0.8332,"13","5-methyltetrahydrofolate-homocysteine methyltransferase"
"Ercc8",-0.15938067295508,0.0536,"13","excision repaiross-complementing rodent repair deficiency, complementation group 8"
"Mapk1ip1l",0.159360862204463,0.3844,"14","mitogen-activated protein kinase 1 interacting protein 1-like"
"Mtrr",0.159349943899481,0.156,"13","5-methyltetrahydrofolate-homocysteine methyltransferase reductase"
"Gda",0.159343384075978,0.1704,"19","guanine deaminase"
"Lefty1",-0.159272035186664,0.6388,"1","left right determination factor 1"
"Neurod1",0.159264685250498,0.2192,"2","neurogenic differentiation 1"
"Enpp2",-0.159258132863165,0.7628,"15","ectonucleotide pyrophosphatase/phosphodiesterase 2"
"Polr2d",-0.159256871507982,0.4368,"18","polymerase (RNA) II (DNA directed) polypeptide D"
"Cuedc1",-0.159218170887534,0.1356,"11","CUE domain containing 1"
"Cuedc1",-0.159218170887534,0.1356,"11","CUE domain containing 1"
"Fam107b",0.159196337551138,0.3668,"2","family with sequence similarity 107, member B"
"Rpl7a",-0.159192361680214,0.4768,"2","ribosomal protein L7A"
"Fstl1",0.159095830717547,0.5224,"16","follistatin-like 1"
"Rgs11",-0.159073739037112,0.4216,"17","regulator of G-protein signaling 11"
"Nsun5",-0.159058014167757,0.2496,"5","NOL1/NOP2/Sun domain family, member 5"
"Rai14",-0.159055164998971,0.7496,"15","retinoic acid induced 14"
"Cnp",-0.159049133614975,0.494,"11","2',3'-cyclic nucleotide 3' phosphodiesterase"
"Rab1b",-0.159021195825632,0.4124,"19","RAB1B, member RAS oncogene family"
"Acbd3",0.159020539773366,0.296,"1","acyl-Coenzyme A binding domain containing 3"
"Pigbos1",-0.158989832546331,0.4392,"9","Pigb opposite strand 1"
"Magee1",0.158927447771905,0.1836,"X","MAGE family member E1"
"Ythdf2",0.158915798824511,0.1,"4","YTH N6-methyladenosine RNA binding protein 2"
"Plekhh3",0.158906456485791,0.2228,"11","pleckstrin homology domain containing, family H (with MyTH4 domain) member 3"
"Tut7",0.158866793235294,0.4724,"13","terminal uridylyl transferase 7"
"Usp54",0.158799286910228,0.5496,"14","ubiquitin specific peptidase 54"
"Tbrg1",-0.158709412837792,0.1216,"9","transforming growth factor beta regulated gene 1"
"Plxna1",0.158708815653379,0.288,"6","plexin A1"
"Ints8",0.158691634877323,0.2912,"4","integrator complex subunit 8"
"Cmip",0.158651382441713,0.2696,"8","c-Maf inducing protein"
"St3gal4",-0.158632582427089,0.2708,"9","ST3 beta-galactoside alpha-2,3-sialyltransferase 4"
"Mlxip",0.158589824210395,0.6212,"5","MLX interacting protein"
"Kcnq5",0.158578972550046,0.478,"1","potassium voltage-gated channel, subfamily Q, member 5"
"Slx1b",-0.158575291544405,0.3784,"7","SLX1 structure-specific endonuclease subunit homolog B (S. cerevisiae)"
"Sgms1",0.158568365397417,0.5188,"19","sphingomyelin synthase 1"
"Mt3",-0.158551615142494,0.6468,"8","metallothionein 3"
"Prim1",-0.158548176702129,0.6124,"10","DNA primase, p49 subunit"
"Hebp1",-0.158499446178329,0.4804,"6","heme binding protein 1"
"Cacna1a",0.15846373217375,0.2948,"8","calcium channel, voltage-dependent, P/Q type, alpha 1A subunit"
"Commd5",-0.158450579519072,0.3968,"15","COMM domain containing 5"
"Zfp738",0.158437540211457,0.5404,"13","zinc finger protein 738"
"Polr1a",-0.158432812467539,0.0824,"6","polymerase (RNA) I polypeptide A"
"Prtg",0.158419299493716,0.3064,"9","protogenin"
"Fancg",-0.158392068027883,0.2244,"4","Fanconi anemia, complementation group G"
"2700049A03Rik",-0.158386142061478,0.322,"12","RIKEN cDNA 2700049A03 gene"
"Tanc2",0.158317899931779,0.3024,"11","tetratricopeptide repeat, ankyrin repeat and coiled-coil containing 2"
"Slitrk2",0.158210868455806,0.2348,"X","SLIT and NTRK-like family, member 2"
"Iqce",-0.158209869349577,0.596,"5","IQ motif containing E"
"Acap2",0.158141674860143,0.47,"16","ArfGAP with coiled-coil, ankyrin repeat and PH domains 2"
"Mfap2",-0.158138831387562,0.4076,"4","microfibrillar-associated protein 2"
"Paxip1",0.158115744102994,0.0952,"5","PAX interacting (with transcription-activation domain) protein 1"
"Phf5a",-0.1580735395402,0.5008,"15","PHD finger protein 5A"
"Tacc2",0.158056353669622,0.0508,"7","transforming, acidic coiled-coil containing protein 2"
"Zcchc10",0.158037073553371,0.1768,"11","zinc finger, CCHC domain containing 10"
"Daam1",0.157935879950471,0.182,"12","dishevelled associated activator of morphogenesis 1"
"Lratd2",0.157895369261563,0.2872,"15","LRAT domain containing 1"
"Fgf10",0.157894898974718,0.3832,"13","fibroblast growth factor 10"
"Coro2a",0.157877383093114,0.0072,"4","coronin, actin binding protein 2A"
"Naca",-0.157799388427346,0.3328,"10","nascent polypeptide-associated complex alpha polypeptide"
"Cntn3",0.157777401045474,0.4484,"6","contactin 3"
"Nme5",-0.157765071422589,0.4112,"18","NME/NM23 family member 5"
"Pnpla2",0.157577080557467,0.4312,"7","patatin-like phospholipase domain containing 2"
"Metap1",0.157524902851175,0.1488,"3","methionyl aminopeptidase 1"
"Evi2a",-0.157503695803974,0.546,"11","ecotropic viral integration site 2a"
"Ier5l",0.157465989796082,0.4316,"2","immediate early response 5-like"
"Bves",-0.157385029377422,0.3664,"10","blood vessel epicardial substance"
"Dnm1l",0.157297240880795,0.1184,"16","dynamin 1-like"
"Cdpf1",-0.1572895046522,0.4512,"15","cysteine rich, DPF motif domain containing 1"
"Adarb1",0.157289072646163,0.242,"10","adenosine deaminase, RNA-specific, B1"
"Glce",0.157262909727172,0.2428,"9","glucuronyl C5-epimerase"
"Tcf4",0.157208007114431,0.0708,"18","transcription factor 4"
"Usp6nl",0.157180981746099,0.2696,"2","USP6 N-terminal like"
"Mri1",-0.157158680784215,0.2424,"8","methylthioribose-1-phosphate isomerase 1"
"Parl",-0.157150238723995,0.282,"16","presenilin associated, rhomboid-like"
"Il1rapl1",0.157103678670355,0.1792,"X","interleukin 1 receptor accessory protein-like 1"
"Stmn4",-0.157097247444153,0.4804,"14","stathmin-like 4"
"Esd",-0.157093209536757,0.4072,"14","esterase D/formylglutathione hydrolase"
"Adprh",-0.157078161808759,0.3012,"16","ADP-ribosylarginine hydrolase"
"Ppm1f",-0.1570503391113,0.1384,"16","protein phosphatase 1F (PP2C domain containing)"
"Vps13d",0.157047206353371,0.4572,"4","vacuolar protein sorting 13D"
"Lrrc4",0.157044622638337,0.102,"6","leucine rich repeat containing 4"
"Echdc2",-0.157042784772282,0.3516,"4","enoyl Coenzyme A hydratase domain containing 2"
"Zc3h6",0.157003330397966,0.3668,"2","zinc finger CCCH type containing 6"
"1300002E11Rik",0.157001733290592,0.0456,"16","RIKEN cDNA 1300002E11 gene"
"Pwwp3a",-0.156973365625916,0.1444,"10","PWWP domain containing 3A, DNA repair factor"
"Osbpl7",-0.156953412987558,0.186,"11","oxysterol binding protein-like 7"
"Cacna1c",0.156940760386272,0.4864,"6","calcium channel, voltage-dependent, L type, alpha 1C subunit"
"Nme2",-0.156931036710435,0.5504,"11","NME/NM23 nucleoside diphosphate kinase 2"
"Fbxo27",-0.156908063911202,0.3664,"7","F-box protein 27"
"Pkd1l3",0.156886806393766,0.746,"8","polycystic kidney disease 1 like 3"
"Auts2",0.156873285507806,0.2032,"5","autism susceptibility candidate 2"
"Rtl8a",-0.156847255275448,0.6344,"X","retrotransposon Gag like 8A"
"Itgb8",0.156845509858685,0.7532,"12","integrin beta 8"
"Skiv2l",-0.156837992175147,0.112,"17","superkiller viralicidic activity 2-like (S. cerevisiae)"
"Rrnad1",-0.156809715117938,0.438,"3","ribosomal RNA adenine dimethylase domain containing 1"
"Creb5",0.156781602293113,0.3528,"6","cAMP responsive element binding protein 5"
"Chadl",-0.156763112526075,0.4708,"15","chondroadherin-like"
"Sirt5",-0.156699822152108,0.3824,"13","sirtuin 5"
"4933421O10Rik",-0.156665646349373,0.2524,"4","RIKEN cDNA 4933421O10 gene"
"Wasf1",0.156641190865981,0.4552,"10","WASP family, member 1"
"Dcps",-0.156632367326959,0.3188,"9","decapping enzyme, scavenger"
"Psenen",-0.156594972310603,0.6328,"7","presenilin enhancer gamma secretase subunit"
"Gm19500",-0.156565784544419,0.4276,"18","predicted gene, 19500"
"Dtx3l",0.156455870755383,0.4428,"16","deltex 3-like, E3 ubiquitin ligase"
"Mafg",0.15641765488741,0.5432,"11","v-maf musculoaponeurotic fibrosarcoma oncogene family, protein G (avian)"
"Slc18a2",0.156402693004886,0.3232,"19","solute carrier family 18 (vesicular monoamine), member 2"
"Usb1",-0.156335002115971,0.5336,"8","U6 snRNA biogenesis 1"
"Myadml2",-0.156317556374062,0.5248,"11","myeloid-associated differentiation marker-like 2"
"Slc25a26",-0.156298413810994,0.1828,"6","solute carrier family 25 (mitochondrial carrier, phosphate carrier), member 26"
"Hnrnph2",0.15626623209478,0.1152,"X","heterogeneous nuclear ribonucleoprotein H2"
"Mrps15",-0.15623898179071,0.5712,"4","mitochondrial ribosomal protein S15"
"Zdhhc5",0.156204805138397,0.4264,"2","zinc finger, DHHC domain containing 5"
"Pih1d1",-0.156197895289668,0.492,"7","PIH1 domain containing 1"
"Jph1",0.156184488201343,0.0476,"1","junctophilin 1"
"Daxx",-0.156162180666537,0.1372,"17","Fas death domain-associated protein"
"Ttc28",0.156074251249803,0.1888,"5","tetratricopeptide repeat domain 28"
"Cebpzos",-0.156069356012453,0.5432,"17","CCAAT/enhancer binding protein (C/EBP), zeta, opposite strand"
"Smg9",-0.155972770761055,0.3032,"7","SMG9 nonsense mediated mRNA decay factor"
"Pan2",-0.155956292793431,0.48,"10","PAN2 poly(A) specific ribonuclease subunit"
"Socs6",0.155890489679102,0.0624,"18","suppressor of cytokine signaling 6"
"Cyb561a3",-0.155886557995079,0.0504,"19","cytochrome b561 family, member A3"
"Maml3",0.155881669263427,0.1168,"3","mastermind like transcriptional coactivator 3"
"Grin3a",0.155870344436444,0.5172,"4","glutamate receptor ionotropic, NMDA3A"
"Herc2",0.155851788815176,0.468,"7","HECT and RLD domain containing E3 ubiquitin protein ligase 2"
"Stx5a",-0.15581714182853,0.1076,"19","syntaxin 5A"
"Pebp1",-0.155797251146715,0.3464,"5","phosphatidylethanolamine binding protein 1"
"Tagap1",-0.155783874063957,0.0704,"17","T cell activation GTPase activating protein 1"
"Aqp1",0.155733486318927,0.9544,"6","aquaporin 1"
"Plekhn1",-0.155679909538323,0.5544,"4","pleckstrin homology domain containing, family N member 1"
"Pqbp1",-0.155639774034458,0.5712,"X","polyglutamine binding protein 1"
"Tuba4a",0.155593954547465,0.1148,"1","tubulin, alpha 4A"
"Adgrf5",-0.155581753523446,0.6892,"17","adhesion G protein-coupled receptor F5"
"Foxg1",0.155577324464673,0.2456,"12","forkhead box G1"
"Tmem14a",-0.155562730571046,0.4672,"1","transmembrane protein 14A"
"Cyp11a1",-0.15553833751681,0.6768,"9","cytochrome P450, family 11, subfamily a, polypeptide 1"
"Ninj1",-0.155524706330963,0.5476,"13","ninjurin 1"
"Slc19a1",-0.155454754636815,0.2908,"10","solute carrier family 19 (folate transporter), member 1"
"Fam91a1",0.155444070838774,0.232,"15","family with sequence similarity 91, member A1"
"Tll2",0.155336262697704,0.458,"19","tolloid-like 2"
"Rab29",-0.155267800329239,0.2788,"1","RAB29, member RAS oncogene family"
"Gucy2g",-0.155187960792361,0.5432,"19","guanylate cyclase 2g"
"Ntng2",-0.155175484687263,0.4732,"2","netrin G2"
"A830082K12Rik",-0.155155891490216,0.4332,"13","RIKEN cDNA A830082K12 gene"
"Proser1",0.155149759740179,0.6528,"3","proline and serine rich 1"
"Mrpl11",-0.155148673797329,0.4376,"19","mitochondrial ribosomal protein L11"
"Pgam2",-0.155146869595441,0.582,"11","phosphoglycerate mutase 2"
"Abcb4",-0.155125463899542,0.184,"5","ATP-binding cassette, sub-family B (MDR/TAP), member 4"
"Lypla2",-0.155106479436701,0.3932,"4","lysophospholipase 2"
"Fgf11",-0.15503114736747,0.49,"11","fibroblast growth factor 11"
"Lmnb1",0.155021717618573,0.2548,"18","lamin B1"
"Rc3h2",0.155007526034752,0.1768,"2","ring finger and CCCH-type zinc finger domains 2"
"Usp47",0.155007316709564,0.0376,"7","ubiquitin specific peptidase 47"
"Rnft1",0.154943718205577,0.294,"11","ring finger protein, transmembrane 1"
"Tmx3",0.154928160473271,0.2256,"18","thioredoxin-related transmembrane protein 3"
"Mgat3",0.154922492603632,0.02,"15","mannoside acetylglucosaminyltransferase 3"
"Pcdhgb7",0.154914932781846,0.4072,"18","protocadherin gamma subfamily B, 7"
"4933431E20Rik",0.154836067061851,0.0772,"3","RIKEN cDNA 4933431E20 gene"
"Lig1",-0.154823349324534,0.3232,"7","ligase I, DNA, ATP-dependent"
"Pfdn5",-0.154816610727526,0.6264,"15","prefoldin 5"
"Reep6",-0.154804107028034,0.332,"10","receptor accessory protein 6"
"Ptger1",-0.154792198143146,0.4924,"8","prostaglandin E receptor 1 (subtype EP1)"
"Polr2e",-0.154786391090363,0.5652,"10","polymerase (RNA) II (DNA directed) polypeptide E"
"Arhgef15",-0.154782913092156,0.3888,"11","Rho guanine nucleotide exchange factor (GEF) 15"
"Ppp4r1l-ps",-0.15476067517946,0.2376,"2","protein phosphatase 4, regulatory subunit 1-like, pseudogene"
"Fn3k",-0.154748456043762,0.13,"11","fructosamine 3 kinase"
"Mars1",-0.154717283386163,0.0964,"10","methionine-tRNA synthetase 1"
"Tyw1",-0.154665381435177,0.0912,"5","tRNA-yW synthesizing protein 1 homolog (S. cerevisiae)"
"Tpt1",-0.154649832088555,0.4912,"14","tumor protein, translationally-controlled 1"
"Myo1d",-0.154617666178536,0.6772,"11","myosin ID"
"1500011B03Rik",-0.15454818610965,0.5508,"5","RIKEN cDNA 1500011B03 gene"
"1500011B03Rik",-0.15454818610965,0.5508,"5","RIKEN cDNA 1500011B03 gene"
"Bpnt1",0.15451196061275,0.3564,"1","3'(2'), 5'-bisphosphate nucleotidase 1"
"Kbtbd2",0.154500885179115,0.1788,"6","kelch repeat and BTB (POZ) domain containing 2"
"Kbtbd4",-0.154392970686904,0.0816,"2","kelch repeat and BTB (POZ) domain containing 4"
"Tex264",-0.154367120539805,0.4384,"9","testis expressed gene 264"
"Yae1d1",0.154360022186157,0.2044,"13","Yae1 domain containing 1"
"Gale",-0.154344938913518,0.4328,"4","galactose-4-epimerase, UDP"
"Zfp599",0.154337183663231,0.3768,"9","zinc finger protein 599"
"Ppp1cc",-0.154332829942454,0.476,"5","protein phosphatase 1 catalytic subunit gamma"
"Ppp1cc",-0.154332829942454,0.476,"5","protein phosphatase 1 catalytic subunit gamma"
"Plxnb2",-0.154325694443288,0.1548,"15","plexin B2"
"Itfg2",-0.154323382602104,0.1472,"6","integrin alpha FG-GAP repeat containing 2"
"Ccnc",0.154302699006884,0.1964,"4","cyclin C"
"Pde2a",-0.154295874741919,0.0812,"7","phosphodiesterase 2A, cGMP-stimulated"
"Specc1",0.154276876835197,0.1016,"11","sperm antigen with calponin homology and coiled-coil domains 1"
"Shc4",0.15426969497453,0.6088,"2","SHC (Src homology 2 domain containing) family, member 4"
"Pbx4",-0.154253527237292,0.4992,"8","pre B cell leukemia homeobox 4"
"Kpna2",0.154238512784912,0.1376,"11","karyopherin (importin) alpha 2"
"Cyld",0.154172075899192,0.2132,"8","CYLD lysine 63 deubiquitinase"
"Zfp81",0.154159195315503,0.6492,"17","zinc finger protein 81"
"Szrd1",-0.154149732287785,0.3824,"4","SUZ RNA binding domain containing 1"
"Btbd6",-0.154002123698682,0.5468,"12","BTB (POZ) domain containing 6"
"Capn3",0.154000641241044,0.2252,"2","calpain 3"
"Acsl1",0.15397999549276,0.2612,"8","acyl-CoA synthetase long-chain family member 1"
"Naga",-0.153950826884022,0.3048,"15","N-acetyl galactosaminidase, alpha"
"Esrra",-0.153926615665148,0.224,"19","estrogen related receptor, alpha"
"Kpna4",0.153924121825784,0.3744,"3","karyopherin (importin) alpha 4"
"Tmsb4x",-0.15391634860492,0.4616,"X","thymosin, beta 4, X chromosome"
"Mto1",-0.153906573522945,0.048,"9","mitochondrial tRNA translation optimization 1"
"Tmem243",-0.153874285976909,0.5736,"5","transmembrane protein 243, mitochondrial"
"Creb3",-0.153826975833891,0.0636,"4","cAMP responsive element binding protein 3"
"AI987944",0.153822426018179,0.1356,"7","expressed sequence AI987944"
"Zfp106",0.153777072919613,0.098,"2","zinc finger protein 106"
"Krba1",-0.153775665231303,0.3748,"6","KRAB-A domain containing 1"
"Chpt1",0.153758507562696,0.2448,"10","choline phosphotransferase 1"
"Ccdc127",0.153748709228509,0.006,"13","coiled-coil domain containing 127"
"Cacna2d3",0.153722583021658,0.3164,"14","calcium channel, voltage-dependent, alpha2/delta subunit 3"
"Nanos1",-0.153712923086339,0.3052,"19","nanos C2HC-type zinc finger 1"
"Zfp472",-0.15368103337186,0.446,"17","zinc finger protein 472"
"4930473A02Rik",-0.153672124273727,0.6344,"2","RIKEN cDNA 4930473A02 gene"
"Txnip",-0.153664403440099,0.5616,"3","thioredoxin interacting protein"
"Pcmtd2",0.153611463089288,0.1748,"2","protein-L-isoaspartate (D-aspartate) O-methyltransferase domain containing 2"
"Rnf128",0.153599237926319,0.0552,"X","ring finger protein 128"
"Slc38a1",0.153537766690596,0.2232,"15","solute carrier family 38, member 1"
"Zbtb49",-0.153537018881279,0.4572,"5","zinc finger and BTB domain containing 49"
"Asphd1",-0.153520966199885,0.368,"7","aspartate beta-hydroxylase domain containing 1"
"Rpl22",-0.153513130336933,0.37,"4","ribosomal protein L22"
"Dusp26",-0.153499259078673,0.5024,"8","dual specificity phosphatase 26 (putative)"
"2010001A14Rik",-0.153442616324099,0.5968,"11","RIKEN cDNA 2010001A14 gene"
"Yeats2",-0.153435463390121,0.6128,"16","YEATS domain containing 2"
"Rnf138",0.153413577537748,0.0368,"18","ring finger protein 138"
"Nadsyn1",-0.153394937689701,0.4048,"7","NAD synthetase 1"
"Hyls1",-0.153390739656848,0.3628,"9","HYLS1, centriolar and ciliogenesis associated"
"Skp2",-0.15334285953501,0.5812,"15","S-phase kinase-associated protein 2"
"Afdn",0.153316207001517,0.3512,"17","afadin, adherens junction formation factor"
"Abhd8",-0.153299644548233,0.5316,"8","abhydrolase domain containing 8"
"Aspdh",0.153293227081725,0.4748,"7","aspartate dehydrogenase domain containing"
"Aebp1",-0.153262252760756,0.6344,"11","AE binding protein 1"
"Fut11",0.153149959069289,0.2008,"14","fucosyltransferase 11"
"Lrp3",0.153120767184418,0.068,"7","low density lipoprotein receptor-related protein 3"
"Cox19",-0.153069339743328,0.3696,"5","cytochrome c oxidase assembly protein 19"
"Itm2c",-0.153022382180495,0.2228,"1","integral membrane protein 2C"
"Bend3",0.153010423925953,0.4796,"10","BEN domain containing 3"
"D030056L22Rik",0.152985818147343,0.086,"19","RIKEN cDNA D030056L22 gene"
"Pcmtd1",0.152936336761369,0.0948,"1","protein-L-isoaspartate (D-aspartate) O-methyltransferase domain containing 1"
"Fsd1l",0.152925982390818,0.4384,"4","fibronectin type III and SPRY domain containing 1-like"
"Zcchc2",0.15290797039639,0.3416,"1","zinc finger, CCHC domain containing 2"
"Ebpl",-0.152905451605242,0.5644,"14","emopamil binding protein-like"
"Cntn1",0.152862537594119,0.1484,"15","contactin 1"
"Pfdn2",-0.152861219056343,0.57,"1","prefoldin 2"
"Cep295",0.15282516709286,0.5996,"9","centrosomal protein 295"
"Homer2",0.152800921765475,0.412,"7","homer scaffolding protein 2"
"Sod1",-0.152796781367068,0.5012,"16","superoxide dismutase 1, soluble"
"Usp12",0.152764888943778,0.454,"5","ubiquitin specific peptidase 12"
"Cab39",0.152692565779765,0.052,"1","calcium binding protein 39"
"Pxmp4",-0.152685353831883,0.36,"2","peroxisomal membrane protein 4"
"Tlcd4",0.152600157493286,0.1764,"3","TLC domain containing 4"
"Vcl",0.152583292262537,0.4808,"14","vinculin"
"Ncoa1",0.152566947088559,0.08,"12","nuclear receptor coactivator 1"
"Tagln",-0.152545629839941,0.4768,"9","transgelin"
"Bend4",0.152543482030156,0.4188,"5","BEN domain containing 4"
"Med21",-0.152478282607651,0.4716,"6","mediator complex subunit 21"
"Rbis",-0.152477316407648,0.5344,"3","ribosomal biogenesis factor"
"Catsperz",-0.152474853112243,0.7764,"19","cation channel sperm associated auxiliary subunit zeta"
"Radil",-0.152454021876419,0.5412,"5","Ras association and DIL domains"
"Klhl17",-0.152434372085977,0.4316,"4","kelch-like 17"
"Trim66",-0.152367614398608,0.3704,"7","tripartite motif-containing 66"
"Rpl4",-0.152352190375806,0.4972,"9","ribosomal protein L4"
"Lins1",0.15232880003104,0.1648,"7","lines homolog 1"
"Kif1b",0.15230084430245,0.2264,"4","kinesin family member 1B"
"Donson",-0.152249996067331,0.4444,"16","downstream neighbor of SON"
"Usp14",0.152240708622032,0.2552,"18","ubiquitin specific peptidase 14"
"Pias1",0.152232236015423,0.53,"9","protein inhibitor of activated STAT 1"
"Crlf1",-0.152158483993901,0.3052,"8","cytokine receptor-like factor 1"
"Vti1b",-0.15214737292632,0.3024,"12","vesicle transport through interaction with t-SNAREs 1B"
"Adra2c",-0.152127578161194,0.6504,"5","adrenergic receptor, alpha 2c"
"Sstr4",0.152115353389692,0.824,"2","somatostatin receptor 4"
"Sult2b1",-0.152111554381315,0.5436,"7","sulfotransferase family, cytosolic, 2B, member 1"
"Sult2b1",-0.152111554381315,0.5436,"7","sulfotransferase family, cytosolic, 2B, member 1"
"Kcnk3",0.1521027420323,0.342,"5","potassium channel, subfamily K, member 3"
"Ccdc71l",0.152087803505416,0.02,"12","coiled-coil domain containing 71 like"
"Sel1l",0.152080066887372,0.2212,"12","sel-1 suppressor of lin-12-like (C. elegans)"
"Zbtb14",0.152040449538871,0.2144,"17","zinc finger and BTB domain containing 14"
"Zfp251",0.152027557991428,0.0228,"15","zinc finger protein 251"
"Kctd12b",0.15201148078673,0.3748,"X","potassium channel tetramerisation domain containing 12b"
"Ubqln2",0.152002773042228,0.2368,"X","ubiquilin 2"
"1700086O06Rik",-0.151997181731697,0.6096,"18","RIKEN cDNA 1700086O06 gene"
"Adamtsl4",-0.151983196016921,0.8008,"3","ADAMTS-like 4"
"Fkbp10",-0.151972908923315,0.574,"11","FK506 binding protein 10"
"Cd34",-0.15196967359671,0.5664,"1","CD34 antigen"
"Arl3",-0.151940633340232,0.4524,"19","ADP-ribosylation factor-like 3"
"Aif1l",-0.151887879349213,0.514,"2","allograft inflammatory factor 1-like"
"Upp2",0.151794092262879,0.4668,"2","uridine phosphorylase 2"
"Smarca1",0.151735616626114,0.5052,"X","SWI/SNF related, matrix associated, actin dependent regulator of chromatin, subfamily a, member 1"
"Stxbp5",0.15173079164297,0.1608,"10","syntaxin binding protein 5 (tomosyn)"
"Atpif1",-0.151711786199803,0.4104,"4","ATPase inhibitory factor 1"
"Upf2",0.151708550794083,0.1256,"2","UPF2 regulator of nonsense transcripts homolog (yeast)"
"Ccser2",0.151689259179549,0.1156,"14","coiled-coil serine rich 2"
"Strada",-0.151650623528965,0.338,"11","STE20-related kinase adaptor alpha"
"1500004A13Rik",0.151650247950922,0.1156,"3","RIKEN cDNA 1500004A13 gene"
"Zfp791",-0.151613543041827,0.568,"8","zinc finger protein 791"
"Prkar2a",0.151610188363097,0.0456,"9","protein kinase, cAMP dependent regulatory, type II alpha"
"Htr3a",0.151488297448662,0.2908,"9","5-hydroxytryptamine (serotonin) receptor 3A"
"Bahcc1",0.151475459563006,0.3892,"11","BAH domain and coiled-coil containing 1"
"Arhgap44",0.151468601925287,0.0088,"11","Rho GTPase activating protein 44"
"Lor",0.151435469291957,0.4292,"3","loricrin"
"Unc13c",-0.151416498597406,0.61,"9","unc-13 homolog C"
"Znhit6",0.151377258091762,0.1828,"3","zinc finger, HIT type 6"
"Mtf1",0.151376568153592,0.2536,"4","metal response element binding transcription factor 1"
"Adamts10",-0.151327976258935,0.698,"17","a disintegrin-like and metallopeptidase (reprolysin type) with thrombospondin type 1 motif, 10"
"Rbm14",-0.151316813534899,0.0868,"19","RNA binding motif protein 14"
"Smim3",0.151307543401637,0.4752,"18","small integral membrane protein 3"
"Fbxl2",-0.151276694611396,0.2732,"9","F-box and leucine-rich repeat protein 2"
"Tgs1",0.151232372575655,0.1576,"4","trimethylguanosine synthase 1"
"Podxl2",-0.151145387405094,0.312,"6","podocalyxin-like 2"
"Rcn3",-0.151128948308395,0.6144,"7","reticulocalbin 3, EF-hand calcium binding domain"
"Soat1",0.151089275639024,0.2912,"1","sterol O-acyltransferase 1"
"Pik3r3",0.151087064511128,0.0356,"4","phosphoinositide-3-kinase regulatory subunit 3"
"Btbd17",-0.151081545042057,0.562,"11","BTB (POZ) domain containing 17"
"Carhsp1",-0.15104707694312,0.5992,"16","calcium regulated heat stable protein 1"
"Drap1",-0.150997574487324,0.5412,"19","Dr1 associated protein 1 (negative cofactor 2 alpha)"
"Dffb",-0.150976405540831,0.6304,"4","DNA fragmentation factor, beta subunit"
"Gna11",-0.150919215259452,0.4208,"10","guanine nucleotide binding protein, alpha 11"
"Thra",-0.150890261522735,0.4584,"11","thyroid hormone receptor alpha"
"Bphl",-0.150885543941842,0.1488,"13","biphenyl hydrolase-like (serine hydrolase, breast epithelial mucin-associated antigen)"
"Xpnpep3",0.150833199137208,0.1644,"15","X-prolyl aminopeptidase 3, mitochondrial"
"Gabrb2",0.150826986146562,0.2292,"11","gamma-aminobutyric acid (GABA) A receptor, subunit beta 2"
"Fyttd1",0.150808451601666,0.1032,"16","forty-two-three domain containing 1"
"Fnbp1",-0.150806677566915,0.3328,"2","formin binding protein 1"
"Bax",-0.150758661766286,0.6036,"7","BCL2-associated X protein"
"Hdac3",-0.150754092013135,0.2512,"18","histone deacetylase 3"
"Sned1",-0.150753536058469,0.834,"1","sushi, nidogen and EGF-like domains 1"
"Fn1",0.150724170298286,0.8116,"1","fibronectin 1"
"Mlh3",0.15071215683087,0.0844,"12","mutL homolog 3"
"Rftn1",-0.15070204382853,0.5104,"17","raftlin lipid raft linker 1"
"Map2k4",0.150659136768707,0.0084,"11","mitogen-activated protein kinase kinase 4"
"Lonrf1",-0.150625073233736,0.1572,"8","LON peptidase N-terminal domain and ring finger 1"
"Ro60",0.15060569843202,0.2912,"1","Ro60, Y RNA binding protein"
"Rnf146",0.150600989439075,0.2124,"10","ring finger protein 146"
"Lamtor5",-0.150542329681712,0.3992,"3","late endosomal/lysosomal adaptor, MAPK and MTOR activator 5"
"Rbm15",0.150522913447365,0.4512,"3","RNA binding motif protein 15"
"Rab18",0.150487283913866,0.0584,"18","RAB18, member RAS oncogene family"
"Mllt3",0.150479830064445,0.2284,"4","myeloid/lymphoid or mixed-lineage leukemia; translocated to, 3"
"Get1",-0.150461418572705,0.02,"16","guided entry of tail-anchored proteins factor 1"
"Cdc42bpa",0.150271101341231,0.1448,"1","CDC42 binding protein kinase alpha"
"Tmem259",-0.150269555931877,0.19,"10","transmembrane protein 259"
"Bag2",0.150267441910969,0.2072,"1","BCL2-associated athanogene 2"
"Tmem106b",0.150261892822207,0.3472,"6","transmembrane protein 106B"
"Cox6b1",-0.150259006641036,0.5888,"7","cytochrome c oxidase, subunit 6B1"
"Rnf103",0.15023681275887,0.1084,"6","ring finger protein 103"
"Phactr2",0.150236237696056,0.492,"10","phosphatase and actin regulator 2"
"Pcdhb5",-0.15021390036148,0.4016,"18","protocadherin beta 5"
"Polr1b",-0.150187179578043,0.2812,"2","polymerase (RNA) I polypeptide B"
"Lin7c",0.150148624516643,0.1272,"2","lin-7 homolog C, crumbs cell polarity complex component"
"Scrg1",0.15014640884698,0.574,"8","scrapie responsive gene 1"
"Ptprb",-0.150101504285939,0.7616,"10","protein tyrosine phosphatase, receptor type, B"
"Alad",-0.150060394044979,0.3704,"4","aminolevulinate, delta-, dehydratase"
"Ssna1",-0.150049476207292,0.52,"2","SS nuclear autoantigen 1"
"Nle1",-0.150039153419549,0.368,"11","notchless homolog 1"
"Sh2b2",0.150014636978118,0.474,"5","SH2B adaptor protein 2"
"Stk3",0.150013536745058,0.0508,"15","serine/threonine kinase 3"
"Fbxo38",0.150008940486607,0.5288,"18","F-box protein 38"
"P2rx7",-0.149983674150477,0.576,"5","purinergic receptor P2X, ligand-gated ion channel, 7"
"Elac2",-0.149980236174369,0.1404,"11","elaC ribonuclease Z 2"
"Ttll5",0.149959049126412,0.1692,"12","tubulin tyrosine ligase-like family, member 5"
"Gucd1",-0.149950833158459,0.3304,"10","guanylyl cyclase domain containing 1"
"Ndufb4",-0.149935917020115,0.5984,"16","NADH:ubiquinone oxidoreductase subunit B4"
"Ndufb4",-0.149935917020115,0.5984,"16","NADH:ubiquinone oxidoreductase subunit B4"
"Ndufb4",-0.149935917020115,0.5984,"16","NADH:ubiquinone oxidoreductase subunit B4"
"Alkbh2",-0.149932777763188,0.7128,"5","alkB homolog 2, alpha-ketoglutarate-dependent dioxygenase"
"4933428G20Rik",-0.149926221955668,0.7232,"11","RIKEN cDNA 4933428G20 gene"
"Rnf2",0.14989997190176,0.2712,"1","ring finger protein 2"
"Elovl7",-0.149889172503289,0.5844,"13","ELOVL family member 7, elongation of long chain fatty acids (yeast)"
"Atg4d",-0.149881934526122,0.204,"9","autophagy related 4D, cysteine peptidase"
"Trio",0.149872591844058,0.3784,"15","triple functional domain (PTPRF interacting)"
"Tgds",-0.149864901844085,0.494,"14","TDP-glucose 4,6-dehydratase"
"Uck2",0.149862175105621,0.478,"1","uridine-cytidine kinase 2"
"Mfsd14b",0.14983390596559,0.2604,"13","major facilitator superfamily domain containing 14B"
"Gng2",0.149819664469822,0.0144,"14","guanine nucleotide binding protein (G protein), gamma 2"
"Ppp1r16a",-0.14973954110064,0.3888,"15","protein phosphatase 1, regulatory subunit 16A"
"Fbxl15",-0.149713501133667,0.5572,"19","F-box and leucine-rich repeat protein 15"
"Hcn3",0.14970164328728,0.33,"3","hyperpolarization-activated, cyclic nucleotide-gated K+ 3"
"Kctd3",0.14970137570451,0.3092,"1","potassium channel tetramerisation domain containing 3"
"Slc26a6",-0.149669999799512,0.3936,"9","solute carrier family 26, member 6"
"Fam8a1",0.149646105571883,0.612,"13","family with sequence similarity 8, member A1"
"Pnpla8",0.14963456506402,0.2544,"12","patatin-like phospholipase domain containing 8"
"Itgb2",0.149600937235864,0.878,"10","integrin beta 2"
"Nfix",0.149539834592817,0.1884,"8","nuclear factor I/X"
"Mdp1",-0.149517637960977,0.412,"14","magnesium-dependent phosphatase 1"
"Ints6",0.149509910345421,0.3516,"14","integrator complex subunit 6"
"Hsd11b1",-0.149500898589654,0.4692,"1","hydroxysteroid 11-beta dehydrogenase 1"
"Chrm3",0.149465999458657,0.5412,"13","cholinergic receptor, muscarinic 3, cardiac"
"Fsd1",-0.149417738886489,0.1824,"17","fibronectin type 3 and SPRY domain-containing protein"
"Slc25a46",0.14940584434583,0.1404,"18","solute carrier family 25, member 46"
"Zfp428",-0.149405750384459,0.612,"7","zinc finger protein 428"
"Anapc15",-0.14939727134222,0.4476,"7","anaphase promoting complex C subunit 15"
"Pcdhga12",0.149373836192122,0.5864,"18","protocadherin gamma subfamily A, 12"
"D630003M21Rik",-0.149362440777302,0.2456,"2","RIKEN cDNA D630003M21 gene"
"Ube2d3",0.149355579614377,0.204,"3","ubiquitin-conjugating enzyme E2D 3"
"Galnt17",0.149341140891014,0.2456,"5","polypeptide N-acetylgalactosaminyltransferase 17"
"Alg11",0.149329552663921,0.022,"8","asparagine-linked glycosylation 11 (alpha-1,2-mannosyltransferase)"
"Znhit3",-0.149319123689439,0.3392,"11","zinc finger, HIT type 3"
"Eci2",-0.149306154020496,0.3792,"13","enoyl-Coenzyme A delta isomerase 2"
"Rapgef2",0.149288231262877,0.4252,"3","Rap guanine nucleotide exchange factor (GEF) 2"
"St8sia4",0.149280758221209,0.4272,"1","ST8 alpha-N-acetyl-neuraminide alpha-2,8-sialyltransferase 4"
"Eid2",-0.149244484947459,0.462,"7","EP300 interacting inhibitor of differentiation 2"
"Kif3b",0.149222275857238,0.7004,"2","kinesin family member 3B"
"Zfp112",-0.149209120180533,0.4016,"7","zinc finger protein 112"
"H1f10",-0.149163709338979,0.6488,"6","H1.10 linker histone"
"Huwe1",0.149142195902176,0.4924,"X","HECT, UBA and WWE domain containing 1"
"Cntnap5a",0.14913978778696,0.5896,"1","contactin associated protein-like 5A"
"Tro",0.149138534415635,0.448,"X","trophinin"
"Zfp809",0.149136941333152,0.1952,"9","zinc finger protein 809"
"Cpsf4",-0.149135887048633,0.2084,"5","cleavage and polyadenylation specific factor 4"
"Ptprd",0.149129390303718,0.3816,"4","protein tyrosine phosphatase, receptor type, D"
"9530077C05Rik",-0.149066431820144,0.3644,"9","RIKEN cDNA 9530077C05 gene"
"Cpne5",-0.149042585602432,0.512,"17","copine V"
"Mtap",-0.149012743871344,0.2188,"4","methylthioadenosine phosphorylase"
"Ankrd34a",0.14899646371243,0.3776,"3","ankyrin repeat domain 34A"
"Adcyap1r1",-0.148978216910054,0.09,"6","adenylate cyclase activating polypeptide 1 receptor 1"
"Mrps5",0.148917408643915,0.1492,"2","mitochondrial ribosomal protein S5"
"Vars",-0.148914882490883,0.3188,"17","valyl-tRNA synthetase"
"Grin2a",0.148901275265919,0.3336,"16","glutamate receptor, ionotropic, NMDA2A (epsilon 1)"
"Lamp5",-0.148872259308323,0.3216,"2","lysosomal-associated membrane protein family, member 5"
"Dio2",0.148824098913607,0.6204,"12","deiodinase, iodothyronine, type II"
"Tceal9",-0.148823494678409,0.292,"X","transcription elongation factor A like 9"
"Fbxl18",0.148803865594252,0.6132,"5","F-box and leucine-rich repeat protein 18"
"Pigu",0.148774999161567,0.3948,"2","phosphatidylinositol glycan anchor biosynthesis, class U"
"Txlng",0.148765661852491,0.214,"X","taxilin gamma"
"Stoml2",-0.148747898757269,0.1744,"4","stomatin (Epb7.2)-like 2"
"Ccdc112",0.148736646848433,0.342,"18","coiled-coil domain containing 112"
"Zfp626",0.148702008220751,0.4904,"7","zinc finger protein 626"
"Emc4",-0.148691759948902,0.388,"2","ER membrane protein complex subunit 4"
"Sergef",-0.148689598272759,0.3148,"7","secretion regulating guanine nucleotide exchange factor"
"Slc44a5",0.148685202940054,0.3904,"3","solute carrier family 44, member 5"
"Suco",0.148639881972895,0.19,"1","SUN domain containing ossification factor"
"Rbm42",-0.148625280497397,0.5492,"7","RNA binding motif protein 42"
"Nrxn1",0.148606696495991,0.0868,"17","neurexin I"
"Extl1",-0.148594553949209,0.1764,"4","exostosin-like glycosyltransferase 1"
"Irf2bpl",0.148584972277737,0.0944,"12","interferon regulatory factor 2 binding protein-like"
"Pias4",-0.148576115341008,0.1024,"10","protein inhibitor of activated STAT 4"
"Bcl11a",0.148543490563312,0.0472,"11","B cell CLL/lymphoma 11A (zinc finger protein)"
"Pum2",0.148528184449963,0.2,"12","pumilio RNA-binding family member 2"
"Tomm22",-0.148505044396433,0.3912,"15","translocase of outer mitochondrial membrane 22"
"Hmgn3",-0.148502273056386,0.448,"9","high mobility group nucleosomal binding domain 3"
"Samd8",0.148500189220996,0.0408,"14","sterile alpha motif domain containing 8"
"Wwp1",0.148451520874416,0.0856,"4","WW domain containing E3 ubiquitin protein ligase 1"
"Acss1",-0.148437033991863,0.1552,"2","acyl-CoA synthetase short-chain family member 1"
"Zfp729b",0.148426782196921,0.3556,"13","zinc finger protein 729b"
"Inka1",-0.148405905496156,0.5028,"9","inka box actin regulator 1"
"0610010K14Rik",-0.148396598615252,0.5588,"11","RIKEN cDNA 0610010K14 gene"
"Mtcl1",-0.148389225307639,0.244,"17","microtubule crosslinking factor 1"
"Itpk1",0.148383638290626,0.4048,"12","inositol 1,3,4-triphosphate 5/6 kinase"
"Nudt5",0.148324602693032,0.4236,"2","nudix (nucleoside diphosphate linked moiety X)-type motif 5"
"Wdr86",0.148264652368325,0.984,"5","WD repeat domain 86"
"Nlk",0.148260365671176,0.14,"11","nemo like kinase"
"Slitrk5",0.148193150969377,0.4148,"14","SLIT and NTRK-like family, member 5"
"Mfsd4a",0.1481925303667,0.2896,"1","major facilitator superfamily domain containing 4A"
"Cyb5r4",0.148189232944628,0.0528,"9","cytochrome b5 reductase 4"
"Cyb5r4",0.148189232944628,0.0528,"9","cytochrome b5 reductase 4"
"Grm1",0.148161667831221,0.3836,"10","glutamate receptor, metabotropic 1"
"Arid4a",0.148143996242928,0.3968,"12","AT rich interactive domain 4A (RBP1-like)"
"Slc9a9",-0.148123505764707,0.33,"9","solute carrier family 9 (sodium/hydrogen exchanger), member 9"
"Golim4",0.148056717121612,0.184,"3","golgi integral membrane protein 4"
"Ctps",0.148047692243815,0.1048,"4","cytidine 5'-triphosphate synthase"
"Bhlhb9",0.14798397022552,0.37,"X","basic helix-loop-helix domain containing, class B9"
"Rp9",-0.147983677003995,0.608,"9","retinitis pigmentosa 9 (human)"
"Gramd3",-0.147967785454205,0.3156,"18","GRAM domain containing 3"
"Ptpra",0.147962816238104,0,"2","protein tyrosine phosphatase, receptor type, A"
"Peg13",0.147926123023797,0.1768,"15","paternally expressed 13"
"Noc4l",-0.147884808196951,0.176,"5","NOC4 like"
"Lcmt1",-0.147873334486853,0.166,"7","leucine carboxyl methyltransferase 1"
"Mlec",0.147860172578218,0.1544,"5","malectin"
"Icosl",-0.147855969737766,0.2316,"10","icos ligand"
"Zfp775",-0.147853595771593,0.1776,"6","zinc finger protein 775"
"Tbc1d4",0.147849274504751,0.7,"14","TBC1 domain family, member 4"
"Tbcb",-0.147806353550385,0.488,"7","tubulin folding cofactor B"
"Dyrk1a",0.147788211489127,0.0264,"16","dual-specificity tyrosine-(Y)-phosphorylation regulated kinase 1a"
"Mapk8",0.147770068470808,0.2408,"14","mitogen-activated protein kinase 8"
"Kyat3",-0.147768565059627,0.2264,"3","kynurenine aminotransferase 3"
"Ildr2",0.147738567116966,0.2208,"1","immunoglobulin-like domain containing receptor 2"
"Ube2g2",0.147713230925545,0.1456,"10","ubiquitin-conjugating enzyme E2G 2"
"Dpysl3",0.14770673105455,0.3208,"18","dihydropyrimidinase-like 3"
"Tmem231",-0.147651150967497,0.1572,"8","transmembrane protein 231"
"Camkk1",-0.14762283151208,0.0244,"11","calcium/calmodulin-dependent protein kinase kinase 1, alpha"
"Marchf7",0.147523568669521,0.6056,"2","membrane associated ring-CH-type finger 7"
"Hddc2",-0.147504636579287,0.6576,"10","HD domain containing 2"
"Gpr62",-0.147459960152217,0.4692,"9","G protein-coupled receptor 62"
"Akr1a1",-0.147423006003837,0.268,"4","aldo-keto reductase family 1, member A1 (aldehyde reductase)"
"Pak3",0.147385469389343,0.4288,"X","p21 (RAC1) activated kinase 3"
"Cnpy3",-0.147327135322048,0.494,"17","canopy FGF signaling regulator 3"
"Ankrd13c",0.147306743015137,0.0224,"3","ankyrin repeat domain 13c"
"Hirip3",-0.147301223621707,0.2472,"7","HIRA interacting protein 3"
"Leng1",-0.147299738172169,0.4164,"7","leukocyte receptor cluster (LRC) member 1"
"Hsp90ab1",0.147243454277799,0.154,"17","heat shock protein 90 alpha (cytosolic), class B member 1"
"Psmb3",-0.147232461883815,0.6192,"11","proteasome (prosome, macropain) subunit, beta type 3"
"Smarcad1",0.147177472471944,0.2956,"6","SWI/SNF-related, matrix-associated actin-dependent regulator of chromatin, subfamily a, containing DEAD/H box 1"
"Shoc2",0.147175585865987,0.1588,"19","Shoc2, leucine rich repeat scaffold protein"
"1700123O20Rik",-0.147160592889224,0.3472,"14","RIKEN cDNA 1700123O20 gene"
"Cul3",0.14715376017407,0.2748,"1","cullin 3"
"Ell2",0.147130295732717,0.264,"13","elongation factor for RNA polymerase II 2"
"Mtrex",0.147129250599924,0.4868,"13","Mtr4 exosome RNA helicase"
"1110032F04Rik",0.147127663883108,0.498,"3","RIKEN cDNA 1110032F04 gene"
"Eif2b1",-0.147079925289053,0.3792,"5","eukaryotic translation initiation factor 2B, subunit 1 (alpha)"
"Cadm1",0.147063880907353,0.12,"9","cell adhesion molecule 1"
"Arid3b",-0.147052529491201,0.4808,"9","AT rich interactive domain 3B (BRIGHT-like)"
"Ppp1r15a",-0.1470216812798,0.3892,"7","protein phosphatase 1, regulatory subunit 15A"
"Nod1",-0.146978581060414,0.7152,"6","nucleotide-binding oligomerization domain containing 1"
"Igfbp4",-0.146978044277958,0.4232,"11","insulin-like growth factor binding protein 4"
"Ctdsp1",-0.146970371050869,0.4544,"1","CTD (carboxy-terminal domain, RNA polymerase II, polypeptide A) small phosphatase 1"
"Chmp1a",-0.146963984656637,0.284,"8","charged multivesicular body protein 1A"
"Zdhhc23",0.146926872051057,0.4876,"16","zinc finger, DHHC domain containing 23"
"Cad",-0.146920464208725,0.2184,"5","carbamoyl-phosphate synthetase 2, aspartate transcarbamylase, and dihydroorotase"
"Glrb",0.146887383934363,0.2716,"3","glycine receptor, beta subunit"
"Ap4s1",-0.146875216059712,0.2472,"12","adaptor-related protein complex AP-4, sigma 1"
"Amy1",-0.146861749455394,0.3084,"3","amylase 1, salivary"
"Atp6v1b2",-0.146831918846093,0.1316,"8","ATPase, H+ transporting, lysosomal V1 subunit B2"
"Sec22a",-0.146816047131434,0.232,"16","SEC22 homolog A, vesicle trafficking protein"
"Ccdc120",-0.146811091190671,0.458,"X","coiled-coil domain containing 120"
"Nudt11",0.146785441501811,0.0728,"X","nudix (nucleoside diphosphate linked moiety X)-type motif 11"
"Akr7a5",-0.146780611705089,0.43,"4","aldo-keto reductase family 7, member A5 (aflatoxin aldehyde reductase)"
"Camsap1",0.146756321713732,0.2744,"2","calmodulin regulated spectrin-associated protein 1"
"Zfp280d",0.146739494970341,0.23,"9","zinc finger protein 280D"
"Rsph3b",-0.146739395833024,0.3664,"17","radial spoke 3B homolog (Chlamydomonas)"
"Rims2",0.146736719938525,0.1328,"15","regulating synaptic membrane exocytosis 2"
"Lpar1",-0.146687043864314,0.6432,"4","lysophosphatidic acid receptor 1"
"Thg1l",0.146671149412499,0.442,"11","tRNA-histidine guanylyltransferase 1-like (S. cerevisiae)"
"Galns",-0.146657594955329,0.3168,"8","galactosamine (N-acetyl)-6-sulfate sulfatase"
"Tulp4",0.146614508138109,0.4964,"17","tubby like protein 4"
"Arhgap42",0.146565214497057,0.3796,"9","Rho GTPase activating protein 42"
"Selenot",0.146545922374393,0.0084,"3","selenoprotein T"
"Ubash3b",0.146503796735242,0.556,"9","ubiquitin associated and SH3 domain containing, B"
"Mtln",-0.146486245207445,0.3072,"2","mitoregulin"
"Chd6",0.146411571735603,0.4564,"2","chromodomain helicase DNA binding protein 6"
"Robo4",-0.146387500718441,0.81,"9","roundabout guidance receptor 4"
"Tox2",0.146354743018211,0.2804,"2","TOX high mobility group box family member 2"
"Akr1e1",-0.146345565211845,0.326,"13","aldo-keto reductase family 1, member E1"
"Zrsr2",0.146322860626261,0.0496,"X","zinc finger (CCCH type), RNA binding motif and serine/arginine rich 2"
"Pdzd11",-0.146250226603259,0.2636,"X","PDZ domain containing 11"
"Traf4",0.146249708651558,0.3536,"11","TNF receptor associated factor 4"
"Pop7",-0.146238602211147,0.502,"5","processing of precursor 7, ribonuclease P family, (S. cerevisiae)"
"C4b",-0.146234221057652,0.3452,"17","complement component 4B (Chido blood group)"
"Orai1",-0.146216750512421,0.4084,"5","ORAI calcium release-activated calcium modulator 1"
"Ubxn10",-0.146167316358255,0.7128,"4","UBX domain protein 10"
"Omg",0.146158268878373,0.2384,"11","oligodendrocyte myelin glycoprotein"
"Rims1",0.146107929728596,0.4692,"1","regulating synaptic membrane exocytosis 1"
"Lbh",-0.146106335249746,0.3308,"17","limb-bud and heart"
"Ugp2",-0.146052757020476,0.5068,"11","UDP-glucose pyrophosphorylase 2"
"Pdlim2",-0.146048112113567,0.6632,"14","PDZ and LIM domain 2"
"Fam3a",-0.146020208203465,0.196,"X","FAM3 metabolism regulating signaling molecule A"
"Cyb5r3",-0.145994620725117,0.4184,"15","cytochrome b5 reductase 3"
"Phlda3",-0.145993453829222,0.5548,"1","pleckstrin homology like domain, family A, member 3"
"Ccdc191",-0.145948940546651,0.2684,"16","coiled-coil domain containing 191"
"Ebf4",0.145914620303398,0.4024,"2","early B cell factor 4"
"Homer1",0.145863215249173,0.4216,"13","homer scaffolding protein 1"
"Drc3",-0.145847593051336,0.496,"11","dynein regulatory complex subunit 3"
"Galnt1",0.145756093413235,0.0872,"18","polypeptide N-acetylgalactosaminyltransferase 1"
"Med12l",0.145745892113654,0.7532,"3","mediator complex subunit 12-like"
"Myg1",-0.145714150764572,0.442,"15","melanocyte proliferating gene 1"
"Miga1",0.145677453841747,0.054,"3","mitoguardin 1"
"Ergic3",-0.145676550808631,0.3876,"2","ERGIC and golgi 3"
"Dlgap1",0.145664181613213,0.0576,"17","DLG associated protein 1"
"Cln6",-0.145616862155468,0.334,"9","ceroid-lipofuscinosis, neuronal 6"
"Ralgps2",0.14555586042092,0.1528,"1","Ral GEF with PH domain and SH3 binding motif 2"
"Dcxr",-0.145542397267799,0.58,"11","dicarbonyl L-xylulose reductase"
"Mrps28",-0.145522583056696,0.502,"3","mitochondrial ribosomal protein S28"
"Prelid3a",-0.145490930385843,0.4248,"18","PRELI domain containing 3A"
"Tubgcp3",0.14545952163761,0.0972,"8","tubulin, gamma complex associated protein 3"
"Bcar3",0.145448800629898,0.3828,"3","breast cancer anti-estrogen resistance 3"
"Tradd",-0.145437764786465,0.5608,"8","TNFRSF1A-associated via death domain"
"Zmym1",-0.145437446572783,0.636,"4","zinc finger, MYM domain containing 1"
"Gamt",-0.145409322477621,0.7056,"10","guanidinoacetate methyltransferase"
"Pcdhb12",0.145405030165619,0.4912,"18","protocadherin beta 12"
"Copb2",0.145372945154536,0.0492,"9","coatomer protein complex, subunit beta 2 (beta prime)"
"Pcnp",0.145363728096105,0.1344,"16","PEST proteolytic signal containing nuclear protein"
"Lin54",0.145349664060896,0.5244,"5","lin-54 DREAM MuvB core complex component"
"Ppdpf",-0.145318160228062,0.6628,"2","pancreatic progenitor cell differentiation and proliferation factor"
"Cacng3",-0.145313897167464,0.4648,"7","calcium channel, voltage-dependent, gamma subunit 3"
"Phyh",-0.145245673203959,0.3728,"2","phytanoyl-CoA hydroxylase"
"Alg9",-0.14521968470314,0.2396,"9","asparagine-linked glycosylation 9 (alpha 1,2 mannosyltransferase)"
"Sorbs1",0.145199117640744,0.2544,"19","sorbin and SH3 domain containing 1"
"Limd2",-0.145181255770815,0.4176,"11","LIM domain containing 2"
"Nom1",0.145169978288475,0.0748,"5","nucleolar protein with MIF4G domain 1"
"Katnal1",0.145132667029693,0.0576,"5","katanin p60 subunit A-like 1"
"Psme3",0.145107468618157,0.1856,"11","proteaseome (prosome, macropain) activator subunit 3 (PA28 gamma, Ki)"
"Cdh5",-0.145099087075718,0.5764,"8","cadherin 5"
"Wasf2",0.14509685766769,0.7252,"4","WASP family, member 2"
"Smcr8",0.145063966432677,0.1976,"11","Smith-Magenis syndrome chromosome region, candidate 8 homolog (human)"
"Catip",-0.145041567597755,0.7356,"1","ciliogenesis associated TTC17 interacting protein"
"Snx4",0.145029239833767,0.1556,"16","sorting nexin 4"
"Gcfc2",0.144983518619881,0.6672,"6","GC-rich sequence DNA binding factor 2"
"Trim37",0.144980722451415,0.0248,"11","tripartite motif-containing 37"
"Ccdc12",-0.144973195802007,0.6468,"9","coiled-coil domain containing 12"
"Tnfaip3",-0.144956545467742,0.7004,"10","tumor necrosis factor, alpha-induced protein 3"
"Slc17a5",0.144954072560258,0.1672,"9","solute carrier family 17 (anion/sugar transporter), member 5"
"Ddx4",0.144949461498525,0.6168,"13","DEAD box helicase 4"
"Rad21",0.144933398834103,0.0692,"15","RAD21 cohesin complex component"
"Nedd4",0.144932888008984,0.4268,"9","neural precursor cell expressed, developmentally down-regulated 4"
"Cdk10",-0.144895071620555,0.2304,"8","cyclin-dependent kinase 10"
"Rgl1",0.144888249822716,0.0184,"1","ral guanine nucleotide dissociation stimulator,-like 1"
"Sirt6",-0.144755599408929,0.1392,"10","sirtuin 6"
"Oga",0.144753217309376,0.4148,"19","O-GlcNAcase"
"Pomp",-0.144749479308741,0.3712,"5","proteasome maturation protein"
"Macrod1",-0.144738769581862,0.6664,"19","mono-ADP ribosylhydrolase 1"
"Cdhr1",0.144720629822687,0.7276,"14","cadherin-related family member 1"
"Tprgl",-0.144694590889384,0.4228,"4","transformation related protein 63 regulated like"
"Slc48a1",-0.144683191410041,0.4912,"15","solute carrier family 48 (heme transporter), member 1"
"Rasgrp1",0.144651837611889,0.2312,"2","RAS guanyl releasing protein 1"
"Trpv4",-0.144645735798221,0.8908,"5","transient receptor potential cation channel, subfamily V, member 4"
"Fggy",-0.144640502294119,0.1492,"4","FGGY carbohydrate kinase domain containing"
"Sec14l2",-0.144615674522114,0.2928,"11","SEC14-like lipid binding 2"
"Fam124a",-0.144609768725729,0.2952,"14","family with sequence similarity 124, member A"
"Mir100hg",-0.144559900189253,0.5252,"9","Mir100 Mirlet7a-2 Mir125b-1 cluster host gene"
"Zfp398",0.144522417768119,0.7264,"6","zinc finger protein 398"
"Zfp354c",0.14451355691638,0.1448,"11","zinc finger protein 354C"
"Far1",0.144505359402865,0.3628,"7","fatty acyl CoA reductase 1"
"Wdcp",0.144477470598028,0.6852,"12","WD repeat and coiled coil containing"
"Ccn3",-0.144423960443548,0.7608,"15","cellular communication network factor 3"
"Sec63",0.1443783605639,0.0084,"10","SEC63-like (S. cerevisiae)"
"Clcn4",0.14437001409584,0.01,"7","chloride channel, voltage-sensitive 4"
"Ctbp1",-0.1443557190569,0.4796,"5","C-terminal binding protein 1"
"Gpr135",0.144308368705568,0.4292,"12","G protein-coupled receptor 135"
"Thoc2",0.144281808552622,0.5064,"X","THO complex 2"
"Tmem120a",-0.144265245816596,0.3784,"5","transmembrane protein 120A"
"Kdm3b",0.144211308182746,0.404,"18","KDM3B lysine (K)-specific demethylase 3B"
"Chchd7",-0.144195462528904,0.258,"4","coiled-coil-helix-coiled-coil-helix domain containing 7"
"Ndufab1",-0.144168595019067,0.4352,"7","NADH:ubiquinone oxidoreductase subunit AB1"
"Atp11a",0.144166486632758,0.5584,"8","ATPase, class VI, type 11A"
"Gspt1",0.144161256941066,0.3236,"16","G1 to S phase transition 1"
"Ldlrap1",0.144060196562237,0.6272,"4","low density lipoprotein receptor adaptor protein 1"
"Tcf19",-0.144054848261821,0.6416,"17","transcription factor 19"
"Unc5d",0.1440058487458,0.4692,"8","unc-5 netrin receptor D"
"Efna1",-0.143972294037547,0.6428,"3","ephrin A1"
"Leprotl1",-0.143968107776304,0.134,"8","leptin receptor overlapping transcript-like 1"
"Arhgef12",0.143925029733819,0.2376,"9","Rho guanine nucleotide exchange factor (GEF) 12"
"Mrpl47",-0.143903469457288,0.3096,"3","mitochondrial ribosomal protein L47"
"Rab5c",-0.143857658181318,0.4328,"11","RAB5C, member RAS oncogene family"
"Rorc",-0.143852784283396,0.6292,"3","RAR-related orphan receptor gamma"
"Glmp",-0.143811411645242,0.3524,"3","glycosylated lysosomal membrane protein"
"Wdr5b",-0.143803233366272,0.2112,"16","WD repeat domain 5B"
"Chchd2",-0.143791499676022,0.4244,"5","coiled-coil-helix-coiled-coil-helix domain containing 2"
"Smim1",0.143788164179467,0.5052,"4","small integral membrane protein 1"
"Zmynd8",0.143770517391201,0.3584,"2","zinc finger, MYND-type containing 8"
"Slc35e4",-0.143765519810489,0.38,"11","solute carrier family 35, member E4"
"Acads",-0.143760568195253,0.6544,"5","acyl-Coenzyme A dehydrogenase, short chain"
"Edf1",-0.143723833466799,0.6552,"2","endothelial differentiation-related factor 1"
"5530601H04Rik",-0.143711523701362,0.5108,"X","RIKEN cDNA 5530601H04 gene"
"Bub1b",0.143634486901282,0.8088,"2","BUB1B, mitotic checkpoint serine/threonine kinase"
"Surf2",-0.143601247775738,0.3912,"2","surfeit gene 2"
"Arhgap26",0.143555087986979,0.4732,"18","Rho GTPase activating protein 26"
"Mon1b",0.143549375571315,0.2012,"8","MON1 homolog B, secretory traffciking associated"
"Nlgn3",0.143539528695785,0.3876,"X","neuroligin 3"
"Gm973",-0.143504172040287,0.5132,"1","predicted gene 973"
"Rgs6",0.143498004923268,0.4384,"12","regulator of G-protein signaling 6"
"C130071C03Rik",0.143487180672982,0.2044,"13","RIKEN cDNA C130071C03 gene"
"Tmem9b",-0.143472545186598,0.2824,"7","TMEM9 domain family, member B"
"Spred3",0.143430415170585,0.5584,"7","sprouty-related EVH1 domain containing 3"
"Cdc34",-0.143412474050603,0.5068,"10","cell division cycle 34"
"Gli3",-0.143410775408092,0.1204,"13","GLI-Kruppel family member GLI3"
"Zfp703",0.143324415961643,0.144,"8","zinc finger protein 703"
"Mef2c",0.143323991461352,0.1432,"13","myocyte enhancer factor 2C"
"Gipc1",-0.143267936538773,0.3896,"8","GIPC PDZ domain containing family, member 1"
"Rtp4",-0.143253580208704,0.7404,"16","receptor transporter protein 4"
"Ralgapb",0.143140034638339,0.33,"2","Ral GTPase activating protein, beta subunit (non-catalytic)"
"B3gat3",-0.143125822845734,0.5556,"19","beta-1,3-glucuronyltransferase 3 (glucuronosyltransferase I)"
"Rilpl1",0.143125406306122,0.1164,"5","Rab interacting lysosomal protein-like 1"
"Fancc",-0.143113819976041,0.2264,"13","Fanconi anemia, complementation group C"
"Pcgf1",-0.143096411210786,0.3804,"6","polycomb group ring finger 1"
"Tomm70a",0.143082162133875,0.0316,"16","translocase of outer mitochondrial membrane 70A"
"Nfasc",0.143079053395669,0.4596,"1","neurofascin"
"Npepps",0.143064154905174,0.0472,"11","aminopeptidase puromycin sensitive"
"Crym",-0.14305856544728,0.426,"7","crystallin, mu"
"Ebag9",0.14305540732659,0.306,"15","estrogen receptor-binding fragment-associated gene 9"
"Sorbs3",-0.142999102410288,0.4832,"14","sorbin and SH3 domain containing 3"
"Zbtb40",-0.142964495179378,0.3408,"4","zinc finger and BTB domain containing 40"
"Gfpt2",0.142954770320997,0.2436,"11","glutamine fructose-6-phosphate transaminase 2"
"Rab28",-0.142944723591913,0.1372,"5","RAB28, member RAS oncogene family"
"Fbxo2",-0.14293846723732,0.5532,"4","F-box protein 2"
"Spsb3",-0.142916545671611,0.344,"17","splA/ryanodine receptor domain and SOCS box containing 3"
"Klhl7",0.142912189948619,0.2872,"5","kelch-like 7"
"Cdc37l1",0.142905700286225,0.334,"19","cell division cycle 37-like 1"
"Prmt1",-0.142882544861812,0.4656,"7","protein arginine N-methyltransferase 1"
"Tti1",0.142875200837638,0.1916,"2","TELO2 interacting protein 1"
"Mapk6",0.142858763242439,0.2052,"9","mitogen-activated protein kinase 6"
"Serf2",-0.142829390590482,0.5736,"2","small EDRK-rich factor 2"
"Zbtb12",0.142816426322401,0.29,"17","zinc finger and BTB domain containing 12"
"Ndrg2",-0.142812571808484,0.5452,"14","N-myc downstream regulated gene 2"
"Zfp382",0.14281136141658,0.3904,"7","zinc finger protein 382"
"Mier1",0.142768330357121,0.1872,"4","MEIR1 treanscription regulator"
"Psmb6",-0.142757269891759,0.498,"11","proteasome (prosome, macropain) subunit, beta type 6"
"Gfra4",-0.142739899364527,0.5472,"2","glial cell line derived neurotrophic factor family receptor alpha 4"
"Adsl",-0.142651956984993,0.0308,"15","adenylosuccinate lyase"
"Atf6b",-0.142646869953691,0.1504,"17","activating transcription factor 6 beta"
"St6galnac4",0.142641645075797,0.1112,"2","ST6 (alpha-N-acetyl-neuraminyl-2,3-beta-galactosyl-1,3)-N-acetylgalactosaminide alpha-2,6-sialyltransferase 4"
"Fbxo31",-0.142638113947022,0.342,"8","F-box protein 31"
"Rnf130",0.142630003530593,0.0652,"11","ring finger protein 130"
"Ddx59",0.142627381098121,0.2828,"1","DEAD box helicase 59"
"Plekhm2",-0.14260987933762,0.4508,"4","pleckstrin homology domain containing, family M (with RUN domain) member 2"
"Zfp65",0.14260471692576,0.096,"13","zinc finger protein 65"
"Aldh1l1",-0.142596692112328,0.3596,"6","aldehyde dehydrogenase 1 family, member L1"
"Ythdc1",0.142582974001328,0.1936,"5","YTH domain containing 1"
"Capns1",-0.142431419730417,0.5676,"7","calpain, small subunit 1"
"Maml1",0.142425212789394,0.0684,"11","mastermind like transcriptional coactivator 1"
"Pstpip2",0.142410648922176,0.5996,"18","proline-serine-threonine phosphatase-interacting protein 2"
"Tjp1",0.142378831267716,0.4976,"7","tight junction protein 1"
"Akain1",0.142378008274268,0.4128,"17","A kinase (PRKA) anchor inhibitor 1"
"Tlk1",0.142356500912882,0.186,"2","tousled-like kinase 1"
"Ccdc77",-0.14235342044974,0.5132,"6","coiled-coil domain containing 77"
"Polr3a",0.14232984174675,0.4192,"14","polymerase (RNA) III (DNA directed) polypeptide A"
"Cryl1",-0.142299664905882,0.3228,"14","crystallin, lambda 1"
"Syn1",0.142250540949728,0.4428,"X","synapsin I"
"Gpc4",-0.14223798536437,0.32,"X","glypican 4"
"Kcnk9",0.142227279788621,0.7556,"15","potassium channel, subfamily K, member 9"
"Arhgdia",-0.14222215222984,0.5084,"11","Rho GDP dissociation inhibitor (GDI) alpha"
"Gm9899",0.142217763006335,0.4636,"5","predicted gene 9899"
"Lrfn3",0.142170040711322,0.1172,"7","leucine rich repeat and fibronectin type III domain containing 3"
"Serpinf1",0.142168078660823,0.5996,"11","serine (or cysteine) peptidase inhibitor, clade F, member 1"
"Cd320",-0.142126521596881,0.2048,"17","CD320 antigen"
"Map6",0.142108124697023,0.042,"7","microtubule-associated protein 6"
"Atp5h",-0.142102531667053,0.5684,"11","ATP synthase, H+ transporting, mitochondrial F0 complex, subunit D"
"Eif2s3x",0.142062132612905,0.5448,"X","eukaryotic translation initiation factor 2, subunit 3, structural gene X-linked"
"Rhbdd2",-0.142043401930297,0.0376,"5","rhomboid domain containing 2"
"Kbtbd7",0.142043187804788,0.2528,"14","kelch repeat and BTB (POZ) domain containing 7"
"Mettl21a",0.142020439115948,0.2924,"1","methyltransferase like 21A"
"Mea1",-0.142017290976657,0.5648,"17","male enhanced antigen 1"
"Pgghg",-0.141975686728598,0.442,"7","protein glucosylgalactosylhydroxylysine glucosidase"
"Tmem33",0.14197222135264,0.1816,"5","transmembrane protein 33"
"Mapre2",0.141967680186848,0.066,"18","microtubule-associated protein, RP/EB family, member 2"
"Rsrc2",0.141940907734812,0.0464,"5","arginine/serine-rich coiled-coil 2"
"Got1",-0.141937003009085,0.0468,"19","glutamic-oxaloacetic transaminase 1, soluble"
"Bcap31",-0.14189532774213,0.3972,"X","B cell receptor associated protein 31"
"Grip1",0.141717127727721,0.658,"10","glutamate receptor interacting protein 1"
"Acbd5",0.141703652295989,0.0756,"2","acyl-Coenzyme A binding domain containing 5"
"Taco1",0.141693993729166,0.4632,"11","translational activator of mitochondrially encoded cytochrome c oxidase I"
"Arid1a",0.141687230093249,0.4628,"4","AT rich interactive domain 1A (SWI-like)"
"Tcf15",0.14167876825817,0.5552,"2","transcription factor 15"
"Wiz",0.141638333615714,0.2028,"17","widely-interspaced zinc finger motifs"
"Nsd1",0.141619999106245,0.326,"13","nuclear receptor-binding SET-domain protein 1"
"Cisd3",-0.141598128327908,0.606,"11","CDGSH iron sulfur domain 3"
"Med1",0.141581294762581,0.4988,"11","mediator complex subunit 1"
"Arl16",-0.141579357265394,0.3568,"11","ADP-ribosylation factor-like 16"
"Camta2",0.141564427726559,0.1944,"11","calmodulin binding transcription activator 2"
"Iqsec2",0.141542448446341,0.2416,"X","IQ motif and Sec7 domain 2"
"Brd3os",-0.141438444140313,0.3444,"2","bromodomain containing 3, opposite strand"
"Slc25a40",-0.141401296469197,0.3296,"5","solute carrier family 25, member 40"
"Dalrd3",-0.141390064638962,0.2756,"9","DALR anticodon binding domain containing 3"
"Gjc2",-0.141343937469697,0.8328,"11","gap junction protein, gamma 2"
"Sumf2",-0.141339525470133,0.232,"5","sulfatase modifying factor 2"
"Urm1",-0.141329523366006,0.4128,"2","ubiquitin related modifier 1"
"Necap2",-0.141316618130665,0.2408,"4","NECAP endocytosis associated 2"
"Cpq",0.141295695884784,0.4972,"15","carboxypeptidase Q"
"Fam210a",0.141247106630128,0.088,"18","family with sequence similarity 210, member A"
"Rps17",-0.141233771201962,0.6552,"7","ribosomal protein S17"
"Ksr1",0.141211311701184,0.3008,"11","kinase suppressor of ras 1"
"Zmat3",0.141176283825311,0.202,"3","zinc finger matrin type 3"
"Eml5",0.14117088757594,0.706,"12","echinoderm microtubule associated protein like 5"
"Rnf187",-0.14115958421888,0.4084,"11","ring finger protein 187"
"Hs6st2",-0.14115721208589,0.616,"X","heparan sulfate 6-O-sulfotransferase 2"
"Igf1r",0.141155966984722,0.5828,"7","insulin-like growth factor I receptor"
"Vps33a",0.141143687692404,0.35,"5","VPS33A CORVET/HOPS core subunit"
"Dpy19l3",0.141139583201676,0.4596,"7","dpy-19-like 3 (C. elegans)"
"Kcnk4",-0.141129071137436,0.6468,"19","potassium channel, subfamily K, member 4"
"2510009E07Rik",0.141099506141494,0.0236,"16","RIKEN cDNA 2510009E07 gene"
"Syncrip",0.141072618797573,0.1048,"9","synaptotagmin binding, cytoplasmic RNA interacting protein"
"Galk2",-0.141066030331642,0.1884,"2","galactokinase 2"
"Bcorl1",0.141022405837097,0.312,"X","BCL6 co-repressor-like 1"
"Ugcg",0.141013489762845,0.1356,"4","UDP-glucose ceramide glucosyltransferase"
"Txndc12",-0.141005017704432,0.4028,"4","thioredoxin domain containing 12 (endoplasmic reticulum)"
"Dok5",-0.141003854745759,0.5408,"2","docking protein 5"
"Kpnb1",0.141003395493254,0.0184,"11","karyopherin (importin) beta 1"
"Rusc2",0.14097179379072,0.1108,"4","RUN and SH3 domain containing 2"
"Kcns3",-0.140910910898032,0.3552,"12","potassium voltage-gated channel, delayed-rectifier, subfamily S, member 3"
"Dclre1b",0.140888335626369,0.612,"3","DNA cross-link repair 1B"
"Sema4f",-0.140854059087255,0.178,"6","sema domain, immunoglobulin domain (Ig), TM domain, and short cytoplasmic domain"
"Rlf",0.140775124148867,0.4868,"4","rearranged L-myc fusion sequence"
"Wdr43",0.140704015767796,0.0876,"17","WD repeat domain 43"
"Limk2",-0.140700220531981,0.1424,"11","LIM motif-containing protein kinase 2"
"Pfkfb4",-0.140667743240321,0.4792,"9","6-phosphofructo-2-kinase/fructose-2,6-biphosphatase 4"
"Lrrc4c",0.1406374929511,0.228,"2","leucine rich repeat containing 4C"
"Cpsf1",-0.140600249486686,0.342,"15","cleavage and polyadenylation specific factor 1"
"Usp37",0.140599908508098,0.2536,"1","ubiquitin specific peptidase 37"
"1700003E16Rik",-0.140562102072826,0.3604,"6","RIKEN cDNA 1700003E16 gene"
"Tmem159",-0.14056181519966,0.3144,"7","transmembrane protein 159"
"Pim3",-0.14053468334135,0.4504,"15","proviral integration site 3"
"Vwa5a",0.140533966683217,0.568,"9","von Willebrand factor A domain containing 5A"
"Ppp1r15b",0.140498535217425,0.038,"1","protein phosphatase 1, regulatory subunit 15B"
"Rhpn2",0.140496530690326,0.5848,"7","rhophilin, Rho GTPase binding protein 2"
"Prkaa2",0.140479242507513,0.482,"4","protein kinase, AMP-activated, alpha 2 catalytic subunit"
"Ogfod1",0.140466033660388,0.1672,"8","2-oxoglutarate and iron-dependent oxygenase domain containing 1"
"Ehd4",0.14046257128245,0.6228,"2","EH-domain containing 4"
"Ppip5k2",0.140415195219782,0.4048,"1","diphosphoinositol pentakisphosphate kinase 2"
"Lhfp",0.140395430717611,0.3452,"3","lipoma HMGIC fusion partner"
"Gclc",0.140389949594246,0.0344,"9","glutamate-cysteine ligase, catalytic subunit"
"Chrd",-0.140361751853376,0.5612,"16","chordin"
"Tstd3",0.140354990672137,0.0912,"4","thiosulfate sulfurtransferase (rhodanese)-like domain containing 3"
"Senp7",0.140339591764924,0.4476,"16","SUMO1/sentrin specific peptidase 7"
"Zfp277",-0.140302099923719,0.086,"12","zinc finger protein 277"
"Canx",0.140189303699795,0.0236,"11","calnexin"
"Map7",0.140186592720988,0.4752,"10","microtubule-associated protein 7"
"Ramac",-0.140143431707551,0.2128,"7","RNA guanine-7 methyltransferase activating subunit"
"Crcp",-0.14013174204636,0.4152,"5","calcitonin gene-related peptide-receptor component protein"
"Vps13b",0.140098864963067,0.6332,"15","vacuolar protein sorting 13B"
"Rmc1",0.140076154507864,0.23,"18","regulator of MON1-CCZ1"
"Egfl7",-0.140031868117899,0.3112,"2","EGF-like domain 7"
"Ahsa2",0.140025115240972,0.2848,"11","AHA1, activator of heat shock protein ATPase 2"
"Pank3",0.14002229037635,0.3352,"11","pantothenate kinase 3"
"Vps72",-0.139893870101765,0.4952,"3","vacuolar protein sorting 72"
"Rnf111",0.139882365243161,0.3804,"9","ring finger 111"
"Ankrd34b",0.139873552543416,0.8852,"13","ankyrin repeat domain 34B"
"Cyb5d2",-0.139827425859554,0.2868,"11","cytochrome b5 domain containing 2"
"Rpl11",-0.139821332265639,0.632,"4","ribosomal protein L11"
"Smarcal1",0.139812837088735,0.1396,"1","SWI/SNF related matrix associated, actin dependent regulator of chromatin, subfamily a-like 1"
"Nfic",0.139790529921009,0.0936,"10","nuclear factor I/C"
"Gfod2",-0.139784089498872,0.2556,"8","glucose-fructose oxidoreductase domain containing 2"
"Pum3",0.139710431881553,0.0416,"19","pumilio RNA-binding family member 3"
"Abtb1",-0.139708588889672,0.0276,"6","ankyrin repeat and  BTB (POZ) domain containing 1"
"Hras",-0.139688329935987,0.5636,"7","Harvey rat sarcoma virus oncogene"
"Psmf1",-0.139670365703401,0.26,"2","proteasome (prosome, macropain) inhibitor subunit 1"
"Tox3",0.139632618745094,0.7108,"8","TOX high mobility group box family member 3"
"Vac14",-0.139613898375441,0.0336,"8","Vac14 homolog (S. cerevisiae)"
"Cgrrf1",-0.139570917263754,0.3684,"14","cell growth regulator with ring finger domain 1"
"Ccnl1",-0.139559834504426,0.4744,"3","cyclin L1"
"Mxd1",0.139555482953347,0.0836,"6","MAX dimerization protein 1"
"P2ry6",0.139530055654163,0.7252,"7","pyrimidinergic receptor P2Y, G-protein coupled, 6"
"Ankrd11",0.139506092781023,0.4048,"8","ankyrin repeat domain 11"
"Inafm1",-0.139489775141287,0.222,"7","InaF motif containing 1"
"Bmi1",0.139478212255898,0.1124,"2","Bmi1 polycomb ring finger oncogene"
"Dnal4",-0.139464032320144,0.5172,"15","dynein, axonemal, light chain 4"
"Tnrc6c",0.139425972730535,0.6004,"11","trinucleotide repeat containing 6C"
"Itgb1",0.139398423749583,0.2212,"8","integrin beta 1 (fibronectin receptor beta)"
"Snx15",-0.139354792760605,0.3428,"19","sorting nexin 15"
"Ptar1",0.139346078834672,0.6284,"19","protein prenyltransferase alpha subunit repeat containing 1"
"Mis18a",0.139310156544949,0.3292,"16","MIS18 kinetochore protein A"
"Cep112",0.139283517681592,0.3352,"11","centrosomal protein 112"
"Msl3",0.139207359461165,0.0768,"X","MSL complex subunit 3"
"Ppp1r16b",0.139189778938747,0.2836,"2","protein phosphatase 1, regulatory subunit 16B"
"Iqgap2",0.139167234124318,0.5852,"13","IQ motif containing GTPase activating protein 2"
"Pmpcb",0.139121044016894,0.1404,"5","peptidase (mitochondrial processing) beta"
"Ak4",-0.139096661254275,0.3052,"4","adenylate kinase 4"
"Sf3a1",0.139032053999435,0.218,"11","splicing factor 3a, subunit 1"
"Csnk1g1",0.138989936892582,0.4408,"9","casein kinase 1, gamma 1"
"Il10rb",-0.138984887639364,0.5036,"16","interleukin 10 receptor, beta"
"Tmem63a",-0.138976076129592,0.5008,"1","transmembrane protein 63a"
"Vps13a",0.138975901857025,0.652,"19","vacuolar protein sorting 13A"
"Ccdc25",0.138902305051583,0.0144,"14","coiled-coil domain containing 25"
"Spop",0.13887200179878,0.2792,"11","speckle-type BTB/POZ protein"
"Adamtsl5",-0.13887164992136,0.65,"10","ADAMTS-like 5"
"Kcnc3",0.138861499318416,0.5468,"7","potassium voltage gated channel, Shaw-related subfamily, member 3"
"Zfyve16",0.138837837534577,0.5828,"13","zinc finger, FYVE domain containing 16"
"Ptch1",0.138769188719722,0.1976,"13","patched 1"
"Smyd4",0.138725789598483,0.2088,"11","SET and MYND domain containing 4"
"Eef1b2",-0.138725011846982,0.4548,"1","eukaryotic translation elongation factor 1 beta 2"
"Cnn3",-0.138724302270489,0.272,"3","calponin 3, acidic"
"Ccdc51",-0.138710813276359,0.3456,"9","coiled-coil domain containing 51"
"Sgpp1",0.138702780525132,0.2008,"12","sphingosine-1-phosphate phosphatase 1"
"Ngdn",-0.138691110432377,0.5872,"14","neuroguidin, EIF4E binding protein"
"Olig2",-0.13866328713347,0.5472,"16","oligodendrocyte transcription factor 2"
"Aldh1b1",-0.13863084478943,0.3948,"4","aldehyde dehydrogenase 1 family, member B1"
"Slc25a35",0.138567294972136,0.61,"11","solute carrier family 25, member 35"
"Olfm1",-0.138522624851964,0.5176,"2","olfactomedin 1"
"E2f1",0.138507425681347,0.538,"2","E2F transcription factor 1"
"Fer",0.138503263058293,0.618,"17","fer (fms/fps related) protein kinase"
"Vopp1",0.138432447977947,0.1744,"6","vesicular, overexpressed in cancer, prosurvival protein 1"
"Scgn",0.138430811374405,0.6392,"13","secretagogin, EF-hand calcium binding protein"
"Ryr1",0.138395612488794,0.7492,"7","ryanodine receptor 1, skeletal muscle"
"Fzr1",-0.138387937597837,0.1936,"10","fizzy and cell division cycle 20 related 1"
"Plk1",0.138372716647513,0.6596,"7","polo like kinase 1"
"Aph1a",-0.138356363785952,0.034,"3","aph1 homolog A, gamma secretase subunit"
"Phip",0.138343248875184,0.5072,"9","pleckstrin homology domain interacting protein"
"2310057M21Rik",-0.138331040342097,0.0352,"7","RIKEN cDNA 2310057M21 gene"
"Zfp13",-0.138305522958767,0.28,"17","zinc finger protein 13"
"Orc6",-0.138291974599521,0.2224,"8","origin recognition complex, subunit 6"
"Hnrnpc",0.138233950091623,0.1128,"14","heterogeneous nuclear ribonucleoprotein C"
"Cand1",0.138189216396659,0.2936,"10","cullin associated and neddylation disassociated 1"
"Irak2",-0.138167056796606,0.2412,"6","interleukin-1 receptor-associated kinase 2"
"Mrpl9",-0.138134597254909,0.298,"3","mitochondrial ribosomal protein L9"
"Mier3",0.138113107523602,0.2828,"13","MIER family member 3"
"Fcho1",-0.138095067044158,0.438,"8","FCH domain only 1"
"Bin3",-0.138040986372812,0.2972,"14","bridging integrator 3"
"Tdrp",0.137997058010999,0.1748,"8","testis development related protein"
"Ak2",-0.137985141837444,0.406,"4","adenylate kinase 2"
"Tmppe",0.137941895726298,0.23,"9","transmembrane protein with metallophosphoesterase domain"
"Dcun1d5",-0.137826571689873,0.1304,"9","DCN1, defective in cullin neddylation 1, domain containing 5 (S. cerevisiae)"
"Casc3",0.137803934623282,0.1196,"11","cancer susceptibility candidate 3"
"Fbln1",0.137793531846591,0.3068,"15","fibulin 1"
"Zfp821",-0.137780646124535,0.4,"8","zinc finger protein 821"
"Marchf8",0.137775412278843,0.3152,"6","membrane associated ring-CH-type finger 8"
"S100a1",-0.137747441723135,0.7084,"3","S100 calcium binding protein A1"
"Prune2",0.137731293805508,0.4024,"19","prune homolog 2"
"Slc44a1",0.137717254946739,0.59,"4","solute carrier family 44, member 1"
"S100pbp",0.13769995705236,0.1592,"4","S100P binding protein"
"Fbn1",-0.137669093650195,0.722,"2","fibrillin 1"
"Mpdz",0.137650066572983,0.482,"4","multiple PDZ domain crumbs cell polarity complex component"
"Rpusd2",0.137632247466327,0.2704,"2","RNA pseudouridylate synthase domain containing 2"
"Mvd",-0.137578352844004,0.5948,"8","mevalonate (diphospho) decarboxylase"
"Chrna4",0.137552634691967,0.6804,"2","cholinergic receptor, nicotinic, alpha polypeptide 4"
"Syna",0.137493227895922,0.4568,"5","syncytin a"
"Gspt2",0.137447830110447,0.2484,"X","G1 to S phase transition 2"
"Prkce",0.137436255138381,0.0856,"17","protein kinase C, epsilon"
"Rtn4",0.137415928244049,0.62,"11","reticulon 4"
"Acly",0.1374152976356,0.1188,"11","ATP citrate lyase"
"Rps3",-0.137392167480441,0.5868,"7","ribosomal protein S3"
"Shisa7",0.137343946135399,0.588,"7","shisa family member 7"
"Pcsk2",0.137341656201251,0.1916,"2","proprotein convertase subtilisin/kexin type 2"
"Lynx1",0.137301755196209,0.3108,"15","Ly6/neurotoxin 1"
"Ift20",-0.137235925252716,0.4692,"11","intraflagellar transport 20"
"B3galt2",0.137189667324144,0.5276,"1","UDP-Gal:betaGlcNAc beta 1,3-galactosyltransferase, polypeptide 2"
"Shtn1",-0.137164514948658,0.6976,"19","shootin 1"
"Rab6b",0.137144678715131,0.0744,"9","RAB6B, member RAS oncogene family"
"Bcl9l",0.137084177058036,0.286,"9","B cell CLL/lymphoma 9-like"
"Flywch2",-0.13706474458438,0.67,"17","FLYWCH family member 2"
"Zdhhc7",-0.137049771665916,0.3772,"8","zinc finger, DHHC domain containing 7"
"Tmem94",-0.137015517122459,0.1424,"11","transmembrane protein 94"
"Zfp946",0.136994672039368,0.2512,"17","zinc finger protein 946"
"Uspl1",-0.136964651239822,0.274,"5","ubiquitin specific peptidase like 1"
"Map2",0.136921732543712,0.314,"1","microtubule-associated protein 2"
"Alg12",-0.136914615803003,0.3892,"15","asparagine-linked glycosylation 12 (alpha-1,6-mannosyltransferase)"
"Gadd45gip1",-0.136892080959395,0.456,"8","growth arrest and DNA-damage-inducible, gamma interacting protein 1"
"Rnf181",-0.136858837343982,0.4656,"6","ring finger protein 181"
"Atp5c1",-0.136753819027938,0.4292,"2","ATP synthase, H+ transporting, mitochondrial F1 complex, gamma polypeptide 1"
"Prr5l",-0.136742382305417,0.616,"2","proline rich 5 like"
"Fam120a",0.136732952101659,0.1064,"13","family with sequence similarity 120, member A"
"Rpl27a",-0.136726377080365,0.6088,"7","ribosomal protein L27A"
"Cox18",-0.136718350011575,0.5328,"5","cytochrome c oxidase assembly protein 18"
"Sh3d19",0.136710966569612,0.7344,"3","SH3 domain protein D19"
"Xpo1",0.136704780431478,0.3084,"11","exportin 1"
"Trp53i11",0.136681982772575,0.438,"2","transformation related protein 53 inducible protein 11"
"Syde1",-0.136669060960571,0.4176,"10","synapse defective 1, Rho GTPase, homolog 1 (C. elegans)"
"Xrcc5",-0.136641094285279,0.1388,"1","X-ray repair complementing defective repair in Chinese hamster cells 5"
"Dlc1",0.136635662894347,0.3168,"8","deleted in liver cancer 1"
"Anks3",-0.136629955058825,0.3684,"16","ankyrin repeat and sterile alpha motif domain containing 3"
"Foxc1",0.136569591406136,0.724,"13","forkhead box C1"
"Tmem106c",-0.136540247619797,0.462,"15","transmembrane protein 106C"
"Prickle2",0.136486232689315,0.2592,"6","prickle planar cell polarity protein 2"
"Adrb1",0.136480961058213,0.4472,"19","adrenergic receptor, beta 1"
"Wdr83",-0.136457570512836,0.3172,"8","WD repeat domain containing 83"
"Msh3",0.136443997400915,0.1884,"13","mutS homolog 3"
"Klf9",0.136441731533036,0.178,"19","Kruppel-like factor 9"
"Mrpl45",-0.136407004415055,0.5404,"11","mitochondrial ribosomal protein L45"
"Eif4e",0.136401303213368,0.1308,"3","eukaryotic translation initiation factor 4E"
"D11Wsu47e",-0.136342469770807,0.4564,"11","DNA segment, Chr 11, Wayne State University 47, expressed"
"Rnf214",0.136311422519033,0.0332,"9","ring finger protein 214"
"Fam102b",0.136309948181506,0.494,"3","family with sequence similarity 102, member B"
"Il18",-0.136308347190619,0.3268,"9","interleukin 18"
"Rhov",-0.136299891981824,0.5008,"2","ras homolog family member V"
"Syngap1",0.136297258761932,0.3664,"17","synaptic Ras GTPase activating protein 1 homolog (rat)"
"Slc35b3",-0.136270256033408,0.398,"13","solute carrier family 35, member B3"
"Dars2",-0.136248270741251,0.2464,"1","aspartyl-tRNA synthetase 2 (mitochondrial)"
"Acrbp",-0.136239995686884,0.6024,"6","proacrosin binding protein"
"Nr4a2",0.136234703561771,0.4488,"2","nuclear receptor subfamily 4, group A, member 2"
"Krtcap3",-0.136232988647168,0.6896,"5","keratinocyte associated protein 3"
"Slc5a3",0.136209315486054,0.4488,"16","solute carrier family 5 (inositol transporters), member 3"
"Pld3",-0.136157839692748,0.3412,"7","phospholipase D family, member 3"
"Ccdc28b",-0.136155828411556,0.4144,"4","coiled coil domain containing 28B"
"Stum",0.13615217901507,0.228,"1","mechanosensory transduction mediator"
"Dbt",0.136105693310064,0.1312,"3","dihydrolipoamide branched chain transacylase E2"
"Ccdc9",-0.136088828372838,0.0264,"7","coiled-coil domain containing 9"
"Ints7",-0.136079256687959,0.3548,"1","integrator complex subunit 7"
"Acot1",0.136062905866985,0.308,"12","acyl-CoA thioesterase 1"
"Tomm34",-0.136057614729379,0.5276,"2","translocase of outer mitochondrial membrane 34"
"Lsm1",-0.136046830017863,0.4568,"8","LSM1 homolog, mRNA degradation associated"
"Rnf182",0.136044095946344,0.294,"13","ring finger protein 182"
"Ifit2",0.13601125268682,0.6364,"19","interferon-induced protein with tetratricopeptide repeats 2"
"Smim8",-0.135996733003076,0.4184,"4","small integral membrane protein 8"
"Msrb2",-0.135992544849272,0.1508,"2","methionine sulfoxide reductase B2"
"Prpf39",0.135982908758781,0.568,"12","pre-mRNA processing factor 39"
"Dmd",0.135973003651666,0.4596,"X","dystrophin, muscular dystrophy"
"Mapk3",-0.135968368554174,0.5832,"7","mitogen-activated protein kinase 3"
"Gramd1b",0.135960731401799,0.3604,"9","GRAM domain containing 1B"
"Kcng1",0.135944353146504,0.5924,"2","potassium voltage-gated channel, subfamily G, member 1"
"Rhbdl1",-0.135925297596576,0.3916,"17","rhomboid like 1"
"Stat5b",0.1359176172434,0.2264,"11","signal transducer and activator of transcription 5B"
"Marchf6",0.135909622475632,0.296,"15","membrane associated ring-CH-type finger 6"
"Clstn2",0.135896908831345,0.3112,"9","calsyntenin 2"
"Cemip",-0.135882443039802,0.7044,"7","cell migration inducing protein, hyaluronan binding"
"Klhl34",0.135875199543112,0.5592,"X","kelch-like 34"
"Ly6h",-0.135827244837042,0.4896,"15","lymphocyte antigen 6 complex, locus H"
"Mfap3l",0.13581452085254,0.2976,"8","microfibrillar-associated protein 3-like"
"Tbc1d9",0.13581060494823,0.5576,"8","TBC1 domain family, member 9"
"Cmc1",-0.135749805852726,0.3608,"9","COX assembly mitochondrial protein 1"
"Dcp2",0.135734916188689,0.3824,"18","decapping mRNA 2"
"Mllt11",0.135721621428497,0.2236,"3","myeloid/lymphoid or mixed-lineage leukemia; translocated to, 11"
"Trappc3",-0.135700958363285,0.3308,"4","trafficking protein particle complex 3"
"Rnf11",0.13567643381328,0.0596,"4","ring finger protein 11"
"Spry1",0.135662565121714,0.158,"3","sprouty RTK signaling antagonist 1"
"Rom1",-0.135646549218744,0.5796,"19","rod outer segment membrane protein 1"
"Prdx5",-0.135602173651703,0.4828,"19","peroxiredoxin 5"
"Baz2a",0.135585398530412,0.4644,"10","bromodomain adjacent to zinc finger domain, 2A"
"Rgs12",0.135571519894994,0.462,"5","regulator of G-protein signaling 12"
"Dipk1a",-0.135557791139631,0.2748,"5","divergent protein kinase domain 1A"
"Lmtk2",0.135451403959872,0.3212,"5","lemur tyrosine kinase 2"
"Gm5577",-0.135413472888123,0.692,"6","predicted gene 5577"
"Npas3",-0.135407081398201,0.6644,"12","neuronal PAS domain protein 3"
"Scpep1",0.135345201884085,0.502,"11","serine carboxypeptidase 1"
"Fbxo6",-0.135317025880446,0.4032,"4","F-box protein 6"
"Chmp2a",-0.135310481336696,0.5152,"7","charged multivesicular body protein 2A"
"Limch1",0.135299811889291,0.1424,"5","LIM and calponin homology domains 1"
"Senp6",0.135270621794127,0.0276,"9","SUMO/sentrin specific peptidase 6"
"Prkcq",-0.135255960572731,0.5128,"2","protein kinase C, theta"
"Cttnbp2nl",0.135236558861457,0.586,"3","CTTNBP2 N-terminal like"
"AW554918",-0.135116712914823,0.1676,"18","expressed sequence AW554918"
"Ndufaf7",-0.135115109453502,0.13,"17","NADH:ubiquinone oxidoreductase complex assembly factor 7"
"Mir682",-0.135106513606457,0.7148,"13","microRNA 682"
"Rab2a",0.135094491075421,0.3452,"4","RAB2A, member RAS oncogene family"
"G6pdx",-0.135093861885085,0.4768,"X","glucose-6-phosphate dehydrogenase X-linked"
"Clip1",0.135089813373618,0.2148,"5","CAP-GLY domain containing linker protein 1"
"Ss18l2",-0.135065247825311,0.4496,"9","SS18, nBAF chromatin remodeling complex subunit like 2"
"Rbm26",0.135038080840529,0.3168,"14","RNA binding motif protein 26"
"Plagl1",0.135035335262613,0.4716,"10","pleiomorphic adenoma gene-like 1"
"Ctcf",0.135011500837661,0.1228,"8","CCCTC-binding factor"
"Hes6",-0.135011168673103,0.6244,"1","hairy and enhancer of split 6"
"Adamts3",0.134989731806006,0.5588,"5","a disintegrin-like and metallopeptidase (reprolysin type) with thrombospondin type 1 motif, 3"
"Cib2",-0.134952712434184,0.4132,"9","calcium and integrin binding family member 2"
"Stab1",0.134945699846092,0.8016,"14","stabilin 1"
"Lnpk",0.13491618956259,0.412,"2","lunapark, ER junction formation factor"
"Angel1",-0.134907176549222,0.2108,"12","angel homolog 1"
"Rasgrf1",0.134880734625122,0.4396,"9","RAS protein-specific guanine nucleotide-releasing factor 1"
"Senp8",0.134877137411247,0.1576,"9","SUMO peptidase family member, NEDD8 specific"
"Iqcb1",-0.134849847947556,0.204,"16","IQ calmodulin-binding motif containing 1"
"Ccdc190",-0.134825527731973,0.5792,"1","coiled-coil domain containing 190"
"Bzw2",-0.134780709144649,0.4592,"12","basic leucine zipper and W2 domains 2"
"Tmem181a",0.134754628280566,0.8324,"17","transmembrane protein 181A"
"Micu2",-0.134753320000041,0.4504,"14","mitochondrial calcium uptake 2"
"Sgf29",0.134691984314575,0.2824,"7","SAGA complex associated factor 29"
"Ubtd2",0.134620806824941,0.0936,"11","ubiquitin domain containing 2"
"Dnajb6",0.134612818712202,0.12,"5","DnaJ heat shock protein family (Hsp40) member B6"
"2610306M01Rik",-0.134611520009839,0.7056,"6","RIKEN cDNA 2610306M01 gene"
"Ptdss2",-0.134579029100846,0.1192,"7","phosphatidylserine synthase 2"
"Dgat1",-0.134545127770581,0.342,"15","diacylglycerol O-acyltransferase 1"
"Strn3",0.13452044645282,0.264,"12","striatin, calmodulin binding protein 3"
"Mvk",-0.134514484402173,0.548,"5","mevalonate kinase"
"Urgcp",-0.134512294576158,0.194,"11","upregulator of cell proliferation"
"Rxfp1",0.134512164603804,0.7976,"3","relaxin/insulin-like family peptide receptor 1"
"4921524J17Rik",0.134493748301928,0.09,"8","RIKEN cDNA 4921524J17 gene"
"Oxct1",0.134483988748979,0.08,"15","3-oxoacid CoA transferase 1"
"Jmjd4",0.134457309854888,0.378,"11","jumonji domain containing 4"
"Appl2",-0.13442739416142,0.2656,"10","adaptor protein, phosphotyrosine interaction, PH domain and leucine zipper containing 2"
"Tmod3",-0.134403168714759,0.032,"9","tropomodulin 3"
"Plcxd1",-0.134394098542156,0.5332,"5","phosphatidylinositol-specific phospholipase C, X domain containing 1"
"Ehbp1",0.134384913437112,0.3116,"11","EH domain binding protein 1"
"Trip4",0.134375464288537,0.3008,"9","thyroid hormone receptor interactor 4"
"Bri3",-0.134193523605807,0.6072,"5","brain protein I3"
"Clcn2",-0.134168736626788,0.4792,"16","chloride channel, voltage-sensitive 2"
"Mtpn",0.134140078581151,0.0392,"6","myotrophin"
"Tmeff1",0.134113667421431,0.098,"4","transmembrane protein with EGF-like and two follistatin-like domains 1"
"Ephx1",-0.134096575857004,0.5012,"1","epoxide hydrolase 1, microsomal"
"Ctdspl2",0.134090838620657,0.2892,"2","CTD (carboxy-terminal domain, RNA polymerase II, polypeptide A) small phosphatase like 2"
"Phf1",-0.134088665908401,0.15,"17","PHD finger protein 1"
"Capn5",0.134085170186522,0.076,"7","calpain 5"
"Slu7",0.134078376521331,0.052,"11","SLU7 splicing factor homolog (S. cerevisiae)"
"Ctps2",-0.134042421759643,0.1556,"X","cytidine 5'-triphosphate synthase 2"
"Hbs1l",-0.134019603917942,0.0212,"10","Hbs1-like (S. cerevisiae)"
"Scara3",-0.134015605918142,0.5356,"14","scavenger receptor class A, member 3"
"Zc3h13",0.13400049107132,0.372,"14","zinc finger CCCH type containing 13"
"Pank1",0.133996144924235,0.396,"19","pantothenate kinase 1"
"Rprml",-0.133972757324749,0.622,"11","reprimo-like"
"Irf1",-0.133967378155235,0.2376,"11","interferon regulatory factor 1"
"Zfp84",0.133949072099645,0.3636,"7","zinc finger protein 84"
"Hnrnpr",0.133942747730749,0.3996,"4","heterogeneous nuclear ribonucleoprotein R"
"Mapk1ip1",-0.133937216919133,0.402,"7","mitogen-activated protein kinase 1 interacting protein 1"
"Jam3",-0.133857962750125,0.494,"9","junction adhesion molecule 3"
"Adam10",0.133851177390203,0.2396,"9","a disintegrin and metallopeptidase domain 10"
"Sec61a2",0.133797067854604,0.3576,"2","Sec61, alpha subunit 2 (S. cerevisiae)"
"Cul4a",0.133771307855495,0.4064,"8","cullin 4A"
"Srxn1",0.133760205065008,0.216,"2","sulfiredoxin 1 homolog (S. cerevisiae)"
"Psma5",0.133709260745411,0.4984,"3","proteasome subunit alpha 5"
"Nkain4",-0.133708853755982,0.4548,"2","Na+/K+ transporting ATPase interacting 4"
"Dvl3",0.133693723046442,0.2972,"16","dishevelled segment polarity protein 3"
"Necap1",0.133676631915028,0.2732,"6","NECAP endocytosis associated 1"
"Asphd2",-0.133664841681264,0.456,"5","aspartate beta-hydroxylase domain containing 2"
"Denn2b",0.133602779304664,0.3432,"7","DENN domain containing 2B"
"B3galt6",-0.133584233893748,0.352,"4","UDP-Gal:betaGal beta 1,3-galactosyltransferase, polypeptide 6"
"Hdac11",-0.133549905737994,0.1944,"6","histone deacetylase 11"
"Zup1",-0.133519848040487,0.6212,"10","zinc finger containing ubiquitin peptidase 1"
"Itsn1",0.133479582409823,0.2232,"16","intersectin 1 (SH3 domain protein 1A)"
"Smad7",0.133478353977467,0.382,"18","SMAD family member 7"
"Son",0.133475111029179,0.6308,"16","Son DNA binding protein"
"Pitpnm2",0.133465453580719,0.3668,"5","phosphatidylinositol transfer protein, membrane-associated 2"
"Coq6",-0.133464493380047,0.3004,"12","coenzyme Q6 monooxygenase"
"Erlin1",0.133376814749239,0.2576,"19","ER lipid raft associated 1"
"Nr2c2ap",0.133371434463146,0.674,"8","nuclear receptor 2C2-associated protein"
"Tmem120b",-0.133308820015285,0.4088,"5","transmembrane protein 120B"
"Cox7a2",-0.133300699562198,0.5804,"9","cytochrome c oxidase subunit 7A2"
"Lims1",0.13329965017961,0.2024,"10","LIM and senescent cell antigen-like domains 1"
"Wdr37",0.133292607505578,0.3708,"13","WD repeat domain 37"
"Psd2",-0.1332651328947,0.5144,"18","pleckstrin and Sec7 domain containing 2"
"Nin",0.133202824583407,0.59,"12","ninein"
"Gja1",0.133198644066886,0.5976,"10","gap junction protein, alpha 1"
"Gemin8",-0.133148634789223,0.4416,"X","gem nuclear organelle associated protein 8"
"4930503L19Rik",0.133133368519978,0.584,"18","RIKEN cDNA 4930503L19 gene"
"Gpr37l1",-0.133121193142,0.518,"1","G protein-coupled receptor 37-like 1"
"Vmn2r29",-0.133031853063741,0.4056,"7","vomeronasal 2, receptor 29"
"Chchd10",-0.133013335957105,0.648,"10","coiled-coil-helix-coiled-coil-helix domain containing 10"
"Pard6b",0.132993331972486,0.3484,"2","par-6 family cell polarity regulator beta"
"Hat1",-0.132990410572846,0.0804,"2","histone aminotransferase 1"
"Dixdc1",0.132983404399558,0.3048,"9","DIX domain containing 1"
"Atf2",0.132965434891011,0.248,"2","activating transcription factor 2"
"Grik5",-0.132949784346819,0.45,"7","glutamate receptor, ionotropic, kainate 5 (gamma 2)"
"Gnb2",-0.132920434954833,0.4172,"5","guanine nucleotide binding protein (G protein), beta 2"
"Rorb",-0.132879108859847,0.638,"19","RAR-related orphan receptor beta"
"Zfp617",0.13275984104528,0.006,"8","zinc finger protein 617"
"Parg",0.132754503972225,0.1032,"14","poly (ADP-ribose) glycohydrolase"
"Ppt2",-0.132738037562171,0.3612,"17","palmitoyl-protein thioesterase 2"
"Tmem240",-0.132729967461273,0.4204,"4","transmembrane protein 240"
"Nemp1",0.132719722793248,0.6372,"10","nuclear envelope integral membrane protein 1"
"Nemp1",0.132719722793248,0.6372,"10","nuclear envelope integral membrane protein 1"
"Dennd4a",0.132718751446008,0.4156,"9","DENN/MADD domain containing 4A"
"AI854703",-0.132691414067824,0.3676,"6","expressed sequence AI854703"
"Higd2a",-0.132653169062576,0.536,"13","HIG1 domain family, member 2A"
"Fam162a",-0.132619182899614,0.496,"16","family with sequence similarity 162, member A"
"Twf1",0.132605744995076,0.1672,"15","twinfilin actin binding protein 1"
"Smoc2",-0.132590991632769,0.3128,"17","SPARC related modular calcium binding 2"
"Disp3",0.132587455742136,0.328,"4","dispatched RND transporter family member 3"
"Slc9a8",-0.132578319065313,0.16,"2","solute carrier family 9 (sodium/hydrogen exchanger), member 8"
"Gadd45g",-0.132573749042865,0.6444,"13","growth arrest and DNA-damage-inducible 45 gamma"
"Adss",0.13254612055531,0.1564,"1","adenylosuccinate synthetase, non muscle"
"Trnt1",0.132495781836626,0.3556,"6","tRNA nucleotidyl transferase, CCA-adding, 1"
"Fcer1g",-0.132468479067076,0.5792,"1","Fc receptor, IgE, high affinity I, gamma polypeptide"
"Cald1",0.132446822735239,0.3256,"6","caldesmon 1"
"Wscd1",-0.132445435356614,0.4068,"11","WSC domain containing 1"
"Foxp1",0.132256572306749,0.4652,"6","forkhead box P1"
"Gpr137c",0.132255252426551,0.7116,"14","G protein-coupled receptor 137C"
"Fry",0.132203024772962,0.3184,"5","FRY microtubule binding protein"
"Chordc1",0.132198511720083,0.4116,"9","cysteine and histidine-rich domain (CHORD)-containing, zinc-binding protein 1"
"Lars",-0.1320267018608,0.0532,"18","leucyl-tRNA synthetase"
"Ppp1r13b",0.132003402085599,0,"12","protein phosphatase 1, regulatory subunit 13B"
"Khdrbs3",0.131989477712947,0.3424,"15","KH domain containing, RNA binding, signal transduction associated 3"
"Dusp23",-0.131977713882601,0.6944,"1","dual specificity phosphatase 23"
"Atg101",-0.131975496566501,0.3892,"15","autophagy related 101"
"Zbtb11",0.131966954342168,0.514,"16","zinc finger and BTB domain containing 11"
"Card6",0.131928246963749,0.1972,"15","caspase recruitment domain family, member 6"
"Tmub1",-0.131920169811602,0.49,"5","transmembrane and ubiquitin-like domain containing 1"
"Pigf",0.131912257219398,0.5768,"17","phosphatidylinositol glycan anchor biosynthesis, class F"
"Slc13a3",-0.131877214259119,0.6116,"2","solute carrier family 13 (sodium-dependent dicarboxylate transporter), member 3"
"Apbb3",-0.131868960999569,0.4388,"18","amyloid beta (A4) precursor protein-binding, family B, member 3"
"Slc35f1",0.131841824320578,0.5164,"10","solute carrier family 35, member F1"
"Nrbp2",-0.131808234103664,0.4912,"15","nuclear receptor binding protein 2"
"Herc1",0.13179767293134,0.6476,"9","HECT and RLD domain containing E3 ubiquitin protein ligase family member 1"
"Nkap",0.131785779899309,0.2612,"X","NFKB activating protein"
"Zfp62",0.131664680319338,0.2164,"11","zinc finger protein 62"
"Nt5dc2",-0.131659732723276,0.6092,"14","5'-nucleotidase domain containing 2"
"Sec16a",0.131653482243189,0.5148,"2","SEC16 homolog A, endoplasmic reticulum export factor"
"Naa80",-0.131632982007988,0.5252,"9","N(alpha)-acetyltransferase 80, NatH catalytic subunit"
"Gng10",-0.131580504184167,0.4824,"4","guanine nucleotide binding protein (G protein), gamma 10"
"As3mt",-0.131570933236328,0.6004,"19","arsenite methyltransferase"
"Kdm3a",0.131541885238852,0.5276,"6","lysine (K)-specific demethylase 3A"
"Npr2",-0.131508876208537,0.2724,"4","natriuretic peptide receptor 2"
"Dnajc28",0.131469607957817,0.1252,"16","DnaJ heat shock protein family (Hsp40) member C28"
"Eif3i",-0.131370338849521,0.3952,"4","eukaryotic translation initiation factor 3, subunit I"
"Tspan2",0.131356449873698,0.5576,"3","tetraspanin 2"
"Gucy1a1",0.131349563358581,0.3808,"3","guanylate cyclase 1, soluble, alpha 1"
"Lrrc10b",-0.131324794602467,0.6188,"19","leucine rich repeat containing 10B"
"Tmem161a",-0.131324525039012,0.098,"8","transmembrane protein 161A"
"Nwd1",0.131278224468334,0.4,"8","NACHT and WD repeat domain containing 1"
"Zfp386",0.131248510532116,0.346,"12","zinc finger protein 386 (Kruppel-like)"
"Zfp521",-0.131217493132757,0.4276,"18","zinc finger protein 521"
"Arfgap1",-0.131196889203945,0.1568,"2","ADP-ribosylation factor GTPase activating protein 1"
"Fgf14",0.131191487367612,0.552,"14","fibroblast growth factor 14"
"2810013P06Rik",-0.131165508145811,0.4264,"8","RIKEN cDNA 2810013P06 gene"
"Nedd8",-0.131154404296246,0.5016,"14","neural precursor cell expressed, developmentally down-regulated gene 8"
"Agap3",-0.131090410428147,0.5108,"5","ArfGAP with GTPase domain, ankyrin repeat and PH domain 3"
"Gad1",0.131088668434276,0.6096,"2","glutamate decarboxylase 1"
"Adamts4",0.13107173873025,0.632,"1","a disintegrin-like and metallopeptidase (reprolysin type) with thrombospondin type 1 motif, 4"
"St3gal3",-0.131058164268646,0.5216,"4","ST3 beta-galactoside alpha-2,3-sialyltransferase 3"
"Itga1",-0.131048925669621,0.864,"13","integrin alpha 1"
"Crppa",-0.131007676990343,0.1012,"12","CDP-L-ribitol pyrophosphorylase A"
"Moxd1",0.130956757836584,0.4564,"10","monooxygenase, DBH-like 1"
"Gbf1",0.130954067641273,0.066,"19","golgi-specific brefeldin A-resistance factor 1"
"Ssbp2",0.13094203863361,0.2232,"13","single-stranded DNA binding protein 2"
"Atp13a4",-0.130905471863746,0.1832,"16","ATPase type 13A4"
"Serpine2",-0.130859871698111,0.6012,"1","serine (or cysteine) peptidase inhibitor, clade E, member 2"
"Zfand2b",-0.130850471192434,0.5088,"1","zinc finger, AN1 type domain 2B"
"A630072M18Rik",0.130833363164774,0.2996,"5","RIKEN cDNA A630072M18 gene"
"Ndst2",-0.130809891538443,0.416,"14","N-deacetylase/N-sulfotransferase (heparan glucosaminyl) 2"
"Sec61a1",-0.130790025969495,0.1328,"6","Sec61 alpha 1 subunit (S. cerevisiae)"
"Kif5c",0.130768515566967,0.3924,"2","kinesin family member 5C"
"Pex2",-0.130763090877542,0.0388,"3","peroxisomal biogenesis factor 2"
"Pcdh8",0.130763020393839,0.446,"14","protocadherin 8"
"Fbxo4",-0.130728347402066,0.2288,"15","F-box protein 4"
"Orc3",0.130705222248,0.172,"4","origin recognition complex, subunit 3"
"Atp8a1",0.130681341255878,0.3916,"5","ATPase, aminophospholipid transporter (APLT), class I, type 8A, member 1"
"Atg7",-0.130660615051855,0.0984,"6","autophagy related 7"
"Smim19",-0.130658588884063,0.3376,"8","small integral membrane protein 19"
"Zfp622",-0.130631815276118,0.4208,"15","zinc finger protein 622"
"Tmco4",0.130616352231805,0.4332,"4","transmembrane and coiled-coil domains 4"
"Ptprk",0.130601713084293,0.4636,"10","protein tyrosine phosphatase, receptor type, K"
"Dcakd",-0.130528455743838,0.5352,"11","dephospho-CoA kinase domain containing"
"Zfp94",-0.130479595740553,0.2716,"7","zinc finger protein 94"
"Gtf2e1",0.130459336482071,0.4784,"16","general transcription factor II E, polypeptide 1 (alpha subunit)"
"Usp25",0.130437754541127,0.454,"16","ubiquitin specific peptidase 25"
"Zfp367",0.130433028828636,0.382,"13","zinc finger protein 367"
"Rph3a",0.130418282922154,0.4916,"5","rabphilin 3A"
"Cic",0.130404274362563,0.2904,"7","capicua transcriptional repressor"
"Gabra1",0.130388929074098,0.626,"11","gamma-aminobutyric acid (GABA) A receptor, subunit alpha 1"
"Ovgp1",-0.130371622803029,0.5808,"3","oviductal glycoprotein 1"
"Grm3",-0.130369545795575,0.4608,"5","glutamate receptor, metabotropic 3"
"Aprt",-0.130346144888546,0.5792,"8","adenine phosphoribosyl transferase"
"Prpsap2",-0.130346119046583,0.2816,"11","phosphoribosyl pyrophosphate synthetase-associated protein 2"
"Man2b1",-0.130313021264302,0.312,"8","mannosidase 2, alpha B1"
"Ap2b1",0.130311814823004,0.2056,"11","adaptor-related protein complex 2, beta 1 subunit"
"Sparcl1",0.13028593717099,0.2712,"5","SPARC-like 1"
"Ccdc3",0.130270593416904,0.6696,"2","coiled-coil domain containing 3"
"Asb16",-0.130243112518599,0.692,"11","ankyrin repeat and SOCS box-containing 16"
"Fitm2",0.130215872772624,0.67,"2","fat storage-inducing transmembrane protein 2"
"Slitrk1",0.13021383158002,0.3092,"14","SLIT and NTRK-like family, member 1"
"Socs7",0.130125087485808,0.2272,"11","suppressor of cytokine signaling 7"
"Secisbp2",-0.130109524675134,0.362,"13","SECIS binding protein 2"
"Ern1",0.130096731941475,0.8264,"11","endoplasmic reticulum (ER) to nucleus signalling 1"
"Gria4",0.130080610107028,0.4284,"9","glutamate receptor, ionotropic, AMPA4 (alpha 4)"
"Jpx",-0.130068099788767,0.4656,"X","Jpx transcript, Xist activator (non-protein coding)"
"Hadha",-0.13004327747665,0.3156,"5","hydroxyacyl-CoA dehydrogenase trifunctional multienzyme complex subunit alpha"
"Klhl20",0.130040608775115,0.2424,"1","kelch-like 20"
"Ndufs6",-0.130026016271025,0.63,"13","NADH:ubiquinone oxidoreductase core subunit S6"
"Toe1",-0.12999007820767,0.2612,"4","target of EGR1, member 1 (nuclear)"
"Pcnt",0.129972642667516,0.1952,"10","pericentrin (kendrin)"
"Pwp1",0.129964298863372,0.2036,"10","PWP1 homolog, endonuclein"
"Cep290",0.129894020816025,0.6756,"10","centrosomal protein 290"
"Eif2d",-0.129860718113767,0.3016,"1","eukaryotic translation initiation factor 2D"
"Mettl3",-0.129843949675875,0.1152,"14","methyltransferase like 3"
"Cfb",-0.129816412488458,0.2868,"17","complement factor B"
"Ubac1",-0.129801753006322,0.4248,"2","ubiquitin associated domain containing 1"
"Pou3f2",0.129798967548729,0.522,"4","POU domain, class 3, transcription factor 2"
"Lhx9",0.129769928917787,0.2716,"1","LIM homeobox protein 9"
"Eef1a1",-0.129769147662515,0.4436,"9","eukaryotic translation elongation factor 1 alpha 1"
"Rnf19b",0.129767031673021,0.5032,"4","ring finger protein 19B"
"Efl1",0.129745665781622,0.3392,"7","elongation factor like GTPase 1"
"Kif2a",0.129712274667924,0.3524,"13","kinesin family member 2A"
"Slc39a14",0.129686205734987,0.178,"14","solute carrier family 39 (zinc transporter), member 14"
"Dennd1b",0.129648911421168,0.4868,"1","DENN/MADD domain containing 1B"
"Manba",0.129611160381866,0.4128,"3","mannosidase, beta A, lysosomal"
"Tnfsf12",-0.12959817058089,0.6416,"11","tumor necrosis factor (ligand) superfamily, member 12"
"2610005L07Rik",0.12956618215076,0.7076,"8","cadherin 11 pseudogene"
"Efcab14",0.129542181589821,0.07,"4","EF-hand calcium binding domain 14"
"Tmx2",-0.129480098977424,0.0512,"2","thioredoxin-related transmembrane protein 2"
"Jagn1",-0.129479342617713,0.2728,"6","jagunal homolog 1"
"Opa1",0.129475120986562,0.32,"16","OPA1, mitochondrial dynamin like GTPase"
"Birc2",0.129468250602266,0.3016,"9","baculoviral IAP repeat-containing 2"
"Sstr2",0.129440254808873,0.5084,"11","somatostatin receptor 2"
"Zfp493",-0.129393075528645,0.3876,"13","zinc finger protein 493"
"Gpbp1l1",0.12937009026962,0.16,"4","GC-rich promoter binding protein 1-like 1"
"Bckdhb",-0.12936630269578,0.2052,"9","branched chain ketoacid dehydrogenase E1, beta polypeptide"
"Rbm19",-0.129324021465244,0.1012,"5","RNA binding motif protein 19"
"Slc27a2",0.129318192438878,0.3872,"2","solute carrier family 27 (fatty acid transporter), member 2"
"Ints9",0.129305587594768,0.0696,"14","integrator complex subunit 9"
"Cul5",0.129265746618727,0.3148,"9","cullin 5"
"Bmp7",0.129262946437372,0.71,"2","bone morphogenetic protein 7"
"Zfp91",0.129198059283678,0.238,"19","zinc finger protein 91"
"Shld1",-0.129145756356849,0.4304,"2","shieldin complex subunit 1"
"Tpr",0.129144856996192,0.3648,"1","translocated promoter region, nuclear basket protein"
"Ifrd1",0.129081903593986,0.3748,"12","interferon-related developmental regulator 1"
"Map2k6",0.12906556386454,0.678,"11","mitogen-activated protein kinase kinase 6"
"Gpd1l",0.129040604221841,0.2032,"9","glycerol-3-phosphate dehydrogenase 1-like"
"Mtfr1",0.129037330717363,0.28,"3","mitochondrial fission regulator 1"
"Pxmp2",0.129015339858419,0.6032,"5","peroxisomal membrane protein 2"
"Evi5",0.128999636637144,0.1636,"5","ecotropic viral integration site 5"
"Agfg2",-0.12898471959037,0.174,"5","ArfGAP with FG repeats 2"
"Sesn2",-0.128979185313211,0.3552,"4","sestrin 2"
"Acsf3",-0.128940423351828,0.3376,"8","acyl-CoA synthetase family member 3"
"Plxnb3",-0.128929810964073,0.6752,"X","plexin B3"
"Las1l",-0.128921269641496,0.1256,"X","LAS1-like (S. cerevisiae)"
"Sox8",0.128869577696087,0.314,"17","SRY (sex determining region Y)-box 8"
"Rassf8",0.128858479982807,0.4056,"6","Ras association (RalGDS/AF-6) domain family (N-terminal) member 8"
"Etnk1",0.12885357144219,0.4928,"6","ethanolamine kinase 1"
"Plpbp",-0.128847469110176,0.1532,"8","pyridoxal phosphate binding protein"
"1110059G10Rik",-0.128842883188437,0.4552,"9","RIKEN cDNA 1110059G10 gene"
"Xk",0.1288422407846,0.1096,"X","X-linked Kx blood group"
"Nhlh1",-0.128812265253991,0.7228,"1","nescient helix loop helix 1"
"Hspa4",0.128789692947193,0.3784,"11","heat shock protein 4"
"Ccdc163",0.128741750175371,0.6588,"4","coiled-coil domain containing 163"
"Mbd4",0.128727008386752,0.5008,"6","methyl-CpG binding domain protein 4"
"Taok1",0.128717740544928,0.3404,"11","TAO kinase 1"
"Fpgs",-0.128693321353516,0.4132,"2","folylpolyglutamyl synthetase"
"Syt5",-0.128674413684292,0.628,"7","synaptotagmin V"
"Rap2a",0.128673648764224,0.0728,"14","RAS related protein 2a"
"Zfp52",0.128651349936568,0.2444,"17","zinc finger protein 52"
"Camk1d",0.128631430490749,0.3888,"2","calcium/calmodulin-dependent protein kinase ID"
"Dgka",-0.128628019151249,0.4612,"10","diacylglycerol kinase, alpha"
"Zfp609",0.128613019197139,0.3428,"9","zinc finger protein 609"
"Hspa5",0.12859161858665,0.5832,"2","heat shock protein 5"
"Pcdhb10",0.128547018263856,0.6068,"18","protocadherin beta 10"
"Ssbp1",-0.128540252540099,0.0884,"6","single-stranded DNA binding protein 1"
"Acp6",-0.128512842010818,0.3776,"3","acid phosphatase 6, lysophosphatidic"
"Lmna",-0.128504923212849,0.44,"3","lamin A"
"Smim11",-0.128445055997348,0.5928,"16","small integral membrane protein 11"
"Rab3d",0.128436284625894,0.062,"9","RAB3D, member RAS oncogene family"
"Aldoa",-0.128428491139497,0.444,"7","aldolase A, fructose-bisphosphate"
"Palld",-0.128427984495476,0.432,"8","palladin, cytoskeletal associated protein"
"Sh3bgrl3",-0.128396429966556,0.6492,"4","SH3 domain binding glutamic acid-rich protein-like 3"
"Napa",-0.128389581937165,0.4992,"7","N-ethylmaleimide sensitive fusion protein attachment protein alpha"
"Mrpl16",-0.128371795633686,0.4348,"19","mitochondrial ribosomal protein L16"
"Rnf113a1",-0.128274340091287,0.4268,"X","ring finger protein 113A1"
"Slc25a3",-0.128226394729019,0.2,"10","solute carrier family 25 (mitochondrial carrier, phosphate carrier), member 3"
"Pitpnc1",0.128205547674701,0.1248,"11","phosphatidylinositol transfer protein, cytoplasmic 1"
"Ror1",-0.128159622679802,0.6012,"4","receptor tyrosine kinase-like orphan receptor 1"
"Kcnc2",0.12814470481861,0.3084,"10","potassium voltage gated channel, Shaw-related subfamily, member 2"
"Tia1",0.128085352088886,0.4336,"6","cytotoxic granule-associated RNA binding protein 1"
"Pes1",-0.128080527837512,0.1116,"11","pescadillo ribosomal biogenesis factor 1"
"Ptpre",0.128067314892301,0.4976,"7","protein tyrosine phosphatase, receptor type, E"
"Zfp2",0.128063517656674,0.2296,"11","zinc finger protein 2"
"Slc15a2",-0.12803155843257,0.504,"16","solute carrier family 15 (H+/peptide transporter), member 2"
"Zfp729a",0.127991557593703,0.554,"13","zinc finger protein 729a"
"Gcsh",-0.127958632655855,0.6024,"8","glycine cleavage system protein H (aminomethyl carrier)"
"Cep78",-0.127957049238375,0.328,"19","centrosomal protein 78"
"Plcd3",-0.127935541655079,0.5996,"11","phospholipase C, delta 3"
"Cpne1",0.127876212247755,0.3752,"2","copine I"
"Marcksl1",-0.12787366165023,0.6756,"4","MARCKS-like 1"
"Stoml1",-0.12782473421744,0.3572,"9","stomatin-like 1"
"Wdpcp",-0.127795108230711,0.2148,"11","WD repeat containing planar cell polarity effector"
"Tgoln1",0.127794148404516,0.126,"6","trans-golgi network protein"
"Irgq",0.127790526113031,0.1572,"7","immunity-related GTPase family, Q"
"Eif2s1",0.127784325569015,0.3332,"12","eukaryotic translation initiation factor 2, subunit 1 alpha"
"Cnppd1",-0.127757425254657,0.0432,"1","cyclin Pas1/PHO80 domain containing 1"
"Xpo7",0.127737833625091,0.414,"14","exportin 7"
"Atf7ip",0.127736902613706,0.6344,"6","activating transcription factor 7 interacting protein"
"Hnrnpul2",0.127704478927959,0.1436,"19","heterogeneous nuclear ribonucleoprotein U-like 2"
"Pid1",0.127689761870714,0.168,"1","phosphotyrosine interaction domain containing 1"
"Kctd17",-0.127683780850264,0.2816,"15","potassium channel tetramerisation domain containing 17"
"Smc2",0.12768299154717,0.514,"4","structural maintenance of chromosomes 2"
"Eif3d",-0.127677445742418,0.3116,"15","eukaryotic translation initiation factor 3, subunit D"
"Ring1",-0.127676358278852,0.3048,"17","ring finger protein 1"
"Srcap",0.127628528525559,0.6268,"7","Snf2-related CREBBP activator protein"
"Herpud2",0.127625718354191,0.102,"9","HERPUD family member 2"
"Rell1",-0.127611402650313,0.2684,"5","RELT-like 1"
"Parp11",0.127593489966904,0.2836,"6","poly (ADP-ribose) polymerase family, member 11"
"Ech1",-0.127593424303866,0.5008,"7","enoyl coenzyme A hydratase 1, peroxisomal"
"Cygb",-0.127556132330773,0.334,"11","cytoglobin"
"2310011J03Rik",-0.127531158497724,0.6728,"10","RIKEN cDNA 2310011J03 gene"
"Ttll11",-0.127519008735044,0.0844,"2","tubulin tyrosine ligase-like family, member 11"
"Zfc3h1",0.127516729854372,0.6056,"10","zinc finger, C3H1-type containing"
"Rps27",-0.127471001683971,0.6392,"3","ribosomal protein S27"
"Stk16",-0.127467500015955,0.1732,"1","serine/threonine kinase 16"
"Pcolce2",0.127457191145801,0.5208,"9","procollagen C-endopeptidase enhancer 2"
"Mtmr1",0.1274245791576,0.354,"X","myotubularin related protein 1"
"Zdhhc12",-0.127422061003143,0.5976,"2","zinc finger, DHHC domain containing 12"
"Stk26",-0.127387627796975,0.7332,"X","serine/threonine kinase 26"
"Degs2",-0.127367773116964,0.7164,"12","delta(4)-desaturase, sphingolipid 2"
"Gpr12",0.127343081405852,0.2224,"5","G-protein coupled receptor 12"
"Uqcr11",-0.127317926737808,0.6424,"10","ubiquinol-cytochrome c reductase, complex III subunit XI"
"Fam184a",0.12728756326571,0.4032,"10","family with sequence similarity 184, member A"
"Wdr25",-0.127265465670587,0.5892,"12","WD repeat domain 25"
"Col19a1",0.127230521845625,0.7128,"1","collagen, type XIX, alpha 1"
"Nsf",0.127219559618359,0,"11","N-ethylmaleimide sensitive fusion protein"
"Gphn",0.127207463618753,0.27,"12","gephyrin"
"Dnajc16",0.127206416025923,0.71,"4","DnaJ heat shock protein family (Hsp40) member C16"
"Cep131",-0.127206404586892,0.3188,"11","centrosomal protein 131"
"Atp6v0b",-0.127193442665329,0.1956,"4","ATPase, H+ transporting, lysosomal V0 subunit B"
"Dcdc2a",0.12716712832991,0.32,"13","doublecortin domain containing 2a"
"Rmnd5a",0.127164234232453,0.0956,"6","required for meiotic nuclear division 5 homolog A"
"Mrto4",-0.127162377859423,0.3804,"4","mRNA turnover 4, ribosome maturation factor"
"Adra1d",0.127147614459375,0.1628,"2","adrenergic receptor, alpha 1d"
"Nek6",-0.12712578444948,0.4124,"2","NIMA (never in mitosis gene a)-related expressed kinase 6"
"Dtx3",-0.12711820860403,0.482,"10","deltex 3, E3 ubiquitin ligase"
"Supt6",0.127102042037759,0.1424,"11","SPT6, histone chaperone and transcription elongation factor"
"Rgs8",0.12700999326994,0.3832,"1","regulator of G-protein signaling 8"
"Trim59",0.126984618563737,0.51,"3","tripartite motif-containing 59"
"Snrnp40",-0.126971629185515,0.542,"4","small nuclear ribonucleoprotein 40 (U5)"
"Brd7",0.126882903183342,0,"8","bromodomain containing 7"
"Tmed8",0.126873308696214,0.546,"12","transmembrane p24 trafficking protein 8"
"Ddx42",0.126862786771243,0.2208,"11","DEAD box helicase 42"
"Srrd",-0.126841081890162,0.4952,"5","SRR1 domain containing"
"Slc1a2",0.126821475866329,0.464,"2","solute carrier family 1 (glial high affinity glutamate transporter), member 2"
"Tmem214",-0.126806144792101,0.3356,"5","transmembrane protein 214"
"Ube2v2",0.12675290351173,0.126,"16","ubiquitin-conjugating enzyme E2 variant 2"
"Ocrl",0.126739213435522,0.4416,"X","OCRL, inositol polyphosphate-5-phosphatase"
"Stn1",-0.12673065352401,0.5316,"19","STN1, CST complex subunit"
"Spred1",0.126719314794967,0.5516,"2","sprouty protein with EVH-1 domain 1, related sequence"
"Elmod2",0.126697022157758,0.2928,"8","ELMO/CED-12 domain containing 2"
"Mfsd14a",0.126627947702143,0.0148,"3","major facilitator superfamily domain containing 14A"
"Dnaaf5",-0.126622908256631,0.1616,"5","dynein, axonemal assembly factor 5"
"Cdk4",-0.126598914850388,0.2892,"10","cyclin-dependent kinase 4"
"Mpzl1",-0.126594575884392,0.298,"1","myelin protein zero-like 1"
"Napb",0.126589667988835,0.2624,"2","N-ethylmaleimide sensitive fusion protein attachment protein beta"
"Chml",0.126583621750327,0.4736,"1","choroideremia-like"
"Ric3",0.126551806364889,0.1904,"7","RIC3 acetylcholine receptor chaperone"
"Zfp975",0.126518417299525,0.4212,"7","zinc finger protein 975"
"Cers5",-0.126507262460194,0.2588,"15","ceramide synthase 5"
"Celf1",0.126453896392634,0.3804,"2","CUGBP, Elav-like family member 1"
"Aarsd1",-0.12633047696469,0.5564,"11","alanyl-tRNA synthetase domain containing 1"
"Gapvd1",0.126315916830772,0.222,"2","GTPase activating protein and VPS9 domains 1"
"Eml3",-0.126314894255501,0.282,"19","echinoderm microtubule associated protein like 3"
"Maz",-0.126282268388507,0.434,"7","MYC-associated zinc finger protein (purine-binding transcription factor)"
"Fads2",-0.126277549192054,0.5088,"19","fatty acid desaturase 2"
"Ctnnd1",0.126253884224649,0.1588,"2","catenin (cadherin associated protein), delta 1"
"Cacna2d1",0.126248851835268,0.244,"5","calcium channel, voltage-dependent, alpha2/delta subunit 1"
"B2m",0.126231054317821,0.5632,"2","beta-2 microglobulin"
"Leo1",0.126226448169711,0.2492,"9","Leo1, Paf1/RNA polymerase II complex component"
"Nf1",0.126217221480075,0.2404,"11","neurofibromin 1"
"Naa60",-0.126169217811569,0.3624,"16","N(alpha)-acetyltransferase 60, NatF catalytic subunit"
"Ntan1",-0.126152066661912,0.362,"16","N-terminal Asn amidase"
"Trim17",-0.126087045301662,0.5504,"11","tripartite motif-containing 17"
"Clic6",0.126069601940558,0.9412,"16","chloride intracellular channel 6"
"Arl1",0.126007461683647,0.4504,"10","ADP-ribosylation factor-like 1"
"Ssr3",0.125995456790116,0.3476,"3","signal sequence receptor, gamma"
"Pcdhb19",0.125987263466895,0.6816,"18","protocadherin beta 19"
"Pkn2",0.125978005302345,0.066,"3","protein kinase N2"
"Klc4",-0.125971909059282,0.1952,"17","kinesin light chain 4"
"Mrpl17",-0.125942055965132,0.2092,"7","mitochondrial ribosomal protein L17"
"Ubl5",-0.125935110525837,0.5992,"9","ubiquitin-like 5"
"Zbtb4",0.125885450601508,0.2132,"11","zinc finger and BTB domain containing 4"
"Plekhb1",-0.125797351221037,0.7548,"7","pleckstrin homology domain containing, family B (evectins) member 1"
"Cdkn1c",-0.125790017233433,0.8692,"7","cyclin-dependent kinase inhibitor 1C (P57)"
"Ak3",0.12576521597759,0.3052,"19","adenylate kinase 3"
"Htt",0.12575866139735,0.4076,"5","huntingtin"
"Ttl",0.125710536430035,0.0444,"2","tubulin tyrosine ligase"
"3300002P13Rik",-0.125706909837777,0.7564,"7","RIKEN cDNA 3300002P13 gene"
"U2af1",-0.12569981111741,0.3584,"17","U2 small nuclear ribonucleoprotein auxiliary factor (U2AF) 1"
"Ltbp3",-0.125657646837584,0.3484,"19","latent transforming growth factor beta binding protein 3"
"Get4",-0.125648320428121,0.234,"5","golgi to ER traffic protein 4"
"Zfp619",0.125539154570627,0.4336,"7","zinc finger protein 619"
"Fzd1",-0.125486908250124,0.2136,"5","frizzled class receptor 1"
"Lage3",-0.125465963854371,0.6468,"X","L antigen family, member 3"
"Mapkbp1",0.125462091913146,0.5744,"2","mitogen-activated protein kinase binding protein 1"
"Il17rd",-0.125432523971497,0.67,"14","interleukin 17 receptor D"
"Dhx8",0.125427215362895,0.0728,"11","DEAH (Asp-Glu-Ala-His) box polypeptide 8"
"Etv3",0.125421287022324,0.404,"3","ets variant 3"
"D6Wsu163e",0.125396961486564,0.0084,"6","DNA segment, Chr 6, Wayne State University 163, expressed"
"Cxxc1",-0.125354770606971,0.2664,"18","CXXC finger 1 (PHD domain)"
"Usp33",0.12533147214833,0.3772,"3","ubiquitin specific peptidase 33"
"Cpt2",-0.125330593413316,0.6316,"4","carnitine palmitoyltransferase 2"
"Pla2g5",-0.125286398965918,0.8864,"4","phospholipase A2, group V"
"Rere",0.125279351409789,0.5244,"4","arginine glutamic acid dipeptide (RE) repeats"
"Hint1",-0.125278830693059,0.3868,"11","histidine triad nucleotide binding protein 1"
"Zfp24",0.125273616412465,0.098,"18","zinc finger protein 24"
"Enox1",0.12525701035847,0.1156,"14","ecto-NOX disulfide-thiol exchanger 1"
"Zfp748",0.125255302944882,0.5356,"13","zinc finger protein 748"
"Zfp799",0.125184150815246,0.5768,"17","zinc finger protein 799"
"Atp6v1g1",-0.125167927335984,0.4168,"4","ATPase, H+ transporting, lysosomal V1 subunit G1"
"Dhx34",-0.125145003504006,0.2444,"7","DEAH (Asp-Glu-Ala-His) box polypeptide 34"
"Ccng2",0.12510674045137,0.4272,"5","cyclin G2"
"Tsc22d2",0.125050744725054,0.286,"3","TSC22 domain family, member 2"
"Miga2",-0.12505009121072,0.0396,"2","mitoguardin 2"
"Ice2",-0.125021104154746,0.5472,"9","interactor of little elongation complex ELL subunit 2"
"Phlpp1",0.124947846367402,0.1772,"1","PH domain and leucine rich repeat protein phosphatase 1"
"Acsl6",0.124891249144471,0.2012,"11","acyl-CoA synthetase long-chain family member 6"
"Ankrd13a",0.124876540734462,0.3948,"5","ankyrin repeat domain 13a"
"Dhfr",-0.124868729309277,0.298,"13","dihydrofolate reductase"
"Pak2",0.124858859823912,0.2288,"16","p21 (RAC1) activated kinase 2"
"Wnk1",0.124816995872646,0.4732,"6","WNK lysine deficient protein kinase 1"
"Gbe1",0.124775523049394,0.63,"16","glucan (1,4-alpha-), branching enzyme 1"
"Clpx",0.124758881454152,0.0636,"9","caseinolytic mitochondrial matrix peptidase chaperone subunit"
"Ddx5",0.124750158233997,0.464,"11","DEAD box helicase 5"
"Mrpl24",-0.124736406372448,0.4448,"3","mitochondrial ribosomal protein L24"
"4933434E20Rik",-0.12473027648366,0.1064,"3","RIKEN cDNA 4933434E20 gene"
"Atp6v1e1",-0.124729688506427,0.4112,"6","ATPase, H+ transporting, lysosomal V1 subunit E1"
"Psen2",-0.124718316589763,0.3212,"1","presenilin 2"
"1700019D03Rik",-0.124670672482334,0.454,"1","RIKEN cDNA 1700019D03 gene"
"Car2",-0.124658071773753,0.558,"3","carbonic anhydrase 2"
"Psmd4",-0.124652371592114,0.5752,"3","proteasome (prosome, macropain) 26S subunit, non-ATPase, 4"
"2810025M15Rik",-0.124635092853749,0.6656,"1","RIKEN cDNA 2810025M15 gene"
"Eaf1",-0.12459565794178,0.1216,"14","ELL associated factor 1"
"Acvr1b",0.12458919466174,0.1164,"15","activin A receptor, type 1B"
"Map1lc3b",-0.124546406774214,0.3856,"8","microtubule-associated protein 1 light chain 3 beta"
"Pisd",-0.124535457439324,0.1336,"5","phosphatidylserine decarboxylase"
"Drd1",0.124512106828828,0.7252,"13","dopamine receptor D1"
"Fjx1",-0.124500880877116,0.3988,"2","four jointed box 1"
"Gabarapl2",-0.124484538913113,0.2284,"8","gamma-aminobutyric acid (GABA) A receptor-associated protein-like 2"
"Slc32a1",0.124474362894047,0.8588,"2","solute carrier family 32 (GABA vesicular transporter), member 1"
"Cdc27",0.124468122231908,0.2484,"11","cell division cycle 27"
"Aurkaip1",-0.124466765548839,0.6208,"4","aurora kinase A interacting protein 1"
"Sfswap",-0.124465281142887,0.5532,"5","splicing factor SWAP"
"Dhrs11",-0.124456128405973,0.5048,"11","dehydrogenase/reductase (SDR family) member 11"
"Peli3",0.124453714578155,0.0984,"19","pellino 3"
"Igf2r",0.124423391050956,0.3276,"17","insulin-like growth factor 2 receptor"
"Nfib",0.124406189154787,0.1092,"4","nuclear factor I/B"
"Mrps9",-0.124401541462972,0.3196,"1","mitochondrial ribosomal protein S9"
"Sestd1",0.124395192636907,0.4672,"2","SEC14 and spectrin domains 1"
"Klhl32",0.124380332659406,0.6036,"4","kelch-like 32"
"Tarbp1",0.124367783969847,0.7532,"8","TAR RNA binding protein 1"
"Lclat1",0.124297000302,0.2912,"17","lysocardiolipin acyltransferase 1"
"Arfgap2",-0.124296145358712,0.6024,"2","ADP-ribosylation factor GTPase activating protein 2"
"Neurl1a",-0.124285142301538,0.4876,"19","neuralized E3 ubiquitin protein ligase 1A"
"Zfp931",-0.124278598386162,0.38,"2","zinc finger protein 931"
"Dmac2",-0.124268228766618,0.3676,"7","distal membrane arm assembly complex 2"
"Zfp57",0.124202167430742,0.6632,"17","zinc finger protein 57"
"Prps1l3",0.124158420254189,0.1568,"12","phosphoribosyl pyrophosphate synthetase 1-like 3"
"Taf1c",-0.124112522613939,0.4104,"8","TATA-box binding protein associated factor, RNA polymerase I, C"
"Ptk2b",0.124089700634197,0.0712,"14","PTK2 protein tyrosine kinase 2 beta"
"Dmap1",-0.12407680593731,0.4516,"4","DNA methyltransferase 1-associated protein 1"
"Zfyve19",-0.124028803280457,0.2124,"2","zinc finger, FYVE domain containing 19"
"Brd2",0.124028056110777,0.0532,"17","bromodomain containing 2"
"Hdac8",-0.124004509520203,0.2876,"X","histone deacetylase 8"
"Rala",0.123999111372105,0.1392,"13","v-ral simian leukemia viral oncogene A (ras related)"
"Mettl2",-0.123974742350292,0.196,"11","methyltransferase like 2"
"Banp",-0.123962343408714,0.6564,"8","BTG3 associated nuclear protein"
"Vps26c",-0.123936636080657,0.3812,"16","VPS26 endosomal protein sorting factor C"
"Idh1",0.123926053517025,0.3032,"1","isocitrate dehydrogenase 1 (NADP+), soluble"
"Rnf126",-0.123911494493576,0.5516,"10","ring finger protein 126"
"Mff",-0.123873945716097,0.3988,"1","mitochondrial fission factor"
"Lemd3",0.123870705782394,0.1016,"10","LEM domain containing 3"
"Arfrp1",-0.123852422844071,0.1504,"2","ADP-ribosylation factor related protein 1"
"Ercc6",0.123847718017249,0.6148,"14","excision repair cross-complementing rodent repair deficiency, complementation group 6"
"Malat1",0.123845148376246,0.7164,"19","metastasis associated lung adenocarcinoma transcript 1 (non-coding RNA)"
"Rgs16",0.123791771329216,0.7052,"1","regulator of G-protein signaling 16"
"Wsb2",-0.123759537926025,0.4576,"5","WD repeat and SOCS box-containing 2"
"Vash1",0.12374453253357,0.3404,"12","vasohibin 1"
"Dctn4",0.123725095439469,0.2592,"18","dynactin 4"
"Rnf10",-0.123721422047064,0.4264,"5","ring finger protein 10"
"Trpm7",0.123715097834417,0.512,"2","transient receptor potential cation channel, subfamily M, member 7"
"Slc39a11",-0.123689053230744,0.4308,"11","solute carrier family 39 (metal ion transporter), member 11"
"Ncald",-0.123683172552054,0.384,"15","neurocalcin delta"
"Rmi1",-0.123646731795919,0.2008,"13","RecQ mediated genome instability 1"
"Dusp11",-0.12362923586099,0.6964,"6","dual specificity phosphatase 11 (RNA/RNP complex 1-interacting)"
"Smox",0.123585423935535,0.4384,"2","spermine oxidase"
"Slc9a2",0.123566952898059,0.5428,"1","solute carrier family 9 (sodium/hydrogen exchanger), member 2"
"Hnrnpa2b1",0.123547033300063,0.3304,"6","heterogeneous nuclear ribonucleoprotein A2/B1"
"Echs1",-0.123542385246333,0.2596,"7","enoyl Coenzyme A hydratase, short chain, 1, mitochondrial"
"Ccdc157",0.12349039739839,0.4268,"11","coiled-coil domain containing 157"
"Ankrd9",0.123459795840294,0.5968,"12","ankyrin repeat domain 9"
"Natd1",0.123432095805114,0.12,"11","N-acetyltransferase domain containing 1"
"Pcyox1",0.123395336595659,0.148,"6","prenylcysteine oxidase 1"
"Rnf13",0.123353305453558,0.4492,"3","ring finger protein 13"
"Il16",0.123213932523402,0.4956,"7","interleukin 16"
"Ptgr2",-0.12312068091544,0.2736,"12","prostaglandin reductase 2"
"Zfp111",0.123115547923735,0.0432,"7","zinc finger protein 111"
"Pou6f1",-0.123089620061168,0.274,"15","POU domain, class 6, transcription factor 1"
"Lsm2",-0.123082631811696,0.6076,"17","LSM2 homolog, U6 small nuclear RNA and mRNA degradation associated"
"Ahcyl2",0.123073061215721,0.1616,"6","S-adenosylhomocysteine hydrolase-like 2"
"Dusp7",0.123047629406616,0.514,"9","dual specificity phosphatase 7"
"Ecsit",-0.123013258000192,0.5372,"9","ECSIT signalling integrator"
"Rttn",0.122993576050485,0.5764,"18","rotatin"
"Ubtd1",-0.122959781955087,0.4984,"19","ubiquitin domain containing 1"
"Tmem258",-0.122941440625688,0.4916,"19","transmembrane protein 258"
"Hmbox1",0.122930503769515,0.4636,"14","homeobox containing 1"
"Camk2n1",-0.122914142749412,0.6448,"4","calcium/calmodulin-dependent protein kinase II inhibitor 1"
"Ralgapa2",-0.122908396323,0.5624,"2","Ral GTPase activating protein, alpha subunit 2 (catalytic)"
"Med9",-0.122906054371161,0.4356,"11","mediator complex subunit 9"
"Cacfd1",-0.122805946603931,0.3332,"2","calcium channel flower domain containing 1"
"Atp13a1",-0.12279315864914,0.4032,"8","ATPase type 13A1"
"Twnk",-0.122774106297182,0.2528,"19","twinkle mtDNA helicase"
"C1qc",0.122772950631303,0.8708,"4","complement component 1, q subcomponent, C chain"
"Chka",-0.122758438273283,0.4084,"19","choline kinase alpha"
"Adamts1",0.122738779162784,0.488,"16","a disintegrin-like and metallopeptidase (reprolysin type) with thrombospondin type 1 motif, 1"
"Tmem86a",-0.122736763138709,0.5656,"7","transmembrane protein 86A"
"Mtfp1",-0.122725719105327,0.4108,"11","mitochondrial fission process 1"
"Cmtr2",-0.122697821533103,0.4584,"8","cap methyltransferase 2"
"Atg10",-0.122692020954342,0.2736,"13","autophagy related 10"
"Dtwd1",-0.12268217473199,0.3424,"2","DTW domain containing 1"
"Coq2",-0.122669506641972,0.3384,"5","coenzyme Q2 4-hydroxybenzoate polyprenyltransferase"
"Nrde2",0.122637106641802,0.156,"12","nrde-2 necessary for RNA interference, domain containing"
"Kansl1l",0.122637097883485,0.4404,"1","KAT8 regulatory NSL complex subunit 1-like"
"Msh2",0.122610129538173,0.3136,"17","mutS homolog 2"
"Dglucy",-0.122596268779876,0.4264,"12","D-glutamate cyclase"
"Rgs10",-0.122596015777562,0.384,"7","regulator of G-protein signalling 10"
"Setd2",0.122588639175158,0.4044,"9","SET domain containing 2"
"Blcap",-0.122586836052644,0.2388,"2","bladder cancer associated protein"
"Pex5l",0.12256261464635,0.4044,"3","peroxisomal biogenesis factor 5-like"
"Vegfb",-0.122554728550162,0.634,"19","vascular endothelial growth factor B"
"Gria1",0.122521169655526,0.1592,"11","glutamate receptor, ionotropic, AMPA1 (alpha 1)"
"Pard6a",-0.122480559551498,0.2588,"8","par-6 family cell polarity regulator alpha"
"Fastk",-0.122477033758035,0.366,"5","Fas-activated serine/threonine kinase"
"Polr1c",-0.122465201262223,0.43,"17","polymerase (RNA) I polypeptide C"
"Dnttip2",0.122451250266288,0.1036,"3","deoxynucleotidyltransferase, terminal, interacting protein 2"
"Pak1ip1",-0.122442669691296,0.2404,"13","PAK1 interacting protein 1"
"Asph",0.122427398331931,0.0908,"4","aspartate-beta-hydroxylase"
"Trim44",0.122420432023338,0.0544,"2","tripartite motif-containing 44"
"Psmb5",-0.122400211447532,0.5244,"14","proteasome (prosome, macropain) subunit, beta type 5"
"Ubxn6",-0.122364732744749,0.3112,"17","UBX domain protein 6"
"Slco3a1",0.122361299206194,0.3976,"7","solute carrier organic anion transporter family, member 3a1"
"Snap29",0.122355560032307,0.1816,"16","synaptosomal-associated protein 29"
"Zbtb10",0.122257577792614,0.4588,"3","zinc finger and BTB domain containing 10"
"Nup85",-0.122257190326336,0.144,"11","nucleoporin 85"
"C130046K22Rik",0.122242633458813,0.2804,"11","RIKEN cDNA C130046K22 gene"
"Klhl18",0.122222781991653,0.0272,"9","kelch-like 18"
"Tmem222",-0.12220543694618,0.446,"4","transmembrane protein 222"
"Kctd13",-0.122190467405434,0.6344,"7","potassium channel tetramerisation domain containing 13"
"Insig2",-0.122138152549564,0.2304,"1","insulin induced gene 2"
"Rasa1",0.122129674798241,0.3896,"13","RAS p21 protein activator 1"
"Marchf11",-0.122124475575033,0.6432,"15","membrane associated ring-CH-type finger 11"
"Fkbp1b",-0.122086611786132,0.5084,"12","FK506 binding protein 1b"
"Dus1l",-0.122067873247483,0.32,"11","dihydrouridine synthase 1-like (S. cerevisiae)"
"Psmg1",-0.122057927558385,0.5008,"16","proteasome (prosome, macropain) assembly chaperone 1"
"Sirt3",-0.122053421145134,0.5184,"7","sirtuin 3"
"Brd1",0.121943855642353,0.1784,"15","bromodomain containing 1"
"Synm",0.121934298472048,0.432,"7","synemin, intermediate filament protein"
"Tdrd7",-0.121880788875315,0.1284,"4","tudor domain containing 7"
"Yipf1",-0.121870965539473,0.3504,"4","Yip1 domain family, member 1"
"Efr3b",0.121859742984396,0.5492,"12","EFR3 homolog B"
"H2bc4",-0.121849756947385,0.676,"13","H2B clustered histone 4"
"Relt",0.121837613779519,0.6628,"7","RELT tumor necrosis factor receptor"
"Rap1b",0.121821030871438,0.2784,"10","RAS related protein 1b"
"Pdcd6ip",0.121813396729536,0.4592,"9","programmed cell death 6 interacting protein"
"Septin3",0.12180280951916,0.1956,"15","septin 3"
"Gpr173",0.121801469489911,0.0696,"X","G-protein coupled receptor 173"
"St18",0.121777711617323,0.5568,"1","suppression of tumorigenicity 18"
"Fan1",0.121767645680857,0.3784,"7","FANCD2/FANCI-associated nuclease 1"
"Bex2",-0.121765212215076,0.678,"X","brain expressed X-linked 2"
"Large1",0.121697692796623,0.2404,"8","LARGE xylosyl- and glucuronyltransferase 1"
"Gadd45b",-0.121683654564252,0.634,"10","growth arrest and DNA-damage-inducible 45 beta"
"Sae1",0.121587298018955,0.1312,"7","SUMO1 activating enzyme subunit 1"
"Gpr34",0.121568908610818,0.912,"X","G protein-coupled receptor 34"
"Ski",0.121553179917823,0.3916,"4","ski sarcoma viral oncogene homolog (avian)"
"Ccdc82",-0.121534710613978,0.3284,"9","coiled-coil domain containing 82"
"Mob3b",-0.121511491485712,0.7032,"4","MOB kinase activator 3B"
"Elovl4",0.121497370956609,0.0692,"9","elongation of very long chain fatty acids (FEN1/Elo2, SUR4/Elo3, yeast)-like 4"
"Nsmf",-0.121451376086458,0.5604,"2","NMDA receptor synaptonuclear signaling and neuronal migration factor"
"Cdk7",0.121360678826778,0.2396,"13","cyclin-dependent kinase 7"
"Itpr2",0.121333775949078,0.17,"6","inositol 1,4,5-triphosphate receptor 2"
"Tmem131",0.121307052683894,0.7504,"1","transmembrane protein 131"
"Ebp",-0.121306290873024,0.4572,"X","phenylalkylamine Ca2+ antagonist (emopamil) binding protein"
"Fbxo30",0.12126810796551,0.3432,"10","F-box protein 30"
"Nsmce4a",-0.121218270462592,0.456,"7","NSE4 homolog A, SMC5-SMC6 complex component"
"Dcaf17",0.121183838671192,0.6856,"2","DDB1 and CUL4 associated factor 17"
"Ranbp3",-0.121174260938042,0.208,"17","RAN binding protein 3"
"Tnfaip2",0.121161323955596,0.6984,"12","tumor necrosis factor, alpha-induced protein 2"
"Irf9",-0.121144978521273,0.5912,"14","interferon regulatory factor 9"
"Iqcc",-0.121127885190611,0.4784,"4","IQ motif containing C"
"Epha3",0.121085352549846,0.6124,"16","Eph receptor A3"
"Rmdn3",0.121050088428038,0.2192,"2","regulator of microtubule dynamics 3"
"Slc22a4",-0.121027546285038,0.7648,"11","solute carrier family 22 (organic cation transporter), member 4"
"Col5a2",0.121014914750119,0.6028,"1","collagen, type V, alpha 2"
"Zfp273",0.120924276870488,0.2676,"13","zinc finger protein 273"
"Slc12a6",0.120896925763249,0.2828,"2","solute carrier family 12, member 6"
"Togaram1",0.120840703834791,0.516,"12","TOG array regulator of axonemal microtubules 1"
"Smarca5",0.120817261926404,0.1476,"8","SWI/SNF related, matrix associated, actin dependent regulator of chromatin, subfamily a, member 5"
"Adgrb3",0.120811002911402,0.528,"1","adhesion G protein-coupled receptor B3"
"Fmo5",0.120783892089471,0.6032,"3","flavin containing monooxygenase 5"
"Mrpl27",-0.120761705295226,0.5328,"11","mitochondrial ribosomal protein L27"
"Mier2",-0.120754506757448,0.2652,"10","MIER family member 2"
"Pdp1",0.120728351852121,0.4536,"4","pyruvate dehydrogenase phosphatase catalytic subunit 1"
"Slc5a6",-0.120713186905771,0.4184,"5","solute carrier family 5 (sodium-dependent vitamin transporter), member 6"
"Faf1",-0.120712559889308,0.0712,"4","Fas-associated factor 1"
"Vps41",0.120700410869068,0.1888,"13","VPS41 HOPS complex subunit"
"Fam151b",-0.120692441039398,0.5212,"13","family with sequence similarity 151, member B"
"Ppp2r3a",0.120630510410951,0.422,"9","protein phosphatase 2, regulatory subunit B'', alpha"
"Celf2",0.120628005562708,0.3092,"2","CUGBP, Elav-like family member 2"
"Opa3",0.120622060103111,0.106,"7","optic atrophy 3"
"Cdh11",0.120577465836809,0.2164,"8","cadherin 11"
"Kbtbd11",0.12055531712734,0.1708,"8","kelch repeat and BTB (POZ) domain containing 11"
"Napg",0.120553452537993,0.1028,"18","N-ethylmaleimide sensitive fusion protein attachment protein gamma"
"Hapln4",-0.120510264233075,0.472,"8","hyaluronan and proteoglycan link protein 4"
"Phf20l1",0.120505420963938,0.5116,"15","PHD finger protein 20-like 1"
"Aldh18a1",-0.120504313026077,0.2196,"19","aldehyde dehydrogenase 18 family, member A1"
"Runx2",0.120488620179755,0.5556,"17","runt related transcription factor 2"
"Khdrbs2",0.120476899085098,0.4224,"1","KH domain containing, RNA binding, signal transduction associated 2"
"Thap4",-0.120456918111397,0.4412,"1","THAP domain containing 4"
"Agpat5",0.120387363327947,0.064,"8","1-acylglycerol-3-phosphate O-acyltransferase 5 (lysophosphatidic acid acyltransferase, epsilon)"
"Morf4l2",0.120378560064387,0.0824,"X","mortality factor 4 like 2"
"Ctdsp2",-0.120359346666695,0.2528,"10","CTD (carboxy-terminal domain, RNA polymerase II, polypeptide A) small phosphatase 2"
"Srsf3",-0.120357079722202,0.344,"17","serine and arginine-rich splicing factor 3"
"Ywhae",0.120351226373565,0.2208,"11","tyrosine 3-monooxygenase/tryptophan 5-monooxygenase activation protein, epsilon polypeptide"
"Srsf9",-0.120317218211846,0.3976,"5","serine and arginine-rich splicing factor 9"
"Pgf",-0.120314325545595,0.3724,"12","placental growth factor"
"Rgs5",-0.12030938329912,0.7224,"1","regulator of G-protein signaling 5"
"Mcam",-0.120288232487408,0.614,"9","melanoma cell adhesion molecule"
"Wipf1",0.120277752435472,0.4824,"2","WAS/WASL interacting protein family, member 1"
"Ntng1",-0.120274486789398,0.2712,"3","netrin G1"
"Dgkd",0.120264173547747,0.528,"1","diacylglycerol kinase, delta"
"5330434G04Rik",0.120185176945335,0.654,"X","RIKEN cDNA 5330434G04 gene"
"Map4k4",0.120163112474879,0.3912,"1","mitogen-activated protein kinase kinase kinase kinase 4"
"Plcd1",-0.120158641628822,0.3312,"9","phospholipase C, delta 1"
"Psma6",-0.120146447975433,0.2988,"12","proteasome subunit alpha 6"
"Stt3a",0.120128976224123,0.3388,"9","STT3, subunit of the oligosaccharyltransferase complex, homolog A (S. cerevisiae)"
"Lgi4",-0.120089309710597,0.5072,"7","leucine-rich repeat LGI family, member 4"
"Rbm24",0.120086635841538,0.4488,"13","RNA binding motif protein 24"
"2510039O18Rik",-0.120049633355132,0.366,"4","RIKEN cDNA 2510039O18 gene"
"Serinc2",-0.120046106513511,0.5424,"4","serine incorporator 2"
"Tpm4",-0.120044401351685,0.4016,"8","tropomyosin 4"
"Usp46",0.120025194644061,0.268,"5","ubiquitin specific peptidase 46"
"Snrpb2",-0.120021550284134,0.2856,"2","U2 small nuclear ribonucleoprotein B"
"Arhgap5",0.11998289687265,0.5364,"12","Rho GTPase activating protein 5"
"Fbl",-0.119951451142183,0.3792,"7","fibrillarin"
"Pafah1b1",0.11993440956004,0.148,"11","platelet-activating factor acetylhydrolase, isoform 1b, subunit 1"
"Lpin2",0.119931261234064,0.3428,"17","lipin 2"
"Jazf1",0.119926900281414,0.0696,"6","JAZF zinc finger 1"
"S1pr3",-0.119925057191084,0.5164,"13","sphingosine-1-phosphate receptor 3"
"Slc16a2",-0.119874471853708,0.2644,"X","solute carrier family 16 (monocarboxylic acid transporters), member 2"
"Ptpn6",0.119874042858463,0.9256,"6","protein tyrosine phosphatase, non-receptor type 6"
"Rimkla",-0.119833410244018,0.508,"4","ribosomal modification protein rimK-like family member A"
"Ndufa12",-0.119833394784482,0.6256,"10","NADH:ubiquinone oxidoreductase subunit A12"
"Commd9",-0.119795129836771,0.6144,"2","COMM domain containing 9"
"Depdc5",0.119780124188461,0.394,"5","DEP domain containing 5"
"Shisa9",0.119775628240729,0.1124,"16","shisa family member 9"
"Chst8",-0.119756317105967,0.2644,"7","carbohydrate sulfotransferase 8"
"Ccp110",0.119755137614328,0.5488,"7","centriolar coiled coil protein 110"
"Gm1043",0.119745753748704,0.8496,"5","predicted gene 1043"
"Ism1",0.119737206725318,0.2832,"2","isthmin 1, angiogenesis inhibitor"
"Bckdha",-0.119725549463497,0.5264,"7","branched chain ketoacid dehydrogenase E1, alpha polypeptide"
"Tmbim1",-0.119701427693086,0.598,"1","transmembrane BAX inhibitor motif containing 1"
"Hk2",0.119693755612637,0.5576,"6","hexokinase 2"
"Papola",0.119684631587756,0.1616,"12","poly (A) polymerase alpha"
"Cbx4",0.119684175922411,0.2132,"11","chromobox 4"
"Snrpb",-0.119676479967462,0.3052,"2","small nuclear ribonucleoprotein B"
"Sirt1",0.11965835844881,0.2812,"10","sirtuin 1"
"Zfp397",0.1196411458387,0.694,"18","zinc finger protein 397"
"Armc6",-0.119625775879338,0.4644,"8","armadillo repeat containing 6"
"Tmem121b",0.119618699842743,0.3248,"6","transmembrane protein 121B"
"Lyn",0.119557665961472,0.816,"4","LYN proto-oncogene, Src family tyrosine kinase"
"Rarg",0.119543752867075,0.38,"15","retinoic acid receptor, gamma"
"B9d2",-0.119512751484503,0.5696,"7","B9 protein domain 2"
"Dab2",-0.119461660621459,0.6964,"15","disabled 2, mitogen-responsive phosphoprotein"
"Tmem119",-0.119446565435062,0.8116,"5","transmembrane protein 119"
"Dusp15",-0.119427482221693,0.6176,"2","dual specificity phosphatase-like 15"
"Atraid",-0.119402875336371,0.3284,"5","all-trans retinoic acid induced differentiation factor"
"Peak1",0.119383340996793,0.5424,"9","pseudopodium-enriched atypical kinase 1"
"Ddx10",0.119383338283379,0.32,"9","DEAD box helicase 10"
"Aifm3",-0.119369954687979,0.4536,"16","apoptosis-inducing factor, mitochondrion-associated 3"
"Col4a2",0.119344362969839,0.7028,"8","collagen, type IV, alpha 2"
"Ubb",-0.119329686372319,0.48,"11","ubiquitin B"
"Dusp10",0.119294504608641,0.5724,"1","dual specificity phosphatase 10"
"Tlcd1",-0.119285280764121,0.518,"11","TLC domain containing 1"
"Dusp16",0.119235993967479,0.3612,"6","dual specificity phosphatase 16"
"Zfp654",0.119220444836428,0.4876,"16","zinc finger protein 654"
"Nckap1",0.119182818938146,0.2452,"2","NCK-associated protein 1"
"Lrp5",0.119143278906035,0.5344,"19","low density lipoprotein receptor-related protein 5"
"Dvl2",-0.11907516394058,0.5952,"11","dishevelled segment polarity protein 2"
"Tgfa",0.119042822834164,0.5164,"6","transforming growth factor alpha"
"Ppp1r12c",-0.119026393658098,0.2964,"7","protein phosphatase 1, regulatory subunit 12C"
"Glul",0.119026200742905,0.5812,"1","glutamate-ammonia ligase (glutamine synthetase)"
"Rwdd3",-0.118955581016748,0.4336,"3","RWD domain containing 3"
"Stimate",-0.118935949685783,0.2668,"14","STIM activating enhancer"
"Myef2",0.118892466958963,0.4884,"2","myelin basic protein expression factor 2, repressor"
"Six5",-0.118888410569849,0.6292,"7","sine oculis-related homeobox 5"
"Man1a",0.118886295548701,0.668,"10","mannosidase 1, alpha"
"Srd5a3",-0.118884520182208,0.4276,"5","steroid 5 alpha-reductase 3"
"Mmp24",0.118874826897991,0.194,"2","matrix metallopeptidase 24"
"Fam120c",0.118836893862174,0.246,"X","family with sequence similarity 120, member C"
"Rasd2",-0.118815851819184,0.5644,"8","RASD family, member 2"
"Enoph1",-0.118793559287914,0.5356,"5","enolase-phosphatase 1"
"Alkbh5",0.118765038680809,0.1372,"11","alkB homolog 5, RNA demethylase"
"Rnaseh2b",-0.118749481608175,0.3992,"14","ribonuclease H2, subunit B"
"Slc25a53",0.118702789518998,0.318,"X","solute carrier family 25, member 53"
"B3galt5",0.118668770029417,0.312,"16","UDP-Gal:betaGlcNAc beta 1,3-galactosyltransferase, polypeptide 5"
"Insm1",0.118581623525585,0.5016,"2","insulinoma-associated 1"
"Spr",-0.118564339148939,0.6368,"6","sepiapterin reductase"
"Csnk1a1",0.118556046789024,0.202,"18","casein kinase 1, alpha 1"
"Myo19",-0.118512079839693,0.722,"11","myosin XIX"
"Snip1",-0.118505850341718,0.25,"4","Smad nuclear interacting protein 1"
"Ptpn9",0.118491479036348,0.1012,"9","protein tyrosine phosphatase, non-receptor type 9"
"Nfrkb",-0.118480666602956,0.576,"9","nuclear factor related to kappa B binding protein"
"Slc7a5",-0.118474872596889,0.2556,"8","solute carrier family 7 (cationic amino acid transporter, y+ system), member 5"
"Rpl23",-0.118473768172055,0.7184,"11","ribosomal protein L23"
"Naxe",-0.118456225934111,0.404,"3","NAD(P)HX epimerase"
"Susd4",-0.118442039228044,0.3792,"1","sushi domain containing 4"
"Dstyk",0.118435465222452,0.568,"1","dual serine/threonine and tyrosine protein kinase"
"Ciao2a",-0.118397573003305,0.434,"9","cytosolic iron-sulfur assembly component 2A"
"Htr5b",-0.118390689813692,0.7804,"1","5-hydroxytryptamine (serotonin) receptor 5B"
"Tceal8",-0.118356272649421,0.4644,"X","transcription elongation factor A (SII)-like 8"
"Slc35a3",0.118355072867375,0.4856,"3","solute carrier family 35 (UDP-N-acetylglucosamine (UDP-GlcNAc) transporter), member 3"
"Med16",-0.118349444184524,0.4612,"10","mediator complex subunit 16"
"Ube2j1",0.118342794328424,0.1088,"4","ubiquitin-conjugating enzyme E2J 1"
"Pcdhgb5",0.118328068421816,0.7588,"18","protocadherin gamma subfamily B, 5"
"2810029C07Rik",-0.118307402256494,0.2616,"12","RIKEN cDNA 2810029C07 gene"
"Eps15l1",0.118299508610881,0.3256,"8","epidermal growth factor receptor pathway substrate 15-like 1"
"Zfpl1",-0.118285654117191,0.3336,"19","zinc finger like protein 1"
"Rpl15",-0.118256451376936,0.466,"14","ribosomal protein L15"
"Aplf",0.118216167289974,0.05,"6","aprataxin and PNKP like factor"
"Tmed7",0.118201687805673,0.2936,"18","transmembrane p24 trafficking protein 7"
"E2f5",-0.118196533347564,0.4056,"3","E2F transcription factor 5"
"Gnas",-0.118184687004415,0.4784,"2","GNAS (guanine nucleotide binding protein, alpha stimulating) complex locus"
"Gtpbp3",-0.118179898125677,0.1628,"8","GTP binding protein 3"
"Rfx2",-0.118160109581957,0.46,"17","regulatory factor X, 2 (influences HLA class II expression)"
"Ciao1",0.118111812749846,0.152,"2","cytosolic iron-sulfur protein assembly 1"
"Nat8f4",0.118075903816265,0.2504,"6","N-acetyltransferase 8 (GCN5-related) family member 4"
"Mrps12",-0.118071264246825,0.6712,"7","mitochondrial ribosomal protein S12"
"Atm",0.118024019935738,0.6692,"9","ataxia telangiectasia mutated"
"Adhfe1",-0.11802348781769,0.4148,"1","alcohol dehydrogenase, iron containing, 1"
"Ubb-ps",-0.118019980049164,0.2704,"14","ubiquitin B, pseudogene"
"Cnot6l",0.117997914891536,0.3216,"5","CCR4-NOT transcription complex, subunit 6-like"
"Ubqln1",0.117992511449166,0.0244,"13","ubiquilin 1"
"Tns1",0.11797403987558,0.7272,"1","tensin 1"
"Ipo8",0.117906990855992,0.2632,"6","importin 8"
"Ankzf1",-0.117843628818959,0.508,"1","ankyrin repeat and zinc finger domain containing 1"
"Ttc12",-0.117838806211586,0.7076,"9","tetratricopeptide repeat domain 12"
"Itgbl1",0.117837121367522,0.7492,"14","integrin, beta-like 1"
"C9orf72",0.117833979725509,0.1068,"4","C9orf72, member of C9orf72-SMCR8 complex"
"Slc31a1",-0.117769502111595,0.538,"4","solute carrier family 31, member 1"
"Notch3",-0.11775057682847,0.7068,"17","notch 3"
"Heatr6",-0.117720237623762,0.4308,"11","HEAT repeat containing 6"
"Pop5",-0.117719559788248,0.6364,"5","processing of precursor 5, ribonuclease P/MRP family (S. cerevisiae)"
"Col7a1",-0.117519749746674,0.7932,"9","collagen, type VII, alpha 1"
"Cep162",0.11747508713575,0.5996,"9","centrosomal protein 162"
"Taok3",0.117455882165946,0.0428,"5","TAO kinase 3"
"Atp2b4",-0.11744188154176,0.4852,"1","ATPase, Ca++ transporting, plasma membrane 4"
"Wsb1",0.117432545967269,0.624,"11","WD repeat and SOCS box-containing 1"
"Gpr85",0.117351673101027,0.0732,"6","G protein-coupled receptor 85"
"Jak3",0.11730428623641,0.4992,"8","Janus kinase 3"
"Rcan1",-0.117291901325874,0.4168,"16","regulator of calcineurin 1"
"Taf1",0.117283691893155,0.4904,"X","TATA-box binding protein associated factor 1"
"Tyw3",0.117283621293348,0.3652,"3","tRNA-yW synthesizing protein 3 homolog (S. cerevisiae)"
"Jrkl",0.117270527186421,0.364,"9","Jrk-like"
"Aldh4a1",-0.117265595124955,0.3368,"4","aldehyde dehydrogenase 4 family, member A1"
"Poc1a",-0.117244780350221,0.6068,"9","POC1 centriolar protein A"
"Rab11fip1",0.117199629965131,0.804,"8","RAB11 family interacting protein 1 (class I)"
"Mkln1",0.117194214435212,0.6168,"6","muskelin 1, intracellular mediator containing kelch motifs"
"Minpp1",-0.117190400885577,0.0612,"19","multiple inositol polyphosphate histidine phosphatase 1"
"Mecr",-0.117174562589067,0.4268,"4","mitochondrial trans-2-enoyl-CoA reductase"
"Sec11a",-0.117171533871701,0.508,"7","SEC11 homolog A, signal peptidase complex subunit"
"Iqsec1",0.117120554101408,0.2464,"6","IQ motif and Sec7 domain 1"
"Pnoc",-0.117080957308221,0.5828,"14","prepronociceptin"
"Btbd11",0.117073343125174,0.9048,"10","BTB (POZ) domain containing 11"
"Yipf4",0.117018280027201,0.1736,"17","Yip1 domain family, member 4"
"Ppp4r4",0.117015756824185,0.6312,"12","protein phosphatase 4, regulatory subunit 4"
"Kdm5a",0.117003411849709,0.4304,"6","lysine (K)-specific demethylase 5A"
"Mir124a-1hg",-0.116990321452592,0.7332,"14","Mir124-1 host gene (non-protein coding)"
"Eya1",0.116954155590428,0.3828,"1","EYA transcriptional coactivator and phosphatase 1"
"Nos1ap",0.116946850510717,0.3512,"1","nitric oxide synthase 1 (neuronal) adaptor protein"
"Vezf1",0.116933376099148,0.3008,"11","vascular endothelial zinc finger 1"
"Adam15",-0.116932251200086,0.358,"3","a disintegrin and metallopeptidase domain 15 (metargidin)"
"Ltn1",0.116919307683591,0.6176,"16","listerin E3 ubiquitin protein ligase 1"
"Zfp383",-0.116912003872198,0.3772,"7","zinc finger protein 383"
"Ep400",0.116897947785647,0.5528,"5","E1A binding protein p400"
"Phldb2",-0.11689179504941,0.718,"16","pleckstrin homology like domain, family B, member 2"
"Sdhd",-0.116876956020628,0.2928,"9","succinate dehydrogenase complex, subunit D, integral membrane protein"
"Ube2d-ps",-0.11686947305221,0.5692,"11","ubiquitin-conjugating enzyme E2D, pseudogene"
"Maob",0.116861882409052,0.514,"X","monoamine oxidase B"
"Kcnd1",-0.116853975603456,0.3408,"X","potassium voltage-gated channel, Shal-related family, member 1"
"Kctd1",0.116838121358451,0.228,"18","potassium channel tetramerisation domain containing 1"
"Sipa1l1",0.11679773854431,0.3236,"12","signal-induced proliferation-associated 1 like 1"
"Mtg1",-0.116796296388234,0.4396,"7","mitochondrial ribosome-associated GTPase 1"
"Pced1b",-0.116789289846437,0.4788,"15","PC-esterase domain containing 1B"
"Syt4",0.116714640754695,0.2544,"18","synaptotagmin IV"
"Tmem38b",-0.116704787350258,0.594,"4","transmembrane protein 38B"
"Uvssa",0.116627728019246,0.6256,"5","UV stimulated scaffold protein A"
"Efs",-0.116623276288375,0.362,"14","embryonal Fyn-associated substrate"
"Supt16",0.116611866650297,0.3692,"14","SPT16, facilitates chromatin remodeling subunit"
"Tfb2m",0.11658041401096,0.274,"1","transcription factor B2, mitochondrial"
"Maf1",-0.116553444019728,0.4476,"15","MAF1 homolog, negative regulator of RNA polymerase III"
"Kcnb1",0.116545288013958,0.4652,"2","potassium voltage gated channel, Shab-related subfamily, member 1"
"Nup214",0.116527726790623,0.3792,"2","nucleoporin 214"
"Pglyrp1",-0.116520083826429,0.7276,"7","peptidoglycan recognition protein 1"
"Dnttip1",-0.11651770701544,0.324,"2","deoxynucleotidyltransferase, terminal, interacting protein 1"
"Magohb",0.116512614232466,0.4908,"6","mago homolog B, exon junction complex core component"
"Pkib",0.116511763245025,0.1768,"10","protein kinase inhibitor beta, cAMP dependent, testis specific"
"Dlg3",0.116485473544792,0.1124,"X","discs large MAGUK scaffold protein 3"
"Tmub2",-0.116475974672596,0.1748,"11","transmembrane and ubiquitin-like domain containing 2"
"Ssh1",0.116472484603602,0.3904,"5","slingshot protein phosphatase 1"
"Amt",-0.116467157136203,0.4728,"9","aminomethyltransferase"
"Pus1",0.116464790905078,0.192,"5","pseudouridine synthase 1"
"Fcgr3",0.11644414733319,0.8508,"1","Fc receptor, IgG, low affinity III"
"Gls",0.116443530939016,0.316,"1","glutaminase"
"Gnl1",-0.116432604256536,0.4116,"17","guanine nucleotide binding protein-like 1"
"Snx14",0.116423085153967,0.5656,"9","sorting nexin 14"
"Umps",-0.116379752015712,0.2336,"16","uridine monophosphate synthetase"
"Brpf3",0.116377780055935,0.3268,"17","bromodomain and PHD finger containing, 3"
"Otud6b",0.116350617542713,0.2596,"4","OTU domain containing 6B"
"Dido1",0.116326579515433,0.5872,"2","death inducer-obliterator 1"
"Mc4r",-0.116321088439844,0.6512,"18","melanocortin 4 receptor"
"Gpr146",0.116252556966167,0.2352,"5","G protein-coupled receptor 146"
"Rnf220",-0.116249260987663,0.6232,"4","ring finger protein 220"
"Panx2",-0.116226116679307,0.55,"15","pannexin 2"
"Igfbp5",0.116212811905068,0.2372,"1","insulin-like growth factor binding protein 5"
"Prkd1",0.116188455999741,0.2224,"12","protein kinase D1"
"Amigo3",-0.116151152202968,0.7372,"9","adhesion molecule with Ig like domain 3"
"Bhlhe22",0.116143586288335,0.2796,"3","basic helix-loop-helix family, member e22"
"Cct8",0.116112526847809,0.1472,"16","chaperonin containing Tcp1, subunit 8 (theta)"
"Zik1",0.116076399359573,0.3912,"7","zinc finger protein interacting with K protein 1"
"P2rx4",-0.116074891516439,0.2728,"5","purinergic receptor P2X, ligand-gated ion channel 4"
"Gse1",0.116070543466058,0.5024,"8","genetic suppressor element 1, coiled-coil protein"
"Zfyve28",-0.11602068661259,0.402,"5","zinc finger, FYVE domain containing 28"
"Mtmr12",0.116007211153417,0.4276,"15","myotubularin related protein 12"
"Dusp6",0.115999312291294,0.5908,"10","dual specificity phosphatase 6"
"Entr1",-0.115987086325799,0.4408,"2","endosome associated trafficking regulator 1"
"Adam23",0.11598575866214,0.21,"1","a disintegrin and metallopeptidase domain 23"
"Gmpr",-0.115965882595948,0.5696,"13","guanosine monophosphate reductase"
"Akt3",0.115904899871083,0.1712,"1","thymoma viral proto-oncogene 3"
"Dcaf4",-0.115900082976523,0.33,"12","DDB1 and CUL4 associated factor 4"
"Sgcd",0.115874621888136,0.6408,"11","sarcoglycan, delta (dystrophin-associated glycoprotein)"
"Usp11",0.115852782034557,0.4144,"X","ubiquitin specific peptidase 11"
"Raf1",-0.115837554549666,0.1664,"6","v-raf-leukemia viral oncogene 1"
"Tmem237",0.115782579817767,0.446,"1","transmembrane protein 237"
"Akt1s1",-0.115781352543093,0.5816,"7","AKT1 substrate 1 (proline-rich)"
"Zfp955a",0.115759855106236,0.5496,"17","zinc finger protein 955A"
"Wipi1",-0.115738966639841,0.6464,"11","WD repeat domain, phosphoinositide interacting 1"
"Pxylp1",0.115697454051505,0.2024,"9","2-phosphoxylose phosphatase 1"
"Acvr1c",0.115678794131774,0.3976,"2","activin A receptor, type IC"
"Pdia3",0.115665180063181,0.3872,"2","protein disulfide isomerase associated 3"
"Tcta",-0.115660977065208,0.3036,"9","T cell leukemia translocation altered gene"
"Snx17",-0.115656641895839,0.3708,"5","sorting nexin 17"
"Slc25a27",-0.115655409697799,0.4684,"17","solute carrier family 25, member 27"
"Nsun6",-0.115636199472762,0.5692,"2","NOL1/NOP2/Sun domain family member 6"
"Asb6",-0.115630639918872,0.294,"2","ankyrin repeat and SOCS box-containing 6"
"Prpf38b",0.115570050877174,0.4476,"3","PRP38 pre-mRNA processing factor 38 (yeast) domain containing B"
"Inpp1",0.115569649144342,0.3112,"1","inositol polyphosphate-1-phosphatase"
"Rspry1",0.115554176819458,0.2676,"8","ring finger and SPRY domain containing 1"
"Ttc39b",0.115537189568296,0.564,"4","tetratricopeptide repeat domain 39B"
"Grhpr",-0.115511486760637,0.5536,"4","glyoxylate reductase/hydroxypyruvate reductase"
"Nasp",0.115480718648161,0.2512,"4","nuclear autoantigenic sperm protein (histone-binding)"
"Srbd1",0.115479791956624,0.2712,"17","S1 RNA binding domain 1"
"Srpk2",0.115390642778745,0.3364,"5","serine/arginine-rich protein specific kinase 2"
"Faah",-0.115367687444843,0.384,"4","fatty acid amide hydrolase"
"Ttpa",-0.115346830299604,0.5768,"4","tocopherol (alpha) transfer protein"
"Kpna6",0.115326420239852,0.3036,"4","karyopherin (importin) alpha 6"
"Lrrtm4",0.115300701017603,0.0708,"6","leucine rich repeat transmembrane neuronal 4"
"Filip1l",0.115296130023063,0.7612,"16","filamin A interacting protein 1-like"
"Utp6",0.115295179798753,0.0284,"11","UTP6 small subunit processome component"
"Plcb3",-0.115284475378811,0.3264,"19","phospholipase C, beta 3"
"Zfp672",-0.115283883672999,0.31,"11","zinc finger protein 672"
"Rnh1",-0.115220818398273,0.4536,"7","ribonuclease/angiogenin inhibitor 1"
"Myl12a",-0.115193965194998,0.4408,"17","myosin, light chain 12A, regulatory, non-sarcomeric"
"Maged2",-0.1151598516711,0.4428,"X","MAGE family member D2"
"Alpk1",-0.11510976932039,0.7956,"3","alpha-kinase 1"
"4632404H12Rik",-0.115094289326642,0.4632,"3","RIKEN cDNA 4632404H12 gene"
"Ldlr",-0.115083933186547,0.7276,"9","low density lipoprotein receptor"
"Arfgef2",0.115062415636452,0.3624,"2","ADP-ribosylation factor guanine nucleotide-exchange factor 2 (brefeldin A-inhibited)"
"Lrrc41",-0.115062101499652,0.1644,"4","leucine rich repeat containing 41"
"Vkorc1l1",0.115043322273727,0.0232,"5","vitamin K epoxide reductase complex, subunit 1-like 1"
"Pfas",-0.115039728123837,0.654,"11","phosphoribosylformylglycinamidine synthase (FGAR amidotransferase)"
"Peli1",0.115029578117787,0.1336,"11","pellino 1"
"Snhg8",-0.115028026345266,0.7164,"3","small nucleolar RNA host gene 8"
"Gm5113",0.115008974351522,0.1032,"7","predicted gene 5113"
"Arf5",-0.114950904829362,0.666,"6","ADP-ribosylation factor 5"
"Cyfip1",0.114941473529306,0.436,"7","cytoplasmic FMR1 interacting protein 1"
"Ppp1r26",0.114908726712305,0.5288,"2","protein phosphatase 1, regulatory subunit 26"
"Trank1",-0.114879307394075,0.6704,"9","tetratricopeptide repeat and ankyrin repeat containing 1"
"Id4",0.114837405832041,0.5872,"13","inhibitor of DNA binding 4"
"Fam222b",0.114829518581717,0.1508,"11","family with sequence similarity 222, member B"
"Gtf2h5",-0.11476853653889,0.5052,"17","general transcription factor IIH, polypeptide 5"
"Maml2",0.114750215430743,0.2528,"9","mastermind like transcriptional coactivator 2"
"Thbd",0.114744859394271,0.8668,"2","thrombomodulin"
"Hs3st4",0.114726121899706,0.574,"7","heparan sulfate (glucosamine) 3-O-sulfotransferase 4"
"Rgs17",0.114715823623354,0.2292,"10","regulator of G-protein signaling 17"
"Gm14410",0.114648463252549,0.6696,"2","predicted gene 14410"
"Shfl",-0.114614536373519,0.478,"9","shiftless antiviral inhibitor of ribosomal frameshifting"
"Kcnj9",-0.114598086584206,0.4008,"1","potassium inwardly-rectifying channel, subfamily J, member 9"
"Washc5",0.114589703997362,0.5172,"15","WASH complex subunit 5"
"Zfp74",0.114581114132251,0.5592,"7","zinc finger protein 74"
"Vgll4",-0.114567606409478,0.2008,"6","vestigial like family member 4"
"Timm17b",-0.114561251763545,0.5316,"X","translocase of inner mitochondrial membrane 17b"
"Bccip",-0.11454248509045,0.272,"7","BRCA2 and CDKN1A interacting protein"
"Galt",-0.114534981024676,0.4056,"4","galactose-1-phosphate uridyl transferase"
"Cntnap1",0.114501221142307,0.2676,"11","contactin associated protein-like 1"
"Umad1",0.114442995869129,0.4632,"6","UMAP1-MVP12 associated (UMA) domain containing 1"
"Nfyc",-0.114441116831792,0.4164,"4","nuclear transcription factor-Y gamma"
"1190007I07Rik",-0.114439356346663,0.6016,"10","RIKEN cDNA 1190007I07 gene"
"Pex7",0.114406595076017,0.1928,"10","peroxisomal biogenesis factor 7"
"Fstl4",0.114391273033388,0.7516,"11","follistatin-like 4"
"Rpl37rt",-0.114306250154964,0.7784,"5","ribosomal protein L37, retrotransposed"
"2610044O15Rik8",-0.114295689891792,0.1592,"8","RIKEN cDNA 2610044O15 gene"
"Dtx4",0.114290048122915,0.3056,"19","deltex 4, E3 ubiquitin ligase"
"Acyp2",-0.114272585339617,0.5312,"11","acylphosphatase 2, muscle type"
"Slc25a25",-0.114235248793982,0.4164,"2","solute carrier family 25 (mitochondrial carrier, phosphate carrier), member 25"
"Ncbp3",0.114232605408422,0.4476,"11","nuclear cap binding subunit 3"
"Kif3c",0.114209628809892,0.0164,"12","kinesin family member 3C"
"Hmg20b",-0.114151600367467,0.5108,"10","high mobility group 20B"
"Mpc2",-0.114127023057675,0.5352,"1","mitochondrial pyruvate carrier 2"
"Retreg3",-0.114108645975401,0.236,"11","reticulophagy regulator family member 3"
"Lyrm9",0.114106843938823,0.552,"11","LYR motif containing 9"
"Sppl2b",-0.114086501019625,0.4328,"10","signal peptide peptidase like 2B"
"Klhl11",0.114074253291091,0.6092,"11","kelch-like 11"
"Marchf2",-0.114062245383825,0.4896,"17","membrane associated ring-CH-type finger 2"
"Bcl7c",-0.114034118729234,0.5988,"7","B cell CLL/lymphoma 7C"
"Rps15a",-0.114026726485036,0.4476,"7","ribosomal protein S15A"
"Pbx3",-0.114009411071001,0.5964,"2","pre B cell leukemia homeobox 3"
"Marveld1",-0.114008780767225,0.6084,"19","MARVEL (membrane-associating) domain containing 1"
"Dop1b",0.113995775042352,0.4292,"16","DOP1 leucine zipper like protein B"
"Szt2",-0.113973207544943,0.7128,"4","SZT2 subunit of KICSTOR complex"
"Entpd1",0.113972904055396,0.8264,"19","ectonucleoside triphosphate diphosphohydrolase 1"
"Stat6",-0.113970835554121,0.4572,"10","signal transducer and activator of transcription 6"
"Jag2",-0.113952279877564,0.416,"12","jagged 2"
"Dhrs4",-0.113928280357284,0.5576,"14","dehydrogenase/reductase (SDR family) member 4"
"Pik3c3",0.113926320735394,0.2612,"18","phosphatidylinositol 3-kinase catalytic subunit type 3"
"Bnip3",0.113918965706122,0.3672,"7","BCL2/adenovirus E1B interacting protein 3"
"Dhx38",0.113915684545961,0.382,"8","DEAH (Asp-Glu-Ala-His) box polypeptide 38"
"Reep1",0.113898566481758,0.1476,"6","receptor accessory protein 1"
"Pds5a",0.113898308584606,0.5296,"5","PDS5 cohesin associated factor A"
"Luc7l3",0.113868664976287,0.5284,"11","LUC7-like 3 (S. cerevisiae)"
"Serp2",-0.113855049534475,0.6464,"14","stress-associated endoplasmic reticulum protein family member 2"
"Rfng",0.113811088121532,0.4904,"11","RFNG O-fucosylpeptide 3-beta-N-acetylglucosaminyltransferase"
"Smim13",0.113802948626986,0.0532,"13","small integral membrane protein 13"
"Plxdc2",0.113746488801801,0.556,"2","plexin domain containing 2"
"Sgpp2",-0.113737284411046,0.8096,"1","sphingosine-1-phosphate phosphatase 2"
"Polb",0.113722878503925,0.2444,"8","polymerase (DNA directed), beta"
"Dnajc30",-0.113696909130656,0.5184,"5","DnaJ heat shock protein family (Hsp40) member C30"
"Nceh1",0.113694867326066,0.3352,"3","neutral cholesterol ester hydrolase 1"
"Polr2b",0.113680773311207,0.518,"5","polymerase (RNA) II (DNA directed) polypeptide B"
"Elfn2",0.113655571044605,0.48,"15","leucine rich repeat and fibronectin type III, extracellular 2"
"Rpf1",0.113617638845613,0.3188,"3","ribosome production factor 1 homolog"
"Hyou1",0.11361162891937,0.3256,"9","hypoxia up-regulated 1"
"Thada",0.113551971079331,0.4816,"17","thyroid adenoma associated"
"Rrp1b",-0.113534789620985,0.5388,"17","ribosomal RNA processing 1B"
"Exoc7",-0.113528161793471,0.162,"11","exocyst complex component 7"
"Cab39l",-0.113527405657321,0.6272,"14","calcium binding protein 39-like"
"Svop",-0.113521003127784,0.3924,"5","SV2 related protein"
"Gramd2",-0.113369384222402,0.5796,"9","GRAM domain containing 2"
"Maip1",-0.113353150746725,0.2576,"1","matrix AAA peptidase interacting protein 1"
"Mtmr7",0.113340635937457,0.5852,"8","myotubularin related protein 7"
"Mrgbp",-0.113336380322164,0.3996,"2","MRG/MORF4L binding protein"
"Ppp1r2",0.11333147494515,0.1896,"16","protein phosphatase 1, regulatory inhibitor subunit 2"
"Glmn",0.113304723806752,0.7072,"5","glomulin, FKBP associated protein"
"Eif2b2",-0.113270012364192,0.4064,"12","eukaryotic translation initiation factor 2B, subunit 2 beta"
"Lrch3",0.113269805042936,0.7396,"16","leucine-rich repeats and calponin homology (CH) domain containing 3"
"Tbc1d12",0.11325225471168,0.0808,"19","TBC1D12: TBC1 domain family, member 12"
"Pdf",-0.113247469681897,0.5784,"8","peptide deformylase (mitochondrial)"
"Ddx47",-0.11324481972222,0.2212,"6","DEAD box helicase 47"
"Sbno1",0.113238414188931,0.3,"5","strawberry notch 1"
"Id2",0.113225676123118,0.5928,"12","inhibitor of DNA binding 2"
"Atl1",0.113208801529591,0.3368,"12","atlastin GTPase 1"
"Otx1",0.113191033625214,0.3648,"11","orthodenticle homeobox 1"
"Akap10",0.113160754391465,0.5876,"11","A kinase (PRKA) anchor protein 10"
"Adck1",-0.113139355296313,0.1464,"12","aarF domain containing kinase 1"
"Lrp8",0.113028740059294,0.5012,"4","low density lipoprotein receptor-related protein 8, apolipoprotein e receptor"
"Sdhc",-0.112949909209401,0.5188,"1","succinate dehydrogenase complex, subunit C, integral membrane protein"
"Sardh",-0.112939409938455,0.5696,"2","sarcosine dehydrogenase"
"Grk4",0.112936789733612,0.64,"5","G protein-coupled receptor kinase 4"
"Lsm6",-0.112918492076805,0.5752,"8","LSM6 homolog, U6 small nuclear RNA and mRNA degradation associated"
"Prkrip1",-0.112874008555219,0.4688,"5","Prkr interacting protein 1 (IL11 inducible)"
"Cfap69",-0.112857814130201,0.6512,"5","cilia and flagella associated protein 69"
"Foxj3",0.11284390897158,0.2764,"4","forkhead box J3"
"Slc26a4",-0.112827038647106,0.1184,"12","solute carrier family 26, member 4"
"Gm19410",-0.112816027034794,0.7492,"8","predicted gene, 19410"
"Fmnl2",0.112769416009476,0.1668,"2","formin-like 2"
"Rrm2b",0.112765503977788,0.4792,"15","ribonucleotide reductase M2 B (TP53 inducible)"
"Clns1a",-0.112764578161458,0.3772,"7","chloride channel, nucleotide-sensitive, 1A"
"Akna",0.112744283368563,0.8068,"4","AT-hook transcription factor"
"Riox1",0.112727564055124,0.4564,"12","ribosomal oxygenase 1"
"6430548M08Rik",0.112703279100145,0.3084,"8","RIKEN cDNA 6430548M08 gene"
"Mapk7",-0.112651861260517,0.5584,"11","mitogen-activated protein kinase 7"
"Rnf20",0.112614759393152,0.478,"4","ring finger protein 20"
"Coro1b",-0.112595729705455,0.4528,"19","coronin, actin binding protein 1B"
"Ecpas",0.112576252756369,0.2704,"4","Ecm29 proteasome adaptor and scaffold"
"Mrps35",-0.112558332671361,0.5128,"6","mitochondrial ribosomal protein S35"
"Mia2",0.112504894787198,0.2512,"12","MIA SH3 domain ER export factor 2"
"Bckdk",-0.112495577455323,0.284,"7","branched chain ketoacid dehydrogenase kinase"
"Tubg1",-0.112490535225195,0.43,"11","tubulin, gamma 1"
"Ssu72",-0.112432521886065,0.5808,"4","Ssu72 RNA polymerase II CTD phosphatase homolog (yeast)"
"Sec22b",0.112428988359746,0.2648,"3","SEC22 homolog B, vesicle trafficking protein"
"Nmnat2",0.112316062553686,0.0436,"1","nicotinamide nucleotide adenylyltransferase 2"
"Iars2",-0.112301901020124,0.1048,"1","isoleucine-tRNA synthetase 2, mitochondrial"
"Fgf9",0.112296993843601,0.2936,"14","fibroblast growth factor 9"
"Hnrnpa1",-0.112293104927693,0.6032,"15","heterogeneous nuclear ribonucleoprotein A1"
"Fosb",-0.112273292797739,0.8032,"7","FBJ osteosarcoma oncogene B"
"Rsph4a",-0.11224458723216,0.8756,"10","radial spoke head 4 homolog A (Chlamydomonas)"
"Dld",0.112207230669537,0.35,"12","dihydrolipoamide dehydrogenase"
"Zap70",0.112168948319227,0.518,"1","zeta-chain (TCR) associated protein kinase"
"Hmces",-0.112166087321365,0.6044,"6","5-hydroxymethylcytosine (hmC) binding, ES cell specific"
"Arhgap21",0.112149319520258,0.5372,"2","Rho GTPase activating protein 21"
"Per3",-0.112139020603593,0.5492,"4","period circadian clock 3"
"Fzd2",0.112117980228591,0.5864,"11","frizzled class receptor 2"
"Pdk2",0.112092062466747,0.3776,"11","pyruvate dehydrogenase kinase, isoenzyme 2"
"Dagla",0.112071740999777,0.3156,"19","diacylglycerol lipase, alpha"
"C2cd3",0.111957976353433,0.058,"7","C2 calcium-dependent domain containing 3"
"Ttc21a",0.111911866233321,0.812,"9","tetratricopeptide repeat domain 21A"
"Trmt10a",-0.111899424007728,0.1896,"3","tRNA methyltransferase 10A"
"Wfdc1",-0.111890506792429,0.4908,"8","WAP four-disulfide core domain 1"
"Ppia",-0.11188332119492,0.5384,"11","peptidylprolyl isomerase A"
"Atp5g3",-0.111851701352281,0.466,"2","ATP synthase, H+ transporting, mitochondrial F0 complex, subunit C3 (subunit 9)"
"Tceanc2",0.111848683879494,0.2012,"4","transcription elongation factor A (SII) N-terminal and central domain containing 2"
"Atp13a2",-0.111841968026329,0.2412,"4","ATPase type 13A2"
"Cdyl",0.111833906136108,0.4656,"13","chromodomain protein, Y chromosome-like"
"Hfe",-0.111822751872554,0.7312,"13","homeostatic iron regulator"
"Nampt",0.111815781110323,0.4836,"12","nicotinamide phosphoribosyltransferase"
"Errfi1",0.111767902759306,0.52,"4","ERBB receptor feedback inhibitor 1"
"Atp10d",-0.111761664925564,0.7224,"5","ATPase, class V, type 10D"
"Ankrd35",-0.111754985519915,0.3836,"3","ankyrin repeat domain 35"
"Stam2",0.111739761681639,0.6484,"2","signal transducing adaptor molecule (SH3 domain and ITAM motif) 2"
"Zfp30",0.111736408007763,0.6312,"7","zinc finger protein 30"
"Tnfaip1",-0.111728778998792,0.1276,"11","tumor necrosis factor, alpha-induced protein 1 (endothelial)"
"Abca3",0.111718934461718,0.6276,"17","ATP-binding cassette, sub-family A (ABC1), member 3"
"Tbc1d30",0.111695015964938,0.4532,"10","TBC1 domain family, member 30"
"Glra2",0.111686526092575,0.4644,"X","glycine receptor, alpha 2 subunit"
"Rnf170",0.111656914287222,0.4088,"8","ring finger protein 170"
"Ikbkg",0.111650973847116,0.1904,"X","inhibitor of kappaB kinase gamma"
"Aox1",-0.111627141995875,0.5488,"1","aldehyde oxidase 1"
"2310022B05Rik",-0.111580878957356,0.496,"8","RIKEN cDNA 2310022B05 gene"
"Hspe1",-0.11155658618461,0.622,"1","heat shock protein 1 (chaperonin 10)"
"Uggt1",0.111554661866135,0.2976,"1","UDP-glucose glycoprotein glucosyltransferase 1"
"Mospd3",-0.11155334492822,0.5476,"5","motile sperm domain containing 3"
"Dnajc13",0.111472985984222,0.4744,"9","DnaJ heat shock protein family (Hsp40) member C13"
"Pts",-0.111455287820836,0.5428,"9","6-pyruvoyl-tetrahydropterin synthase"
"Mfsd13a",-0.111385536169908,0.3692,"19","major facilitator superfamily domain containing 13a"
"Trpc1",0.111385388735424,0.3512,"9","transient receptor potential cation channel, subfamily C, member 1"
"Phf14",0.111382165511507,0.188,"6","PHD finger protein 14"
"Ywhaz",0.111335589092649,0.6476,"15","tyrosine 3-monooxygenase/tryptophan 5-monooxygenase activation protein, zeta polypeptide"
"Amigo1",0.111324802015721,0.1668,"3","adhesion molecule with Ig like domain 1"
"Rrp7a",-0.111287714146808,0.28,"15","ribosomal RNA processing 7 homolog A"
"Rasl10b",-0.111252275090466,0.654,"11","RAS-like, family 10, member B"
"Gid4",0.111237543009476,0.6476,"11","GID complex subunit 4, VID24 homolog"
"Lingo2",0.111236118143538,0.5784,"4","leucine rich repeat and Ig domain containing 2"
"Ccar1",0.111220652082252,0.2008,"10","cell division cycle and apoptosis regulator 1"
"Enah",0.111215172190188,0.3,"1","ENAH actin regulator"
"Cavin2",0.111175683325943,0.66,"1","caveolae associated 2"
"Tnfrsf1a",0.111170195139241,0.8048,"6","tumor necrosis factor receptor superfamily, member 1a"
"Slc39a3",-0.111131985280372,0.1924,"10","solute carrier family 39 (zinc transporter), member 3"
"Zscan26",-0.111069982845175,0.4924,"13","zinc finger and SCAN domain containing 26"
"Vps35",0.111033232443719,0.364,"8","VPS35 retromer complex component"
"Mdga1",0.111023565253482,0.2712,"17","MAM domain containing glycosylphosphatidylinositol anchor 1"
"Ivd",-0.11100860560344,0.1572,"2","isovaleryl coenzyme A dehydrogenase"
"F11r",0.111007798062027,0.8516,"1","F11 receptor"
"Zfp646",0.110998710811092,0.4572,"7","zinc finger protein 646"
"Ankrd29",0.110995785570421,0.3408,"18","ankyrin repeat domain 29"
"Rara",-0.110994227565998,0.6132,"11","retinoic acid receptor, alpha"
"Polr1d",-0.110988819683851,0.552,"5","polymerase (RNA) I polypeptide D"
"Sec62",0.110970231342239,0.2664,"3","SEC62 homolog (S. cerevisiae)"
"Zfp93",-0.110942965402156,0.566,"7","zinc finger protein 93"
"Crim1",0.110892071786433,0.464,"17","cysteine rich transmembrane BMP regulator 1 (chordin like)"
"Ilf3",-0.110853281888572,0.1568,"9","interleukin enhancer binding factor 3"
"Slc9a3r1",-0.110836752914508,0.6552,"11","solute carrier family 9 (sodium/hydrogen exchanger), member 3 regulator 1"
"Hnrnph1",0.110835898816823,0.4868,"11","heterogeneous nuclear ribonucleoprotein H1"
"Ssb",0.110794634701189,0.1416,"2","small RNA binding exonuclease protection factor La"
"Sypl2",0.110772748326561,0.3408,"3","synaptophysin-like 2"
"Ghr",-0.110724755897949,0.1992,"15","growth hormone receptor"
"Pcbp3",-0.110719107358284,0.2008,"10","poly(rC) binding protein 3"
"Pou3f3",0.110617353508409,0.4576,"1","POU domain, class 3, transcription factor 3"
"Trappc4",-0.110617189981209,0.2952,"9","trafficking protein particle complex 4"
"Emc9",-0.110565449091497,0.566,"14","ER membrane protein complex subunit 9"
"Slc9a6",0.110557897507777,0.3372,"X","solute carrier family 9 (sodium/hydrogen exchanger), member 6"
"Zfp108",0.110547865475659,0.2124,"7","zinc finger protein 108"
"Otud7a",0.110545046394531,0.038,"7","OTU domain containing 7A"
"Tfg",0.110523441782614,0.1268,"16","Trk-fused gene"
"Chrna5",-0.110518425174281,0.678,"9","cholinergic receptor, nicotinic, alpha polypeptide 5"
"Epb41l1",0.110499434928702,0.4124,"2","erythrocyte membrane protein band 4.1 like 1"
"Mbd6",-0.110495881068546,0.6876,"10","methyl-CpG binding domain protein 6"
"Gabra3",-0.110435739405166,0.7348,"X","gamma-aminobutyric acid (GABA) A receptor, subunit alpha 3"
"Tmem8b",0.11041584836696,0.1572,"4","transmembrane protein 8B"
"Kcnh2",0.110391741208244,0.7924,"5","potassium voltage-gated channel, subfamily H (eag-related), member 2"
"Ttc1",-0.110391707027737,0.2956,"11","tetratricopeptide repeat domain 1"
"Snx5",-0.110379818140535,0.3444,"2","sorting nexin 5"
"Smarcc2",0.110341575348382,0.1988,"10","SWI/SNF related, matrix associated, actin dependent regulator of chromatin, subfamily c, member 2"
"Tef",-0.110333163568496,0.3416,"15","thyrotroph embryonic factor"
"Timeless",0.110294354805051,0.6332,"10","timeless circadian clock 1"
"Efna5",-0.110273035651834,0.6968,"17","ephrin A5"
"Eif4g2",0.110264111005076,0.2124,"7","eukaryotic translation initiation factor 4, gamma 2"
"Tep1",0.110249114439013,0.7708,"14","telomerase associated protein 1"
"Tbcc",-0.110215068103785,0.5868,"17","tubulin-specific chaperone C"
"Glis2",0.11020936224472,0.4512,"16","GLIS family zinc finger 2"
"Nck1",0.110200049574303,0.4184,"9","non-catalytic region of tyrosine kinase adaptor protein 1"
"Trp53i13",-0.110183042200102,0.6024,"11","transformation related protein 53 inducible protein 13"
"Cpeb2",0.11015767105784,0.3884,"5","cytoplasmic polyadenylation element binding protein 2"
"Nme3",-0.110149429489343,0.5752,"17","NME/NM23 nucleoside diphosphate kinase 3"
"Sp1",0.11013623932091,0.5136,"15","trans-acting transcription factor 1"
"Nap1l2",0.110099503489549,0.4196,"X","nucleosome assembly protein 1-like 2"
"Ncor2",0.110094623686948,0.6084,"5","nuclear receptor co-repressor 2"
"Adam22",0.110073667145352,0.3936,"5","a disintegrin and metallopeptidase domain 22"
"Ndufaf6",-0.109980729135175,0.5092,"4","NADH:ubiquinone oxidoreductase complex assembly factor 6"
"Nek4",0.109923707233659,0.2216,"14","NIMA (never in mitosis gene a)-related expressed kinase 4"
"Fgd6",0.109918711710516,0.3668,"10","FYVE, RhoGEF and PH domain containing 6"
"Rrp15",-0.109894733331783,0.4164,"1","ribosomal RNA processing 15 homolog"
"Pafah1b2",0.109847602372177,0.1844,"9","platelet-activating factor acetylhydrolase, isoform 1b, subunit 2"
"Osbpl10",0.109846722615403,0.3204,"9","oxysterol binding protein-like 10"
"Purb",0.109831145930686,0.5032,"11","purine rich element binding protein B"
"Neurod2",0.109823637840964,0.5488,"11","neurogenic differentiation 2"
"Cebpa",0.109793710103049,0.4228,"7","CCAAT/enhancer binding protein (C/EBP), alpha"
"Pomgnt1",-0.109792891833442,0.2244,"4","protein O-linked mannose beta 1,2-N-acetylglucosaminyltransferase"
"Pomgnt1",-0.109792891833442,0.2244,"4","protein O-linked mannose beta 1,2-N-acetylglucosaminyltransferase"
"Slc25a1",-0.109792337283565,0.4928,"16","solute carrier family 25 (mitochondrial carrier, citrate transporter), member 1"
"Lrrc47",-0.109726803025173,0.3488,"4","leucine rich repeat containing 47"
"Pfdn4",-0.109693666789096,0.61,"2","prefoldin 4"
"Coro1c",0.10968429534465,0.2428,"5","coronin, actin binding protein 1C"
"Cmtm3",-0.109659039916518,0.4244,"8","CKLF-like MARVEL transmembrane domain containing 3"
"Ncapd3",0.109653285943268,0.4596,"9","non-SMC condensin II complex, subunit D3"
"Kif1c",-0.109652744202754,0.6616,"11","kinesin family member 1C"
"Pcnx3",-0.109651810662366,0.3836,"19","pecanex homolog 3"
"Gabrg2",0.109624260160324,0.3812,"11","gamma-aminobutyric acid (GABA) A receptor, subunit gamma 2"
"Mnt",0.109623615191714,0.3684,"11","max binding protein"
"Eln",-0.109592167734384,0.5792,"5","elastin"
"Etv6",0.109580179814913,0.4004,"6","ets variant 6"
"Zfpm1",-0.109575841600125,0.5804,"8","zinc finger protein, multitype 1"
"Wwp2",-0.109571833405849,0.1668,"8","WW domain containing E3 ubiquitin protein ligase 2"
"Atp6v1c1",0.109570311506393,0.2664,"15","ATPase, H+ transporting, lysosomal V1 subunit C1"
"Lin7a",0.109558496579515,0.4036,"10","lin-7 homolog A, crumbs cell polarity complex component"
"Lamp2",0.109552994370572,0.4024,"X","lysosomal-associated membrane protein 2"
"Pip5k1a",0.109552580753343,0.2636,"3","phosphatidylinositol-4-phosphate 5-kinase, type 1 alpha"
"Gtpbp4",0.109551595944645,0.3308,"13","GTP binding protein 4"
"Eme2",0.109548362242223,0.4624,"17","essential meiotic structure-specific endonuclease subunit 2"
"Rrp8",0.109548253260018,0.3444,"7","ribosomal RNA processing 8"
"Timm44",-0.109539817064053,0.1084,"8","translocase of inner mitochondrial membrane 44"
"Nudcd1",0.109513625322559,0.5012,"15","NudC domain containing 1"
"Trp53inp1",0.109504484969658,0.6132,"4","transformation related protein 53 inducible nuclear protein 1"
"Abcb6",-0.109498629431227,0.3296,"1","ATP-binding cassette, sub-family B (MDR/TAP), member 6"
"Eloc",-0.109498627346151,0.5072,"1","elongin C"
"Zfp950",-0.109477873636408,0.6676,"19","zinc finger protein 950"
"Pdha1",0.109443510369779,0.1092,"X","pyruvate dehydrogenase E1 alpha 1"
"Srpk1",0.109442647516413,0.528,"17","serine/arginine-rich protein specific kinase 1"
"Ddx19b",0.109406697004987,0.5692,"8","DEAD box helicase 19b"
"Efna2",0.109403078936235,0.524,"10","ephrin A2"
"Timmdc1",-0.109380489075208,0.4172,"16","translocase of inner mitochondrial membrane domain containing 1"
"Trpm2",-0.109376220827061,0.416,"10","transient receptor potential cation channel, subfamily M, member 2"
"Dmtf1",0.109353309244256,0.5696,"5","cyclin D binding myb like transcription factor 1"
"Smarcd3",-0.10934749857034,0.3276,"5","SWI/SNF related, matrix associated, actin dependent regulator of chromatin, subfamily d, member 3"
"Cdk5rap3",-0.109337855675242,0.344,"11","CDK5 regulatory subunit associated protein 3"
"Rab5b",0.109298544687986,0.1636,"10","RAB5B, member RAS oncogene family"
"Nufip1",-0.109287971026033,0.4236,"14","nuclear FMR1 interacting protein 1"
"Tdo2",0.109285400828445,0.6224,"3","tryptophan 2,3-dioxygenase"
"Prr7",-0.109276629105214,0.634,"13","proline rich 7 (synaptic)"
"Isca2",-0.109272401730719,0.4252,"12","iron-sulfur cluster assembly 2"
"Lyrm7",-0.1092333076571,0.2808,"11","LYR motif containing 7"
"Idh2",0.109181135642614,0.512,"7","isocitrate dehydrogenase 2 (NADP+), mitochondrial"
"Ikzf4",0.109166504469993,0.428,"10","IKAROS family zinc finger 4"
"Fmn1",0.109158009207222,0.6004,"2","formin 1"
"Smg7",0.109130517037066,0.2784,"1","SMG7 nonsense mediated mRNA decay factor"
"Mchr1",0.109112446043356,0.174,"15","melanin-concentrating hormone receptor 1"
"Aldh16a1",-0.109083001347468,0.5932,"7","aldehyde dehydrogenase 16 family, member A1"
"Sort1",0.109022337131099,0.0796,"3","sortilin 1"
"Aldh1a1",-0.109018288243511,0.7528,"19","aldehyde dehydrogenase family 1, subfamily A1"
"Aldh1a1",-0.109018288243511,0.7528,"19","aldehyde dehydrogenase family 1, subfamily A1"
"Resf1",0.108998950020262,0.252,"6","retroelement silencing factor 1"
"Slc36a4",0.108994545672401,0.3024,"9","solute carrier family 36 (proton/amino acid symporter), member 4"
"Stk38l",0.108975082343535,0.3384,"6","serine/threonine kinase 38 like"
"Ppp2r5e",0.108921526406058,0.1548,"12","protein phosphatase 2, regulatory subunit B', epsilon"
"Lrrc75a",-0.108905688618692,0.6996,"11","leucine rich repeat containing 75A"
"Man2b2",-0.108877315244126,0.1788,"5","mannosidase 2, alpha B2"
"Ppp4r3b",0.10884958491572,0.3308,"11","protein phosphatase 4 regulatory subunit 3B"
"Cdk20",-0.108827940893703,0.3488,"13","cyclin-dependent kinase 20"
"Cfap100",-0.108820097084559,0.6208,"6","cilia and flagella associated protein 100"
"Itga8",-0.108796845944951,0.6904,"2","integrin alpha 8"
"Dtx2",-0.108757224781908,0.4572,"5","deltex 2, E3 ubiquitin ligase"
"Selenow",-0.108688210839906,0.7572,"7","selenoprotein W"
"Glb1",0.108686378646805,0.644,"9","galactosidase, beta 1"
"Arap3",-0.108681735772424,0.8164,"18","ArfGAP with RhoGAP domain, ankyrin repeat and PH domain 3"
"Skap2",-0.108665415631745,0.3236,"6","src family associated phosphoprotein 2"
"Ndufs4",-0.108654110156509,0.6652,"13","NADH:ubiquinone oxidoreductase core subunit S4"
"Pithd1",-0.108628116596463,0.412,"4","PITH (C-terminal proteasome-interacting domain of thioredoxin-like) domain containing 1"
"Snapc3",0.108625023253178,0.4556,"4","small nuclear RNA activating complex, polypeptide 3"
"Fbxo44",-0.108578248545586,0.1556,"4","F-box protein 44"
"4930453N24Rik",-0.108571948955042,0.3676,"16","RIKEN cDNA 4930453N24 gene"
"Lgmn",0.108549332814265,0.534,"12","legumain"
"Snapin",-0.108541049391709,0.4416,"3","SNAP-associated protein"
"Rps6ka4",-0.108522231532596,0.4568,"19","ribosomal protein S6 kinase, polypeptide 4"
"Plekhg5",-0.108432011801527,0.6892,"4","pleckstrin homology domain containing, family G (with RhoGef domain) member 5"
"Dclk2",0.108428872848519,0.1636,"3","doublecortin-like kinase 2"
"Mrpl51",-0.108374565147404,0.6272,"6","mitochondrial ribosomal protein L51"
"Tmem192",-0.108370234735196,0.4496,"8","transmembrane protein 192"
"Foxo4",-0.108357100602297,0.7316,"X","forkhead box O4"
"Sbf1",0.108334673164576,0.2272,"15","SET binding factor 1"
"Il20rb",-0.108302360651014,0.7012,"9","interleukin 20 receptor beta"
"Ranbp1",0.108300480817958,0.5204,"16","RAN binding protein 1"
"Rsl24d1",-0.108273023192415,0.6224,"9","ribosomal L24 domain containing 1"
"Ccdc153",-0.1082239745722,0.8308,"9","coiled-coil domain containing 153"
"Rbbp6",0.108217177644288,0.3168,"7","retinoblastoma binding protein 6, ubiquitin ligase"
"Bri3bp",0.108168375577053,0.0576,"5","Bri3 binding protein"
"Tigd5",0.108163945412217,0.4744,"15","tigger transposable element derived 5"
"Ctsz",-0.108151133659321,0.632,"2","cathepsin Z"
"Smap2",0.108139205114878,0.2616,"4","small ArfGAP 2"
"Saal1",-0.108119396305399,0.6476,"7","serum amyloid A-like 1"
"Pex10",0.108118706385041,0.5492,"4","peroxisomal biogenesis factor 10"
"Lamb1",0.10809979245857,0.4872,"12","laminin B1"
"Kank3",-0.108090226016858,0.4556,"17","KN motif and ankyrin repeat domains 3"
"Rims4",0.108075375394914,0.572,"2","regulating synaptic membrane exocytosis 4"
"Osbpl11",-0.108073960175321,0.4212,"16","oxysterol binding protein-like 11"
"Egr1",-0.108073852839465,0.6916,"18","early growth response 1"
"Ube2l6",-0.108005966422567,0.7208,"2","ubiquitin-conjugating enzyme E2L 6"
"Rassf3",-0.10799206873425,0.4324,"10","Ras association (RalGDS/AF-6) domain family member 3"
"Ccnyl1",0.107946498512741,0.4304,"1","cyclin Y-like 1"
"Emc3",-0.107934401320627,0.3972,"6","ER membrane protein complex subunit 3"
"Dcaf10",0.107922517525605,0.0336,"4","DDB1 and CUL4 associated factor 10"
"Chid1",-0.107896640319454,0.2052,"7","chitinase domain containing 1"
"Tnfaip8l1",-0.107888273308205,0.5108,"17","tumor necrosis factor, alpha-induced protein 8-like 1"
"Nek1",0.107883022786447,0.52,"8","NIMA (never in mitosis gene a)-related expressed kinase 1"
"Cyb5r1",-0.107872887797628,0.3472,"1","cytochrome b5 reductase 1"
"Nop56",-0.107820083895775,0.2684,"2","NOP56 ribonucleoprotein"
"Ccdc184",-0.107756999932401,0.532,"15","coiled-coil domain containing 184"
"Cep152",-0.107746935277836,0.7336,"2","centrosomal protein 152"
"Zmym5",0.10768525818862,0.58,"14","zinc finger, MYM-type 5"
"Hdgfl2",-0.107672884667404,0.4336,"17","HDGF like 2"
"Tmem50a",-0.107645292239189,0.514,"4","transmembrane protein 50A"
"Ilkap",-0.107612528513435,0.6088,"1","integrin-linked kinase-associated serine/threonine phosphatase 2C"
"Gpd1",0.107612508693411,0.1508,"15","glycerol-3-phosphate dehydrogenase 1 (soluble)"
"Ppfia4",-0.107599981023547,0.2952,"1","protein tyrosine phosphatase, receptor type, f polypeptide (PTPRF), interacting protein (liprin), alpha 4"
"Cep350",0.107569042218132,0.5764,"1","centrosomal protein 350"
"Pmm1",-0.107563597573094,0.674,"15","phosphomannomutase 1"
"Cdr2",-0.107534237169046,0.6932,"7","cerebellar degeneration-related 2"
"Tmf1",0.107522076617296,0.0108,"6","TATA element modulatory factor 1"
"Slc41a1",0.107482866261428,0.4112,"1","solute carrier family 41, member 1"
"Gcc1",0.10746930871468,0.3756,"6","golgi coiled coil 1"
"Tmem104",0.107461564541159,0.4036,"11","transmembrane protein 104"
"Bcas1",-0.107383073593414,0.8108,"2","brain enriched myelin associated protein 1"
"Olfml2b",0.107365574461676,0.3628,"1","olfactomedin-like 2B"
"Prkag1",-0.107326184388081,0.1992,"15","protein kinase, AMP-activated, gamma 1 non-catalytic subunit"
"Zfp526",0.107309067485311,0.3768,"7","zinc finger protein 526"
"Rapgef6",0.107289234412471,0.7092,"11","Rap guanine nucleotide exchange factor (GEF) 6"
"Srprb",-0.107273443180007,0.4952,"9","signal recognition particle receptor, B subunit"
"Zfp711",0.10726664902749,0.5844,"X","zinc finger protein 711"
"Fam168a",0.107261072524892,0.2852,"7","family with sequence similarity 168, member A"
"Wdr59",0.107255568713371,0.6148,"8","WD repeat domain 59"
"Dnajc27",0.107255067774738,0.0656,"12","DnaJ heat shock protein family (Hsp40) member C27"
"Slc35a1",-0.10723078984055,0.2328,"4","solute carrier family 35 (CMP-sialic acid transporter), member 1"
"Cpne4",0.10720231703416,0.6408,"9","copine IV"
"Papolg",0.107140864689643,0.5332,"11","poly(A) polymerase gamma"
"Smad2",0.10712589660614,0.312,"18","SMAD family member 2"
"Ttf1",0.107102858784274,0.498,"2","transcription termination factor, RNA polymerase I"
"Cox8a",-0.107101790566809,0.7592,"19","cytochrome c oxidase subunit 8A"
"Dap",-0.107059881927099,0.5684,"15","death-associated protein"
"Mapk8ip1",-0.107017999152479,0.4284,"2","mitogen-activated protein kinase 8 interacting protein 1"
"Supt20",-0.107003599386005,0.5672,"3","SPT20 SAGA complex component"
"Slc3a2",-0.106997964201331,0.1832,"19","solute carrier family 3 (activators of dibasic and neutral amino acid transport), member 2"
"Prmt8",0.106993517012967,0.1564,"6","protein arginine N-methyltransferase 8"
"Lpl",-0.106989469271816,0.5448,"8","lipoprotein lipase"
"Zc4h2",-0.106967985546026,0.3656,"X","zinc finger, C4H2 domain containing"
"Zc3h4",0.106923701515743,0.2304,"7","zinc finger CCCH-type containing 4"
"Gm10033",-0.106915181976597,0.5128,"8","predicted gene 10033"
"Rims3",-0.106906373053232,0.7316,"4","regulating synaptic membrane exocytosis 3"
"Mgat4b",-0.106888136270384,0.4696,"11","mannoside acetylglucosaminyltransferase 4, isoenzyme B"
"Odc1",0.10688678572197,0.3876,"12","ornithine decarboxylase, structural 1"
"Grem1",-0.10688543272135,0.8784,"2","gremlin 1, DAN family BMP antagonist"
"Larp4b",0.106884177111503,0.1284,"13","La ribonucleoprotein 4B"
"Asb7",0.106884059147029,0.1232,"7","ankyrin repeat and SOCS box-containing 7"
"Mrnip",-0.106874992413054,0.6864,"11","MRN complex interacting protein"
"Serpina3n",0.106857583659254,0.286,"12","serine (or cysteine) peptidase inhibitor, clade A, member 3N"
"Rrs1",0.10685228928601,0.1008,"1","ribosome biogenesis regulator 1"
"Pcgf5",-0.106825060009121,0.4696,"19","polycomb group ring finger 5"
"Sod2",0.106819864158727,0.2676,"17","superoxide dismutase 2, mitochondrial"
"Wwc1",-0.106760480674202,0.4864,"11","WW, C2 and coiled-coil domain containing 1"
"Gnaq",0.106734578024447,0.158,"19","guanine nucleotide binding protein, alpha q polypeptide"
"Bbc3",-0.106731122542147,0.7096,"7","BCL2 binding component 3"
"Zcchc9",0.106718396934205,0.3048,"13","zinc finger, CCHC domain containing 9"
"Gjc3",0.106700191554197,0.604,"5","gap junction protein, gamma 3"
"Spire2",-0.106683368263635,0.57,"8","spire type actin nucleation factor 2"
"Nop16",-0.106682746874584,0.6696,"13","NOP16 nucleolar protein"
"Cd47",0.106625369673253,0.5048,"16","CD47 antigen (Rh-related antigen, integrin-associated signal transducer)"
"Incenp",0.106615462278549,0.2068,"19","inner centromere protein"
"Copb1",0.106605370671847,0.3472,"7","coatomer protein complex, subunit beta 1"
"Med24",-0.10660220832943,0.28,"11","mediator complex subunit 24"
"Hacd1",0.10656078069969,0.376,"2","3-hydroxyacyl-CoA dehydratase 1"
"Mtmr2",0.106545110523931,0.4284,"9","myotubularin related protein 2"
"Gpr155",0.106518230389627,0.334,"2","G protein-coupled receptor 155"
"Dck",0.106499444858529,0.0252,"5","deoxycytidine kinase"
"Pon3",0.106491926003971,0.8404,"6","paraoxonase 3"
"Jak2",0.106485501191846,0.3272,"19","Janus kinase 2"
"Adi1",-0.106484183249988,0.6756,"12","acireductone dioxygenase 1"
"Mipep",0.106338802598883,0.3568,"14","mitochondrial intermediate peptidase"
"Laptm4a",0.106315911413564,0.3212,"12","lysosomal-associated protein transmembrane 4A"
"Spice1",-0.106309555840238,0.3548,"16","spindle and centriole associated protein 1"
"Bmp1",-0.10628343367058,0.77,"14","bone morphogenetic protein 1"
"Luzp2",0.106235027218062,0.278,"7","leucine zipper protein 2"
"Pgk1",-0.106223873625349,0.3832,"X","phosphoglycerate kinase 1"
"Kdm6a",0.10620760008645,0.5824,"X","lysine (K)-specific demethylase 6A"
"Zscan2",-0.106174810531324,0.6628,"7","zinc finger and SCAN domain containing 2"
"Zfp467",-0.106163939448926,0.3248,"6","zinc finger protein 467"
"Pick1",-0.106161241773128,0.0924,"15","protein interacting with C kinase 1"
"Adcy9",0.106155032202725,0.1464,"16","adenylate cyclase 9"
"Pum1",0.106132503137915,0.2892,"4","pumilio RNA-binding family member 1"
"Hexim1",0.10612288900798,0.1344,"11","hexamethylene bis-acetamide inducible 1"
"Pdcd6",-0.106111535318472,0.4648,"13","programmed cell death 6"
"Wdr91",-0.106105711072087,0.1468,"6","WD repeat domain 91"
"Gcnt4",0.106103880009247,0.4624,"13","glucosaminyl (N-acetyl) transferase 4, core 2 (beta-1,6-N-acetylglucosaminyltransferase)"
"Scnm1",-0.106099767928413,0.5332,"3","sodium channel modifier 1"
"Ankib1",0.106051432153515,0.5744,"5","ankyrin repeat and IBR domain containing 1"
"Slc29a1",-0.106045287039656,0.4704,"17","solute carrier family 29 (nucleoside transporters), member 1"
"Ttc33",0.106001157361725,0.1968,"15","tetratricopeptide repeat domain 33"
"Bad",-0.105957820987983,0.5624,"19","BCL2-associated agonist of cell death"
"Prpf31",-0.10589964299903,0.1424,"7","pre-mRNA processing factor 31"
"Jdp2",-0.105898113726293,0.4924,"12","Jun dimerization protein 2"
"Haus5",-0.105889462139659,0.5604,"7","HAUS augmin-like complex, subunit 5"
"Ppp1r35",0.105827998324091,0.7492,"5","protein phosphatase 1, regulatory subunit 35"
"Rab40b",-0.105819710965348,0.4508,"11","Rab40B, member RAS oncogene family"
"Anxa3",-0.105816910687538,0.7488,"5","annexin A3"
"Mrpl42",-0.105815535508492,0.6704,"10","mitochondrial ribosomal protein L42"
"Snx33",0.105808359838804,0.6032,"9","sorting nexin 33"
"Arxes1",-0.105797398084389,0.6424,"X","adipocyte-related X-chromosome expressed sequence 1"
"Cyb561d2",-0.105788005346752,0.2636,"9","cytochrome b-561 domain containing 2"
"Smarcb1",-0.10574983217029,0.566,"10","SWI/SNF related, matrix associated, actin dependent regulator of chromatin, subfamily b, member 1"
"Zcchc8",-0.105726290913356,0.376,"5","zinc finger, CCHC domain containing 8"
"Hspb6",-0.105717593238434,0.7844,"7","heat shock protein, alpha-crystallin-related, B6"
"Washc4",0.105710327930868,0.6024,"10","WASH complex subunit 4"
"Otud7b",0.105708910325824,0.53,"3","OTU domain containing 7B"
"Pcdhb2",0.105681652288339,0.8492,"18","protocadherin beta 2"
"Plat",-0.105601845529175,0.5096,"8","plasminogen activator, tissue"
"Osbpl2",0.105596526859498,0.1276,"2","oxysterol binding protein-like 2"
"P4ha1",-0.105586611942617,0.5296,"10","procollagen-proline, 2-oxoglutarate 4-dioxygenase (proline 4-hydroxylase), alpha 1 polypeptide"
"4833420G17Rik",-0.105566526385283,0.4556,"13","RIKEN cDNA 4833420G17 gene"
"Txnrd2",-0.105545573063492,0.5204,"16","thioredoxin reductase 2"
"Clasp1",0.10553591236674,0.2304,"1","CLIP associating protein 1"
"Serpinb8",-0.10551388430243,0.818,"1","serine (or cysteine) peptidase inhibitor, clade B, member 8"
"Arhgap15",-0.105483950854113,0.2916,"2","Rho GTPase activating protein 15"
"Slc35c1",0.10544919630366,0.206,"2","solute carrier family 35, member C1"
"Fam199x",0.105434418965376,0.4428,"X","family with sequence similarity 199, X-linked"
"Rfc1",0.105428171132363,0.3104,"5","replication factor C (activator 1) 1"
"Elmo2",0.105406479008831,0.0952,"2","engulfment and cell motility 2"
"Cdh6",0.105397313903054,0.7396,"15","cadherin 6"
"Pop1",-0.105395857370119,0.6296,"15","processing of precursor 1, ribonuclease P/MRP family, (S. cerevisiae)"
"Rab5a",0.105381405957171,0.3188,"17","RAB5A, member RAS oncogene family"
"Wdr20",0.105347883417985,0.402,"12","WD repeat domain 20"
"Eif3e",-0.105316684989605,0.4532,"15","eukaryotic translation initiation factor 3, subunit E"
"Tbc1d16",0.105310456946368,0.3672,"11","TBC1 domain family, member 16"
"Poglut3",0.105294967246663,0.3332,"9","protein O-glucosyltransferase 3"
"Smpd4",-0.105278041677835,0.6636,"16","sphingomyelin phosphodiesterase 4"
"Skida1",0.105274671100418,0.4528,"2","SKI/DACH domain containing 1"
"Prdx2",-0.105266807625325,0.6184,"8","peroxiredoxin 2"
"Vxn",0.105238635613848,0.6128,"1","vexin"
"Usp35",-0.105223951187557,0.6472,"7","ubiquitin specific peptidase 35"
"Zfp516",0.10521514999512,0.32,"18","zinc finger protein 516"
"Suv39h1",-0.105202198248907,0.3512,"X","suppressor of variegation 3-9 1"
"Flot2",-0.105189428533646,0.246,"11","flotillin 2"
"Ccdc86",-0.105176938534325,0.5216,"19","coiled-coil domain containing 86"
"Mindy4",-0.105155089002234,0.222,"6","MINDY lysine 48 deubiquitinase 4"
"Panx1",-0.10514463347123,0.2636,"9","pannexin 1"
"Gabpa",0.105138696570352,0.5492,"16","GA repeat binding protein, alpha"
"Mospd1",0.105132456265842,0.3328,"X","motile sperm domain containing 1"
"Cnot10",-0.105128897176338,0.338,"9","CCR4-NOT transcription complex, subunit 10"
"Ubap1l",-0.105087461911073,0.8152,"9","ubiquitin-associated protein 1-like"
"Arl6ip6",0.105076856920081,0.6148,"2","ADP-ribosylation factor-like 6 interacting protein 6"
"Slc35b1",-0.105021842073696,0.0944,"11","solute carrier family 35, member B1"
"Xrcc1",-0.105004384524281,0.4232,"7","X-ray repair complementing defective repair in Chinese hamster cells 1"
"Metap2",0.105003038937879,0.0388,"10","methionine aminopeptidase 2"
"Kazn",0.104982813174686,0.37,"4","kazrin, periplakin interacting protein"
"Spast",0.104975384445277,0.12,"17","spastin"
"Rnf7",-0.104966467475133,0.6112,"9","ring finger protein 7"
"Fubp3",0.104960845172638,0.4364,"2","far upstream element (FUSE) binding protein 3"
"Unc93b1",-0.104951917189121,0.8004,"19","unc-93 homolog B1, TLR signaling regulator"
"Zfp882",-0.104940345418301,0.49,"8","zinc finger protein 882"
"Lss",-0.104925212566641,0.45,"10","lanosterol synthase"
"Mob3a",-0.104924802027255,0.4436,"10","MOB kinase activator 3A"
"Pxdc1",-0.104906750917237,0.4516,"13","PX domain containing 1"
"Gjb1",-0.104868024894806,0.6972,"X","gap junction protein, beta 1"
"Tor1aip2",0.104866639865397,0.0868,"1","torsin A interacting protein 2"
"A430033K04Rik",-0.104856606764716,0.2568,"5","RIKEN cDNA A430033K04 gene"
"Dek",0.104797340707196,0.392,"13","DEK proto-oncogene (DNA binding)"
"Ctdnep1",-0.104783185484029,0.4444,"11","CTD nuclear envelope phosphatase 1"
"Ube2n",0.104773488966025,0.0844,"10","ubiquitin-conjugating enzyme E2N"
"Ilf2",-0.104735150632754,0.35,"3","interleukin enhancer binding factor 2"
"Ttc9c",0.10472688756777,0.2592,"19","tetratricopeptide repeat domain 9C"
"Srp72",0.104721597426128,0.0644,"5","signal recognition particle 72"
"Leprot",-0.104679685507546,0.2932,"4","leptin receptor overlapping transcript"
"Zfp971",0.104668070639448,0.75,"2","zinc finger protein 971"
"Glcci1",0.104654148960469,0.3828,"6","glucocorticoid induced transcript 1"
"Grpel1",-0.104629117658887,0.466,"5","GrpE-like 1, mitochondrial"
"Ankle2",0.104603554141113,0.4528,"5","ankyrin repeat and LEM domain containing 2"
"Bloc1s5",-0.104587997116311,0.6812,"13","biogenesis of lysosomal organelles complex-1, subunit 5, muted"
"Prdx3",-0.104584961374759,0.4816,"19","peroxiredoxin 3"
"Tmx1",0.104582017887066,0.3312,"12","thioredoxin-related transmembrane protein 1"
"Emsy",0.104574584930872,0.3548,"7","EMSY, BRCA2-interacting transcriptional repressor"
"Cfap410",-0.104567068225668,0.4648,"10","cilia and flagella associated protein 410"
"Lrfn1",0.104558979033724,0.2724,"7","leucine rich repeat and fibronectin type III domain containing 1"
"Ccnj",0.104553611786496,0.4288,"19","cyclin J"
"Dnah9",0.104548091849148,0.618,"11","dynein, axonemal, heavy chain 9"
"Nt5c3b",-0.104531577600845,0.2404,"11","5'-nucleotidase, cytosolic IIIB"
"Zfp638",0.104508729035273,0.25,"6","zinc finger protein 638"
"Heatr1",-0.104499928384358,0.6576,"13","HEAT repeat containing 1"
"Gcdh",-0.104478197472655,0.2288,"8","glutaryl-Coenzyme A dehydrogenase"
"Pin4",-0.104448635050425,0.6288,"X","peptidyl-prolyl cis/trans isomerase, NIMA-interacting, 4 (parvulin)"
"Trub1",0.10444085755733,0.4788,"19","TruB pseudouridine (psi) synthase family member 1"
"Pigm",0.104432150879306,0.4252,"1","phosphatidylinositol glycan anchor biosynthesis, class M"
"Bin1",-0.104415832502754,0.508,"18","bridging integrator 1"
"Casp3",-0.104414875837556,0.6108,"8","caspase 3"
"Zfp128",0.104377778365408,0.534,"7","zinc finger protein 128"
"Zfyve9",0.104304974690036,0.124,"4","zinc finger, FYVE domain containing 9"
"Dctn2",-0.104298991107744,0.4092,"10","dynactin 2"
"Pgp",-0.104285519173146,0.5084,"17","phosphoglycolate phosphatase"
"Dpyd",0.104281113134579,0.5744,"3","dihydropyrimidine dehydrogenase"
"Plppr1",-0.104278606309654,0.478,"4","phospholipid phosphatase related 1"
"Metrnl",0.104278104078359,0.4052,"11","meteorin, glial cell differentiation regulator-like"
"Shc2",-0.104256035919178,0.4912,"10","SHC (Src homology 2 domain containing) transforming protein 2"
"Glod4",-0.104235974951053,0.2828,"11","glyoxalase domain containing 4"
"Mfap1a",-0.104223212273171,0.272,"2","microfibrillar-associated protein 1A"
"Pls3",0.104184254212331,0.386,"X","plastin 3 (T-isoform)"
"Msto1",-0.104168230953424,0.4936,"3","misato 1, mitochondrial distribution and morphology regulator"
"Shroom3",-0.104139874186622,0.7892,"5","shroom family member 3"
"Tamm41",-0.104123988600711,0.3592,"6","TAM41 mitochondrial translocator assembly and maintenance homolog"
"Prdm15",-0.10412135476273,0.6532,"16","PR domain containing 15"
"Znrf1",0.104113531646209,0.3472,"8","zinc and ring finger 1"
"Cpne3",0.104040713813521,0.4552,"4","copine III"
"Aspa",-0.104021101108747,0.6696,"11","aspartoacylase"
"Ranbp9",0.104014535051897,0.306,"13","RAN binding protein 9"
"Brd3",0.103951298063966,0.3064,"2","bromodomain containing 3"
"Zfp647",0.103947685432789,0.3904,"15","zinc finger protein 647"
"Eif1ax",0.103938580443395,0.1148,"X","eukaryotic translation initiation factor 1A, X-linked"
"Fmo2",0.10391957667488,0.8424,"1","flavin containing monooxygenase 2"
"Ppan",-0.103910605087678,0.5936,"9","peter pan homolog"
"Csrp2",-0.103907678397143,0.878,"10","cysteine and glycine-rich protein 2"
"Agtrap",-0.103905321827549,0.5692,"4","angiotensin II, type I receptor-associated protein"
"Ppip5k1",0.103897965133677,0.7056,"2","diphosphoinositol pentakisphosphate kinase 1"
"Arcn1",0.103859734614495,0.3092,"9","archain 1"
"Pex6",-0.103821060611544,0.4212,"17","peroxisomal biogenesis factor 6"
"Vps37c",0.103816019411362,0.1512,"19","vacuolar protein sorting 37C"
"Cgref1",-0.103766364280716,0.644,"5","cell growth regulator with EF hand domain 1"
"Vamp1",-0.103733923644907,0.188,"6","vesicle-associated membrane protein 1"
"Vamp1",-0.103733923644907,0.188,"6","vesicle-associated membrane protein 1"
"Oplah",-0.103725079246566,0.1476,"15","5-oxoprolinase (ATP-hydrolysing)"
"Pnpla3",-0.103659062813048,0.6912,"15","patatin-like phospholipase domain containing 3"
"Bzw1",0.103658107915181,0.1428,"1","basic leucine zipper and W2 domains 1"
"Slc30a5",0.103633540889697,0.4076,"13","solute carrier family 30 (zinc transporter), member 5"
"Atp6ap2",0.103628136841646,0.2336,"X","ATPase, H+ transporting, lysosomal accessory protein 2"
"Lpcat1",-0.103623452483528,0.1304,"13","lysophosphatidylcholine acyltransferase 1"
"Atp11c",0.103566771583036,0.496,"X","ATPase, class VI, type 11C"
"Xylt2",-0.103549173456986,0.3432,"11","xylosyltransferase II"
"Gprasp1",0.103514324393251,0.4376,"X","G protein-coupled receptor associated sorting protein 1"
"Ints1",-0.103510181091935,0.5188,"5","integrator complex subunit 1"
"Dnm1",0.103500106429115,0.3224,"2","dynamin 1"
"Pip4p1",-0.103487989467598,0.1136,"14","phosphatidylinositol-4,5-bisphosphate 4-phosphatase 1"
"Brsk1",-0.103432920095402,0.6628,"7","BR serine/threonine kinase 1"
"Lrrc28",0.103432902245614,0.3336,"7","leucine rich repeat containing 28"
"Padi2",-0.103391625879769,0.6224,"4","peptidyl arginine deiminase, type II"
"Braf",0.103375073773612,0.3012,"6","Braf transforming gene"
"Prss35",-0.103372876803873,0.7116,"9","protease, serine 35"
"Cop1",0.10335581334761,0.0632,"1","COP1, E3 ubiquitin ligase"
"Cmpk2",0.103321475241211,0.3624,"12","cytidine monophosphate (UMP-CMP) kinase 2, mitochondrial"
"Nudc",-0.103311980208882,0.5244,"4","nudC nuclear distribution protein"
"Cnnm2",0.103289734772394,0.1444,"19","cyclin M2"
"Pdgfrb",-0.103264785755197,0.5388,"18","platelet derived growth factor receptor, beta polypeptide"
"Zfp687",0.103252191912714,0.3084,"3","zinc finger protein 687"
"Zfand2a",-0.10324589195297,0.1188,"5","zinc finger, AN1-type domain 2A"
"Rprd2",0.103241354221839,0.4404,"3","regulation of nuclear pre-mRNA domain containing 2"
"Adipor2",0.10322960905002,0.5812,"6","adiponectin receptor 2"
"Myl6",-0.103226781083486,0.5884,"10","myosin, light polypeptide 6, alkali, smooth muscle and non-muscle"
"Cdk5",-0.103193699210421,0.24,"5","cyclin-dependent kinase 5"
"Mcee",-0.103180504159389,0.7216,"7","methylmalonyl CoA epimerase"
"Enc1",0.103178880774882,0.0852,"13","ectodermal-neural cortex 1"
"Msi1",0.103171603634956,0.2708,"5","musashi RNA-binding protein 1"
"Sspn",-0.103152924310924,0.5992,"6","sarcospan"
"Trnp1",-0.103115850917495,0.5756,"4","TMF1-regulated nuclear protein 1"
"Cadm4",-0.103101423824058,0.5364,"7","cell adhesion molecule 4"
"Gm14169",-0.10308783060011,0.6508,"2","predicted gene 14169"
"H2az1",-0.103029635953353,0.4344,"3","H2A.Z variant histone 1"
"Ddx39b",-0.103002561301353,0.2824,"17","DEAD box helicase 39b"
"Ptms",-0.102994278760482,0.7604,"6","parathymosin"
"Sdr42e1",-0.102985666128812,0.4868,"8","short chain dehydrogenase/reductase family 42E, member 1"
"Pbx2",-0.102983079283751,0.3796,"17","pre B cell leukemia homeobox 2"
"Mtx1",-0.102964312988975,0.3464,"3","metaxin 1"
"Slc37a4",-0.102949517932419,0.2124,"9","solute carrier family 37 (glucose-6-phosphate transporter), member 4"
"Zfp772",-0.102936926759471,0.4284,"7","zinc finger protein 772"
"Foxred1",-0.102936870477885,0.4504,"9","FAD-dependent oxidoreductase domain containing 1"
"Aamp",-0.102892853809855,0.2976,"1","angio-associated migratory protein"
"Eef1d",-0.102887259231625,0.5648,"15","eukaryotic translation elongation factor 1 delta (guanine nucleotide exchange protein)"
"Alg8",-0.10286393428018,0.5012,"7","asparagine-linked glycosylation 8 (alpha-1,3-glucosyltransferase)"
"Bcan",-0.102828126935371,0.4716,"3","brevican"
"Synj2bp",0.102798967685634,0.298,"12","synaptojanin 2 binding protein"
"A930005H10Rik",-0.102775164176291,0.7796,"3","RIKEN cDNA A930005H10 gene"
"Sptan1",0.102759066575093,0.2576,"2","spectrin alpha, non-erythrocytic 1"
"Zhx1",0.102731406725821,0.196,"15","zinc fingers and homeoboxes 1"
"Traf6",0.10271819664935,0.3968,"2","TNF receptor-associated factor 6"
"Gnai3",0.102708480399212,0.0984,"3","guanine nucleotide binding protein (G protein), alpha inhibiting 3"
"Crbn",0.102687186983673,0.2872,"6","cereblon"
"Sars",-0.102685458487087,0.26,"3","seryl-aminoacyl-tRNA synthetase"
"Osgepl1",0.10267245850924,0.2448,"1","O-sialoglycoprotein endopeptidase-like 1"
"Celf5",0.102670444098313,0.6752,"10","CUGBP, Elav-like family member 5"
"Etf1",0.102649114108078,0.3712,"18","eukaryotic translation termination factor 1"
"Grin2d",0.102642252585825,0.3328,"7","glutamate receptor, ionotropic, NMDA2D (epsilon 4)"
"Fcsk",-0.102620522152085,0.5544,"8","fucose kinase"
"Ccdc30",-0.102614761645989,0.4136,"4","coiled-coil domain containing 30"
"A830082N09Rik",0.102564495546806,0.2604,"10","RIKEN cDNA A830082N09 gene"
"Osbp2",0.102497683240087,0.0076,"11","oxysterol binding protein 2"
"Tmem64",0.102496614416398,0.134,"4","transmembrane protein 64"
"Nap1l1",0.102482378035762,0.0472,"10","nucleosome assembly protein 1-like 1"
"Tspan6",-0.102460404543794,0.5588,"X","tetraspanin 6"
"Wdr33",0.102443807951502,0.112,"18","WD repeat domain 33"
"Heatr5b",0.102391637005807,0.57,"17","HEAT repeat containing 5B"
"Psmc4",-0.102355541584721,0.53,"7","proteasome (prosome, macropain) 26S subunit, ATPase, 4"
"Has3",0.102347996267033,0.57,"8","hyaluronan synthase 3"
"Pde1b",-0.102329008425381,0.5036,"15","phosphodiesterase 1B, Ca2+-calmodulin dependent"
"Fut10",0.102297261157793,0.2204,"8","fucosyltransferase 10"
"Kxd1",-0.102270746255754,0.3048,"8","KxDL motif containing 1"
"Bag5",0.102266404649003,0.2884,"12","BCL2-associated athanogene 5"
"Cacna1d",0.102244232772148,0.738,"14","calcium channel, voltage-dependent, L type, alpha 1D subunit"
"Slc16a13",-0.102239133301569,0.562,"11","solute carrier family 16 (monocarboxylic acid transporters), member 13"
"Narf",0.102117068802911,0.138,"11","nuclear prelamin A recognition factor"
"Dnaaf2",0.102079065985391,0.3024,"12","dynein, axonemal assembly factor 2"
"Cyc1",-0.102025138010044,0.5052,"15","cytochrome c-1"
"Myrip",0.102020964890497,0.1832,"9","myosin VIIA and Rab interacting protein"
"Serbp1",0.101990358428813,0.118,"6","serpine1 mRNA binding protein 1"
"Actr3",0.101989567945183,0.3168,"1","ARP3 actin-related protein 3"
"N4bp2l2",0.101989222829603,0.6048,"5","NEDD4 binding protein 2-like 2"
"Eif2s2",-0.101970544164132,0.2984,"2","eukaryotic translation initiation factor 2, subunit 2 (beta)"
"Wscd2",-0.101966969020182,0.4552,"5","WSC domain containing 2"
"Vdac1",-0.101951889562004,0.3056,"11","voltage-dependent anion channel 1"
"Ublcp1",-0.101888768041925,0.0392,"11","ubiquitin-like domain containing CTD phosphatase 1"
"Anapc11",-0.101882367720391,0.6792,"11","anaphase promoting complex subunit 11"
"Galc",0.10185201864395,0.4744,"12","galactosylceramidase"
"Xrcc6",-0.101835239184473,0.3928,"15","X-ray repair complementing defective repair in Chinese hamster cells 6"
"Napepld",0.101829383964679,0.316,"5","N-acyl phosphatidylethanolamine phospholipase D"
"Plod3",-0.101824595565749,0.4108,"5","procollagen-lysine, 2-oxoglutarate 5-dioxygenase 3"
"Eif2b4",-0.101815235795336,0.4032,"5","eukaryotic translation initiation factor 2B, subunit 4 delta"
"Myo16",0.101808565347033,0.3964,"8","myosin XVI"
"Agfg1",0.101773083116612,0.3148,"1","ArfGAP with FG repeats 1"
"Iffo2",0.10174788482405,0.3392,"4","intermediate filament family orphan 2"
"Ankrd50",0.101744798240041,0.484,"3","ankyrin repeat domain 50"
"Cep57l1",-0.101726804273678,0.3136,"10","centrosomal protein 57-like 1"
"Sra1",-0.101722105709747,0.5924,"18","steroid receptor RNA activator 1"
"Tspan7",-0.101701692216258,0.5268,"X","tetraspanin 7"
"Abhd4",-0.101660785827139,0.6916,"14","abhydrolase domain containing 4"
"Nup160",0.101598615580834,0.6012,"2","nucleoporin 160"
"Nbeal2",0.101595431923024,0.7224,"9","neurobeachin-like 2"
"Nol4l",0.101578265598364,0.2976,"2","nucleolar protein 4-like"
"Slc12a2",0.10157753912105,0.6552,"18","solute carrier family 12, member 2"
"Arhgap4",0.101563748526031,0.7872,"X","Rho GTPase activating protein 4"
"Ndufb10",-0.101557799795683,0.6664,"17","NADH:ubiquinone oxidoreductase subunit B10"
"Scly",-0.101547445079128,0.3072,"1","selenocysteine lyase"
"H2-T23",-0.101520256127625,0.7472,"17","histocompatibility 2, T region locus 23"
"Slc2a12",0.101494529332781,0.9056,"10","solute carrier family 2 (facilitated glucose transporter), member 12"
"Ddx21",0.101483816954259,0.22,"10","DExD box helicase 21"
"Pnkd",-0.101475231056071,0.616,"1","paroxysmal nonkinesiogenic dyskinesia"
"Hps5",-0.101462341380913,0.5648,"7","HPS5, biogenesis of lysosomal organelles complex 2 subunit 2"
"Usp16",0.101458530403508,0.5036,"16","ubiquitin specific peptidase 16"
"Vps37d",-0.101444856192373,0.6424,"5","vacuolar protein sorting 37D"
"Mr1",0.101326861835675,0.596,"1","major histocompatibility complex, class I-related"
"Noc2l",-0.101325429049711,0.2588,"4","NOC2 like nucleolar associated transcriptional repressor"
"Speg",-0.101318972229223,0.4364,"1","SPEG complex locus"
"Spcs1",-0.101260855585316,0.5624,"14","signal peptidase complex subunit 1 homolog (S. cerevisiae)"
"Clasp2",0.101206988890104,0.382,"9","CLIP associating protein 2"
"Cd164l2",-0.101184664612288,0.5,"4","CD164 sialomucin-like 2"
"Txndc11",-0.101134001190285,0.2944,"16","thioredoxin domain containing 11"
"Pdzk1",-0.101114350628499,0.5344,"3","PDZ domain containing 1"
"Susd1",-0.101061142785377,0.5512,"4","sushi domain containing 1"
"Mrtfa",0.101046376542513,0.2952,"15","myocardin related transcription factor A"
"Tarsl2",0.101037907231248,0.6144,"7","threonyl-tRNA synthetase-like 2"
"Gfra2",0.10102363926955,0.3904,"14","glial cell line derived neurotrophic factor family receptor alpha 2"
"Agpat4",-0.101000955327764,0.578,"17","1-acylglycerol-3-phosphate O-acyltransferase 4 (lysophosphatidic acid acyltransferase, delta)"
"Lmo7",0.100998725123182,0.6488,"14","LIM domain only 7"
"Golga3",0.100988844559541,0.4544,"5","golgi autoantigen, golgin subfamily a, 3"
"Slc2a1",-0.100988513411584,0.7328,"4","solute carrier family 2 (facilitated glucose transporter), member 1"
"Lztfl1",0.100986124299292,0.3744,"9","leucine zipper transcription factor-like 1"
"Fundc2",-0.100980029410943,0.3232,"X","FUN14 domain containing 2"
"Hbegf",0.100971884719543,0.5804,"18","heparin-binding EGF-like growth factor"
"Zbtb17",-0.100952471924604,0.1464,"4","zinc finger and BTB domain containing 17"
"Sertm1",-0.100925903080711,0.5876,"3","serine rich and transmembrane domain containing 1"
"Gpatch3",-0.100865286165802,0.5132,"4","G patch domain containing 3"
"Dynlt3",0.100848122074543,0.1148,"X","dynein light chain Tctex-type 3"
"Terf2ip",0.100801749848791,0.05,"8","telomeric repeat binding factor 2, interacting protein"
"Tipin",-0.100769853691121,0.4612,"9","timeless interacting protein"
"Ubr5",0.100766816937822,0.6104,"15","ubiquitin protein ligase E3 component n-recognin 5"
"Tm2d2",-0.100677363684611,0.4384,"8","TM2 domain containing 2"
"Rtkn2",0.100667036594374,0.8104,"10","rhotekin 2"
"C1galt1c1",0.100659174272792,0.5664,"X","C1GALT1-specific chaperone 1"
"Serp1",0.100652434258913,0.4428,"3","stress-associated endoplasmic reticulum protein 1"
"Sh3rf1",0.100614499816842,0.3156,"8","SH3 domain containing ring finger 1"
"Snrnp200",0.10060306706211,0.4888,"2","small nuclear ribonucleoprotein 200 (U5)"
"Nipa1",0.100592019178817,0.324,"7","non imprinted in Prader-Willi/Angelman syndrome 1 homolog (human)"
"Eif5a2",0.100572413954886,0.4132,"3","eukaryotic translation initiation factor 5A2"
"Cebpb",-0.100567184535061,0.6784,"2","CCAAT/enhancer binding protein (C/EBP), beta"
"Eloa",0.100540282226059,0.1944,"4","elongin A"
"Fkbpl",-0.100514621940903,0.4844,"17","FK506 binding protein-like"
"Sde2",0.100511313993474,0.3152,"1","SDE2 telomere maintenance homolog (S. pombe)"
"Hspd1",0.100505949566384,0.2616,"1","heat shock protein 1 (chaperonin)"
"Myh14",-0.100495746752153,0.6044,"7","myosin, heavy polypeptide 14"
"Mmp17",0.100459335196708,0.2224,"5","matrix metallopeptidase 17"
"Srek1ip1",-0.100395553260591,0.5476,"13","splicing regulatory glutamine/lysine-rich protein 1interacting protein 1"
"Trim39",-0.100394568726496,0.5972,"17","tripartite motif-containing 39"
"Ppp1r13l",-0.100333399450534,0.8628,"7","protein phosphatase 1, regulatory subunit 13 like"
"Smim12",-0.1003224914747,0.5492,"4","small integral membrane protein 12"
"Pdcd4",0.10028874428918,0.3524,"19","programmed cell death 4"
"Scube1",0.100262795794303,0.6876,"15","signal peptide, CUB domain, EGF-like 1"
"Tspan31",-0.100183906523032,0.602,"10","tetraspanin 31"
"Ankrd37",-0.10016494530286,0.6948,"8","ankyrin repeat domain 37"
"Crk",0.100164546080386,0.3192,"11","v-crk avian sarcoma virus CT10 oncogene homolog"
"Tmem178",0.100161707440958,0.232,"17","transmembrane protein 178"
"Ska2",0.100158512242759,0.4152,"11","spindle and kinetochore associated complex subunit 2"
"Zfp746",-0.100127158438561,0.1108,"6","zinc finger protein 746"
"Ace",-0.10012572081938,0.8776,"11","angiotensin I converting enzyme (peptidyl-dipeptidase A) 1"
"Frs2",0.100108152140031,0.2776,"10","fibroblast growth factor receptor substrate 2"
"Zfand4",0.100102854518499,0.7724,"6","zinc finger, AN1-type domain 4"
"Farsb",-0.100087758561346,0.132,"1","phenylalanyl-tRNA synthetase, beta subunit"
"Nat14",-0.100084495809635,0.5476,"7","N-acetyltransferase 14"
"Ppp2r5a",-0.100058120313571,0.2592,"1","protein phosphatase 2, regulatory subunit B', alpha"
"Atp1b1",0.100056719507956,0.1836,"1","ATPase, Na+/K+ transporting, beta 1 polypeptide"
"Abca7",-0.100031229020658,0.5016,"10","ATP-binding cassette, sub-family A (ABC1), member 7"
"Cops7b",-0.100024618109376,0.4176,"1","COP9 signalosome subunit 7B"
"Foxk2",0.100015053968505,0.1672,"11","forkhead box K2"
"Gmps",0.100013843843125,0.7152,"3","guanine monophosphate synthetase"
"Vps54",0.0999919312625384,0.2624,"11","VPS54 GARP complex subunit"
"Smad1",-0.0999595420120496,0.2152,"8","SMAD family member 1"
"Cryab",-0.0999468520736606,0.7544,"9","crystallin, alpha B"
"Slc4a2",-0.0999420620390552,0.616,"5","solute carrier family 4 (anion exchanger), member 2"
"Atp1b3",-0.0998754614220987,0.522,"9","ATPase, Na+/K+ transporting, beta 3 polypeptide"
"Nsun4",-0.0998669275865471,0.4952,"4","NOL1/NOP2/Sun domain family, member 4"
"Mif4gd",-0.0998597165709323,0.618,"11","MIF4G domain containing"
"Tinf2",-0.0997832674011301,0.4784,"14","Terf1 (TRF1)-interacting nuclear factor 2"
"Arhgef2",-0.0997566072041085,0.2864,"3","rho/rac guanine nucleotide exchange factor (GEF) 2"
"Rab3gap1",0.0997510407888935,0.49,"1","RAB3 GTPase activating protein subunit 1"
"Bag1",-0.099749486510027,0.6904,"4","BCL2-associated athanogene 1"
"Wdr19",0.0996824276845807,0.6084,"5","WD repeat domain 19"
"Ttll6",-0.0995824772932297,0.8636,"11","tubulin tyrosine ligase-like family, member 6"
"Sel1l3",-0.0995634845660263,0.4876,"5","sel-1 suppressor of lin-12-like 3 (C. elegans)"
"Nxpe3",0.0995351406844494,0.4608,"16","neurexophilin and PC-esterase domain family, member 3"
"2900026A02Rik",0.0995167443637248,0.5944,"5","RIKEN cDNA 2900026A02 gene"
"Sp2",0.0995005315607713,0.3828,"11","Sp2 transcription factor"
"Ybx3",-0.0994946722550347,0.4256,"6","Y box protein 3"
"Smco3",-0.0994766498280741,0.734,"6","single-pass membrane protein with coiled-coil domains 3"
"Col9a2",-0.0994653063731228,0.8064,"4","collagen, type IX, alpha 2"
"Ube2q2",0.0994580533249483,0.5608,"9","ubiquitin-conjugating enzyme E2Q family member 2"
"Mrps27",-0.0994518120740508,0.3948,"13","mitochondrial ribosomal protein S27"
"Dcun1d4",0.0994237147888004,0.4752,"5","DCN1, defective in cullin neddylation 1, domain containing 4 (S. cerevisiae)"
"Kirrel3",-0.0994222256658839,0.2108,"9","kirre like nephrin family adhesion molecule 3"
"Pigl",-0.0994099921447944,0.454,"11","phosphatidylinositol glycan anchor biosynthesis, class L"
"Hspa1b",0.0993513023886892,0.6732,"17","heat shock protein 1B"
"Kcnt1",0.0993473102471771,0.6992,"2","potassium channel, subfamily T, member 1"
"Eif3h",-0.0993138239547768,0.6284,"15","eukaryotic translation initiation factor 3, subunit H"
"Gm527",0.0992983885740251,0.5348,"12","predicted gene 527"
"Csnk1g2",-0.0992823567681453,0.7168,"10","casein kinase 1, gamma 2"
"Tmem150c",0.0992253832972043,0.0696,"5","transmembrane protein 150C"
"Katnbl1",0.0992138343919793,0.2216,"2","katanin p80 subunit B like 1"
"Spns2",0.0991951372085298,0.396,"11","spinster homolog 2"
"Ddx51",-0.0991776092551109,0.7,"5","DEAD box helicase 51"
"Ciao2b",-0.0991611938914234,0.6768,"8","cytosolic iron-sulfur assembly component 2B"
"Otud4",0.0991569224754683,0.6564,"8","OTU domain containing 4"
"Stk10",-0.0990691961422736,0.6584,"11","serine/threonine kinase 10"
"Dusp1",0.0990601630670715,0.654,"17","dual specificity phosphatase 1"
"Nfatc2",-0.0990463512637136,0.3924,"2","nuclear factor of activated T cells, cytoplasmic, calcineurin dependent 2"
"1700025G04Rik",0.0990144768246912,0.15,"1","RIKEN cDNA 1700025G04 gene"
"Gtpbp2",-0.0989886291936353,0.6084,"17","GTP binding protein 2"
"Htra2",-0.0989503608662257,0.4232,"6","HtrA serine peptidase 2"
"Ecm2",-0.0989390493685351,0.7668,"13","extracellular matrix protein 2, female organ and adipocyte specific"
"Pak1",0.0989319032721907,0.1176,"7","p21 (RAC1) activated kinase 1"
"C1qbp",-0.0989030083351494,0.51,"11","complement component 1, q subcomponent binding protein"
"Tomm5",-0.098894061487794,0.5212,"4","translocase of outer mitochondrial membrane 5"
"H2-T24",0.0988831257385512,0.9264,"17","histocompatibility 2, T region locus 24"
"Csnk1d",-0.0988360716422427,0.0504,"11","casein kinase 1, delta"
"Casd1",0.0988145530920006,0.15,"6","CAS1 domain containing 1"
"Zfp709",-0.098774212302104,0.6996,"8","zinc finger protein 709"
"Suds3",-0.0987685516402257,0.5036,"5","suppressor of defective silencing 3 homolog (S. cerevisiae)"
"Kmt2a",0.0987573771208572,0.7736,"9","lysine (K)-specific methyltransferase 2A"
"Cggbp1",0.098748044744883,0.0744,"16","CGG triplet repeat binding protein 1"
"Bcl2l13",0.0987440272715068,0.1952,"6","BCL2-like 13 (apoptosis facilitator)"
"Hibadh",-0.0987291298929245,0.6628,"6","3-hydroxyisobutyrate dehydrogenase"
"Trappc9",-0.0987275455374412,0.4784,"15","trafficking protein particle complex 9"
"Zfp160",0.0987259044337416,0.512,"17","zinc finger protein 160"
"Trmt61a",-0.098725196957496,0.414,"12","tRNA methyltransferase 61A"
"Phldb1",-0.0986529434514081,0.6288,"9","pleckstrin homology like domain, family B, member 1"
"Abhd14b",-0.09863721817575,0.4544,"9","abhydrolase domain containing 14b"
"Psma3",-0.0986162157154205,0.3072,"12","proteasome subunit alpha 3"
"Gmnc",0.0986151000017899,0.6744,"16","geminin coiled-coil domain containing"
"Trappc5",-0.0986055813662228,0.4308,"8","trafficking protein particle complex 5"
"Cep68",0.0985914428549615,0.4824,"11","centrosomal protein 68"
"BC004004",-0.0985807724176588,0.522,"17","cDNA sequence BC004004"
"Lipe",-0.098570067839344,0.7148,"7","lipase, hormone sensitive"
"Snrnp48",0.0985626173140348,0.5732,"13","small nuclear ribonucleoprotein 48 (U11/U12)"
"Mn1",0.0985394073665207,0.5208,"5","meningioma 1"
"Rad52",-0.0985164018892095,0.502,"6","RAD52 homolog, DNA repair protein"
"Phf2",0.0985162440995877,0.4792,"13","PHD finger protein 2"
"Iqcd",-0.0985006803124546,0.694,"5","IQ motif containing D"
"Hmgcr",0.0984825190262946,0.284,"13","3-hydroxy-3-methylglutaryl-Coenzyme A reductase"
"Lypd1",-0.0984775007296692,0.5064,"1","Ly6/Plaur domain containing 1"
"Tbc1d13",0.0984492828428127,0.0484,"2","TBC1 domain family, member 13"
"Cuedc2",-0.0984289361452246,0.682,"19","CUE domain containing 2"
"Taf15",-0.0984043957104666,0.4732,"11","TATA-box binding protein associated factor 15"
"2700062C07Rik",-0.0983585441235753,0.4308,"18","RIKEN cDNA 2700062C07 gene"
"Aptx",-0.0983583333097977,0.1468,"4","aprataxin"
"Aga",-0.0982978083377384,0.3884,"8","aspartylglucosaminidase"
"Pi4ka",0.0982840764268076,0.5032,"16","phosphatidylinositol 4-kinase alpha"
"Acap3",-0.0982743347266126,0.4516,"4","ArfGAP with coiled-coil, ankyrin repeat and PH domains 3"
"Atp6v1g2",0.0982461209489269,0.566,"17","ATPase, H+ transporting, lysosomal V1 subunit G2"
"Vgf",-0.0982326711966008,0.5356,"5","VGF nerve growth factor inducible"
"Sphk2",0.0981529042298543,0.2052,"7","sphingosine kinase 2"
"Sirt4",-0.0981257052205446,0.5448,"5","sirtuin 4"
"Zfp865",0.0980929511318482,0.4188,"7","zinc finger protein 865"
"Bak1",-0.0980458693088719,0.38,"17","BCL2-antagonist/killer 1"
"Rfx5",0.0980426561102599,0.612,"3","regulatory factor X, 5 (influences HLA class II expression)"
"Rbm34",0.0980340658898142,0.4176,"8","RNA binding motif protein 34"
"Ddx55",-0.0979880567123308,0.506,"5","DEAD box helicase 55"
"Ascc3",0.0979668211003037,0.6368,"10","activating signal cointegrator 1 complex subunit 3"
"Nudcd2",-0.0979631572757005,0.4844,"11","NudC domain containing 2"
"Ensa",-0.0979610823153294,0.4892,"3","endosulfine alpha"
"Baalc",-0.0979271545807947,0.6624,"15","brain and acute leukemia, cytoplasmic"
"Mink1",0.0978999391181361,0.4176,"11","misshapen-like kinase 1 (zebrafish)"
"Fgf1",0.0978790224870059,0.5716,"18","fibroblast growth factor 1"
"Gmfb",0.0978729834693981,0.1564,"14","glia maturation factor, beta"
"Sox2",0.0978711554692966,0.5288,"3","SRY (sex determining region Y)-box 2"
"Atg4c",0.0978514872535312,0.1044,"4","autophagy related 4C, cysteine peptidase"
"Necab3",-0.0978174645792178,0.6816,"2","N-terminal EF-hand calcium binding protein 3"
"Zkscan7",-0.097811063100492,0.7936,"9","zinc finger with KRAB and SCAN domains 7"
"Ppp1r9b",0.0978109930347255,0.6736,"11","protein phosphatase 1, regulatory subunit 9B"
"Eps15",0.097794089273286,0.1116,"4","epidermal growth factor receptor pathway substrate 15"
"Riok3",-0.0977808121665733,0.3096,"18","RIO kinase 3"
"Gorasp1",-0.0977750963707589,0.22,"9","golgi reassembly stacking protein 1"
"Kcnc4",-0.0977542136098917,0.5692,"3","potassium voltage gated channel, Shaw-related subfamily, member 4"
"Nsd2",0.0976842785545582,0.5368,"5","nuclear receptor binding SET domain protein 2"
"Kdr",-0.0976582475932499,0.7664,"5","kinase insert domain protein receptor"
"Dhx35",-0.0975624778740505,0.4428,"2","DEAH (Asp-Glu-Ala-His) box polypeptide 35"
"Retreg1",0.0975348146642077,0.5,"15","reticulophagy regulator 1"
"Agpat1",-0.0974340515846279,0.5828,"17","1-acylglycerol-3-phosphate O-acyltransferase 1 (lysophosphatidic acid acyltransferase, alpha)"
"Rcor3",0.097403188035897,0.6392,"1","REST corepressor 3"
"Mtor",0.0973816423702623,0.448,"4","mechanistic target of rapamycin kinase"
"Lix1",-0.0973788150687396,0.6304,"17","limb and CNS expressed 1"
"Ccdc124",-0.0973708347722866,0.7124,"8","coiled-coil domain containing 124"
"Pla2g7",-0.0973485467140778,0.7,"17","phospholipase A2, group VII (platelet-activating factor acetylhydrolase, plasma)"
"Zfp27",-0.0973197303720061,0.3588,"7","zinc finger protein 27"
"Srpr",0.0972962321662356,0.206,"9","signal recognition particle receptor ('docking protein')"
"Pcdhb17",0.0972955760702545,0.2192,"18","protocadherin beta 17"
"Ube2e2",0.0972822969194276,0.508,"14","ubiquitin-conjugating enzyme E2E 2"
"Abcc1",-0.0972545583369016,0.6748,"16","ATP-binding cassette, sub-family C (CFTR/MRP), member 1"
"B230219D22Rik",0.0972371823174401,0.4032,"13","RIKEN cDNA B230219D22 gene"
"Usf1",-0.0971970146125223,0.5352,"1","upstream transcription factor 1"
"Galnt11",0.0971782577321338,0.2748,"5","polypeptide N-acetylgalactosaminyltransferase 11"
"Kri1",0.0971501732456428,0.4584,"9","KRI1 homolog"
"Zfp286",0.0971485826007692,0.3092,"11","zinc finger protein 286"
"Zfp131",0.0971154776005267,0.134,"13","zinc finger protein 131"
"Kmt5a",0.0970579411340147,0.4432,"5","lysine methyltransferase 5A"
"Tekt5",-0.0970409789220168,0.6464,"16","tektin 5"
"Hapln2",0.0970138811043721,0.7564,"3","hyaluronan and proteoglycan link protein 2"
"Rnd3",0.0969949345242833,0.5472,"2","Rho family GTPase 3"
"2810001G20Rik",-0.0969866808522206,0.4844,"11","RIKEN cDNA 2810001G20 gene"
"Mmd2",-0.0969082277479725,0.4672,"5","monocyte to macrophage differentiation-associated 2"
"Fcgrt",-0.0969044210770007,0.5232,"7","Fc fragment of IgG receptor and transporter"
"Rb1",0.0969004537026974,0.5656,"14","RB transcriptional corepressor 1"
"Zdhhc15",0.096891487317015,0.3992,"X","zinc finger, DHHC domain containing 15"
"Pgrmc1",-0.0968874349823698,0.3488,"X","progesterone receptor membrane component 1"
"Ino80e",-0.0968606252393691,0.488,"7","INO80 complex subunit E"
"Herpud1",-0.0968530976834687,0.5724,"8","homocysteine-inducible, endoplasmic reticulum stress-inducible, ubiquitin-like domain member 1"
"Zxdc",0.0968247857110294,0.6004,"6","ZXD family zinc finger C"
"Maea",-0.0968202318050038,0.152,"5","macrophage erythroblast attacher"
"Egfl6",-0.0968111129363605,0.7324,"X","EGF-like-domain, multiple 6"
"Gpr161",0.0967797752088817,0.7504,"1","G protein-coupled receptor 161"
"Dbpht2",0.0967176001710683,0.652,"12","DNA binding protein with his-thr domain"
"Dpysl4",0.0966869690826417,0.5996,"7","dihydropyrimidinase-like 4"
"Golga7b",-0.0966855331574124,0.5396,"19","golgi autoantigen, golgin subfamily a, 7B"
"Tulp3",-0.0966804358760536,0.2936,"6","tubby-like protein 3"
"Tenm2",0.096662153693722,0.5816,"11","teneurin transmembrane protein 2"
"Trappc8",0.0966535358758609,0.4188,"18","trafficking protein particle complex 8"
"Dgcr8",0.0966508992454722,0.7304,"16","DGCR8, microprocessor complex subunit"
"Mms19",-0.0966508810449254,0.256,"19","MMS19 cytosolic iron-sulfur assembly component"
"Ino80",-0.0965907000806645,0.6128,"2","INO80 complex subunit"
"Mrpl37",-0.096565912754853,0.206,"4","mitochondrial ribosomal protein L37"
"Acadvl",-0.096545893883027,0.3384,"11","acyl-Coenzyme A dehydrogenase, very long chain"
"Uqcc1",-0.0965228801310154,0.3132,"2","ubiquinol-cytochrome c reductase complex assembly factor 1"
"Lrfn2",-0.0965222214450394,0.4352,"17","leucine rich repeat and fibronectin type III domain containing 2"
"Etv5",0.0965072308483759,0.4544,"16","ets variant 5"
"Clstn1",-0.0965047930185161,0.1152,"4","calsyntenin 1"
"Slk",0.0964744132458542,0.6524,"19","STE20-like kinase"
"Slc4a1ap",0.0964722990367104,0.1312,"5","solute carrier family 4 (anion exchanger), member 1, adaptor protein"
"Chst10",-0.096427381262381,0.352,"1","carbohydrate sulfotransferase 10"
"N6amt1",-0.0964217151575424,0.3296,"16","N-6 adenine-specific DNA methyltransferase 1 (putative)"
"Tmem203",-0.0963638174331969,0.5372,"2","transmembrane protein 203"
"Lpcat3",0.0963249250613796,0.092,"6","lysophosphatidylcholine acyltransferase 3"
"Lmf2",-0.0962887542693789,0.5008,"15","lipase maturation factor 2"
"Ap4m1",-0.0962776010310424,0.8392,"5","adaptor-related protein complex AP-4, mu 1"
"Sec31a",0.0962616282842106,0.1984,"5","Sec31 homolog A (S. cerevisiae)"
"Fam204a",-0.0962398311734463,0.5312,"19","family with sequence similarity 204, member A"
"Spata7",0.0961973324970344,0.368,"12","spermatogenesis associated 7"
"Zcchc7",-0.0961902374237003,0.7056,"4","zinc finger, CCHC domain containing 7"
"Mdc1",0.0961706401081175,0.6612,"17","mediator of DNA damage checkpoint 1"
"Spty2d1",0.0961191625563051,0.4108,"7","SPT2 chromatin protein domain containing 1"
"Inpp5e",0.0960921868296536,0.552,"2","inositol polyphosphate-5-phosphatase E"
"Pygb",-0.0960884085911902,0.3172,"2","brain glycogen phosphorylase"
"C230072F16Rik",0.096033839688526,0.8388,"17","RIKEN cDNA C230072F16 gene"
"Morn1",-0.0959813504852827,0.482,"4","MORN repeat containing 1"
"Ptk2",0.095977708008621,0.4632,"15","PTK2 protein tyrosine kinase 2"
"Fndc3a",0.0959116343279209,0.5376,"14","fibronectin type III domain containing 3A"
"Nedd1",-0.095886821767565,0.6112,"10","neural precursor cell expressed, developmentally down-regulated gene 1"
"Sgpl1",-0.0958702382880237,0.0844,"10","sphingosine phosphate lyase 1"
"Sppl2a",0.0958530071657373,0.3364,"2","signal peptide peptidase like 2A"
"Rad54l2",0.095839976242063,0.7048,"9","RAD54 like 2 (S. cerevisiae)"
"Rnaseh2a",-0.0957939362670812,0.6556,"8","ribonuclease H2, large subunit"
"Ddx23",0.0957713015679804,0.1376,"15","DEAD box helicase 23"
"Zfp943",-0.0957604604186981,0.3596,"17","zinc finger prtoein 943"
"BC024978",0.095756873730227,0.5932,"7","cDNA sequence BC024978"
"Sos2",0.095736041447342,0.4712,"12","SOS Ras/Rho guanine nucleotide exchange factor 2"
"Nmt2",0.0957293685943954,0.3016,"2","N-myristoyltransferase 2"
"Meis2",-0.0957002706139827,0.7192,"2","Meis homeobox 2"
"Fam193b",-0.0956666645740532,0.5992,"13","family with sequence similarity 193, member B"
"Akap7",0.095607958797169,0.3348,"10","A kinase (PRKA) anchor protein 7"
"Dhx36",0.0955994362624208,0.504,"3","DEAH (Asp-Glu-Ala-His) box polypeptide 36"
"Mtch1",-0.0955767621154813,0.4548,"17","mitochondrial carrier 1"
"Ganc",0.0955698482157787,0.6408,"2","glucosidase, alpha; neutral C"
"Tubg2",-0.0955550347944829,0.6176,"11","tubulin, gamma 2"
"Dusp8",0.0955127394814426,0.4036,"7","dual specificity phosphatase 8"
"Aplp1",-0.0954971400785425,0.6324,"7","amyloid beta (A4) precursor-like protein 1"
"Fastkd1",0.0954947437650122,0.3908,"2","FAST kinase domains 1"
"Cbx8",0.0954904890390562,0.4264,"11","chromobox 8"
"Arhgef40",-0.0954668034686881,0.4476,"14","Rho guanine nucleotide exchange factor (GEF) 40"
"Tpm1",0.0954623616241586,0.1788,"9","tropomyosin 1, alpha"
"Gabrr2",-0.0953867407456808,0.9652,"4","gamma-aminobutyric acid (GABA) C receptor, subunit rho 2"
"2310061I04Rik",-0.0953745078752775,0.2592,"17","RIKEN cDNA 2310061I04 gene"
"Elmod3",0.0953555261548615,0.47,"6","ELMO/CED-12 domain containing 3"
"Usp42",0.0953527609385594,0.3448,"5","ubiquitin specific peptidase 42"
"Timm10",-0.0953508941586101,0.6912,"2","translocase of inner mitochondrial membrane 10"
"Grid2",0.0952890254637175,0.6036,"6","glutamate receptor, ionotropic, delta 2"
"Fndc3b",0.0952502250608771,0.6604,"3","fibronectin type III domain containing 3B"
"Rab26",-0.0952501705591517,0.412,"17","RAB26, member RAS oncogene family"
"Ctsb",-0.0952398330883923,0.5736,"14","cathepsin B"
"Rtraf",-0.0952369343149053,0.5144,"14","RNA transcription, translation and transport factor"
"Trappc11",0.0952361317548513,0.5616,"8","trafficking protein particle complex 11"
"Vipas39",-0.0952338135668027,0.28,"12","VPS33B interacting protein, apical-basolateral polarity regulator, spe-39 homolog"
"Il1r1",0.0951960348741254,0.5412,"1","interleukin 1 receptor, type I"
"Rbm17",0.0951885754769775,0.0236,"2","RNA binding motif protein 17"
"Pbx1",0.0951721818651832,0.2664,"1","pre B cell leukemia homeobox 1"
"Rbm12b2",0.0951631906051205,0.5144,"4","RNA binding motif protein 12 B2"
"Inpp5f",0.0951466595208927,0.422,"7","inositol polyphosphate-5-phosphatase F"
"Sec24b",0.0951464937679143,0.4336,"3","Sec24 related gene family, member B (S. cerevisiae)"
"Aasdhppt",0.0951411047162543,0.3484,"9","aminoadipate-semialdehyde dehydrogenase-phosphopantetheinyl transferase"
"Pabpc4",-0.0951375073769851,0.1852,"4","poly(A) binding protein, cytoplasmic 4"
"Mthfsd",-0.0951070683634709,0.2732,"8","methenyltetrahydrofolate synthetase domain containing"
"Afg1l",-0.0950867969099969,0.5532,"10","AFG1 like ATPase"
"Slc1a4",-0.0950840658179439,0.3404,"11","solute carrier family 1 (glutamate/neutral amino acid transporter), member 4"
"Ext2",-0.0950731558472704,0.284,"2","exostosin glycosyltransferase 2"
"Creg1",-0.0950098212003949,0.5796,"1","cellular repressor of E1A-stimulated genes 1"
"Myl12b",-0.0949822053159917,0.6188,"17","myosin, light chain 12B, regulatory"
"Hmgn1",-0.0949752563968893,0.4812,"16","high mobility group nucleosomal binding domain 1"
"Numbl",-0.0949721781097494,0.4684,"7","numb-like"
"Pla2g4e",-0.094927137001471,0.7048,"2","phospholipase A2, group IVE"
"Rint1",0.0949215550908682,0.1412,"5","RAD50 interactor 1"
"Kirrel",0.0949208703754656,0.6284,"3","kirre like nephrin family adhesion molecule 1"
"Dpf3",0.0949201985193682,0.7144,"12","double PHD fingers 3"
"Dtnb",-0.0949184164875874,0.3752,"12","dystrobrevin, beta"
"Tmem127",0.094884110415852,0.0644,"2","transmembrane protein 127"
"Rbbp9",0.0948682295137502,0.3344,"2","retinoblastoma binding protein 9, serine hydrolase"
"Sash1",0.0948531584725201,0.5288,"10","SAM and SH3 domain containing 1"
"Col16a1",-0.0948529755417193,0.57,"4","collagen, type XVI, alpha 1"
"Exosc9",-0.0948418720463726,0.4524,"3","exosome component 9"
"Slc26a10",-0.0948335473279425,0.7524,"10","solute carrier family 26, member 10"
"Ykt6",-0.0948290994364358,0.3188,"11","YKT6 v-SNARE homolog (S. cerevisiae)"
"Gprin1",-0.0947470532919654,0.4604,"13","G protein-regulated inducer of neurite outgrowth 1"
"Zdhhc18",-0.094694612083468,0.1172,"4","zinc finger, DHHC domain containing 18"
"Plppr5",0.0946828785092499,0.2492,"3","phospholipid phosphatase related 5"
"Syt17",-0.094679029109086,0.4924,"7","synaptotagmin XVII"
"Memo1",-0.0946773978288711,0.4388,"17","mediator of cell motility 1"
"Zbtb43",0.0946637289600369,0.5836,"2","zinc finger and BTB domain containing 43"
"Gprc5b",-0.0946399657092147,0.5568,"7","G protein-coupled receptor, family C, group 5, member B"
"Kalrn",0.0946364206394215,0.384,"16","kalirin, RhoGEF kinase"
"Slc7a8",0.0946213745130224,0.2332,"14","solute carrier family 7 (cationic amino acid transporter, y+ system), member 8"
"Aplp2",0.0946176760540052,0.1764,"9","amyloid beta (A4) precursor-like protein 2"
"Acp1",-0.094592570364104,0.4052,"12","acid phosphatase 1, soluble"
"Slc39a1",-0.0945554746749675,0.2716,"3","solute carrier family 39 (zinc transporter), member 1"
"Ppp2ca",0.0945185767164318,0.3408,"11","protein phosphatase 2 (formerly 2A), catalytic subunit, alpha isoform"
"Hspa8",0.0944992766199242,0.5684,"9","heat shock protein 8"
"Atp2b3",0.0944921895167825,0.5724,"X","ATPase, Ca++ transporting, plasma membrane 3"
"Arih1",0.0944818901561808,0.3172,"9","ariadne RBR E3 ubiquitin protein ligase 1"
"Aqp4",0.0944586615620162,0.5072,"18","aquaporin 4"
"Eif4a1",-0.0944457164370061,0.5172,"11","eukaryotic translation initiation factor 4A1"
"Gdpd5",-0.0944148656143713,0.3232,"7","glycerophosphodiester phosphodiesterase domain containing 5"
"Cdkal1",0.0944129675742622,0.2188,"13","CDK5 regulatory subunit associated protein 1-like 1"
"Rab8a",-0.0943388739869331,0.5696,"8","RAB8A, member RAS oncogene family"
"Kat8",-0.0942865006851825,0.4484,"7","K(lysine) acetyltransferase 8"
"Plekhg2",-0.0942841654127888,0.6904,"7","pleckstrin homology domain containing, family G (with RhoGef domain) member 2"
"Prdm11",0.0942786347537172,0.6956,"2","PR domain containing 11"
"Ppp2r2a",0.0942102892616159,0.1136,"14","protein phosphatase 2, regulatory subunit B, alpha"
"Lurap1l",-0.0942097924936061,0.5404,"4","leucine rich adaptor protein 1-like"
"Pold2",-0.0941649680514112,0.6588,"11","polymerase (DNA directed), delta 2, regulatory subunit"
"5031439G07Rik",-0.0941168604601952,0.4644,"15","RIKEN cDNA 5031439G07 gene"
"Cep89",-0.0941081587671517,0.5724,"7","centrosomal protein 89"
"Ilk",-0.0940995203302082,0.332,"7","integrin linked kinase"
"Erf",0.0940782344303317,0.4608,"7","Ets2 repressor factor"
"Nmnat1",-0.0940670917220912,0.4576,"4","nicotinamide nucleotide adenylyltransferase 1"
"Stxbp1",0.0940652414323022,0.1788,"2","syntaxin binding protein 1"
"Faf2",0.0940205014552919,0.4336,"13","Fas associated factor family member 2"
"Zranb2",0.0940204700783465,0.5252,"3","zinc finger, RAN-binding domain containing 2"
"Gm10516",-0.094010180192571,0.6724,"1","predicted gene 10516"
"Stard4",0.0939497116877228,0.4812,"18","StAR-related lipid transfer (START) domain containing 4"
"Larp1",0.0939459795030295,0.3956,"11","La ribonucleoprotein 1, translational regulator"
"Traf3",0.093931809722692,0.6356,"12","TNF receptor-associated factor 3"
"Atp6v0d1",-0.0939287898002581,0.4496,"8","ATPase, H+ transporting, lysosomal V0 subunit D1"
"Gpsm2",0.093918198202795,0.0956,"3","G-protein signalling modulator 2 (AGS3-like, C. elegans)"
"Cpsf2",0.0939148948668,0.1956,"12","cleavage and polyadenylation specific factor 2"
"Sbf2",0.0939031069725225,0.3948,"7","SET binding factor 2"
"Cd82",-0.0938968118724848,0.7796,"2","CD82 antigen"
"Fahd2a",-0.0938798677487926,0.4384,"2","fumarylacetoacetate hydrolase domain containing 2A"
"Sptbn2",0.0938468636013283,0.3876,"19","spectrin beta, non-erythrocytic 2"
"Dhcr24",-0.0938363595145377,0.2284,"4","24-dehydrocholesterol reductase"
"Tmem266",-0.0938303157943765,0.7444,"9","transmembrane protein 266"
"Snx27",0.0938108331935767,0.1252,"3","sorting nexin family member 27"
"Cd24a",0.0937801093498467,0.756,"10","CD24a antigen"
"Cybc1",-0.0937728908213984,0.6308,"11","cytochrome b 245 chaperone 1"
"1810013L24Rik",0.0937333880652984,0.3696,"16","RIKEN cDNA 1810013L24 gene"
"Rai1",0.0937271699414488,0.5412,"11","retinoic acid induced 1"
"Mrpl21",-0.093711617244173,0.68,"19","mitochondrial ribosomal protein L21"
"Rab35",0.0937077653143659,0.5104,"5","RAB35, member RAS oncogene family"
"Chtop",-0.0937046894705027,0.2084,"3","chromatin target of PRMT1"
"Rufy2",0.0936993954403604,0.5956,"10","RUN and FYVE domain-containing 2"
"Sulf1",0.0936981347627559,0.8984,"1","sulfatase 1"
"Usp38",0.0936843921571011,0.654,"8","ubiquitin specific peptidase 38"
"Uchl5",0.0936326327981245,0.4792,"1","ubiquitin carboxyl-terminal esterase L5"
"Nadk2",0.093611829346739,0.3324,"15","NAD kinase 2, mitochondrial"
"Nt5c",-0.0936116730597059,0.6468,"11","5',3'-nucleotidase, cytosolic"
"Kif27",-0.0935981166566093,0.5792,"13","kinesin family member 27"
"Gfra1",0.0935626070803952,0.5092,"19","glial cell line derived neurotrophic factor family receptor alpha 1"
"Zkscan17",-0.0935370035753222,0.3584,"11","zinc finger with KRAB and SCAN domains 17"
"Entpd5",0.093519237836154,0.29,"12","ectonucleoside triphosphate diphosphohydrolase 5"
"Specc1l",0.0935164038199243,0.3668,"10","sperm antigen with calponin homology and coiled-coil domains 1-like"
"Lgals9",-0.0934530498495825,0.8356,"11","lectin, galactose binding, soluble 9"
"Rundc1",-0.0934329599722954,0.1444,"11","RUN domain containing 1"
"Rnf6",0.0934176585965654,0.3276,"5","ring finger protein (C3H2C3 type) 6"
"Lias",-0.0934129801916654,0.4708,"5","lipoic acid synthetase"
"Slc7a2",0.0934033686244256,0.1896,"8","solute carrier family 7 (cationic amino acid transporter, y+ system), member 2"
"Dnajc10",0.0933897385401146,0.2812,"2","DnaJ heat shock protein family (Hsp40) member C10"
"Pacsin1",0.0932680758419941,0.2476,"17","protein kinase C and casein kinase substrate in neurons 1"
"Stim2",0.0932532810211715,0.056,"5","stromal interaction molecule 2"
"Suclg1",-0.0932430051313835,0.342,"6","succinate-CoA ligase, GDP-forming, alpha subunit"
"Lamtor2",-0.0932239059117252,0.536,"3","late endosomal/lysosomal adaptor, MAPK and MTOR activator 2"
"Syt13",0.0932137228415728,0.3068,"2","synaptotagmin XIII"
"Tmem201",-0.0932073017880546,0.2484,"4","transmembrane protein 201"
"Wwc2",0.0932009712657962,0.2864,"8","WW, C2 and coiled-coil domain containing 2"
"Pot1b",0.0931987688158,0.656,"17","protection of telomeres 1B"
"Snrpd1",-0.0931511668262477,0.706,"18","small nuclear ribonucleoprotein D1"
"Gfm1",0.0931456482278588,0.5576,"3","G elongation factor, mitochondrial 1"
"Rnaseh1",-0.0931362966689058,0.5596,"12","ribonuclease H1"
"Sox2ot",-0.093104719981624,0.6472,"3","SOX2 overlapping transcript (non-protein coding)"
"Alox8",0.0930942299221869,0.574,"11","arachidonate 8-lipoxygenase"
"Psma2",-0.0930828744275507,0.496,"13","proteasome subunit alpha 2"
"Picalm",0.0930227754331341,0.2456,"7","phosphatidylinositol binding clathrin assembly protein"
"Arap1",-0.0929920206655073,0.6608,"7","ArfGAP with RhoGAP domain, ankyrin repeat and PH domain 1"
"Sarm1",0.092972998680148,0.2576,"11","sterile alpha and HEAT/Armadillo motif containing 1"
"Hectd4",0.0929435048155849,0.6752,"5","HECT domain E3 ubiquitin protein ligase 4"
"Pwp2",-0.0929424330156143,0.0708,"10","PWP2 periodic tryptophan protein homolog (yeast)"
"Col15a1",-0.0929341643093275,0.8036,"4","collagen, type XV, alpha 1"
"Vangl2",0.0929156104678492,0.4188,"1","VANGL planar cell polarity 2"
"E2f3",0.0928506623324772,0.3616,"13","E2F transcription factor 3"
"Gtf2a1",0.0928177724502843,0.42,"12","general transcription factor II A, 1"
"Hhip",0.0928110517927401,0.7616,"8","Hedgehog-interacting protein"
"Ckmt1",0.0927860061080423,0.2696,"2","creatine kinase, mitochondrial 1, ubiquitous"
"Pkia",0.0927821962605853,0.2336,"3","protein kinase inhibitor, alpha"
"Csnk2b",-0.0927787185153637,0.4684,"17","casein kinase 2, beta polypeptide"
"Gorab",0.0927589439344647,0.6188,"1","golgin, RAB6-interacting"
"Prkx",0.0927326711298448,0.4728,"X","protein kinase, X-linked"
"Eefsec",-0.0927150107659989,0.6932,"6","eukaryotic elongation factor, selenocysteine-tRNA-specific"
"Poc5",0.0927009380500481,0.6384,"13","POC5 centriolar protein"
"Larp7",-0.0926957392813428,0.2528,"3","La ribonucleoprotein 7, transcriptional regulator"
"Rad50",0.0926922261195182,0.6176,"11","RAD50 double strand break repair protein"
"Dnaja1",0.0926902813007047,0.2304,"4","DnaJ heat shock protein family (Hsp40) member A1"
"Porcn",-0.0926836950331777,0.3132,"X","porcupine O-acyltransferase"
"Mtmr4",0.0925965216502362,0.3004,"11","myotubularin related protein 4"
"Sec23a",0.0925734916705601,0.3488,"12","SEC23 homolog A, COPII coat complex component"
"Zfp697",0.0925692630361166,0.4296,"3","zinc finger protein 697"
"Dcaf5",0.0925192007652651,0.0424,"12","DDB1 and CUL4 associated factor 5"
"Ppif",-0.0925080520034118,0.4708,"14","peptidylprolyl isomerase F (cyclophilin F)"
"Dgkg",0.0924929231968106,0.3416,"16","diacylglycerol kinase, gamma"
"Suv39h2",-0.0924844831658347,0.5584,"2","suppressor of variegation 3-9 2"
"Lamtor3",-0.0924809753772413,0.516,"3","late endosomal/lysosomal adaptor, MAPK and MTOR activator 3"
"Dnali1",0.0924787902985451,0.866,"4","dynein, axonemal, light intermediate polypeptide 1"
"Ttc17",-0.0924743212267405,0.0812,"2","tetratricopeptide repeat domain 17"
"Atp2b2",0.0924371824657921,0.3616,"6","ATPase, Ca++ transporting, plasma membrane 2"
"Drd5",-0.092426449557232,0.3632,"5","dopamine receptor D5"
"Ndrg1",-0.0924106992742963,0.7376,"15","N-myc downstream regulated gene 1"
"Ndfip2",0.0924078811988469,0.4512,"14","Nedd4 family interacting protein 2"
"Scamp4",-0.0922934466759298,0.5828,"10","secretory carrier membrane protein 4"
"Tsr2",0.0922788281308264,0.3636,"X","TSR2 20S rRNA accumulation"
"Tnfaip6",-0.0922676791428589,0.818,"2","tumor necrosis factor alpha induced protein 6"
"Col1a1",-0.0922402527106216,0.7724,"11","collagen, type I, alpha 1"
"Taf1b",-0.0922351601318194,0.3204,"12","TATA-box binding protein associated factor, RNA polymerase I, B"
"Sufu",0.0922333413281011,0.3996,"19","SUFU negative regulator of hedgehog signaling"
"Sh3kbp1",0.092226187920267,0.464,"X","SH3-domain kinase binding protein 1"
"Ddx20",0.092226024322331,0.396,"3","DEAD box helicase 20"
"Vcpkmt",-0.0922189563767524,0.4388,"12","valosin containing protein lysine (K) methyltransferase"
"Akt1",-0.0921861534933317,0.5716,"12","thymoma viral proto-oncogene 1"
"Xpnpep1",0.0921823370748598,0.258,"19","X-prolyl aminopeptidase (aminopeptidase P) 1, soluble"
"Mrps30",-0.0921503355636428,0.53,"13","mitochondrial ribosomal protein S30"
"Fam163b",0.0920560645640105,0.7104,"2","family with sequence similarity 163, member B"
"Atp1a3",0.0920537332488092,0.3372,"7","ATPase, Na+/K+ transporting, alpha 3 polypeptide"
"Trpv2",-0.0920316023564549,0.5152,"11","transient receptor potential cation channel, subfamily V, member 2"
"Yeats4",-0.0920283418205532,0.6476,"10","YEATS domain containing 4"
"Crem",-0.0920256360353462,0.6876,"18","cAMP responsive element modulator"
"Asah1",0.0920127880869126,0.3556,"8","N-acylsphingosine amidohydrolase 1"
"Zfand1",-0.0920078905933601,0.1724,"3","zinc finger, AN1-type domain 1"
"Pex11a",-0.0920039662512715,0.5036,"7","peroxisomal biogenesis factor 11 alpha"
"Pno1",0.0919935057645027,0.3576,"11","partner of NOB1 homolog"
"Rpa2",-0.0919501784565102,0.6352,"4","replication protein A2"
"Eda",0.0919398106496572,0.5904,"X","ectodysplasin-A"
"Firre",-0.0919327737702718,0.7444,"X","functional intergenic repeating RNA element"
"Wdr45",-0.0919188888547735,0.4124,"X","WD repeat domain 45"
"Ank3",0.0919028836922298,0.482,"10","ankyrin 3, epithelial"
"Ric8a",-0.0918939418207376,0.2112,"7","RIC8 guanine nucleotide exchange factor A"
"Reep3",0.0918772229278524,0.4288,"10","receptor accessory protein 3"
"Nol10",-0.0918541336755911,0.3972,"12","nucleolar protein 10"
"Eif1a",-0.0918052676001428,0.0936,"18","eukaryotic translation initiation factor 1A"
"Cystm1",-0.0917913734819793,0.556,"18","cysteine-rich transmembrane module containing 1"
"Akirin1",-0.0917491738756553,0.1752,"4","akirin 1"
"Sin3b",-0.0917413353467991,0.35,"8","transcriptional regulator, SIN3B (yeast)"
"Cdan1",-0.0917243674061616,0.576,"2","congenital dyserythropoietic anemia, type I (human)"
"Cog1",0.0917042291731693,0.4732,"11","component of oligomeric golgi complex 1"
"Pink1",-0.0916912559357428,0.7196,"4","PTEN induced putative kinase 1"
"Vmp1",0.0916143870141859,0.3564,"11","vacuole membrane protein 1"
"Trmt2a",-0.0915843483399099,0.4912,"16","TRM2 tRNA methyltransferase 2A"
"Alg14",-0.0915810798252479,0.6284,"3","asparagine-linked glycosylation 14"
"Cadps2",0.0915785709782355,0.7284,"6","Ca2+-dependent activator protein for secretion 2"
"Ufsp2",0.0915762013763528,0.4452,"8","UFM1-specific peptidase 2"
"Llgl1",-0.0915692912430348,0.1204,"11","LLGL1 scribble cell polarity complex component"
"2410002F23Rik",-0.0915672668671927,0.2604,"7","RIKEN cDNA 2410002F23 gene"
"Frg1",0.0915118937325827,0.408,"8","FSHD region gene 1"
"Hpgds",0.0915113376639762,0.8648,"6","hematopoietic prostaglandin D synthase"
"Rab4b",-0.0914911333218829,0.6984,"7","RAB4B, member RAS oncogene family"
"Ubl7",-0.0914770036454975,0.6124,"9","ubiquitin-like 7 (bone marrow stromal cell-derived)"
"Atg4a",0.0914017489231096,0.4856,"X","autophagy related 4A, cysteine peptidase"
"Pak4",-0.0914004061170886,0.628,"7","p21 (RAC1) activated kinase 4"
"Exoc3l",-0.0913981853140808,0.3456,"8","exocyst complex component 3-like"
"Fam104a",-0.0913966271258468,0.3928,"11","family with sequence similarity 104, member A"
"Rras2",0.0913935801754242,0.5916,"7","related RAS viral (r-ras) oncogene 2"
"Ptpn14",0.091390653859464,0.7388,"1","protein tyrosine phosphatase, non-receptor type 14"
"Eif3g",-0.0913624070778347,0.6596,"9","eukaryotic translation initiation factor 3, subunit G"
"Ncapd2",0.0913492466789974,0.568,"6","non-SMC condensin I complex, subunit D2"
"Ppp1r3d",0.0913428708304296,0.5996,"2","protein phosphatase 1, regulatory subunit 3D"
"Zfp712",0.0913365714185859,0.6212,"13","zinc finger protein 712"
"Ckap4",0.0913171292071482,0.4048,"10","cytoskeleton-associated protein 4"
"Map1s",-0.0913114714886225,0.498,"8","microtubule-associated protein 1S"
"Acsl5",0.0913063115129233,0.1732,"19","acyl-CoA synthetase long-chain family member 5"
"Pip5k1c",0.0913029322720558,0.3944,"10","phosphatidylinositol-4-phosphate 5-kinase, type 1 gamma"
"Xrn2",0.0913018520882956,0.71,"2","5'-3' exoribonuclease 2"
"Kif16b",0.0911857027186742,0.5368,"2","kinesin family member 16B"
"Abhd16a",-0.0911693213036893,0.1432,"17","abhydrolase domain containing 16A"
"Fam76b",0.0911376439520768,0.6388,"9","family with sequence similarity 76, member B"
"Fam216a",0.0910916363220293,0.2656,"5","family with sequence similarity 216, member A"
"Fbh1",0.0909855612978623,0.6408,"2","F-box DNA helicase 1"
"Gata2",-0.0909685558099038,0.714,"6","GATA binding protein 2"
"Gin1",-0.0909550526717746,0.6604,"1","gypsy retrotransposon integrase 1"
"Mrps10",-0.0909465729397763,0.5596,"17","mitochondrial ribosomal protein S10"
"Thoc6",-0.0909226428112904,0.4888,"17","THO complex 6"
"Slc30a2",-0.0909069511469087,0.8528,"4","solute carrier family 30 (zinc transporter), member 2"
"Nr2f6",-0.0908357074863533,0.6852,"8","nuclear receptor subfamily 2, group F, member 6"
"Sap30",-0.0908338879468968,0.5024,"8","sin3 associated polypeptide"
"Meaf6",0.0907856270413649,0.2076,"4","MYST/Esa1-associated factor 6"
"Klc2",0.0907733183241977,0.3176,"19","kinesin light chain 2"
"Epg5",0.0907098344466455,0.5464,"18","ectopic P-granules autophagy protein 5 homolog (C. elegans)"
"Col4a1",0.0907050229330704,0.7776,"8","collagen, type IV, alpha 1"
"Kdelr1",-0.09070072563315,0.5232,"7","KDEL (Lys-Asp-Glu-Leu) endoplasmic reticulum protein retention receptor 1"
"Pdxp",-0.0906812514867612,0.6888,"15","pyridoxal (pyridoxine, vitamin B6) phosphatase"
"Hdac4",0.0906386096676108,0.4788,"1","histone deacetylase 4"
"Sema5b",0.0906244879720486,0.7484,"16","sema domain, seven thrombospondin repeats (type 1 and type 1-like), transmembrane domain (TM) and short cytoplasmic domain, (semaphorin) 5B"
"Saraf",-0.0905790369236881,0.4708,"8","store-operated calcium entry-associated regulatory factor"
"Ppfia2",0.0905783530402164,0.19,"10","protein tyrosine phosphatase, receptor type, f polypeptide (PTPRF), interacting protein (liprin), alpha 2"
"Gabra5",0.0905664112028433,0.312,"7","gamma-aminobutyric acid (GABA) A receptor, subunit alpha 5"
"Fli1",-0.0905522628913442,0.8272,"9","Friend leukemia integration 1"
"Lmnb2",0.0905481265420702,0.5132,"10","lamin B2"
"Nsd3",0.0905329440693396,0.654,"8","nuclear receptor binding SET domain protein 3"
"Stx17",0.090515476765697,0.4548,"4","syntaxin 17"
"Rtl5",-0.0905131827608114,0.078,"X","retrotransposon Gag like 5"
"Vps33b",-0.0905112718932717,0.7292,"7","vacuolar protein sorting 33B"
"Matk",-0.0905108020200434,0.3984,"10","megakaryocyte-associated tyrosine kinase"
"B3gat1",-0.0904357179296511,0.4212,"9","beta-1,3-glucuronyltransferase 1 (glucuronosyltransferase P)"
"Ppp2r3d",-0.0904229074252818,0.4296,"9","protein phosphatase 2 (formerly 2A), regulatory subunit B'', delta"
"Rbm12",0.0904179207978539,0.6928,"2","RNA binding motif protein 12"
"Azin2",-0.0903887417954792,0.5524,"4","antizyme inhibitor 2"
"Gpatch2l",0.0903727511620094,0.4436,"12","G patch domain containing 2 like"
"4933427D14Rik",-0.0903670687900329,0.7072,"11","RIKEN cDNA 4933427D14 gene"
"4933427D14Rik",-0.0903670687900329,0.7072,"11","RIKEN cDNA 4933427D14 gene"
"4933427D14Rik",-0.0903670687900329,0.7072,"11","RIKEN cDNA 4933427D14 gene"
"Pcmt1",-0.0903228295418073,0.0524,"10","protein-L-isoaspartate (D-aspartate) O-methyltransferase 1"
"Ywhab",-0.090290617446021,0.5548,"2","tyrosine 3-monooxygenase/tryptophan 5-monooxygenase activation protein, beta polypeptide"
"Dcp1a",0.0902789900712859,0.2184,"14","decapping mRNA 1A"
"Pwwp2a",0.0902484869907836,0.2964,"11","PWWP domain containing 2A"
"Hnrnpul1",0.0902340699826274,0,"7","heterogeneous nuclear ribonucleoprotein U-like 1"
"Rcbtb1",0.0901763934896262,0.558,"14","regulator of chromosome condensation (RCC1) and BTB (POZ) domain containing protein 1"
"Klhl42",0.0901476729777144,0.1496,"6","kelch-like 42"
"Grk3",0.090139969710016,0.4396,"5","G protein-coupled receptor kinase 3"
"Cdc5l",0.0901202335518025,0.2996,"17","cell division cycle 5-like (S. pombe)"
"Slc39a13",-0.0901174503345539,0.2988,"2","solute carrier family 39 (metal ion transporter), member 13"
"Yipf5",0.0901034420878952,0.3944,"18","Yip1 domain family, member 5"
"Ckb",-0.0900992179025781,0.5696,"12","creatine kinase, brain"
"1110038F14Rik",-0.0900875682529012,0.6292,"15","RIKEN cDNA 1110038F14 gene"
"Xpa",-0.0900808480087223,0.5664,"4","xeroderma pigmentosum, complementation group A"
"Ufl1",0.0900607177042749,0.138,"4","UFM1 specific ligase 1"
"Ube2i",-0.0900329604410022,0.4748,"17","ubiquitin-conjugating enzyme E2I"
"Slc35d1",-0.0900191879863415,0.4992,"4","solute carrier family 35 (UDP-glucuronic acid/UDP-N-acetylgalactosamine dual transporter), member D1"
"Nr1h2",-0.0900049068384554,0.5724,"7","nuclear receptor subfamily 1, group H, member 2"
"Slc20a1",-0.0900042361469238,0.3612,"2","solute carrier family 20, member 1"
"Pkd2",0.0899993303789985,0.54,"5","polycystin 2, transient receptor potential cation channel"
"Pip4k2a",0.0899794174997579,0.5432,"2","phosphatidylinositol-5-phosphate 4-kinase, type II, alpha"
"Elk4",0.089925649374079,0.5672,"1","ELK4, member of ETS oncogene family"
"Nfkbib",-0.0899188297833158,0.5988,"7","nuclear factor of kappa light polypeptide gene enhancer in B cells inhibitor, beta"
"Wdr61",-0.0898772116697728,0.3304,"9","WD repeat domain 61"
"Med25",-0.0898593819236426,0.606,"7","mediator complex subunit 25"
"9330151L19Rik",-0.0898329552991832,0.5896,"12","RIKEN cDNA 9330151L19 gene"
"Cdc42bpg",0.0898298069670318,0.5056,"19","CDC42 binding protein kinase gamma (DMPK-like)"
"2310002F09Rik",-0.08982649568759,0.8076,"7","RIKEN cDNA 2310002F09 gene"
"Slc35a4",-0.0898224865683384,0.5556,"18","solute carrier family 35, member A4"
"Gal3st1",-0.0898172719000554,0.6488,"11","galactose-3-O-sulfotransferase 1"
"Arrdc2",-0.0898163002554444,0.8488,"8","arrestin domain containing 2"
"Fads1",-0.0898132979603883,0.6784,"19","fatty acid desaturase 1"
"Kctd4",0.0898120293561169,0.3824,"14","potassium channel tetramerisation domain containing 4"
"Ndufa8",-0.0897881394382525,0.7128,"2","NADH:ubiquinone oxidoreductase subunit A8"
"Traf7",-0.0897855170094486,0.444,"17","TNF receptor-associated factor 7"
"Nol8",0.0897682303106935,0.5212,"13","nucleolar protein 8"
"Pnp",-0.0897669381303299,0.5964,"14","purine-nucleoside phosphorylase"
"Lmtk3",-0.0897623721468932,0.6108,"7","lemur tyrosine kinase 3"
"Ppil1",-0.0897563061043467,0.6656,"17","peptidylprolyl isomerase (cyclophilin)-like 1"
"Sfpq",0.0897500496004779,0.5516,"4","splicing factor proline/glutamine rich (polypyrimidine tract binding protein associated)"
"Smu1",0.0897457278073057,0.2956,"4","smu-1 suppressor of mec-8 and unc-52 homolog (C. elegans)"
"Cttn",0.089716625071663,0.666,"7","cortactin"
"Esyt2",0.0897018392276809,0.6996,"12","extended synaptotagmin-like protein 2"
"Egln2",-0.0896936535267017,0.4932,"7","egl-9 family hypoxia-inducible factor 2"
"Sfn",0.0896873447269855,0.8148,"4","stratifin"
"Zfp418",0.0896791418808611,0.3232,"7","zinc finger protein 418"
"Slc46a1",-0.0896688031449431,0.6324,"11","solute carrier family 46, member 1"
"Ppp6r2",-0.0896429414404141,0.28,"15","protein phosphatase 6, regulatory subunit 2"
"Gm2061",-0.0896212927249591,0.7204,"1","predicted gene 2061"
"Brsk2",0.0896052437567567,0.0752,"7","BR serine/threonine kinase 2"
"Mcm3ap",-0.0895889021057794,0.5996,"10","minichromosome maintenance complex component 3 associated protein"
"Ric1",0.0895856705305542,0.7212,"19","RAB6A GEF complex partner 1"
"Slc44a2",-0.0895830194952101,0.1976,"9","solute carrier family 44, member 2"
"Scrn3",0.0895699724780945,0.5012,"2","secernin 3"
"Sorcs3",0.089566894266162,0.8388,"19","sortilin-related VPS10 domain containing receptor 3"
"Caml",0.0895566783019195,0.2112,"13","calcium modulating ligand"
"Efemp2",-0.0895477618214895,0.6704,"19","epidermal growth factor-containing fibulin-like extracellular matrix protein 2"
"Zfp207",0.0895379212253689,0.548,"11","zinc finger protein 207"
"Golga5",0.0895331729016933,0.1696,"12","golgi autoantigen, golgin subfamily a, 5"
"2700054A10Rik",-0.0895245754521121,0.6592,"17","RIKEN cDNA 2700054A10 gene"
"Klhdc2",0.089521896361509,0.4216,"12","kelch domain containing 2"
"Megf10",0.0895167264623966,0.5268,"18","multiple EGF-like-domains 10"
"Prmt5",-0.0895161253989754,0.4452,"14","protein arginine N-methyltransferase 5"
"Ssh3",-0.0895068347431911,0.6604,"19","slingshot protein phosphatase 3"
"Fdft1",-0.0894825762645564,0.3688,"14","farnesyl diphosphate farnesyl transferase 1"
"Ttc4",-0.0894628103643118,0.5288,"4","tetratricopeptide repeat domain 4"
"Arl2bp",-0.0894427048109927,0.4368,"8","ADP-ribosylation factor-like 2 binding protein"
"Grina",-0.0894413860181018,0.5692,"15","glutamate receptor, ionotropic, N-methyl D-aspartate-associated protein 1 (glutamate binding)"
"Smarca4",0.0894412032833714,0.3128,"9","SWI/SNF related, matrix associated, actin dependent regulator of chromatin, subfamily a, member 4"
"Fzd7",0.0894304038912299,0.6924,"1","frizzled class receptor 7"
"Tln1",-0.0893864945693634,0.298,"4","talin 1"
"Slc5a5",-0.089382278049158,0.6196,"8","solute carrier family 5 (sodium iodide symporter), member 5"
"Hnrnpl",-0.0893810755140061,0.3512,"7","heterogeneous nuclear ribonucleoprotein L"
"Kcnj16",0.0893772911127293,0.6252,"11","potassium inwardly-rectifying channel, subfamily J, member 16"
"Lipt2",0.0893606462617293,0.7112,"7","lipoyl(octanoyl) transferase 2 (putative)"
"Tbce",-0.089350588674491,0.6804,"13","tubulin-specific chaperone E"
"Aars2",-0.0893441772963959,0.554,"17","alanyl-tRNA synthetase 2, mitochondrial"
"Banf1",-0.0893430106543383,0.782,"19","BAF nuclear assembly factor 1"
"Stxbp4",0.0893410623706545,0.454,"11","syntaxin binding protein 4"
"Tbp",0.0893363227213806,0.322,"17","TATA box binding protein"
"Tmco3",0.0893339195003575,0.404,"8","transmembrane and coiled-coil domains 3"
"Tmed2",-0.0893308113631059,0.4268,"5","transmembrane p24 trafficking protein 2"
"Gm15246",0.0892933087028283,0.6112,"X","predicted gene 15246"
"Dscaml1",0.089276965315424,0.4104,"9","DS cell adhesion molecule like 1"
"Oscar",-0.0892682929643722,0.7808,"7","osteoclast associated receptor"
"Cmya5",-0.0892480100708579,0.6384,"13","cardiomyopathy associated 5"
"Smarcc1",0.0892401046747908,0.1464,"9","SWI/SNF related, matrix associated, actin dependent regulator of chromatin, subfamily c, member 1"
"6030458C11Rik",0.0892346313468675,0.2932,"15","RIKEN cDNA 6030458C11 gene"
"Ago1",0.0892064540181678,0.5036,"4","argonaute RISC catalytic subunit 1"
"Sntb2",0.089192668180667,0.8628,"8","syntrophin, basic 2"
"Cenpc1",0.0891533530897837,0.6472,"5","centromere protein C1"
"Agap1",0.0891227241303429,0.4872,"1","ArfGAP with GTPase domain, ankyrin repeat and PH domain 1"
"Zfp36",0.0890564018038069,0.7448,"7","zinc finger protein 36"
"Nup205",0.0890414159702351,0.6396,"6","nucleoporin 205"
"Bcl10",-0.089032913973083,0.4364,"3","B cell leukemia/lymphoma 10"
"Prpf4",0.0890227233587462,0.5672,"4","pre-mRNA processing factor 4"
"Nrn1",0.0890223909744545,0.276,"13","neuritin 1"
"Cipc",0.089016214036258,0.3508,"12","CLOCK interacting protein, circadian"
"Oxsr1",-0.0889876232364006,0.7336,"9","oxidative-stress responsive 1"
"Tubgcp6",0.0889479114510703,0.7332,"15","tubulin, gamma complex associated protein 6"
"Xpot",0.0889196760295468,0.2356,"10","exportin, tRNA (nuclear export receptor for tRNAs)"
"Il6ra",0.0888855330232181,0.8824,"3","interleukin 6 receptor, alpha"
"Gt(ROSA)26Sor",-0.0888808213962662,0.714,"6","gene trap ROSA 26, Philippe Soriano"
"Alas1",0.0888363104845888,0.4292,"9","aminolevulinic acid synthase 1"
"Zfp346",-0.0888312158558913,0.3412,"13","zinc finger protein 346"
"Tango6",0.0888173121641715,0.5692,"8","transport and golgi organization 6"
"Cyp46a1",-0.0887912270540205,0.6484,"12","cytochrome P450, family 46, subfamily a, polypeptide 1"
"Rgl3",0.0887873954885374,0.3484,"9","ral guanine nucleotide dissociation stimulator-like 3"
"Zer1",-0.0887764062386953,0.4724,"2","zyg-11 related, cell cycle regulator"
"Bcl7b",-0.0887673006930783,0.7044,"5","B cell CLL/lymphoma 7B"
"Ccdc142",-0.0887659895436816,0.766,"6","coiled-coil domain containing 142"
"Cox10",-0.0887412321585641,0.206,"11","heme A:farnesyltransferase cytochrome c oxidase assembly factor 10"
"Proz",-0.0887061051663887,0.5876,"8","protein Z, vitamin K-dependent plasma glycoprotein"
"N4bp2l1",0.0887044659287879,0.6108,"5","NEDD4 binding protein 2-like 1"
"Taf5",0.0887029781677366,0.1584,"19","TATA-box binding protein associated factor 5"
"Med4",-0.0886979532646111,0.4928,"14","mediator complex subunit 4"
"Dnajc15",-0.0886878641774818,0.6644,"14","DnaJ heat shock protein family (Hsp40) member C15"
"C87436",-0.0886875398865783,0.5324,"6","expressed sequence C87436"
"Tbc1d23",0.0886785787985342,0.4752,"16","TBC1 domain family, member 23"
"Pptc7",0.0886671416948852,0.362,"5","PTC7 protein phosphatase homolog"
"Zfand5",0.0886569192334417,0.2944,"19","zinc finger, AN1-type domain 5"
"Slc13a4",0.0885788128730005,0.9312,"6","solute carrier family 13 (sodium/sulfate symporters), member 4"
"Zcchc24",0.0885570536620488,0.6532,"14","zinc finger, CCHC domain containing 24"
"Exoc2",0.0885421733432779,0.61,"13","exocyst complex component 2"
"Nipsnap1",-0.0885304418341004,0.5132,"11","nipsnap homolog 1"
"Osbpl1a",-0.0885084326172976,0.5376,"18","oxysterol binding protein-like 1A"
"Nfu1",-0.0885058784318318,0.4824,"6","NFU1 iron-sulfur cluster scaffold"
"Rhobtb1",-0.0885008233014672,0.8308,"10","Rho-related BTB domain containing 1"
"Hecw1",0.0884917809605312,0.4944,"13","HECT, C2 and WW domain containing E3 ubiquitin protein ligase 1"
"Mcfd2",-0.0884836054807323,0.3924,"17","multiple coagulation factor deficiency 2"
"Gars",-0.088481693852696,0.252,"6","glycyl-tRNA synthetase"
"Zfp800",0.0884668164367497,0.7576,"6","zinc finger protein 800"
"Cfap46",0.0884591963772396,0.8412,"7","cilia and flagella associated protein 46"
"Kcnip4",-0.0884474196721783,0.546,"5","Kv channel interacting protein 4"
"Flot1",-0.0883993235764313,0.6076,"17","flotillin 1"
"Insig1",-0.0883736044735901,0.4864,"5","insulin induced gene 1"
"Slc6a6",0.0883730824647015,0.6848,"6","solute carrier family 6 (neurotransmitter transporter, taurine), member 6"
"Zc3h8",-0.0883462761708307,0.3128,"2","zinc finger CCCH type containing 8"
"Ash2l",0.0883260040019707,0.1764,"8","ASH2 like histone lysine methyltransferase complex subunit"
"Cplane1",-0.0883036398139145,0.7632,"15","ciliogenesis and planar polarity effector 1"
"Fech",0.0882889764087826,0.1816,"18","ferrochelatase"
"Copa",0.0882397876819434,0.104,"1","coatomer protein complex subunit alpha"
"Mterf2",0.0881976633038732,0.5092,"10","mitochondrial transcription termination factor 2"
"Exo5",-0.0881944537113886,0.4584,"4","exonuclease 5"
"Vps35l",-0.0881899367758008,0.1712,"7","VPS35 endosomal protein sorting factor like"
"Gdpd1",0.0881591862704756,0.416,"11","glycerophosphodiester phosphodiesterase domain containing 1"
"Dcun1d3",0.0881281638455889,0.2476,"7","DCN1, defective in cullin neddylation 1, domain containing 3 (S. cerevisiae)"
"Arrdc4",-0.0881260551730545,0.6036,"7","arrestin domain containing 4"
"Hnrnpd",0.0880516354825653,0.3356,"5","heterogeneous nuclear ribonucleoprotein D"
"Exoc4",0.088035377623866,0.3368,"6","exocyst complex component 4"
"Rdh11",0.0880058772547425,0.4752,"12","retinol dehydrogenase 11"
"Tmem204",-0.0879858865173033,0.8048,"17","transmembrane protein 204"
"Igbp1",-0.08798392787598,0.6224,"X","immunoglobulin (CD79A) binding protein 1"
"Ly6a",-0.0879748511547187,0.8512,"15","lymphocyte antigen 6 complex, locus A"
"Aldh5a1",0.0879697056560502,0.1336,"13","aldhehyde dehydrogenase family 5, subfamily A1"
"Pawr",-0.0879560409350231,0.592,"10","PRKC, apoptosis, WT1, regulator"
"Tgfb2",0.0879286799383472,0.4328,"1","transforming growth factor, beta 2"
"Rabgap1",0.0878976545804733,0.3372,"2","RAB GTPase activating protein 1"
"Surf4",-0.0878699161688106,0.4476,"2","surfeit gene 4"
"Cbx6",-0.0878524591919021,0.592,"15","chromobox 6"
"Ulk1",0.0878440519830814,0.27,"5","unc-51 like kinase 1"
"Masp1",0.08783746511304,0.5044,"16","mannan-binding lectin serine peptidase 1"
"Wnt10a",-0.0878300790920123,0.7664,"1","wingless-type MMTV integration site family, member 10A"
"Tbcel",0.0877817096197884,0.118,"9","tubulin folding cofactor E-like"
"Sh3bp2",0.0877755503688094,0.706,"5","SH3-domain binding protein 2"
"Ptk7",-0.0877697795837182,0.4412,"17","PTK7 protein tyrosine kinase 7"
"Irf2",0.0877689376532,0.4276,"8","interferon regulatory factor 2"
"Tsg101",0.0877596601818569,0.4792,"7","tumor susceptibility gene 101"
"Emc10",-0.0877527870423771,0.6024,"7","ER membrane protein complex subunit 10"
"Smchd1",0.0877334666931713,0.6916,"17","SMC hinge domain containing 1"
"Cenpp",0.0877149190391435,0.7724,"13","centromere protein P"
"Sh3rf3",0.0877036969496263,0.3576,"10","SH3 domain containing ring finger 3"
"Syt3",-0.0876816824769273,0.7256,"7","synaptotagmin III"
"Zdhhc24",-0.0876772074213488,0.284,"19","zinc finger, DHHC domain containing 24"
"Prex2",0.0876730243652393,0.6524,"1","phosphatidylinositol-3,4,5-trisphosphate-dependent Rac exchange factor 2"
"Pdlim5",0.0876702659524806,0.4292,"3","PDZ and LIM domain 5"
"Ipo13",-0.0876608861459145,0.1944,"4","importin 13"
"Mief2",-0.087624981696985,0.2676,"11","mitochondrial elongation factor 2"
"Pepd",-0.0876150692671667,0.3784,"7","peptidase D"
"Tbc1d5",0.0876003988848097,0.6004,"17","TBC1 domain family, member 5"
"Hmgn2",-0.0875356373506024,0.5204,"4","high mobility group nucleosomal binding domain 2"
"Med27",-0.0875010499369049,0.7132,"2","mediator complex subunit 27"
"Apex1",-0.0874646930645788,0.2472,"14","apurinic/apyrimidinic endonuclease 1"
"Fem1a",0.0874511299953546,0.3636,"17","fem 1 homolog a"
"Hsf2",0.0874497050810694,0.3884,"10","heat shock factor 2"
"Hpcal1",-0.0874377858593283,0.5208,"12","hippocalcin-like 1"
"Tmem138",-0.0874371902171167,0.458,"19","transmembrane protein 138"
"Tor3a",-0.0874335109416315,0.5116,"1","torsin family 3, member A"
"Pogz",0.0874279722459859,0.5676,"3","pogo transposable element with ZNF domain"
"Rhog",-0.0873601573986784,0.7016,"7","ras homolog family member G"
"Nsmce2",-0.0873588507045486,0.3472,"15","NSE2/MMS21 homolog, SMC5-SMC6 complex SUMO ligase"
"Swt1",-0.087348958910491,0.784,"1","SWT1 RNA endoribonuclease homolog (S. cerevisiae)"
"Serpinb6a",-0.0873438038806871,0.4812,"13","serine (or cysteine) peptidase inhibitor, clade B, member 6a"
"Bmpr1a",0.0873161035105561,0.2024,"14","bone morphogenetic protein receptor, type 1A"
"Vps26b",0.0873125249546227,0.1564,"9","VPS26 retromer complex component B"
"Mrpl48",-0.0872791626840357,0.6532,"7","mitochondrial ribosomal protein L48"
"Cfap65",-0.087272644364039,0.848,"1","cilia and flagella associated protein 65"
"Hlcs",0.0872081255477508,0.4168,"16","holocarboxylase synthetase (biotin-"
"Htr5a",0.0872055399791161,0.566,"5","5-hydroxytryptamine (serotonin) receptor 5A"
"Tdp2",0.0872039300837981,0.2132,"13","tyrosyl-DNA phosphodiesterase 2"
"Sncaip",0.0871906820579191,0.3832,"18","synuclein, alpha interacting protein (synphilin)"
"Crlf3",-0.0871748388346623,0.4484,"11","cytokine receptor-like factor 3"
"Cd55",-0.0871732619703842,0.634,"1","CD55 molecule, decay accelerating factor for complement"
"Gm14322",0.0871643268738209,0.6612,"2","predicted gene 14322"
"Phka2",-0.0871570920709654,0.6228,"X","phosphorylase kinase alpha 2"
"Strip1",-0.087149086293091,0.2048,"3","striatin interacting protein 1"
"9330102E08Rik",-0.0871405321457503,0.5784,"6","RIKEN cDNA 9330102E08 gene"
"Slc13a5",-0.087080641081041,0.6764,"11","solute carrier family 13 (sodium-dependent citrate transporter), member 5"
"Smn1",-0.0870595932902036,0.6868,"13","survival motor neuron 1"
"Kl",-0.0870498737796934,0.7044,"5","klotho"
"Lsm10",-0.0870470925619209,0.5856,"4","U7 snRNP-specific Sm-like protein LSM10"
"Stx1b",0.0870271756716097,0.7336,"7","syntaxin 1B"
"Jakmip2",0.0870149652603711,0.3748,"18","janus kinase and microtubule interacting protein 2"
"Gsdme",-0.0869813492519165,0.3184,"6","gasdermin E"
"Cds1",-0.0869702224201312,0.6756,"5","CDP-diacylglycerol synthase 1"
"Hsd3b7",-0.0869542390584068,0.542,"7","hydroxy-delta-5-steroid dehydrogenase, 3 beta- and steroid delta-isomerase 7"
"Ralgps1",0.0869253963545535,0.6684,"2","Ral GEF with PH domain and SH3 binding motif 1"
"Stard7",-0.08689340563134,0.3608,"2","START domain containing 7"
"AI837181",-0.086874740894376,0.752,"19","expressed sequence AI837181"
"Hus1",0.0868662495587098,0.3952,"11","HUS1 checkpoint clamp component"
"Sertad2",0.0868647668226901,0.2168,"11","SERTA domain containing 2"
"Sipa1",-0.0868571726928367,0.49,"19","signal-induced proliferation associated gene 1"
"Tcf25",-0.0868524355262021,0.336,"8","transcription factor 25 (basic helix-loop-helix)"
"Ogfr",-0.0868520899617247,0.4988,"2","opioid growth factor receptor"
"Fez1",-0.0867908420570558,0.454,"9","fasciculation and elongation protein zeta 1 (zygin I)"
"Mrpl44",-0.0867884003702741,0.4288,"1","mitochondrial ribosomal protein L44"
"Klhl21",-0.086787828773812,0.616,"4","kelch-like 21"
"Psap",-0.0867634186182258,0.3336,"10","prosaposin"
"Vhl",-0.0867601763585597,0.3208,"6","von Hippel-Lindau tumor suppressor"
"Lonp2",0.0867048873969782,0.5088,"8","lon peptidase 2, peroxisomal"
"Sdk2",0.0866613889348224,0.88,"11","sidekick cell adhesion molecule 2"
"Fam76a",-0.0866594210763107,0.2828,"4","family with sequence similarity 76, member A"
"Chmp4b",-0.0866374334619469,0.5252,"2","charged multivesicular body protein 4B"
"Mdh1",-0.0866310792275744,0.5308,"11","malate dehydrogenase 1, NAD (soluble)"
"Vdac2",0.0866040699048476,0.3908,"14","voltage-dependent anion channel 2"
"Arpc1a",-0.0865612105674112,0.5672,"5","actin related protein 2/3 complex, subunit 1A"
"Irak1",-0.086543126783079,0.1652,"X","interleukin-1 receptor-associated kinase 1"
"Babam1",-0.0865353642185704,0.4932,"8","BRISC and BRCA1 A complex member 1"
"Sin3a",0.0865237259818192,0.3992,"9","transcriptional regulator, SIN3A (yeast)"
"Miat",-0.0865228383797998,0.864,"5","myocardial infarction associated transcript (non-protein coding)"
"Tpm3",-0.086475593892362,0.2908,"3","tropomyosin 3, gamma"
"Atp5d",-0.0864663446244123,0.6876,"10","ATP synthase, H+ transporting, mitochondrial F1 complex, delta subunit"
"Pola1",0.0864540006012484,0.7008,"X","polymerase (DNA directed), alpha 1"
"Rundc3a",-0.0864486351625189,0.6784,"11","RUN domain containing 3A"
"Srp9",-0.086438183358343,0.626,"1","signal recognition particle 9"
"Lhx6",0.0864265542051945,0.6268,"2","LIM homeobox protein 6"
"Axl",-0.0864240463041499,0.5532,"7","AXL receptor tyrosine kinase"
"Mzf1",-0.0863933039221694,0.468,"7","myeloid zinc finger 1"
"Pcdhga11",0.0863822017405647,0.8008,"18","protocadherin gamma subfamily A, 11"
"Rabl3",0.086361212672331,0.5996,"16","RAB, member RAS oncogene family-like 3"
"Stmn1",-0.0863512703302192,0.7052,"4","stathmin 1"
"Adam12",0.0863498787641805,0.8124,"7","a disintegrin and metallopeptidase domain 12 (meltrin alpha)"
"Fam32a",0.0862738162856722,0.402,"8","family with sequence similarity 32, member A"
"Myh9",0.0862136091487304,0.686,"15","myosin, heavy polypeptide 9, non-muscle"
"Sec22c",0.0862006899312995,0.3144,"9","SEC22 homolog C, vesicle trafficking protein"
"Tmem47",0.0861860199453695,0.6968,"X","transmembrane protein 47"
"Gga1",-0.0861692691734781,0.3372,"15","golgi associated, gamma adaptin ear containing, ARF binding protein 1"
"Mpp3",0.0861386373902926,0.5772,"11","membrane protein, palmitoylated 3 (MAGUK p55 subfamily member 3)"
"Ino80d",0.0861306706962353,0.6116,"1","INO80 complex subunit D"
"Rsl1d1",-0.0861292214782416,0.2676,"16","ribosomal L1 domain containing 1"
"Wdr24",-0.086126071718482,0.4144,"17","WD repeat domain 24"
"Tm2d1",0.0861195418386123,0.4264,"4","TM2 domain containing 1"
"Wtap",0.0861013085236841,0.3984,"17","WT1 associating protein"
"Esco1",0.0860766663240873,0.5236,"18","establishment of sister chromatid cohesion N-acetyltransferase 1"
"Abat",0.086070842623803,0.402,"16","4-aminobutyrate aminotransferase"
"Tapt1",0.0860360391867632,0.3476,"5","transmembrane anterior posterior transformation 1"
"Dcaf7",0.0860037422332125,0.39,"11","DDB1 and CUL4 associated factor 7"
"Nup62",-0.0859928477745697,0.5008,"7","nucleoporin 62"
"Tbpl1",-0.0859899930542012,0.4808,"10","TATA box binding protein-like 1"
"Zfp959",-0.0859691973396952,0.2904,"17","zinc finger protein 959"
"Tomm40",-0.0859654873543017,0.6896,"7","translocase of outer mitochondrial membrane 40"
"Eif1ad",-0.0859300424795419,0.5596,"19","eukaryotic translation initiation factor 1A domain containing"
"Ezr",0.0859109498452666,0.4484,"17","ezrin"
"Pelo",-0.0859028911698738,0.5024,"13","pelota mRNA surveillance and ribosome rescue factor"
"Zzef1",-0.0859020611613541,0.5868,"11","zinc finger, ZZ-type with EF hand domain 1"
"Acadm",0.0858987184900721,0.2944,"3","acyl-Coenzyme A dehydrogenase, medium chain"
"Tpp1",0.0858781982270447,0.2552,"7","tripeptidyl peptidase I"
"Slc25a16",0.0858304162588066,0.3916,"10","solute carrier family 25 (mitochondrial carrier, Graves disease autoantigen), member 16"
"Cdc37",-0.0858292332136577,0.5932,"9","cell division cycle 37"
"Kcnip3",-0.0857790745025637,0.7192,"2","Kv channel interacting protein 3, calsenilin"
"Lrrc8d",0.0857769497768652,0.5072,"5","leucine rich repeat containing 8D"
"Rrbp1",-0.0857685188114727,0.6028,"2","ribosome binding protein 1"
"Fgfr1op2",0.0857425973619614,0.4496,"6","FGFR1 oncogene partner 2"
"Cttnbp2",0.085732924772902,0.6712,"6","cortactin binding protein 2"
"Caly",-0.0857015006068469,0.7968,"7","calcyon neuron-specific vesicular protein"
"Psmd11",0.0856704811550539,0.1312,"11","proteasome (prosome, macropain) 26S subunit, non-ATPase, 11"
"Ociad1",-0.0856509399351877,0.382,"5","OCIA domain containing 1"
"9130024F11Rik",0.0856454710692773,0.8924,"1","RIKEN cDNA 9130024F11 gene"
"Zfp335",-0.0856315753578798,0.4372,"2","zinc finger protein 335"
"Prmt9",-0.0855752459610177,0.4588,"8","protein arginine methyltransferase 9"
"Gins4",-0.0855577269418775,0.5208,"8","GINS complex subunit 4 (Sld5 homolog)"
"Mrpl20",-0.0855478132806047,0.6336,"4","mitochondrial ribosomal protein L20"
"Utp20",0.0855430831554678,0.7724,"10","UTP20 small subunit processome component"
"Rab3a",0.0855253471289004,0.4244,"8","RAB3A, member RAS oncogene family"
"Ptpn11",0.0854664905927942,0.4404,"5","protein tyrosine phosphatase, non-receptor type 11"
"Zfp874b",0.0854412450818849,0.5376,"13","zinc finger protein 874b"
"Hps6",-0.0853851484454324,0.6684,"19","HPS6, biogenesis of lysosomal organelles complex 2 subunit 3"
"Zcrb1",-0.0853669735392861,0.5932,"15","zinc finger CCHC-type and RNA binding motif 1"
"Flrt1",-0.0853557037354009,0.7576,"19","fibronectin leucine rich transmembrane protein 1"
"Ccny",0.0853285211231007,0.2384,"18","cyclin Y"
"Sacm1l",0.0853200281869855,0.354,"9","SAC1 suppressor of actin mutations 1-like (yeast)"
"Asic4",-0.0852829131585953,0.3656,"1","acid-sensing (proton-gated) ion channel family member 4"
"Srp19",-0.0852543429412673,0.544,"18","signal recognition particle 19"
"Gps2",-0.0852521585064148,0.5852,"11","G protein pathway suppressor 2"
"Unc13b",-0.085228170033135,0.7564,"4","unc-13 homolog B"
"Polrmt",-0.0852178123747915,0.418,"10","polymerase (RNA) mitochondrial (DNA directed)"
"Klf6",0.0852085438831898,0.5992,"13","Kruppel-like factor 6"
"Fscn1",-0.0851915917230306,0.6652,"5","fascin actin-bundling protein 1"
"Prkcb",0.0851713944452008,0.5596,"7","protein kinase C, beta"
"Car14",-0.0851615979543641,0.7272,"3","carbonic anhydrase 14"
"Ing2",-0.0851567939115077,0.4412,"8","inhibitor of growth family, member 2"
"Dtna",0.0851564689528823,0.418,"18","dystrobrevin alpha"
"Rassf2",-0.0851387641820134,0.734,"2","Ras association (RalGDS/AF-6) domain family member 2"
"Col6a3",0.0851357802727176,0.9028,"1","collagen, type VI, alpha 3"
"Slc30a6",0.0851190267401458,0.5676,"17","solute carrier family 30 (zinc transporter), member 6"
"Eed",-0.0851087853125261,0.2796,"7","embryonic ectoderm development"
"Pde8b",0.0850656111021824,0.2828,"13","phosphodiesterase 8B"
"Brd8",0.0850600951077967,0.5716,"18","bromodomain containing 8"
"Epm2aip1",0.085043645703422,0.5012,"9","EPM2A (laforin) interacting protein 1"
"Taf9",-0.0850363977905353,0.5088,"13","TATA-box binding protein associated factor 9"
"Ryk",-0.0850230294654954,0.6244,"9","receptor-like tyrosine kinase"
"Itgb5",-0.0849877388001792,0.6828,"16","integrin beta 5"
"Hccs",0.084987167397848,0.428,"X","holocytochrome c synthetase"
"Bms1",0.0849734872029799,0.5408,"6","BMS1, ribosome biogenesis factor"
"Aftph",0.0849628649887073,0.0776,"11","aftiphilin"
"Zbed4",0.0849381435247962,0.5352,"15","zinc finger, BED type containing 4"
"Nr4a3",0.0848958176292181,0.5204,"4","nuclear receptor subfamily 4, group A, member 3"
"Gem",0.084866925358096,0.832,"4","GTP binding protein (gene overexpressed in skeletal muscle)"
"Dbr1",0.0847959606715989,0.4152,"9","debranching RNA lariats 1"
"Ttbk1",0.0847866492485174,0.534,"17","tau tubulin kinase 1"
"Atp6v1d",0.0847719706047787,0.4044,"12","ATPase, H+ transporting, lysosomal V1 subunit D"
"Sumf1",0.0847403343020385,0.4312,"6","sulfatase modifying factor 1"
"B3glct",0.0847320913565315,0.5592,"5","beta-3-glucosyltransferase"
"Parn",-0.0847044890925606,0.3884,"16","poly(A)-specific ribonuclease (deadenylation nuclease)"
"Ctbp2",0.0846707347261901,0.3224,"7","C-terminal binding protein 2"
"Zfp51",0.0846383805302797,0.6224,"17","zinc finger protein 51"
"Tmem255a",-0.0846149851164171,0.7428,"X","transmembrane protein 255A"
"Inf2",0.0846110422601587,0.624,"12","inverted formin, FH2 and WH2 domain containing"
"Reps1",-0.0845688129657498,0.2928,"10","RalBP1 associated Eps domain containing protein"
"Kcnk2",0.0845340806291199,0.5048,"1","potassium channel, subfamily K, member 2"
"Inka2",0.0845309565126175,0.2408,"3","inka box actin regulator 2"
"Syt7",-0.0845302892497024,0.5272,"19","synaptotagmin VII"
"Ift80",0.0845219528980454,0.3688,"3","intraflagellar transport 80"
"Cryz",-0.0845132079360114,0.5648,"3","crystallin, zeta"
"Zswim4",0.0844881713120431,0.4552,"8","zinc finger SWIM-type containing 4"
"Stard3",-0.084484898537438,0.39,"11","START domain containing 3"
"Srp14",-0.0844699989854618,0.6576,"2","signal recognition particle 14"
"Tub",0.0844379944005835,0.6892,"7","tubby bipartite transcription factor"
"Rcc2",-0.0844205543777452,0.4908,"4","regulator of chromosome condensation 2"
"Mthfd1",-0.0844001991114736,0.1196,"12","methylenetetrahydrofolate dehydrogenase (NADP+ dependent), methenyltetrahydrofolate cyclohydrolase, formyltetrahydrofolate synthase"
"Ighmbp2",-0.0843274974292667,0.5876,"19","immunoglobulin mu DNA binding protein 2"
"Fzd6",-0.0843211114206968,0.8012,"15","frizzled class receptor 6"
"Gskip",-0.0842958106408975,0.496,"12","GSK3B interacting protein"
"Rxrb",-0.0842696508806515,0.5272,"17","retinoid X receptor beta"
"Dimt1",0.0842412484769142,0.57,"13","DIM1 dimethyladenosine transferase 1-like (S. cerevisiae)"
"Pcf11",0.0842398696691768,0.6716,"7","PCF11 cleavage and polyadenylation factor subunit"
"Usp15",0.0842350201341606,0.5316,"10","ubiquitin specific peptidase 15"
"Sh3tc2",-0.0842146388002598,0.7864,"18","SH3 domain and tetratricopeptide repeats 2"
"Hsd17b10",-0.0841733731128631,0.7352,"X","hydroxysteroid (17-beta) dehydrogenase 10"
"Asb3",0.0841252225307967,0.4224,"11","ankyrin repeat and SOCS box-containing 3"
"Ptges3",-0.0840903084983173,0.6564,"10","prostaglandin E synthase 3"
"Hap1",-0.0840619752247678,0.5816,"11","huntingtin-associated protein 1"
"Nol6",-0.0840564752861077,0.2644,"4","nucleolar protein family 6 (RNA-associated)"
"Trim12c",0.0840287226472558,0.6344,"7","tripartite motif-containing 12C"
"Hsdl1",-0.0839963762914095,0.252,"8","hydroxysteroid dehydrogenase like 1"
"Ehd1",-0.0839781499709158,0.6256,"19","EH-domain containing 1"
"Ypel3",-0.0839600216120369,0.7572,"7","yippee like 3"
"Septin11",-0.0839482045511071,0.4192,"5","septin 11"
"Tent4a",0.083926785126982,0.386,"13","terminal nucleotidyltransferase 4A"
"Trpm3",0.0839025827838951,0.6644,"19","transient receptor potential cation channel, subfamily M, member 3"
"Sfxn1",-0.083893583103662,0.3228,"13","sideroflexin 1"
"Pdcd5",-0.0838107288650898,0.706,"7","programmed cell death 5"
"Kcnj12",-0.0838025030247622,0.5148,"11","potassium inwardly-rectifying channel, subfamily J, member 12"
"8430429K09Rik",-0.0837928938761237,0.5196,"11","RIKEN cDNA 8430429K09 gene"
"Mrfap1",0.0837809715636855,0.3296,"5","Morf4 family associated protein 1"
"Rdh14",0.0837603230624637,0.5868,"12","retinol dehydrogenase 14 (all-trans and 9-cis)"
"Dmtn",-0.0837572234822126,0.526,"14","dematin actin binding protein"
"Lrrfip1",-0.0837402073534115,0.546,"1","leucine rich repeat (in FLII) interacting protein 1"
"Rab11fip3",0.0837288708293196,0.418,"17","RAB11 family interacting protein 3 (class II)"
"Pknox2",-0.083722563683696,0.4728,"9","Pbx/knotted 1 homeobox 2"
"Cep44",-0.0837038014798801,0.4972,"8","centrosomal protein 44"
"Fbxl20",0.0837022016982374,0.3664,"11","F-box and leucine-rich repeat protein 20"
"Map3k11",-0.0836724381136129,0.5924,"19","mitogen-activated protein kinase kinase kinase 11"
"Rabgef1",-0.0836567157361765,0.2092,"5","RAB guanine nucleotide exchange factor (GEF) 1"
"Eral1",-0.0836549770110571,0.6656,"11","Era (G-protein)-like 1 (E. coli)"
"Tmem98",-0.0836491048284023,0.7628,"11","transmembrane protein 98"
"Acsbg1",-0.0836304678115116,0.7272,"9","acyl-CoA synthetase bubblegum family member 1"
"Zc3hc1",-0.0836274528607572,0.6276,"6","zinc finger, C3HC type 1"
"Lsm14a",0.0836174283444047,0.098,"7","LSM14A mRNA processing body assembly factor"
"Smg1",0.083584536043122,0.8216,"7","SMG1 nonsense mediated mRNA decay associated PI3K related kinase"
"U2surp",0.0835799834708553,0.4888,"9","U2 snRNP-associated SURP domain containing"
"Ctnnd2",0.0835723623843467,0.322,"15","catenin (cadherin associated protein), delta 2"
"Slc6a17",0.0835619072595328,0.6756,"3","solute carrier family 6 (neurotransmitter transporter), member 17"
"Coasy",-0.0835612514843769,0.3664,"11","Coenzyme A synthase"
"Fnip2",0.0834688656529048,0.5,"3","folliculin interacting protein 2"
"Mnat1",0.0834647795277621,0.5408,"12","menage a trois 1"
"Nell1",0.0834610631559878,0.7048,"7","NEL-like 1"
"Rpp25l",-0.0834080580289172,0.7436,"4","ribonuclease P/MRP 25 subunit-like"
"Mapt",0.0833914061266743,0.29,"11","microtubule-associated protein tau"
"Cbfa2t2",0.0833513644482249,0.282,"2","CBFA2/RUNX1 translocation partner 2"
"Zfp788",0.0833488504890498,0.6044,"7","zinc finger protein 788"
"Eps8",0.08333534556935,0.542,"6","epidermal growth factor receptor pathway substrate 8"
"Cdh20",-0.0833297166887204,0.572,"1","cadherin 20"
"Pus7",-0.0832894946441023,0.4404,"5","pseudouridylate synthase 7"
"Kiz",-0.083274260919822,0.6592,"2","kizuna centrosomal protein"
"Atxn7l2",-0.0832390306134396,0.6752,"3","ataxin 7-like 2"
"Map1a",0.083184324861179,0.6424,"2","microtubule-associated protein 1 A"
"Taf3",0.0831330959802319,0.3464,"2","TATA-box binding protein associated factor 3"
"Capza2",0.0831123641802165,0.4124,"6","capping actin protein of muscle Z-line subunit alpha 2"
"Pm20d2",0.0831057270622138,0.4628,"4","peptidase M20 domain containing 2"
"Abca8b",0.0831023282066257,0.57,"11","ATP-binding cassette, sub-family A (ABC1), member 8b"
"Cyp20a1",-0.0831008625804057,0.454,"1","cytochrome P450, family 20, subfamily a, polypeptide 1"
"Lzts3",-0.08307594913411,0.4168,"2","leucine zipper, putative tumor suppressor family member 3"
"Uba1",0.0830423040396315,0.1576,"X","ubiquitin-like modifier activating enzyme 1"
"Abt1",0.083041949155096,0.6704,"13","activator of basal transcription 1"
"Chpf",-0.0830063894901096,0.3928,"1","chondroitin polymerizing factor"
"Gng7",-0.0829056505239656,0.7536,"10","guanine nucleotide binding protein (G protein), gamma 7"
"Pecam1",-0.0828927218630433,0.7552,"11","platelet/endothelial cell adhesion molecule 1"
"Meg3",-0.0828762363494544,0.88,"12","maternally expressed 3"
"Dis3l2",0.0828694397371725,0.1476,"1","DIS3 like 3'-5' exoribonuclease 2"
"Rps6kl1",-0.0828298047685365,0.5712,"12","ribosomal protein S6 kinase-like 1"
"Atad1",0.0828190497432386,0.1324,"19","ATPase family, AAA domain containing 1"
"Erlin2",0.0827602543257235,0.3304,"8","ER lipid raft associated 2"
"Tubb5",-0.0827500329069206,0.6804,"17","tubulin, beta 5 class I"
"Kif21b",0.0827453974592514,0.6416,"1","kinesin family member 21B"
"Ss18l1",0.0827384972735965,0.3864,"2","SS18, nBAF chromatin remodeling complex subunit like 1"
"H2bc21",-0.0827267394409628,0.688,"3","H2B clustered histone 21"
"Tmem234",-0.0826870965442907,0.2164,"4","transmembrane protein 234"
"Ints14",0.0826625789701181,0.3948,"9","integrator complex subunit 14"
"Stk36",-0.0826235551148131,0.7496,"1","serine/threonine kinase 36"
"Anxa6",-0.0825768305619752,0.602,"11","annexin A6"
"Fbxw5",-0.0825122949079775,0.3728,"2","F-box and WD-40 domain protein 5"
"Aifm1",-0.0825110092379564,0.1604,"X","apoptosis-inducing factor, mitochondrion-associated 1"
"Idi1",-0.0825074599222448,0.6432,"13","isopentenyl-diphosphate delta isomerase"
"Rnf216",0.0824081126388609,0.2564,"5","ring finger protein 216"
"Krt73",0.0823964991626416,0.6404,"15","keratin 73"
"Gramd1a",-0.0823913759468073,0.4968,"7","GRAM domain containing 1A"
"Naxd",-0.0823875632462299,0.534,"8","NAD(P)HX dehydratase"
"Tspan14",-0.0823797410274114,0.5516,"14","tetraspanin 14"
"Ndufb3",0.0823795001079173,0.7236,"1","NADH:ubiquinone oxidoreductase subunit B3"
"Cntfr",0.0823365684184827,0.6524,"4","ciliary neurotrophic factor receptor"
"Gria3",0.0823261636908459,0.5176,"X","glutamate receptor, ionotropic, AMPA3 (alpha 3)"
"Scyl3",-0.0822843237775528,0.5164,"1","SCY1-like 3 (S. cerevisiae)"
"Cyba",-0.0822089737498104,0.79,"8","cytochrome b-245, alpha polypeptide"
"Dennd5a",0.0821755686509178,0.6368,"7","DENN/MADD domain containing 5A"
"Prkcsh",-0.0820987959910733,0.4872,"9","protein kinase C substrate 80K-H"
"Ablim2",-0.0820944654434621,0.2708,"5","actin-binding LIM protein 2"
"Anks1",-0.0820906476646082,0.4712,"17","ankyrin repeat and SAM domain containing 1"
"Prrc1",0.0820891059681661,0.4136,"18","proline-rich coiled-coil 1"
"Plpp1",-0.0820841659415548,0.5616,"13","phospholipid phosphatase 1"
"Ppp2r1a",-0.0820689904709937,0.6608,"17","protein phosphatase 2, regulatory subunit A, alpha"
"Yy1",0.0820582820125972,0.0668,"12","YY1 transcription factor"
"Cldn12",0.0820030029972605,0.5116,"5","claudin 12"
"Retreg2",-0.081996046594651,0.4392,"1","reticulophagy regulator family member 2"
"LTO1",-0.0819952543567508,0.5056,"7","ABCE maturation factor"
"Nop14",0.0819932117998574,0.37,"5","NOP14 nucleolar protein"
"Taf6l",-0.0819392869096718,0.7464,"19","TATA-box binding protein associated factor 6 like"
"Taf6l",-0.0819392869096718,0.7464,"19","TATA-box binding protein associated factor 6 like"
"Rbak",-0.0818928630565168,0.4252,"5","RB-associated KRAB zinc finger"
"Ctbs",0.0818823111793048,0.7972,"3","chitobiase"
"Gm20300",0.0818765736234672,0.502,"10","predicted gene, 20300"
"Spg20",0.081869042080875,0.5524,"3","spastic paraplegia 20, spartin (Troyer syndrome) homolog (human)"
"Abcc8",-0.0818216383018138,0.682,"7","ATP-binding cassette, sub-family C (CFTR/MRP), member 8"
"Thoc3",0.0818176751058148,0.3964,"13","THO complex 3"
"Plgrkt",-0.0817797253855344,0.6464,"19","plasminogen receptor, C-terminal lysine transmembrane protein"
"Gns",0.0817730612698293,0.5912,"10","glucosamine (N-acetyl)-6-sulfatase"
"Uqcrc2",0.0817475326783299,0.4132,"7","ubiquinol cytochrome c reductase core protein 2"
"Elovl6",0.0817030923624769,0.616,"3","ELOVL family member 6, elongation of long chain fatty acids (yeast)"
"Fam216b",0.0816983637662785,0.8952,"14","family with sequence similarity 216, member B"
"Cript",-0.0816788850482668,0.7388,"17","cysteine-rich PDZ-binding protein"
"Tpra1",-0.0816699132947578,0.4904,"6","transmembrane protein, adipocyte asscociated 1"
"Septin6",-0.0816541458145341,0.5068,"X","septin 6"
"Psmc5",-0.081618897159303,0.7272,"11","protease (prosome, macropain) 26S subunit, ATPase 5"
"Rbfox3",-0.0815214364895471,0.4424,"11","RNA binding protein, fox-1 homolog (C. elegans) 3"
"Hspbap1",-0.0815134162359983,0.5696,"16","Hspb associated protein 1"
"Hnrnph3",0.0815003490411685,0.4536,"10","heterogeneous nuclear ribonucleoprotein H3"
"Pin1",-0.0814313579724963,0.5056,"9","peptidyl-prolyl cis/trans isomerase, NIMA-interacting 1"
"Ywhag",0.081430135317909,0.1792,"5","tyrosine 3-monooxygenase/tryptophan 5-monooxygenase activation protein, gamma polypeptide"
"Hivep1",0.0813713495935211,0.6076,"13","human immunodeficiency virus type I enhancer binding protein 1"
"Aatf",0.0813711330851099,0.5964,"11","apoptosis antagonizing transcription factor"
"Mag",-0.0813693759430176,0.788,"7","myelin-associated glycoprotein"
"Chd3",0.0813680661028737,0.4472,"11","chromodomain helicase DNA binding protein 3"
"Apbb1",-0.0813506687282839,0.5076,"7","amyloid beta (A4) precursor protein-binding, family B, member 1"
"Higd1a",-0.0813008846681882,0.4704,"9","HIG1 domain family, member 1A"
"Scamp2",-0.0812920803366155,0.488,"9","secretory carrier membrane protein 2"
"Ube2l3",-0.0812918525078681,0.6872,"16","ubiquitin-conjugating enzyme E2L 3"
"Tmem123",0.08125959057555,0.658,"9","transmembrane protein 123"
"Nhp2",-0.0812439595377565,0.754,"11","NHP2 ribonucleoprotein"
"Stk38",-0.081240865744828,0.4592,"17","serine/threonine kinase 38"
"Nudt10",-0.08118984534888,0.1936,"X","nudix (nucleoside diphosphate linked moiety X)-type motif 10"
"Gm2a",-0.0811684680854707,0.6304,"11","GM2 ganglioside activator protein"
"Samd10",-0.081165638859948,0.6012,"2","sterile alpha motif domain containing 10"
"Mcts1",-0.0811379274629127,0.3032,"X","malignant T cell amplified sequence 1"
"Rce1",-0.0811358342307305,0.4628,"19","Ras converting CAAX endopeptidase 1"
"Aebp2",0.0811294821485182,0.3804,"6","AE binding protein 2"
"Washc2",0.0811098919209119,0.5504,"6","WASH complex subunit 2"
"Mau2",-0.0810983460048949,0.6164,"8","MAU2 sister chromatid cohesion factor"
"Mkks",-0.0810935462968247,0.4344,"2","McKusick-Kaufman syndrome"
"Trir",-0.0810737784989,0.7532,"8","telomerase RNA component interacting RNase"
"Dynll1",-0.0810655089694539,0.7364,"5","dynein light chain LC8-type 1"
"Pip4p2",0.0810541730217711,0.2612,"4","phosphatidylinositol-4,5-bisphosphate 4-phosphatase 2"
"Lrrc8a",0.0810464967487459,0.524,"2","leucine rich repeat containing 8A VRAC subunit A"
"Nkiras1",0.0810231840347857,0.3388,"14","NFKB inhibitor interacting Ras-like protein 1"
"Sumo2",0.0810208557452583,0.5416,"11","small ubiquitin-like modifier 2"
"2810021J22Rik",0.0810205986302801,0.4548,"11","RIKEN cDNA 2810021J22 gene"
"Lrrc27",0.0810190280614358,0.6296,"7","leucine rich repeat containing 27"
"Alkbh7",-0.0810125999776976,0.6916,"17","alkB homolog 7"
"Etaa1",0.0810095655454353,0.456,"11","Ewing tumor-associated antigen 1"
"Cc2d1a",0.0810003952610225,0.4104,"8","coiled-coil and C2 domain containing 1A"
"Ubac2",-0.0809932956195007,0.534,"14","ubiquitin associated domain containing 2"
"Acss2",0.0809545835539636,0.3216,"2","acyl-CoA synthetase short-chain family member 2"
"Islr2",0.0809523665700835,0.5768,"9","immunoglobulin superfamily containing leucine-rich repeat 2"
"Mcm9",0.0809302053639565,0.4576,"10","minichromosome maintenance 9 homologous recombination repair factor"
"Tnc",0.0808886367607808,0.7012,"4","tenascin C"
"Pde4a",0.0808746864485448,0.5532,"9","phosphodiesterase 4A, cAMP specific"
"Amz2",-0.0808648463423065,0.2268,"11","archaelysin family metallopeptidase 2"
"Zfp28",0.0808600666065722,0.2156,"7","zinc finger protein 28"
"Gtf2b",-0.0808415797770552,0.6768,"3","general transcription factor IIB"
"Acox3",0.0808361333699414,0.1108,"5","acyl-Coenzyme A oxidase 3, pristanoyl"
"Zfp451",0.0808233547569994,0.666,"1","zinc finger protein 451"
"Ttc21b",0.0807939512133666,0.702,"2","tetratricopeptide repeat domain 21B"
"Tmem126b",0.0807479505683339,0.7868,"7","transmembrane protein 126B"
"Tgfbi",-0.080692617563215,0.822,"13","transforming growth factor, beta induced"
"Chrdl1",-0.0806628820088038,0.684,"X","chordin-like 1"
"Arl10",0.0806245010138316,0.4644,"13","ADP-ribosylation factor-like 10"
"Camk2b",0.0805838553659548,0.2656,"11","calcium/calmodulin-dependent protein kinase II, beta"
"Dstn",0.0805614073249377,0.4268,"2","destrin"
"Klf16",-0.0805269978052401,0.656,"10","Kruppel-like factor 16"
"Tac1",-0.0805008840167534,0.63,"6","tachykinin 1"
"Wdr45b",-0.0804930392780507,0.3828,"11","WD repeat domain 45B"
"Mfhas1",0.0804839262976929,0.51,"8","malignant fibrous histiocytoma amplified sequence 1"
"Tspyl1",0.0804832627728507,0.6364,"10","testis-specific protein, Y-encoded-like 1"
"Zfp384",0.0804739980787907,0.6508,"6","zinc finger protein 384"
"Strap",0.080465433625597,0.3352,"6","serine/threonine kinase receptor associated protein"
"Tars",0.0804590033323347,0.2196,"15","threonyl-tRNA synthetase"
"Igsf9b",-0.0804480931551481,0.8508,"9","immunoglobulin superfamily, member 9B"
"Ifi203",0.0804139725464705,0.7708,"1","interferon activated gene 203"
"Ptgfrn",0.0804069439464277,0.7312,"3","prostaglandin F2 receptor negative regulator"
"Acot7",-0.0803708054167593,0.646,"4","acyl-CoA thioesterase 7"
"Epb41",-0.0803701846672835,0.666,"4","erythrocyte membrane protein band 4.1"
"Rasl11b",-0.0803672674636093,0.5176,"5","RAS-like, family 11, member B"
"Rab6a",0.0803538865809639,0.2784,"7","RAB6A, member RAS oncogene family"
"Afap1",0.0803432287792258,0.542,"5","actin filament associated protein 1"
"Amph",0.0803400129242346,0.3104,"13","amphiphysin"
"Ccdc15",-0.0803058424134933,0.6796,"9","coiled-coil domain containing 15"
"Kcnab1",0.0802945595855951,0.6292,"3","potassium voltage-gated channel, shaker-related subfamily, beta member 1"
"Fam3c",0.0802672099785786,0.3488,"6","FAM3 metabolism regulating signaling molecule C"
"Madd",0.0802475942697258,0.58,"2","MAP-kinase activating death domain"
"Xbp1",-0.0802398710922141,0.6504,"11","X-box binding protein 1"
"Dhtkd1",-0.0802169057710935,0.906,"2","dehydrogenase E1 and transketolase domain containing 1"
"Sptbn4",-0.0802148452395013,0.6496,"7","spectrin beta, non-erythrocytic 4"
"Cd164",0.0801472952112174,0.5656,"10","CD164 antigen"
"Clta",-0.080134102143794,0.714,"4","clathrin, light polypeptide (Lca)"
"Lca5",0.0801232281693038,0.796,"9","Leber congenital amaurosis 5 (human)"
"Il13ra1",0.0801062128523533,0.9052,"X","interleukin 13 receptor, alpha 1"
"Cherp",0.0800740379562921,0.5616,"8","calcium homeostasis endoplasmic reticulum protein"
"Prkab2",0.0800661056932945,0.746,"3","protein kinase, AMP-activated, beta 2 non-catalytic subunit"
"Scamp1",0.0800559274567201,0.1944,"13","secretory carrier membrane protein 1"
"Wbp4",0.0800555226665942,0.4988,"14","WW domain binding protein 4"
"Mphosph9",-0.0800440660407862,0.6728,"5","M-phase phosphoprotein 9"
"Mapk9",0.0800341967524405,0.36,"11","mitogen-activated protein kinase 9"
"Sft2d2",0.0799729916059597,0.498,"1","SFT2 domain containing 2"
"Cndp2",-0.0799045314599409,0.5416,"18","CNDP dipeptidase 2 (metallopeptidase M20 family)"
"Mcm2",0.0798823075662769,0.5036,"6","minichromosome maintenance complex component 2"
"Imp4",0.0798281289967973,0.5364,"1","IMP4, U3 small nucleolar ribonucleoprotein"
"Jkamp",-0.0798104301709843,0.2808,"12","JNK1/MAPK8-associated membrane protein"
"Fbxo3",0.0797837324970398,0.248,"2","F-box protein 3"
"Eif2ak3",-0.0797822878953651,0.3224,"6","eukaryotic translation initiation factor 2 alpha kinase 3"
"Gas1",0.0797655022318851,0.614,"13","growth arrest specific 1"
"Yme1l1",0.0797586358518743,0.644,"2","YME1-like 1 (S. cerevisiae)"
"Sec14l5",-0.0797201146396911,0.86,"16","SEC14-like lipid binding 5"
"Anpep",0.0797165826212951,0.8296,"7","alanyl (membrane) aminopeptidase"
"Klhl28",0.0797018155906364,0.892,"12","kelch-like 28"
"Flad1",-0.079685320051734,0.312,"3","flavin adenine dinucleotide synthetase 1"
"Rcn2",0.0796758756322991,0.478,"9","reticulocalbin 2"
"Tmem117",0.0796636773527495,0.6516,"15","transmembrane protein 117"
"Anp32b",-0.0796541017215393,0.6932,"4","acidic (leucine-rich) nuclear phosphoprotein 32 family, member B"
"Bcor",0.07964857476132,0.486,"X","BCL6 interacting corepressor"
"Gpcpd1",0.0796029711706536,0.6456,"2","glycerophosphocholine phosphodiesterase 1"
"Nckipsd",-0.0795955020247989,0.3228,"9","NCK interacting protein with SH3 domain"
"Cwc25",0.0795896988433666,0.2016,"11","CWC25 spliceosome-associated protein"
"Slc30a9",0.0795858225987676,0.162,"5","solute carrier family 30 (zinc transporter), member 9"
"Stac",0.0795368903947171,0.7568,"9","src homology three (SH3) and cysteine rich domain"
"Unkl",0.0795321931513246,0.6896,"17","unkempt family like zinc finger"
"Ankrd27",-0.0795314557289331,0.556,"7","ankyrin repeat domain 27 (VPS9 domain)"
"Dpagt1",-0.0795187957362122,0.5012,"9","dolichyl-phosphate N-acetylglucosaminephosphotransferase 1"
"1700001O22Rik",-0.0794812220464771,0.728,"2","RIKEN cDNA 1700001O22 gene"
"Btd",-0.0794322836876411,0.61,"14","biotinidase"
"Surf1",-0.0794156401562764,0.4924,"2","surfeit gene 1"
"Rsu1",0.079357512399393,0.6948,"2","Ras suppressor protein 1"
"Cmtm4",0.07933356937684,0.4488,"8","CKLF-like MARVEL transmembrane domain containing 4"
"Spry4",0.0793237591682852,0.6668,"18","sprouty RTK signaling antagonist 4"
"Cdh4",-0.079290257225487,0.774,"2","cadherin 4"
"Eya3",0.0792752489877406,0.3548,"4","EYA transcriptional coactivator and phosphatase 3"
"Slc17a7",-0.0792634967330201,0.5232,"7","solute carrier family 17 (sodium-dependent inorganic phosphate cotransporter), member 7"
"Dot1l",-0.0792525588106914,0.8176,"10","DOT1-like, histone H3 methyltransferase (S. cerevisiae)"
"Mbtps1",0.0792210873909971,0,"8","membrane-bound transcription factor peptidase, site 1"
"Snu13",-0.0791797009559065,0.6636,"15","SNU13 homolog, small nuclear ribonucleoprotein (U4/U6.U5)"
"Krit1",0.0791600013980363,0.62,"5","KRIT1, ankyrin repeat containing"
"Cryzl1",-0.0791598214394398,0.2976,"16","crystallin, zeta (quinone reductase)-like 1"
"Cd68",-0.0791475505269617,0.7912,"11","CD68 antigen"
"Zmym4",0.0791358829804265,0.4888,"4","zinc finger, MYM-type 4"
"Stxbp3",0.0791264453431424,0.69,"3","syntaxin binding protein 3"
"Nfe2l2",0.079108077766695,0.3068,"2","nuclear factor, erythroid derived 2, like 2"
"Ccdc57",-0.0791003939566024,0.7408,"11","coiled-coil domain containing 57"
"Mmadhc",0.0790938873052678,0.4748,"2","methylmalonic aciduria (cobalamin deficiency) cblD type, with homocystinuria"
"Palmd",0.0790832166340953,0.6048,"3","palmdelphin"
"Ranbp3l",-0.0790556742177393,0.366,"15","RAN binding protein 3-like"
"Guf1",0.0790401398830207,0.7184,"5","GUF1 homolog, GTPase"
"Hspb11",0.0790214067707034,0.6584,"4","heat shock protein family B (small), member 11"
"Fxyd6",-0.0790169933446521,0.5856,"9","FXYD domain-containing ion transport regulator 6"
"Tmem101",-0.0790147776598866,0.6824,"11","transmembrane protein 101"
"Abtb2",-0.0789685198647017,0.4716,"2","ankyrin repeat and BTB (POZ) domain containing 2"
"Prkar2b",-0.0789482183441503,0.366,"12","protein kinase, cAMP dependent regulatory, type II beta"
"Gpr22",0.0789254716162242,0.5996,"12","G protein-coupled receptor 22"
"Dgkz",-0.0789139043258658,0.554,"2","diacylglycerol kinase zeta"
"Rfxank",-0.078913313755173,0.4512,"8","regulatory factor X-associated ankyrin-containing protein"
"Cfl2",0.0788976054677519,0.5576,"12","cofilin 2, muscle"
"Sap130",0.0788938898513951,0.3728,"18","Sin3A associated protein"
"Rab3il1",0.0788920379503733,0.6692,"19","RAB3A interacting protein (rabin3)-like 1"
"Mzt1",0.0788870063143596,0.3916,"14","mitotic spindle organizing protein 1"
"Lrrc55",0.0788634399385355,0.686,"2","leucine rich repeat containing 55"
"Capzb",0.0788493196532194,0.538,"4","capping actin protein of muscle Z-line subunit beta"
"Tbc1d7",-0.078817341997433,0.3928,"13","TBC1 domain family, member 7"
"Sema6a",-0.0788147565909245,0.7884,"18","sema domain, transmembrane domain (TM), and cytoplasmic domain, (semaphorin) 6A"
"Tex2",0.0787868156866809,0.072,"11","testis expressed gene 2"
"Ano4",0.0787817702461497,0.5168,"10","anoctamin 4"
"Vwa3b",-0.0787807518159971,0.6196,"1","von Willebrand factor A domain containing 3B"
"Samm50",-0.0787565864134017,0.2416,"15","SAMM50 sorting and assembly machinery component"
"Nsg1",-0.0787301252809209,0.4256,"5","neuron specific gene family member 1"
"Pheta1",-0.0786818648182575,0.7144,"5","PH domain containing endocytic trafficking adaptor 1"
"Arl6ip5",-0.0786799316200861,0.4928,"6","ADP-ribosylation factor-like 6 interacting protein 5"
"Ccnh",0.0786688149820405,0.4416,"13","cyclin H"
"Itga4",0.0786465453781977,0.7376,"2","integrin alpha 4"
"Wdr70",0.0786299710079152,0.4368,"15","WD repeat domain 70"
"Dtd1",-0.0786296124717927,0.6668,"2","D-tyrosyl-tRNA deacylase 1"
"Zfp810",-0.0786170441436451,0.5472,"9","zinc finger protein 810"
"Ubxn1",0.0786050547913115,0.7796,"19","UBX domain protein 1"
"Itga3",-0.0786036994909658,0.6928,"11","integrin alpha 3"
"Meis3",-0.0785889320594579,0.5508,"7","Meis homeobox 3"
"Ctr9",0.0785439331627797,0.2044,"7","CTR9 homolog, Paf1/RNA polymerase II complex component"
"Pcdhga10",0.0785248397621605,0.7952,"18","protocadherin gamma subfamily A, 10"
"Nolc1",0.0785195922376989,0.4332,"19","nucleolar and coiled-body phosphoprotein 1"
"Cnot2",0.078510652189042,0.3688,"10","CCR4-NOT transcription complex, subunit 2"
"Igsf8",-0.0785044453066099,0.5264,"1","immunoglobulin superfamily, member 8"
"Recql4",-0.0784743874795484,0.79,"15","RecQ protein-like 4"
"Tmem175",-0.0784601563037048,0.4256,"5","transmembrane protein 175"
"Cacng8",-0.0783686272988451,0.4116,"7","calcium channel, voltage-dependent, gamma subunit 8"
"Tmem163",-0.078357095704598,0.788,"1","transmembrane protein 163"
"Lzts2",-0.0783482872058778,0.8092,"19","leucine zipper, putative tumor suppressor 2"
"Fgd3",0.0783145990992464,0.6656,"13","FYVE, RhoGEF and PH domain containing 3"
"Arpc2",0.0783019032508676,0.3712,"1","actin related protein 2/3 complex, subunit 2"
"Pfn4",-0.0782896629561947,0.692,"12","profilin family, member 4"
"Mysm1",0.0782888558418531,0.6836,"4","myb-like, SWIRM and MPN domains 1"
"Immp1l",-0.0782790988654534,0.7412,"2","IMP1 inner mitochondrial membrane peptidase-like (S. cerevisiae)"
"Man1b1",-0.078273766400665,0.1984,"2","mannosidase, alpha, class 1B, member 1"
"Api5",0.0782725323974214,0.392,"2","apoptosis inhibitor 5"
"Trap1",-0.0782723698872738,0.2352,"16","TNF receptor-associated protein 1"
"Afap1l1",-0.078249095002989,0.7244,"18","actin filament associated protein 1-like 1"
"Ormdl3",-0.0782247448958762,0.6088,"11","ORM1-like 3 (S. cerevisiae)"
"Smim26",-0.0782150489165256,0.6844,"2","small integral membrane protein 26"
"Abhd3",0.0781417606187471,0.6348,"18","abhydrolase domain containing 3"
"Slc25a37",-0.0781384459851457,0.686,"14","solute carrier family 25, member 37"
"Ica1l",0.0781288133346232,0.4184,"1","islet cell autoantigen 1-like"
"Agps",0.0781133091384811,0.4704,"2","alkylglycerone phosphate synthase"
"Tmem167",0.0781014178687078,0.368,"13","transmembrane protein 167"
"Ammecr1l",0.0780938545827539,0.6732,"18","AMME chromosomal region gene 1-like"
"Rapgefl1",-0.0780921549033557,0.6544,"11","Rap guanine nucleotide exchange factor (GEF)-like 1"
"Irs2",0.0780749823953579,0.5096,"8","insulin receptor substrate 2"
"Tusc3",-0.0780492724083572,0.5692,"8","tumor suppressor candidate 3"
"Ermp1",0.0780465997296211,0.3208,"19","endoplasmic reticulum metallopeptidase 1"
"Gon4l",-0.0780108481123545,0.544,"3","gon-4-like (C.elegans)"
"Gemin5",-0.0780012749028129,0.3408,"11","gem nuclear organelle associated protein 5"
"Tmem209",0.0779827267633308,0.5976,"6","transmembrane protein 209"
"Trim67",0.0779729035257337,0.5664,"8","tripartite motif-containing 67"
"Mad2l1bp",0.0779724518726224,0.694,"17","MAD2L1 binding protein"
"Cep192",-0.0779693270246447,0.7416,"18","centrosomal protein 192"
"Coro1a",-0.0778386689930812,0.6432,"7","coronin, actin binding protein 1A"
"Endov",-0.0777879187127812,0.3164,"11","endonuclease V"
"Rnasel",-0.0777569408534045,0.8976,"1","ribonuclease L (2', 5'-oligoisoadenylate synthetase-dependent)"
"Tagln3",-0.0777456894692845,0.7076,"16","transgelin 3"
"Rad51c",-0.0777182377122985,0.6292,"11","RAD51 paralog C"
"Rnf24",0.0777094761875725,0.4124,"2","ring finger protein 24"
"Hdac2",0.0777070352273119,0.7652,"10","histone deacetylase 2"
"Usp30",-0.0777058874178218,0.2488,"5","ubiquitin specific peptidase 30"
"Usp30",-0.0777058874178218,0.2488,"5","ubiquitin specific peptidase 30"
"Asb1",0.0776989590672805,0.2624,"1","ankyrin repeat and SOCS box-containing 1"
"Slc29a4",-0.077691947505155,0.7148,"5","solute carrier family 29 (nucleoside transporters), member 4"
"Cyp2s1",-0.0776765528118517,0.7296,"7","cytochrome P450, family 2, subfamily s, polypeptide 1"
"Ciapin1",0.0776683474924624,0.1936,"8","cytokine induced apoptosis inhibitor 1"
"Rufy3",0.0776588681988226,0.1304,"5","RUN and FYVE domain containing 3"
"Adarb2",-0.0776452708100175,0.404,"13","adenosine deaminase, RNA-specific, B2"
"Scn8a",0.0776422518745097,0.5316,"15","sodium channel, voltage-gated, type VIII, alpha"
"Coil",-0.0776218761390268,0.45,"11","coilin"
"Rpia",-0.0776061412504983,0.6608,"6","ribose 5-phosphate isomerase A"
"Nup210",-0.0775990454139164,0.6912,"6","nucleoporin 210"
"Map3k12",0.0775954862421697,0.4768,"15","mitogen-activated protein kinase kinase kinase 12"
"Slfn5",-0.0775886578187959,0.8008,"11","schlafen 5"
"Pnma2",0.0775835113012944,0.5688,"14","paraneoplastic antigen MA2"
"Ckap5",0.0775734330913336,0.3732,"2","cytoskeleton associated protein 5"
"Trp53inp2",0.0775464691803815,0.7876,"2","transformation related protein 53 inducible nuclear protein 2"
"Chmp1b",0.0775198437717464,0.6048,"18","charged multivesicular body protein 1B"
"Gatb",-0.0775190248709468,0.414,"3","glutamyl-tRNA(Gln) amidotransferase, subunit B"
"Eif5a",-0.0775056495004449,0.6188,"11","eukaryotic translation initiation factor 5A"
"Gpc5",0.0774715031004716,0.7064,"14","glypican 5"
"Tspyl5",0.0774708569713622,0.414,"15","testis-specific protein, Y-encoded-like 5"
"Uqcc3",-0.0774636442900256,0.7008,"19","ubiquinol-cytochrome c reductase complex assembly factor 3"
"Fermt2",-0.077452784681868,0.4832,"14","fermitin family member 2"
"Ak7",0.0774451956206808,0.836,"12","adenylate kinase 7"
"Sf3b1",0.0773812354005283,0.6032,"1","splicing factor 3b, subunit 1"
"Dhrs7",-0.0773661747280334,0.4692,"12","dehydrogenase/reductase (SDR family) member 7"
"A830018L16Rik",0.0773457740178234,0.222,"1","RIKEN cDNA A830018L16 gene"
"Ubr2",0.0773369515279629,0.536,"17","ubiquitin protein ligase E3 component n-recognin 2"
"Eri3",-0.0773063802374399,0.6688,"4","exoribonuclease 3"
"Rab11fip5",0.0772759050834946,0.2208,"6","RAB11 family interacting protein 5 (class I)"
"Gtdc1",0.0772649693680938,0.5612,"2","glycosyltransferase-like domain containing 1"
"Cep83",0.0772604488915247,0.4144,"10","centrosomal protein 83"
"Sdc3",0.077247638950892,0.3152,"4","syndecan 3"
"Btbd2",-0.0772143954682187,0.722,"10","BTB (POZ) domain containing 2"
"Bsg",-0.0772065751473097,0.6092,"10","basigin"
"Rbm18",-0.0771565238281227,0.2808,"2","RNA binding motif protein 18"
"Ttc9",0.0771228069583092,0.61,"12","tetratricopeptide repeat domain 9"
"Pik3r4",0.0771154958982363,0.0664,"9","phosphoinositide-3-kinase regulatory subunit 4"
"Gm4988",-0.0771109714007865,0.7544,"X","predicted gene 4988"
"Slc1a3",0.0770751326273622,0.5064,"15","solute carrier family 1 (glial high affinity glutamate transporter), member 3"
"Stx6",-0.0770133343238761,0.6876,"1","syntaxin 6"
"Pstk",-0.0769968141226274,0.5392,"7","phosphoseryl-tRNA kinase"
"Vbp1",0.0769860645016252,0.4548,"X","von Hippel-Lindau binding protein 1"
"Fam13c",0.076973230195474,0.5116,"10","family with sequence similarity 13, member C"
"Farsa",-0.0769625026143324,0.362,"8","phenylalanyl-tRNA synthetase, alpha subunit"
"Cep95",-0.0769587053070198,0.7844,"11","centrosomal protein 95"
"Zfp941",0.0769422177940475,0.8136,"7","zinc finger protein 941"
"Phb2",-0.0769344315577856,0.7296,"6","prohibitin 2"
"Dexi",-0.0769230131702754,0.6512,"16","dexamethasone-induced transcript"
"Dnajc9",-0.0769200074012675,0.4868,"14","DnaJ heat shock protein family (Hsp40) member C9"
"Gdf11",0.0768595858975463,0.5284,"10","growth differentiation factor 11"
"Dph5",-0.0768450317202709,0.6548,"3","diphthamide biosynthesis 5"
"Ndst3",-0.076794284310016,0.8512,"3","N-deacetylase/N-sulfotransferase (heparan glucosaminyl) 3"
"Micall1",0.0767311252747174,0.6788,"15","microtubule associated monooxygenase, calponin and LIM domain containing -like 1"
"Rpgrip1l",0.0767309813822643,0.7528,"8","Rpgrip1-like"
"Nphp4",-0.0767288867192679,0.6492,"4","nephronophthisis 4 (juvenile) homolog (human)"
"Golga2",0.076713996854771,0.0596,"2","golgi autoantigen, golgin subfamily a, 2"
"Cep250",-0.0766818135192739,0.6736,"2","centrosomal protein 250"
"Ppp2r1b",0.0766511777162502,0.5436,"9","protein phosphatase 2, regulatory subunit A, beta"
"Ak1",-0.0766242906212451,0.6044,"2","adenylate kinase 1"
"Pip4k2b",0.076612526145067,0.3216,"11","phosphatidylinositol-5-phosphate 4-kinase, type II, beta"
"Prkd3",-0.0766006063622466,0.114,"17","protein kinase D3"
"Gtf2a2",-0.0765801177927816,0.6896,"9","general transcription factor II A, 2"
"Dcbld1",-0.0765607358576346,0.6032,"10","discoidin, CUB  and LCCL domain containing 1"
"Ankfy1",0.076537479088854,0.5476,"11","ankyrin repeat and FYVE domain containing 1"
"Mblac2",0.0765132338327961,0.5156,"13","metallo-beta-lactamase domain containing 2"
"Kif13b",-0.0764747642376431,0.7088,"14","kinesin family member 13B"
"Pias2",0.0764557362329024,0.5028,"18","protein inhibitor of activated STAT 2"
"Zfp783",-0.0764473766425966,0.7184,"6","zinc finger protein 783"
"Slc10a7",0.0764203641852461,0.4872,"8","solute carrier family 10 (sodium/bile acid cotransporter family), member 7"
"Vav2",0.076414047110561,0.6356,"2","vav 2 oncogene"
"Tsc22d1",-0.0764137237044107,0.3316,"14","TSC22 domain family, member 1"
"Tbc1d32",0.0764127383428939,0.4584,"10","TBC1 domain family, member 32"
"C630043F03Rik",-0.0763996691724627,0.4504,"4","RIKEN cDNA C630043F03 gene"
"Arhgap31",0.076390903340509,0.8388,"16","Rho GTPase activating protein 31"
"Tcf12",0.0763446730430797,0.5964,"9","transcription factor 12"
"Prr36",0.0763142598263684,0.7756,"8","proline rich 36"
"Lypd6",-0.0763110353130312,0.7596,"2","LY6/PLAUR domain containing 6"
"Cry1",0.0762975632631679,0.628,"10","cryptochrome 1 (photolyase-like)"
"Fam181b",-0.0762910199232891,0.6888,"7","family with sequence similarity 181, member B"
"Ift88",0.0762771163719149,0.6492,"14","intraflagellar transport 88"
"Selenof",-0.0762724841465969,0.5628,"3","selenoprotein F"
"Bfar",-0.0762323131683731,0.624,"16","bifunctional apoptosis regulator"
"Bfar",-0.0762323131683731,0.624,"16","bifunctional apoptosis regulator"
"Tbl1xr1",0.0762187931834148,0.3948,"3","transducin (beta)-like 1X-linked receptor 1"
"Sh2b3",-0.076217140355034,0.4716,"5","SH2B adaptor protein 3"
"Gm5124",0.0762029799021375,0.3876,"X","predicted pseudogene 5124"
"Hnrnpa0",-0.0762007535784281,0.3108,"13","heterogeneous nuclear ribonucleoprotein A0"
"Katnal2",-0.076186898125572,0.6472,"18","katanin p60 subunit A-like 2"
"Cbr4",-0.0761858367975861,0.394,"8","carbonyl reductase 4"
"Klf13",0.0761811861602144,0.478,"7","Kruppel-like factor 13"
"Actn1",0.0761574165633965,0.5224,"12","actinin, alpha 1"
"Gpatch11",0.0761539730030618,0.1688,"17","G patch domain containing 11"
"Srsf1",0.0761373264513034,0.5228,"11","serine and arginine-rich splicing factor 1"
"Csrnp1",0.0761059837109817,0.6868,"9","cysteine-serine-rich nuclear protein 1"
"Bcat1",0.0760883572894979,0.748,"6","branched chain aminotransferase 1, cytosolic"
"Smg8",0.0760708493405131,0.498,"11","SMG8 nonsense mediated mRNA decay factor"
"Zfp444",-0.076029079315572,0.698,"7","zinc finger protein 444"
"Bmpr1b",0.0760225752473742,0.7748,"3","bone morphogenetic protein receptor, type 1B"
"Snx24",-0.0760084440490538,0.5168,"18","sorting nexing 24"
"Hdgfl3",0.0759740192632457,0.2228,"7","HDGF like 3"
"Gid8",-0.0759616323594852,0.5284,"2","GID complex subunit 8"
"1110032A03Rik",-0.0759452878842364,0.6136,"9","RIKEN cDNA 1110032A03 gene"
"Mrpl15",-0.0759298989875452,0.5852,"1","mitochondrial ribosomal protein L15"
"Dync1li2",0.0759055984015893,0.3576,"8","dynein, cytoplasmic 1 light intermediate chain 2"
"Nrxn2",0.0758693435008642,0.178,"19","neurexin II"
"Pgbd5",0.0758584552530213,0.3804,"8","piggyBac transposable element derived 5"
"Znhit1",-0.075850119944989,0.7452,"5","zinc finger, HIT domain containing 1"
"Akap8l",-0.0758030757481132,0.6768,"17","A kinase (PRKA) anchor protein 8-like"
"Dpy19l1",-0.075774385428125,0.6728,"9","dpy-19-like 1 (C. elegans)"
"Rnf180",0.0757403654237421,0.642,"13","ring finger protein 180"
"Sox5",0.0757400499823278,0.4844,"6","SRY (sex determining region Y)-box 5"
"Adgrb2",-0.0757332635117987,0.4452,"4","adhesion G protein-coupled receptor B2"
"Lrrn3",0.0757024060961928,0.4388,"12","leucine rich repeat protein 3, neuronal"
"Hgh1",-0.0756729094442705,0.6728,"15","HGH1 homolog"
"Uso1",0.0756717677538479,0.6108,"5","USO1 vesicle docking factor"
"Pcgf6",-0.0756692728597419,0.7128,"19","polycomb group ring finger 6"
"Ppp1r10",0.0756515840572467,0.628,"17","protein phosphatase 1, regulatory subunit 10"
"Slc36a1",0.0755547656889624,0.6268,"11","solute carrier family 36 (proton/amino acid symporter), member 1"
"Zc3h15",0.0755536718904937,0.1376,"2","zinc finger CCCH-type containing 15"
"Mcrip1",-0.0755434290475776,0.5796,"11","MAPK regulated corepressor interacting protein 1"
"Cebpz",0.0755242741053506,0.5716,"17","CCAAT/enhancer binding protein zeta"
"Limd1",-0.075431701765841,0.582,"9","LIM domains containing 1"
"Taf9b",0.0754276436636436,0.4892,"X","TATA-box binding protein associated factor 9B"
"Fam193a",0.0754165963493048,0.4384,"5","family with sequence homology 193, member A"
"Cplx3",-0.0753976371045518,0.8524,"9","complexin 3"
"Fkbp4",0.0753735431028781,0.6704,"6","FK506 binding protein 4"
"Ccdc40",0.0753379033537454,0.8452,"11","coiled-coil domain containing 40"
"Nlrx1",0.0753234659052531,0.6704,"9","NLR family member X1"
"Mical2",0.0752756052417354,0.6352,"7","microtubule associated monooxygenase, calponin and LIM domain containing 2"
"Snx2",0.0752528755337876,0.5072,"18","sorting nexin 2"
"Abl1",0.0752336285721,0.4776,"2","c-abl oncogene 1, non-receptor tyrosine kinase"
"Ift172",-0.0752320493432252,0.6452,"5","intraflagellar transport 172"
"Neo1",0.0752248448580959,0.6092,"9","neogenin"
"Ubap1",-0.0751766984859499,0.3388,"4","ubiquitin-associated protein 1"
"Ccdc170",0.0751513958500875,0.8572,"10","coiled-coil domain containing 170"
"Mtrf1",-0.0751209271409743,0.7788,"14","mitochondrial translational release factor 1"
"Naa15",0.0751090594548778,0.3316,"3","N(alpha)-acetyltransferase 15, NatA auxiliary subunit"
"Gcnt2",0.0750950411446172,0.512,"13","glucosaminyl (N-acetyl) transferase 2, I-branching enzyme"
"Klf10",0.0750641538564985,0.6796,"15","Kruppel-like factor 10"
"Ccnk",0.0750504726542323,0.3376,"12","cyclin K"
"Fam167a",0.0750492834783103,0.7176,"14","family with sequence similarity 167, member A"
"Tent2",0.0750440747975984,0.344,"13","terminal nucleotidyltransferase 2"
"Pus10",-0.0750247148945284,0.7728,"11","pseudouridylate synthase 10"
"Gigyf1",-0.0750066802665792,0.6948,"5","GRB10 interacting GYF protein 1"
"Psma4",0.0749771190261761,0.6728,"9","proteasome subunit alpha 4"
"Hid1",-0.0749481197715092,0.3112,"11","HID1 domain containing"
"Zfp935",-0.0749376040091922,0.6884,"13","zinc finger protein 935"
"Ptpmt1",-0.0749317858713292,0.738,"2","protein tyrosine phosphatase, mitochondrial 1"
"Sik1",-0.0749305125669855,0.7692,"17","salt inducible kinase 1"
"Sigmar1",-0.074910304810559,0.5132,"4","sigma non-opioid intracellular receptor 1"
"Zfp869",0.0748997458436174,0.1912,"8","zinc finger protein 869"
"Ap3m2",0.0748966395226303,0.4556,"8","adaptor-related protein complex 3, mu 2 subunit"
"Scyl1",-0.0748713286977889,0.648,"19","SCY1-like 1 (S. cerevisiae)"
"Camsap3",0.0748496079642038,0.502,"8","calmodulin regulated spectrin-associated protein family, member 3"
"Endod1",0.0748028279466499,0.6436,"9","endonuclease domain containing 1"
"Nifk",-0.0747945966848498,0.3844,"1","nucleolar protein interacting with the FHA domain of MKI67"
"Fiz1",-0.0747813053754287,0.6696,"7","Flt3 interacting zinc finger protein 1"
"Shc1",0.0747792692809099,0.4944,"3","src homology 2 domain-containing transforming protein C1"
"Gnb5",-0.074754786706384,0.6444,"9","guanine nucleotide binding protein (G protein), beta 5"
"Rell2",-0.0747262329327745,0.5584,"18","RELT-like 2"
"Bcl9",0.0747173459472679,0.5812,"3","B cell CLL/lymphoma 9"
"Fbxo45",0.0747106816908678,0.1756,"16","F-box protein 45"
"Nmral1",0.0747037273009754,0.7092,"16","NmrA-like family domain containing 1"
"Ehmt2",-0.0747004395850768,0.532,"17","euchromatic histone lysine N-methyltransferase 2"
"Tle1",0.0746898831176832,0.1608,"4","transducin-like enhancer of split 1"
"Pde10a",0.0746757628897869,0.7356,"17","phosphodiesterase 10A"
"Mllt10",0.0746747602971745,0.5964,"2","myeloid/lymphoid or mixed-lineage leukemia; translocated to, 10"
"Stpg1",-0.0746738279802499,0.7812,"4","sperm tail PG rich repeat containing 1"
"Slc22a15",0.0746687944574713,0.7076,"3","solute carrier family 22 (organic anion/cation transporter), member 15"
"Ergic2",0.0746681101166802,0.4924,"6","ERGIC and golgi 2"
"Dst",0.0746636406561034,0.7568,"1","dystonin"
"Nuf2",-0.0746327935154572,0.7368,"1","NUF2, NDC80 kinetochore complex component"
"Gatad1",-0.0746228362241181,0.5616,"5","GATA zinc finger domain containing 1"
"Igsf3",0.0746223224674338,0.4544,"3","immunoglobulin superfamily, member 3"
"Zfp266",0.0745960268838735,0.5588,"9","zinc finger protein 266"
"Ube4a",0.0745759978854839,0.6644,"9","ubiquitination factor E4A"
"St7",0.0745742170210111,0.4716,"6","suppression of tumorigenicity 7"
"Fxyd7",-0.0745362554154783,0.7756,"7","FXYD domain-containing ion transport regulator 7"
"Ercc2",-0.0745227077986295,0.6356,"7","excision repair cross-complementing rodent repair deficiency, complementation group 2"
"Sdhaf1",-0.0745190362003756,0.8036,"7","succinate dehydrogenase complex assembly factor 1"
"Pacsin2",0.074512440332537,0.3464,"15","protein kinase C and casein kinase substrate in neurons 2"
"Exoc3",0.0745105042173737,0.3248,"13","exocyst complex component 3"
"Lrig2",-0.0744470470631589,0.6364,"3","leucine-rich repeats and immunoglobulin-like domains 2"
"Ankrd40",0.0744200667782389,0.73,"11","ankyrin repeat domain 40"
"Sppl3",-0.0744196738833551,0.6348,"5","signal peptide peptidase 3"
"Ankrd28",0.0744119744704221,0.7448,"14","ankyrin repeat domain 28"
"Lix1l",0.0744093999115458,0.4752,"3","Lix1-like"
"Dnhd1",-0.0743591486094273,0.8012,"7","dynein heavy chain domain 1"
"Lama3",-0.0743344858433959,0.7064,"18","laminin, alpha 3"
"Tmem185b",0.074332011813059,0.568,"1","transmembrane protein 185B"
"Tbc1d17",-0.0743285808555996,0.4452,"7","TBC1 domain family, member 17"
"Thsd1",-0.0743146363281804,0.7744,"8","thrombospondin, type I, domain 1"
"Parp8",-0.0743053460476659,0.5376,"13","poly (ADP-ribose) polymerase family, member 8"
"Pdcd2",-0.0742732453108452,0.6508,"17","programmed cell death 2"
"Vps4a",-0.0742488013661609,0.4048,"8","vacuolar protein sorting 4A"
"Colgalt1",-0.0742190420216895,0.5216,"8","collagen beta(1-O)galactosyltransferase 1"
"Pgam5",0.0742069977931958,0.2172,"5","phosphoglycerate mutase family member 5"
"Jmjd8",-0.0742036881756283,0.63,"17","jumonji domain containing 8"
"Hcn2",-0.0741895423704149,0.724,"10","hyperpolarization-activated, cyclic nucleotide-gated K+ 2"
"Msrb3",0.0741861641040149,0.7872,"10","methionine sulfoxide reductase B3"
"Dock3",0.0741782255966434,0.5748,"9","dedicator of cyto-kinesis 3"
"Slc7a6os",-0.0741629046738144,0.4456,"8","solute carrier family 7, member 6 opposite strand"
"Homer3",-0.0741558558234781,0.6056,"8","homer scaffolding protein 3"
"Actb",-0.074107375739267,0.756,"5","actin, beta"
"Lsg1",-0.0740948934172958,0.29,"16","large 60S subunit nuclear export GTPase 1"
"Smad4",0.0740823035210179,0.3592,"18","SMAD family member 4"
"Zpr1",-0.0740707317692229,0.4764,"9","ZPR1 zinc finger"
"Lfng",-0.0740222924306191,0.6648,"5","LFNG O-fucosylpeptide 3-beta-N-acetylglucosaminyltransferase"
"Mfap1b",0.074020858587895,0.3172,"2","microfibrillar-associated protein 1B"
"Ppp1r11",-0.0740081773420487,0.7332,"17","protein phosphatase 1, regulatory inhibitor subunit 11"
"Map3k14",-0.0739639865894799,0.6144,"11","mitogen-activated protein kinase kinase kinase 14"
"Egfr",0.0739490266879343,0.6352,"11","epidermal growth factor receptor"
"Oat",-0.0739483268340839,0.568,"7","ornithine aminotransferase"
"Ngrn",-0.0739341652917247,0.6648,"7","neugrin, neurite outgrowth associated"
"Nkapd1",0.0738774277775462,0.4956,"9","NKAP domain containing 1"
"H13",-0.0738555330919013,0.0172,"2","histocompatibility 13"
"Stard8",0.0738324982086809,0.794,"X","START domain containing 8"
"U2af1l4",-0.0738294489396667,0.6848,"7","U2 small nuclear RNA auxiliary factor 1-like 4"
"Cpne6",-0.0738203707641922,0.5308,"14","copine VI"
"Wdr5",-0.0737943778570447,0.2184,"2","WD repeat domain 5"
"Rtn4ip1",-0.0737924842606219,0.3456,"10","reticulon 4 interacting protein 1"
"C2cd4c",0.0737773914580315,0.7156,"10","C2 calcium-dependent domain containing 4C"
"Pigg",0.073760444637335,0.5632,"5","phosphatidylinositol glycan anchor biosynthesis, class G"
"Cops5",-0.0737572730064269,0.5,"1","COP9 signalosome subunit 5"
"Taf12",-0.0737558262373001,0.698,"4","TATA-box binding protein associated factor 12"
"Hif1an",0.0737502014748905,0.6376,"19","hypoxia-inducible factor 1, alpha subunit inhibitor"
"Ube2k",0.0737401168056451,0.3328,"5","ubiquitin-conjugating enzyme E2K"
"Dnmt3a",0.0737118015452571,0.7664,"12","DNA methyltransferase 3A"
"Vsig2",-0.0737116962396316,0.5528,"9","V-set and immunoglobulin domain containing 2"
"Slc35a2",-0.0736876374421209,0.5104,"X","solute carrier family 35 (UDP-galactose transporter), member A2"
"Ptp4a3",-0.0736874057699142,0.4112,"15","protein tyrosine phosphatase 4a3"
"Zfp831",0.0736783246196593,0.7316,"2","zinc finger protein 831"
"Cdr2l",0.0736680215126544,0.4688,"11","cerebellar degeneration-related protein 2-like"
"Csrp1",-0.0736262204136668,0.7752,"1","cysteine and glycine-rich protein 1"
"Klhl29",0.0735903192279475,0.5308,"12","kelch-like 29"
"Tardbp",0.0735869577704014,0.4632,"4","TAR DNA binding protein"
"Bicc1",0.0735859235674261,0.7724,"10","BicC family RNA binding protein 1"
"Gpr162",-0.0735577422598421,0.5504,"6","G protein-coupled receptor 162"
"Cotl1",0.0735519961356461,0.6676,"8","coactosin-like 1 (Dictyostelium)"
"9130401M01Rik",-0.0735367201697805,0.7144,"15","RIKEN cDNA 9130401M01 gene"
"Calcoco1",0.0735152274068769,0.434,"15","calcium binding and coiled coil domain 1"
"Phlpp2",0.0734832356193964,0.6412,"8","PH domain and leucine rich repeat protein phosphatase 2"
"Rassf4",0.0734518059572049,0.728,"6","Ras association (RalGDS/AF-6) domain family member 4"
"Alkbh1",-0.0734436737776121,0.6852,"12","alkB homolog 1, histone H2A dioxygenase"
"Alkbh1",-0.0734436737776121,0.6852,"12","alkB homolog 1, histone H2A dioxygenase"
"Smg6",0.0734089241486657,0.3196,"11","SMG6 nonsense mediated mRNA decay factor"
"Kif7",0.0734070451139113,0.7192,"7","kinesin family member 7"
"Dnajb4",0.0733994036051477,0.5176,"3","DnaJ heat shock protein family (Hsp40) member B4"
"Junb",0.073376196306266,0.808,"8","jun B proto-oncogene"
"Zfp827",0.073362458799922,0.5008,"8","zinc finger protein 827"
"Rbbp5",0.0733380077909915,0.48,"1","retinoblastoma binding protein 5, histone lysine methyltransferase complex subunit"
"Glg1",0.0733274243458162,0.2276,"8","golgi apparatus protein 1"
"Kdm2a",0.0732833844169498,0.6312,"19","lysine (K)-specific demethylase 2A"
"Ppp1r3f",-0.0732669553120369,0.2036,"X","protein phosphatase 1, regulatory subunit 3F"
"Nap1l5",0.073265521169211,0.5928,"6","nucleosome assembly protein 1-like 5"
"Rexo2",-0.073262609378852,0.7328,"9","RNA exonuclease 2"
"Lsm11",0.0732424146473694,0.6232,"11","U7 snRNP-specific Sm-like protein LSM11"
"Zfp523",-0.073216121117059,0.4964,"17","zinc finger protein 523"
"Siglech",0.0731986044627972,0.9756,"7","sialic acid binding Ig-like lectin H"
"Klc1",0.0731958436647702,0.378,"12","kinesin light chain 1"
"Frg2f1",-0.0731599064025592,0.766,"4","FSHD region gene 2 family member 1"
"Scn3b",0.0731461146195258,0.6068,"9","sodium channel, voltage-gated, type III, beta"
"Gltp",-0.0731340801608003,0.7836,"5","glycolipid transfer protein"
"Prrt2",0.0731257064044133,0.5544,"7","proline-rich transmembrane protein 2"
"Tmem44",-0.0731140985534653,0.5316,"16","transmembrane protein 44"
"Msl1",0.0731071748269807,0.528,"11","male specific lethal 1"
"Patl1",0.0730992585869954,0.2932,"19","protein associated with topoisomerase II homolog 1 (yeast)"
"Rtel1",-0.0730974812531642,0.7396,"2","regulator of telomere elongation helicase 1"
"Gpr19",-0.0730931288805641,0.7036,"6","G protein-coupled receptor 19"
"Commd6",-0.0730896228779683,0.6156,"14","COMM domain containing 6"
"Zfp592",0.0730842952939144,0.4728,"7","zinc finger protein 592"
"Slc24a3",0.0730682366905668,0.5632,"2","solute carrier family 24 (sodium/potassium/calcium exchanger), member 3"
"Noa1",-0.0730535261491321,0.5384,"5","nitric oxide associated 1"
"Mtx2",-0.0730082676102048,0.5324,"2","metaxin 2"
"Bend6",0.0729991821061882,0.5092,"1","BEN domain containing 6"
"Gas7",0.072987018364012,0.3944,"11","growth arrest specific 7"
"Galk1",-0.07297154430012,0.7248,"11","galactokinase 1"
"Clybl",-0.0729467503453041,0.7308,"14","citrate lyase beta like"
"Ap1m1",-0.0729327859215134,0.304,"8","adaptor-related protein complex AP-1, mu subunit 1"
"Nbl1",-0.0728961794870218,0.6088,"4","NBL1, DAN family BMP antagonist"
"Tbrg4",-0.0728806512689664,0.2492,"11","transforming growth factor beta regulated gene 4"
"Adora1",0.0728590822735704,0.4688,"1","adenosine A1 receptor"
"Msi2",0.0728398588290524,0.3304,"11","musashi RNA-binding protein 2"
"Pik3ca",0.0728319718454475,0.3764,"3","phosphatidylinositol-4,5-bisphosphate 3-kinase catalytic subunit alpha"
"Safb2",-0.0727997927915469,0.756,"17","scaffold attachment factor B2"
"Osgin2",0.0727802958545118,0.5272,"4","oxidative stress induced growth inhibitor family member 2"
"Il11ra1",-0.072765013863191,0.6104,"4","interleukin 11 receptor, alpha chain 1"
"9330159F19Rik",0.0727585391534076,0.656,"10","RIKEN cDNA 9330159F19 gene"
"Ube2b",-0.0727498148971657,0.406,"11","ubiquitin-conjugating enzyme E2B"
"Vldlr",0.0727255943873768,0.6696,"19","very low density lipoprotein receptor"
"Nav2",0.0727151741602423,0.7832,"7","neuron navigator 2"
"Inppl1",0.0727058109773147,0.5808,"7","inositol polyphosphate phosphatase-like 1"
"Cdadc1",0.0726858596760191,0.1164,"14","cytidine and dCMP deaminase domain containing 1"
"Slc25a33",-0.0726734257480564,0.6772,"4","solute carrier family 25, member 33"
"Oaz2",-0.0726502775978677,0.6564,"9","ornithine decarboxylase antizyme 2"
"Rnd2",0.0726441347971925,0.7852,"11","Rho family GTPase 2"
"Unc5a",-0.072638519568307,0.5068,"13","unc-5 netrin receptor A"
"Ccnf",0.0725817702079823,0.8252,"17","cyclin F"
"Slc6a7",-0.0725716548800293,0.766,"18","solute carrier family 6 (neurotransmitter transporter, L-proline), member 7"
"Grik4",0.0725708134266778,0.7388,"9","glutamate receptor, ionotropic, kainate 4"
"Kctd9",-0.0725610461313013,0.6816,"14","potassium channel tetramerisation domain containing 9"
"Ptpru",-0.0725487287988429,0.738,"4","protein tyrosine phosphatase, receptor type, U"
"Gpr83",0.0725156796222364,0.724,"9","G protein-coupled receptor 83"
"Prelid1",-0.0725014175028402,0.7152,"13","PRELI domain containing 1"
"Sh3gl2",0.0724836870867636,0.308,"4","SH3-domain GRB2-like 2"
"Chd4",0.0724627118085959,0.3748,"6","chromodomain helicase DNA binding protein 4"
"Sbds",-0.07244998248978,0.63,"5","SBDS ribosome maturation factor"
"Carns1",0.0724421960377972,0.7624,"19","carnosine synthase 1"
"Ttc7",0.0724355268731989,0.7004,"17","tetratricopeptide repeat domain 7"
"Hax1",-0.0724350787531929,0.6988,"3","HCLS1 associated X-1"
"Ctdp1",-0.072408407917214,0.1492,"18","CTD (carboxy-terminal domain, RNA polymerase II, polypeptide A) phosphatase, subunit 1"
"Cyp2j6",-0.0723805231931154,0.2412,"4","cytochrome P450, family 2, subfamily j, polypeptide 6"
"Aifm2",0.0723565744200694,0.7692,"10","apoptosis-inducing factor, mitochondrion-associated 2"
"Hspb8",-0.0723487710338588,0.7348,"5","heat shock protein 8"
"Foxo1",0.0723471559168658,0.548,"3","forkhead box O1"
"Sf3b4",0.072346140607034,0.6444,"3","splicing factor 3b, subunit 4"
"Pde4b",0.0723082146247007,0.56,"4","phosphodiesterase 4B, cAMP specific"
"Nup133",0.072307106001122,0.4172,"8","nucleoporin 133"
"Cwc27",-0.0723017995012074,0.6388,"13","CWC27 spliceosome-associated protein"
"Zfp608",0.0722966156162048,0.5468,"18","zinc finger protein 608"
"Vps25",-0.0722901926153732,0.6792,"11","vacuolar protein sorting 25"
"Zfp710",0.0722836836113414,0.4884,"7","zinc finger protein 710"
"Ccdc107",-0.0722555578600881,0.7284,"4","coiled-coil domain containing 107"
"Ccdc148",-0.0722099732669665,0.6824,"2","coiled-coil domain containing 148"
"Bbs1",-0.0721912068239403,0.4464,"19","Bardet-Biedl syndrome 1 (human)"
"Hpdl",0.0721560410780775,0.8436,"4","4-hydroxyphenylpyruvate dioxygenase-like"
"L3mbtl2",-0.0721518919703339,0.3052,"15","L3MBTL2 polycomb repressive complex 1 subunit"
"Dok7",-0.0721418639845792,0.7076,"5","docking protein 7"
"Aldoc",-0.0721237820902019,0.7872,"11","aldolase C, fructose-bisphosphate"
"Gm15328",-0.0721126702910861,0.864,"18","predicted gene 15328"
"Dok4",0.0720851363318316,0.5224,"8","docking protein 4"
"Tbc1d24",0.0720747298560385,0.664,"17","TBC1 domain family, member 24"
"Perp",0.0720617204644829,0.8308,"10","PERP, TP53 apoptosis effector"
"Mrps18b",0.0720431620147899,0.562,"17","mitochondrial ribosomal protein S18B"
"Rad17",0.0720168448512544,0.3656,"13","RAD17 checkpoint clamp loader component"
"Tsen2",-0.0720110058157002,0.452,"6","tRNA splicing endonuclease subunit 2"
"Uck1",-0.071997453559641,0.5136,"2","uridine-cytidine kinase 1"
"Pde7a",0.0719812167502454,0.634,"3","phosphodiesterase 7A"
"Cyp7b1",-0.0719537976159854,0.5112,"3","cytochrome P450, family 7, subfamily b, polypeptide 1"
"Kcnc1",0.0719529266099954,0.6872,"7","potassium voltage gated channel, Shaw-related subfamily, member 1"
"Dnlz",-0.0719247800481533,0.6012,"2","DNL-type zinc finger"
"Ntn3",0.0719096577578,0.5176,"17","netrin 3"
"Cerox1",0.0718886816141433,0.6092,"17","cytoplasmic endogenous regulator of oxidative phosphorylation 1"
"Nacc1",0.0718838564448667,0.2956,"8","nucleus accumbens associated 1, BEN and BTB (POZ) domain containing"
"Tmem218",0.0718458270067344,0.6972,"9","transmembrane protein 218"
"Tceal1",0.0718456815326114,0.6428,"X","transcription elongation factor A (SII)-like 1"
"Sidt2",-0.0718430625966384,0.5468,"9","SID1 transmembrane family, member 2"
"Letmd1",-0.0718396547106197,0.5508,"15","LETM1 domain containing 1"
"Trafd1",-0.0717946111260908,0.3672,"5","TRAF type zinc finger domain containing 1"
"Gca",-0.0717910069764844,0.7536,"2","grancalcin"
"Adcy2",-0.0717610399352431,0.5856,"13","adenylate cyclase 2"
"Arpin",0.0717328832384263,0.6004,"7","actin-related protein 2/3 complex inhibitor"
"Wdr3",0.0717220561395111,0.468,"3","WD repeat domain 3"
"Mtus1",-0.0716588669029798,0.5612,"8","mitochondrial tumor suppressor 1"
"Snx11",-0.0716455213623881,0.454,"11","sorting nexin 11"
"Arpp19",0.0716454314627128,0.5592,"9","cAMP-regulated phosphoprotein 19"
"Anapc16",-0.071587506517651,0.732,"10","anaphase promoting complex subunit 16"
"Sesn3",0.0715731730354277,0.7288,"9","sestrin 3"
"Mob3c",-0.071561392480417,0.6256,"4","MOB kinase activator 3C"
"Ogt",0.0715550415262109,0.716,"X","O-linked N-acetylglucosamine (GlcNAc) transferase (UDP-N-acetylglucosamine:polypeptide-N-acetylglucosaminyl transferase)"
"Crkl",0.0715418803708179,0.424,"16","v-crk avian sarcoma virus CT10 oncogene homolog-like"
"Pcsk7",-0.0715107410802123,0.3232,"9","proprotein convertase subtilisin/kexin type 7"
"Atg5",-0.0715089501446196,0.5476,"10","autophagy related 5"
"Phpt1",-0.071508312722381,0.7044,"2","phosphohistidine phosphatase 1"
"Prr14",0.0714960840936527,0.4956,"7","proline rich 14"
"Fgf13",0.0714918139225205,0.6784,"X","fibroblast growth factor 13"
"Wipf2",0.0714679677960417,0.4188,"11","WAS/WASL interacting protein family, member 2"
"Hdhd2",-0.07142809338304,0.4264,"18","haloacid dehalogenase-like hydrolase domain containing 2"
"Top1mt",-0.0714113984361058,0.432,"15","DNA topoisomerase 1, mitochondrial"
"Mycl",0.0713659566622669,0.4028,"4","v-myc avian myelocytomatosis viral oncogene lung carcinoma derived"
"Ntsr2",-0.0713627878334711,0.6988,"12","neurotensin receptor 2"
"Rab3ip",0.0713530211216398,0.136,"10","RAB3A interacting protein"
"Nr3c2",0.0713491477695154,0.234,"8","nuclear receptor subfamily 3, group C, member 2"
"Map7d1",0.0713203479053188,0.2544,"4","MAP7 domain containing 1"
"Ttc5",-0.0713190474537475,0.4664,"14","tetratricopeptide repeat domain 5"
"Cers2",-0.0712766976175692,0.6864,"3","ceramide synthase 2"
"Usp24",0.0712635747699615,0.6268,"4","ubiquitin specific peptidase 24"
"Rnf122",0.0712558004913411,0.7108,"8","ring finger protein 122"
"Mocs1",-0.0712068542884086,0.7252,"17","molybdenum cofactor synthesis 1"
"Pcid2",-0.0711847352617117,0.1384,"8","PCI domain containing 2"
"Dyrk1b",0.0711781916927983,0.3316,"7","dual-specificity tyrosine-(Y)-phosphorylation regulated kinase 1b"
"Tut4",0.0711658881846855,0.738,"4","terminal uridylyl transferase 4"
"Matr3",0.071158312664668,0.4988,"18","matrin 3"
"Dnajc19",-0.0711235721985304,0.6912,"3","DnaJ heat shock protein family (Hsp40) member C19"
"Igsf11",0.0710955926893746,0.3784,"16","immunoglobulin superfamily, member 11"
"Rhno1",-0.0710486284024721,0.5864,"6","RAD9-HUS1-RAD1 interacting nuclear orphan 1"
"Nrsn1",0.0710435637551106,0.6864,"13","neurensin 1"
"Cnst",0.0710258788479603,0.2356,"1","consortin, connexin sorting protein"
"Plpp3",-0.0709993726068099,0.7152,"4","phospholipid phosphatase 3"
"Phf21a",0.0709774982998832,0.4944,"2","PHD finger protein 21A"
"Galntl6",0.0709731642394553,0.876,"8","UDP-N-acetyl-alpha-D-galactosamine:polypeptide N-acetylgalactosaminyltransferase-like 6"
"Ttc19",0.0709652340673124,0.1768,"11","tetratricopeptide repeat domain 19"
"Plppr3",-0.0709376213974178,0.4596,"10","phospholipid phosphatase related 3"
"Wnt7b",-0.0709359578619901,0.608,"15","wingless-type MMTV integration site family, member 7B"
"Gosr2",-0.0709244190693443,0.3056,"11","golgi SNAP receptor complex member 2"
"Dock1",0.0708966291260813,0.5976,"7","dedicator of cytokinesis 1"
"Agk",0.0708837448218107,0.3236,"6","acylglycerol kinase"
"Chst2",0.0708664939122423,0.512,"9","carbohydrate sulfotransferase 2"
"Macroh2a1",-0.0708493192119555,0.5668,"13","macroH2A.1 histone"
"Asb13",0.0708474542649835,0.4532,"13","ankyrin repeat and SOCS box-containing 13"
"Xab2",-0.070833600922696,0.4132,"8","XPA binding protein 2"
"Uba3",0.0707925860586771,0.5864,"6","ubiquitin-like modifier activating enzyme 3"
"Mogs",-0.0707911249620246,0.3692,"6","mannosyl-oligosaccharide glucosidase"
"Zdhhc6",-0.0707773499392399,0.3452,"19","zinc finger, DHHC domain containing 6"
"Erich1",0.070706044144917,0.5112,"8","glutamate rich 1"
"Crebl2",0.0707055331848903,0.4868,"6","cAMP responsive element binding protein-like 2"
"Cend1",0.0707052509783006,0.4112,"7","cell cycle exit and neuronal differentiation 1"
"Plekhg3",-0.0706670968322189,0.7856,"12","pleckstrin homology domain containing, family G (with RhoGef domain) member 3"
"Zfp341",-0.0706476343229845,0.3928,"2","zinc finger protein 341"
"Mcm7",0.0706404482908241,0.5848,"5","minichromosome maintenance complex component 7"
"Hspa2",0.0706158991489358,0.184,"12","heat shock protein 2"
"Ino80dos",-0.0706018409617699,0.668,"1","INO80 complex subunit D, opposite strand"
"Ccnt2",0.0705981340640331,0.8456,"1","cyclin T2"
"Dffa",-0.0705965937532795,0.354,"4","DNA fragmentation factor, alpha subunit"
"Npas1",-0.0705946827678723,0.7188,"7","neuronal PAS domain protein 1"
"Rbx1",-0.0704912021206132,0.6864,"15","ring-box 1"
"Entpd6",-0.0704732848386493,0.2192,"2","ectonucleoside triphosphate diphosphohydrolase 6"
"Rreb1",-0.0704579021628016,0.8912,"13","ras responsive element binding protein 1"
"Pdia6",-0.0704549112106196,0.6772,"12","protein disulfide isomerase associated 6"
"Abcd4",-0.070444570217604,0.642,"12","ATP-binding cassette, sub-family D (ALD), member 4"
"Chga",0.0704404357310935,0.468,"12","chromogranin A"
"Srsf2",-0.0703750904058582,0.3024,"11","serine and arginine-rich splicing factor 2"
"Pigq",-0.0703356884493456,0.1968,"17","phosphatidylinositol glycan anchor biosynthesis, class Q"
"Lipo3",-0.0703291767832481,0.6648,"19","lipase, member O3"
"Zbtb22",-0.0702739034633044,0.45,"17","zinc finger and BTB domain containing 22"
"Stambp",0.0702520063907093,0.356,"6","STAM binding protein"
"Exoc5",0.0702475806577265,0.562,"14","exocyst complex component 5"
"Slco1a4",-0.0702341815061729,0.7468,"6","solute carrier organic anion transporter family, member 1a4"
"Mok",-0.0701464364571658,0.422,"12","MOK protein kinase"
"Tm7sf2",-0.0701343757543702,0.6492,"19","transmembrane 7 superfamily member 2"
"Rnf141",0.0701111076302401,0.6556,"7","ring finger protein 141"
"Tm2d3",-0.070101833649181,0.6552,"7","TM2 domain containing 3"
"Cbwd1",0.0700843812471725,0.6644,"19","COBW domain containing 1"
"Tnnt2",0.0700732625169211,0.9356,"1","troponin T2, cardiac"
"Lurap1",0.0700694331264224,0.598,"4","leucine rich adaptor protein 1"
"Tfip11",0.0700670968531094,0.45,"5","tuftelin interacting protein 11"
"Lysmd1",0.0700635059351282,0.7028,"3","LysM, putative peptidoglycan-binding, domain containing 1"
"Wdr66",-0.0700265543933398,0.6856,"5","WD repeat domain 66"
"Urb1",-0.0699980330801044,0.7608,"16","URB1 ribosome biogenesis 1 homolog (S. cerevisiae)"
"Crnkl1",0.0699874159656466,0.6136,"2","crooked neck pre-mRNA splicing factor 1"
"Map3k6",-0.0699837626628983,0.7832,"4","mitogen-activated protein kinase kinase kinase 6"
"Mrpl49",-0.0699827786553655,0.608,"19","mitochondrial ribosomal protein L49"
"Prdm10",0.0699735922053533,0.7364,"9","PR domain containing 10"
"Stard13",0.0699618353759579,0.5284,"5","StAR-related lipid transfer (START) domain containing 13"
"Gpr37",-0.0699473325376312,0.6412,"6","G protein-coupled receptor 37"
"Stmn3",-0.0699375098284065,0.6604,"2","stathmin-like 3"
"Vezt",-0.0699319792576736,0.57,"10","vezatin, adherens junctions transmembrane protein"
"Rps27l",-0.0699147121039885,0.7116,"9","ribosomal protein S27-like"
"Plaat1",-0.0699138075263255,0.3672,"16","phospholipase A and acyltransferase 1"
"Slc6a15",0.0698905824599976,0.644,"10","solute carrier family 6 (neurotransmitter transporter), member 15"
"Arid4b",0.0698870102515396,0.5884,"13","AT rich interactive domain 4B (RBP1-like)"
"Nup54",-0.069881623321832,0.2992,"5","nucleoporin 54"
"Kcnab2",-0.0698358358219497,0.6548,"4","potassium voltage-gated channel, shaker-related subfamily, beta member 2"
"Csdc2",0.0698321945109344,0.6556,"15","cold shock domain containing C2, RNA binding"
"Usp27x",0.0697696779544765,0.6208,"X","ubiquitin specific peptidase 27, X chromosome"
"1500015A07Rik",-0.0697677708511248,0.5808,"18","RIKEN cDNA 1500015A07 gene"
"Hmgxb4",0.0697350860095782,0.4576,"8","HMG box domain containing 4"
"Crebrf",0.0697238637374848,0.4652,"17","CREB3 regulatory factor"
"Arnt",-0.0697182905658966,0.7976,"3","aryl hydrocarbon receptor nuclear translocator"
"Frmd5",0.0697139922261956,0.442,"2","FERM domain containing 5"
"Tmem25",-0.0696882763812594,0.6156,"9","transmembrane protein 25"
"Ttc3",0.0696692212041103,0.4736,"16","tetratricopeptide repeat domain 3"
"Smurf1",0.0696523400017526,0.5788,"5","SMAD specific E3 ubiquitin protein ligase 1"
"Tcp11l2",0.0696364018384408,0.5136,"10","t-complex 11 (mouse) like 2"
"Vps16",-0.0696174479617655,0.4268,"2","VSP16 CORVET/HOPS core subunit"
"Gnpda2",0.0695407878904657,0.5048,"5","glucosamine-6-phosphate deaminase 2"
"Dnmbp",0.0695386053791873,0.5664,"19","dynamin binding protein"
"Zbtb24",0.0695350243726907,0.5176,"10","zinc finger and BTB domain containing 24"
"Nipsnap2",-0.0695329270009335,0.4248,"5","nipsnap homolog 2"
"Cry2",-0.0695320281942049,0.45,"2","cryptochrome 2 (photolyase-like)"
"Aco1",0.0695225194815778,0.2824,"4","aconitase 1"
"Hadhb",0.0694993214418691,0.6852,"5","hydroxyacyl-CoA dehydrogenase trifunctional multienzyme complex subunit beta"
"Acin1",-0.0694828834709265,0.6176,"14","apoptotic chromatin condensation inducer 1"
"Neu1",-0.0694703396519394,0.4944,"17","neuraminidase 1"
"Vipr1",-0.0694433059379431,0.6856,"9","vasoactive intestinal peptide receptor 1"
"Papss1",0.0694263345880648,0.5116,"3","3'-phosphoadenosine 5'-phosphosulfate synthase 1"
"8030462N17Rik",0.0694100901119015,0.5748,"18","RIKEN cDNA 8030462N17 gene"
"Ephb4",0.0693720250017469,0.7344,"5","Eph receptor B4"
"Kif1a",0.0693598628559364,0.546,"1","kinesin family member 1A"
"Cdc42",-0.0693551659252343,0.5332,"4","cell division cycle 42"
"Hsf1",-0.069346043642657,0.5464,"15","heat shock factor 1"
"Ccdc92b",-0.0693298138960046,0.3324,"11","coiled-coil domain containing 92B"
"Zfp358",-0.0693037188502004,0.7084,"8","zinc finger protein 358"
"Ccz1",-0.069279499373347,0.3864,"5","CCZ1 vacuolar protein trafficking and biogenesis associated"
"Fam172a",0.0692532742439287,0.5432,"13","family with sequence similarity 172, member A"
"Rbsn",0.0692348766259947,0.7444,"6","rabenosyn, RAB effector"
"Urb2",0.0692232678601714,0.4232,"8","URB2 ribosome biogenesis 2 homolog (S. cerevisiae)"
"Pdxk",0.0692169040840893,0.5456,"10","pyridoxal (pyridoxine, vitamin B6) kinase"
"Slc27a1",-0.0692149571590033,0.6108,"8","solute carrier family 27 (fatty acid transporter), member 1"
"Stx12",0.0691944588468285,0.444,"4","syntaxin 12"
"Rcn1",-0.0691806059311286,0.5576,"2","reticulocalbin 1"
"Rps6",-0.0691804565956549,0.7416,"4","ribosomal protein S6"
"Mrpl41",-0.0691803314684218,0.6872,"2","mitochondrial ribosomal protein L41"
"Aig1",-0.0691776279240663,0.5156,"10","androgen-induced 1"
"Ppid",0.0691647540712763,0.2572,"3","peptidylprolyl isomerase D (cyclophilin D)"
"Rars2",-0.0691525813391292,0.6236,"4","arginyl-tRNA synthetase 2, mitochondrial"
"Epb41l2",0.0691449982389321,0.3704,"10","erythrocyte membrane protein band 4.1 like 2"
"Ik",0.0691002157464622,0.312,"18","IK cytokine"
"Ddx52",0.0690885999587127,0.5108,"11","DExD box helicase 52"
"Mmaa",-0.0690638514745556,0.7664,"8","methylmalonic aciduria (cobalamin deficiency) type A"
"Taf4",0.0690208890923367,0.5096,"2","TATA-box binding protein associated factor 4"
"Fbxl4",0.068991559322177,0.5024,"4","F-box and leucine-rich repeat protein 4"
"Bod1",-0.0689859685355732,0.548,"11","biorientation of chromosomes in cell division 1"
"Cplx2",0.0689840490647562,0.6704,"13","complexin 2"
"Sstr3",0.0689821913976028,0.5084,"15","somatostatin receptor 3"
"Taf11",-0.0689610162382364,0.5748,"17","TATA-box binding protein associated factor 11"
"Uimc1",0.0689540735179337,0.7032,"13","ubiquitin interaction motif containing 1"
"Dmwd",-0.0689447096086777,0.5964,"7","dystrophia myotonica-containing WD repeat motif"
"Pitpna",0.0689419875274151,0.042,"11","phosphatidylinositol transfer protein, alpha"
"C130026L21Rik",0.0689093570527739,0.7016,"5","RIKEN cDNA C130026L21 gene"
"Mbip",0.0688946539884268,0.7052,"12","MAP3K12 binding inhibitory protein 1"
"Cbfa2t3",-0.0688301425379718,0.752,"8","CBFA2/RUNX1 translocation partner 3"
"Kif20a",-0.0688163814920819,0.6268,"18","kinesin family member 20A"
"Gemin2",-0.0688163454389374,0.702,"12","gem nuclear organelle associated protein 2"
"Bicral",0.0688057379270424,0.7596,"17","BRD4 interacting chromatin remodeling complex associated protein like"
"Extl2",0.0687260322822434,0.2948,"3","exostosin-like glycosyltransferase 2"
"Psmc3",-0.0686755469390317,0.6552,"2","proteasome (prosome, macropain) 26S subunit, ATPase 3"
"Epha10",0.0686727005587962,0.7736,"4","Eph receptor A10"
"Dzip1",-0.0686594476773381,0.6952,"14","DAZ interacting protein 1"
"Dchs1",0.0686464888243874,0.6252,"7","dachsous cadherin related 1"
"Sipa1l2",0.0686450138437653,0.5688,"8","signal-induced proliferation-associated 1 like 2"
"Telo2",-0.0686323989253603,0.6644,"17","telomere maintenance 2"
"Bet1",0.0686251154889987,0.5544,"6","Bet1 golgi vesicular membrane trafficking protein"
"Plbd2",-0.0686225083828287,0.604,"5","phospholipase B domain containing 2"
"Slc66a2",0.068612706976789,0.6188,"18","solute carrier family 66 member 2"
"Rab23",0.0686103296664484,0.1996,"1","RAB23, member RAS oncogene family"
"Spata2l",0.0685715262619757,0.648,"8","spermatogenesis associated 2-like"
"Pald1",0.0685712960455724,0.8152,"10","phosphatase domain containing, paladin 1"
"Apod",-0.0685687644186324,0.8284,"16","apolipoprotein D"
"Zfp212",0.0685078107282786,0.448,"6","Zinc finger protein 212"
"Clcn7",-0.0684058831672312,0.3584,"17","chloride channel, voltage-sensitive 7"
"Jrk",0.0683838356780084,0.7236,"15","jerky"
"Pxn",-0.0683670880591043,0.712,"5","paxillin"
"Mprip",0.0683583988931975,0.5072,"11","myosin phosphatase Rho interacting protein"
"Rtn4rl1",-0.0683421139909575,0.2492,"11","reticulon 4 receptor-like 1"
"Gps1",-0.0683358787615376,0.3544,"11","G protein pathway suppressor 1"
"Wee1",0.0683117756763254,0.7152,"7","WEE 1 homolog 1 (S. pombe)"
"Lsr",0.0683103477354439,0.8204,"7","lipolysis stimulated lipoprotein receptor"
"Otud3",-0.0682912574280277,0.7192,"4","OTU domain containing 3"
"Tmem198b",-0.0682267414399105,0.754,"10","transmembrane protein 198b"
"Fcho2",0.0682248463950561,0.7212,"13","FCH domain only 2"
"Kctd21",0.0682081319219918,0.582,"7","potassium channel tetramerisation domain containing 21"
"Pla2g15",-0.0681944253692182,0.498,"8","phospholipase A2, group XV"
"Herc4",0.0681636891320485,0.56,"10","hect domain and RLD 4"
"Cep104",0.0681318765603107,0.64,"4","centrosomal protein 104"
"Slc30a4",0.0681235165645333,0.6316,"2","solute carrier family 30 (zinc transporter), member 4"
"Mtrf1l",-0.0680807139093043,0.666,"10","mitochondrial translational release factor 1-like"
"Plagl2",0.068072222699691,0.5028,"2","pleiomorphic adenoma gene-like 2"
"Ahnak",-0.0680721941367324,0.8872,"19","AHNAK nucleoprotein (desmoyokin)"
"Zfp1",-0.0680475477568336,0.5452,"8","zinc finger protein 1"
"Zbtb5",-0.0680031586355163,0.2676,"4","zinc finger and BTB domain containing 5"
"Morc2a",0.0680023809238195,0.6044,"11","microrchidia 2A"
"Sv2c",0.0679868607746563,0.9496,"13","synaptic vesicle glycoprotein 2c"
"D2hgdh",0.0679300566929673,0.3772,"1","D-2-hydroxyglutarate dehydrogenase"
"Tcof1",-0.0679266716394729,0.5816,"18","treacle ribosome biogenesis factor 1"
"Fhdc1",0.0679141919149659,0.7476,"3","FH2 domain containing 1"
"Synrg",0.0678945559121935,0.346,"11","synergin, gamma"
"Trim41",-0.0678927261607241,0.3676,"11","tripartite motif-containing 41"
"Rnasek",-0.0678920091476156,0.7704,"11","ribonuclease, RNase K"
"Tril",-0.0678841093370615,0.6276,"6","TLR4 interactor with leucine-rich repeats"
"Jun",0.0678637242009374,0.732,"4","jun proto-oncogene"
"Lrfn5",0.0678602979063285,0.4664,"12","leucine rich repeat and fibronectin type III domain containing 5"
"1700007F19Rik",0.0678584366472839,0.8528,"3","RIKEN cDNA 1700007F19 gene"
"Ints2",0.0678488253565108,0.8404,"11","integrator complex subunit 2"
"Trpt1",-0.067847786600002,0.6944,"19","tRNA phosphotransferase 1"
"Abcb1a",-0.0678404844273084,0.8104,"5","ATP-binding cassette, sub-family B (MDR/TAP), member 1A"
"Nptx1",0.0678378441183884,0.6096,"11","neuronal pentraxin 1"
"Zmiz1",0.067823446002107,0.6772,"14","zinc finger, MIZ-type containing 1"
"Cd276",-0.0677939350352239,0.7184,"9","CD276 antigen"
"Nfkbid",-0.0677667048435215,0.8388,"7","nuclear factor of kappa light polypeptide gene enhancer in B cells inhibitor, delta"
"Mettl16",-0.0677591878909691,0.3228,"11","methyltransferase like 16"
"Tpgs2",0.0677403080302446,0.6032,"18","tubulin polyglutamylase complex subunit 2"
"Tmem38a",-0.0677355570567109,0.4012,"8","transmembrane protein 38A"
"Bace1",0.0676918128343766,0.35,"9","beta-site APP cleaving enzyme 1"
"Lgals3bp",-0.0676672024653113,0.7892,"11","lectin, galactoside-binding, soluble, 3 binding protein"
"Faim",-0.0676573392475879,0.6896,"9","Fas apoptotic inhibitory molecule"
"Pex14",-0.0676488302836873,0.6344,"4","peroxisomal biogenesis factor 14"
"Ubn2",0.0675873642450089,0.8216,"6","ubinuclein 2"
"Cd200",0.0675625151645249,0.4572,"16","CD200 molecule"
"Arhgef7",0.0675598849727308,0.4312,"8","Rho guanine nucleotide exchange factor (GEF7)"
"Ddx49",-0.0675550972020562,0.4388,"8","DEAD box helicase 49"
"Luc7l",0.0675413059381915,0.5496,"17","Luc7-like"
"Slc25a14",-0.0675156794028942,0.532,"X","solute carrier family 25 (mitochondrial carrier, brain), member 14"
"Slc18b1",0.0674667037057199,0.2308,"10","solute carrier family 18, subfamily B, member 1"
"Rgs14",0.0674633270268963,0.6076,"13","regulator of G-protein signaling 14"
"Acat2",-0.067449888915994,0.5968,"17","acetyl-Coenzyme A acetyltransferase 2"
"Adat1",-0.0674360730450227,0.5096,"8","adenosine deaminase, tRNA-specific 1"
"Smarcd2",-0.0674185350309386,0.6536,"11","SWI/SNF related, matrix associated, actin dependent regulator of chromatin, subfamily d, member 2"
"Purg",-0.0674147749942842,0.8396,"8","purine-rich element binding protein G"
"Sirpa",-0.067401782629684,0.3904,"2","signal-regulatory protein alpha"
"Ktn1",0.0673832764213316,0.6284,"14","kinectin 1"
"Palm",-0.0673305227636369,0.798,"10","paralemmin"
"Med8",-0.0673244948912313,0.4236,"4","mediator complex subunit 8"
"Kctd14",-0.0672566855958148,0.876,"7","potassium channel tetramerisation domain containing 14"
"Qpct",-0.0672482192579951,0.8164,"17","glutaminyl-peptide cyclotransferase (glutaminyl cyclase)"
"Pcyox1l",-0.0672409861541796,0.77,"18","prenylcysteine oxidase 1 like"
"2810032G03Rik",-0.0672332041750732,0.6552,"12","RIKEN cDNA 2810032G03 gene"
"Ftsj1",-0.0672195051390476,0.5816,"X","FtsJ RNA methyltransferase homolog 1 (E. coli)"
"Gpd2",0.0672065103025048,0.3396,"2","glycerol phosphate dehydrogenase 2, mitochondrial"
"Wdr47",0.0671564800902598,0.4256,"3","WD repeat domain 47"
"Ears2",-0.0671556339342341,0.5944,"7","glutamyl-tRNA synthetase 2, mitochondrial"
"Schip1",-0.0671477853109486,0.6724,"3","schwannomin interacting protein 1"
"Cd2ap",0.0671105627979562,0.7492,"17","CD2-associated protein"
"Rnf167",-0.0670988661706104,0.632,"11","ring finger protein 167"
"Rab24",0.0670965574088571,0.446,"13","RAB24, member RAS oncogene family"
"Glyr1",0.0670557575362736,0.1856,"16","glyoxylate reductase 1 homolog (Arabidopsis)"
"Dact2",0.0670547979031912,0.5964,"17","dishevelled-binding antagonist of beta-catenin 2"
"Swi5",-0.067020529639807,0.6164,"2","SWI5 recombination repair homolog (yeast)"
"Selenon",-0.0670127743244713,0.4296,"4","selenoprotein N"
"Luc7l2",0.0669815797407454,0.656,"6","LUC7-like 2 (S. cerevisiae)"
"Med20",-0.0669735488354215,0.6396,"17","mediator complex subunit 20"
"Stx2",-0.0669564300312375,0.6852,"5","syntaxin 2"
"Preb",-0.0669514068411443,0.3388,"5","prolactin regulatory element binding"
"Atg4b",-0.066936589708301,0.0568,"1","autophagy related 4B, cysteine peptidase"
"Tmod1",-0.0669250347805397,0.5804,"4","tropomodulin 1"
"Cct6a",0.0669199406212373,0.3164,"5","chaperonin containing Tcp1, subunit 6a (zeta)"
"Fat4",0.0669113875126586,0.7348,"3","FAT atypical cadherin 4"
"Siah1a",0.0669042156542465,0.546,"8","siah E3 ubiquitin protein ligase 1A"
"Adam11",-0.066903205650374,0.5576,"11","a disintegrin and metallopeptidase domain 11"
"Ube2e3",-0.0668804009782402,0.6292,"2","ubiquitin-conjugating enzyme E2E 3"
"Aggf1",0.0668712236923605,0.3732,"13","angiogenic factor with G patch and FHA domains 1"
"Coq3",0.0668268127381531,0.7176,"4","coenzyme Q3 methyltransferase"
"Fam184b",-0.0668066188620022,0.7584,"5","family with sequence similarity 184, member B"
"Tpst2",-0.0667604949129874,0.5952,"5","protein-tyrosine sulfotransferase 2"
"Gtf3c4",0.0667009390660409,0.67,"2","general transcription factor IIIC, polypeptide 4"
"Prkar1a",0.0666898611890083,0.2988,"11","protein kinase, cAMP dependent regulatory, type I, alpha"
"Fbxo41",0.0666868171135686,0.3832,"6","F-box protein 41"
"Nt5m",-0.0666612373140794,0.6924,"11","5',3'-nucleotidase, mitochondrial"
"Ets2",0.0666451568647082,0.2276,"16","E26 avian leukemia oncogene 2, 3' domain"
"Ssr1",0.0666405830460448,0.3368,"13","signal sequence receptor, alpha"
"Elf2",0.0666385801220688,0.2252,"3","E74-like factor 2"
"Gdap2",0.0666091744596873,0.5476,"3","ganglioside-induced differentiation-associated-protein 2"
"Fbxl17",0.0666054736346373,0.4376,"17","F-box and leucine-rich repeat protein 17"
"Mafk",0.0665543614480342,0.6376,"5","v-maf musculoaponeurotic fibrosarcoma oncogene family, protein K (avian)"
"Clic5",-0.066550631292579,0.8844,"17","chloride intracellular channel 5"
"Pars2",-0.0665428431281954,0.6304,"4","prolyl-tRNA synthetase (mitochondrial)(putative)"
"Adap1",-0.0665260513609196,0.4048,"5","ArfGAP with dual PH domains 1"
"Ap4b1",0.0664952424384686,0.6288,"3","adaptor-related protein complex AP-4, beta 1"
"Man2a1",0.0664768757979988,0.7868,"17","mannosidase 2, alpha 1"
"Commd8",-0.0664142801763967,0.428,"5","COMM domain containing 8"
"Eif4a2",0.0664117328610807,0.4304,"16","eukaryotic translation initiation factor 4A2"
"Zfp970",-0.0664056379278186,0.71,"2","zinc finger protein 970"
"Txndc15",0.0664023385532877,0.6532,"13","thioredoxin domain containing 15"
"Atpsckmt",-0.066391862254465,0.5148,"15","ATP synthase C subunit lysine N-methyltransferase"
"Zfp326",0.0663762519461768,0.6436,"5","zinc finger protein 326"
"Uri1",0.0663388199327217,0.2452,"7","URI1, prefoldin-like chaperone"
"Tut1",-0.066281721461297,0.7316,"19","terminal uridylyl transferase 1, U6 snRNA-specific"
"Ehmt1",0.066280124249916,0.6508,"2","euchromatic histone methyltransferase 1"
"Hnrnpdl",0.0662764007599153,0.7496,"5","heterogeneous nuclear ribonucleoprotein D-like"
"Pomgnt2",0.0662741431823379,0.5876,"9","protein O-linked mannose beta 1,4-N-acetylglucosaminyltransferase 2"
"Zfp787",0.0662724841734703,0.628,"7","zinc finger protein 787"
"Ilvbl",-0.0662309856851055,0.4872,"10","ilvB (bacterial acetolactate synthase)-like"
"Sart1",-0.0662257320821871,0.4968,"19","squamous cell carcinoma antigen recognized by T cells 1"
"Lrrc3b",0.0662235491589653,0.8108,"14","leucine rich repeat containing 3B"
"Rnf34",0.0662100625900237,0.3348,"5","ring finger protein 34"
"Adrm1",-0.0661992968102423,0.7004,"2","adhesion regulating molecule 1 26S proteasome ubiquitin receptor"
"Nrip2",0.0661869442998713,0.6548,"6","nuclear receptor interacting protein 2"
"Sumo1",0.066183651984729,0.606,"1","small ubiquitin-like modifier 1"
"Gla",-0.066157356828584,0.5636,"X","galactosidase, alpha"
"Uap1",-0.0661506483359258,0.1656,"1","UDP-N-acetylglucosamine pyrophosphorylase 1"
"Gm42517",0.0661326123405273,0.446,"5","predicted gene 42517"
"Zfp68",0.0661254758531422,0.3524,"5","zinc finger protein 68"
"Zfp319",0.0661175770567706,0.5312,"8","zinc finger protein 319"
"Gba",0.0661154732307745,0.658,"3","glucosidase, beta, acid"
"Nacc2",-0.066114245799711,0.7772,"2","nucleus accumbens associated 2, BEN and BTB (POZ) domain containing"
"Ormdl1",0.0660978991920311,0.7412,"1","ORM1-like 1 (S. cerevisiae)"
"Fkbp15",0.0660861384614355,0.4936,"4","FK506 binding protein 15"
"Parp9",0.0660836316276054,0.6484,"16","poly (ADP-ribose) polymerase family, member 9"
"Pign",0.0660782197620171,0.6028,"1","phosphatidylinositol glycan anchor biosynthesis, class N"
"Atcay",0.0660192056286357,0.3996,"10","ataxia, cerebellar, Cayman type"
"Nfatc2ip",0.0660163543348942,0.5976,"7","nuclear factor of activated T cells, cytoplasmic, calcineurin dependent 2 interacting protein"
"Bscl2",-0.0660152668384004,0.5628,"19","Berardinelli-Seip congenital lipodystrophy 2 (seipin)"
"Zfp777",-0.0659715341223226,0.406,"6","zinc finger protein 777"
"Nup98",0.0659470577299706,0.4608,"7","nucleoporin 98"
"Pde6d",-0.0659403254013471,0.6868,"1","phosphodiesterase 6D, cGMP-specific, rod, delta"
"Chmp6",-0.0659348743336401,0.5356,"11","charged multivesicular body protein 6"
"Klhl4",-0.0659139256153862,0.744,"X","kelch-like 4"
"Cdk19",0.0658984592062239,0.33,"10","cyclin-dependent kinase 19"
"Mrpl57",-0.0658910018675769,0.678,"14","mitochondrial ribosomal protein L57"
"Hnrnpll",0.065885877749877,0.7092,"17","heterogeneous nuclear ribonucleoprotein L-like"
"9330133O14Rik",-0.065859840813606,0.6248,"8","RIKEN cDNA 9330133O14 gene"
"Sh3pxd2b",0.0658447819308217,0.672,"11","SH3 and PX domains 2B"
"Nbas",-0.0658360418907691,0.5348,"12","neuroblastoma amplified sequence"
"Mfsd1",0.0658353263350087,0.3828,"3","major facilitator superfamily domain containing 1"
"Bex4",0.0658311614345219,0.7812,"X","brain expressed X-linked 4"
"Gstm6",-0.0658229142133049,0.7568,"3","glutathione S-transferase, mu 6"
"Mark1",0.0658081079877935,0.4912,"1","MAP/microtubule affinity regulating kinase 1"
"Thy1",0.0658037558729045,0.51,"9","thymus cell antigen 1, theta"
"Stat2",-0.0658003162859826,0.6664,"10","signal transducer and activator of transcription 2"
"Doc2a",0.0657990637312977,0.7712,"7","double C2, alpha"
"Dcaf12",-0.0657564302925646,0.48,"4","DDB1 and CUL4 associated factor 12"
"Lrrc49",-0.065748417582741,0.5188,"9","leucine rich repeat containing 49"
"Degs1",0.0657242116604184,0.538,"1","delta(4)-desaturase, sphingolipid 1"
"Galnt2",0.0656800655469727,0.522,"8","polypeptide N-acetylgalactosaminyltransferase 2"
"Nedd9",0.0656179430429704,0.4752,"13","neural precursor cell expressed, developmentally down-regulated gene 9"
"Dync2li1",-0.0656134215019204,0.452,"17","dynein cytoplasmic 2 light intermediate chain 1"
"Helq",-0.0656134148162781,0.666,"5","helicase, POLQ-like"
"Ipcef1",-0.0656080487660171,0.756,"10","interaction protein for cytohesin exchange factors 1"
"Rbbp7",0.0656066023696038,0.48,"X","retinoblastoma binding protein 7, chromatin remodeling factor"
"P2rx6",-0.065603764763877,0.7336,"16","purinergic receptor P2X, ligand-gated ion channel, 6"
"D430019H16Rik",-0.0655631887615113,0.7124,"12","RIKEN cDNA D430019H16 gene"
"Ndufs2",-0.0655548778144945,0.5168,"1","NADH:ubiquinone oxidoreductase core subunit S2"
"Ttn",-0.0655094793633642,0.8228,"2","titin"
"Rdh13",-0.0654987918244618,0.458,"7","retinol dehydrogenase 13 (all-trans and 9-cis)"
"Copg2",-0.0654950448398672,0.6988,"6","coatomer protein complex, subunit gamma 2"
"Ubxn4",0.0654768052367434,0.1928,"1","UBX domain protein 4"
"Dvl1",-0.0654667071312369,0.3,"4","dishevelled segment polarity protein 1"
"Psme4",0.0654124740525655,0.6616,"11","proteasome (prosome, macropain) activator subunit 4"
"Nell2",0.0654070049273248,0.124,"15","NEL-like 2"
"Zfp317",0.0653522356318019,0.586,"9","zinc finger protein 317"
"4930570G19Rik",0.0653404507636686,0.7552,"3","RIKEN cDNA 4930570G19 gene"
"Rab36",-0.0652999018579123,0.634,"10","RAB36, member RAS oncogene family"
"Naf1",0.0652715173493705,0.3732,"8","nuclear assembly factor 1 ribonucleoprotein"
"BC005624",0.0652220040642035,0.4324,"2","cDNA sequence BC005624"
"Nr4a1",-0.0652136632080662,0.8224,"15","nuclear receptor subfamily 4, group A, member 1"
"Tmem184b",0.0651825103211374,0.3,"15","transmembrane protein 184b"
"Alcam",0.0651582678927403,0.7728,"16","activated leukocyte cell adhesion molecule"
"Tmpo",0.0651523131031464,0.5064,"10","thymopoietin"
"Itga6",0.0651372960270464,0.6488,"2","integrin alpha 6"
"Tstd2",0.0651355839852559,0.7456,"4","thiosulfate sulfurtransferase (rhodanese)-like domain containing 2"
"Sgcb",0.0651224044857823,0.0696,"5","sarcoglycan, beta (dystrophin-associated glycoprotein)"
"Fzd4",0.0650705835647398,0.9328,"7","frizzled class receptor 4"
"Cpd",0.0650703941193891,0.538,"11","carboxypeptidase D"
"Arl13b",-0.0650602722276816,0.5196,"16","ADP-ribosylation factor-like 13B"
"Kat5",-0.0650513730265594,0.5228,"19","K(lysine) acetyltransferase 5"
"Zswim1",-0.0650260062459793,0.358,"2","zinc finger SWIM-type containing 1"
"Thap1",0.0650228523109515,0.6488,"8","THAP domain containing, apoptosis associated protein 1"
"Sgsm2",-0.0650223352743637,0.6448,"11","small G protein signaling modulator 2"
"Tmco1",0.0650109123783738,0.498,"1","transmembrane and coiled-coil domains 1"
"Rab8b",0.0650049756839541,0.728,"9","RAB8B, member RAS oncogene family"
"Rwdd2b",0.0650011415931235,0.6764,"16","RWD domain containing 2B"
"Malsu1",-0.0649775097481657,0.648,"6","mitochondrial assembly of ribosomal large subunit 1"
"6720489N17Rik",-0.0649766599653461,0.8088,"13","RIKEN cDNA 6720489N17 gene"
"Atp9a",-0.0649134020729765,0.5568,"2","ATPase, class II, type 9A"
"Lsm8",-0.0648942913997512,0.5976,"6","LSM8 homolog, U6 small nuclear RNA associated"
"Ccdc84",-0.0648836724906801,0.7188,"9","coiled-coil domain containing 84"
"Nol9",-0.064867943637033,0.5508,"4","nucleolar protein 9"
"Utp14a",-0.0648549759636285,0.6932,"X","UTP14A small subunit processome component"
"Polr2m",-0.0648224064875507,0.5324,"9","polymerase (RNA) II (DNA directed) polypeptide M"
"Azi2",0.0648142977105781,0.3828,"9","5-azacytidine induced gene 2"
"H3f3a",0.0648106665629857,0.6836,"1","H3.3 histone A"
"Sbno2",-0.0647970069576456,0.7544,"10","strawberry notch 2"
"Cbx1",-0.064777924713578,0.5548,"11","chromobox 1"
"Nr3c1",0.0647556511462328,0.6528,"18","nuclear receptor subfamily 3, group C, member 1"
"Fezf2",0.0647512903041383,0.6096,"14","Fez family zinc finger 2"
"Hnrnpu",0.0647200095006983,0.4508,"1","heterogeneous nuclear ribonucleoprotein U"
"Ssr2",-0.0647163146423138,0.5628,"3","signal sequence receptor, beta"
"Sh3bp4",-0.0646668557335373,0.7604,"1","SH3-domain binding protein 4"
"Usp20",-0.064661710418811,0.2472,"2","ubiquitin specific peptidase 20"
"Il17d",-0.0646533276469654,0.7984,"14","interleukin 17D"
"Creb3l2",0.0646408842584143,0.8844,"6","cAMP responsive element binding protein 3-like 2"
"Numa1",0.0646353579455745,0.7208,"7","nuclear mitotic apparatus protein 1"
"Zfp12",0.0646334820754664,0.274,"5","zinc finger protein 12"
"Heatr3",-0.0645886421886548,0.5884,"8","HEAT repeat containing 3"
"Rexo1",0.0645664295871979,0.416,"10","REX1, RNA exonuclease 1"
"Alyref",-0.0645292585842707,0.6692,"11","Aly/REF export factor"
"Wdr77",0.0645160250313657,0.6208,"3","WD repeat domain 77"
"Map10",-0.0645078887674695,0.6272,"8","microtubule-associated protein 10"
"Myd88",-0.0645077469561564,0.4272,"9","myeloid differentiation primary response gene 88"
"2410004B18Rik",-0.0644999044504342,0.4148,"3","RIKEN cDNA 2410004B18 gene"
"Ercc4",-0.0644765465226227,0.502,"16","excision repair cross-complementing rodent repair deficiency, complementation group 4"
"Vrk3",-0.0644682653742255,0.4908,"7","vaccinia related kinase 3"
"Scrt2",0.0644586079490104,0.6024,"2","scratch family zinc finger 2"
"Sac3d1",-0.0644538802056274,0.8336,"19","SAC3 domain containing 1"
"Nemf",0.0644366124711775,0.5892,"12","nuclear export mediator factor"
"Nap1l3",0.0644191913101277,0.4888,"X","nucleosome assembly protein 1-like 3"
"Tepsin",-0.0643773272446539,0.604,"11","TEPSIN, adaptor related protein complex 4 accessory protein"
"Ankrd23",0.0643747321914927,0.8356,"1","ankyrin repeat domain 23"
"Gtf2e2",0.0643704744232676,0.6468,"8","general transcription factor II E, polypeptide 2 (beta subunit)"
"Pnkp",-0.0643670967564169,0.5224,"7","polynucleotide kinase 3'- phosphatase"
"Ddx31",-0.06435901338532,0.41,"2","DEAD/H box helicase 31"
"Dut",-0.0643082596393842,0.7016,"2","deoxyuridine triphosphatase"
"Prrg1",0.0642927439149794,0.7616,"X","proline rich Gla (G-carboxyglutamic acid) 1"
"Rbmx2",-0.0642776661373889,0.7312,"X","RNA binding motif protein, X-linked 2"
"Paqr4",-0.0642176653038549,0.6924,"17","progestin and adipoQ receptor family member IV"
"Lxn",-0.064213065251562,0.7936,"3","latexin"
"Mrps2",0.0641783255413664,0.2068,"2","mitochondrial ribosomal protein S2"
"Naa50",0.0641438586571335,0.2172,"16","N(alpha)-acetyltransferase 50, NatE catalytic subunit"
"Cx3cl1",0.064128505402218,0.4752,"8","chemokine (C-X3-C motif) ligand 1"
"Mcm6",-0.0641010873501813,0.6416,"1","minichromosome maintenance complex component 6"
"P3h2",-0.0640993645313799,0.766,"16","prolyl 3-hydroxylase 2"
"Mpped2",0.0640942877695903,0.2644,"2","metallophosphoesterase domain containing 2"
"Htatsf1",0.0640684544157946,0.0736,"X","HIV TAT specific factor 1"
"Armc9",0.0640667006298212,0.368,"1","armadillo repeat containing 9"
"Gtf2ird1",-0.0640223282961134,0.4444,"5","general transcription factor II I repeat domain-containing 1"
"Agrn",-0.0640040550669108,0.8348,"4","agrin"
"Tram1l1",-0.0640040110233819,0.6352,"3","translocation associated membrane protein 1-like 1"
"Cyth1",-0.0639974557070246,0.4784,"11","cytohesin 1"
"Fam53a",0.063986177705349,0.6324,"5","family with sequence similarity 53, member A"
"Ewsr1",-0.0639857978799245,0.6612,"11","Ewing sarcoma breakpoint region 1"
"Begain",-0.0639740668312694,0.674,"12","brain-enriched guanylate kinase-associated"
"Vwf",0.0639462704845499,0.8648,"6","Von Willebrand factor"
"Pvt1",-0.0639430072438953,0.122,"15","Pvt1 oncogene"
"Sorcs1",0.0638992175096273,0.7376,"19","sortilin-related VPS10 domain containing receptor 1"
"Ado",-0.0638964854153095,0.47,"10","2-aminoethanethiol (cysteamine) dioxygenase"
"Maoa",-0.0638925823039163,0.4248,"X","monoamine oxidase A"
"Tln2",0.0638743839419087,0.5948,"9","talin 2"
"Zdhhc17",0.0638703527656137,0.4912,"10","zinc finger, DHHC domain containing 17"
"Golm1",0.0638559903182001,0.5144,"13","golgi membrane protein 1"
"Parp6",-0.0638455316623876,0.4828,"9","poly (ADP-ribose) polymerase family, member 6"
"Parp12",-0.0638155382323786,0.7776,"6","poly (ADP-ribose) polymerase family, member 12"
"Ccdc88c",-0.0638095420344547,0.8136,"12","coiled-coil domain containing 88C"
"Kat14",0.0638034601197885,0.5748,"2","lysine acetyltransferase 14"
"Fbxl3",0.0637952122573973,0.4852,"14","F-box and leucine-rich repeat protein 3"
"Med15",0.0637941994396476,0.392,"16","mediator complex subunit 15"
"Wdr83os",0.0637722562158238,0.8312,"8","WD repeat domain 83 opposite strand"
"Lgi3",-0.0637442199579983,0.6048,"14","leucine-rich repeat LGI family, member 3"
"Smad5",-0.0636724424395156,0.4908,"13","SMAD family member 5"
"Pknox1",0.0636389418269006,0.4084,"17","Pbx/knotted 1 homeobox"
"Tmem68",0.0635989355590381,0.478,"4","transmembrane protein 68"
"Thrap3",0.0635835967707941,0.098,"4","thyroid hormone receptor associated protein 3"
"Trmt1l",-0.0635745457849541,0.4028,"1","tRNA methyltransferase 1 like"
"Psmd5",-0.0635578334302425,0.6884,"2","proteasome (prosome, macropain) 26S subunit, non-ATPase, 5"
"Selenoo",-0.0635434952097347,0.5032,"15","selenoprotein O"
"Wdr81",0.0635393813688356,0.5436,"11","WD repeat domain 81"
"Triobp",-0.0635387899966844,0.5568,"15","TRIO and F-actin binding protein"
"Nlgn2",0.0635211010894619,0.5936,"11","neuroligin 2"
"Cbx5",0.0635107503713455,0.3564,"15","chromobox 5"
"Ddx46",0.0635081239171091,0.7648,"13","DEAD box helicase 46"
"Gdap1l1",-0.0634976852276141,0.6912,"2","ganglioside-induced differentiation-associated protein 1-like 1"
"Sdf2",-0.0634945467254528,0.6512,"11","stromal cell derived factor 2"
"Ywhah",0.0634776285211167,0.202,"5","tyrosine 3-monooxygenase/tryptophan 5-monooxygenase activation protein, eta polypeptide"
"Nucks1",0.0634708217887203,0.194,"1","nuclear casein kinase and cyclin-dependent kinase substrate 1"
"Fastkd2",0.0634514790628113,0.5932,"1","FAST kinase domains 2"
"Smim10l1",0.0634476023424231,0.666,"6","small integral membrane protein 10 like 1"
"Zfp276",-0.0634379365235258,0.7652,"8","zinc finger protein (C2H2 type) 276"
"Col11a1",0.0634166668561997,0.8816,"3","collagen, type XI, alpha 1"
"Ell",-0.0634093323755938,0.5812,"8","elongation factor RNA polymerase II"
"Tmem143",-0.0634075463138082,0.4132,"7","transmembrane protein 143"
"Sdhaf2",-0.0633971246203302,0.6108,"19","succinate dehydrogenase complex assembly factor 2"
"Piga",0.0633954948857447,0.5272,"X","phosphatidylinositol glycan anchor biosynthesis, class A"
"Arid5a",-0.0633939404040209,0.6212,"1","AT rich interactive domain 5A (MRF1-like)"
"Gm14325",-0.0633767837710524,0.1204,"2","predicted gene 14325"
"Tpi1",-0.0633741823445639,0.5804,"6","triosephosphate isomerase 1"
"Txndc16",0.0633596303067003,0.5936,"14","thioredoxin domain containing 16"
"Ncs1",-0.0633534785222167,0.7148,"2","neuronal calcium sensor 1"
"Snx16",0.0633198408173934,0.6832,"3","sorting nexin 16"
"Ube2w",0.0633113016495814,0.4964,"1","ubiquitin-conjugating enzyme E2W (putative)"
"Eef2k",-0.0632907614328717,0.784,"7","eukaryotic elongation factor-2 kinase"
"Ppara",-0.0632465292126199,0.7152,"15","peroxisome proliferator activated receptor alpha"
"Erap1",0.0632331834815369,0.6212,"13","endoplasmic reticulum aminopeptidase 1"
"Eif4e2",-0.0632022558771643,0.3748,"1","eukaryotic translation initiation factor 4E member 2"
"Mfsd5",0.0631968693412688,0.712,"15","major facilitator superfamily domain containing 5"
"Slc2a8",-0.0631773299083123,0.5416,"2","solute carrier family 2, (facilitated glucose transporter), member 8"
"Vta1",-0.0631575053160498,0.384,"10","vesicle (multivesicular body) trafficking 1"
"Vta1",-0.0631575053160498,0.384,"10","vesicle (multivesicular body) trafficking 1"
"Cnot11",0.0631369646781614,0.374,"1","CCR4-NOT transcription complex, subunit 11"
"Cp",0.0631148462253703,0.8304,"3","ceruloplasmin"
"Tmem219",0.0631085919740757,0.7612,"7","transmembrane protein 219"
"Cpeb1",-0.06310674196168,0.572,"7","cytoplasmic polyadenylation element binding protein 1"
"Zcchc17",-0.0630595905046025,0.7744,"4","zinc finger, CCHC domain containing 17"
"Nup50",0.0630464124327688,0.3216,"15","nucleoporin 50"
"Gosr1",0.0630455300499362,0.3084,"11","golgi SNAP receptor complex member 1"
"Cox7a2l",-0.0630446348154683,0.6984,"17","cytochrome c oxidase subunit 7A2 like"
"Plxnd1",-0.0630156456557396,0.6352,"6","plexin D1"
"Prim2",-0.0629807918438017,0.7408,"1","DNA primase, p58 subunit"
"Kdm5c",0.0629655234924735,0.5544,"X","lysine (K)-specific demethylase 5C"
"Dcp1b",-0.0629567811158651,0.6212,"6","decapping mRNA 1B"
"Camk1",0.0629322892386233,0.74,"6","calcium/calmodulin-dependent protein kinase I"
"Hars",0.0629311237753782,0.5032,"18","histidyl-tRNA synthetase"
"Tmem200a",-0.0629120054667176,0.8044,"10","transmembrane protein 200A"
"Matn2",-0.0629077357516472,0.7052,"15","matrilin 2"
"Pnn",0.0629009360972956,0.7624,"12","pinin"
"Atp6v0e2",-0.062826163866136,0.4752,"6","ATPase, H+ transporting, lysosomal V0 subunit E2"
"Ypel4",-0.0627997411261063,0.614,"2","yippee like 4"
"Alg3",0.062645078556109,0.7184,"16","asparagine-linked glycosylation 3 (alpha-1,3-mannosyltransferase)"
"Nsmce3",-0.0626418351408411,0.6372,"7","NSE3 homolog, SMC5-SMC6 complex component"
"Chmp5",-0.0626010332725802,0.5692,"4","charged multivesicular body protein 5"
"C2cd5",-0.0625739788504882,0.8076,"6","C2 calcium-dependent domain containing 5"
"Gm7694",-0.0625452184475788,0.8492,"1","predicted gene 7694"
"Brap",0.0625443634816101,0.0248,"5","BRCA1 associated protein"
"Tmem199",-0.0625391773768813,0.5232,"11","transmembrane protein 199"
"Cdc40",0.062528054768749,0.6548,"10","cell division cycle 40"
"Dennd1a",0.0624865266678292,0.5768,"2","DENN/MADD domain containing 1A"
"Cdc14a",0.0624732561796355,0.7492,"3","CDC14 cell division cycle 14A"
"Rhof",-0.0624439133546497,0.6708,"5","ras homolog family member F (in filopodia)"
"Atpaf2",-0.0624309864285566,0.35,"11","ATP synthase mitochondrial F1 complex assembly factor 2"
"Pcif1",0.062411223951508,0.2712,"2","phosphorylated CTD interacting factor 1"
"Slc12a4",0.0623861339299836,0.7632,"8","solute carrier family 12, member 4"
"Plin3",0.0623395947692389,0.7452,"17","perilipin 3"
"Hnrnpab",0.0623284184680557,0.4668,"11","heterogeneous nuclear ribonucleoprotein A/B"
"Sco1",0.0623178322044802,0.6668,"11","SCO1 cytochrome c oxidase assembly protein"
"Kars",-0.0622443928892382,0.624,"8","lysyl-tRNA synthetase"
"Smpdl3a",0.0622191252912936,0.764,"10","sphingomyelin phosphodiesterase, acid-like 3A"
"Mtres1",-0.0622070162720822,0.8132,"10","mitochondrial transcription rescue factor 1"
"Dnah1",0.0621986168752273,0.652,"14","dynein, axonemal, heavy chain 1"
"Paqr8",0.0621910077221326,0.7212,"1","progestin and adipoQ receptor family member VIII"
"H3f3b",0.0621908387719747,0.5848,"11","H3.3 histone B"
"Pygo2",-0.0621513202484323,0.6716,"3","pygopus 2"
"2300009A05Rik",-0.0621484360183144,0.728,"9","RIKEN cDNA 2300009A05 gene"
"Clptm1l",-0.0621308588396339,0.0432,"13","CLPTM1-like"
"Arpc3",-0.0621225020415146,0.6712,"5","actin related protein 2/3 complex, subunit 3"
"Gpr61",-0.0621223268307092,0.4868,"3","G protein-coupled receptor 61"
"Npy5r",-0.0620957801059396,0.6476,"8","neuropeptide Y receptor Y5"
"Krr1",0.0620906787786346,0.4,"10","KRR1, small subunit (SSU) processome component, homolog (yeast)"
"Dusp3",-0.0620754614830146,0.5348,"11","dual specificity phosphatase 3 (vaccinia virus phosphatase VH1-related)"
"Nosip",-0.0620317493717311,0.7204,"7","nitric oxide synthase interacting protein"
"Rragc",-0.0620272890970908,0.328,"4","Ras-related GTP binding C"
"Cxcl14",0.0619689180851211,0.7772,"13","chemokine (C-X-C motif) ligand 14"
"Prkab1",-0.0619619589254738,0.58,"5","protein kinase, AMP-activated, beta 1 non-catalytic subunit"
"Sod3",-0.0619563244499819,0.864,"5","superoxide dismutase 3, extracellular"
"Pfkp",0.0619330050983873,0.5924,"13","phosphofructokinase, platelet"
"Zfp568",0.0619170929340116,0.3452,"7","zinc finger protein 568"
"Ift22",-0.0618551767535163,0.7232,"5","intraflagellar transport 22"
"Frat2",-0.0618448508710339,0.7264,"19","frequently rearranged in advanced T cell lymphomas 2"
"Sez6l",0.0618373340164791,0.4516,"5","seizure related 6 homolog like"
"Lrrcc1",0.0618268708010379,0.7824,"3","leucine rich repeat and coiled-coil domain containing 1"
"Stip1",0.0618195458640622,0.5188,"19","stress-induced phosphoprotein 1"
"Ap1b1",-0.0618176200738798,0.446,"11","adaptor protein complex AP-1, beta 1 subunit"
"Efnb2",0.0618144001842467,0.828,"8","ephrin B2"
"Med7",-0.0617710804034308,0.6188,"11","mediator complex subunit 7"
"Kin",0.061767209666634,0.6816,"2","Kin17 DNA and RNA binding protein"
"Rasgrp3",-0.0617616187520631,0.7564,"17","RAS, guanyl releasing protein 3"
"Ccni",0.0617608310097948,0.6016,"5","cyclin I"
"Rbpj",0.0617497093375832,0.476,"5","recombination signal binding protein for immunoglobulin kappa J region"
"Gpt2",0.0616850413687713,0.6172,"8","glutamic pyruvate transaminase (alanine aminotransferase) 2"
"Emg1",-0.0616739583793855,0.3624,"6","EMG1 N1-specific pseudouridine methyltransferase"
"Arhgap23",0.0616698395476494,0.618,"11","Rho GTPase activating protein 23"
"Uvrag",0.0616639385470341,0.5284,"7","UV radiation resistance associated gene"
"Srsf11",0.061648453711868,0.7452,"3","serine and arginine-rich splicing factor 11"
"Tbck",0.0616258564095888,0.4572,"3","TBC1 domain containing kinase"
"Jup",0.0616105690665609,0.7128,"11","junction plakoglobin"
"Cbarp",-0.0616061756124857,0.5068,"10","calcium channel, voltage-dependent, beta subunit associated regulatory protein"
"Ajm1",-0.061571516936735,0.5956,"2","apical junction component 1"
"Zfr2",-0.0615702916908418,0.7256,"10","zinc finger RNA binding protein 2"
"Syt2",-0.0615513876536529,0.898,"1","synaptotagmin II"
"Mlc1",-0.0615412190791851,0.6868,"15","megalencephalic leukoencephalopathy with subcortical cysts 1 homolog (human)"
"Shc3",0.0615252072283212,0.6616,"13","src homology 2 domain-containing transforming protein C3"
"Chic2",-0.0614939032640929,0.6128,"5","cysteine-rich hydrophobic domain 2"
"Apba1",0.0614664196474859,0.6772,"19","amyloid beta (A4) precursor protein binding, family  A, member 1"
"Tbc1d14",0.0614651116988725,0.3024,"5","TBC1 domain family, member 14"
"Tnpo2",0.0614590888274797,0.2208,"8","transportin 2 (importin 3, karyopherin beta 2b)"
"Fras1",0.0614382626012144,0.8304,"5","Fraser extracellular matrix complex subunit 1"
"Emc6",-0.0614158197868777,0.7268,"11","ER membrane protein complex subunit 6"
"Mettl9",-0.0613994775736284,0.7436,"7","methyltransferase like 9"
"Polr3f",0.061395037094675,0.676,"2","polymerase (RNA) III (DNA directed) polypeptide F"
"Limk1",-0.0613759312015922,0.4572,"5","LIM-domain containing, protein kinase"
"Mapre1",0.061311425188987,0.5932,"2","microtubule-associated protein, RP/EB family, member 1"
"Pdzrn4",0.0613040830220477,0.7316,"15","PDZ domain containing RING finger 4"
"Cdon",-0.0612959567696674,0.728,"9","cell adhesion molecule-related/down-regulated by oncogenes"
"Ccdc174",-0.0612918569403158,0.5176,"6","coiled-coil domain containing 174"
"Arhgap12",0.0612842627111343,0.7728,"18","Rho GTPase activating protein 12"
"Ddr1",-0.0612682758120267,0.726,"17","discoidin domain receptor family, member 1"
"Cep170b",0.0612548489306635,0.5108,"12","centrosomal protein 170B"
"Retsat",0.0612247985574661,0.558,"6","retinol saturase (all trans retinol 13,14 reductase)"
"Rgp1",0.0612235587371321,0.6964,"4","RAB6A GEF compex partner 1"
"Mrpl46",-0.0612113121167601,0.7436,"7","mitochondrial ribosomal protein L46"
"Apba2",0.0611517107396882,0.4572,"7","amyloid beta (A4) precursor protein-binding, family A, member 2"
"Inpp4b",0.0611443536851115,0.7688,"8","inositol polyphosphate-4-phosphatase, type II"
"Vps29",0.0611296946389928,0.5196,"5","VPS29 retromer complex component"
"Ubp1",0.0611181100969995,0.8024,"9","upstream binding protein 1"
"Cacna1i",-0.0611034131300396,0.8524,"15","calcium channel, voltage-dependent, alpha 1I subunit"
"Slc30a1",0.0610851347338883,0.6812,"1","solute carrier family 30 (zinc transporter), member 1"
"Cstf2t",0.0610691605267721,0.1028,"19","cleavage stimulation factor, 3' pre-RNA subunit 2, tau"
"Klhdc1",0.0610488828008666,0.708,"12","kelch domain containing 1"
"Pkn1",-0.061000001524782,0.6648,"8","protein kinase N1"
"Rrp12",0.0609757776204027,0.6844,"19","ribosomal RNA processing 12 homolog"
"Celsr2",0.0609557543677504,0.584,"3","cadherin, EGF LAG seven-pass G-type receptor 2"
"Timm22",-0.0609507952226775,0.688,"11","translocase of inner mitochondrial membrane 22"
"Sptssa",0.0609340540081647,0.6728,"12","serine palmitoyltransferase, small subunit A"
"Kdm1b",0.0609194867749219,0.7356,"13","lysine (K)-specific demethylase 1B"
"Zc3h7a",-0.0608753690722725,0.7628,"16","zinc finger CCCH type containing 7 A"
"Fkbp14",0.0608709766195621,0.7316,"6","FK506 binding protein 14"
"Ptdss1",-0.060841584526079,0.6212,"13","phosphatidylserine synthase 1"
"Maged1",-0.0608393896407549,0.1704,"X","MAGE family member D1"
"Gab2",0.0607987787927753,0.6676,"7","growth factor receptor bound protein 2-associated protein 2"
"Nif3l1",0.0607709273772352,0.544,"1","Ngg1 interacting factor 3-like 1 (S. pombe)"
"Pam",0.0607638501569285,0.6468,"1","peptidylglycine alpha-amidating monooxygenase"
"Hepacam",0.0607204267887127,0.7136,"9","hepatocyte cell adhesion molecule"
"Ank1",0.0607193636102945,0.8164,"8","ankyrin 1, erythroid"
"Ccser1",0.0606981974406264,0.7364,"6","coiled-coil serine rich 1"
"Ppwd1",0.0606980405708311,0.472,"13","peptidylprolyl isomerase domain and WD repeat containing 1"
"Psen1",-0.0606892954982428,0.33,"12","presenilin 1"
"Fam114a2",-0.0606884644042873,0.6376,"11","family with sequence similarity 114, member A2"
"Klhl25",0.060672717865121,0.6268,"7","kelch-like 25"
"Tafa1",0.0606710341612073,0.2676,"6","TAFA chemokine like family member 1"
"Pard3",0.0606672735007425,0.5952,"8","par-3 family cell polarity regulator"
"Pcyt1a",-0.0606483869835248,0.3708,"16","phosphate cytidylyltransferase 1, choline, alpha isoform"
"BC029722",-0.0606341035737072,0.6716,"2","cDNA sequence BC029722"
"Ank",0.0606306154218412,0.568,"15","progressive ankylosis"
"Raver2",0.0606081340785041,0.6832,"4","ribonucleoprotein, PTB-binding 2"
"Rhot2",-0.0605697217326719,0.4812,"17","ras homolog family member T2"
"Zscan22",0.0605578049793034,0.5268,"7","zinc finger and SCAN domain containing 22"
"Dcaf11",-0.0605445487864156,0.1456,"14","DDB1 and CUL4 associated factor 11"
"Lamb2",-0.0605364342992702,0.6788,"9","laminin, beta 2"
"Atg2b",0.0605331798933078,0.628,"12","autophagy related 2B"
"Sprtn",-0.0605088662564048,0.782,"8","SprT-like N-terminal domain"
"Zfp759",0.0604970156948044,0.7452,"13","zinc finger protein 759"
"Dipk2a",0.060496731332436,0.6412,"9","divergent protein kinase domain 2A"
"Mxd4",-0.0604943024153961,0.6816,"5","Max dimerization protein 4"
"Garem2",-0.0604837802278402,0.728,"5","GRB2 associated regulator of MAPK1 subtype 2"
"Riok1",0.0604795014282322,0.6136,"13","RIO kinase 1"
"Pggt1b",0.0604723477346201,0.8208,"18","protein geranylgeranyltransferase type I, beta subunit"
"Borcs5",-0.0604633181840768,0.7984,"6","BLOC-1 related complex subunit 5"
"Ophn1",-0.0604278051803213,0.6072,"X","oligophrenin 1"
"Hectd3",0.0604099632995627,0.3216,"4","HECT domain E3 ubiquitin protein ligase 3"
"Zfp423",0.0603941509091426,0.6292,"8","zinc finger protein 423"
"Actr10",-0.0603868998652484,0.3564,"12","ARP10 actin-related protein 10"
"Clip4",0.0603677506165967,0.6756,"17","CAP-GLY domain containing linker protein family, member 4"
"Adgrb1",-0.0603531343487056,0.6428,"15","adhesion G protein-coupled receptor B1"
"Zfp354a",0.0603528151498121,0.5104,"11","zinc finger protein 354A"
"Ice1",0.0603499948502852,0.8544,"13","interactor of little elongation complex ELL subunit 1"
"Timm23",0.0603279560714771,0.7052,"14","translocase of inner mitochondrial membrane 23"
"Micos10",-0.0603045066355676,0.7844,"4","mitochondrial contact site and cristae organizing system subunit 10"
"Nipal3",0.0602987384712961,0.3424,"4","NIPA-like domain containing 3"
"Sc5d",0.0602935514204983,0.5644,"9","sterol-C5-desaturase"
"Stk11",-0.0602822595190782,0.7744,"10","serine/threonine kinase 11"
"Taf5l",0.0602569374252564,0.6492,"8","TATA-box binding protein associated factor 5 like"
"Anxa7",0.0602455709723637,0.364,"14","annexin A7"
"Nudcd3",-0.0602405540536042,0.3728,"11","NudC domain containing 3"
"Jam2",0.0602302022116099,0.51,"16","junction adhesion molecule 2"
"Mest",0.0602135261600827,0.6904,"6","mesoderm specific transcript"
"Pde1c",-0.0601856680466031,0.838,"6","phosphodiesterase 1C"
"Tax1bp1",0.0601414732603702,0.456,"6","Tax1 (human T cell leukemia virus type I) binding protein 1"
"Eef1akmt2",0.0601197104816902,0.3892,"7","EEF1A lysine methyltransferase 2"
"Hspa9",0.0601082992682578,0.4304,"18","heat shock protein 9"
"Slc17a6",0.0600980785259213,0.9076,"7","solute carrier family 17 (sodium-dependent inorganic phosphate cotransporter), member 6"
"Uchl1",-0.0600814117590307,0.7988,"5","ubiquitin carboxy-terminal hydrolase L1"
"Polr3d",-0.060076234432862,0.3244,"14","polymerase (RNA) III (DNA directed) polypeptide D"
"Relch",0.0600690316120893,0.7864,"1","RAB11 binding and LisH domain, coiled-coil and HEAT repeat containing"
"1110004F10Rik",-0.0600678594531718,0.6368,"7","RIKEN cDNA 1110004F10 gene"
"Rundc3b",0.0600534624756444,0.7444,"5","RUN domain containing 3B"
"Ngly1",0.0600534437262183,0.6184,"14","N-glycanase 1"
"Pym1",-0.0600335931330047,0.7504,"10","PYM homolog 1, exon junction complex associated factor"
"Actr1a",-0.059974585884329,0.514,"19","ARP1 actin-related protein 1A, centractin alpha"
"Hmgcs2",0.0599218801101444,0.728,"3","3-hydroxy-3-methylglutaryl-Coenzyme A synthase 2"
"Mib2",-0.0599203159274229,0.4204,"4","mindbomb E3 ubiquitin protein ligase 2"
"Chst12",0.0599109557371591,0.5216,"5","carbohydrate sulfotransferase 12"
"Adcy3",0.0598778710292542,0.6296,"12","adenylate cyclase 3"
"Rab43",-0.0598678805274169,0.5312,"6","RAB43, member RAS oncogene family"
"Zcchc4",-0.0598414242420113,0.4644,"5","zinc finger, CCHC domain containing 4"
"Aph1c",-0.0598170668133089,0.5436,"9","aph1 homolog C, gamma secretase subunit"
"Trpc4ap",-0.0598092327593269,0.3556,"2","transient receptor potential cation channel, subfamily C, member 4 associated protein"
"Kansl1",0.0598018980843351,0.4916,"11","KAT8 regulatory NSL complex subunit 1"
"Wdr1",0.0598018637745428,0.272,"5","WD repeat domain 1"
"Dkk3",-0.059779439433397,0.514,"7","dickkopf WNT signaling pathway inhibitor 3"
"Lrrc24",0.0597473978944332,0.6492,"15","leucine rich repeat containing 24"
"Ppil2",-0.0597342030626153,0.4184,"16","peptidylprolyl isomerase (cyclophilin)-like 2"
"Pspc1",0.0597316822836484,0.4488,"14","paraspeckle protein 1"
"Il34",0.0597126090202309,0.5284,"8","interleukin 34"
"Tbc1d25",-0.0597012416330633,0.4148,"X","TBC1 domain family, member 25"
"D3Ertd751e",-0.0596917737159277,0.61,"3","DNA segment, Chr 3, ERATO Doi 751, expressed"
"Igf2",0.0596896581104671,0.9284,"7","insulin-like growth factor 2"
"Trim24",0.0596786001343723,0.6524,"6","tripartite motif-containing 24"
"Srf",0.0596432389620363,0.6784,"17","serum response factor"
"Fam102a",0.0596289698293875,0.5692,"2","family with sequence similarity 102, member A"
"Col4a5",-0.0595616937096757,0.8316,"X","collagen, type IV, alpha 5"
"Car7",0.0595522419454335,0.6828,"8","carbonic anhydrase 7"
"Birc6",0.0595321003839064,0.8368,"17","baculoviral IAP repeat-containing 6"
"Srrm2",0.0595004039623319,0.8636,"17","serine/arginine repetitive matrix 2"
"Dact1",-0.0594848874825491,0.7744,"12","dishevelled-binding antagonist of beta-catenin 1"
"Serping1",0.0594700063384193,0.808,"2","serine (or cysteine) peptidase inhibitor, clade G, member 1"
"Aldh2",-0.0594667202859034,0.7196,"5","aldehyde dehydrogenase 2, mitochondrial"
"Selenoi",0.0594592993434251,0.6432,"5","selenoprotein I"
"Rragd",0.0594563737957063,0.3816,"4","Ras-related GTP binding D"
"Osgep",-0.0594540807370665,0.6336,"14","O-sialoglycoprotein endopeptidase"
"Pfkl",-0.0594487277612643,0.5844,"10","phosphofructokinase, liver, B-type"
"Mpi",0.0594401958348536,0.4308,"9","mannose phosphate isomerase"
"Mthfr",-0.0594137296876598,0.7564,"4","methylenetetrahydrofolate reductase"
"Pgm3",-0.0594093644418936,0.6056,"9","phosphoglucomutase 3"
"Slc16a14",0.0593501944625161,0.9212,"1","solute carrier family 16 (monocarboxylic acid transporters), member 14"
"Med26",-0.0593353796061202,0.7988,"8","mediator complex subunit 26"
"Myo18a",0.0593245414170038,0.5072,"11","myosin XVIIIA"
"Creb3l1",-0.059298371187356,0.8188,"2","cAMP responsive element binding protein 3-like 1"
"Hdac5",-0.059295945173151,0.6576,"11","histone deacetylase 5"
"Diras2",0.0592837354464724,0.3876,"13","DIRAS family, GTP-binding RAS-like 2"
"Fut8",0.0592691229922062,0.4256,"12","fucosyltransferase 8"
"Rnf114",-0.0592590418098906,0.5108,"2","ring finger protein 114"
"Lpcat4",-0.0592524662152494,0.7036,"2","lysophosphatidylcholine acyltransferase 4"
"Fam13b",0.0592321523300718,0.834,"18","family with sequence similarity 13, member B"
"Mpp1",0.0592257980894395,0.4416,"X","membrane protein, palmitoylated"
"Araf",-0.0591646612062142,0.4656,"X","Araf proto-oncogene, serine/threonine kinase"
"Ypel2",0.059160242337966,0.7908,"11","yippee like 2"
"Sh3yl1",-0.059151247979488,0.4832,"12","Sh3 domain YSC-like 1"
"Eif2a",0.0591379982907387,0.6784,"3","eukaryotic translation initiation factor 2A"
"Nr1d1",-0.0591355937690041,0.6684,"11","nuclear receptor subfamily 1, group D, member 1"
"Kat7",0.0591175059219378,0.3408,"11","K(lysine) acetyltransferase 7"
"Adamts17",0.059117004402705,0.6612,"7","a disintegrin-like and metallopeptidase (reprolysin type) with thrombospondin type 1 motif, 17"
"Grm2",0.0590278231631096,0.6748,"9","glutamate receptor, metabotropic 2"
"Spag7",-0.0590189291514145,0.7796,"11","sperm associated antigen 7"
"Zfp9",0.0589854628823421,0.6252,"6","zinc finger protein 9"
"Yju2",-0.0589537110195559,0.5444,"17","YJU2 splicing factor"
"Rin1",0.0589497157585379,0.6668,"19","Ras and Rab interactor 1"
"Acot8",-0.0589315878226468,0.7164,"2","acyl-CoA thioesterase 8"
"Phkb",0.0588822499787192,0.632,"8","phosphorylase kinase beta"
"Dpp3",0.0588742925985271,0.516,"19","dipeptidylpeptidase 3"
"Ficd",-0.058873348688385,0.6376,"5","FIC domain containing"
"Snw1",-0.0588445034635319,0.5908,"12","SNW domain containing 1"
"Dpp6",0.0588187364324213,0.4428,"5","dipeptidylpeptidase 6"
"Mppe1",0.0588173827768346,0.7688,"18","metallophosphoesterase 1"
"Sub1",-0.0587900744002221,0.6372,"15","SUB1 homolog, transcriptional regulator"
"Dlg1",0.0587852220478053,0.534,"16","discs large MAGUK scaffold protein 1"
"Slc25a34",0.0587744479827015,0.7096,"4","solute carrier family 25, member 34"
"Arhgap33",0.0587339930697688,0.7264,"7","Rho GTPase activating protein 33"
"Rabepk",-0.058732560287627,0.5556,"2","Rab9 effector protein with kelch motifs"
"Golga1",-0.0587316851602235,0.8088,"2","golgi autoantigen, golgin subfamily a, 1"
"Ufd1",-0.0587165320450103,0.6488,"16","ubiquitin recognition factor in ER-associated degradation 1"
"Gfap",-0.0586957743359395,0.8044,"11","glial fibrillary acidic protein"
"Cxxc5",-0.058687043501088,0.6868,"18","CXXC finger 5"
"Anp32e",0.0586787877578621,0.5804,"3","acidic (leucine-rich) nuclear phosphoprotein 32 family, member E"
"Copz1",-0.0586542977267408,0.612,"15","coatomer protein complex, subunit zeta 1"
"Stk35",0.058623974541602,0.526,"2","serine/threonine kinase 35"
"Rufy1",-0.0586069064309314,0.7452,"11","RUN and FYVE domain containing 1"
"Shd",0.05856063823658,0.6684,"17","src homology 2 domain-containing transforming protein D"
"Kcns2",0.0585602496356064,0.696,"15","K+ voltage-gated channel, subfamily S, 2"
"Rpap2",0.0585552330404733,0.4696,"5","RNA polymerase II associated protein 2"
"Cdc42ep1",-0.0585478578280254,0.6972,"15","CDC42 effector protein (Rho GTPase binding) 1"
"Sec23ip",0.0585362202592492,0.6628,"7","Sec23 interacting protein"
"Slc7a1",0.058526483045485,0.7628,"5","solute carrier family 7 (cationic amino acid transporter, y+ system), member 1"
"Ankrd46",0.0585157804588645,0.3188,"15","ankyrin repeat domain 46"
"Eif4g3",0.0585086440180635,0.5128,"4","eukaryotic translation initiation factor 4 gamma, 3"
"Kat2b",0.0584590650908998,0.7364,"17","K(lysine) acetyltransferase 2B"
"Hsd17b11",0.0584578888455995,0.3612,"5","hydroxysteroid (17-beta) dehydrogenase 11"
"Atmin",0.0584516972234503,0.2848,"8","ATM interactor"
"Cactin",-0.0584360355232088,0.4828,"10","cactin, spliceosome C complex subunit"
"Aqr",0.0584353975487533,0.6676,"2","aquarius"
"Tmem50b",0.0583772147961801,0.6804,"16","transmembrane protein 50B"
"Lrp1",-0.0583675768632119,0.7652,"10","low density lipoprotein receptor-related protein 1"
"Lasp1",-0.0583586543225465,0.5816,"11","LIM and SH3 protein 1"
"Mrps26",-0.0583322632825176,0.7892,"2","mitochondrial ribosomal protein S26"
"Pdcd7",0.058325109877523,0.7696,"9","programmed cell death 7"
"Adcy8",-0.0583233145958344,0.7872,"15","adenylate cyclase 8"
"Slc39a9",0.0582711698331631,0.6076,"12","solute carrier family 39 (zinc transporter), member 9"
"Polr1e",-0.0582710791145531,0.72,"4","polymerase (RNA) I polypeptide E"
"Emd",0.058250648738329,0.6336,"X","emerin"
"Ppp1r18",-0.058211455690647,0.7308,"17","protein phosphatase 1, regulatory subunit 18"
"1700016K19Rik",0.0582064719619897,0.8812,"11","RIKEN cDNA 1700016K19 gene"
"Stx18",-0.058182181496381,0.6916,"5","syntaxin 18"
"Mapk14",-0.0581795624633985,0.4096,"17","mitogen-activated protein kinase 14"
"AW146154",-0.0581674070180953,0.8168,"7","expressed sequence AW146154"
"Gpr107",-0.0581522913700754,0.3828,"2","G protein-coupled receptor 107"
"Abhd10",0.0581450195184678,0.6256,"16","abhydrolase domain containing 10"
"Kyat1",-0.0580907622988649,0.6816,"2","kynurenine aminotransferase 1"
"Gdi1",0.0580667269903596,0.254,"X","guanosine diphosphate (GDP) dissociation inhibitor 1"
"Phrf1",0.058045670826778,0.4696,"7","PHD and ring finger domains 1"
"Cd9",0.0580372291477058,0.7856,"6","CD9 antigen"
"St6galnac6",-0.0580275931067966,0.764,"2","ST6 (alpha-N-acetyl-neuraminyl-2,3-beta-galactosyl-1,3)-N-acetylgalactosaminide alpha-2,6-sialyltransferase 6"
"Slc7a14",0.0580190535371212,0.6308,"3","solute carrier family 7 (cationic amino acid transporter, y+ system), member 14"
"Slc30a7",0.0579947965634213,0.682,"3","solute carrier family 30 (zinc transporter), member 7"
"Senp2",0.0579644678160731,0.5512,"16","SUMO/sentrin specific peptidase 2"
"Slc20a2",-0.0579358843919255,0.5808,"8","solute carrier family 20, member 2"
"Slc25a23",0.0579315711689183,0.7988,"17","solute carrier family 25 (mitochondrial carrier; phosphate carrier), member 23"
"Cyhr1",-0.0579142857982475,0.6172,"15","cysteine and histidine rich 1"
"Lman2",0.0578572710831482,0.5404,"13","lectin, mannose-binding 2"
"Atat1",-0.0578321291607962,0.6328,"17","alpha tubulin acetyltransferase 1"
"Zswim9",-0.057820818623648,0.5812,"7","zinc finger SWIM-type containing 9"
"B4galt5",0.0577952550557432,0.2968,"2","UDP-Gal:betaGlcNAc beta 1,4-galactosyltransferase, polypeptide 5"
"Slc27a4",-0.0577750745067531,0.58,"2","solute carrier family 27 (fatty acid transporter), member 4"
"Dolpp1",-0.0577422790874644,0.5344,"2","dolichyl pyrophosphate phosphatase 1"
"Ralyl",0.057702605050272,0.6604,"3","RALY RNA binding protein-like"
"2610008E11Rik",0.0576991505068625,0.6392,"10","RIKEN cDNA 2610008E11 gene"
"Cfap20",-0.0576972276647636,0.528,"8","cilia and flagella associated protein 20"
"Phb",-0.0576798399979221,0.7304,"11","prohibitin"
"Mavs",-0.0576659791335592,0.6448,"2","mitochondrial antiviral signaling protein"
"Gabbr1",0.0576508657910679,0.4104,"17","gamma-aminobutyric acid (GABA) B receptor, 1"
"Slf1",0.0576479028612491,0.6924,"13","SMC5-SMC6 complex localization factor 1"
"Zfp937",0.0576451365736985,0.7464,"2","zinc finger protein 937"
"Ncln",-0.0576441615124619,0.592,"10","nicalin"
"Desi2",0.0576342454421432,0.5432,"1","desumoylating isopeptidase 2"
"Tmcc1",0.0576192688370911,0.7856,"6","transmembrane and coiled coil domains 1"
"Fbxo10",-0.05761066702925,0.2448,"4","F-box protein 10"
"Prpf19",-0.0575964049104893,0.35,"19","pre-mRNA processing factor 19"
"Slc7a11",0.0575767769045035,0.7916,"3","solute carrier family 7 (cationic amino acid transporter, y+ system), member 11"
"Hnmt",0.0575677081332837,0.7104,"2","histamine N-methyltransferase"
"Adprm",0.0575458460112244,0.6772,"11","ADP-ribose/CDP-alcohol diphosphatase, manganese dependent"
"Mrm1",-0.0575355531335173,0.6888,"11","mitochondrial rRNA methyltransferase 1"
"Tmem70",0.0575230763080281,0.5328,"1","transmembrane protein 70"
"Zdhhc13",-0.057522943833245,0.4416,"7","zinc finger, DHHC domain containing 13"
"Stx3",0.0574927447351703,0.7604,"19","syntaxin 3"
"Fbll1",-0.0574412407213751,0.7212,"11","fibrillarin-like 1"
"Celf4",0.0574356967019813,0.7124,"18","CUGBP, Elav-like family member 4"
"Supt5",0.0573470548898971,0.4072,"7","suppressor of Ty 5, DSIF elongation factor subunit"
"Pdgfc",0.0573465586496753,0.6708,"3","platelet-derived growth factor, C polypeptide"
"Prune1",0.0573411685277163,0.328,"3","prune exopolyphosphatase"
"Tmem128",-0.0573165718901669,0.7068,"5","transmembrane protein 128"
"Mterf3",0.0572895744372537,0.5716,"13","mitochondrial transcription termination factor 3"
"Ints13",0.0572834495184917,0.7072,"6","integrator complex subunit 13"
"Ndrg4",0.0572817920105333,0.5108,"8","N-myc downstream regulated gene 4"
"Zfhx2",0.0572684591570214,0.846,"14","zinc finger homeobox 2"
"Mcu",-0.057195118201939,0.59,"10","mitochondrial calcium uniporter"
"Hdhd3",0.0571706212260821,0.8124,"4","haloacid dehalogenase-like hydrolase domain containing 3"
"Ipo11",0.0570896834097017,0.6296,"13","importin 11"
"Wrn",0.057066584416873,0.7024,"8","Werner syndrome RecQ like helicase"
"Ss18",0.0570530452866089,0.6068,"18","SS18, nBAF chromatin remodeling complex subunit"
"Lct",0.0570496840264862,0.4224,"1","lactase"
"Ift52",-0.0570311804791297,0.6236,"2","intraflagellar transport 52"
"Rabggtb",0.0569924202780019,0.3448,"3","Rab geranylgeranyl transferase, b subunit"
"Myo10",0.0569901524873666,0.4952,"15","myosin X"
"Tpst1",-0.056979533051182,0.5148,"5","protein-tyrosine sulfotransferase 1"
"Tgfb1i1",0.0569777301260594,0.7824,"7","transforming growth factor beta 1 induced transcript 1"
"Rbms1",0.056955223976634,0.8456,"2","RNA binding motif, single stranded interacting protein 1"
"Vasn",0.0569347379216425,0.8108,"16","vasorin"
"Thoc2l",0.0569292533652055,0.8332,"5","THO complex subunit 2-like"
"Zscan18",0.0569278297456046,0.7304,"7","zinc finger and SCAN domain containing 18"
"Sncb",-0.0569268561145773,0.7996,"13","synuclein, beta"
"Pycr2",-0.0569183707568808,0.6028,"1","pyrroline-5-carboxylate reductase family, member 2"
"Tcea1",0.0568784626240326,0.7552,"1","transcription elongation factor A (SII) 1"
"Myo7a",-0.0568706237483676,0.4892,"7","myosin VIIA"
"Stk25",-0.0568635843814596,0.4372,"1","serine/threonine kinase 25 (yeast)"
"Gtf3c1",0.0568354466267493,0.5336,"7","general transcription factor III C 1"
"5730409E04Rik",0.0568288731225746,0.6432,"4","RIKEN cDNA 5730409E04Rik gene"
"Tmem41a",0.0568001474455802,0.5232,"16","transmembrane protein 41a"
"Pxk",-0.0567955096711277,0.7384,"14","PX domain containing serine/threonine kinase"
"Ldhb",-0.0567782113651649,0.7744,"6","lactate dehydrogenase B"
"Eif3b",-0.0567781130270086,0.6444,"5","eukaryotic translation initiation factor 3, subunit B"
"Tmem62",-0.0567320059203658,0.2996,"2","transmembrane protein 62"
"Ripor2",0.0567260630064412,0.6824,"13","RHO family interacting cell polarization regulator 2"
"Mro",0.0567162897022802,0.486,"18","maestro"
"Med23",-0.0567030715348285,0.8476,"10","mediator complex subunit 23"
"Grn",0.0566376422274635,0.4692,"11","granulin"
"Polr3b",0.0565794127018822,0.616,"10","polymerase (RNA) III (DNA directed) polypeptide B"
"Syt12",-0.0565698931926555,0.5892,"19","synaptotagmin XII"
"Star",0.0565658466668824,0.8052,"8","steroidogenic acute regulatory protein"
"Pitrm1",-0.0565212636046288,0.68,"13","pitrilysin metallepetidase 1"
"Me2",0.0565083967056053,0.636,"18","malic enzyme 2, NAD(+)-dependent, mitochondrial"
"Cyp2j9",0.0564856769740123,0.6588,"4","cytochrome P450, family 2, subfamily j, polypeptide 9"
"Mark4",0.0564483699739373,0.56,"7","MAP/microtubule affinity regulating kinase 4"
"Zfp3",-0.0564282644635092,0.4772,"11","zinc finger protein 3"
"BC005537",0.0564075107505264,0.668,"13","cDNA sequence BC005537"
"Eif1b",-0.0564046281667219,0.8228,"9","eukaryotic translation initiation factor 1B"
"Plekha6",-0.0564022650776721,0.8476,"1","pleckstrin homology domain containing, family A member 6"
"Zfp113",0.0563814465862311,0.5012,"5","zinc finger protein 113"
"Itm2b",0.0563217092911312,0.6272,"14","integral membrane protein 2B"
"Ttll4",0.0563061844815422,0.7912,"1","tubulin tyrosine ligase-like family, member 4"
"Eya4",-0.0562849610898422,0.658,"10","EYA transcriptional coactivator and phosphatase 4"
"Parvg",-0.0562538681947871,0.6852,"15","parvin, gamma"
"Chfr",-0.056237897355258,0.6324,"5","checkpoint with forkhead and ring finger domains"
"Snap25",0.0561743588977244,0.5364,"2","synaptosomal-associated protein 25"
"Osbpl3",0.0561733024092925,0.7484,"6","oxysterol binding protein-like 3"
"Lamtor1",-0.0561600389713801,0.8292,"7","late endosomal/lysosomal adaptor, MAPK and MTOR activator 1"
"Fus",0.0560918332908598,0.7612,"7","fused in sarcoma"
"Smurf2",0.0560720734026283,0.552,"11","SMAD specific E3 ubiquitin protein ligase 2"
"Mtss2",0.0560523645802,0.7524,"8","MTSS I-BAR domain containing 2"
"Trim28",-0.0560415483641359,0.6556,"7","tripartite motif-containing 28"
"Lancl1",-0.0560333272877305,0.488,"1","LanC (bacterial lantibiotic synthetase component C)-like 1"
"Tpd52",-0.055988255321922,0.5844,"3","tumor protein D52"
"Rdx",0.0559684792129174,0.57,"9","radixin"
"Myh15",-0.0558909131224059,0.8796,"16","myosin, heavy chain 15"
"Tgfbrap1",0.0558736769561037,0.4184,"1","transforming growth factor, beta receptor associated protein 1"
"Ctsd",-0.0558593478133815,0.7384,"7","cathepsin D"
"Slc29a2",-0.0558376357508186,0.7076,"19","solute carrier family 29 (nucleoside transporters), member 2"
"Cops3",0.0558291998587457,0.6132,"11","COP9 signalosome subunit 3"
"Nfia",0.0558290227250939,0.7596,"4","nuclear factor I/A"
"Cenpx",-0.0558135986346295,0.9016,"11","centromere protein X"
"Cdk5rap2",0.0557870646515033,0.748,"4","CDK5 regulatory subunit associated protein 2"
"Nudt1",-0.0557590399232353,0.7496,"5","nudix (nucleoside diphosphate linked moiety X)-type motif 1"
"Pwwp2b",-0.0557509126629698,0.4152,"7","PWWP domain containing 2B"
"Trpc6",-0.0557261538012899,0.6944,"9","transient receptor potential cation channel, subfamily C, member 6"
"Igfbp3",0.0557215265055158,0.6836,"11","insulin-like growth factor binding protein 3"
"Itpripl2",0.0557069095015943,0.7976,"7","inositol 1,4,5-triphosphate receptor interacting protein-like 2"
"Actl6a",-0.055681682749289,0.2576,"3","actin-like 6A"
"Zfyve27",-0.0556673970397812,0.5872,"19","zinc finger, FYVE domain containing 27"
"Epn1",-0.055632680999766,0.8236,"7","epsin 1"
"Acad11",0.0556263016096512,0.6628,"9","acyl-Coenzyme A dehydrogenase family, member 11"
"Fam161b",0.0556176859097497,0.556,"12","family with sequence similarity 161, member B"
"Cd99l2",-0.0556160878224343,0.3024,"X","CD99 antigen-like 2"
"Srsf10",0.0555899933447117,0.6588,"4","serine and arginine-rich splicing factor 10"
"Rsrp1",-0.0555772727689199,0.602,"4","arginine/serine rich protein 1"
"Ofd1",0.0555211612161095,0.6424,"X","OFD1, centriole and centriolar satellite protein"
"Prnp",-0.0555151422259907,0.6712,"2","prion protein"
"Zmiz2",0.0555075745696509,0.714,"11","zinc finger, MIZ-type containing 2"
"Gpx3",0.0555062684589567,0.922,"11","glutathione peroxidase 3"
"Map4k5",0.0554578268038899,0.8152,"12","mitogen-activated protein kinase kinase kinase kinase 5"
"Chchd4",-0.0554536263456891,0.7244,"6","coiled-coil-helix-coiled-coil-helix domain containing 4"
"Rbm28",0.0554464878388643,0.7608,"6","RNA binding motif protein 28"
"Pck2",-0.0554441760867501,0.2256,"14","phosphoenolpyruvate carboxykinase 2 (mitochondrial)"
"Ehd3",0.0554236872925324,0.5612,"17","EH-domain containing 3"
"Ube2q1",0.0553849371077684,0.5192,"3","ubiquitin-conjugating enzyme E2Q family member 1"
"Ncstn",0.0553832307874957,0.2068,"1","nicastrin"
"Snhg11",-0.0553820318547249,0.8876,"2","small nucleolar RNA host gene 11"
"Cldn11",0.055372239556414,0.8728,"3","claudin 11"
"Cnot6",0.055368698168814,0.5392,"11","CCR4-NOT transcription complex, subunit 6"
"Med17",0.0553685317274999,0.6236,"9","mediator complex subunit 17"
"Abca2",0.0553556393679919,0.7536,"2","ATP-binding cassette, sub-family A (ABC1), member 2"
"Thap7",0.0553545811065659,0.7468,"16","THAP domain containing 7"
"Dlx1",0.055352520886971,0.6836,"2","distal-less homeobox 1"
"Cep135",0.0553258988593348,0.7972,"5","centrosomal protein 135"
"Tada3",0.0552640294104281,0.7152,"6","transcriptional adaptor 3"
"Morc3",0.0552511453765705,0.6912,"16","microrchidia 3"
"Zfp763",0.0552487007438116,0.4252,"17","zinc finger protein 763"
"Fbxw8",-0.0552437494715274,0.7012,"5","F-box and WD-40 domain protein 8"
"Mgme1",0.05521101873487,0.6296,"2","mitochondrial genome maintenance exonuclease 1"
"Ibtk",0.0551973658946938,0.7068,"9","inhibitor of Bruton agammaglobulinemia tyrosine kinase"
"Far2",-0.0551887727994731,0.8796,"6","fatty acyl CoA reductase 2"
"Nus1",0.0551540187442274,0.2712,"10","NUS1 dehydrodolichyl diphosphate synthase subunit"
"L2hgdh",-0.0551434175877183,0.5904,"12","L-2-hydroxyglutarate dehydrogenase"
"Ugt8a",-0.0551168156737516,0.8096,"3","UDP galactosyltransferase 8A"
"Kdm4c",0.055112876469658,0.6072,"4","lysine (K)-specific demethylase 4C"
"Kmt2b",0.055110771018211,0.8204,"7","lysine (K)-specific methyltransferase 2B"
"Ganab",0.0551070542843783,0.2612,"19","alpha glucosidase 2 alpha neutral subunit"
"Fbrs",0.0551033233745057,0.752,"7","fibrosin"
"Odr4",-0.055102266781641,0.2872,"1","odr4 GPCR localization factor homolog"
"Mad2l2",-0.0550977553193635,0.7884,"4","MAD2 mitotic arrest deficient-like 2"
"Kif13a",0.0550579552958377,0.726,"13","kinesin family member 13A"
"Chmp2b",0.0550427686057278,0.7288,"16","charged multivesicular body protein 2B"
"P4hb",-0.0550423158128543,0.6092,"11","prolyl 4-hydroxylase, beta polypeptide"
"Ubc",-0.0549845684095498,0.7924,"5","ubiquitin C"
"Gas2l1",-0.0549756790412275,0.4524,"11","growth arrest-specific 2 like 1"
"Set",-0.0549292834197832,0.6368,"2","SET nuclear oncogene"
"Clptm1",0.0549164360401901,0.2628,"7","cleft lip and palate associated transmembrane protein 1"
"Plekhh2",-0.0549114047742072,0.8296,"17","pleckstrin homology domain containing, family H (with MyTH4 domain) member 2"
"Mllt1",-0.0549067570714907,0.8156,"17","myeloid/lymphoid or mixed-lineage leukemia; translocated to, 1"
"Pex1",0.0548390554350044,0.7456,"5","peroxisomal biogenesis factor 1"
"Shroom1",-0.0548118307880698,0.804,"11","shroom family member 1"
"Brca2",0.0548107746857687,0.81,"5","breast cancer 2, early onset"
"Ethe1",0.0547947216127054,0.8268,"7","ethylmalonic encephalopathy 1"
"Cpe",-0.0547818822207109,0.6464,"8","carboxypeptidase E"
"Bicra",0.0547663509927574,0.7356,"7","BRD4 interacting chromatin remodeling complex associated protein"
"Maneal",0.0547532626307827,0.402,"4","mannosidase, endo-alpha-like"
"Ndufc2",-0.0547471007565559,0.7336,"7","NADH:ubiquinone oxidoreductase subunit C2"
"Pdp2",0.0547005681560626,0.75,"8","pyruvate dehydrogenase phosphatase catalytic subunit 2"
"AA414768",-0.0546959319716231,0.8484,"X","expressed sequence AA414768"
"Ubr4",-0.0546798783443663,0.7572,"4","ubiquitin protein ligase E3 component n-recognin 4"
"Nqo1",-0.0546719986036761,0.8392,"8","NAD(P)H dehydrogenase, quinone 1"
"Morn4",-0.054662511460112,0.7752,"19","MORN repeat containing 4"
"Cnot3",0.0546513525171193,0.7292,"7","CCR4-NOT transcription complex, subunit 3"
"Lrp11",0.0546249798208214,0.5788,"10","low density lipoprotein receptor-related protein 11"
"Supt7l",0.0546231317100867,0.6088,"5","SPT7-like, STAGA complex gamma subunit"
"Gyg",-0.0546070240694814,0.6324,"3","glycogenin"
"Tmsb10",-0.0545878634095551,0.8576,"6","thymosin, beta 10"
"Gal3st3",0.0545349975191396,0.7296,"19","galactose-3-O-sulfotransferase 3"
"Slc43a2",-0.0544605104283322,0.6344,"11","solute carrier family 43, member 2"
"Asnsd1",0.0544125574636189,0.718,"1","asparagine synthetase domain containing 1"
"Lin37",0.0544095075498117,0.762,"7","lin-37 DREAM MuvB core complex component"
"Sh3glb1",0.0543918260108258,0.4144,"3","SH3-domain GRB2-like B1 (endophilin)"
"Pole3",0.0543669193281944,0.6172,"4","polymerase (DNA directed), epsilon 3 (p17 subunit)"
"Rap1gds1",0.0543623306862013,0.298,"3","RAP1, GTP-GDP dissociation stimulator 1"
"Dnah6",-0.0543126325742809,0.9332,"6","dynein, axonemal, heavy chain 6"
"Git1",-0.0543092332523969,0.8,"11","GIT ArfGAP 1"
"Nmb",0.0542622204990044,0.7324,"7","neuromedin B"
"Rbm39",0.0542342534300619,0.6136,"2","RNA binding motif protein 39"
"Thap12",-0.054192807078091,0.6304,"7","THAP domain containing 12"
"Rwdd1",0.0541845432548547,0.6444,"10","RWD domain containing 1"
"Steap2",0.0541619084585294,0.8488,"5","six transmembrane epithelial antigen of prostate 2"
"Tubgcp4",-0.0541061529940965,0.778,"2","tubulin, gamma complex associated protein 4"
"Tmtc4",-0.0540893215530605,0.7348,"14","transmembrane and tetratricopeptide repeat containing 4"
"Lrtm2",0.0540845303413926,0.498,"6","leucine-rich repeats and transmembrane domains 2"
"Asl",0.0540781922848796,0.6836,"5","argininosuccinate lyase"
"Adgrl1",0.054069014226064,0.5872,"8","adhesion G protein-coupled receptor L1"
"Lmf1",-0.054030293998113,0.5064,"17","lipase maturation factor 1"
"D16Ertd472e",0.0540179255877842,0.614,"16","DNA segment, Chr 16, ERATO Doi 472, expressed"
"Macroh2a2",-0.0540010075933592,0.554,"10","macroH2A.2 histone"
"Spon1",-0.0539780396049467,0.7264,"7","spondin 1, (f-spondin) extracellular matrix protein"
"Cdkl3",0.0539718234265552,0.5916,"11","cyclin-dependent kinase-like 3"
"Zdhhc20",0.0539609933389515,0.5584,"14","zinc finger, DHHC domain containing 20"
"Cyp4x1",-0.0539509715028088,0.74,"4","cytochrome P450, family 4, subfamily x, polypeptide 1"
"Zfp488",-0.0539359842394291,0.7752,"14","zinc finger protein 488"
"Otulinl",0.0539339523799884,0.6944,"15","OTU deubiquitinase with linear linkage specificity like"
"Fdx1",-0.0539313091343976,0.71,"9","ferredoxin 1"
"Zfp385a",-0.0539116659756758,0.7636,"15","zinc finger protein 385A"
"Sart3",-0.0538907579304864,0.428,"5","squamous cell carcinoma antigen recognized by T cells 3"
"Ubiad1",-0.053887239696198,0.7172,"4","UbiA prenyltransferase domain containing 1"
"Zw10",0.053870274793038,0.6872,"9","zw10 kinetochore protein"
"Sypl",0.0538510342025198,0.6512,"12","synaptophysin-like protein"
"Tubb4b",0.0538440357740688,0.676,"2","tubulin, beta 4B class IVB"
"Arfip1",0.0538252926082521,0.4136,"3","ADP-ribosylation factor interacting protein 1"
"Eif4h",-0.0538138520103333,0.5372,"5","eukaryotic translation initiation factor 4H"
"Spats2l",-0.0537904081520737,0.7444,"1","spermatogenesis associated, serine-rich 2-like"
"Ak5",0.0537871956759552,0.4876,"3","adenylate kinase 5"
"Lysmd4",0.0537527620681528,0.6608,"7","LysM, putative peptidoglycan-binding, domain containing 4"
"Etfrf1",-0.0537515572115526,0.4572,"6","electron transfer flavoprotein regulatory factor 1"
"Cd3eap",-0.0537498082017747,0.7944,"7","CD3E antigen, epsilon polypeptide associated protein"
"Wrap73",-0.0537416879294632,0.6128,"4","WD repeat containing, antisense to Trp73"
"Zc3h14",0.0536999138087744,0.6112,"12","zinc finger CCCH type containing 14"
"Tdrkh",0.0536725717573443,0.624,"3","tudor and KH domain containing protein"
"Kif17",-0.0536379206294875,0.728,"4","kinesin family member 17"
"Nol11",0.0536285810135171,0.6412,"11","nucleolar protein 11"
"Ddr2",-0.053604757876736,0.6992,"1","discoidin domain receptor family, member 2"
"Ptp4a2",0.053600607587609,0.5804,"4","protein tyrosine phosphatase 4a2"
"Khnyn",-0.0535707350574159,0.754,"14","KH and NYN domain containing"
"Cd2bp2",0.0535618359869989,0.1076,"7","CD2 cytoplasmic tail binding protein 2"
"Wdr6",-0.0535237877769514,0.7028,"9","WD repeat domain 6"
"Smpd3",0.0534583612410087,0.3704,"8","sphingomyelin phosphodiesterase 3, neutral"
"Rimklb",-0.0534486743500535,0.6608,"6","ribosomal modification protein rimK-like family member B"
"Uqcrfs1",-0.0534458752297491,0.5752,"13","ubiquinol-cytochrome c reductase, Rieske iron-sulfur polypeptide 1"
"Peli2",0.0534110620380313,0.6372,"14","pellino 2"
"Peli2",0.0534110620380313,0.6372,"14","pellino 2"
"Nfe2l1",-0.0534023625191136,0.5756,"11","nuclear factor, erythroid derived 2,-like 1"
"Abitram",0.0533888255312451,0.42,"4","actin binding transcription modulator"
"Ercc3",-0.0533876732970322,0.6528,"18","excision repair cross-complementing rodent repair deficiency, complementation group 3"
"Ccdc9b",0.0533354081298199,0.7204,"2","coiled-coil domain containing 9B"
"Id3",-0.0533189586142013,0.8292,"4","inhibitor of DNA binding 3"
"Gpr176",-0.0533167993597501,0.4136,"2","G protein-coupled receptor 176"
"Igsf9",0.0532913674969744,0.8944,"1","immunoglobulin superfamily, member 9"
"Parp2",-0.0532783047751888,0.4968,"14","poly (ADP-ribose) polymerase family, member 2"
"Cspp1",-0.0532747028456493,0.8108,"1","centrosome and spindle pole associated protein 1"
"Calu",0.0532149509675328,0.578,"6","calumenin"
"Utp23",0.0531955440473211,0.5404,"15","UTP23 small subunit processome component"
"Tmem200c",0.0531722623217501,0.7536,"17","transmembrane protein 200C"
"Ift140",0.0531266052144543,0.7892,"17","intraflagellar transport 140"
"Rps6ka2",0.0531131119709256,0.514,"17","ribosomal protein S6 kinase, polypeptide 2"
"Rffl",-0.0530895479936171,0.822,"11","ring finger and FYVE like domain containing protein"
"Ldhd",0.0530215726327032,0.6108,"8","lactate dehydrogenase D"
"Shisa4",-0.0530208916729062,0.6764,"1","shisa family member 4"
"Fundc1",-0.0529949644360892,0.7096,"X","FUN14 domain containing 1"
"Sat2",-0.0529673907900468,0.6296,"11","spermidine/spermine N1-acetyl transferase 2"
"Ablim1",0.0529645513979684,0.7752,"19","actin-binding LIM protein 1"
"Lrrc1",0.0529636740037756,0.854,"9","leucine rich repeat containing 1"
"Dnajc1",0.0529469429336888,0.7472,"2","DnaJ heat shock protein family (Hsp40) member C1"
"Abhd6",-0.0529185394415697,0.4992,"14","abhydrolase domain containing 6"
"Coa7",-0.0528710540165078,0.7032,"4","cytochrome c oxidase assembly factor 7"
"Tubgcp2",-0.052866535159934,0.5864,"7","tubulin, gamma complex associated protein 2"
"Dip2b",0.0528654231284129,0.642,"15","disco interacting protein 2 homolog B"
"Trmt5",-0.0528220720405219,0.5588,"12","TRM5 tRNA methyltransferase 5"
"Fryl",0.0528013387296777,0.7352,"5","FRY like transcription coactivator"
"Fnta",-0.0528002805694596,0.6688,"8","farnesyltransferase, CAAX box, alpha"
"Mapk10",0.0527847360684124,0.0876,"5","mitogen-activated protein kinase 10"
"Fig4",0.0527298468213697,0.5192,"10","FIG4 phosphoinositide 5-phosphatase"
"Pa2g4",0.0527056893045899,0.6392,"10","proliferation-associated 2G4"
"Ifnar2",-0.0527050254247969,0.5392,"16","interferon (alpha and beta) receptor 2"
"Ddx27",0.0526991933339005,0.6172,"2","DEAD box helicase 27"
"B4galt4",-0.0526869317077843,0.5924,"16","UDP-Gal:betaGlcNAc beta 1,4-galactosyltransferase, polypeptide 4"
"Itga7",0.0526816897489883,0.8416,"10","integrin alpha 7"
"C1ql3",0.0526782257992124,0.736,"2","C1q-like 3"
"Atf7",0.052675482883747,0.686,"15","activating transcription factor 7"
"Mrps33",-0.0526653280922922,0.7672,"6","mitochondrial ribosomal protein S33"
"Mt2",0.0526603203250122,0.714,"8","metallothionein 2"
"Rph3al",0.052646182657599,0.834,"11","rabphilin 3A-like (without C2 domains)"
"Zfp661",-0.052615687416834,0.7196,"2","zinc finger protein 661"
"Hic2",0.0526027305366612,0.7712,"16","hypermethylated in cancer 2"
"Foxq1",0.0525801248492246,0.6844,"13","forkhead box Q1"
"Ddrgk1",-0.0525760258733987,0.748,"2","DDRGK domain containing 1"
"Pacs1",0.0525705011759801,0.4704,"19","phosphofurin acidic cluster sorting protein 1"
"Rhbdd1",0.0525571350784846,0.9,"1","rhomboid domain containing 1"
"Gzf1",0.0525425171091722,0.6292,"2","GDNF-inducible zinc finger protein 1"
"Gm16973",-0.0525129439783005,0.8116,"14","predicted gene, 16973"
"Mrps36",-0.0525114878979394,0.7232,"13","mitochondrial ribosomal protein S36"
"Hs2st1",-0.0524955894114933,0.3348,"3","heparan sulfate 2-O-sulfotransferase 1"
"Cyb5rl",-0.0524889746825536,0.7904,"4","cytochrome b5 reductase-like"
"Ripor1",0.0524281606942738,0.696,"8","RHO family interacting cell polarization regulator 1"
"Nhsl1",0.0524280104890167,0.5696,"10","NHS-like 1"
"Rusc1",0.052425129537288,0.412,"3","RUN and SH3 domain containing 1"
"Tsn",-0.0523974599434887,0.3592,"1","translin"
"Cabin1",-0.0523719940958793,0.6588,"10","calcineurin binding protein 1"
"Atp6ap1",0.0523702153777439,0.4988,"X","ATPase, H+ transporting, lysosomal accessory protein 1"
"Armcx1",0.0523682418158407,0.656,"X","armadillo repeat containing, X-linked 1"
"Pms2",-0.0523535535323991,0.6992,"5","PMS1 homolog2, mismatch repair system component"
"Ocel1",0.0523415344108804,0.7188,"8","occludin/ELL domain containing 1"
"Sap30bp",0.0523143410636591,0.5028,"11","SAP30 binding protein"
"Nat8l",-0.0522668670819595,0.6196,"5","N-acetyltransferase 8-like"
"Fbxo46",-0.0522666678827566,0.7216,"7","F-box protein 46"
"Gng3",0.0522619424937645,0.7632,"19","guanine nucleotide binding protein (G protein), gamma 3"
"Arhgap29",0.0522577396489625,0.9096,"3","Rho GTPase activating protein 29"
"Ndfip1",0.0522357482698181,0.5188,"18","Nedd4 family interacting protein 1"
"Osbpl5",-0.0522241279737221,0.8516,"7","oxysterol binding protein-like 5"
"Gpam",0.0521869738600831,0.3524,"19","glycerol-3-phosphate acyltransferase, mitochondrial"
"Hmgb3",-0.0521843585432586,0.6452,"X","high mobility group box 3"
"Rrm1",-0.0521703243827045,0.5284,"7","ribonucleotide reductase M1"
"Calb2",0.0521670266044478,0.908,"8","calbindin 2"
"Eftud2",-0.0521593154892841,0.3452,"11","elongation factor Tu GTP binding domain containing 2"
"Zgpat",0.0521019434066696,0.8776,"2","zinc finger, CCCH-type with G patch domain"
"Zfp213",-0.0520899528293981,0.7852,"17","zinc finger protein 213"
"Cct2",0.0520898395035534,0.4276,"10","chaperonin containing Tcp1, subunit 2 (beta)"
"Nicn1",-0.0520869898563854,0.3968,"9","nicolin 1"
"Ncl",0.0520856234700666,0.6668,"1","nucleolin"
"Setd3",-0.0520556429389938,0.63,"12","SET domain containing 3"
"Dync1i1",0.0520453660262854,0.6504,"6","dynein cytoplasmic 1 intermediate chain 1"
"Smarca2",0.052034190721602,0.5508,"19","SWI/SNF related, matrix associated, actin dependent regulator of chromatin, subfamily a, member 2"
"Nit2",0.0520180285262675,0.7784,"16","nitrilase family, member 2"
"Eps8l2",-0.0519999924505745,0.8816,"7","EPS8-like 2"
"Tkt",-0.0519976141553533,0.7016,"14","transketolase"
"Tctn2",0.0519866428784628,0.726,"5","tectonic family member 2"
"Zfp239",-0.0519826500280924,0.6068,"6","zinc finger protein 239"
"Jund",-0.0519053876837967,0.8664,"8","jun D proto-oncogene"
"Chst15",0.0518995101477815,0.6416,"7","carbohydrate sulfotransferase 15"
"Zfp958",-0.0518084838319766,0.5924,"8","zinc finger protein 958"
"Fgfr1",0.0517793187647362,0.67,"8","fibroblast growth factor receptor 1"
"Chac2",0.0517773832778201,0.58,"11","ChaC, cation transport regulator 2"
"Zswim8",-0.0517644918265106,0.7776,"14","zinc finger SWIM-type containing 8"
"Nkx6-2",-0.0517628681931681,0.794,"7","NK6 homeobox 2"
"Unc119b",-0.0517583427932911,0.808,"5","unc-119 lipid binding chaperone B"
"Lemd2",-0.0517278416840092,0.2404,"17","LEM domain containing 2"
"Clu",-0.0517166423746076,0.7836,"14","clusterin"
"Trnau1ap",-0.0516949070698174,0.722,"4","tRNA selenocysteine 1 associated protein 1"
"Evl",0.0516805852244451,0.7468,"12","Ena-vasodilator stimulated phosphoprotein"
"Inpp5k",-0.0516716690729222,0.5392,"11","inositol polyphosphate 5-phosphatase K"
"Ccn2",0.0516528568103032,0.8612,"10","cellular communication network factor 2"
"Tmem186",-0.0516372976081665,0.568,"16","transmembrane protein 186"
"Tbc1d2b",-0.0516357394700098,0.766,"9","TBC1 domain family, member 2B"
"Utrn",0.0516268766773296,0.8208,"10","utrophin"
"Apc",0.0516209460834745,0.812,"18","APC, WNT signaling pathway regulator"
"Slc16a6",-0.0516099142487114,0.8464,"11","solute carrier family 16 (monocarboxylic acid transporters), member 6"
"AU022252",0.0516047691885011,0.55,"4","expressed sequence AU022252"
"Fam149a",-0.0515886213008847,0.7628,"8","family with sequence similarity 149, member A"
"Trim8",-0.0515819084807374,0.7692,"19","tripartite motif-containing 8"
"Lyplal1",-0.0515697168570701,0.7452,"1","lysophospholipase-like 1"
"Icmt",-0.0515547282039082,0.5012,"4","isoprenylcysteine carboxyl methyltransferase"
"Usp22",0.0515527089501626,0.4468,"11","ubiquitin specific peptidase 22"
"Dact3",-0.0515447486893761,0.8432,"7","dishevelled-binding antagonist of beta-catenin 3"
"Cyb5d1",-0.0515287995255358,0.7068,"11","cytochrome b5 domain containing 1"
"Agbl3",-0.0515263175792584,0.5624,"6","ATP/GTP binding protein-like 3"
"Sdc4",0.0515234836267755,0.8396,"2","syndecan 4"
"Impact",-0.0515157751415991,0.49,"18","impact, RWD domain protein"
"Cog4",-0.051510037726997,0.5248,"8","component of oligomeric golgi complex 4"
"Arhgef10l",0.0515000188529244,0.7356,"4","Rho guanine nucleotide exchange factor (GEF) 10-like"
"Nrsn2",0.0514849938566035,0.6816,"2","neurensin 2"
"Mphosph6",-0.0514812618401419,0.726,"8","M phase phosphoprotein 6"
"Ube2z",0.0514799153600984,0.632,"11","ubiquitin-conjugating enzyme E2Z"
"Atp6v1h",0.0514734475192284,0.6052,"1","ATPase, H+ transporting, lysosomal V1 subunit H"
"Ppp1r3c",0.0514392292079204,0.8564,"19","protein phosphatase 1, regulatory subunit 3C"
"Scamp5",-0.0514063219422702,0.4164,"9","secretory carrier membrane protein 5"
"Hmbs",-0.0513894941973962,0.7464,"9","hydroxymethylbilane synthase"
"Mlst8",-0.0513589619053327,0.398,"17","MTOR associated protein, LST8 homolog (S. cerevisiae)"
"Dlgap3",-0.051344445715948,0.7708,"4","DLG associated protein 3"
"Yjefn3",0.0513280420531674,0.6824,"8","YjeF N-terminal domain containing 3"
"Tmed4",-0.0513105534935123,0.4136,"11","transmembrane p24 trafficking protein 4"
"Fbxo34",0.0513101238915477,0.7052,"14","F-box protein 34"
"Pdzd7",0.0513098742975107,0.7824,"19","PDZ domain containing 7"
"Gm12258",0.0513005615956779,0.7796,"11","predicted gene 12258"
"Kcnq3",0.0513005165552958,0.7424,"15","potassium voltage-gated channel, subfamily Q, member 3"
"Dpy30",-0.0512477639270212,0.5952,"17","dpy-30, histone methyltransferase complex regulatory subunit"
"Capsl",0.0512280395793265,0.8364,"15","calcyphosine-like"
"Ndufv2",-0.0512141785605422,0.7428,"17","NADH:ubiquinone oxidoreductase core subunit V2"
"Ubox5",-0.0511861303590422,0.53,"2","U box domain containing 5"
"Tchp",0.0511669087008246,0.7932,"5","trichoplein, keratin filament binding"
"Tom1",-0.0511377002468896,0.7668,"8","target of myb1 trafficking protein"
"Mon1a",-0.0511361118700027,0.7616,"9","MON1 homolog A, secretory traffciking associated"
"Cep85",-0.0511256143080607,0.69,"4","centrosomal protein 85"
"Lsm12",0.0511086893788155,0.3716,"11","LSM12 homolog"
"Kcnn1",-0.0510732756238914,0.692,"8","potassium intermediate/small conductance calcium-activated channel, subfamily N, member 1"
"Rfx4",-0.0510641014616295,0.6644,"10","regulatory factor X, 4 (influences HLA class II expression)"
"Dmac1",0.0510042007260809,0.7284,"4","distal membrane arm assembly complex 1"
"Kctd20",0.0509931153994447,0.174,"17","potassium channel tetramerisation domain containing 20"
"Neu4",0.0509857200517021,0.8096,"1","sialidase 4"
"Tspyl2",-0.0509677365403016,0.5056,"X","TSPY-like 2"
"Spindoc",-0.0509531988139216,0.792,"19","spindlin interactor and repressor of chromatin binding"
"Iffo1",-0.0509416590682941,0.6972,"6","intermediate filament family orphan 1"
"Gpat4",-0.0509387279209763,0.4724,"8","glycerol-3-phosphate acyltransferase 4"
"Coro2b",0.0509312782348665,0.6128,"9","coronin, actin binding protein, 2B"
"Zfp280c",0.0509237273928349,0.8696,"X","zinc finger protein 280C"
"Cyp27a1",-0.0509109654147601,0.9036,"1","cytochrome P450, family 27, subfamily a, polypeptide 1"
"Chmp3",-0.050894713698292,0.6944,"6","charged multivesicular body protein 3"
"Tom1l1",-0.0508921167661072,0.6084,"11","target of myb1-like 1 (chicken)"
"Slc25a44",-0.0508716323320257,0.2296,"3","solute carrier family 25, member 44"
"Arrb2",-0.050861001290178,0.626,"11","arrestin, beta 2"
"Ogdh",-0.0508542219369108,0.3996,"11","oxoglutarate (alpha-ketoglutarate) dehydrogenase (lipoamide)"
"Nkain1",-0.0508470894900093,0.7816,"4","Na+/K+ transporting ATPase interacting 1"
"Ptn",-0.0508353658545238,0.6768,"6","pleiotrophin"
"Cabp7",0.0508080726363023,0.7172,"11","calcium binding protein 7"
"Spg7",-0.0508063828011256,0.4964,"8","SPG7, paraplegin matrix AAA peptidase subunit"
"Mettl1",-0.0508027963644264,0.7088,"10","methyltransferase like 1"
"Gpr108",-0.0507986013221116,0.7424,"17","G protein-coupled receptor 108"
"Cpped1",0.0507825450590866,0.716,"16","calcineurin-like phosphoesterase domain containing 1"
"Rab7",-0.0507608376546784,0.6896,"6","RAB7, member RAS oncogene family"
"Sdr39u1",0.0507581121784373,0.7584,"14","short chain dehydrogenase/reductase family 39U, member 1"
"Cdk8",0.0507555962463684,0.6624,"5","cyclin-dependent kinase 8"
"Gtf2f2",0.0507444961733254,0.7832,"14","general transcription factor IIF, polypeptide 2"
"Edn3",-0.0507360815929223,0.8972,"2","endothelin 3"
"Anapc2",0.0507283237099498,0.0988,"2","anaphase promoting complex subunit 2"
"Coq4",-0.0507127729692947,0.8004,"2","coenzyme Q4"
"Itfg1",0.0506926346815,0.8816,"8","integrin alpha FG-GAP repeat containing 1"
"Tbc1d1",0.0506647407232119,0.8016,"5","TBC1 domain family, member 1"
"Slc37a3",0.050651071168204,0.1756,"6","solute carrier family 37 (glycerol-3-phosphate transporter), member 3"
"Bmp6",0.0506496112907562,0.8868,"13","bone morphogenetic protein 6"
"Btbd1",0.0505949990492347,0.7008,"7","BTB (POZ) domain containing 1"
"Paip2b",0.0505676446399619,0.5584,"6","poly(A) binding protein interacting protein 2B"
"Tatdn1",0.0505525341536757,0.5308,"15","TatD DNase domain containing 1"
"Pafah1b3",-0.0504989262874562,0.8244,"7","platelet-activating factor acetylhydrolase, isoform 1b, subunit 3"
"Hint3",0.0504862925199792,0.8188,"10","histidine triad nucleotide binding protein 3"
"Cidea",0.050483854030579,0.682,"18","cell death-inducing DNA fragmentation factor, alpha subunit-like effector A"
"Micu1",-0.0504452908957038,0.554,"10","mitochondrial calcium uptake 1"
"Dda1",-0.0504423133860943,0.7432,"8","DET1 and DDB1 associated 1"
"Pmp22",-0.0504412214736112,0.7176,"11","peripheral myelin protein 22"
"Tcaim",0.0504394785137299,0.5672,"9","T cell activation inhibitor, mitochondrial"
"Atg16l1",-0.0504035588488128,0.298,"1","autophagy related 16-like 1 (S. cerevisiae)"
"Cnih4",-0.0504032733483495,0.764,"1","cornichon family AMPA receptor auxiliary protein 4"
"Nrp1",0.0504021996559763,0.5936,"8","neuropilin 1"
"Rasgef1a",-0.0503776241773757,0.7792,"6","RasGEF domain family, member 1A"
"Dtd2",-0.0503091242737064,0.5532,"12","D-tyrosyl-tRNA deacylase 2"
"Scarb2",0.0503025379456483,0.52,"5","scavenger receptor class B, member 2"
"Angel2",-0.0502768690800188,0.646,"1","angel homolog 2"
"Ctnnbl1",-0.0502612862492748,0.698,"2","catenin, beta like 1"
"Tasp1",0.0501798855490709,0.6464,"2","taspase, threonine aspartase 1"
"Atp6v0a1",0.0501764192529972,0.5748,"11","ATPase, H+ transporting, lysosomal V0 subunit A1"
"Prag1",-0.05017087978948,0.8144,"8","PEAK1 related kinase activating pseudokinase 1"
"Ggt7",-0.0501574359021779,0.6892,"2","gamma-glutamyltransferase 7"
"1600014C10Rik",0.0501569123239243,0.7264,"7","RIKEN cDNA 1600014C10 gene"
"Mpv17",-0.0501555013710622,0.5464,"5","MpV17 mitochondrial inner membrane protein"
"Zc3h7b",0.0501321842140978,0.6224,"15","zinc finger CCCH type containing 7B"
"Arhgef25",-0.0501257592189539,0.5388,"10","Rho guanine nucleotide exchange factor (GEF) 25"
"Mgst3",-0.0501246261271451,0.8524,"1","microsomal glutathione S-transferase 3"
"Nfkb1",-0.0501110982889319,0.782,"3","nuclear factor of kappa light polypeptide gene enhancer in B cells 1, p105"
"Sdcbp",-0.0500841823351319,0.542,"4","syndecan binding protein"
"Bdnf",0.0500623945947423,0.5652,"2","brain derived neurotrophic factor"
"Coq5",-0.0500576701614195,0.6464,"5","coenzyme Q5 methyltransferase"
"Prr13",-0.0500438346868242,0.8264,"15","proline rich 13"
"Brf1",-0.0500369967262237,0.4236,"12","BRF1, RNA polymerase III transcription initiation factor 90 kDa subunit"
"Mpc1",-0.0500106434493581,0.7004,"17","mitochondrial pyruvate carrier 1"
"Myrf",0.0499900991505324,0.8328,"19","myelin regulatory factor"
"Brf2",-0.0499060675960195,0.484,"8","BRF2, RNA polymerase III transcription initiation factor 50kDa subunit"
"Rbfox2",0.0498620352000927,0.6316,"15","RNA binding protein, fox-1 homolog (C. elegans) 2"
"Rela",0.049828254058311,0.6,"19","v-rel reticuloendotheliosis viral oncogene homolog A (avian)"
"Mapk4",0.0498057507469438,0.6704,"18","mitogen-activated protein kinase 4"
"Mocs2",-0.0497990539718698,0.6312,"13","molybdenum cofactor synthesis 2"
"Pnpo",0.0497771586173075,0.5536,"11","pyridoxine 5'-phosphate oxidase"
"Bloc1s6",0.0497738906668976,0.4016,"2","biogenesis of lysosomal organelles complex-1, subunit 6, pallidin"
"Cdc26",-0.0497631308004221,0.308,"4","cell division cycle 26"
"Unc5b",-0.0497178760676444,0.8356,"10","unc-5 netrin receptor B"
"Btrc",-0.0496941499844255,0.4508,"19","beta-transducin repeat containing protein"
"Srebf1",-0.0496791903702904,0.7184,"11","sterol regulatory element binding transcription factor 1"
"Hagh",-0.0496300496353053,0.6832,"17","hydroxyacyl glutathione hydrolase"
"Pdyn",0.0496256581448824,0.6704,"2","prodynorphin"
"Acox1",0.049621376890137,0.1232,"11","acyl-Coenzyme A oxidase 1, palmitoyl"
"Plppr2",-0.0495149370055614,0.6844,"9","phospholipid phosphatase related 2"
"Gtpbp1",-0.0495117055584551,0.648,"15","GTP binding protein 1"
"Pitpnm1",-0.0495008610564254,0.4692,"19","phosphatidylinositol transfer protein, membrane-associated 1"
"Dph3",-0.0494948274433176,0.7108,"14","diphthamine biosynthesis 3"
"Plekhb2",0.0494546059499488,0.5932,"1","pleckstrin homology domain containing, family B (evectins) member 2"
"Zfp189",0.0494178260592406,0.7556,"4","zinc finger protein 189"
"Utp25",-0.0494127197154928,0.7692,"1","UTP25 small subunit processome component"
"Tspan9",-0.0494009070446602,0.66,"6","tetraspanin 9"
"Col23a1",0.0493978345987103,0.9092,"11","collagen, type XXIII, alpha 1"
"Egfem1",-0.0493445197334021,0.714,"3","EGF-like and EMI domain containing 1"
"Extl3",0.0493286938451503,0.6924,"14","exostosin-like glycosyltransferase 3"
"Vcp",-0.0493281831302532,0.516,"4","valosin containing protein"
"Dennd6a",0.0493265985455915,0.4892,"14","DENN/MADD domain containing 6A"
"Zfp101",0.0492997401025264,0.464,"17","zinc finger protein 101"
"Eif3l",0.0492897218337403,0.5048,"15","eukaryotic translation initiation factor 3, subunit L"
"Zfp410",0.0492717281656336,0.4744,"12","zinc finger protein 410"
"Ogfod3",-0.0492646752784105,0.8612,"11","2-oxoglutarate and iron-dependent oxygenase domain containing 3"
"Pcdhb6",-0.0492616562402879,0.8488,"18","protocadherin beta 6"
"AW209491",-0.0492575271694737,0.8168,"13","expressed sequence AW209491"
"Zfp944",0.0492563168155105,0.546,"17","zinc finger protein 944"
"Slc45a4",0.0492425753983445,0.6352,"15","solute carrier family 45, member 4"
"Septin9",-0.0492082353340475,0.538,"11","septin 9"
"Prickle1",0.0492070252023478,0.692,"15","prickle planar cell polarity protein 1"
"Frem1",-0.0491972623074601,0.8388,"4","Fras1 related extracellular matrix protein 1"
"Pigc",0.0491884056574778,0.6916,"1","phosphatidylinositol glycan anchor biosynthesis, class C"
"Adamtsl1",0.0491749458764494,0.8404,"4","ADAMTS-like 1"
"Rnaseh2c",-0.0491595596593455,0.8016,"19","ribonuclease H2, subunit C"
"Grin1",-0.0491500628693515,0.7052,"2","glutamate receptor, ionotropic, NMDA1 (zeta 1)"
"Tlcd5",0.0491497193092023,0.6956,"9","TLC domain containing 5"
"St3gal2",-0.0491296910850281,0.6508,"8","ST3 beta-galactoside alpha-2,3-sialyltransferase 2"
"Rps6kc1",0.0491216324357246,0.7016,"1","ribosomal protein S6 kinase polypeptide 1"
"Wdr35",0.0491138664354791,0.8284,"12","WD repeat domain 35"
"Slc35e1",0.0491117460168757,0.4856,"8","solute carrier family 35, member E1"
"Gtf3a",-0.0491104140400336,0.7428,"5","general transcription factor III A"
"Golt1b",-0.0490832411513153,0.6384,"6","golgi transport 1B"
"Hip1r",-0.0490485693892735,0.5308,"5","huntingtin interacting protein 1 related"
"Os9",0.0490469261115116,0.6584,"10","amplified in osteosarcoma"
"Thumpd3",0.0490240074670893,0.6456,"6","THUMP domain containing 3"
"Apoe",-0.0490180188237961,0.8788,"7","apolipoprotein E"
"Taf13",0.0489907418919753,0.8844,"3","TATA-box binding protein associated factor 13"
"Map4",0.048988893134446,0.6812,"9","microtubule-associated protein 4"
"Cav2",-0.0489660923190778,0.7984,"6","caveolin 2"
"Dgkq",-0.048958540980256,0.8508,"5","diacylglycerol kinase, theta"
"Khdc4",0.048947290326816,0.6492,"3","KH domain containing 4, pre-mRNA splicing factor"
"Cdc42se1",0.0489347088984493,0.414,"3","CDC42 small effector 1"
"Orc4",0.0489065239113176,0.6144,"2","origin recognition complex, subunit 4"
"Ube3b",-0.0489041630333551,0.6896,"5","ubiquitin protein ligase E3B"
"Pcdhb7",-0.048904123539022,0.8128,"18","protocadherin beta 7"
"Sh3gl1",-0.0488839704988155,0.5716,"17","SH3-domain GRB2-like 1"
"Ankrd6",-0.04887921807972,0.4928,"4","ankyrin repeat domain 6"
"Adnp2",0.0488203248879255,0.8168,"18","ADNP homeobox 2"
"Hexa",-0.0488070870225501,0.6088,"9","hexosaminidase A"
"Fhad1",0.048799656754551,0.8904,"4","forkhead-associated (FHA) phosphopeptide binding domain 1"
"Lhfpl4",0.0487802928614967,0.6964,"6","lipoma HMGIC fusion partner-like protein 4"
"Fam168b",0.0487589049626305,0.4948,"1","family with sequence similarity 168, member B"
"Ruvbl1",-0.0487127601114059,0.606,"6","RuvB-like protein 1"
"Wbp2",0.0486843913001316,0.68,"11","WW domain binding protein 2"
"B4galt3",-0.0486600359036018,0.732,"1","UDP-Gal:betaGlcNAc beta 1,4-galactosyltransferase, polypeptide 3"
"1110065P20Rik",-0.0486484138859367,0.8444,"4","RIKEN cDNA 1110065P20 gene"
"Zfp667",0.0486372488536642,0.6632,"7","zinc finger protein 667"
"Bap1",-0.0486212426869059,0.4884,"14","Brca1 associated protein 1"
"Edc3",0.0486130480786677,0.5836,"9","enhancer of mRNA decapping 3"
"Clcc1",-0.0486109053485988,0.4748,"3","chloride channel CLIC-like 1"
"Zfp330",0.0486087138158915,0.516,"8","zinc finger protein 330"
"Rcbtb2",-0.0485700152732988,0.6528,"14","regulator of chromosome condensation (RCC1) and BTB (POZ) domain containing protein 2"
"Fbxo25",-0.0485356223598616,0.5784,"8","F-box protein 25"
"Cmss1",0.0485292573521057,0.7692,"16","cms small ribosomal subunit 1"
"Sltm",0.0485018334270571,0.6708,"9","SAFB-like, transcription modulator"
"Clp1",0.0484948718666685,0.78,"2","CLP1, cleavage and polyadenylation factor I subunit"
"Dnajc11",-0.0484642273641933,0.618,"4","DnaJ heat shock protein family (Hsp40) member C11"
"Slc9a1",0.0484594516186272,0.5612,"4","solute carrier family 9 (sodium/hydrogen exchanger), member 1"
"Mrpl18",0.0484557441470832,0.578,"17","mitochondrial ribosomal protein L18"
"Pgr",0.048437958742181,0.8396,"9","progesterone receptor"
"Obscn",0.0484364973627804,0.8692,"11","obscurin, cytoskeletal calmodulin and titin-interacting RhoGEF"
"Bora",-0.0484322720594346,0.8268,"14","bora, aurora kinase A activator"
"Phf13",0.048429072745328,0.7692,"4","PHD finger protein 13"
"Mcf2l",-0.0483925712674891,0.58,"8","mcf.2 transforming sequence-like"
"Abcc9",0.0483746641293283,0.9308,"6","ATP-binding cassette, sub-family C (CFTR/MRP), member 9"
"Trim35",0.0483695607092685,0.7092,"14","tripartite motif-containing 35"
"Tmem18",0.0483239144703083,0.6176,"12","transmembrane protein 18"
"Unk",-0.04828542981521,0.6712,"11","unkempt family zinc finger"
"Zfyve26",0.0482705010588358,0.7664,"12","zinc finger, FYVE domain containing 26"
"Gnpat",-0.0482694140168878,0.3876,"8","glyceronephosphate O-acyltransferase"
"Fbxo9",-0.0482598260981826,0.5076,"9","f-box protein 9"
"Cebpd",-0.048256802769596,0.786,"16","CCAAT/enhancer binding protein (C/EBP), delta"
"Phtf1",0.0482289696564306,0.6752,"3","putative homeodomain transcription factor 1"
"Ssrp1",0.0482048346698711,0.358,"2","structure specific recognition protein 1"
"Abcd2",0.0481783261826827,0.6848,"15","ATP-binding cassette, sub-family D (ALD), member 2"
"Dhx29",0.048161254756339,0.4404,"13","DEAH (Asp-Glu-Ala-His) box polypeptide 29"
"Crtc2",-0.0481328686582811,0.8408,"3","CREB regulated transcription coactivator 2"
"Arhgap39",0.0481181053661617,0.698,"15","Rho GTPase activating protein 39"
"Pde9a",0.0481066690815246,0.6264,"17","phosphodiesterase 9A"
"Asap3",0.0480800755128192,0.8236,"4","ArfGAP with SH3 domain, ankyrin repeat and PH domain 3"
"Rraga",0.0480772482273508,0.594,"4","Ras-related GTP binding A"
"Wrnip1",0.0480543186662556,0.6356,"13","Werner helicase interacting protein 1"
"Ifngr1",-0.048052098887355,0.7924,"10","interferon gamma receptor 1"
"Ypel1",-0.0480253670514337,0.7256,"16","yippee like 1"
"Trim11",-0.0479968376883964,0.6272,"11","tripartite motif-containing 11"
"A2m",-0.0479811074067713,0.946,"6","alpha-2-macroglobulin"
"Sez6",0.0479417508315949,0.7964,"11","seizure related gene 6"
"Mknk2",-0.0479412386078444,0.8144,"10","MAP kinase-interacting serine/threonine kinase 2"
"Tspyl4",0.0479341594087295,0.63,"10","TSPY-like 4"
"Ercc5",-0.0479328472383322,0.622,"1","excision repair cross-complementing rodent repair deficiency, complementation group 5"
"Cetn2",0.0479290760328857,0.76,"X","centrin 2"
"Adh5",-0.0479265461080614,0.7456,"3","alcohol dehydrogenase 5 (class III), chi polypeptide"
"Stx16",-0.0479260805889794,0.7732,"2","syntaxin 16"
"Auh",-0.0479015863703713,0.766,"13","AU RNA binding protein/enoyl-coenzyme A hydratase"
"Zfp7",-0.0478766616112436,0.7568,"15","zinc finger protein 7"
"Golph3l",0.0478430121856173,0.6192,"3","golgi phosphoprotein 3-like"
"Dnpep",-0.0477665433199359,0.5624,"1","aspartyl aminopeptidase"
"Zfp40",0.0477663466508282,0.6792,"17","zinc finger protein 40"
"Arih2",-0.0477418908158755,0.5224,"9","ariadne RBR E3 ubiquitin protein ligase 2"
"Gm13889",-0.0477259405861306,0.8344,"2","predicted gene 13889"
"Gpc1",-0.0477121964644365,0.8208,"1","glypican 1"
"Acad8",-0.047709039070865,0.5468,"9","acyl-Coenzyme A dehydrogenase family, member 8"
"Armc8",0.0476852913383485,0.61,"9","armadillo repeat containing 8"
"Rgs19",-0.0476586771098901,0.7856,"2","regulator of G-protein signaling 19"
"Gart",-0.0476448684177111,0.3996,"16","phosphoribosylglycinamide formyltransferase"
"Invs",-0.0476394891029899,0.8544,"4","inversin"
"Plrg1",-0.0476029955247874,0.3592,"3","pleiotropic regulator 1"
"C1ql1",-0.0475884800804005,0.4496,"11","complement component 1, q subcomponent-like 1"
"Gpatch2",0.0475515151248338,0.7772,"1","G patch domain containing 2"
"Nectin4",-0.0475501596275358,0.8288,"1","nectin cell adhesion molecule 4"
"Orai2",-0.0475328893627225,0.7292,"5","ORAI calcium release-activated calcium modulator 2"
"Pter",-0.047503795116715,0.8452,"2","phosphotriesterase related"
"Atxn3",0.0474868178124588,0.6308,"12","ataxin 3"
"Jag1",0.0474632296638324,0.7788,"2","jagged 1"
"Bbip1",-0.047447951062944,0.6928,"19","BBSome interacting protein 1"
"Acad9",0.0474313171775691,0.188,"3","acyl-Coenzyme A dehydrogenase family, member 9"
"Borcs6",-0.0473870846151394,0.7616,"11","BLOC-1 related complex subunit 6"
"Fbxo42",-0.0473592999430545,0.7184,"4","F-box protein 42"
"Plekhh1",0.0473288633803408,0.862,"12","pleckstrin homology domain containing, family H (with MyTH4 domain) member 1"
"Psmb2",-0.0473259400993751,0.7156,"4","proteasome (prosome, macropain) subunit, beta type 2"
"Iqsec3",0.047301871436165,0.7588,"6","IQ motif and Sec7 domain 3"
"Amn1",0.0472989344352555,0.6016,"6","antagonist of mitotic exit network 1"
"Arhgef4",-0.0472827595728873,0.5184,"1","Rho guanine nucleotide exchange factor (GEF) 4"
"Dock7",-0.0472429322491301,0.8072,"4","dedicator of cytokinesis 7"
"Zdhhc8",0.0472106524272382,0.734,"16","zinc finger, DHHC domain containing 8"
"Apc2",0.0471759994534331,0.652,"10","APC regulator of WNT signaling pathway 2"
"Gbp3",-0.0471625198456431,0.7728,"3","guanylate binding protein 3"
"Gtf3c2",-0.0471589295875603,0.7092,"5","general transcription factor IIIC, polypeptide 2, beta"
"Grwd1",-0.0471575932440222,0.7044,"7","glutamate-rich WD repeat containing 1"
"2900079G21Rik",-0.0471341927361206,0.8124,"9","RIKEN cDNA 2900079G21 gene"
"Cadm3",0.047112714692048,0.4628,"1","cell adhesion molecule 3"
"Gpkow",0.0470899578967678,0.3708,"X","G patch domain and KOW motifs"
"Mphosph10",0.0470436561486087,0.7352,"7","M-phase phosphoprotein 10 (U3 small nucleolar ribonucleoprotein)"
"Cstf1",0.0470253251598747,0.634,"2","cleavage stimulation factor, 3' pre-RNA, subunit 1"
"Src",-0.0470208708275948,0.7184,"2","Rous sarcoma oncogene"
"Cdc7",-0.0470146273239744,0.8712,"5","cell division cycle 7 (S. cerevisiae)"
"Klhl3",0.0469943593643505,0.7796,"13","kelch-like 3"
"Ncaph2",-0.0469768094874601,0.6332,"15","non-SMC condensin II complex, subunit H2"
"Xpc",0.046973767793772,0.7876,"6","xeroderma pigmentosum, complementation group C"
"Mars2",0.0469619879744299,0.8768,"1","methionine-tRNA synthetase 2 (mitochondrial)"
"Swsap1",-0.0469271429714633,0.6972,"9","SWIM type zinc finger 7 associated protein 1"
"Wdr55",0.0469077181171711,0.6492,"18","WD repeat domain 55"
"Lyrm1",-0.0469074816049755,0.722,"7","LYR motif containing 1"
"Smad3",-0.0468968647855057,0.494,"9","SMAD family member 3"
"9130221H12Rik",-0.0468690523761439,0.8312,"7","RIKEN cDNA 9130221H12 gene"
"Timm21",-0.0468287161844096,0.7212,"18","translocase of inner mitochondrial membrane 21"
"Sdccag8",0.0468105515864092,0.2788,"1","serologically defined colon cancer antigen 8"
"Elp4",0.0467975948909345,0.5596,"2","elongator acetyltransferase complex subunit 4"
"Hcfc1r1",-0.0467754073556712,0.852,"17","host cell factor C1 regulator 1 (XPO1-dependent)"
"E130308A19Rik",0.0467274779204647,0.7372,"4","RIKEN cDNA E130308A19 gene"
"Yrdc",-0.0467148420004486,0.7732,"4","yrdC domain containing (E.coli)"
"Glrx",-0.0467075107335009,0.736,"13","glutaredoxin"
"Gstcd",-0.0467007408672488,0.6836,"3","glutathione S-transferase, C-terminal domain containing"
"Ahi1",0.0466647758065601,0.7728,"10","Abelson helper integration site 1"
"Pls1",0.0466587819234947,0.81,"9","plastin 1 (I-isoform)"
"Fam122a",0.0466546790087481,0.7484,"19","family with sequence similarity 122, member A"
"Gnb4",0.0466450886027636,0.6864,"3","guanine nucleotide binding protein (G protein), beta 4"
"Aar2",-0.046620843476715,0.5884,"2","AAR2 splicing factor homolog"
"Ppp1r8",0.0466133810779334,0.2816,"4","protein phosphatase 1, regulatory subunit 8"
"Hps3",0.0466099017101409,0.7756,"3","HPS3, biogenesis of lysosomal organelles complex 2 subunit 1"
"Msra",-0.0466080538979874,0.7376,"14","methionine sulfoxide reductase A"
"Cox15",-0.0465984612200261,0.6208,"19","cytochrome c oxidase assembly protein 15"
"Neurl4",0.046579879479979,0.3528,"11","neuralized E3 ubiquitin protein ligase 4"
"Tenm4",-0.0465732897096114,0.8392,"7","teneurin transmembrane protein 4"
"Wbp1l",0.0465448737491068,0.576,"19","WW domain binding protein 1 like"
"Adamts9",0.0465300040994334,0.7168,"6","a disintegrin-like and metallopeptidase (reprolysin type) with thrombospondin type 1 motif, 9"
"Fbxw2",-0.0465212168302074,0.346,"2","F-box and WD-40 domain protein 2"
"Slco2b1",0.046517976671951,0.96,"7","solute carrier organic anion transporter family, member 2b1"
"F730043M19Rik",-0.0465117470257996,0.8516,"12","RIKEN cDNA F730043M19 gene"
"Ccdc126",-0.0465098003981499,0.7012,"6","coiled-coil domain containing 126"
"Zfat",-0.0464656466908773,0.7416,"15","zinc finger and AT hook domain containing"
"Cercam",-0.0464432900180549,0.8104,"2","cerebral endothelial cell adhesion molecule"
"Ythdf1",0.0464291767342688,0.3768,"2","YTH N6-methyladenosine RNA binding protein 1"
"Lactb",-0.0464129479285162,0.7744,"9","lactamase, beta"
"Zfp940",0.0463967420672917,0.6388,"7","zinc finger protein 940"
"Ip6k2",0.0463459857298352,0.5892,"9","inositol hexaphosphate kinase 2"
"Septin8",0.0463334163804561,0.36,"11","septin 8"
"Cyp51",-0.0462913928255002,0.5116,"5","cytochrome P450, family 51"
"Tmem108",0.0462867236571709,0.7484,"9","transmembrane protein 108"
"Pex11b",-0.0462564266478882,0.7184,"3","peroxisomal biogenesis factor 11 beta"
"Lrrc20",-0.0462432088030678,0.6744,"10","leucine rich repeat containing 20"
"Upf3b",0.0462194947872216,0.3512,"X","UPF3 regulator of nonsense transcripts homolog B (yeast)"
"Tpmt",0.0462167636800985,0.7708,"13","thiopurine methyltransferase"
"Sdha",0.0461920356964001,0.6356,"13","succinate dehydrogenase complex, subunit A, flavoprotein (Fp)"
"Cfap300",-0.0461554185784383,0.6836,"9","cilia and flagella associated protein 300"
"Emx2os",-0.0461440331571445,0.6852,"19","Emx2 opposite strand/antisense transcript (non-protein coding)"
"Lpin1",-0.0461427488716213,0.7588,"12","lipin 1"
"Inpp5a",0.0461366707002631,0.8844,"7","inositol polyphosphate-5-phosphatase A"
"Ints12",0.0461312463755386,0.728,"3","integrator complex subunit 12"
"Ccdc92",-0.0461233188124437,0.7768,"5","coiled-coil domain containing 92"
"H6pd",-0.0461141481118994,0.7644,"4","hexose-6-phosphate dehydrogenase (glucose 1-dehydrogenase)"
"Senp1",-0.046090454946893,0.6784,"15","SUMO1/sentrin specific peptidase 1"
"Nuak1",0.0460899730415978,0.6872,"10","NUAK family, SNF1-like kinase, 1"
"Atxn10",-0.0460882050988634,0.726,"15","ataxin 10"
"Noct",-0.0460818041923527,0.5048,"3","nocturnin"
"Ache",0.0460494798194331,0.5008,"5","acetylcholinesterase"
"Ldb1",-0.0460468133200704,0.3824,"19","LIM domain binding 1"
"Rbm4b",-0.0460290500528804,0.6768,"19","RNA binding motif protein 4B"
"Wdr13",0.0460150181085499,0.7092,"X","WD repeat domain 13"
"Rnf145",0.0460113902209773,0.5612,"11","ring finger protein 145"
"Prcp",-0.0459782505799335,0.6052,"7","prolylcarboxypeptidase (angiotensinase C)"
"Pdzd4",-0.0459613351488466,0.7316,"X","PDZ domain containing 4"
"Fnbp4",0.0459547426787417,0.8304,"2","formin binding protein 4"
"Dbnl",-0.045952526940523,0.3968,"11","drebrin-like"
"Usp7",0.0459479102411615,0.682,"16","ubiquitin specific peptidase 7"
"Ndufaf2",-0.0458066147704859,0.744,"13","NADH:ubiquinone oxidoreductase complex assembly factor 2"
"Myo1c",-0.0457652617636564,0.856,"11","myosin IC"
"Srrm4",0.045753830679419,0.75,"5","serine/arginine repetitive matrix 4"
"Ctnna2",0.0457431058365909,0.5864,"6","catenin (cadherin associated protein), alpha 2"
"Taok2",0.0457181205810926,0.5564,"7","TAO kinase 2"
"Arhgap27",-0.0457064589002596,0.586,"11","Rho GTPase activating protein 27"
"Simc1",0.0456996592592231,0.826,"13","SUMO-interacting motifs containing 1"
"Scg5",0.0456685983679277,0.6772,"2","secretogranin V"
"9530068E07Rik",0.0456456318502951,0.8596,"11","RIKEN cDNA 9530068E07 gene"
"Mre11a",-0.0455857330492093,0.816,"9","MRE11A homolog A, double strand break repair nuclease"
"Zfp574",0.0455743312347243,0.7116,"7","zinc finger protein 574"
"Dhdds",-0.045573322382837,0.496,"4","dehydrodolichyl diphosphate synthase"
"Crtc3",0.0455547140264212,0.7408,"7","CREB regulated transcription coactivator 3"
"Glo1",-0.0455451558092168,0.7632,"17","glyoxalase 1"
"Ascc2",0.0455286065220859,0.8724,"11","activating signal cointegrator 1 complex subunit 2"
"Ints10",0.0455237744570347,0.8232,"8","integrator complex subunit 10"
"Ap2a1",-0.0454918801875106,0.556,"7","adaptor-related protein complex 2, alpha 1 subunit"
"Bmerb1",-0.0454641488376408,0.6996,"16","bMERB domain containing 1"
"Itm2a",-0.0454521151005114,0.9328,"X","integral membrane protein 2A"
"Aldh7a1",-0.0454371983087185,0.756,"18","aldehyde dehydrogenase family 7, member A1"
"Slc25a51",0.0453914602994878,0.428,"4","solute carrier family 25, member 51"
"Ncbp2",-0.0453776995720618,0.3936,"16","nuclear cap binding protein subunit 2"
"Kcnip1",-0.0453731646509934,0.7216,"11","Kv channel-interacting protein 1"
"Dnajc5",0.0453689532246422,0.4744,"2","DnaJ heat shock protein family (Hsp40) member C5"
"Ttc27",-0.0453542472105792,0.7488,"17","tetratricopeptide repeat domain 27"
"Serpinb9",-0.0453342928658236,0.8144,"13","serine (or cysteine) peptidase inhibitor, clade B, member 9"
"Ppargc1b",0.0453238744971554,0.86,"18","peroxisome proliferative activated receptor, gamma, coactivator 1 beta"
"Ramp3",0.0453013187291775,0.89,"11","receptor (calcitonin) activity modifying protein 3"
"Necab2",-0.0452952432568647,0.7616,"8","N-terminal EF-hand calcium binding protein 2"
"Epc1",-0.0452842542764955,0.2912,"18","enhancer of polycomb homolog 1"
"Top3b",-0.0452828111456416,0.6348,"16","topoisomerase (DNA) III beta"
"Atp5pb",-0.0452820397943929,0.668,"3","ATP synthase peripheral stalk-membrane subunit b"
"B4gat1",-0.0452768253673472,0.6332,"19","beta-1,4-glucuronyltransferase 1"
"Focad",0.0452666034096811,0.8476,"4","focadhesin"
"Zbtb26",0.0452510829724444,0.8424,"2","zinc finger and BTB domain containing 26"
"Ap2a2",-0.045249422050194,0.6244,"7","adaptor-related protein complex 2, alpha 2 subunit"
"Rcor1",0.0452392296103845,0.7796,"12","REST corepressor 1"
"Epas1",-0.0452143354520498,0.7592,"17","endothelial PAS domain protein 1"
"Pgap3",-0.0452124146166568,0.6296,"11","post-GPI attachment to proteins 3"
"Ccdc59",-0.0451966935137023,0.5676,"10","coiled-coil domain containing 59"
"Camkk2",0.0451798991926946,0.58,"5","calcium/calmodulin-dependent protein kinase kinase 2, beta"
"Vps13c",0.0451728021926714,0.9356,"9","vacuolar protein sorting 13C"
"Ppp3ca",0.0451665063836,0.8984,"3","protein phosphatase 3, catalytic subunit, alpha isoform"
"Zc3h10",0.0451468402724315,0.7016,"10","zinc finger CCCH type containing 10"
"Qrich1",0.0450415551037615,0.5072,"9","glutamine-rich 1"
"Tmem167b",0.0449941050368619,0.4772,"3","transmembrane protein 167B"
"Jpt2",0.0449731466462193,0.8192,"17","Jupiter microtubule associated homolog 2"
"Tcf7l2",-0.0449444789950615,0.588,"19","transcription factor 7 like 2, T cell specific, HMG box"
"Nrbf2",0.0449075299459993,0.5892,"10","nuclear receptor binding factor 2"
"Lamp1",-0.0449053934760055,0.7168,"8","lysosomal-associated membrane protein 1"
"Mcm4",0.0448963918865553,0.6192,"16","minichromosome maintenance complex component 4"
"Tmc7",0.0448459733711344,0.7836,"7","transmembrane channel-like gene family 7"
"Mthfd2l",-0.0448197358991509,0.7076,"5","methylenetetrahydrofolate dehydrogenase (NADP+ dependent) 2-like"
"Cog2",-0.0448196239314305,0.4676,"8","component of oligomeric golgi complex 2"
"Pop4",-0.0448127799512053,0.7716,"7","processing of precursor 4, ribonuclease P/MRP family, (S. cerevisiae)"
"Gabrg1",0.0447763877330409,0.7808,"5","gamma-aminobutyric acid (GABA) A receptor, subunit gamma 1"
"Gm14326",0.0447693682715502,0.7236,"2","predicted gene 14326"
"Gm14326",0.0447693682715502,0.7236,"2","predicted gene 14326"
"Poldip2",-0.0447609747471587,0.638,"11","polymerase (DNA-directed), delta interacting protein 2"
"Haus8",-0.0447483192180052,0.776,"8","4HAUS augmin-like complex, subunit 8"
"Gnai1",-0.0446993827472575,0.5956,"5","guanine nucleotide binding protein (G protein), alpha inhibiting 1"
"Asap1",0.0446753238971977,0.7336,"15","ArfGAP with SH3 domain, ankyrin repeat and PH domain1"
"Mansc1",0.0446474133422763,0.8328,"6","MANSC domain containing 1"
"Ppp1r14c",-0.0446465650931618,0.678,"10","protein phosphatase 1, regulatory inhibitor subunit 14C"
"Kctd7",0.0446435054545025,0.6264,"5","potassium channel tetramerisation domain containing 7"
"Abracl",-0.0445922055521253,0.9108,"10","ABRA C-terminal like"
"Rprm",-0.0445899071759657,0.8432,"2","reprimo, TP53 dependent G2 arrest mediator candidate"
"Mocs3",-0.0445544074871007,0.7532,"2","molybdenum cofactor synthesis 3"
"Ube2m",-0.0444993674568801,0.8104,"7","ubiquitin-conjugating enzyme E2M"
"Exosc2",-0.0444716526551723,0.6496,"2","exosome component 2"
"Ndrg3",0.0444564446635578,0.68,"2","N-myc downstream regulated gene 3"
"Ezh1",-0.04441830974545,0.5812,"11","enhancer of zeste 1 polycomb repressive complex 2 subunit"
"Kdm6b",0.0444082192214479,0.808,"11","KDM1 lysine (K)-specific demethylase 6B"
"Oma1",-0.0443752964196089,0.778,"4","OMA1 zinc metallopeptidase"
"Pgm2",0.0443617723005509,0.7432,"5","phosphoglucomutase 2"
"Rhobtb3",0.0442953510595272,0.6408,"13","Rho-related BTB domain containing 3"
"Tlk2",0.0442767137063615,0.5776,"11","tousled-like kinase 2 (Arabidopsis)"
"Fen1",-0.0442703230812449,0.714,"19","flap structure specific endonuclease 1"
"Fndc4",-0.0442585740480537,0.8164,"5","fibronectin type III domain containing 4"
"Ip6k1",-0.0442332089819937,0.322,"9","inositol hexaphosphate kinase 1"
"Pex19",-0.0441842724079242,0.464,"1","peroxisomal biogenesis factor 19"
"Brpf1",0.044182346553006,0.602,"6","bromodomain and PHD finger containing, 1"
"Pomt1",-0.0441318043158865,0.7392,"2","protein-O-mannosyltransferase 1"
"Pla2g6",-0.044075267800225,0.7924,"15","phospholipase A2, group VI"
"Atp9b",-0.0440681842582897,0.7444,"18","ATPase, class II, type 9B"
"Nucb2",0.0440681567917247,0.7028,"7","nucleobindin 2"
"Grm4",0.0440483249401522,0.602,"17","glutamate receptor, metabotropic 4"
"Furin",0.044027742327521,0.6584,"7","furin (paired basic amino acid cleaving enzyme)"
"Zfp575",-0.0439752506255511,0.734,"7","zinc finger protein 575"
"Cyb5b",0.0439550304584495,0.2888,"8","cytochrome b5 type B"
"Pfn2",0.0439402787914567,0.6248,"3","profilin 2"
"Itpkc",-0.0439297275224146,0.7608,"7","inositol 1,4,5-trisphosphate 3-kinase C"
"Cxadr",0.0439097849390384,0.8488,"16","coxsackie virus and adenovirus receptor"
"Tra2b",-0.0438460945871428,0.682,"16","transformer 2 beta"
"Vps18",-0.043813518021282,0.1924,"2","VPS18 CORVET/HOPS core subunit"
"Fbxw11",0.0438005303837157,0.3536,"11","F-box and WD-40 domain protein 11"
"Creld1",-0.0437836851757751,0.74,"6","cysteine-rich with EGF-like domains 1"
"Prrt3",-0.0437679349438156,0.578,"6","proline-rich transmembrane protein 3"
"Ano8",-0.0437469828916113,0.7116,"8","anoctamin 8"
"Fars2",-0.0437464385200688,0.7676,"13","phenylalanine-tRNA synthetase 2 (mitochondrial)"
"Lnx1",0.0437080220026207,0.6956,"5","ligand of numb-protein X 1"
"Abcg2",-0.0436947112053852,0.8324,"6","ATP binding cassette subfamily G member 2 (Junior blood group)"
"Sem1",-0.0436918629895837,0.8212,"6","SEM1, 26S proteasome complex subunit"
"Traf3ip1",0.043684340797415,0.758,"1","TRAF3 interacting protein 1"
"Ola1",0.0436604626053594,0.6088,"2","Obg-like ATPase 1"
"Samhd1",0.0435446184429367,0.7596,"2","SAM domain and HD domain, 1"
"Zfp87",-0.0434987167626084,0.556,"13","zinc finger protein 87"
"Ncan",0.0434691613865619,0.8188,"8","neurocan"
"Tecpr2",0.0434412597469747,0.5664,"12","tectonin beta-propeller repeat containing 2"
"Ccdc58",-0.0434398739385387,0.74,"16","coiled-coil domain containing 58"
"Cap1",0.0434272251552965,0.6624,"4","CAP, adenylate cyclase-associated protein 1 (yeast)"
"Kcnq2",0.0434076359161093,0.7088,"2","potassium voltage-gated channel, subfamily Q, member 2"
"1110002E22Rik",0.0434071752492813,0.8864,"3","RIKEN cDNA 1110002E22 gene"
"Brd9",-0.0434032342631747,0.7456,"13","bromodomain containing 9"
"Rasd1",0.0434010026663092,0.7084,"11","RAS, dexamethasone-induced 1"
"Scaper",0.0434005220596623,0.7156,"9","S phase cyclin A-associated protein in the ER"
"Ppa1",-0.0433998828730866,0.6944,"10","pyrophosphatase (inorganic) 1"
"Ankrd39",-0.0433910755896481,0.5752,"1","ankyrin repeat domain 39"
"Dazap1",0.0433764685358584,0.638,"10","DAZ associated protein 1"
"Ggact",-0.0433676739689552,0.7952,"14","gamma-glutamylamine cyclotransferase"
"Zfp760",0.0433228251444282,0.718,"17","zinc finger protein 760"
"Rabl2",-0.0432829264542054,0.8068,"15","RAB, member RAS oncogene family-like 2"
"Vps36",0.0432750727909346,0.8076,"8","vacuolar protein sorting 36"
"Tex10",-0.0432722840905213,0.8816,"4","testis expressed gene 10"
"Poldip3",-0.0432539231166089,0.64,"15","polymerase (DNA-directed), delta interacting protein 3"
"Ctnnb1",0.0432533463345628,0.3728,"9","catenin (cadherin associated protein), beta 1"
"Desi1",0.0432105271572967,0.8008,"15","desumoylating isopeptidase 1"
"Pcdhb20",0.0431988506231558,0.7868,"18","protocadherin beta 20"
"Ddx1",0.0431979061136643,0.5572,"12","DEAD box helicase 1"
"Cog3",-0.0431698022508158,0.6872,"14","component of oligomeric golgi complex 3"
"Ivns1abp",0.0431612779882471,0.7612,"1","influenza virus NS1A binding protein"
"Prpf18",0.0431369017802483,0.4132,"2","pre-mRNA processing factor 18"
"Mccc2",0.0431092925797927,0.5396,"13","methylcrotonoyl-Coenzyme A carboxylase 2 (beta)"
"Usp29",0.0430932635877372,0.6972,"7","ubiquitin specific peptidase 29"
"Slc35b2",-0.0430896388012521,0.8416,"17","solute carrier family 35, member B2"
"Bbs9",-0.0430876126995949,0.7208,"9","Bardet-Biedl syndrome 9 (human)"
"Bub3",0.0430310994413237,0.7228,"7","BUB3 mitotic checkpoint protein"
"Sgsm3",-0.0430219995663368,0.7408,"15","small G protein signaling modulator 3"
"Cux2",0.0430164172900938,0.816,"5","cut-like homeobox 2"
"Tm7sf3",0.0429986562812052,0.6024,"6","transmembrane 7 superfamily member 3"
"Arf2",-0.0429886392009102,0.718,"11","ADP-ribosylation factor 2"
"Eef1a2",-0.0429535127789258,0.788,"2","eukaryotic translation elongation factor 1 alpha 2"
"Mettl8",-0.0429509750010366,0.7996,"2","methyltransferase like 8"
"Golgb1",0.042931939296377,0.8832,"16","golgi autoantigen, golgin subfamily b, macrogolgin 1"
"Mmab",-0.0429011101425445,0.7632,"5","methylmalonic aciduria (cobalamin deficiency) cblB type homolog (human)"
"Kctd5",-0.0428989752443218,0.7784,"17","potassium channel tetramerisation domain containing 5"
"Ifnar1",-0.0428899356509325,0.534,"16","interferon (alpha and beta) receptor 1"
"Exosc1",-0.0428737637185694,0.802,"19","exosome component 1"
"Ubl3",0.0428647577147858,0.444,"5","ubiquitin-like 3"
"Mtfr1l",-0.0428497890663992,0.686,"4","mitochondrial fission regulator 1-like"
"Ephb1",-0.0428136602817526,0.848,"9","Eph receptor B1"
"Pcx",-0.0427919015491351,0.4088,"19","pyruvate carboxylase"
"Cnnm3",-0.0427404825011637,0.036,"1","cyclin M3"
"Cnnm4",-0.0427308168354923,0.7196,"1","cyclin M4"
"Fcrls",-0.0426848081482052,0.9772,"3","Fc receptor-like S, scavenger receptor"
"Nup93",-0.0426769405762224,0.6784,"8","nucleoporin 93"
"Csde1",0.042591328055626,0.5168,"3","cold shock domain containing E1, RNA binding"
"Ppib",-0.0425610767372415,0.4628,"9","peptidylprolyl isomerase B"
"Septin2",-0.0425585234181654,0.6124,"1","septin 2"
"Septin2",-0.0425585234181654,0.6124,"1","septin 2"
"Cog6",0.0425467747174126,0.6672,"3","component of oligomeric golgi complex 6"
"Zbtb9",0.0425440342758181,0.6508,"17","zinc finger and BTB domain containing 9"
"Celsr3",-0.0425261375168482,0.9412,"9","cadherin, EGF LAG seven-pass G-type receptor 3"
"Chn2",-0.0425167009538603,0.8576,"6","chimerin 2"
"Dnajc18",0.0425062563051908,0.6528,"18","DnaJ heat shock protein family (Hsp40) member C18"
"Usp1",0.042489869357893,0.764,"4","ubiquitin specific peptidase 1"
"Bclaf3",-0.0424696117119097,0.81,"X","Bclaf1 and Thrap3 family member 3"
"Cbs",0.042399590961292,0.7164,"17","cystathionine beta-synthase"
"Bcl2l2",0.0423789173905309,0.748,"14","BCL2-like 2"
"H1f0",-0.042375312416671,0.6392,"15","H1.0 linker histone"
"Klf8",0.0423675378495609,0.882,"X","Kruppel-like factor 8"
"Rprd1b",0.04236256102147,0.4012,"2","regulation of nuclear pre-mRNA domain containing 1B"
"Sdc2",0.0423412755613883,0.6972,"15","syndecan 2"
"Nit1",-0.0423285355884602,0.6628,"1","nitrilase 1"
"Drg1",-0.0423082898942706,0.7268,"11","developmentally regulated GTP binding protein 1"
"Glrx2",0.0423043577509352,0.7208,"1","glutaredoxin 2 (thioltransferase)"
"Uros",-0.0423041125762653,0.6536,"7","uroporphyrinogen III synthase"
"Ubxn8",-0.0422871880647513,0.6388,"8","UBX domain protein 8"
"Akirin2",0.0422638687124586,0.482,"4","akirin 2"
"Cox6b2",0.0422390119596789,0.9724,"7","cytochrome c oxidase subunit 6B2"
"Ephb3",0.042235328744562,0.8636,"16","Eph receptor B3"
"Galnt14",-0.0421904591233733,0.8192,"17","polypeptide N-acetylgalactosaminyltransferase 14"
"Thap11",-0.0421870384623944,0.8152,"8","THAP domain containing 11"
"Scarb1",-0.0421745846892954,0.716,"5","scavenger receptor class B, member 1"
"Bcl2l1",-0.0421498045481021,0.8112,"2","BCL2-like 1"
"Ccdc181",-0.0421491747852656,0.8156,"1","coiled-coil domain containing 181"
"Atl2",0.0421471087378098,0.548,"17","atlastin GTPase 2"
"Shank3",0.0421455760982816,0.7544,"15","SH3 and multiple ankyrin repeat domains 3"
"Acaca",0.0421449356282544,0.6268,"11","acetyl-Coenzyme A carboxylase alpha"
"Rars",0.0421424176315348,0.6904,"11","arginyl-tRNA synthetase"
"B3gnt2",0.0421405694286507,0.6976,"11","UDP-GlcNAc:betaGal beta-1,3-N-acetylglucosaminyltransferase 2"
"Mpv17l",0.0421303309918599,0.6344,"16","Mpv17 transgene, kidney disease mutant-like"
"Tmbim4",-0.0421203398279308,0.6176,"10","transmembrane BAX inhibitor motif containing 4"
"Vps37b",0.0421025619770337,0.7396,"5","vacuolar protein sorting 37B"
"Kdsr",0.0420986160299748,0.6032,"1","3-ketodihydrosphingosine reductase"
"Vat1",0.0420878623230942,0.8132,"11","vesicle amine transport 1"
"Nt5c2",-0.0420777329755708,0.3148,"19","5'-nucleotidase, cytosolic II"
"Spg11",-0.0420111734202395,0.79,"2","SPG11, spatacsin vesicle trafficking associated"
"Dph6",-0.0420071275409786,0.7736,"2","diphthamine biosynthesis 6"
"Lgi1",0.0419914346481605,0.7688,"19","leucine-rich repeat LGI family, member 1"
"Csmd2",0.0419716442688429,0.9088,"4","CUB and Sushi multiple domains 2"
"Farp1",0.0419612600355093,0.628,"14","FERM, RhoGEF (Arhgef) and pleckstrin domain protein 1 (chondrocyte-derived)"
"Gne",0.0419607963244033,0.6188,"4","glucosamine (UDP-N-acetyl)-2-epimerase/N-acetylmannosamine kinase"
"Crybg3",0.0419410897304822,0.8712,"16","beta-gamma crystallin domain containing 3"
"Thnsl2",-0.0419175828614842,0.8408,"6","threonine synthase-like 2 (bacterial)"
"Mfap3",0.0419120504511215,0.6896,"11","microfibrillar-associated protein 3"
"Isyna1",0.0418954188447325,0.882,"8","myo-inositol 1-phosphate synthase A1"
"Tafa5",0.0418869860833357,0.7416,"15","TAFA chemokine like family member 5"
"Wbp11",-0.0418830709099547,0.936,"6","WW domain binding protein 11"
"Zfp263",-0.0418662568344184,0.8,"16","zinc finger protein 263"
"Kcnq4",-0.041804701601952,0.7664,"4","potassium voltage-gated channel, subfamily Q, member 4"
"Arl8a",0.0418029482626121,0.7264,"1","ADP-ribosylation factor-like 8A"
"Noc3l",0.0417891139568258,0.6852,"19","NOC3 like DNA replication regulator"
"Aldh1l2",0.0417842522420941,0.6744,"10","aldehyde dehydrogenase 1 family, member L2"
"Pvalb",-0.0417803460619401,0.8416,"15","parvalbumin"
"Litaf",-0.0417780779503412,0.7372,"16","LPS-induced TN factor"
"Lrrc14",-0.0417005224170506,0.6824,"15","leucine rich repeat containing 14"
"Srsf6",-0.0416930159031068,0.702,"2","serine and arginine-rich splicing factor 6"
"Rad1",-0.0416926147931655,0.7156,"15","RAD1 checkpoint DNA exonuclease"
"Rap1gap2",0.041675029599471,0.6128,"11","RAP1 GTPase activating protein 2"
"Elf1",0.0416610450023538,0.8208,"14","E74 like ETS transcription factor 1"
"Cat",-0.0416488195074356,0.6612,"2","catalase"
"Eif4enif1",0.041645096614352,0.312,"11","eukaryotic translation initiation factor 4E nuclear import factor 1"
"Pus3",-0.0416394694682527,0.6664,"9","pseudouridine synthase 3"
"Agpat3",0.0416328678174303,0.5264,"10","1-acylglycerol-3-phosphate O-acyltransferase 3"
"Lgalsl",0.0416164469092681,0.5648,"11","galectin like"
"Tyk2",-0.0416104662490344,0.8644,"9","tyrosine kinase 2"
"Chrm1",0.0415961189552405,0.6524,"19","cholinergic receptor, muscarinic 1, CNS"
"Dis3l",0.0415854555808695,0.554,"9","DIS3 like exosome 3'-5' exoribonuclease"
"Rae1",-0.0415780347404144,0.7932,"2","ribonucleic acid export 1"
"Fbxl14",0.0415748184292806,0.7636,"6","F-box and leucine-rich repeat protein 14"
"Gpr68",-0.0415554661759474,0.8476,"12","G protein-coupled receptor 68"
"Dnaja4",0.0415539768340611,0.5124,"9","DnaJ heat shock protein family (Hsp40) member A4"
"Mtif3",0.0414956870110323,0.7588,"5","mitochondrial translational initiation factor 3"
"Podxl",-0.0414841163344004,0.9332,"6","podocalyxin-like"
"Morc4",0.0414812970058289,0.8924,"X","microrchidia 4"
"Glt8d1",-0.0414701736813887,0.8288,"14","glycosyltransferase 8 domain containing 1"
"Zfp60",0.0414555138609014,0.6184,"7","zinc finger protein 60"
"Intu",-0.0414537741138585,0.7436,"3","inturned planar cell polarity protein"
"Gfm2",0.0414352784240855,0.78,"13","G elongation factor, mitochondrial 2"
"Tprkb",-0.0414311923371944,0.7824,"6","Tp53rk binding protein"
"Mapk1",0.0414287114225704,0.59,"16","mitogen-activated protein kinase 1"
"Ccdc91",0.0414048357743164,0.6696,"6","coiled-coil domain containing 91"
"Hprt",0.0414048099161661,0.732,"X","hypoxanthine guanine phosphoribosyl transferase"
"Fam149b",-0.041395432511667,0.4624,"14","family with sequence similarity 149, member B"
"Igsf1",0.0413755628092853,0.8376,"X","immunoglobulin superfamily, member 1"
"Actg1",0.0413215013388406,0.658,"11","actin, gamma, cytoplasmic 1"
"Kdm4a",0.0412987590077982,0.8796,"4","lysine (K)-specific demethylase 4A"
"Dse",0.0412718668307464,0.872,"10","dermatan sulfate epimerase"
"Gdf10",0.041259084503833,0.6396,"14","growth differentiation factor 10"
"Ephb6",-0.0412588918417445,0.7844,"6","Eph receptor B6"
"Zfp623",-0.0412567706758482,0.7312,"15","zinc finger protein 623"
"Paip2",-0.0412493083802055,0.5648,"18","polyadenylate-binding protein-interacting protein 2"
"Atp5b",-0.0412319300276156,0.668,"10","ATP synthase, H+ transporting mitochondrial F1 complex, beta subunit"
"Gng4",0.0412156169637354,0.828,"13","guanine nucleotide binding protein (G protein), gamma 4"
"Efnb1",0.0412088630073977,0.6764,"X","ephrin B1"
"Gpr25",-0.0411462958498077,0.892,"1","G protein-coupled receptor 25"
"Tmcc3",-0.0411235492809841,0.7784,"10","transmembrane and coiled coil domains 3"
"Srrm1",0.0411099128609118,0.874,"4","serine/arginine repetitive matrix 1"
"Grik2",0.0411043757975351,0.6572,"10","glutamate receptor, ionotropic, kainate 2 (beta 2)"
"1500009L16Rik",-0.0411012086296578,0.7292,"10","RIKEN cDNA 1500009L16 gene"
"Sar1a",-0.0410965957464864,0.5436,"10","secretion associated Ras related GTPase 1A"
"Ap3b1",0.0410950402538228,0.4668,"13","adaptor-related protein complex 3, beta 1 subunit"
"Zfp449",0.0410861865226422,0.832,"X","zinc finger protein 449"
"Lrrn2",0.0410804802942906,0.6832,"1","leucine rich repeat protein 2, neuronal"
"Vamp3",-0.0410763100812899,0.8004,"4","vesicle-associated membrane protein 3"
"Myh7b",-0.0410429893132842,0.8836,"2","myosin, heavy chain 7B, cardiac muscle, beta"
"Tcf3",0.0410405791857391,0.6876,"10","transcription factor 3"
"Gsk3a",0.0410378278171812,0.7752,"7","glycogen synthase kinase 3 alpha"
"Ap3s1",0.0410094248203103,0.8264,"18","adaptor-related protein complex 3, sigma 1 subunit"
"Lman1",0.040980466033397,0.7008,"18","lectin, mannose-binding, 1"
"Ndufs1",0.040956329251145,0.5212,"1","NADH:ubiquinone oxidoreductase core subunit S1"
"Tmem268",-0.0409170576205891,0.8384,"4","transmembrane protein 268"
"Utp18",0.0408889198010085,0.7288,"11","UTP18 small subunit processome component"
"Agt",0.0408826157389006,0.8584,"8","angiotensinogen (serpin peptidase inhibitor, clade A, member 8)"
"Slc25a5",-0.0408780050456459,0.7692,"X","solute carrier family 25 (mitochondrial carrier, adenine nucleotide translocator), member 5"
"2410004P03Rik",-0.0408545292571652,0.9704,"12","RIKEN cDNA 2410004P03 gene"
"Wdr18",-0.0408443005715924,0.7228,"10","WD repeat domain 18"
"Eid2b",-0.0408185582459906,0.56,"7","EP300 interacting inhibitor of differentiation 2B"
"Ybey",-0.0408128787646231,0.778,"10","ybeY metallopeptidase"
"Flii",-0.0407967228740755,0.5564,"11","flightless I actin binding protein"
"Rpap3",-0.0407922968822847,0.7328,"15","RNA polymerase II associated protein 3"
"Sez6l2",0.0407857710154254,0.464,"7","seizure related 6 homolog like 2"
"Washc1",-0.040781946723933,0.698,"17","WASH complex subunit 1"
"Taf8",-0.0407777975204171,0.6388,"17","TATA-box binding protein associated factor 8"
"Rpf2",0.0407580993238685,0.7552,"10","ribosome production factor 2 homolog"
"Arf4",0.0407496464194432,0.8256,"14","ADP-ribosylation factor 4"
"Obsl1",-0.0407271089289267,0.7844,"1","obscurin-like 1"
"Lnx2",-0.0407142040507331,0.756,"5","ligand of numb-protein X 2"
"Hmgcll1",0.0406864815798289,0.754,"9","3-hydroxymethyl-3-methylglutaryl-Coenzyme A lyase-like 1"
"Tshz3",-0.0406765061595564,0.8224,"7","teashirt zinc finger family member 3"
"Fam13a",-0.0406661416716467,0.6744,"6","family with sequence similarity 13, member A"
"Csnk2a1",0.0406603609301355,0.33,"2","casein kinase 2, alpha 1 polypeptide"
"Ppp1r37",-0.0406504195553925,0.7368,"7","protein phosphatase 1, regulatory subunit 37"
"Kcnk12",-0.0406400152546191,0.9092,"17","potassium channel, subfamily K, member 12"
"Kptn",-0.0406303765932874,0.804,"7","kaptin"
"Crls1",0.040623675750596,0.7924,"2","cardiolipin synthase 1"
"Vcam1",-0.0406079066034044,0.7936,"3","vascular cell adhesion molecule 1"
"Sf3b6",-0.0405581018390464,0.7532,"12","splicing factor 3B, subunit 6"
"1810021B22Rik",0.040555105374567,0.66,"15","RIKEN cDNA 1810021B22 gene"
"Zdhhc9",0.0405291449544052,0.6916,"X","zinc finger, DHHC domain containing 9"
"Polr2c",-0.0405103814861025,0.7184,"8","polymerase (RNA) II (DNA directed) polypeptide C"
"Zfyve1",0.0405062412425812,0.6152,"12","zinc finger, FYVE domain containing 1"
"Mras",-0.040497897468498,0.8648,"9","muscle and microspikes RAS"
"Sike1",-0.0404949474650671,0.7724,"3","suppressor of IKBKE 1"
"Crat",-0.0404780210625271,0.6868,"2","carnitine acetyltransferase"
"Mrpl14",0.040460388178813,0.8832,"17","mitochondrial ribosomal protein L14"
"Xkr6",-0.0404400184331641,0.9112,"14","X-linked Kx blood group related 6"
"Magoh",-0.0404309210320486,0.8652,"4","mago homolog, exon junction complex core component"
"Smarcd1",0.0404288831703798,0.7292,"15","SWI/SNF related, matrix associated, actin dependent regulator of chromatin, subfamily d, member 1"
"Tsen34",-0.0404130314844071,0.8536,"7","tRNA splicing endonuclease subunit 34"
"Filip1",-0.0404088680336643,0.8096,"9","filamin A interacting protein 1"
"Cdh9",0.0403834324276318,0.6648,"15","cadherin 9"
"Snap47",-0.0403547681863046,0.8164,"11","synaptosomal-associated protein, 47"
"Nsfl1c",-0.0403545358797004,0.83,"2","NSFL1 (p97) cofactor (p47)"
"Bcl2l11",0.0403516194683995,0.75,"2","BCL2-like 11 (apoptosis facilitator)"
"Grk6",-0.0403454202198246,0.5824,"13","G protein-coupled receptor kinase 6"
"Hnrnpa3",0.0403417293274959,0.5016,"2","heterogeneous nuclear ribonucleoprotein A3"
"Synj2",0.0403092246076913,0.7128,"17","synaptojanin 2"
"Nr1d2",0.0402888536869392,0.8204,"14","nuclear receptor subfamily 1, group D, member 2"
"Eif5b",0.0402818381489407,0.8364,"1","eukaryotic translation initiation factor 5B"
"Dtx1",0.0402603064383156,0.6704,"5","deltex 1, E3 ubiquitin ligase"
"Sfxn3",0.040253923784566,0.6888,"19","sideroflexin 3"
"Tmem130",-0.0402249736582334,0.5116,"5","transmembrane protein 130"
"Prex1",0.0401828369686612,0.7864,"2","phosphatidylinositol-3,4,5-trisphosphate-dependent Rac exchange factor 1"
"Slc35e2",0.0401765160378131,0.7024,"4","solute carrier family 35, member E2"
"Tomt",-0.0401541634541747,0.8556,"7","transmembrane O-methyltransferase"
"Crb2",0.0401486860344757,0.948,"2","crumbs family member 2"
"Pdzrn3",0.0401263192465553,0.7192,"6","PDZ domain containing RING finger 3"
"Oxnad1",0.0401194036515755,0.5976,"14","oxidoreductase NAD-binding domain containing 1"
"Nub1",0.0401066288612286,0.4352,"5","negative regulator of ubiquitin-like proteins 1"
"Nfe2l3",0.0400992417484543,0.8452,"6","nuclear factor, erythroid derived 2, like 3"
"Caskin1",-0.0400392443552242,0.642,"17","CASK interacting protein 1"
"Elk3",-0.0400321696324846,0.7572,"10","ELK3, member of ETS oncogene family"
"Mast1",-0.0400156700019583,0.744,"8","microtubule associated serine/threonine kinase 1"
"Lzts1",-0.0399719910182057,0.67,"8","leucine zipper, putative tumor suppressor 1"
"Mettl4",-0.0399305099843525,0.742,"17","methyltransferase like 4"
"Sclt1",-0.0399152614082383,0.8216,"3","sodium channel and clathrin linker 1"
"Lrsam1",-0.0398631584496396,0.7848,"2","leucine rich repeat and sterile alpha motif containing 1"
"Stau2",0.0398065255588858,0.6804,"1","staufen double-stranded RNA binding protein 2"
"Ccdc90b",-0.0398013759327753,0.5848,"7","coiled-coil domain containing 90B"
"Prkacb",0.039789352910784,0.708,"3","protein kinase, cAMP dependent, catalytic, beta"
"9930104L06Rik",-0.0397765340706862,0.5668,"4","RIKEN cDNA 9930104L06 gene"
"Dnajc14",0.0397389043877627,0.4376,"10","DnaJ heat shock protein family (Hsp40) member C14"
"Dnajb5",-0.0397148223453989,0.9332,"4","DnaJ heat shock protein family (Hsp40) member B5"
"Lsm4",-0.0397096960729701,0.8528,"8","LSM4 homolog, U6 small nuclear RNA and mRNA degradation associated"
"Kat2a",-0.03969463001697,0.6916,"11","K(lysine) acetyltransferase 2A"
"Prodh",0.0396821519391004,0.608,"16","proline dehydrogenase"
"Eif4b",0.0396622155658717,0.548,"15","eukaryotic translation initiation factor 4B"
"Slc1a1",0.0396265801104319,0.6672,"19","solute carrier family 1 (neuronal/epithelial high affinity glutamate transporter, system Xag), member 1"
"Hnrnpk",0.0396182426655178,0.5048,"13","heterogeneous nuclear ribonucleoprotein K"
"Gstp1",-0.0396067564215015,0.908,"19","glutathione S-transferase, pi 1"
"Mis12",0.0395989900413296,0.5728,"11","MIS12 kinetochore complex component"
"Cep120",0.0395764787669686,0.3976,"18","centrosomal protein 120"
"Bbs10",-0.0395509105796925,0.8284,"10","Bardet-Biedl syndrome 10 (human)"
"Tent5a",-0.0395233164701021,0.8044,"9","terminal nucleotidyltransferase 5A"
"Siae",0.0395070193714315,0.6528,"9","sialic acid acetylesterase"
"Itih3",0.0395034634638072,0.6228,"14","inter-alpha trypsin inhibitor, heavy chain 3"
"Zfp952",-0.0394985406777555,0.29,"17","zinc finger protein 952"
"Zkscan5",-0.0394646376305245,0.6212,"5","zinc finger with KRAB and SCAN domains 5"
"Rptor",0.0394644140601015,0.694,"11","regulatory associated protein of MTOR, complex 1"
"Cacna1g",-0.0394569243549938,0.8568,"11","calcium channel, voltage-dependent, T type, alpha 1G subunit"
"Zfp120",0.0394487934930807,0.6732,"2","zinc finger protein 120"
"Fam219a",0.0394320510128816,0.7056,"4","family with sequence similarity 219, member A"
"Abhd17b",0.0394158589802558,0.7492,"19","abhydrolase domain containing 17B"
"1700066M21Rik",0.0394115042727563,0.7292,"1","RIKEN cDNA 1700066M21 gene"
"Gtf3c6",-0.0393845998234212,0.8188,"10","general transcription factor IIIC, polypeptide 6, alpha"
"Ambra1",0.0393761050664434,0.6996,"2","autophagy/beclin 1 regulator 1"
"Puf60",-0.03935617688375,0.752,"15","poly-U binding splicing factor 60"
"Kdm4b",0.0393467388826529,0.768,"17","lysine (K)-specific demethylase 4B"
"Sox18",-0.0393427860496538,0.8864,"2","SRY (sex determining region Y)-box 18"
"Arpc5",0.0393055889455072,0.4648,"1","actin related protein 2/3 complex, subunit 5"
"Epn2",0.039289611805347,0.5144,"11","epsin 2"
"Patj",-0.0392817868080915,0.8952,"4","PATJ, crumbs cell polarity complex component"
"Ddx17",0.0392720742911692,0.8352,"15","DEAD box helicase 17"
"Ube2ql1",0.0392684412514974,0.7524,"13","ubiquitin-conjugating enzyme E2Q family-like 1"
"Abcb10",0.0392582003071515,0.6748,"8","ATP-binding cassette, sub-family B (MDR/TAP), member 10"
"Rsad1",0.0392481106981508,0.8572,"11","radical S-adenosyl methionine domain containing 1"
"Ddb1",0.0392384161500283,0.7448,"19","damage specific DNA binding protein 1"
"Oxld1",-0.0392336210588469,0.8744,"11","oxidoreductase like domain containing 1"
"Tsc1",-0.039225887961222,0.8484,"2","TSC complex subunit 1"
"Slc41a2",0.03922060781575,0.5604,"10","solute carrier family 41, member 2"
"Mat2b",-0.039219768612031,0.6856,"11","methionine adenosyltransferase II, beta"
"Pou2f1",0.0391932759559568,0.8388,"1","POU domain, class 2, transcription factor 1"
"Ergic1",0.0391913934548107,0.4972,"17","endoplasmic reticulum-golgi intermediate compartment (ERGIC) 1"
"Zmynd11",0.0391734643944428,0.602,"13","zinc finger, MYND domain containing 11"
"Lrig1",0.0391693756038203,0.7628,"6","leucine-rich repeats and immunoglobulin-like domains 1"
"Nrarp",-0.0391330147111191,0.784,"2","Notch-regulated ankyrin repeat protein"
"Mepce",-0.0390999005661357,0.5808,"5","methylphosphate capping enzyme"
"Ldlrad3",-0.0390895300053824,0.7512,"2","low density lipoprotein receptor class A domain containing 3"
"Fam53b",-0.0390868574968728,0.5356,"7","family with sequence similarity 53, member B"
"Cep41",-0.0390556521397318,0.7508,"6","centrosomal protein 41"
"Cldn10",-0.0390236995115307,0.8616,"14","claudin 10"
"Man2a2",0.0390111920261669,0.6812,"7","mannosidase 2, alpha 2"
"Smim4",-0.0390109751824694,0.836,"14","small integral membrane protein 4"
"Fkbp3",0.038986186156186,0.734,"12","FK506 binding protein 3"
"Sox13",-0.0389610187306322,0.8036,"1","SRY (sex determining region Y)-box 13"
"Ptpn23",-0.0389450913598601,0.8648,"9","protein tyrosine phosphatase, non-receptor type 23"
"Mgll",-0.0389182247426074,0.8728,"6","monoglyceride lipase"
"Emb",-0.038867095312042,0.9128,"13","embigin"
"Ccdc130",-0.038834012584684,0.7192,"8","coiled-coil domain containing 130"
"Tor1aip1",0.0388319949036635,0.4664,"1","torsin A interacting protein 1"
"Dcaf13",0.0388319262934433,0.7524,"15","DDB1 and CUL4 associated factor 13"
"Mplkip",-0.0388250774860595,0.526,"13","M-phase specific PLK1 intereacting protein"
"Nipa2",0.0387888924839381,0.8764,"7","non imprinted in Prader-Willi/Angelman syndrome 2 homolog (human)"
"Snca",0.0387814340628605,0.8136,"6","synuclein, alpha"
"Rgma",0.0387793850749629,0.8036,"7","repulsive guidance molecule family member A"
"Fam98a",0.038765273568047,0.6068,"17","family with sequence similarity 98, member A"
"Stradb",-0.0387325337017543,0.5952,"1","STE20-related kinase adaptor beta"
"Ralgds",-0.0387221516505765,0.8436,"2","ral guanine nucleotide dissociation stimulator"
"Commd2",-0.0387155662613954,0.5684,"3","COMM domain containing 2"
"Zfp580",0.0387131980525792,0.8148,"7","zinc finger protein 580"
"Tnks1bp1",-0.038710747454175,0.7404,"2","tankyrase 1 binding protein 1"
"Drosha",0.0386874886812061,0.4932,"15","drosha, ribonuclease type III"
"Ndel1",0.03867167154303,0.6608,"11","nudE neurodevelopment protein 1 like 1"
"Tram1",0.0386704336685062,0.762,"1","translocating chain-associating membrane protein 1"
"Lrrc57",0.0386558727770892,0.774,"2","leucine rich repeat containing 57"
"Arsa",0.0386545181163385,0.7336,"15","arylsulfatase A"
"Ston1",-0.0386389880799278,0.9164,"17","stonin 1"
"Phactr3",0.0386202610824302,0.8524,"2","phosphatase and actin regulator 3"
"Srsf4",-0.0386098036134603,0.7,"4","serine and arginine-rich splicing factor 4"
"Abcg1",0.0385938645928041,0.6956,"17","ATP binding cassette subfamily G member 1"
"Anapc1",0.0385796306267503,0.7964,"2","anaphase promoting complex subunit 1"
"Snph",0.0385349928309271,0.8452,"2","syntaphilin"
"Icam5",0.0385306523592117,0.8332,"9","intercellular adhesion molecule 5, telencephalin"
"Cdc23",0.0385052040514271,0.7264,"18","CDC23 cell division cycle 23"
"Vrk1",-0.0384843025903789,0.8136,"12","vaccinia related kinase 1"
"Tigd2",0.0384414910172342,0.9388,"6","tigger transposable element derived 2"
"Tmtc2",0.0384268294755641,0.8208,"10","transmembrane and tetratricopeptide repeat containing 2"
"L3mbtl3",0.03842184337869,0.7408,"10","L3MBTL3 histone methyl-lysine binding protein"
"Ggps1",0.0383970963801374,0.6108,"13","geranylgeranyl diphosphate synthase 1"
"Sf3b3",0.0383862604594283,0.3176,"8","splicing factor 3b, subunit 3"
"Dynll2",0.0383713238940242,0.6336,"11","dynein light chain LC8-type 2"
"Cyp1b1",-0.0383513524085211,0.9076,"17","cytochrome P450, family 1, subfamily b, polypeptide 1"
"Slc25a38",-0.0383325890042103,0.8492,"9","solute carrier family 25, member 38"
"Micu3",0.0383295329044442,0.5892,"8","mitochondrial calcium uptake family, member 3"
"Tmem144",-0.0382997307898005,0.8152,"3","transmembrane protein 144"
"Mak16",0.0382493624267992,0.6796,"8","MAK16 homolog"
"Morf4l1",0.0382067269209347,0.7316,"9","mortality factor 4 like 1"
"Morf4l1",0.0382067269209347,0.7316,"9","mortality factor 4 like 1"
"Gss",-0.0381977271212675,0.744,"2","glutathione synthetase"
"Syvn1",-0.0381878785591141,0.6608,"19","synovial apoptosis inhibitor 1, synoviolin"
"Mroh1",-0.038146020300676,0.7384,"15","maestro heat-like repeat family member 1"
"Rft1",-0.0381318597898197,0.6704,"14","RFT1 homolog"
"Mas1",-0.0381183542019521,0.6608,"17","MAS1 oncogene"
"Tubd1",-0.0381058291449667,0.8744,"11","tubulin, delta 1"
"Nefl",0.0380562768186259,0.5904,"14","neurofilament, light polypeptide"
"Ddx19a",-0.0380334161602249,0.5144,"8","DEAD box helicase 19a"
"Pan3",0.038000146778197,0.8292,"5","PAN3 poly(A) specific ribonuclease subunit"
"Adcy5",0.0379403878887832,0.8272,"16","adenylate cyclase 5"
"Ilrun",-0.037919749282322,0.8356,"17","inflammation and lipid regulator with UBA-like and NBR1-like domains"
"Septin5",-0.0379138323819053,0.7864,"16","septin 5"
"2210408I21Rik",0.0378934793093264,0.7596,"13","RIKEN cDNA 2210408I21 gene"
"Dicer1",0.0378901636447582,0.8428,"12","dicer 1, ribonuclease type III"
"Fam207a",-0.0378738855324627,0.8276,"10","family with sequence similarity 207, member A"
"Sgms2",0.0378622194212048,0.9312,"3","sphingomyelin synthase 2"
"Cnih1",-0.0378610260781649,0.7244,"14","cornichon family AMPA receptor auxiliary protein 1"
"Phc2",-0.0378604924931194,0.8004,"4","polyhomeotic 2"
"Ncdn",0.0378524285274615,0.7928,"4","neurochondrin"
"Nucb1",0.0378469661285941,0.6692,"7","nucleobindin 1"
"Ints5",-0.037801212065701,0.652,"19","integrator complex subunit 5"
"Ajap1",-0.0377805203072068,0.6728,"4","adherens junction associated protein 1"
"Setdb1",0.0377503880175398,0.8616,"3","SET domain, bifurcated 1"
"Nab1",0.0377393819214156,0.8164,"1","Ngfi-A binding protein 1"
"Sf1",0.037728178868826,0.7004,"19","splicing factor 1"
"Hk1",0.0377013469345524,0.6884,"10","hexokinase 1"
"Prkcz",-0.0376880174820684,0.7664,"4","protein kinase C, zeta"
"Rpn1",-0.0376876548726122,0.764,"6","ribophorin I"
"Habp4",0.0376372198575954,0.6668,"13","hyaluronic acid binding protein 4"
"Fam81a",0.0376155930140296,0.6964,"9","family with sequence similarity 81, member A"
"Scrib",-0.0375964259847423,0.78,"15","scribbled planar cell polarity"
"Vangl1",-0.0375909735918818,0.7768,"3","VANGL planar cell polarity 1"
"Pdss2",-0.0375778821532076,0.724,"10","prenyl (solanesyl) diphosphate synthase, subunit 2"
"Nsmaf",-0.037577678885798,0.8268,"4","neutral sphingomyelinase (N-SMase) activation associated factor"
"Map2k7",-0.0375704139587123,0.6568,"8","mitogen-activated protein kinase kinase 7"
"Traf2",0.0375390354643423,0.7452,"2","TNF receptor-associated factor 2"
"Aacs",-0.0374877580407018,0.7524,"5","acetoacetyl-CoA synthetase"
"Prmt2",-0.0374814156882124,0.5828,"10","protein arginine N-methyltransferase 2"
"Oscp1",0.037466271976359,0.5496,"4","organic solute carrier partner 1"
"Wars2",-0.0374337982221049,0.9092,"3","tryptophanyl tRNA synthetase 2 (mitochondrial)"
"Acer3",0.0374192073132718,0.732,"7","alkaline ceramidase 3"
"Axin1",-0.0374134060338172,0.6832,"17","axin 1"
"Atxn2l",-0.0373963740997327,0.8956,"7","ataxin 2-like"
"Gorasp2",0.037390353285816,0.6296,"2","golgi reassembly stacking protein 2"
"Brdt",-0.037389260613347,0.6816,"5","bromodomain, testis-specific"
"Clec16a",0.0373691217397605,0.7488,"16","C-type lectin domain family 16, member A"
"Nipal4",0.0373561120178101,0.8864,"11","NIPA-like domain containing 4"
"Col6a2",-0.0373170450519056,0.9004,"10","collagen, type VI, alpha 2"
"Eif3c",-0.0373110019110117,0.4268,"7","eukaryotic translation initiation factor 3, subunit C"
"Cfap43",-0.0373059535652827,0.8484,"19","cilia and flagella associated protein 43"
"Spcs2",0.037289955074419,0.8732,"7","signal peptidase complex subunit 2 homolog (S. cerevisiae)"
"Mob4",-0.037268182476808,0.712,"1","MOB family member 4, phocein"
"Actr6",0.0372235893998076,0.8508,"10","ARP6 actin-related protein 6"
"Elavl3",-0.0372138600600174,0.9044,"9","ELAV like RNA binding protein 3"
"Bcr",-0.037198017243731,0.8148,"10","BCR activator of RhoGEF and GTPase"
"Dcaf6",0.0371758153507162,0.6912,"1","DDB1 and CUL4 associated factor 6"
"Engase",-0.0371596443848339,0.8664,"11","endo-beta-N-acetylglucosaminidase"
"Coa5",0.0371594344169326,0.8664,"1","cytochrome C oxidase assembly factor 5"
"Trem2",-0.0371548957909529,0.98,"17","triggering receptor expressed on myeloid cells 2"
"Rbmxl1",0.037144593897394,0.6856,"8","RNA binding motif protein, X-linked like-1"
"Nfxl1",0.037124202450475,0.8076,"5","nuclear transcription factor, X-box binding-like 1"
"Myc",-0.0371232430172324,0.838,"15","myelocytomatosis oncogene"
"Sesn1",-0.0371196663453084,0.4064,"10","sestrin 1"
"Psmd13",-0.0371071198775574,0.6892,"7","proteasome (prosome, macropain) 26S subunit, non-ATPase, 13"
"Crebzf",0.0371025977833321,0.7652,"7","CREB/ATF bZIP transcription factor"
"Msantd3",0.0371014802354543,0.7636,"4","Myb/SANT-like DNA-binding domain containing 3"
"Utp11",-0.0370856889358091,0.7636,"4","UTP11 small subunit processome component"
"Rbm11",-0.0370484578408372,0.796,"16","RNA binding motif protein 11"
"Urod",-0.0370265099897242,0.858,"4","uroporphyrinogen decarboxylase"
"Pias3",0.0369906081222346,0.848,"3","protein inhibitor of activated STAT 3"
"Bicd2",0.0369578235105683,0.7444,"13","BICD cargo adaptor 2"
"Tmem229a",-0.0369388224939087,0.8864,"6","transmembrane protein 229A"
"Ciz1",-0.0369301097428254,0.8036,"2","CDKN1A interacting zinc finger protein 1"
"Bcs1l",-0.036906422814182,0.7528,"1","BCS1-like (yeast)"
"Tasor2",0.0369053028503377,0.8716,"13","transcription activation suppressor family member 2"
"Pskh1",-0.0369040342500044,0.5732,"8","protein serine kinase H1"
"Zfp420",0.0368828334016329,0.7008,"7","zinc finger protein 420"
"Chmp7",-0.0368689894456837,0.6732,"14","charged multivesicular body protein 7"
"Mxi1",-0.0368615029363273,0.806,"19","MAX interactor 1, dimerization protein"
"Adamts20",0.0368347973669421,0.8892,"15","a disintegrin-like and metallopeptidase (reprolysin type) with thrombospondin type 1 motif, 20"
"Caap1",-0.0368142059054826,0.6924,"4","caspase activity and apoptosis inhibitor 1"
"Gsto1",0.0367839729323096,0.7916,"19","glutathione S-transferase omega 1"
"Siah2",-0.0367743576860526,0.8068,"3","siah E3 ubiquitin protein ligase 2"
"Vwa8",-0.0367597287021919,0.5984,"14","von Willebrand factor A domain containing 8"
"Ahcy",0.0367511582484927,0.7948,"2","S-adenosylhomocysteine hydrolase"
"Sox10",0.0367456671776987,0.8656,"15","SRY (sex determining region Y)-box 10"
"Nup107",0.036744334529899,0.7384,"10","nucleoporin 107"
"Foxp4",-0.0367436695906695,0.7944,"17","forkhead box P4"
"Pigv",-0.0367375874515883,0.7724,"4","phosphatidylinositol glycan anchor biosynthesis, class V"
"Serf1",-0.0367139185439016,0.8664,"13","small EDRK-rich factor 1"
"Scaf8",0.0367075639275187,0.6948,"17","SR-related CTD-associated factor 8"
"Smpd1",-0.0366998334560726,0.7504,"7","sphingomyelin phosphodiesterase 1, acid lysosomal"
"Dnah10",-0.0366885877719081,0.9088,"5","dynein, axonemal, heavy chain 10"
"Csad",-0.0366617722711027,0.7312,"15","cysteine sulfinic acid decarboxylase"
"Khsrp",0.0366467701590718,0.752,"17","KH-type splicing regulatory protein"
"Dand5",0.0366210873798063,0.8556,"8","DAN domain family member 5, BMP antagonist"
"Smyd3",0.0366177931414908,0.4416,"1","SET and MYND domain containing 3"
"Shisa5",-0.0365945501138478,0.7572,"9","shisa family member 5"
"Isoc1",0.0365806287840789,0.8352,"18","isochorismatase domain containing 1"
"Mfsd11",-0.0365624492990966,0.7404,"11","major facilitator superfamily domain containing 11"
"Zfp658",0.0365618192444281,0.7596,"7","zinc finger protein 658"
"Mbnl1",0.0365393275501589,0.8496,"3","muscleblind like splicing factor 1"
"Fam110a",0.0365330745014241,0.7748,"2","family with sequence similarity 110, member A"
"Gpm6b",0.0365285970507419,0.7996,"X","glycoprotein m6b"
"Erg",0.0365213044990838,0.9172,"16","ETS transcription factor"
"Sar1b",-0.0364909842393519,0.7492,"11","secretion associated Ras related GTPase 1B"
"Mpv17l2",-0.0364841570491699,0.8948,"8","MPV17 mitochondrial membrane protein-like 2"
"Pcnx2",0.0364249695446279,0.7832,"8","pecanex homolog 2"
"Cwc22",0.0364073703182628,0.7036,"2","CWC22 spliceosome-associated protein"
"Nr6a1",-0.0364015086429483,0.7484,"2","nuclear receptor subfamily 6, group A, member 1"
"AI597479",0.0363988936899489,0.6696,"1","expressed sequence AI597479"
"Olfml3",0.0363749684040475,0.9492,"3","olfactomedin-like 3"
"Trip10",-0.0363452936591844,0.8024,"17","thyroid hormone receptor interactor 10"
"Znrf3",0.0362749410863201,0.6976,"11","zinc and ring finger 3"
"Card19",0.0362722196653773,0.82,"13","caspase recruitment domain family, member 19"
"Zfp85",-0.0362716189966861,0.6928,"13","zinc finger protein 85"
"Mta2",-0.0362694199704885,0.7084,"19","metastasis-associated gene family, member 2"
"Ccnd2",0.0362689917413714,0.7276,"6","cyclin D2"
"Gucy2e",-0.0362688982626538,0.9532,"11","guanylate cyclase 2e"
"Gsn",-0.0362641705177493,0.8572,"2","gelsolin"
"Ddah1",-0.0362557274364281,0.854,"3","dimethylarginine dimethylaminohydrolase 1"
"Oard1",-0.0362545755399934,0.8556,"17","O-acyl-ADP-ribose deacylase 1"
"Nrbp1",-0.0362460224232874,0.6696,"5","nuclear receptor binding protein 1"
"Ubap2",-0.0362402364261216,0.6896,"4","ubiquitin-associated protein 2"
"Praf2",0.0362391153156958,0.7992,"X","PRA1 domain family 2"
"Ncoa3",-0.0362037095684968,0.87,"2","nuclear receptor coactivator 3"
"Ubl4a",-0.0361993547907256,0.8612,"X","ubiquitin-like 4A"
"Ubl4a",-0.0361993547907256,0.8612,"X","ubiquitin-like 4A"
"Tmem251",0.0361283138663544,0.4848,"12","transmembrane protein 251"
"S1pr1",-0.0360670599320327,0.8604,"3","sphingosine-1-phosphate receptor 1"
"Anxa5",-0.0360471867879983,0.8684,"3","annexin A5"
"Mb21d2",-0.0360416532855439,0.7784,"16","Mab-21 domain containing 2"
"Isy1",0.035999007206529,0.5996,"6","ISY1 splicing factor homolog"
"Cyth2",-0.0359969801969893,0.7624,"7","cytohesin 2"
"Tmcc2",-0.0359603804912787,0.89,"1","transmembrane and coiled-coil domains 2"
"Wnt2",-0.0359410416059864,0.9328,"6","wingless-type MMTV integration site family, member 2"
"Ypel5",-0.0359193432742062,0.7804,"17","yippee like 5"
"Hsf4",-0.0359164798380047,0.8216,"8","heat shock transcription factor 4"
"Trim27",0.0358922031947158,0.6544,"13","tripartite motif-containing 27"
"Ctc1",-0.0358865722310844,0.6724,"11","CTS telomere maintenance complex component 1"
"Mynn",0.0358841364252056,0.7856,"3","myoneurin"
"Evi5l",0.0358607429620506,0.4624,"8","ecotropic viral integration site 5 like"
"Lmo4",-0.035809391234511,0.8276,"3","LIM domain only 4"
"Diras1",0.0357957500399948,0.7792,"10","DIRAS family, GTP-binding RAS-like 1"
"Sf3a2",0.0357708700938009,0.8832,"10","splicing factor 3a, subunit 2"
"Mttp",0.0357585014688713,0.654,"3","microsomal triglyceride transfer protein"
"Antxr1",-0.0357520438728263,0.8476,"6","anthrax toxin receptor 1"
"Pttg1ip",-0.0357265167711267,0.61,"10","pituitary tumor-transforming 1 interacting protein"
"Ica1",-0.0357262188412211,0.7336,"6","islet cell autoantigen 1"
"Fam210b",-0.0357261068065284,0.656,"2","family with sequence similarity 210, member B"
"Rnf41",-0.035722745339811,0.5068,"10","ring finger protein 41"
"Idh3g",-0.0357196840976117,0.7376,"X","isocitrate dehydrogenase 3 (NAD+), gamma"
"Olig1",-0.0357135139786253,0.8708,"16","oligodendrocyte transcription factor 1"
"C030018K13Rik",-0.0357097433823683,0.842,"5","RIKEN cDNA C030018K13 gene"
"Zfp524",0.0356712995549504,0.8416,"7","zinc finger protein 524"
"Pnma3",0.0356687327153713,0.8328,"X","paraneoplastic antigen MA3"
"Ddx56",-0.035668389959266,0.6684,"11","DEAD box helicase 56"
"Dnal1",0.0356588752724152,0.5856,"12","dynein, axonemal, light chain 1"
"Nsa2",-0.0356521681799826,0.7748,"13","NSA2 ribosome biogenesis homolog"
"Arhgap45",-0.0356490088849299,0.8868,"10","Rho GTPase activating protein 45"
"Mypop",-0.0356326308239394,0.8404,"7","Myb-related transcription factor, partner of profilin"
"Rnf169",0.0356218794814191,0.846,"7","ring finger protein 169"
"Txn2",-0.0356146599246552,0.8844,"15","thioredoxin 2"
"Csf1",0.0356115323918456,0.7104,"3","colony stimulating factor 1 (macrophage)"
"Ube2h",-0.0356110128139893,0.6648,"6","ubiquitin-conjugating enzyme E2H"
"Ncam1",-0.0355930988999802,0.8352,"9","neural cell adhesion molecule 1"
"Cyth3",0.0355771341117297,0.5004,"5","cytohesin 3"
"Tpcn1",0.0355600854714435,0.702,"5","two pore channel 1"
"Kirrel2",0.0355530530594392,0.5664,"7","kirre like nephrin family adhesion molecule 2"
"Acat1",-0.0355369698586454,0.7128,"9","acetyl-Coenzyme A acetyltransferase 1"
"Clec11a",0.0355257752586544,0.834,"7","C-type lectin domain family 11, member a"
"Zfp764",0.0354841853700858,0.85,"7","zinc finger protein 764"
"Irf2bp1",0.0354614429525233,0.844,"7","interferon regulatory factor 2 binding protein 1"
"Zzz3",0.0354177034542325,0.688,"3","zinc finger, ZZ domain containing 3"
"Pdia4",0.0353823595316163,0.8716,"6","protein disulfide isomerase associated 4"
"Smim10l2a",0.0353798017908171,0.746,"X","small integral membrane protein 10 like 2A"
"Ptp4a1",-0.0353745578476587,0.9124,"1","protein tyrosine phosphatase 4a1"
"Ptp4a1",-0.0353745578476587,0.9124,"1","protein tyrosine phosphatase 4a1"
"Slc45a1",0.0353611524462911,0.6688,"4","solute carrier family 45, member 1"
"Zc3h11a",-0.0353326575862862,0.8552,"1","zinc finger CCCH type containing 11A"
"Tbc1d10b",0.0353176028363107,0.784,"7","TBC1 domain family, member 10b"
"Cdc42se2",-0.0352888459807268,0.5076,"11","CDC42 small effector 2"
"Trmt6",0.0352539349337784,0.8924,"2","tRNA methyltransferase 6"
"Slc35f4",-0.0352303700829033,0.7576,"14","solute carrier family 35, member F4"
"Med19",-0.0352164007281246,0.7588,"2","mediator complex subunit 19"
"G2e3",0.0352083120680957,0.886,"12","G2/M-phase specific E3 ubiquitin ligase"
"Thoc7",-0.0351809931598375,0.7576,"14","THO complex 7"
"Brcc3",-0.0351430970474196,0.69,"X","BRCA1/BRCA2-containing complex, subunit 3"
"Utp3",0.035138886961497,0.7256,"5","UTP3 small subunit processome component"
"Bbs7",0.0351351624994489,0.8344,"3","Bardet-Biedl syndrome 7 (human)"
"Pcsk5",0.0351291265073814,0.82,"19","proprotein convertase subtilisin/kexin type 5"
"Prkar1b",-0.0350839151379141,0.8028,"5","protein kinase, cAMP dependent regulatory, type I beta"
"Abcf2",-0.0350738010969174,0.378,"5","ATP-binding cassette, sub-family F (GCN20), member 2"
"Jakmip3",0.0350573513355501,0.8016,"7","janus kinase and microtubule interacting protein 3"
"Chtf8",-0.0350563994316326,0.7908,"8","CTF8, chromosome transmission fidelity factor 8"
"Ap2m1",-0.035050629984366,0.7336,"16","adaptor-related protein complex 2, mu 1 subunit"
"Amfr",-0.0350125034116324,0.4916,"8","autocrine motility factor receptor"
"Syt1",0.0350067813413339,0.5688,"10","synaptotagmin I"
"Zfand3",-0.0350020190062565,0.8068,"17","zinc finger, AN1-type domain 3"
"Nisch",0.0349616066225593,0.6656,"14","nischarin"
"Arl5b",0.0349529371446318,0.7848,"2","ADP-ribosylation factor-like 5B"
"Med30",-0.0349432078649201,0.834,"15","mediator complex subunit 30"
"Elmod1",0.0349380186666259,0.7296,"9","ELMO/CED-12 domain containing 1"
"Gm9776",0.0349284280110129,0.8132,"13","predicted gene 9776"
"Plekhm3",0.0349266813197335,0.6656,"1","pleckstrin homology domain containing, family M, member 3"
"Dusp5",-0.0349222671822531,0.9172,"19","dual specificity phosphatase 5"
"Cdkl4",-0.0349052780904704,0.8476,"17","cyclin-dependent kinase-like 4"
"Pfkfb3",0.0348886758526783,0.856,"2","6-phosphofructo-2-kinase/fructose-2,6-biphosphatase 3"
"Atg3",0.0348881951098559,0.7236,"16","autophagy related 3"
"Camk2a",0.0348851703217097,0.8368,"18","calcium/calmodulin-dependent protein kinase II alpha"
"Ly6e",0.0348610191677547,0.8088,"15","lymphocyte antigen 6 complex, locus E"
"Mtx3",0.0348610171229735,0.7804,"13","metaxin 3"
"Ppm1a",0.0348589599792382,0.4928,"12","protein phosphatase 1A, magnesium dependent, alpha isoform"
"Babam2",-0.0348447704577017,0.8652,"5","BRISC and BRCA1 A complex member 2"
"Zfp35",-0.0348110053432018,0.8048,"18","zinc finger protein 35"
"Mapkapk2",0.0348039059619509,0.7264,"1","MAP kinase-activated protein kinase 2"
"Atr",-0.0347917763892123,0.8236,"9","ataxia telangiectasia and Rad3 related"
"Cops4",0.0347865743115747,0.6712,"5","COP9 signalosome subunit 4"
"Psmd2",0.0347643606660526,0.4732,"16","proteasome (prosome, macropain) 26S subunit, non-ATPase, 2"
"Stx7",0.0347588599701965,0.8088,"10","syntaxin 7"
"Epb41l3",-0.0347405685082878,0.6444,"17","erythrocyte membrane protein band 4.1 like 3"
"Gbp4",0.0347174798321073,0.988,"5","guanylate binding protein 4"
"Rbm10",-0.0347097224229813,0.7388,"X","RNA binding motif protein 10"
"Gsr",0.034697597118468,0.7336,"8","glutathione reductase"
"Ticam1",0.0346762358658257,0.8272,"17","toll-like receptor adaptor molecule 1"
"Gpatch4",-0.0346547810329971,0.8536,"3","G patch domain containing 4"
"Trmt10c",0.0346400017480679,0.804,"16","tRNA methyltransferase 10C, mitochondrial RNase P subunit"
"Rab9",-0.0346126212013811,0.8328,"X","RAB9, member RAS oncogene family"
"Dlgap4",0.0345846885281791,0.7132,"2","DLG associated protein 4"
"Dhx57",-0.0345724508597343,0.8528,"17","DEAH (Asp-Glu-Ala-Asp/His) box polypeptide 57"
"Wdr12",0.0345602658305717,0.738,"1","WD repeat domain 12"
"B230354K17Rik",-0.0345557808852215,0.7388,"17","RIKEN cDNA B230354K17 gene"
"Zfp628",0.034519668374533,0.7136,"7","zinc finger protein 628"
"Wwox",-0.0345028722503775,0.8588,"8","WW domain-containing oxidoreductase"
"Meak7",0.0344766848321707,0.6956,"8","MTOR associated protein, eak-7 homolog"
"Diaph1",-0.034466788235739,0.6804,"18","diaphanous related formin 1"
"Fabp7",-0.0344617360325121,0.8712,"10","fatty acid binding protein 7, brain"
"Angptl2",-0.034450515351317,0.9764,"2","angiopoietin-like 2"
"Gcn1",0.0344189621089628,0.7948,"5","GCN1 activator of EIF2AK4"
"Prpf8",0.0344109770509746,0.5088,"11","pre-mRNA processing factor 8"
"B3galt4",0.0343754459579755,0.8012,"17","UDP-Gal:betaGlcNAc beta 1,3-galactosyltransferase, polypeptide 4"
"Ubtf",0.034366202786563,0.6196,"11","upstream binding transcription factor, RNA polymerase I"
"Ggnbp2",0.0343582151982256,0.7604,"11","gametogenetin binding protein 2"
"Ints3",-0.0343554265855142,0.53,"3","integrator complex subunit 3"
"Sema4b",0.034347265316736,0.8072,"7","sema domain, immunoglobulin domain (Ig), transmembrane domain (TM) and short cytoplasmic domain, (semaphorin) 4B"
"Ndufa9",-0.0343278496458712,0.7696,"6","NADH:ubiquinone oxidoreductase subunit A9"
"Kremen1",0.0343251573932903,0.7776,"11","kringle containing transmembrane protein 1"
"Mcl1",0.0343113948988272,0.6392,"3","myeloid cell leukemia sequence 1"
"Snn",-0.0342699498241092,0.5972,"16","stannin"
"Ccdc137",0.0342373809370553,0.6688,"11","coiled-coil domain containing 137"
"Arxes2",-0.0342297440387522,0.8252,"X","adipocyte-related X-chromosome expressed sequence 2"
"Psmd1",0.0342277986031165,0.6572,"1","proteasome (prosome, macropain) 26S subunit, non-ATPase, 1"
"Heatr5a",-0.0342226332063826,0.8632,"12","HEAT repeat containing 5A"
"Sri",-0.0342144691880666,0.8512,"5","sorcin"
"Aven",0.0342142883594421,0.7464,"2","apoptosis, caspase activation inhibitor"
"Ppt1",0.0342082223284281,0.9356,"4","palmitoyl-protein thioesterase 1"
"Ppp2r2d",0.034203831429517,0.6604,"7","protein phosphatase 2, regulatory subunit B, delta"
"Bmp4",0.0341929475294256,0.906,"14","bone morphogenetic protein 4"
"Hikeshi",-0.0341900136247544,0.7064,"7","heat shock protein nuclear import factor"
"Slc25a45",0.0341806100616648,0.8812,"19","solute carrier family 25, member 45"
"Tmbim6",-0.0341405026789658,0.7412,"15","transmembrane BAX inhibitor motif containing 6"
"Cask",0.0341349569432081,0.7332,"X","calcium/calmodulin-dependent serine protein kinase (MAGUK family)"
"Pbdc1",-0.0341311587279707,0.8492,"X","polysaccharide biosynthesis domain containing 1"
"Gm5148",0.0341136281876033,0.9332,"3","predicted gene 5148"
"Ube2d2a",0.0340938827240649,0.7232,"18","ubiquitin-conjugating enzyme E2D 2A"
"Dync1li1",0.0340918814608404,0.83,"9","dynein cytoplasmic 1 light intermediate chain 1"
"Slc23a2",0.0340854065139933,0.5836,"2","solute carrier family 23 (nucleobase transporters), member 2"
"Sephs2",0.0340843408138944,0.6944,"7","selenophosphate synthetase 2"
"Ift27",0.0340581909385294,0.9448,"15","intraflagellar transport 27"
"Cdh18",-0.0340531097314365,0.9144,"15","cadherin 18"
"Ybx1",0.0340299803028286,0.7948,"4","Y box protein 1"
"Cers4",0.034029406510613,0.8548,"8","ceramide synthase 4"
"Arhgef3",0.0339875206114497,0.4412,"14","Rho guanine nucleotide exchange factor (GEF) 3"
"Aimp1",-0.0339544443323545,0.8392,"3","aminoacyl tRNA synthetase complex-interacting multifunctional protein 1"
"Exosc10",-0.0339457296916699,0.6352,"4","exosome component 10"
"Fdps",-0.0339438267236014,0.8064,"3","farnesyl diphosphate synthetase"
"Them6",0.0339121570586389,0.866,"15","thioesterase superfamily member 6"
"Myorg",0.033868985130189,0.7676,"4","myogenesis regulating glycosidase (putative)"
"Synpo",-0.0338632398041714,0.7052,"18","synaptopodin"
"Ift74",0.0338479703493544,0.718,"4","intraflagellar transport 74"
"Ube2s",-0.0338010266681374,0.8048,"7","ubiquitin-conjugating enzyme E2S"
"Arglu1",0.0337671500790613,0.8064,"8","arginine and glutamate rich 1"
"Tdrd3",0.0337647307266833,0.75,"14","tudor domain containing 3"
"Tmem35a",-0.0337582365111624,0.7436,"X","transmembrane protein 35A"
"Supv3l1",0.0337538872843535,0.6068,"10","suppressor of var1, 3-like 1 (S. cerevisiae)"
"Marchf9",-0.0336697514466282,0.916,"10","membrane associated ring-CH-type finger 9"
"Tbc1d22b",0.0336642864638286,0.704,"17","TBC1 domain family, member 22B"
"Ext1",-0.0336580947187866,0.6328,"15","exostosin glycosyltransferase 1"
"Ablim3",0.0336576668940598,0.7336,"18","actin binding LIM protein family, member 3"
"Gys1",0.0336177207039112,0.8056,"7","glycogen synthase 1, muscle"
"Dhx32",-0.033606823566239,0.8004,"7","DEAH (Asp-Glu-Ala-His) box polypeptide 32"
"Keap1",-0.0335205740640836,0.8316,"9","kelch-like ECH-associated protein 1"
"Snhg14",-0.0335028003565192,0.938,"7","small nucleolar RNA host gene 14"
"Trpm4",-0.0334843989125475,0.8748,"7","transient receptor potential cation channel, subfamily M, member 4"
"S1pr5",-0.0334579139275757,0.9068,"9","sphingosine-1-phosphate receptor 5"
"Rtn3",0.033437370629116,0.5136,"19","reticulon 3"
"Arhgef26",0.0334365943573989,0.5832,"3","Rho guanine nucleotide exchange factor (GEF) 26"
"Sebox",0.0334237350828395,0.8144,"11","SEBOX homeobox"
"Crtc1",-0.033406786679242,0.7856,"8","CREB regulated transcription coactivator 1"
"Npr3",-0.033405079077899,0.8812,"15","natriuretic peptide receptor 3"
"Mrm3",-0.0333837761771933,0.9504,"11","mitochondrial rRNA methyltransferase 3"
"Thrb",-0.0333780397162693,0.816,"14","thyroid hormone receptor beta"
"Ppp2r2c",0.0333725747519544,0.7148,"5","protein phosphatase 2, regulatory subunit B, gamma"
"Zfp740",-0.0333430428992054,0.6992,"15","zinc finger protein 740"
"Rgs2",-0.0333203233727559,0.812,"1","regulator of G-protein signaling 2"
"Irf2bp2",-0.0333195873809515,0.8928,"8","interferon regulatory factor 2 binding protein 2"
"Dis3",0.0333125770532599,0.8936,"14","DIS3 homolog, exosome endoribonuclease and 3'-5' exoribonuclease"
"Snx12",-0.0333049796886442,0.7252,"X","sorting nexin 12"
"Rlim",0.033303472227372,0.6936,"X","ring finger protein, LIM domain interacting"
"Zfp157",-0.0332948397141388,0.6768,"5","zinc finger protein 157"
"Pibf1",0.033293521649103,0.8224,"14","progesterone immunomodulatory binding factor 1"
"Armt1",0.0332850653525236,0.642,"10","acidic residue methyltransferase 1"
"Rcl1",0.0332787131282406,0.8468,"19","RNA terminal phosphate cyclase-like 1"
"Ap1s2",0.0332628817667455,0.8468,"X","adaptor-related protein complex 1, sigma 2 subunit"
"Psmd6",0.0332600167714103,0.6656,"14","proteasome (prosome, macropain) 26S subunit, non-ATPase, 6"
"Mdm2",0.0332575333722538,0.8124,"10","transformed mouse 3T3 cell double minute 2"
"Sft2d3",0.033247416255958,0.738,"18","SFT2 domain containing 3"
"Phf10",0.0332014740588118,0.6072,"17","PHD finger protein 10"
"Rdh10",0.0332013351138212,0.6648,"1","retinol dehydrogenase 10 (all-trans)"
"Snrpd3",-0.033175236992113,0.8396,"10","small nuclear ribonucleoprotein D3"
"Zeb1",-0.0331619400012721,0.7464,"18","zinc finger E-box binding homeobox 1"
"Mturn",0.0331585773212248,0.8692,"6","maturin, neural progenitor differentiation regulator homolog (Xenopus)"
"Ddn",-0.0331465655064331,0.8396,"15","dendrin"
"Hacl1",0.0331325373708355,0.8836,"14","2-hydroxyacyl-CoA lyase 1"
"Stub1",0.0331206107387967,0.7408,"17","STIP1 homology and U-Box containing protein 1"
"Lamc1",0.0331168219790774,0.8956,"1","laminin, gamma 1"
"Akr1b10",-0.0330984357879558,0.866,"6","aldo-keto reductase family 1, member B10 (aldose reductase)"
"Ak6",0.0330936520866429,0.7424,"13","adenylate kinase 6"
"Ak6",0.0330936520866429,0.7424,"13","adenylate kinase 6"
"Pnisr",0.033091265801982,0.9404,"4","PNN interacting serine/arginine-rich"
"Cyp4f14",-0.0330365191886326,0.864,"17","cytochrome P450, family 4, subfamily f, polypeptide 14"
"Fads6",0.0330345228761704,0.9564,"11","fatty acid desaturase domain family, member 6"
"Sycp3",-0.0330111254014283,0.878,"10","synaptonemal complex protein 3"
"Bcl7a",-0.0329959682448226,0.7792,"5","B cell CLL/lymphoma 7A"
"Kctd15",-0.0329771467015449,0.8096,"7","potassium channel tetramerisation domain containing 15"
"Fchsd1",-0.0329713433065986,0.8576,"18","FCH and double SH3 domains 1"
"Casp2",0.0329490526981258,0.7428,"6","caspase 2"
"Mboat7",0.0329406750514076,0.6108,"7","membrane bound O-acyltransferase domain containing 7"
"Sox12",0.0329394628845687,0.7888,"2","SRY (sex determining region Y)-box 12"
"Ap5s1",-0.0329340495139072,0.8512,"2","adaptor-related protein 5 complex, sigma 1 subunit"
"Trmt11",0.0329141739242935,0.7244,"10","tRNA methyltransferase 11"
"Fam20c",0.0328861889408394,0.7964,"5","FAM20C, golgi associated secretory pathway kinase"
"Rnpep",-0.0328615988595082,0.8416,"1","arginyl aminopeptidase (aminopeptidase B)"
"Spin1",0.0328422852109602,0.6412,"13","spindlin 1"
"Tex261",-0.0328351731355965,0.7728,"6","testis expressed gene 261"
"Kcng2",-0.032827186130584,0.8244,"18","potassium voltage-gated channel, subfamily G, member 2"
"Tnip2",0.0328147395217622,0.8816,"5","TNFAIP3 interacting protein 2"
"9430015G10Rik",-0.0327849601866639,0.8496,"4","RIKEN cDNA 9430015G10 gene"
"Rps6ka5",0.0327832557419647,0.8028,"12","ribosomal protein S6 kinase, polypeptide 5"
"Ocln",0.0327684465451332,0.7116,"13","occludin"
"Vps26a",0.0327648649144452,0.792,"10","VPS26 retromer complex component A"
"Tcn2",0.0327632035296381,0.894,"11","transcobalamin 2"
"App",0.0327203960059936,0.622,"16","amyloid beta (A4) precursor protein"
"Xxylt1",0.0327098641212062,0.6756,"16","xyloside xylosyltransferase 1"
"Vmac",-0.0326934448848331,0.7056,"17","vimentin-type intermediate filament associated coiled-coil protein"
"Taf6",-0.032692046417691,0.6416,"5","TATA-box binding protein associated factor 6"
"Slf2",-0.0326712751516727,0.9,"19","SMC5-SMC6 complex localization factor 2"
"Plekhj1",-0.0326644205742355,0.8888,"10","pleckstrin homology domain containing, family J member 1"
"Bud13",-0.0326609955158648,0.8656,"9","BUD13 homolog"
"Ppp1ca",-0.0326445061720211,0.8332,"19","protein phosphatase 1 catalytic subunit alpha"
"Mrpl35",-0.0326256168336334,0.5244,"6","mitochondrial ribosomal protein L35"
"Rgs7",0.032587591171561,0.7364,"1","regulator of G protein signaling 7"
"Arhgap22",-0.032582143241501,0.8732,"14","Rho GTPase activating protein 22"
"Sh3bp1",0.0325801236836272,0.8612,"15","SH3-domain binding protein 1"
"Jph4",0.0325747440566797,0.8628,"14","junctophilin 4"
"Ing5",0.0325412916733345,0.6488,"1","inhibitor of growth family, member 5"
"R3hcc1l",-0.0325260410471726,0.6308,"19","R3H domain and coiled-coil containing 1 like"
"Mcts2",0.0325189020906227,0.8548,"2","malignant T cell amplified sequence 2"
"Zfp784",-0.0325052443143252,0.8332,"7","zinc finger protein 784"
"Fam118a",-0.0324953702680402,0.7764,"15","family with sequence similarity 118, member A"
"Fam234b",0.0324919965583756,0.7576,"6","family with sequence similarity 234, member B"
"Nr2e1",0.0324742891052878,0.9132,"10","nuclear receptor subfamily 2, group E, member 1"
"Utp4",-0.032472221168601,0.78,"8","UTP4 small subunit processome component"
"Klhl26",-0.0324586167841554,0.6488,"8","kelch-like 26"
"Ier3ip1",-0.0324508580952427,0.8136,"18","immediate early response 3 interacting protein 1"
"Ppl",0.032449218068757,0.9152,"16","periplakin"
"Hpca",-0.0324479530496173,0.8872,"4","hippocalcin"
"Zdhhc16",-0.0324418271499796,0.7024,"19","zinc finger, DHHC domain containing 16"
"Flywch1",-0.0324379041661045,0.6408,"17","FLYWCH-type zinc finger 1"
"Tubb3",0.0324352411235473,0.8028,"8","tubulin, beta 3 class III"
"Ric8b",-0.0324114187975315,0.5432,"10","RIC8 guanine nucleotide exchange factor B"
"Mks1",-0.0323899978428384,0.9008,"11","MKS transition zone complex subunit 1"
"Eif4e3",-0.0323475795314909,0.806,"6","eukaryotic translation initiation factor 4E member 3"
"Wdfy2",-0.0323179538427838,0.926,"14","WD repeat and FYVE domain containing 2"
"Senp3",-0.0323115977261104,0.6368,"11","SUMO/sentrin specific peptidase 3"
"Mapk8ip3",0.032296663869845,0.5968,"17","mitogen-activated protein kinase 8 interacting protein 3"
"Plpp5",0.0322836132614253,0.8256,"8","phospholipid phosphatase 5"
"Zfp282",0.0322555888474421,0.6808,"6","zinc finger protein 282"
"Ikbip",0.0322278931587694,0.856,"10","IKBKB interacting protein"
"Syt16",-0.032218705465362,0.8584,"12","synaptotagmin XVI"
"4930581F22Rik",-0.0322147150972529,0.8632,"9","RIKEN cDNA 4930581F22 gene"
"Dele1",-0.0322118966963982,0.6124,"18","DAP3 binding cell death enhancer 1"
"Rpa1",-0.0321870019375838,0.5744,"11","replication protein A1"
"Sorbs2",0.0321811232166862,0.8744,"8","sorbin and SH3 domain containing 2"
"Trak1",0.0321675990456489,0.618,"9","trafficking protein, kinesin binding 1"
"Srebf2",-0.0321529034273,0.7256,"15","sterol regulatory element binding factor 2"
"Nek9",-0.032152775626221,0.4316,"12","NIMA (never in mitosis gene a)-related expressed kinase 9"
"R3hdm4",-0.0321311429590256,0.8856,"10","R3H domain containing 4"
"Dab2ip",-0.0321286597052275,0.7572,"2","disabled 2 interacting protein"
"Hira",-0.0321221297425058,0.7168,"16","histone cell cycle regulator"
"Fam122b",-0.0321157480279064,0.838,"X","family with sequence similarity 122, member B"
"Lysmd2",-0.0320960655946303,0.856,"9","LysM, putative peptidoglycan-binding, domain containing 2"
"Isca1",-0.0320955537317404,0.8168,"13","iron-sulfur cluster assembly 1"
"Slc24a5",-0.0320802408463037,0.9312,"2","solute carrier family 24, member 5"
"Cdca4",-0.0320718430959053,0.818,"12","cell division cycle associated 4"
"Mrps17",-0.0320711547055534,0.7612,"5","mitochondrial ribosomal protein S17"
"Zfp422",0.0320564283345446,0.82,"6","zinc finger protein 422"
"Nckap1l",0.0320246151478449,0.9716,"15","NCK associated protein 1 like"
"Txndc5",0.0320136562949065,0.698,"13","thioredoxin domain containing 5"
"Cnih3",-0.0320129255671615,0.8852,"1","cornichon family AMPA receptor auxiliary protein 3"
"AU040320",0.0319971024254997,0.7372,"4","expressed sequence AU040320"
"Islr",0.0319917755783274,0.9144,"9","immunoglobulin superfamily containing leucine-rich repeat"
"Tjp2",-0.031947044299609,0.834,"19","tight junction protein 2"
"Ston2",0.0319434873043676,0.8152,"12","stonin 2"
"Tmem19",-0.0319381009959425,0.738,"10","transmembrane protein 19"
"Nudt13",0.0319308085739953,0.7476,"14","nudix (nucleoside diphosphate linked moiety X)-type motif 13"
"Timp4",0.0319228200911477,0.8092,"6","tissue inhibitor of metalloproteinase 4"
"Ntrk3",0.0319023541563057,0.9036,"7","neurotrophic tyrosine kinase, receptor, type 3"
"Ntrk3",0.0319023541563057,0.9036,"7","neurotrophic tyrosine kinase, receptor, type 3"
"Snrk",0.0318571321578105,0.8048,"9","SNF related kinase"
"Plekho2",-0.0318446536911825,0.8608,"9","pleckstrin homology domain containing, family O member 2"
"Dnmt1",-0.0318437229642088,0.6964,"9","DNA methyltransferase (cytosine-5) 1"
"Ppp6r3",0.0318215882435435,0.338,"19","protein phosphatase 6, regulatory subunit 3"
"Zfp64",0.0318210674034134,0.9476,"2","zinc finger protein 64"
"Etv4",0.0317924697129977,0.8652,"11","ets variant 4"
"Ncapg2",-0.0317801265347355,0.9384,"12","non-SMC condensin II complex, subunit G2"
"Rnf112",-0.031741778921889,0.8736,"11","ring finger protein 112"
"Frs3",-0.031711685373903,0.8676,"17","fibroblast growth factor receptor substrate 3"
"Grk5",0.0317073777661032,0.8268,"19","G protein-coupled receptor kinase 5"
"Bcl6",0.0316582077909349,0.8008,"16","B cell leukemia/lymphoma 6"
"Sap30l",0.0316438638017651,0.8384,"11","SAP30-like"
"Psmd7",0.0316298069490415,0.868,"8","proteasome (prosome, macropain) 26S subunit, non-ATPase, 7"
"Nphp1",-0.0316251607463549,0.7772,"2","nephronophthisis 1 (juvenile) homolog (human)"
"Srgn",-0.0316233954728329,0.9348,"10","serglycin"
"Calm3",-0.0315488585711581,0.8484,"7","calmodulin 3"
"Trim26",0.0315486839761423,0.5808,"17","tripartite motif-containing 26"
"Zfp651",-0.0315336307293821,0.826,"9","zinc finger protein 651"
"Nabp2",-0.0315077061504088,0.8688,"10","nucleic acid binding protein 2"
"Usp10",-0.0314950899475113,0.356,"8","ubiquitin specific peptidase 10"
"Klhdc10",0.0314639191400419,0.4344,"6","kelch domain containing 10"
"Gpn3",-0.0314494798899254,0.7928,"5","GPN-loop GTPase 3"
"Lratd1",0.0314332755206168,0.668,"12","LRAT domain containing 1"
"Snrpf",0.0314289170825579,0.8788,"10","small nuclear ribonucleoprotein polypeptide F"
"Abcd3",0.031428812072968,0.5284,"3","ATP-binding cassette, sub-family D (ALD), member 3"
"Cdc14b",0.031423777150553,0.7632,"13","CDC14 cell division cycle 14B"
"Tmem151a",0.0314181511634271,0.8688,"19","transmembrane protein 151A"
"Snx21",-0.0314145248095468,0.8532,"2","sorting nexin family member 21"
"Usp36",0.0313981325105219,0.886,"11","ubiquitin specific peptidase 36"
"Ccndbp1",-0.0313895777489117,0.7576,"2","cyclin D-type binding-protein 1"
"L1cam",0.0313759420433115,0.7884,"X","L1 cell adhesion molecule"
"Pi4k2a",-0.031338274572823,0.6712,"19","phosphatidylinositol 4-kinase type 2 alpha"
"Naa16",0.0313300410417838,0.8212,"14","N(alpha)-acetyltransferase 16, NatA auxiliary subunit"
"Rilpl2",-0.0312578680436402,0.8556,"5","Rab interacting lysosomal protein-like 2"
"Scrt1",0.0312445106756387,0.8136,"15","scratch family zinc finger 1"
"Akap13",0.0312398547213171,0.9432,"7","A kinase (PRKA) anchor protein 13"
"Cdo1",-0.0312374149912387,0.7412,"18","cysteine dioxygenase 1, cytosolic"
"St3gal5",-0.031225141441614,0.6052,"6","ST3 beta-galactoside alpha-2,3-sialyltransferase 5"
"Sdf4",0.0312245407997906,0.57,"4","stromal cell derived factor 4"
"Mlycd",-0.0312124377362979,0.7424,"8","malonyl-CoA decarboxylase"
"Bahd1",0.0311988379595753,0.7504,"2","bromo adjacent homology domain containing 1"
"Mal2",-0.0311866707647583,0.9076,"15","mal, T cell differentiation protein 2"
"Cdc42ep2",0.031157502203258,0.8816,"19","CDC42 effector protein (Rho GTPase binding) 2"
"Ago4",0.0311532758586943,0.8696,"4","argonaute RISC catalytic subunit 4"
"Tti2",0.0311530616860911,0.726,"8","TELO2 interacting protein 2"
"Rnf215",-0.0311397393453285,0.762,"11","ring finger protein 215"
"Sowahc",-0.0311032088926724,0.914,"10","sosondowah ankyrin repeat domain family member C"
"Hspa14",0.0310879859150726,0.616,"2","heat shock protein 14"
"Inpp4a",0.0310773278818681,0.5108,"1","inositol polyphosphate-4-phosphatase, type I"
"Dctn1",-0.0310686799334992,0.9112,"6","dynactin 1"
"Actr2",0.0310419520960838,0.6744,"11","ARP2 actin-related protein 2"
"Ostm1",0.0310249226337707,0.8308,"10","osteopetrosis associated transmembrane protein 1"
"Mtss1",0.0310188790951109,0.8464,"15","MTSS I-BAR domain containing 1"
"Nsmce1",-0.0310165630878592,0.8376,"7","NSE1 homolog, SMC5-SMC6 complex component"
"Letm1",-0.0310065131489266,0.8072,"5","leucine zipper-EF-hand containing transmembrane protein 1"
"Psma1",-0.031002813202301,0.8168,"7","proteasome subunit alpha 1"
"Ccar2",0.0309960126831683,0.6884,"14","cell cycle activator and apoptosis regulator 2"
"Cog7",-0.030992661463519,0.4288,"7","component of oligomeric golgi complex 7"
"Lrpprc",0.0309764420636975,0.792,"17","leucine-rich PPR-motif containing"
"Pitpnb",-0.030968346766814,0.8864,"5","phosphatidylinositol transfer protein, beta"
"Nrd1",-0.0309602060022289,0.5972,"4","nardilysin, N-arginine dibasic convertase, NRD convertase 1"
"Zfp362",-0.0309455790490754,0.8544,"4","zinc finger protein 362"
"Pcbp2",-0.0309155972588622,0.4448,"15","poly(rC) binding protein 2"
"Cnn2",-0.0308933296205343,0.8468,"10","calponin 2"
"Sema7a",0.0308779626297326,0.8648,"9","sema domain, immunoglobulin domain (Ig), and GPI membrane anchor, (semaphorin) 7A"
"Galnt18",-0.0308394413341393,0.6808,"7","polypeptide N-acetylgalactosaminyltransferase 18"
"Gna12",0.0308349027177677,0.8464,"5","guanine nucleotide binding protein, alpha 12"
"Zfp329",0.0308241682349619,0.8468,"7","zinc finger protein 329"
"Cebpg",0.0308043026428386,0.6292,"7","CCAAT/enhancer binding protein (C/EBP), gamma"
"Lap3",-0.0307984679847042,0.8808,"5","leucine aminopeptidase 3"
"Cnpy4",0.0307890438419429,0.6408,"5","canopy FGF signaling regulator 4"
"Gba2",0.0307551464978788,0.7396,"4","glucosidase beta 2"
"Brwd1",0.0307498310166867,0.7412,"16","bromodomain and WD repeat domain containing 1"
"Cdc16",-0.0307472373246194,0.6732,"8","CDC16 cell division cycle 16"
"Hs3st1",0.0307352371003207,0.8684,"5","heparan sulfate (glucosamine) 3-O-sulfotransferase 1"
"Kank2",-0.0306728664994678,0.8728,"9","KN motif and ankyrin repeat domains 2"
"Gdpd2",0.0306650048568189,0.8276,"X","glycerophosphodiester phosphodiesterase domain containing 2"
"Bmp2k",0.0306443024695233,0.8656,"5","BMP2 inducible kinase"
"Elp1",-0.0306323589752395,0.7488,"4","elongator complex protein 1"
"Tom1l2",0.0306040877809153,0.6652,"11","target of myb1-like 2 (chicken)"
"Eif4a3",-0.0306015388425163,0.8412,"11","eukaryotic translation initiation factor 4A3"
"Pcdhga1",-0.0305851662176257,0.9384,"18","protocadherin gamma subfamily A, 1"
"Klhl22",-0.0305694202705364,0.6392,"16","kelch-like 22"
"Cd53",-0.0305316126320646,0.9824,"3","CD53 antigen"
"Becn1",0.0305021414664299,0.5924,"11","beclin 1, autophagy related"
"Cerk",0.030498531292376,0.6764,"15","ceramide kinase"
"Pgm5",-0.0304976666402106,0.8552,"19","phosphoglucomutase 5"
"Prcc",-0.0304930400362258,0.7564,"3","papillary renal cell carcinoma (translocation-associated)"
"Nck2",0.0304829387320833,0.7572,"1","non-catalytic region of tyrosine kinase adaptor protein 2"
"Stk11ip",-0.0304677453177664,0.7628,"1","serine/threonine kinase 11 interacting protein"
"Hp1bp3",0.0304528691711639,0.4888,"4","heterochromatin protein 1, binding protein 3"
"Nynrin",-0.0304516950170819,0.896,"14","NYN domain and retroviral integrase containing"
"Macf1",0.0304002495524411,0.9048,"4","microtubule-actin crosslinking factor 1"
"Sec61g",0.0303524635027519,0.8836,"11","SEC61, gamma subunit"
"Ppp1r21",-0.030321215205432,0.7232,"17","protein phosphatase 1, regulatory subunit 21"
"Arhgdib",0.0302898591297169,0.8812,"6","Rho, GDP dissociation inhibitor (GDI) beta"
"Safb",-0.0302804154398713,0.7224,"17","scaffold attachment factor B"
"Rpp30",-0.030269506416694,0.814,"19","ribonuclease P/MRP 30 subunit"
"Repin1",-0.0302556394598001,0.6068,"6","replication initiator 1"
"Hnrnpm",0.0302552586516969,0.8272,"17","heterogeneous nuclear ribonucleoprotein M"
"Usp2",0.0302507601799675,0.7564,"9","ubiquitin specific peptidase 2"
"R74862",0.0302290364415994,0.8516,"7","expressed sequence R74862"
"Tmem185a",0.030223836608676,0.8712,"X","transmembrane protein 185A"
"Unc45a",-0.0302182054732523,0.75,"7","unc-45 myosin chaperone A"
"Snapc1",-0.0301955877054869,0.6848,"12","small nuclear RNA activating complex, polypeptide 1"
"Cetn3",0.0301885383843903,0.7392,"13","centrin 3"
"Larp6",0.0301808432768365,0.7872,"9","La ribonucleoprotein 6, translational regulator"
"Uchl3",0.0301571122229678,0.7792,"14","ubiquitin carboxyl-terminal esterase L3 (ubiquitin thiolesterase)"
"Slc8b1",0.0301568927791878,0.8248,"5","solute carrier family 8 (sodium/lithium/calcium exchanger), member B1"
"Ddx24",-0.0301449061731232,0.7328,"12","DEAD box helicase 24"
"Ptbp1",0.0300798047554824,0.8376,"10","polypyrimidine tract binding protein 1"
"Cr1l",-0.0300743474444674,0.8884,"1","complement component (3b/4b) receptor 1-like"
"Ppp3r1",0.0300465425059624,0.656,"11","protein phosphatase 3, regulatory subunit B, alpha isoform (calcineurin B, type I)"
"Kansl2",-0.0300346568816332,0.766,"15","KAT8 regulatory NSL complex subunit 2"
"Rpe",0.030022869824327,0.7356,"1","ribulose-5-phosphate-3-epimerase"
"Frmd6",-0.0300167322374882,0.8348,"12","FERM domain containing 6"
"Smim15",0.0300136205590604,0.856,"13","small integral membrane protein 15"
"Sh3bp5l",-0.0300121721028317,0.5064,"11","SH3 binding domain protein 5 like"
"Rap1a",-0.0299864314863267,0.7344,"3","RAS-related protein 1a"
"Zc3h18",0.0299741758629981,0.6868,"8","zinc finger CCCH-type containing 18"
"Nefh",-0.0299553067139264,0.7352,"11","neurofilament, heavy polypeptide"
"Scp2",0.0299537707394331,0.8904,"4","sterol carrier protein 2, liver"
"Gusb",0.0299511962996957,0.7996,"5","glucuronidase, beta"
"Clcn6",0.0299363394203285,0.734,"4","chloride channel, voltage-sensitive 6"
"Fam120b",0.029915650313554,0.7684,"17","family with sequence similarity 120, member B"
"Ufm1",0.0298787902687723,0.7252,"3","ubiquitin-fold modifier 1"
"Trub2",-0.0298695596685548,0.6412,"2","TruB pseudouridine (psi) synthase family member 2"
"Tmem67",-0.0298606958994134,0.83,"4","transmembrane protein 67"
"Usp5",-0.0298572296790622,0.7092,"6","ubiquitin specific peptidase 5 (isopeptidase T)"
"Cntn2",0.0298424227135579,0.8684,"1","contactin 2"
"Lmbrd1",-0.029841462395324,0.65,"1","LMBR1 domain containing 1"
"Lingo1",-0.0298310571373772,0.774,"9","leucine rich repeat and Ig domain containing 1"
"Hgs",0.0298231911832394,0.654,"11","HGF-regulated tyrosine kinase substrate"
"Nae1",-0.0297951586604306,0.752,"8","NEDD8 activating enzyme E1 subunit 1"
"Anxa11",0.029794022265901,0.898,"14","annexin A11"
"Megf11",-0.0297830230546205,0.91,"9","multiple EGF-like-domains 11"
"Wwtr1",-0.0297671435474518,0.9004,"3","WW domain containing transcription regulator 1"
"Chpf2",-0.0297326509327185,0.8792,"5","chondroitin polymerizing factor 2"
"Ovca2",-0.029728587676332,0.8016,"11","candidate tumor suppressor in ovarian cancer 2"
"Igdcc3",-0.0297192000854878,0.8848,"9","immunoglobulin superfamily, DCC subclass, member 3"
"Axin2",0.0297068560629343,0.856,"11","axin 2"
"Cct4",-0.0296643374578291,0.654,"11","chaperonin containing Tcp1, subunit 4 (delta)"
"Psmb7",-0.0296506363997135,0.8116,"2","proteasome (prosome, macropain) subunit, beta type 7"
"Klhl5",0.0296439913190305,0.7228,"5","kelch-like 5"
"Ripk1",-0.0296120895618781,0.8448,"13","receptor (TNFRSF)-interacting serine-threonine kinase 1"
"Rsrc1",0.0295905207373819,0.6636,"3","arginine/serine-rich coiled-coil 1"
"Plk3",-0.0295832359349548,0.8572,"4","polo like kinase 3"
"Zfp560",-0.0295703020673939,0.8324,"9","zinc finger protein 560"
"Fam136a",-0.0295699553996895,0.7608,"6","family with sequence similarity 136, member A"
"Fam136a",-0.0295699553996895,0.7608,"6","family with sequence similarity 136, member A"
"Mrps25",-0.0295579009140434,0.8076,"6","mitochondrial ribosomal protein S25"
"Angpt1",-0.0295559639804575,0.8956,"15","angiopoietin 1"
"Myo6",-0.029548776314182,0.9048,"9","myosin VI"
"Arfgap3",-0.0295385894940239,0.6784,"15","ADP-ribosylation factor GTPase activating protein 3"
"Prkag2",0.0295000850676415,0.732,"5","protein kinase, AMP-activated, gamma 2 non-catalytic subunit"
"Gabpb2",0.029499912445627,0.9332,"3","GA repeat binding protein, beta 2"
"Gpr27",-0.0294930520142778,0.8984,"6","G protein-coupled receptor 27"
"Zfp458",-0.0294833466236746,0.8688,"13","zinc finger protein 458"
"Tsga10",-0.0294832291164888,0.898,"1","testis specific 10"
"Mdm1",-0.0294702011186252,0.8504,"10","transformed mouse 3T3 cell double minute 1"
"Btg2",-0.0294582500351277,0.8804,"1","BTG anti-proliferation factor 2"
"Tiparp",-0.0294550471283417,0.8348,"3","TCDD-inducible poly(ADP-ribose) polymerase"
"2810004N23Rik",-0.0293989356892368,0.8284,"8","RIKEN cDNA 2810004N23 gene"
"Plekho1",-0.02938733708001,0.9084,"3","pleckstrin homology domain containing, family O member 1"
"Tsc22d3",-0.0293825581094502,0.9412,"X","TSC22 domain family, member 3"
"Gtpbp10",0.0293777784626421,0.82,"5","GTP-binding protein 10 (putative)"
"Trappc13",0.0293756591015839,0.8148,"13","trafficking protein particle complex 13"
"Klf11",0.0293754177917096,0.8424,"12","Kruppel-like factor 11"
"Lingo3",-0.029370108395006,0.9084,"10","leucine rich repeat and Ig domain containing 3"
"Adck2",0.0293610254170371,0.8684,"6","aarF domain containing kinase 2"
"Med31",-0.0293427611310699,0.9204,"11","mediator complex subunit 31"
"Fgd5",0.0293377195472782,0.9284,"6","FYVE, RhoGEF and PH domain containing 5"
"Terf2",-0.0293222846251258,0.88,"8","telomeric repeat binding factor 2"
"Pak6",0.0292928663683982,0.7812,"2","p21 (RAC1) activated kinase 6"
"F3",-0.0292720320634965,0.8204,"3","coagulation factor III"
"Zfp235",-0.0292512308799591,0.6916,"7","zinc finger protein 235"
"Ryr3",-0.0292404862849915,0.9348,"2","ryanodine receptor 3"
"Naa35",0.0292219382207435,0.7656,"13","N(alpha)-acetyltransferase 35, NatC auxiliary subunit"
"Zfp46",0.0291546223990249,0.744,"4","zinc finger protein 46"
"Mtmr3",0.0291398314817171,0.8336,"11","myotubularin related protein 3"
"Dnm2",0.0291345447997227,0.7908,"9","dynamin 2"
"Pik3r2",-0.029081427327676,0.8268,"8","phosphoinositide-3-kinase regulatory subunit 2"
"Syf2",0.0290171572314168,0.876,"4","SYF2 homolog, RNA splicing factor (S. cerevisiae)"
"Jph3",-0.0290089243992355,0.8032,"8","junctophilin 3"
"Cspg4",-0.0289889325718482,0.9128,"9","chondroitin sulfate proteoglycan 4"
"Uggt2",-0.0289766342870621,0.956,"14","UDP-glucose glycoprotein glucosyltransferase 2"
"Mxra7",0.0289426475884067,0.8116,"11","matrix-remodelling associated 7"
"Pkm",-0.0289407027858886,0.7872,"9","pyruvate kinase, muscle"
"Atoh8",-0.0289365325348425,0.906,"6","atonal bHLH transcription factor 8"
"Tufm",0.0289357362660914,0.7096,"7","Tu translation elongation factor, mitochondrial"
"Samd1",-0.0289017248059862,0.896,"8","sterile alpha motif domain containing 1"
"Impdh2",-0.0288911999953063,0.7632,"9","inosine monophosphate dehydrogenase 2"
"Mark2",0.0288898151708921,0.7744,"19","MAP/microtubule affinity regulating kinase 2"
"Irf7",0.028877452728552,0.8924,"7","interferon regulatory factor 7"
"Eogt",0.0288442554494965,0.922,"6","EGF domain-specific O-linked N-acetylglucosamine (GlcNAc) transferase"
"Ina",-0.0288236741018721,0.8772,"19","internexin neuronal intermediate filament protein, alpha"
"Dnajb12",0.0287602753025267,0.7252,"10","DnaJ heat shock protein family (Hsp40) member B12"
"Hpf1",0.0287366934880238,0.862,"8","histone PARylation factor 1"
"Ripk2",0.0287097415780431,0.8196,"4","receptor (TNFRSF)-interacting serine-threonine kinase 2"
"Lrfn4",-0.028709319416178,0.6972,"19","leucine rich repeat and fibronectin type III domain containing 4"
"Nubp1",-0.0286769671994969,0.7012,"16","nucleotide binding protein 1"
"Atxn1",0.0286697258516933,0.7664,"13","ataxin 1"
"Carmil2",-0.0286637418468256,0.9004,"8","capping protein regulator and myosin 1 linker 2"
"Efhd2",0.0286474526583032,0.8496,"4","EF hand domain containing 2"
"Phf23",-0.0286066901946835,0.8548,"11","PHD finger protein 23"
"Manf",-0.0285763933377803,0.9108,"9","mesencephalic astrocyte-derived neurotrophic factor"
"Lifr",-0.0285757188834728,0.8296,"15","LIF receptor alpha"
"Arnt2",-0.0285704807791634,0.7736,"7","aryl hydrocarbon receptor nuclear translocator 2"
"Eif2ak1",0.0285684744097292,0.8768,"5","eukaryotic translation initiation factor 2 alpha kinase 1"
"Dbn1",0.0285342245586886,0.8248,"13","drebrin 1"
"Cables2",0.0285224088936182,0.8704,"2","CDK5 and Abl enzyme substrate 2"
"Sdad1",-0.028519411202276,0.856,"5","SDA1 domain containing 1"
"Knop1",0.0285165786103247,0.5736,"7","lysine rich nucleolar protein 1"
"Dip2a",0.0285099838544607,0.8896,"10","disco interacting protein 2 homolog A"
"Mapre3",0.0284879317477174,0.8876,"5","microtubule-associated protein, RP/EB family, member 3"
"Khdrbs1",0.0284871066253878,0.7204,"4","KH domain containing, RNA binding, signal transduction associated 1"
"Cwc15",-0.0284421175697371,0.8556,"9","CWC15 spliceosome-associated protein"
"Tfcp2",-0.0284400560244862,0.7248,"15","transcription factor CP2"
"Pgd",0.0284193685452427,0.652,"4","phosphogluconate dehydrogenase"
"Me3",-0.0284072712992156,0.5948,"7","malic enzyme 3, NADP(+)-dependent, mitochondrial"
"Kit",-0.0283997560132807,0.8564,"5","KIT proto-oncogene receptor tyrosine kinase"
"Polr3k",-0.0283421236560075,0.6932,"2","polymerase (RNA) III (DNA directed) polypeptide K"
"Mtf2",0.0283316287946604,0.876,"5","metal response element binding transcription factor 2"
"Hars2",0.0283120852487793,0.8844,"18","histidyl-tRNA synthetase 2"
"Cul1",-0.0282862299508242,0.0336,"6","cullin 1"
"Zfp146",0.0282844181949979,0.8948,"7","zinc finger protein 146"
"Disp2",0.0282669228227288,0.8192,"2","dispatched RND tramsporter family member 2"
"Nptn",0.0282656491733295,0.76,"9","neuroplastin"
"Acsf2",-0.028254257882919,0.8892,"11","acyl-CoA synthetase family member 2"
"Dcun1d1",0.0282500733258155,0.6808,"3","DCN1, defective in cullin neddylation 1, domain containing 1 (S. cerevisiae)"
"Eef1aknmt",-0.0282272185815495,0.8476,"1","EEF1A lysine and N-terminal methyltransferase"
"Osmr",-0.0282152762736516,0.892,"15","oncostatin M receptor"
"Mad1l1",-0.0282120922882516,0.8168,"5","MAD1 mitotic arrest deficient 1-like 1"
"Mterf4",0.0282109018364256,0.882,"1","mitochondrial transcription termination factor 4"
"Lrrtm1",-0.0282064830779865,0.848,"6","leucine rich repeat transmembrane neuronal 1"
"Bnip2",0.0281989241324103,0.7492,"9","BCL2/adenovirus E1B interacting protein 2"
"Socs2",0.028190238405208,0.8992,"10","suppressor of cytokine signaling 2"
"Clic4",-0.0281618035144175,0.8716,"4","chloride intracellular channel 4 (mitochondrial)"
"Kcna6",-0.0281528166622502,0.7988,"6","potassium voltage-gated channel, shaker-related, subfamily, member 6"
"Rfxap",0.0281416891733874,0.83,"3","regulatory factor X-associated protein"
"Mul1",-0.0281271000122736,0.7448,"4","mitochondrial ubiquitin ligase activator of NFKB 1"
"Lypd6b",0.0281249912971231,0.912,"2","LY6/PLAUR domain containing 6B"
"Phospho2",0.0281166009259621,0.7292,"2","phosphatase, orphan 2"
"G3bp1",-0.028096863088245,0.7212,"11","GTPase activating protein (SH3 domain) binding protein 1"
"Capn2",-0.0280957552798053,0.7592,"1","calpain 2"
"Cacna1b",0.0280813913045215,0.8964,"2","calcium channel, voltage-dependent, N type, alpha 1B subunit"
"Fa2h",-0.0280812673738069,0.898,"8","fatty acid 2-hydroxylase"
"Tmem260",0.028074530408464,0.7848,"14","transmembrane protein 260"
"Slx4",0.0280736251561171,0.7952,"16","SLX4 structure-specific endonuclease subunit homolog (S. cerevisiae)"
"A930004D18Rik",-0.0280619892036995,0.8852,"2","RIKEN cDNA A930004D18 gene"
"Faap24",-0.0280551370888147,0.816,"7","Fanconi anemia core complex associated protein 24"
"Prr5",0.0280528627667911,0.9028,"15","proline rich 5 (renal)"
"Cep76",0.0280514481140899,0.9084,"18","centrosomal protein 76"
"Fn3krp",0.0280304607310189,0.6228,"11","fructosamine 3 kinase related protein"
"Ubfd1",0.028020934553691,0.6648,"7","ubiquitin family domain containing 1"
"Snrpa",-0.0280081972542581,0.8924,"7","small nuclear ribonucleoprotein polypeptide A"
"Hdac6",-0.0279582295250353,0.8604,"X","histone deacetylase 6"
"Prkcg",-0.0279557774500798,0.868,"7","protein kinase C, gamma"
"4933404O12Rik",0.0279126422762568,0.8272,"5","RIKEN cDNA 4933404O12 gene"
"Ahcyl1",0.0279069434427477,0.77,"3","S-adenosylhomocysteine hydrolase-like 1"
"Pold3",-0.0279049652918051,0.7068,"7","polymerase (DNA-directed), delta 3, accessory subunit"
"Optn",0.0279041601083554,0.7552,"2","optineurin"
"Ppp4r3a",0.0279021616190551,0.62,"12","protein phosphatase 4 regulatory subunit 3A"
"Rtkn",-0.0278939058128458,0.8444,"6","rhotekin"
"Rhou",0.0278762209065864,0.8964,"8","ras homolog family member U"
"Adpgk",-0.0278518441522193,0.6804,"9","ADP-dependent glucokinase"
"Sh2d5",-0.0278127998439137,0.7016,"4","SH2 domain containing 5"
"Mat2a",0.0277815176980836,0.8396,"6","methionine adenosyltransferase II, alpha"
"Dcaf12l1",0.0277764020209093,0.7796,"X","DDB1 and CUL4 associated factor 12-like 1"
"Nme7",-0.0277756274674341,0.8116,"1","NME/NM23 family member 7"
"Ints11",-0.0277726874932993,0.6184,"4","integrator complex subunit 11"
"Ing1",0.0277686551940954,0.8292,"8","inhibitor of growth family, member 1"
"Eif2b3",0.0277624522683144,0.8348,"4","eukaryotic translation initiation factor 2B, subunit 3"
"Riok2",-0.0277584404729891,0.828,"17","RIO kinase 2"
"Tmem216",0.027749682646329,0.9176,"19","transmembrane protein 216"
"Acadsb",0.0277353435782004,0.7572,"7","acyl-Coenzyme A dehydrogenase, short/branched chain"
"Usp3",-0.0276836291630236,0.7932,"9","ubiquitin specific peptidase 3"
"Pgam1",-0.0276717174668519,0.768,"19","phosphoglycerate mutase 1"
"M5C1000I18Rik",0.0276378525141787,0.9024,"9","RIKEN cDNA M5C1000I18 gene"
"Sostdc1",0.0276358814127389,0.9612,"12","sclerostin domain containing 1"
"Irak1bp1",-0.0276048570769882,0.8696,"9","interleukin-1 receptor-associated kinase 1 binding protein 1"
"Glud1",-0.0275742765616087,0.8636,"14","glutamate dehydrogenase 1"
"Vdac3",-0.0275719627400681,0.826,"8","voltage-dependent anion channel 3"
"Nacad",-0.0275474156624202,0.8188,"11","NAC alpha domain containing"
"Zcwpw1",-0.0275370842265268,0.8944,"5","zinc finger, CW type with PWWP domain 1"
"Zfp932",-0.0275172501287271,0.922,"5","zinc finger protein 932"
"Syt11",0.0275102652498695,0.7176,"3","synaptotagmin XI"
"Mrpl1",0.0274944415179443,0.7616,"5","mitochondrial ribosomal protein L1"
"Chdh",0.0274617876269487,0.9428,"14","choline dehydrogenase"
"Cyp2j12",-0.0274002749319266,0.9,"4","cytochrome P450, family 2, subfamily j, polypeptide 12"
"Rasl11a",0.0273897922789192,0.9444,"5","RAS-like, family 11, member A"
"Xpo6",-0.0273633723110756,0.6812,"7","exportin 6"
"Grk2",-0.027344449056212,0.888,"19","G protein-coupled receptor kinase 2"
"Tada2a",-0.0273342836783312,0.74,"11","transcriptional adaptor 2A"
"Zfand6",-0.0273058675530589,0.8932,"7","zinc finger, AN1-type domain 6"
"Cdyl2",-0.0273025695539921,0.8152,"8","chromodomain protein, Y chromosome-like 2"
"Cdk18",0.0272871249514122,0.894,"1","cyclin-dependent kinase 18"
"Ptges2",0.0272712265329744,0.8796,"2","prostaglandin E synthase 2"
"Nkain2",0.0272683798510718,0.7736,"10","Na+/K+ transporting ATPase interacting 2"
"Neurl1b",-0.0272588533706113,0.8796,"17","neuralized E3 ubiquitin protein ligase 1B"
"Prelid3b",-0.0272532439973281,0.8516,"2","PRELI domain containing 3B"
"Stk40",-0.0272168550492786,0.7912,"4","serine/threonine kinase 40"
"Atg9a",0.027216587906306,0.4944,"1","autophagy related 9A"
"Trmt112",-0.0272087124455807,0.9424,"19","tRNA methyltransferase 11-2"
"Pcca",-0.0272042535469064,0.7568,"14","propionyl-Coenzyme A carboxylase, alpha polypeptide"
"Zfp938",-0.0272036256105741,0.7776,"10","zinc finger protein 938"
"Lonp1",-0.0271921131106758,0.6712,"17","lon peptidase 1, mitochondrial"
"Fbrsl1",0.0271863929744818,0.7668,"5","fibrosin-like 1"
"Dusp14",-0.0271829339727123,0.7972,"11","dual specificity phosphatase 14"
"Brat1",-0.0271568107130702,0.8032,"5","BRCA1-associated ATM activator 1"
"Gmcl1",0.0271332834928302,0.722,"6","germ cell-less, spermatogenesis associated 1"
"Dym",-0.0270976224028256,0.8592,"18","dymeclin"
"Camk2g",-0.0270862631031461,0.7044,"14","calcium/calmodulin-dependent protein kinase II gamma"
"Flvcr1",0.0270143179299072,0.9052,"1","feline leukemia virus subgroup C cellular receptor 1"
"Enpp1",0.026971196252465,0.8944,"10","ectonucleotide pyrophosphatase/phosphodiesterase 1"
"Cpsf7",0.0269708754931459,0.8212,"19","cleavage and polyadenylation specific factor 7"
"Prpf3",-0.0269493422059446,0.7936,"3","pre-mRNA processing factor 3"
"Galm",0.0269475466436733,0.8972,"17","galactose mutarotase"
"Zdhhc3",-0.0269471610142276,0.7924,"9","zinc finger, DHHC domain containing 3"
"Fra10ac1",-0.0269361718566032,0.7568,"19","FRA10AC1 homolog (human)"
"Cul7",0.0269309744428048,0.7544,"17","cullin 7"
"Pyroxd1",0.0269061466039253,0.8344,"6","pyridine nucleotide-disulphide oxidoreductase domain 1"
"Ccdc74a",-0.0269057377086162,0.8604,"16","coiled-coil domain containing 74A"
"Edc4",-0.0268724790515904,0.8312,"8","enhancer of mRNA decapping 4"
"Rad23a",-0.0268484878813036,0.606,"8","RAD23 homolog A, nucleotide excision repair protein"
"Zfp846",-0.0268422290086776,0.8968,"9","zinc finger protein 846"
"Katnb1",-0.0268415061071909,0.7124,"8","katanin p80 (WD40-containing) subunit B 1"
"Nfs1",-0.0268279188921765,0.6028,"2","nitrogen fixation gene 1 (S. cerevisiae)"
"Def8",0.0268077264142788,0.7864,"8","differentially expressed in FDCP 8"
"Ift81",-0.0267970719790176,0.7924,"5","intraflagellar transport 81"
"Zhx2",-0.0267799326532012,0.8184,"15","zinc fingers and homeoboxes 2"
"Ccnd1",-0.0267505384761453,0.938,"7","cyclin D1"
"Gripap1",-0.0267386081141394,0.7364,"X","GRIP1 associated protein 1"
"Rpusd3",-0.0267258251658267,0.8852,"6","RNA pseudouridylate synthase domain containing 3"
"Brox",-0.026696211194003,0.5604,"1","BRO1 domain and CAAX motif containing"
"Gtf2i",-0.0266958316625399,0.402,"5","general transcription factor II I"
"Zfp949",0.0266909535526469,0.8096,"9","zinc finger protein 949"
"Kif5b",-0.0266817647573614,0.8636,"18","kinesin family member 5B"
"Zbtb21",-0.0266659451047158,0.836,"16","zinc finger and BTB domain containing 21"
"Cops7a",-0.0266616395525316,0.6488,"6","COP9 signalosome subunit 7A"
"Pcdhb9",0.0266454637721547,0.9008,"18","protocadherin beta 9"
"Thumpd1",0.0266362482054063,0.836,"7","THUMP domain containing 1"
"Vps9d1",-0.0266335311136263,0.7804,"8","VPS9 domain containing 1"
"Ddx50",-0.0266270677780103,0.6892,"10","DExD box helicase 50"
"Lrrk2",0.0266063901278941,0.9504,"15","leucine-rich repeat kinase 2"
"Syngr2",-0.0265840331537901,0.928,"11","synaptogyrin 2"
"Phyhip",-0.0265245601015618,0.7748,"14","phytanoyl-CoA hydroxylase interacting protein"
"Terf1",-0.026523172624171,0.8412,"1","telomeric repeat binding factor 1"
"Cacnb1",-0.0265207502476281,0.8124,"11","calcium channel, voltage-dependent, beta 1 subunit"
"Fos",0.0265047177957731,0.9696,"12","FBJ osteosarcoma oncogene"
"Trmt2b",0.0264940653946466,0.8,"X","TRM2 tRNA methyltransferase 2B"
"Pomk",-0.0264770827086904,0.7036,"8","protein-O-mannose kinase"
"Pdss1",-0.026455395677091,0.8956,"2","prenyl (solanesyl) diphosphate synthase, subunit 1"
"Ptpn12",-0.0264360918345448,0.8156,"5","protein tyrosine phosphatase, non-receptor type 12"
"Bche",0.0264358975154884,0.946,"3","butyrylcholinesterase"
"Mrpl39",0.0264351455086693,0.868,"16","mitochondrial ribosomal protein L39"
"Slc16a10",-0.026394340872101,0.9048,"10","solute carrier family 16 (monocarboxylic acid transporters), member 10"
"Amot",-0.0263896011214504,0.9044,"X","angiomotin"
"Dclk3",0.0263895142261017,0.7348,"9","doublecortin-like kinase 3"
"Eva1a",0.0263649695208747,0.9032,"6","eva-1 homolog A (C. elegans)"
"Lzic",0.0263410859647988,0.8448,"4","leucine zipper and CTNNBIP1 domain containing"
"Gnao1",0.0263080494208285,0.6888,"8","guanine nucleotide binding protein, alpha O"
"Otud5",0.0262684374217441,0.6832,"X","OTU domain containing 5"
"Psmc1",0.0262556080149761,0.742,"12","protease (prosome, macropain) 26S subunit, ATPase 1"
"Aida",0.0262417394172649,0.6664,"1","axin interactor, dorsalization associated"
"Haus1",0.0262219202380209,0.8236,"18","HAUS augmin-like complex, subunit 1"
"Man1c1",-0.0261853158599417,0.8168,"4","mannosidase, alpha, class 1C, member 1"
"Rangap1",-0.0261512507885611,0.8272,"15","RAN GTPase activating protein 1"
"Phyhd1",-0.026144318404874,0.8276,"2","phytanoyl-CoA dioxygenase domain containing 1"
"Slc38a10",-0.0261274463771546,0.6812,"11","solute carrier family 38, member 10"
"Thap2",0.0261221792949469,0.8228,"10","THAP domain containing, apoptosis associated protein 2"
"Cables1",0.0261014475969681,0.864,"18","CDK5 and Abl enzyme substrate 1"
"Ldha",-0.0260934184279682,0.7376,"7","lactate dehydrogenase A"
"Pabpc1",0.0260859896083829,0.8276,"15","poly(A) binding protein, cytoplasmic 1"
"Iars",0.0260788419681157,0.84,"13","isoleucine-tRNA synthetase"
"Fbxo32",-0.0260613423485792,0.8564,"15","F-box protein 32"
"Srd5a1",-0.0260285531214604,0.8864,"13","steroid 5 alpha-reductase 1"
"Ptpn13",-0.0260168012124526,0.7884,"5","protein tyrosine phosphatase, non-receptor type 13"
"Trim13",0.0259670977314927,0.8084,"14","tripartite motif-containing 13"
"Zfp275",0.0259539950245324,0.7708,"X","zinc finger protein 275"
"Fam43a",0.0259216431853879,0.8912,"16","family with sequence similarity 43, member A"
"Bmyc",-0.0259134228461306,0.9036,"2","brain expressed myelocytomatosis oncogene"
"Prps2",-0.025888772021621,0.6996,"X","phosphoribosyl pyrophosphate synthetase 2"
"Fndc5",0.0258812156258141,0.834,"4","fibronectin type III domain containing 5"
"Ezh2",0.0258705471341303,0.88,"6","enhancer of zeste 2 polycomb repressive complex 2 subunit"
"P4ha2",0.0258608848227344,0.7432,"11","procollagen-proline, 2-oxoglutarate 4-dioxygenase (proline 4-hydroxylase), alpha II polypeptide"
"Armc10",-0.0258264731077436,0.8056,"5","armadillo repeat containing 10"
"Trmt9b",0.0258219151320638,0.9044,"8","tRNA methyltransferase 9B"
"Exoc8",0.0257865539209563,0.7484,"8","exocyst complex component 8"
"Phax",0.0257822505265697,0.8788,"18","phosphorylated adaptor for RNA export"
"Chd7",0.0257551535787925,0.8548,"4","chromodomain helicase DNA binding protein 7"
"Elovl2",-0.025754405975591,0.87,"13","elongation of very long chain fatty acids (FEN1/Elo2, SUR4/Elo3, yeast)-like 2"
"Lef1",-0.0257005081463371,0.8992,"3","lymphoid enhancer binding factor 1"
"Fkbp9",0.0257002516715081,0.8628,"6","FK506 binding protein 9"
"Ppp2r5b",0.0256590731051629,0.6052,"19","protein phosphatase 2, regulatory subunit B', beta"
"Ddx41",-0.0256446681771578,0.6364,"13","DEAD box helicase 41"
"Slc9a3r2",0.025609168516481,0.88,"17","solute carrier family 9 (sodium/hydrogen exchanger), member 3 regulator 2"
"Cnep1r1",-0.0256069570653397,0.8208,"8","CTD nuclear envelope phosphatase 1 regulatory subunit 1"
"Myh7",0.0255385617587598,0.9348,"14","myosin, heavy polypeptide 7, cardiac muscle, beta"
"Zbtb8a",-0.0255365067362323,0.8976,"4","zinc finger and BTB domain containing 8a"
"Tmem129",0.0254907310300334,0.7672,"5","transmembrane protein 129"
"Cinp",-0.0254356346857687,0.7588,"12","cyclin-dependent kinase 2 interacting protein"
"Dnajc2",0.0253804518115661,0.5732,"5","DnaJ heat shock protein family (Hsp40) member C2"
"Srp68",-0.0253759184717159,0.7996,"11","signal recognition particle 68"
"1700017B05Rik",-0.0253642999568573,0.8776,"9","RIKEN cDNA 1700017B05 gene"
"Uqcrc1",-0.0253604055587378,0.8756,"9","ubiquinol-cytochrome c reductase core protein 1"
"Ankrd10",-0.0253418497138496,0.882,"8","ankyrin repeat domain 10"
"Ddx25",-0.025339748376255,0.838,"9","DEAD box helicase 25"
"Ftsj3",-0.0253223945096988,0.7096,"11","FtsJ RNA methyltransferase homolog 3 (E. coli)"
"Cdc123",0.0252974386873479,0.8344,"2","cell division cycle 123"
"Rab22a",0.0252905666764773,0.7536,"2","RAB22A, member RAS oncogene family"
"Scfd1",0.0252892826828344,0.7968,"12","Sec1 family domain containing 1"
"Gmeb2",0.0252132392349012,0.718,"2","glucocorticoid modulatory element binding protein 2"
"Max",-0.0252089465382355,0.8244,"12","Max protein"
"Tsnax",0.0252056854069558,0.5812,"8","translin-associated factor X"
"Ttc26",-0.0251892910672651,0.8528,"6","tetratricopeptide repeat domain 26"
"Hmgb1",0.025187662707145,0.85,"5","high mobility group box 1"
"Tgfbr3",0.0251507640053186,0.8624,"5","transforming growth factor, beta receptor III"
"Arhgap1",-0.0251151076313212,0.7112,"2","Rho GTPase activating protein 1"
"Kcnk1",-0.0250997513173523,0.8668,"8","potassium channel, subfamily K, member 1"
"Asic2",0.025074976335187,0.8396,"11","acid-sensing (proton-gated) ion channel 2"
"Fam171a1",0.0250702984468356,0.506,"2","family with sequence similarity 171, member A1"
"Lrrc75b",-0.0250023578384635,0.9352,"10","leucine rich repeat containing 75B"
"Rab27b",0.0249811701733069,0.8828,"18","RAB27B, member RAS oncogene family"
"Raver1",0.0249753980467045,0.9308,"9","ribonucleoprotein, PTB-binding 1"
"Rtcb",-0.0249657324402621,0.7768,"10","RNA 2',3'-cyclic phosphate and 5'-OH ligase"
"Zfp469",0.0249643533020849,0.9756,"8","zinc finger protein 469"
"Odf2",0.0249616449211745,0.9048,"2","outer dense fiber of sperm tails 2"
"Myo5b",-0.0249073362019834,0.884,"18","myosin VB"
"Timp3",-0.0248558493411037,0.9228,"10","tissue inhibitor of metalloproteinase 3"
"Armc7",-0.0248220070726655,0.8512,"11","armadillo repeat containing 7"
"Sema3b",-0.02481107504016,0.9688,"9","sema domain, immunoglobulin domain (Ig), short basic domain, secreted, (semaphorin) 3B"
"Brip1os",-0.0248023750113604,0.8044,"11","BRCA1 interacting protein C-terminal helicase 1, opposite strand"
"Zfp954",-0.0247618257797497,0.8728,"7","zinc finger protein 954"
"Srrm3",-0.024740419716113,0.744,"5","serine/arginine repetitive matrix 3"
"Ly6c1",-0.0247319709564433,0.9276,"15","lymphocyte antigen 6 complex, locus C1"
"3830406C13Rik",0.0247268963140872,0.7,"14","RIKEN cDNA 3830406C13 gene"
"Pml",-0.0247181782459323,0.6408,"9","promyelocytic leukemia"
"Qars",0.0247045660373866,0.73,"9","glutaminyl-tRNA synthetase"
"Atp6v0a2",0.0247040094978743,0.5516,"5","ATPase, H+ transporting, lysosomal V0 subunit A2"
"Thoc1",-0.0246939364214551,0.8176,"18","THO complex 1"
"Trim46",-0.0246923465936737,0.8236,"3","tripartite motif-containing 46"
"Nfx1",-0.0246922595289414,0.9016,"4","nuclear transcription factor, X-box binding 1"
"Tbccd1",-0.02468809647555,0.8656,"16","TBCC domain containing 1"
"Thnsl1",-0.024664157389942,0.8268,"2","threonine synthase-like 1 (bacterial)"
"Tmem88b",-0.0246434814043059,0.872,"4","transmembrane protein 88B"
"Pitpnm3",0.024636049004652,0.7668,"11","PITPNM family member 3"
"Gnaz",0.0246238979172375,0.7672,"10","guanine nucleotide binding protein, alpha z subunit"
"1810014B01Rik",0.0245504846433324,0.9032,"10","RIKEN cDNA 1810014B01 gene"
"Nat8f1",-0.0245261872620568,0.8952,"6","N-acetyltransferase 8 (GCN5-related) family member 1"
"Wdr75",0.0245250245797424,0.7688,"1","WD repeat domain 75"
"Clk3",-0.0245243880284534,0.748,"9","CDC-like kinase 3"
"Sall2",0.0245232037897534,0.8056,"14","spalt like transcription factor 2"
"Slc35b4",-0.0245226481018586,0.656,"6","solute carrier family 35, member B4"
"Slc25a22",0.0245210852660591,0.8388,"7","solute carrier family 25 (mitochondrial carrier, glutamate), member 22"
"Emc8",0.0245001530643751,0.824,"8","ER membrane protein complex subunit 8"
"Slc27a3",0.0244907475827043,0.9008,"3","solute carrier family 27 (fatty acid transporter), member 3"
"Tmem248",-0.0244850978529714,0.6856,"5","transmembrane protein 248"
"Paf1",-0.0244632050214975,0.7644,"7","Paf1, RNA polymerase II complex component"
"Ncoa5",-0.0244506927810262,0.7608,"2","nuclear receptor coactivator 5"
"Ece1",0.0244496116149318,0.9028,"4","endothelin converting enzyme 1"
"Mki67",-0.0244303834661355,0.8896,"7","antigen identified by monoclonal antibody Ki 67"
"Dgcr2",-0.0244114074373183,0.6924,"16","DiGeorge syndrome critical region gene 2"
"Ltv1",-0.0243590161264136,0.7632,"10","LTV1 ribosome biogenesis factor"
"Ier5",-0.0243515199570092,0.8952,"1","immediate early response 5"
"Gnpda1",-0.0243148933445072,0.79,"18","glucosamine-6-phosphate deaminase 1"
"Cd302",-0.0242887505719369,0.9124,"2","CD302 antigen"
"Plcg1",0.0242152983218338,0.9596,"2","phospholipase C, gamma 1"
"Surf6",0.0241648950787372,0.7252,"2","surfeit gene 6"
"Fbxo22",0.0241464905799393,0.6216,"9","F-box protein 22"
"Rnd1",0.0241050226260429,0.9416,"15","Rho family GTPase 1"
"Mob1a",-0.0241005954746045,0.9328,"6","MOB kinase activator 1A"
"Orai3",-0.0240912981165105,0.8012,"7","ORAI calcium release-activated calcium modulator 3"
"Grb14",0.0240841414498361,0.8312,"2","growth factor receptor bound protein 14"
"Vps50",-0.0240830794009756,0.8152,"6","VPS50 EARP/GARPII complex subunit"
"Htatip2",0.0240651689515223,0.9244,"7","HIV-1 Tat interactive protein 2"
"Gatad2a",0.0240445383572485,0.7496,"8","GATA zinc finger domain containing 2A"
"Rab1a",0.0240418407201419,0.5784,"11","RAB1A, member RAS oncogene family"
"Qsox2",-0.0240227081408362,0.7708,"2","quiescin Q6 sulfhydryl oxidase 2"
"Ptpn2",0.0240066582160674,0.9132,"18","protein tyrosine phosphatase, non-receptor type 2"
"Gclm",0.0239700100368347,0.8564,"3","glutamate-cysteine ligase, modifier subunit"
"Ugdh",0.0239657997993286,0.826,"5","UDP-glucose dehydrogenase"
"Synpr",0.023952552632533,0.7248,"14","synaptoporin"
"Dnajc8",-0.0239457935265905,0.8632,"4","DnaJ heat shock protein family (Hsp40) member C8"
"Sprn",0.0239322826738286,0.726,"7","shadow of prion protein"
"Rhoq",-0.0239037260955293,0.8924,"17","ras homolog family member Q"
"Rnf121",0.0239024144193607,0.8508,"7","ring finger protein 121"
"Commd10",-0.0238335448269869,0.7536,"18","COMM domain containing 10"
"Ano6",0.0238271346083581,0.9,"15","anoctamin 6"
"Malt1",0.0238215753840034,0.942,"18","MALT1 paracaspase"
"Nepro",0.0238193740043888,0.6716,"16","nucleolus and neural progenitor protein"
"1600012H06Rik",-0.0237860254818942,0.7184,"17","RIKEN cDNA 1600012H06 gene"
"Tiam2",0.0237848835793928,0.86,"17","T cell lymphoma invasion and metastasis 2"
"Syngr3",-0.0237725222384801,0.8704,"17","synaptogyrin 3"
"Zfp142",0.0237719775292922,0.8572,"1","zinc finger protein 142"
"Gabpb1",0.0237475890608252,0.7716,"2","GA repeat binding protein, beta 1"
"Celf6",-0.0237463518911882,0.8584,"9","CUGBP, Elav-like family member 6"
"Ptpn1",-0.0237124683861181,0.8536,"2","protein tyrosine phosphatase, non-receptor type 1"
"Nrf1",-0.0236804454280781,0.74,"6","nuclear respiratory factor 1"
"Lsm14b",0.0236553209309251,0.5896,"2","LSM family member 14B"
"Add3",-0.023589389917082,0.6972,"19","adducin 3 (gamma)"
"Rer1",0.0235718372249938,0.7616,"4","retention in endoplasmic reticulum sorting receptor 1"
"Tmed5",0.0235564598202345,0.8604,"5","transmembrane p24 trafficking protein 5"
"Tfrc",-0.0234618996433031,0.858,"16","transferrin receptor"
"Fam219b",-0.0234547368871594,0.7956,"9","family with sequence similarity 219, member B"
"Wfs1",-0.0234369720045091,0.896,"5","wolframin ER transmembrane glycoprotein"
"Pycrl",-0.0234247478605645,0.83,"15","pyrroline-5-carboxylate reductase-like"
"Txlna",0.0234220405677545,0.8496,"4","taxilin alpha"
"Tmem59",-0.0234209039196234,0.8092,"4","transmembrane protein 59"
"Dhx37",0.0234036934415784,0.8648,"5","DEAH (Asp-Glu-Ala-His) box polypeptide 37"
"Zadh2",-0.023381561900198,0.4796,"18","zinc binding alcohol dehydrogenase, domain containing 2"
"Ippk",0.023380465215828,0.7216,"13","inositol 1,3,4,5,6-pentakisphosphate 2-kinase"
"Mtif2",0.0233798981897086,0.7896,"11","mitochondrial translational initiation factor 2"
"Actr3b",0.0233784114087747,0.8636,"5","ARP3 actin-related protein 3B"
"Gmds",0.0233751982715527,0.8804,"13","GDP-mannose 4, 6-dehydratase"
"Pkp2",0.0233615521311039,0.8816,"16","plakophilin 2"
"Mettl15",0.0233548622936235,0.8584,"2","methyltransferase like 15"
"Rad9a",-0.0233296425890366,0.8392,"19","RAD9 checkpoint clamp component A"
"Gna13",-0.0233285882977423,0.6412,"11","guanine nucleotide binding protein, alpha 13"
"Tceal3",0.0233187290691212,0.8724,"X","transcription elongation factor A (SII)-like 3"
"Ankrd13b",0.0233069007776603,0.7292,"11","ankyrin repeat domain 13b"
"Ackr3",-0.0233059155039177,0.8536,"1","atypical chemokine receptor 3"
"Slc8a3",-0.0232940097600687,0.7936,"12","solute carrier family 8 (sodium/calcium exchanger), member 3"
"Tnip1",0.0232874899336508,0.7484,"11","TNFAIP3 interacting protein 1"
"Sptlc1",0.0232849130540309,0.7664,"13","serine palmitoyltransferase, long chain base subunit 1"
"Mta1",-0.0232800840644716,0.8444,"12","metastasis associated 1"
"Evc2",-0.0232441872959264,0.8916,"5","EvC ciliary complex subunit 2"
"Mcur1",0.023219870423306,0.8384,"13","mitochondrial calcium uniporter regulator 1"
"Pde8a",-0.0231840396861935,0.8836,"7","phosphodiesterase 8A"
"Srfbp1",0.0231281949668523,0.7496,"18","serum response factor binding protein 1"
"Lrpap1",-0.0230911010060959,0.7672,"5","low density lipoprotein receptor-related protein associated protein 1"
"Cenpm",-0.0230888084339342,0.9168,"15","centromere protein M"
"Rabl6",-0.0230438462575115,0.8524,"2","RAB, member RAS oncogene family-like 6"
"Lrrc40",-0.0230415056134952,0.6644,"3","leucine rich repeat containing 40"
"Cnnm1",-0.023012238178393,0.7616,"19","cyclin M1"
"Nek7",0.0230102033054624,0.9328,"1","NIMA (never in mitosis gene a)-related expressed kinase 7"
"Zscan29",-0.0230040746517925,0.738,"2","zinc finger SCAN domains 29"
"Slc25a42",0.0229884731023446,0.9024,"8","solute carrier family 25, member 42"
"Cltb",-0.0229596775207446,0.878,"13","clathrin, light polypeptide (Lcb)"
"Tspan5",0.0229544490670079,0.8428,"3","tetraspanin 5"
"Ndufa1",-0.0229424468857617,0.9516,"X","NADH:ubiquinone oxidoreductase subunit A1"
"Hspa12a",-0.0229389502379789,0.8332,"19","heat shock protein 12A"
"Srsf5",0.0229361590164361,0.936,"12","serine and arginine-rich splicing factor 5"
"Adk",0.0229203100839488,0.8676,"14","adenosine kinase"
"Plp1",0.0229201146439468,0.9364,"X","proteolipid protein (myelin) 1"
"Plekha8",0.0229126712169263,0.8472,"6","pleckstrin homology domain containing, family A (phosphoinositide binding specific) member 8"
"Slc7a6",-0.0228743459421485,0.9304,"8","solute carrier family 7 (cationic amino acid transporter, y+ system), member 6"
"Pank2",0.0228705070343498,0.8,"2","pantothenate kinase 2"
"Sepsecs",0.0228660198120885,0.9104,"5","Sep (O-phosphoserine) tRNA:Sec (selenocysteine) tRNA synthase"
"Rnf168",0.0228511816689041,0.7504,"16","ring finger protein 168"
"Ctnnbip1",-0.0228425388904414,0.8888,"4","catenin beta interacting protein 1"
"Dhx16",0.0228158173427619,0.8196,"17","DEAH (Asp-Glu-Ala-His) box polypeptide 16"
"Reck",0.0228145876730292,0.9564,"4","reversion-inducing-cysteine-rich protein with kazal motifs"
"Scmh1",-0.0227905252675047,0.8188,"4","sex comb on midleg homolog 1"
"Tmem69",-0.0227741171459335,0.8404,"4","transmembrane protein 69"
"Cdipt",-0.0227544193617195,0.8392,"7","CDP-diacylglycerol--inositol 3-phosphatidyltransferase (phosphatidylinositol synthase)"
"Stau1",0.0227534028954057,0.7252,"2","staufen double-stranded RNA binding protein 1"
"C77080",-0.0227395074545091,0.9596,"4","expressed sequence C77080"
"Mtmr10",0.0227248906297621,0.8892,"7","myotubularin related protein 10"
"Ghitm",0.0227184701486838,0.7476,"14","growth hormone inducible transmembrane protein"
"Abcf1",0.022702050925977,0.7712,"17","ATP-binding cassette, sub-family F (GCN20), member 1"
"Dph1",-0.0226573246136224,0.9028,"11","diphthamide biosynthesis 1"
"Zfp768",-0.0226541707519181,0.8292,"7","zinc finger protein 768"
"Zfp974",-0.0226409397456355,0.8844,"7","zinc finger protein 974"
"Sptlc2",-0.0226061827105282,0.8492,"12","serine palmitoyltransferase, long chain base subunit 2"
"Sh2d3c",0.0225985446285244,0.882,"2","SH2 domain containing 3C"
"Stk39",-0.0225971229307165,0.8328,"2","serine/threonine kinase 39"
"Scoc",0.0225496636002447,0.8996,"8","short coiled-coil protein"
"Mycbp2",0.0225305831241851,0.9316,"14","MYC binding protein 2, E3 ubiquitin protein ligase"
"Strn4",-0.0225067369660774,0.6744,"7","striatin, calmodulin binding protein 4"
"Cluh",-0.022506272056229,0.9304,"11","clustered mitochondria (cluA/CLU1) homolog"
"Tspan13",-0.0224885298241535,0.8628,"12","tetraspanin 13"
"Pfn1",-0.0224682712231274,0.9108,"11","profilin 1"
"Usp48",-0.0224625057288312,0.8864,"4","ubiquitin specific peptidase 48"
"Nyap1",0.0224538390524076,0.888,"5","neuronal tyrosine-phosphorylated phosphoinositide 3-kinase adaptor 1"
"Dclre1c",-0.0224538258503539,0.9568,"2","DNA cross-link repair 1C"
"Krcc1",-0.0224452428016528,0.9384,"6","lysine-rich coiled-coil 1"
"Spata13",-0.0224313501373432,0.846,"14","spermatogenesis associated 13"
"Uba5",-0.0224293130041735,0.7036,"9","ubiquitin-like modifier activating enzyme 5"
"Zfp780b",0.0224270054415774,0.8968,"7","zinc finger protein 780B"
"Rab4a",-0.0224193608077865,0.862,"8","RAB4A, member RAS oncogene family"
"Tceal6",0.0224146408270816,0.876,"X","transcription elongation factor A (SII)-like 6"
"Chuk",0.0224115451197395,0.9168,"19","conserved helix-loop-helix ubiquitous kinase"
"Anp32a",0.0223962763656687,0.8564,"9","acidic (leucine-rich) nuclear phosphoprotein 32 family, member A"
"Psmd12",-0.0223772310488126,0.6356,"11","proteasome (prosome, macropain) 26S subunit, non-ATPase, 12"
"Msmo1",-0.022370806623135,0.7984,"8","methylsterol monoxygenase 1"
"Sh3gl3",0.0223642125952548,0.9176,"7","SH3-domain GRB2-like 3"
"Scaf1",-0.0223567549451689,0.8448,"7","SR-related CTD-associated factor 1"
"Spef2",-0.0223558806288078,0.9268,"15","sperm flagellar 2"
"Cyb561d1",-0.0223411865065533,0.6904,"3","cytochrome b-561 domain containing 1"
"Coq8a",0.0222902175910322,0.7828,"1","coenzyme Q8A"
"Dync1i2",0.0222896447336609,0.84,"2","dynein cytoplasmic 1 intermediate chain 2"
"Cast",0.0222508704153181,0.9568,"13","calpastatin"
"Anapc7",-0.022210168857586,0.7348,"5","anaphase promoting complex subunit 7"
"Osbpl9",-0.0221989972411709,0.5768,"4","oxysterol binding protein-like 9"
"Cyb5a",0.022167123872225,0.9232,"18","cytochrome b5 type A (microsomal)"
"E2f4",-0.0221620407271272,0.822,"8","E2F transcription factor 4"
"Egr3",0.022103002880618,0.8796,"14","early growth response 3"
"Tns3",0.0220891585624576,0.858,"11","tensin 3"
"Rpa3",0.0220698848918359,0.7716,"6","replication protein A3"
"St6galnac5",0.0220592735129879,0.796,"3","ST6 (alpha-N-acetyl-neuraminyl-2,3-beta-galactosyl-1,3)-N-acetylgalactosaminide alpha-2,6-sialyltransferase 5"
"Tprn",-0.0220431877804135,0.9164,"2","taperin"
"Arl15",0.0220035695705194,0.8932,"13","ADP-ribosylation factor-like 15"
"Ccdc115",-0.0220021929424021,0.9004,"1","coiled-coil domain containing 115"
"Ralbp1",0.0219983422435117,0.8556,"17","ralA binding protein 1"
"Rbm6",0.021996147350996,0.8404,"9","RNA binding motif protein 6"
"Ctsf",-0.021988072240382,0.9176,"19","cathepsin F"
"Akt2",-0.0219750300872601,0.8324,"7","thymoma viral proto-oncogene 2"
"Trmt10b",0.0219708561901015,0.778,"4","tRNA methyltransferase 10B"
"Htr1a",-0.021931291038638,0.9376,"13","5-hydroxytryptamine (serotonin) receptor 1A"
"Zfp961",-0.0219249584421948,0.8112,"8","zinc finger protein 961"
"Dpf2",-0.0219046352366838,0.8584,"19","double PHD fingers 2"
"Grsf1",0.0219020655782201,0.6724,"5","G-rich RNA sequence binding factor 1"
"Nudt4",0.0218937465858158,0.8592,"10","nudix (nucleoside diphosphate linked moiety X)-type motif 4"
"Psmc2",-0.0218318931323607,0.9044,"5","proteasome (prosome, macropain) 26S subunit, ATPase 2"
"Dnaja3",-0.0218069364434834,0.6988,"16","DnaJ heat shock protein family (Hsp40) member A3"
"Pex5",0.021790742708399,0.78,"6","peroxisomal biogenesis factor 5"
"Ppp2cb",0.0217880213478905,0.7652,"8","protein phosphatase 2 (formerly 2A), catalytic subunit, beta isoform"
"Syn2",-0.0217836200857651,0.794,"6","synapsin II"
"Scap",-0.021718697898077,0.7108,"9","SREBF chaperone"
"Ran",-0.0217175282481037,0.8404,"5","RAN, member RAS oncogene family"
"Ahr",0.0216940885350789,0.8948,"12","aryl-hydrocarbon receptor"
"Slc39a7",-0.0216683681318255,0.8556,"17","solute carrier family 39 (zinc transporter), member 7"
"Ap1ar",0.0216277158150291,0.6608,"3","adaptor-related protein complex 1 associated regulatory protein"
"Hspa1l",-0.021621209966459,0.9004,"17","heat shock protein 1-like"
"Pdlim1",-0.0215982802513714,0.9052,"19","PDZ and LIM domain 1 (elfin)"
"Nudt22",-0.0215857239821524,0.9404,"19","nudix (nucleoside diphosphate linked moiety X)-type motif 22"
"Ccdc32",-0.0215746582771903,0.8812,"2","coiled-coil domain containing 32"
"Ldah",-0.0215618374669617,0.8028,"12","lipid droplet associated hydrolase"
"Dock5",-0.0215613128743217,0.9376,"14","dedicator of cytokinesis 5"
"Zfp248",-0.0215445667328846,0.9024,"6","zinc finger protein 248"
"Zkscan2",-0.0215328077127652,0.9872,"7","zinc finger with KRAB and SCAN domains 2"
"A130010J15Rik",0.0214727987054564,0.8992,"1","RIKEN cDNA A130010J15 gene"
"Gpr3",0.0214196953561392,0.9524,"4","G-protein coupled receptor 3"
"Ipmk",-0.0214086699846572,0.7736,"10","inositol polyphosphate multikinase"
"Fxr1",0.0213941108119107,0.8356,"3","FMR1 autosomal homolog 1"
"Mast2",0.0213833737079474,0.8572,"4","microtubule associated serine/threonine kinase 2"
"Adcy6",-0.0213718756801384,0.9348,"15","adenylate cyclase 6"
"Magt1",-0.0213691839900534,0.8848,"X","magnesium transporter 1"
"Slc12a5",0.0213689898577645,0.8,"2","solute carrier family 12, member 5"
"Emc2",0.0213580642546729,0.792,"15","ER membrane protein complex subunit 2"
"Lhfpl2",0.0213375982461299,0.722,"13","lipoma HMGIC fusion partner-like 2"
"Dclre1a",0.0213255157514207,0.9604,"19","DNA cross-link repair 1A"
"Adcy7",0.0213212731411749,0.9504,"8","adenylate cyclase 7"
"Rcan3",-0.021312450862208,0.838,"4","regulator of calcineurin 3"
"Mark3",-0.0213063906087685,0.7644,"12","MAP/microtubule affinity regulating kinase 3"
"Rab21",0.0213018533054585,0.6468,"10","RAB21, member RAS oncogene family"
"Tle3",-0.0212782230067576,0.8316,"9","transducin-like enhancer of split 3"
"Tnfrsf19",-0.0212523596852003,0.6936,"14","tumor necrosis factor receptor superfamily, member 19"
"Aimp2",-0.0212055957631208,0.8836,"5","aminoacyl tRNA synthetase complex-interacting multifunctional protein 2"
"Dusp18",0.0211872511115434,0.726,"11","dual specificity phosphatase 18"
"Ints4",-0.0211629673009304,0.7324,"7","integrator complex subunit 4"
"Pgm1",0.0211456202347993,0.74,"4","phosphoglucomutase 1"
"Cdk5r2",0.0211362986680204,0.8816,"1","cyclin-dependent kinase 5, regulatory subunit 2 (p39)"
"Nim1k",-0.021096117713574,0.8596,"13","NIM1 serine/threonine protein kinase"
"Tada1",0.0210859269590458,0.8464,"1","transcriptional adaptor 1"
"Mgrn1",-0.0210856113399993,0.7328,"16","mahogunin, ring finger 1"
"Stac2",-0.0210509324224475,0.9104,"11","SH3 and cysteine rich domain 2"
"Eepd1",-0.0210435583422113,0.8788,"9","endonuclease/exonuclease/phosphatase family domain containing 1"
"Enox2",0.0210257769236608,0.8608,"X","ecto-NOX disulfide-thiol exchanger 2"
"Txndc9",0.0210233769511392,0.9044,"1","thioredoxin domain containing 9"
"Abcg4",-0.0210140355306665,0.81,"9","ATP binding cassette subfamily G member 4"
"Ttc39c",-0.0210139357064358,0.7,"18","tetratricopeptide repeat domain 39C"
"Nelfcd",0.0209815107559299,0.876,"2","negative elongation factor complex member C/D, Th1l"
"Aasdh",0.020975115234767,0.994,"5","aminoadipate-semialdehyde dehydrogenase"
"Snx9",0.0209561298243166,0.8216,"17","sorting nexin 9"
"Abraxas2",0.0209466926568984,0.9148,"7","BRISC complex subunit"
"Hnrnpf",0.0209422272989404,0.788,"6","heterogeneous nuclear ribonucleoprotein F"
"Fh1",-0.0209213949326132,0.8144,"1","fumarate hydratase 1"
"Fbxo21",-0.0208702187989278,0.6344,"5","F-box protein 21"
"Foxj1",-0.0208612455398658,0.938,"11","forkhead box J1"
"Ipo5",-0.020855534688148,0.7684,"14","importin 5"
"Por",-0.0208444247128137,0.7904,"5","cytochrome p450 oxidoreductase"
"Ppil3",-0.020820018247488,0.852,"1","peptidylprolyl isomerase (cyclophilin)-like 3"
"Gdi2",-0.020780059313247,0.8864,"13","guanosine diphosphate (GDP) dissociation inhibitor 2"
"Dsg2",-0.0207379804592045,0.8396,"18","desmoglein 2"
"Cep97",0.0206794387448195,0.9028,"16","centrosomal protein 97"
"Mettl22",-0.0206752906067296,0.9124,"16","methyltransferase like 22"
"Igf1",-0.0206726595413533,0.904,"10","insulin-like growth factor 1"
"Ppme1",-0.0206668561946524,0.688,"7","protein phosphatase methylesterase 1"
"Actn2",-0.0206624943969898,0.9132,"13","actinin alpha 2"
"Spryd4",-0.0206284319904868,0.8068,"10","SPRY domain containing 4"
"Slc25a17",-0.0206265763016322,0.8,"15","solute carrier family 25 (mitochondrial carrier, peroxisomal membrane protein), member 17"
"Tesk2",0.0206145097629529,0.958,"4","testis-specific kinase 2"
"Rbm8a",0.0206067370206009,0.8484,"3","RNA binding motif protein 8a"
"Plec",-0.0205700451103521,0.9124,"15","plectin"
"Arfip2",-0.0205435182717757,0.6512,"7","ADP-ribosylation factor interacting protein 2"
"Pced1a",0.0205317050748208,0.8024,"2","PC-esterase domain containing 1A"
"Zfp641",-0.0205194966141913,0.9776,"15","zinc finger protein 641"
"Arpp21",0.0205046541240188,0.8304,"9","cyclic AMP-regulated phosphoprotein, 21"
"Vsnl1",0.0204786768573957,0.8024,"12","visinin-like 1"
"Mtus2",-0.0204780289027182,0.8844,"5","microtubule associated tumor suppressor candidate 2"
"Pigt",0.0204772209995161,0.7536,"2","phosphatidylinositol glycan anchor biosynthesis, class T"
"Tma16",-0.0204158003467003,0.9008,"8","translation machinery associated 16"
"Selenbp1",-0.0203989897417496,0.8928,"3","selenium binding protein 1"
"Ddhd1",-0.0203980176081648,0.7996,"14","DDHD domain containing 1"
"Rbm5",0.0203959758715353,0.8784,"9","RNA binding motif protein 5"
"Nab2",-0.0203910927066797,0.8756,"10","Ngfi-A binding protein 2"
"N4bp3",-0.0203763176904941,0.8784,"11","NEDD4 binding protein 3"
"Mical3",0.020359631147266,0.9372,"6","microtubule associated monooxygenase, calponin and LIM domain containing 3"
"Mbd1",0.0203541193784886,0.876,"18","methyl-CpG binding domain protein 1"
"Aars",-0.0203540873929571,0.8884,"8","alanyl-tRNA synthetase"
"Vps39",-0.0203436561322219,0.7624,"2","VPS39 HOPS complex subunit"
"Nde1",0.0203416011325857,0.9144,"16","nudE neurodevelopment protein 1"
"Pphln1",0.0203330002597086,0.8588,"15","periphilin 1"
"Add1",-0.0203311155563046,0.422,"5","adducin 1 (alpha)"
"Ttc38",-0.0203245819212521,0.8312,"15","tetratricopeptide repeat domain 38"
"Trappc12",-0.0202035632377111,0.776,"12","trafficking protein particle complex 12"
"Cog8",0.020186259180015,0.8068,"8","component of oligomeric golgi complex 8"
"Sgta",-0.0201793283145308,0.82,"10","small glutamine-rich tetratricopeptide repeat (TPR)-containing, alpha"
"Atp2a3",0.0201594711052895,0.9112,"11","ATPase, Ca++ transporting, ubiquitous"
"Ptpdc1",0.0201590935566411,0.8756,"13","protein tyrosine phosphatase domain containing 1"
"Ift57",0.0201334042612205,0.876,"16","intraflagellar transport 57"
"Smim14",0.0201287238963817,0.7032,"5","small integral membrane protein 14"
"Rhot1",-0.0201050976817827,0.808,"11","ras homolog family member T1"
"Pdap1",-0.0200833609754731,0.9316,"5","PDGFA associated protein 1"
"Pex3",0.0200781642948078,0.8764,"10","peroxisomal biogenesis factor 3"
"Fgd1",0.0200745649882772,0.8276,"X","FYVE, RhoGEF and PH domain containing 1"
"Map2k1",0.0200640394730414,0.79,"9","mitogen-activated protein kinase kinase 1"
"Nsdhl",0.0200591277701028,0.8036,"X","NAD(P) dependent steroid dehydrogenase-like"
"Clk4",0.0200422025087175,0.8776,"11","CDC like kinase 4"
"Ppm1b",0.0200322920770057,0.8408,"17","protein phosphatase 1B, magnesium dependent, beta isoform"
"Pkp4",0.02001214727796,0.9264,"2","plakophilin 4"
"Tm9sf1",0.0200072610537907,0.8104,"14","transmembrane 9 superfamily member 1"
"Sugp2",0.020001340106182,0.9356,"8","SURP and G patch domain containing 2"
"Vapb",-0.0199813980492358,0.7544,"2","vesicle-associated membrane protein, associated protein B and C"
"Gm1976",0.0199733438302783,0.8768,"17","predicted gene 1976"
"Npc1",0.0199602967355839,0.8632,"18","NPC intracellular cholesterol transporter 1"
"Zfp445",-0.0199582488702781,0.9352,"9","zinc finger protein 445"
"Dars",0.0199137341073845,0.878,"1","aspartyl-tRNA synthetase"
"5730455P16Rik",0.0198537668395025,0.7296,"11","RIKEN cDNA 5730455P16 gene"
"Nfya",-0.0198534793567307,0.8984,"17","nuclear transcription factor-Y alpha"
"Bbs4",-0.0198182970568883,0.754,"9","Bardet-Biedl syndrome 4 (human)"
"Entpd3",-0.0198112849206331,0.8732,"9","ectonucleoside triphosphate diphosphohydrolase 3"
"Mrpl22",-0.0198060144460452,0.918,"11","mitochondrial ribosomal protein L22"
"Atg13",0.0197855663272586,0.6484,"2","autophagy related 13"
"Xpo5",-0.0197793713211158,0.8736,"17","exportin 5"
"Mkx",-0.0197526740239393,0.8836,"18","mohawk homeobox"
"Cap2",0.019745642755046,0.586,"13","CAP, adenylate cyclase-associated protein, 2 (yeast)"
"Cstf3",0.0197362083752628,0.8468,"2","cleavage stimulation factor, 3' pre-RNA, subunit 3"
"Lgals8",0.0197327626048454,0.8376,"13","lectin, galactose binding, soluble 8"
"Reep5",0.0197105728849003,0.7876,"18","receptor accessory protein 5"
"Fat1",0.0197045367041646,0.8472,"8","FAT atypical cadherin 1"
"Alox12b",-0.0196973442168753,0.9156,"11","arachidonate 12-lipoxygenase, 12R type"
"Samd14",0.0196875925914535,0.8492,"11","sterile alpha motif domain containing 14"
"Tfe3",-0.0196697994685353,0.8032,"X","transcription factor E3"
"Rtn1",0.019653753074282,0.7132,"12","reticulon 1"
"Epdr1",-0.0196297601112807,0.8256,"13","ependymin related protein 1 (zebrafish)"
"Pdgfb",-0.0196295030203526,0.9468,"15","platelet derived growth factor, B polypeptide"
"Wdtc1",-0.0196087482015219,0.9252,"4","WD and tetratricopeptide repeats 1"
"Sbk1",0.0195935606497324,0.9456,"7","SH3-binding kinase 1"
"Eml4",0.0195916930196036,0.902,"17","echinoderm microtubule associated protein like 4"
"Pi4kb",-0.0195739476901844,0.896,"3","phosphatidylinositol 4-kinase beta"
"Notch4",-0.019570067014504,0.9616,"17","notch 4"
"Pigh",-0.019569119140288,0.9116,"12","phosphatidylinositol glycan anchor biosynthesis, class H"
"Ddhd2",0.0195659042416798,0.8552,"8","DDHD domain containing 2"
"Pianp",-0.0195577123930706,0.9152,"6","PILR alpha associated neural protein"
"Trak2",-0.0195527475158208,0.9536,"1","trafficking protein, kinesin binding 2"
"Matn4",-0.0195510709179785,0.9,"2","matrilin 4"
"Afg3l2",-0.0195300119546653,0.816,"18","AFG3-like AAA ATPase 2"
"Crmp1",-0.0194862126391069,0.906,"5","collapsin response mediator protein 1"
"Copg1",-0.0194498632560638,0.7556,"6","coatomer protein complex, subunit gamma 1"
"Nav1",0.0194393564152326,0.9328,"1","neuron navigator 1"
"R3hdm1",0.0193886570241135,0.9264,"1","R3H domain containing 1"
"Fahd1",-0.019380006114269,0.9076,"17","fumarylacetoacetate hydrolase domain containing 1"
"Grip2",-0.0193779272855035,0.9088,"6","glutamate receptor interacting protein 2"
"Ppp3cc",0.0193768553916787,0.816,"14","protein phosphatase 3, catalytic subunit, gamma isoform"
"Ercc6l2",0.0193299734599792,0.8484,"13","excision repair cross-complementing rodent repair deficiency, complementation group 6 like 2"
"Syp",0.0193288399926974,0.8564,"X","synaptophysin"
"Samd4",-0.0193231903930116,0.9436,"14","sterile alpha motif domain containing 4"
"Crot",0.019266010565163,0.7516,"5","carnitine O-octanoyltransferase"
"Tmem164",0.0192607043905735,0.8292,"X","transmembrane protein 164"
"Pik3c2b",-0.0192418124966052,0.9492,"1","phosphatidylinositol-4-phosphate 3-kinase catalytic subunit type 2 beta"
"Scd1",0.0192406290525451,0.906,"19","stearoyl-Coenzyme A desaturase 1"
"Txnl1",0.0192176768024543,0.8616,"18","thioredoxin-like 1"
"Gpr89",0.0191944824666521,0.7792,"3","G protein-coupled receptor 89"
"Carm1",-0.0191923322648559,0.7996,"9","coactivator-associated arginine methyltransferase 1"
"Kcnn3",-0.0191709049567264,0.9528,"3","potassium intermediate/small conductance calcium-activated channel, subfamily N, member 3"
"Rnf157",0.0191463097351008,0.8404,"11","ring finger protein 157"
"Cfdp1",0.0191433734881956,0.9068,"8","craniofacial development protein 1"
"Srcin1",0.0191101454380398,0.8344,"11","SRC kinase signaling inhibitor 1"
"Tmco6",-0.0191072116265771,0.91,"18","transmembrane and coiled-coil domains 6"
"Taf1d",0.019088537661673,0.8988,"9","TATA-box binding protein associated factor, RNA polymerase I, D"
"Rassf5",-0.0190852472602705,0.8392,"1","Ras association (RalGDS/AF-6) domain family member 5"
"Hyal2",0.0190809684154272,0.8936,"9","hyaluronoglucosaminidase 2"
"Rftn2",0.0190410557719982,0.9388,"1","raftlin family member 2"
"Notch2",0.0190380036512297,0.9472,"3","notch 2"
"Hacd3",-0.0190069672737359,0.684,"9","3-hydroxyacyl-CoA dehydratase 3"
"Prdm16",-0.0189905945615805,0.8124,"4","PR domain containing 16"
"Scfd2",0.018983838158003,0.8636,"5","Sec1 family domain containing 2"
"Acvr1",0.0189605462141644,0.8976,"2","activin A receptor, type 1"
"Gramd4",-0.0189584570599282,0.5548,"15","GRAM domain containing 4"
"Sarnp",0.0189504848718371,0.8472,"10","SAP domain containing ribonucleoprotein"
"Mrpl50",-0.018949538409589,0.848,"4","mitochondrial ribosomal protein L50"
"Inip",0.0189378736041084,0.824,"4","INTS3 and NABP interacting protein"
"Garnl3",0.018937798013511,0.8656,"2","GTPase activating RANGAP domain-like 3"
"Sugt1",-0.018899607297298,0.8,"14","SGT1, suppressor of G2 allele of SKP1 (S. cerevisiae)"
"Stat3",0.0188181952794819,0.8464,"11","signal transducer and activator of transcription 3"
"Acp2",0.0187867868703337,0.7332,"2","acid phosphatase 2, lysosomal"
"Akap1",-0.0187656443505748,0.7068,"11","A kinase (PRKA) anchor protein 1"
"Naaa",-0.0187577872940787,0.934,"5","N-acylethanolamine acid amidase"
"Pigs",0.0187447586446945,0.6912,"11","phosphatidylinositol glycan anchor biosynthesis, class S"
"Clk1",0.0187165942090308,0.9252,"1","CDC-like kinase 1"
"Btf3",-0.0187056036356621,0.8708,"13","basic transcription factor 3"
"Pccb",0.0186984464880826,0.8308,"9","propionyl Coenzyme A carboxylase, beta polypeptide"
"Rnf40",0.0186795684051422,0.7604,"7","ring finger protein 40"
"Mcmbp",-0.0186542798215807,0.8072,"7","minichromosome maintenance complex binding protein"
"Pnpt1",0.0186483492736285,0.8892,"11","polyribonucleotide nucleotidyltransferase 1"
"Cs",-0.0186169488057875,0.914,"10","citrate synthase"
"Eef1e1",0.018611629165096,0.8788,"13","eukaryotic translation elongation factor 1 epsilon 1"
"Hgsnat",0.0186092441918229,0.8604,"8","heparan-alpha-glucosaminide N-acetyltransferase"
"Nup88",-0.0186041968536967,0.7048,"11","nucleoporin 88"
"Unc13a",0.0185926036087825,0.934,"8","unc-13 homolog A"
"Dnajc21",-0.0185461957695336,0.8,"15","DnaJ heat shock protein family (Hsp40) member C21"
"Bnip3l",0.0185172317062747,0.8548,"14","BCL2/adenovirus E1B interacting protein 3-like"
"Gm7072",0.0184564908693714,0.8512,"17","predicted gene 7072"
"4930430F08Rik",-0.0184562672730268,0.8384,"10","RIKEN cDNA 4930430F08 gene"
"Tbl2",0.0184496079578063,0.7984,"5","transducin (beta)-like 2"
"Cplx1",0.01843980138446,0.896,"5","complexin 1"
"Dcbld2",0.0184363340251092,0.8872,"16","discoidin, CUB and LCCL domain containing 2"
"Mfsd12",-0.0184317908905385,0.9196,"10","major facilitator superfamily domain containing 12"
"Tmed3",-0.0183737834243232,0.934,"9","transmembrane p24 trafficking protein 3"
"Trappc10",0.0183317241888465,0.7572,"10","trafficking protein particle complex 10"
"Fxr2",-0.0183232756581146,0.8276,"11","FMR1 autosomal homolog 2"
"Tmem132a",0.018315048940555,0.8088,"19","transmembrane protein 132A"
"Tcp1",0.0183071731046516,0.6872,"17","t-complex protein 1"
"Zfp668",0.0182994761879618,0.8796,"7","zinc finger protein 668"
"Lin52",-0.0182490879775283,0.93,"12","lin-52 DREAM MuvB core complex component"
"Zfp512b",0.0182227257476617,0.9436,"2","zinc finger protein 512B"
"Rnf113a2",-0.0182226752963928,0.918,"12","ring finger protein 113A2"
"Syndig1",0.0181893908436344,0.8984,"2","synapse differentiation inducing 1"
"Per1",-0.0181793849083736,0.9448,"11","period circadian clock 1"
"Fam53c",0.0181430919137417,0.8656,"18","family with sequence similarity 53, member C"
"Srgap1",0.0181160078723561,0.9024,"10","SLIT-ROBO Rho GTPase activating protein 1"
"Hsdl2",-0.0180836329837142,0.9156,"4","hydroxysteroid dehydrogenase like 2"
"Cacul1",-0.0180775607186776,0.8244,"19","CDK2 associated, cullin domain 1"
"Gm867",-0.0180595388408507,0.9564,"10","predicted gene 867"
"Megf8",-0.0180321880061651,0.9012,"7","multiple EGF-like-domains 8"
"Dynlrb1",-0.018018809147323,0.9184,"2","dynein light chain roadblock-type 1"
"Hibch",0.017996033361853,0.8452,"1","3-hydroxyisobutyryl-Coenzyme A hydrolase"
"Gnl2",0.0179808710679081,0.8676,"4","guanine nucleotide binding protein-like 2 (nucleolar)"
"Slain1",-0.0179657515734952,0.9276,"14","SLAIN motif family, member 1"
"Efhd1",-0.017954894169562,0.8704,"1","EF hand domain containing 1"
"Parva",-0.0179521293363631,0.8184,"7","parvin, alpha"
"Atp8b2",-0.017914947980799,0.9216,"3","ATPase, class I, type 8B, member 2"
"Acadl",0.0179146015623246,0.8636,"1","acyl-Coenzyme A dehydrogenase, long-chain"
"Alg2",-0.0179022863633458,0.814,"4","asparagine-linked glycosylation 2 (alpha-1,3-mannosyltransferase)"
"Bco2",-0.0178611581960402,0.9432,"9","beta-carotene oxygenase 2"
"Spag1",0.0178600163279663,0.8996,"15","sperm associated antigen 1"
"Syne1",0.0178530846639369,0.9416,"10","spectrin repeat containing, nuclear envelope 1"
"Gpsm1",0.0178449977274235,0.8192,"2","G-protein signalling modulator 1 (AGS3-like, C. elegans)"
"Rab31",0.0178415998963333,0.9112,"17","RAB31, member RAS oncogene family"
"Pdcd10",-0.017827206813589,0.856,"3","programmed cell death 10"
"Sidt1",-0.0178144341753219,0.864,"16","SID1 transmembrane family, member 1"
"Dcun1d2",0.0177753837343086,0.7788,"8","DCN1, defective in cullin neddylation 1, domain containing 2 (S. cerevisiae)"
"D17H6S53E",-0.0177683236053796,0.8732,"17","DNA segment, Chr 17, human D6S53E"
"Ankrd63",-0.01774792544051,0.926,"2","ankyrin repeat domain 63"
"Marchf5",0.0177337227380168,0.7268,"19","membrane associated ring-CH-type finger 5"
"Cux1",-0.0177297674529751,0.8956,"5","cut-like homeobox 1"
"Nudt9",-0.0177196590606306,0.922,"5","nudix (nucleoside diphosphate linked moiety X)-type motif 9"
"Smpd2",-0.0177046774700922,0.9284,"10","sphingomyelin phosphodiesterase 2, neutral"
"Ddost",0.0176985753487378,0.7928,"4","dolichyl-di-phosphooligosaccharide-protein glycotransferase"
"Cntln",-0.0176864606267912,0.8976,"4","centlein, centrosomal protein"
"Egln3",0.0176821802621445,0.8856,"12","egl-9 family hypoxia-inducible factor 3"
"Tor1b",0.0176789123525367,0.9124,"2","torsin family 1, member B"
"Rab5if",0.0176496089460487,0.888,"2","RAB5 interacting factor"
"Glt1d1",-0.0176377389583942,0.9148,"5","glycosyltransferase 1 domain containing 1"
"Dnajc7",0.0176315532914719,0.826,"11","DnaJ heat shock protein family (Hsp40) member C7"
"Adar",-0.0176261099559918,0.8268,"3","adenosine deaminase, RNA-specific"
"Gtf2f1",-0.0175826501117751,0.9064,"17","general transcription factor IIF, polypeptide 1"
"Stambpl1",-0.0175779709946635,0.8236,"19","STAM binding protein like 1"
"Klhl13",-0.0175572382101761,0.968,"X","kelch-like 13"
"Whamm",0.0175501972538781,0.8496,"7","WAS protein homolog associated with actin, golgi membranes and microtubules"
"Chp1",-0.0175469489583913,0.6352,"2","calcineurin-like EF hand protein 1"
"Rfesd",-0.0175422915304586,0.9196,"13","Rieske (Fe-S) domain containing"
"Mfn1",-0.0175239319604312,0.8224,"3","mitofusin 1"
"Nxf1",0.0175161988711112,0.8868,"19","nuclear RNA export factor 1"
"Sobp",0.0175109365559791,0.6984,"10","sine oculis binding protein"
"Pdk3",-0.0174970495058231,0.8516,"X","pyruvate dehydrogenase kinase, isoenzyme 3"
"Ube4b",-0.017495427801177,0.704,"4","ubiquitination factor E4B"
"Gtpbp8",0.0174498206976161,0.9096,"16","GTP-binding protein 8 (putative)"
"Atpaf1",0.0174358480653343,0.9104,"4","ATP synthase mitochondrial F1 complex assembly factor 1"
"Egln1",0.0174323888880972,0.966,"8","egl-9 family hypoxia-inducible factor 1"
"Ddo",-0.0174314150923216,0.9496,"10","D-aspartate oxidase"
"Mrps31",0.0174261138014344,0.8368,"8","mitochondrial ribosomal protein S31"
"Cc2d2a",0.0173828215425997,0.96,"5","coiled-coil and C2 domain containing 2A"
"Plcg2",0.0173504034946288,0.936,"8","phospholipase C, gamma 2"
"Pcp4",-0.0173493831902585,0.9304,"16","Purkinje cell protein 4"
"Arhgef18",-0.0173047540298263,0.8096,"8","rho/rac guanine nucleotide exchange factor (GEF) 18"
"Pdhb",-0.017299710588266,0.8284,"14","pyruvate dehydrogenase (lipoamide) beta"
"Polr3g",-0.0172994265561428,0.858,"13","polymerase (RNA) III (DNA directed) polypeptide G"
"Faim2",0.0172932871860301,0.7224,"15","Fas apoptotic inhibitory molecule 2"
"Znfx1",0.0172890597688733,0.888,"2","zinc finger, NFX1-type containing 1"
"Rbm33",0.0172756023894989,0.9396,"5","RNA binding motif protein 33"
"Laptm4b",-0.0172741478348177,0.898,"15","lysosomal-associated protein transmembrane 4B"
"Tmem14c",0.0172738763714451,0.9204,"13","transmembrane protein 14C"
"Lig3",0.0172603508205649,0.928,"11","ligase III, DNA, ATP-dependent"
"Ctsh",0.017256415343315,0.994,"9","cathepsin H"
"Pyurf",0.0172531932044571,0.9108,"6","Pigy upstream reading frame"
"Fbxo8",0.0172376090027404,0.8464,"8","F-box protein 8"
"Zbed3",-0.0172126979071585,0.9064,"13","zinc finger, BED type containing 3"
"Ccdc93",-0.0171613976046201,0.926,"1","coiled-coil domain containing 93"
"Clpb",0.0171580667456874,0.6732,"7","ClpB caseinolytic peptidase B"
"Vps45",-0.0171526156986808,0.8836,"3","vacuolar protein sorting 45"
"Asb8",-0.0171491262331189,0.7056,"15","ankyrin repeat and SOCS box-containing 8"
"Ttc34",0.0171433506436955,0.918,"4","tetratricopeptide repeat domain 34"
"Gabarapl1",-0.0171403970810111,0.8628,"6","gamma-aminobutyric acid (GABA) A receptor-associated protein-like 1"
"Hdgf",-0.0171236571461391,0.8716,"3","heparin binding growth factor"
"Cdh13",-0.0171066108805791,0.9488,"8","cadherin 13"
"Timm17a",0.0171062317712476,0.8888,"1","translocase of inner mitochondrial membrane 17a"
"Sema6d",0.0170934160281488,0.8552,"2","sema domain, transmembrane domain (TM), and cytoplasmic domain, (semaphorin) 6D"
"Ppp5c",0.0170710397433949,0.7392,"7","protein phosphatase 5, catalytic subunit"
"Mrpl3",0.017065615917824,0.9104,"9","mitochondrial ribosomal protein L3"
"Cyp4f15",0.0170516615950937,0.8032,"17","cytochrome P450, family 4, subfamily f, polypeptide 15"
"Cdv3",0.0169779464999804,0.7968,"9","carnitine deficiency-associated gene expressed in ventricle 3"
"Pxdn",-0.0169769861199924,0.9592,"12","peroxidasin"
"Tead1",-0.0169723375603148,0.9208,"7","TEA domain family member 1"
"Tsr1",0.0169084252013372,0.9432,"11","TSR1 20S rRNA accumulation"
"Ube2o",-0.0169057475463141,0.8692,"11","ubiquitin-conjugating enzyme E2O"
"Prep",0.0168665417309191,0.754,"10","prolyl endopeptidase"
"Cep164",-0.0168572743145168,0.9032,"9","centrosomal protein 164"
"BC031181",-0.0168335205392909,0.8932,"18","cDNA sequence BC031181"
"Rnft2",0.0168300853021597,0.8804,"5","ring finger protein, transmembrane 2"
"Tctn1",0.0168278630829959,0.91,"5","tectonic family member 1"
"Pigx",0.0168263870071623,0.9036,"16","phosphatidylinositol glycan anchor biosynthesis, class X"
"Mrpl19",-0.0168248703141298,0.844,"6","mitochondrial ribosomal protein L19"
"Sema6b",0.0167726696690744,0.8432,"17","sema domain, transmembrane domain (TM), and cytoplasmic domain, (semaphorin) 6B"
"Smarce1",-0.0167562760184135,0.9096,"11","SWI/SNF related, matrix associated, actin dependent regulator of chromatin, subfamily e, member 1"
"Col12a1",-0.0167552157051378,0.9872,"9","collagen, type XII, alpha 1"
"Ppfia3",-0.0167292283114504,0.904,"7","protein tyrosine phosphatase, receptor type, f polypeptide (PTPRF), interacting protein (liprin), alpha 3"
"Trrap",0.0166904514013657,0.9004,"5","transformation/transcription domain-associated protein"
"Rnf14",0.0166812931693467,0.6968,"18","ring finger protein 14"
"Zfp945",-0.0166735268632054,0.8768,"17","zinc finger protein 945"
"Ssx2ip",-0.0166589860340114,0.8792,"3","synovial sarcoma, X 2 interacting protein"
"Wdr48",0.0166551611633619,0.8928,"9","WD repeat domain 48"
"Zfp598",0.0166536944854743,0.9368,"17","zinc finger protein 598"
"Rabep2",-0.0166304968416791,0.8896,"7","rabaptin, RAB GTPase binding effector protein 2"
"Celf3",-0.0166265259694374,0.9872,"3","CUGBP, Elav-like family member 3"
"Map3k10",-0.0165765287985051,0.8972,"7","mitogen-activated protein kinase kinase kinase 10"
"Xrcc4",0.0165483568955782,0.9516,"13","X-ray repair complementing defective repair in Chinese hamster cells 4"
"Efcab2",-0.0165288481667991,0.9096,"1","EF-hand calcium binding domain 2"
"Kcnj11",0.0165148500427961,0.8848,"7","potassium inwardly rectifying channel, subfamily J, member 11"
"Pigo",-0.0165031850766884,0.918,"4","phosphatidylinositol glycan anchor biosynthesis, class O"
"Zfp454",-0.0164696463692615,0.9056,"11","zinc finger protein 454"
"Mtch2",0.0164649196700335,0.8104,"2","mitochondrial carrier 2"
"Tspyl3",-0.0164315123933947,0.8624,"2","TSPY-like 3"
"Krt10",-0.0164065371818602,0.8856,"11","keratin 10"
"Akap17b",0.0163969003673117,0.9196,"X","A kinase (PRKA) anchor protein 17B"
"Sgk2",-0.0163908591237925,0.9724,"2","serum/glucocorticoid regulated kinase 2"
"Ccdc167",-0.0163724570129333,0.9204,"17","coiled-coil domain containing 167"
"Naa40",0.0163447128018079,0.9684,"19","N(alpha)-acetyltransferase 40, NatD catalytic subunit"
"Lyar",0.0163169159929542,0.9384,"5","Ly1 antibody reactive clone"
"Cct7",0.016313915550306,0.8716,"6","chaperonin containing Tcp1, subunit 7 (eta)"
"Map2k5",0.0162821241169127,0.862,"9","mitogen-activated protein kinase kinase 5"
"Clstn3",0.0162690934782086,0.8184,"6","calsyntenin 3"
"Prdm4",-0.0162550711544753,0.8492,"10","PR domain containing 4"
"Cox11",0.0162192892426472,0.8092,"11","cytochrome c oxidase assembly protein 11, copper chaperone"
"Brms1l",0.0162105527158092,0.8168,"12","breast cancer metastasis-suppressor 1-like"
"Got2",-0.0162047249694783,0.9524,"8","glutamatic-oxaloacetic transaminase 2, mitochondrial"
"Rida",-0.0161247481064679,0.9792,"15","reactive intermediate imine deaminase A homolog"
"Plod1",-0.016122734161911,0.934,"4","procollagen-lysine, 2-oxoglutarate 5-dioxygenase 1"
"Lman2l",0.0160936030815559,0.7484,"1","lectin, mannose-binding 2-like"
"Grid1",0.0160071135147106,0.9452,"14","glutamate receptor, ionotropic, delta 1"
"Brinp2",0.016004072029201,0.9284,"1","bone morphogenic protein/retinoic acid inducible neural-specific 2"
"Ephb2",0.0160010022061341,0.888,"4","Eph receptor B2"
"Fastkd3",-0.0159963082806063,0.9436,"13","FAST kinase domains 3"
"Haus2",0.0159917553097246,0.9116,"2","HAUS augmin-like complex, subunit 2"
"Dennd2a",0.0159830364745979,0.7336,"6","DENN/MADD domain containing 2A"
"Fbxl19",-0.0159829634584563,0.9004,"7","F-box and leucine-rich repeat protein 19"
"Tnrc6a",0.0159663941571973,0.8832,"7","trinucleotide repeat containing 6a"
"Arpc1b",0.0159527586752843,0.9664,"5","actin related protein 2/3 complex, subunit 1B"
"Eipr1",-0.0159422567036867,0.9056,"12","EARP complex and GARP complex interacting protein 1"
"Alg13",-0.0159335694462359,0.934,"X","asparagine-linked glycosylation 13"
"Itprid2",0.0159260713937028,0.8636,"2","ITPR interacting domain containing 2"
"Tctn3",-0.0159158402053281,0.9392,"19","tectonic family member 3"
"Psmd3",-0.0159065013149826,0.8256,"11","proteasome (prosome, macropain) 26S subunit, non-ATPase, 3"
"Zfp61",-0.0159002297243438,0.8628,"7","zinc finger protein 61"
"Frmd4b",-0.0158458587990582,0.8828,"6","FERM domain containing 4B"
"Aldh3a2",-0.0158328693985936,0.718,"11","aldehyde dehydrogenase family 3, subfamily A2"
"Mcph1",0.0158326420483981,0.8776,"8","microcephaly, primary autosomal recessive 1"
"Patz1",0.0158235653265182,0.7528,"11","POZ (BTB) and AT hook containing zinc finger 1"
"Myo1e",-0.0158231027032993,0.8664,"9","myosin IE"
"Pcbp1",-0.0157838972992259,0.7952,"6","poly(rC) binding protein 1"
"Gprasp2",0.0157555241800198,0.8824,"X","G protein-coupled receptor associated sorting protein 2"
"Pgrmc2",-0.0157554261154988,0.866,"3","progesterone receptor membrane component 2"
"Myl6b",0.0157477481895998,0.9296,"10","myosin, light polypeptide 6B"
"Etfdh",0.0157378391042977,0.902,"3","electron transferring flavoprotein, dehydrogenase"
"Nomo1",0.0157325708228626,0.8248,"7","nodal modulator 1"
"Acyp1",-0.0157131737755809,0.9088,"12","acylphosphatase 1, erythrocyte (common) type"
"Prxl2a",0.01570256112179,0.9628,"14","peroxiredoxin like 2A"
"Zfp110",-0.0156840422882323,0.8492,"7","zinc finger protein 110"
"Pdk1",-0.0156391581855999,0.8568,"2","pyruvate dehydrogenase kinase, isoenzyme 1"
"Arntl2",-0.0156373623498132,0.9404,"6","aryl hydrocarbon receptor nuclear translocator-like 2"
"Cds2",0.0156269126506192,0.8796,"2","CDP-diacylglycerol synthase (phosphatidate cytidylyltransferase) 2"
"Grin2c",-0.0156071485817897,0.8768,"11","glutamate receptor, ionotropic, NMDA2C (epsilon 3)"
"Adam17",-0.0156012039241573,0.8216,"12","a disintegrin and metallopeptidase domain 17"
"Npm1",0.015578371432249,0.9084,"11","nucleophosmin 1"
"Chd5",0.015540186784416,0.9424,"4","chromodomain helicase DNA binding protein 5"
"Pmpca",0.0155198106100398,0.8688,"2","peptidase (mitochondrial processing) alpha"
"Smad9",0.0155143675897507,0.8532,"3","SMAD family member 9"
"Pja1",0.0154845334121996,0.7892,"X","praja ring finger ubiquitin ligase 1"
"Doc2b",0.0154763684190184,0.91,"11","double C2, beta"
"Zfp141",-0.0153808063470287,0.8588,"7","zinc finger protein 141"
"Cfl1",0.0153500988956381,0.9788,"19","cofilin 1, non-muscle"
"Zfp563",0.0153449859812733,0.878,"17","zinc finger protein 563"
"Otulin",-0.0153443912792102,0.9264,"15","OTU deubiquitinase with linear linkage specificity"
"Zfp706",0.0153438258925265,0.8796,"15","zinc finger protein 706"
"Foxred2",0.0153294504301389,0.9196,"15","FAD-dependent oxidoreductase domain containing 2"
"Rbm45",0.0153046414088136,0.8088,"2","RNA binding motif protein 45"
"Sun2",-0.015304226721125,0.8424,"15","Sad1 and UNC84 domain containing 2"
"Srrt",0.0153015424173804,0.8408,"5","serrate RNA effector molecule homolog (Arabidopsis)"
"Zfp316",-0.0152852644327037,0.8396,"5","zinc finger protein 316"
"Ufsp1",-0.0152826098329424,0.9516,"5","UFM1-specific peptidase 1"
"Car15",-0.0152714598106378,0.9536,"16","carbonic anhydrase 15"
"Blvra",-0.015267883516997,0.8804,"2","biliverdin reductase A"
"Me1",-0.0152218005274705,0.9428,"9","malic enzyme 1, NADP(+)-dependent, cytosolic"
"Rbm22",-0.0152190470370916,0.6584,"18","RNA binding motif protein 22"
"Mesd",0.0152129058227022,0.7964,"7","mesoderm development LRP chaperone"
"Ubr7",0.0151940674569762,0.7204,"12","ubiquitin protein ligase E3 component n-recognin 7 (putative)"
"Cldnd1",-0.0151746163569619,0.9076,"16","claudin domain containing 1"
"Fastkd5",-0.0151569914948047,0.9168,"2","FAST kinase domains 5"
"Anapc4",-0.0151490020172869,0.722,"5","anaphase promoting complex subunit 4"
"Cfap97",0.0151358427952246,0.8896,"8","cilia and flagella associated protein 97"
"Cln8",-0.0151237889008682,0.9,"8","CLN8 transmembrane ER and ERGIC protein"
"Zfp334",0.0151173617699296,0.956,"2","zinc finger protein 334"
"Ets1",-0.0151021557989881,0.9368,"9","E26 avian leukemia oncogene 1, 5' domain"
"Rnps1",-0.0150935903493137,0.7484,"17","RNA binding protein with serine rich domain 1"
"Vps11",-0.0150920087013597,0.84,"9","VPS11, CORVET/HOPS core subunit"
"Trim62",0.0150917280303076,0.84,"4","tripartite motif-containing 62"
"Rubcn",-0.015074493226261,0.8348,"16","RUN domain and cysteine-rich domain containing, Beclin 1-interacting protein"
"Plekha3",-0.015073570125069,0.9532,"2","pleckstrin homology domain-containing, family A (phosphoinositide binding specific) member 3"
"Slc25a30",0.0150249670406546,0.9612,"14","solute carrier family 25, member 30"
"Spcs3",-0.0150247126668326,0.9052,"8","signal peptidase complex subunit 3 homolog (S. cerevisiae)"
"Ccdc39",-0.015020051272804,0.978,"3","coiled-coil domain containing 39"
"Rheb",0.0149953764342712,0.9,"5","Ras homolog enriched in brain"
"Timm29",0.0149606388752952,0.7912,"9","translocase of inner mitochondrial membrane 29"
"Pank4",-0.0149416731833742,0.8656,"4","pantothenate kinase 4"
"Mmp15",-0.0149350484898587,0.8952,"8","matrix metallopeptidase 15"
"Wls",-0.0149133970832613,0.9168,"3","wntless WNT ligand secretion mediator"
"Csnk2a2",-0.0149063370516256,0.8908,"8","casein kinase 2, alpha prime polypeptide"
"Fam220a",0.0148974583647643,0.8912,"5","family with sequence similarity 220, member A"
"Fam220a",0.0148974583647643,0.8912,"5","family with sequence similarity 220, member A"
"Fam220a",0.0148974583647643,0.8912,"5","family with sequence similarity 220, member A"
"Fam220a",0.0148974583647643,0.8912,"5","family with sequence similarity 220, member A"
"Fnbp1l",0.0148934983075284,0.962,"3","formin binding protein 1-like"
"Cilk1",-0.0148513853046186,0.8788,"9","ciliogenesis associated kinase 1"
"Rnf185",-0.014814173536478,0.8724,"11","ring finger protein 185"
"Pnpla6",0.0148129356364697,0.8828,"8","patatin-like phospholipase domain containing 6"
"3110082I17Rik",-0.014802094352619,0.9048,"5","RIKEN cDNA 3110082I17 gene"
"Asf1a",0.0148004385290221,0.864,"10","anti-silencing function 1A histone chaperone"
"Gmeb1",-0.014787537811527,0.8892,"4","glucocorticoid modulatory element binding protein 1"
"Ogdhl",0.0147493025310839,0.6956,"14","oxoglutarate dehydrogenase-like"
"Stxbp6",0.0147452266141244,0.8628,"12","syntaxin binding protein 6 (amisyn)"
"Dhx40",-0.0147326226164077,0.5064,"11","DEAH (Asp-Glu-Ala-His) box polypeptide 40"
"Zcchc12",-0.014724268974561,0.848,"X","zinc finger, CCHC domain containing 12"
"Mettl6",0.0147093006665058,0.848,"14","methyltransferase like 6"
"Atg2a",-0.0147080395702446,0.9116,"19","autophagy related 2A"
"Slc15a4",0.0147054563876781,0.8648,"5","solute carrier family 15, member 4"
"Elavl1",0.0147019348477277,0.868,"8","ELAV (embryonic lethal, abnormal vision)-like 1 (Hu antigen R)"
"Zfp446",-0.0146824082836039,0.9136,"7","zinc finger protein 446"
"Hsbp1",-0.0146562072158334,0.9356,"8","heat shock factor binding protein 1"
"Washc3",0.0146448637334653,0.932,"10","WASH complex subunit 3"
"Gle1",0.0146432494342639,0.838,"2","GLE1 RNA export mediator (yeast)"
"Zfp867",0.0146415475414887,0.8664,"11","zinc finger protein 867"
"Usp39",0.0145579923444279,0.8676,"6","ubiquitin specific peptidase 39"
"Rbm7",0.0145548967840288,0.916,"9","RNA binding motif protein 7"
"BC003965",0.0145504427028635,0.894,"17","cDNA sequence BC003965"
"C2cd2l",0.014511442867164,0.8968,"9","C2 calcium-dependent domain containing 2-like"
"Slc6a8",0.0144718232932322,0.8504,"X","solute carrier family 6 (neurotransmitter transporter, creatine), member 8"
"Arf6",-0.014457706243582,0.864,"12","ADP-ribosylation factor 6"
"2310022A10Rik",-0.0144356557519645,0.886,"7","RIKEN cDNA 2310022A10 gene"
"Triqk",-0.0143906975587691,0.9312,"4","triple QxxK/R motif containing"
"Zeb2os",-0.0143823154373004,0.9624,"2","zinc finger E-box binding homeobox 2, opposite strand"
"Zmat1",0.0143446497452446,0.9072,"X","zinc finger, matrin type 1"
"Tesk1",0.0143037274215576,0.9664,"4","testis specific protein kinase 1"
"Ap3b2",0.014302743236847,0.7928,"7","adaptor-related protein complex 3, beta 2 subunit"
"Pacs2",-0.0142943485220233,0.9064,"12","phosphofurin acidic cluster sorting protein 2"
"Ist1",0.0142776183751714,0.8932,"8","increased sodium tolerance 1 homolog (yeast)"
"Tubb2a",-0.014264691942758,0.934,"13","tubulin, beta 2A class IIA"
"Mast3",-0.0142544537261688,0.8876,"8","microtubule associated serine/threonine kinase 3"
"Mkrn1",0.014239980404704,0.8288,"6","makorin, ring finger protein, 1"
"Wdr36",0.0142123600989414,0.8968,"18","WD repeat domain 36"
"Slc6a11",0.0142093928788931,0.9192,"6","solute carrier family 6 (neurotransmitter transporter, GABA), member 11"
"Bid",-0.01420859120871,0.926,"6","BH3 interacting domain death agonist"
"Mapkapk5",-0.0142027549957024,0.81,"5","MAP kinase-activated protein kinase 5"
"Nova1",0.0141850132133143,0.9204,"12","NOVA alternative splicing regulator 1"
"Stk32c",-0.014179487643224,0.908,"7","serine/threonine kinase 32C"
"BC034090",-0.0141787230516699,0.9156,"1","cDNA sequence BC034090"
"Hdac1",-0.0141742752425102,0.9204,"4","histone deacetylase 1"
"Tiprl",0.0141721551732426,0.9024,"1","TIP41, TOR signalling pathway regulator-like (S. cerevisiae)"
"Bicdl1",-0.0141664871880911,0.9232,"5","BICD family like cargo adaptor 1"
"Tifa",0.0141569847084697,0.926,"3","TRAF-interacting protein with forkhead-associated domain"
"Sox21",0.0141547032862865,0.9392,"14","SRY (sex determining region Y)-box 21"
"R3hcc1",-0.0141129672542917,0.9288,"14","R3H domain and coiled-coil containing 1"
"Fasn",0.0141082217598996,0.8388,"11","fatty acid synthase"
"Hsd17b7",0.0141015954694002,0.8452,"1","hydroxysteroid (17-beta) dehydrogenase 7"
"Kctd18",-0.0140811052450189,0.8384,"1","potassium channel tetramerisation domain containing 18"
"Pfkfb2",-0.0140712205353539,0.9336,"1","6-phosphofructo-2-kinase/fructose-2,6-biphosphatase 2"
"Zranb1",0.0139978570321277,0.9148,"7","zinc finger, RAN-binding domain containing 1"
"Pcdhga9",-0.0139840748548203,0.954,"18","protocadherin gamma subfamily A, 9"
"Bag6",-0.0139689186972047,0.868,"17","BCL2-associated athanogene 6"
"Sema4g",0.0139655362403133,0.9368,"19","sema domain, immunoglobulin domain (Ig), transmembrane domain (TM) and short cytoplasmic domain, (semaphorin) 4G"
"Ppm1g",0.0139537618049195,0.8524,"5","protein phosphatase 1G (formerly 2C), magnesium-dependent, gamma isoform"
"Coq7",-0.0139381546183222,0.9444,"7","demethyl-Q 7"
"Gpbp1",0.0139241776887244,0.7492,"13","GC-rich promoter binding protein 1"
"Clip2",-0.0139175168090357,0.8648,"5","CAP-GLY domain containing linker protein 2"
"Zfp655",-0.0138999570626614,0.9492,"5","zinc finger protein 655"
"Wdr17",-0.0138601924934614,0.8976,"8","WD repeat domain 17"
"Emc7",0.013850934156415,0.894,"2","ER membrane protein complex subunit 7"
"Idh3a",-0.0138465725340016,0.8692,"9","isocitrate dehydrogenase 3 (NAD+) alpha"
"Recql",0.0138443126622727,0.9268,"6","RecQ protein-like"
"Rragb",0.0138325478424628,0.94,"X","Ras-related GTP binding B"
"Gpx8",-0.0137988569015941,0.9524,"13","glutathione peroxidase 8 (putative)"
"Fbxl16",0.0137983294783872,0.9492,"17","F-box and leucine-rich repeat protein 16"
"Ltbr",0.0137435877633627,0.906,"6","lymphotoxin B receptor"
"Exoc1",0.0137418573080499,0.9168,"5","exocyst complex component 1"
"Mlx",-0.0137048488265021,0.9196,"11","MAX-like protein X"
"Tgm2",0.013704314935898,0.9516,"2","transglutaminase 2, C polypeptide"
"Usf2",0.0136782481216908,0.9324,"7","upstream transcription factor 2"
"Nmt1",0.013674114369179,0.8084,"11","N-myristoyltransferase 1"
"Prkaca",-0.013673696735383,0.9208,"8","protein kinase, cAMP dependent, catalytic, alpha"
"Ccl27a",-0.0136694888796107,0.8856,"4","chemokine (C-C motif) ligand 27A"
"Ccl27a",-0.0136694888796107,0.8856,"4","chemokine (C-C motif) ligand 27A"
"Ccl27a",-0.0136694888796107,0.8856,"4","chemokine (C-C motif) ligand 27A"
"Aaas",-0.0136645959755821,0.9348,"15","achalasia, adrenocortical insufficiency, alacrimia"
"Lrp4",0.0136448418373405,0.9188,"2","low density lipoprotein receptor-related protein 4"
"Aatk",-0.013633924425946,0.8132,"11","apoptosis-associated tyrosine kinase"
"Kif26a",0.0136052740463297,0.9876,"12","kinesin family member 26A"
"Hey1",0.0135962179226254,0.858,"3","hairy/enhancer-of-split related with YRPW motif 1"
"Ranbp10",-0.0135582480136005,0.9152,"8","RAN binding protein 10"
"Prmt6",-0.0135339845960409,0.8532,"3","protein arginine N-methyltransferase 6"
"Exog",-0.013531502105077,0.882,"9","endo/exonuclease (5'-3'), endonuclease G-like"
"Plxna3",-0.0135274157624714,0.9464,"X","plexin A3"
"Slc38a7",-0.013457350882903,0.9016,"8","solute carrier family 38, member 7"
"Eif2ak4",0.0134447188365661,0.9456,"2","eukaryotic translation initiation factor 2 alpha kinase 4"
"E130311K13Rik",-0.0134446933087999,0.9016,"3","RIKEN cDNA E130311K13 gene"
"Kcnk10",0.0134403920457107,0.884,"12","potassium channel, subfamily K, member 10"
"Stim1",-0.0134402655998862,0.964,"7","stromal interaction molecule 1"
"Thtpa",0.0134345610873625,0.9084,"14","thiamine triphosphatase"
"Camkmt",-0.0134151037014352,0.9344,"17","calmodulin-lysine N-methyltransferase"
"Ampd3",-0.0134098985274171,0.892,"7","adenosine monophosphate deaminase 3"
"Mrrf",-0.0133768996187813,0.8804,"2","mitochondrial ribosome recycling factor"
"Cd33",-0.0133530598143159,0.9524,"7","CD33 antigen"
"Nars2",-0.0133310288653905,0.9112,"7","asparaginyl-tRNA synthetase 2 (mitochondrial)(putative)"
"Cnbp",-0.0132777642987518,0.9156,"6","cellular nucleic acid binding protein"
"Rbm43",-0.0132758271560727,0.9516,"2","RNA binding motif protein 43"
"Nemp2",-0.0132741882777594,0.9272,"1","nuclear envelope integral membrane protein 2"
"Cacna2d2",-0.0132654815115711,0.9308,"9","calcium channel, voltage-dependent, alpha 2/delta subunit 2"
"Zscan21",0.013247439033417,0.8804,"5","zinc finger and SCAN domain containing 21"
"Phka1",-0.0132261064276715,0.8688,"X","phosphorylase kinase alpha 1"
"Atxn7l3",-0.0132210036326565,0.922,"11","ataxin 7-like 3"
"Zfp532",-0.0132182490452646,0.852,"18","zinc finger protein 532"
"Calm1",-0.0132167038396549,0.91,"12","calmodulin 1"
"Lhfpl3",-0.013208418989354,0.948,"5","lipoma HMGIC fusion partner-like 3"
"Ebna1bp2",-0.0132026319485519,0.8412,"4","EBNA1 binding protein 2"
"Kdm1a",0.0131995060254164,0.8868,"4","lysine (K)-specific demethylase 1A"
"Igdcc4",-0.0131592846626489,0.8552,"9","immunoglobulin superfamily, DCC subclass, member 4"
"Cmas",-0.0131392184082593,0.808,"6","cytidine monophospho-N-acetylneuraminic acid synthetase"
"Golga7",-0.0131366871891574,0.9168,"8","golgi autoantigen, golgin subfamily a, 7"
"Golga7",-0.0131366871891574,0.9168,"8","golgi autoantigen, golgin subfamily a, 7"
"Prpf6",-0.0131349323077483,0.7952,"2","pre-mRNA splicing factor 6"
"Ackr1",0.013097655780391,0.9372,"1","atypical chemokine receptor 1 (Duffy blood group)"
"Grpel2",0.0130961697103116,0.814,"18","GrpE-like 2, mitochondrial"
"Wdr41",0.013067953040264,0.8348,"13","WD repeat domain 41"
"Igip",-0.0130640223824834,0.954,"18","IgA inducing protein"
"Gm13446",0.0130407585252734,0.962,"2","predicted gene 13446"
"Ptprr",0.0130258728507351,0.8988,"10","protein tyrosine phosphatase, receptor type, R"
"Utp14b",0.0130136424526022,0.9308,"1","UTP14B small subunit processome component"
"Bud31",-0.0129958303757496,0.9564,"5","BUD31 homolog"
"Clvs2",0.0129784923410643,0.88,"10","clavesin 2"
"Tspan12",0.0129741948836113,0.9468,"6","tetraspanin 12"
"Pomt2",0.0129638721139251,0.8948,"12","protein-O-mannosyltransferase 2"
"Ppil4",0.0129075056651651,0.8764,"10","peptidylprolyl isomerase (cyclophilin)-like 4"
"Wdr82",-0.012885619461672,0.8248,"9","WD repeat domain containing 82"
"Ankmy2",0.0128757421145806,0.8812,"12","ankyrin repeat and MYND domain containing 2"
"Rab33b",-0.0128461015594432,0.9196,"3","RAB33B, member RAS oncogene family"
"Flna",0.0128305510880793,0.9568,"X","filamin, alpha"
"Slc8a2",0.0128172687001005,0.9232,"7","solute carrier family 8 (sodium/calcium exchanger), member 2"
"Dnajc17",-0.0127950144438698,0.9316,"2","DnaJ heat shock protein family (Hsp40) member C17"
"Smug1",-0.0127353610190055,0.8664,"15","single-strand selective monofunctional uracil DNA glycosylase"
"Zmynd19",-0.0127353488075359,0.8888,"2","zinc finger, MYND domain containing 19"
"Tm9sf4",0.012731974170352,0.8332,"2","transmembrane 9 superfamily member 4"
"Tmem165",-0.0127164897377803,0.858,"5","transmembrane protein 165"
"Pdcl3",-0.0126858850167313,0.8732,"1","phosducin-like 3"
"1700008O03Rik",-0.0126853018524278,0.9608,"7","RIKEN cDNA 1700008O03 gene"
"Zfp512",0.0126677829090784,0.8172,"5","zinc finger protein 512"
"Tuba1b",-0.0126565073967484,0.9132,"15","tubulin, alpha 1B"
"Hlf",-0.0126247682875942,0.9492,"11","hepatic leukemia factor"
"Sh3bgrl",-0.0126234932331846,0.852,"X","SH3-binding domain glutamic acid-rich protein like"
"Ccdc65",0.012554088244165,0.994,"15","coiled-coil domain containing 65"
"Zyx",0.0125360029492034,0.9416,"6","zyxin"
"Tnpo3",0.0125347241323492,0.8716,"6","transportin 3"
"Erp44",-0.0125323947365308,0.8384,"4","endoplasmic reticulum protein 44"
"Tshz1",0.0125052295472292,0.904,"18","teashirt zinc finger family member 1"
"Ctso",0.0124681823067574,0.9628,"3","cathepsin O"
"Pde7b",0.012448528160256,0.9268,"10","phosphodiesterase 7B"
"Plcl2",0.0124383928263931,0.9144,"17","phospholipase C-like 2"
"Afg3l1",-0.0123854598324149,0.8952,"8","AFG3-like AAA ATPase 1"
"Nsg2",0.0123774479204357,0.9036,"11","neuron specific gene family member 2"
"Tmem29",0.0123193824218699,0.796,"X","transmembrane protein 29"
"Eprs",-0.0122989058086205,0.7036,"1","glutamyl-prolyl-tRNA synthetase"
"Rem2",0.0122884726759089,0.9632,"14","rad and gem related GTP binding protein 2"
"Smg5",0.012282630759695,0.8332,"3","SMG5 nonsense mediated mRNA decay factor"
"Vti1a",-0.0122780933159037,0.75,"19","vesicle transport through interaction with t-SNAREs 1A"
"Csnk1e",-0.0122719037996015,0.8384,"15","casein kinase 1, epsilon"
"Mmd",0.0122608966632622,0.9256,"11","monocyte to macrophage differentiation-associated"
"Gtf2h1",0.0122519584085534,0.736,"7","general transcription factor II H, polypeptide 1"
"Eml2",-0.0122414790418111,0.9068,"7","echinoderm microtubule associated protein like 2"
"Mbd2",0.0122389025585194,0.9156,"18","methyl-CpG binding domain protein 2"
"Mrpl34",-0.0122180861198498,0.9384,"8","mitochondrial ribosomal protein L34"
"Spats2",-0.0122095650813199,0.8044,"15","spermatogenesis associated, serine-rich 2"
"Kcnj4",0.0121976563942372,0.9568,"15","potassium inwardly-rectifying channel, subfamily J, member 4"
"Btf3l4",0.0121707398272095,0.8764,"4","basic transcription factor 3-like 4"
"Ifngr2",0.0121572903136391,0.8844,"16","interferon gamma receptor 2"
"Rps26",0.0121488679815931,0.9724,"10","ribosomal protein S26"
"Pcdhb13",-0.0121375147617098,0.9484,"18","protocadherin beta 13"
"Ccdc97",0.0121255754275547,0.8796,"7","coiled-coil domain containing 97"
"Kdelr2",-0.0120939636740687,0.9068,"5","KDEL (Lys-Asp-Glu-Leu) endoplasmic reticulum protein retention receptor 2"
"Jade3",-0.0120831729774897,0.9512,"X","jade family PHD finger 3"
"Arpc5l",-0.0120820224220779,0.9612,"2","actin related protein 2/3 complex, subunit 5-like"
"Pcna",0.0120694820969982,0.888,"2","proliferating cell nuclear antigen"
"Trmt61b",-0.0120631895238597,0.9284,"17","tRNA methyltransferase 61B"
"Idh3b",-0.0120536160091156,0.9004,"2","isocitrate dehydrogenase 3 (NAD+) beta"
"Ndufaf1",0.0120381241357999,0.8636,"2","NADH:ubiquinone oxidoreductase complex assembly factor 1"
"Rab12",-0.0120051566504547,0.896,"17","RAB12, member RAS oncogene family"
"Cul9",-0.0119924427019127,0.9128,"17","cullin 9"
"Esyt3",-0.0119660724124182,0.9816,"9","extended synaptotagmin-like protein 3"
"Plekha5",-0.0119611936660169,0.926,"6","pleckstrin homology domain containing, family A member 5"
"Socs5",-0.0119413844286091,0.9168,"17","suppressor of cytokine signaling 5"
"Ociad2",-0.0119388463843109,0.8728,"5","OCIA domain containing 2"
"Arl14ep",0.0119318692904953,0.8916,"2","ADP-ribosylation factor-like 14 effector protein"
"Dbndd2",-0.0119021125771592,0.9532,"2","dysbindin (dystrobrevin binding protein 1) domain containing 2"
"Kmt2d",-0.0118989272389642,0.9688,"15","lysine (K)-specific methyltransferase 2D"
"Mapkap1",-0.0118920413825201,0.836,"2","mitogen-activated protein kinase associated protein 1"
"Eml1",-0.0118729464867924,0.9508,"12","echinoderm microtubule associated protein like 1"
"Klhl8",-0.011838984868084,0.8832,"5","kelch-like 8"
"Lrrtm3",0.0118333600886524,0.9648,"10","leucine rich repeat transmembrane neuronal 3"
"Tmem161b",-0.0118270425160585,0.9548,"13","transmembrane protein 161B"
"Swap70",-0.0118264872792238,0.9052,"7","SWA-70 protein"
"Lrrc59",-0.0118137277009893,0.87,"11","leucine rich repeat containing 59"
"Aco2",-0.0117998038216047,0.9572,"15","aconitase 2, mitochondrial"
"Kctd6",-0.0117900937181572,0.8824,"14","potassium channel tetramerisation domain containing 6"
"Zfp689",0.0117789606979719,0.9036,"7","zinc finger protein 689"
"Cacng7",0.0117685724422083,0.954,"7","calcium channel, voltage-dependent, gamma subunit 7"
"1700037H04Rik",0.0117425217126303,0.9416,"2","RIKEN cDNA 1700037H04 gene"
"Cntrob",-0.0117349103736211,0.9568,"11","centrobin, centrosomal BRCA2 interacting protein"
"N4bp1",0.0117340515086601,0.848,"8","NEDD4 binding protein 1"
"Cbr3",-0.0117125459635519,0.9868,"16","carbonyl reductase 3"
"Rabif",0.0116994959189594,0.934,"1","RAB interacting factor"
"Stat1",0.0116864582985787,0.91,"1","signal transducer and activator of transcription 1"
"Ing3",0.011683798170953,0.8836,"6","inhibitor of growth family, member 3"
"Trerf1",0.0116654149670214,0.9404,"17","transcriptional regulating factor 1"
"Mkrn2",-0.0116598430854662,0.8872,"6","makorin, ring finger protein, 2"
"Phf24",0.0116321412498106,0.9596,"4","PHD finger protein 24"
"Zfp426",-0.0116304501897107,0.7728,"9","zinc finger protein 426"
"Mex3d",0.0116072944769674,0.8664,"10","mex3 RNA binding family member D"
"Mboat2",0.0115973274839059,0.9292,"12","membrane bound O-acyltransferase domain containing 2"
"Suz12",0.0115742252750808,0.8492,"11","SUZ12 polycomb repressive complex 2 subunit"
"Elovl5",0.0115231436439514,0.8976,"9","ELOVL family member 5, elongation of long chain fatty acids (yeast)"
"Tusc2",0.0115210603834104,0.9272,"9","tumor suppressor 2, mitochondrial calcium regulator"
"Dnaja2",0.0115207174227994,0.8528,"8","DnaJ heat shock protein family (Hsp40) member A2"
"Nvl",0.0115195777921011,0.9492,"1","nuclear VCP-like"
"Nat10",0.0114961937221221,0.9676,"2","N-acetyltransferase 10"
"Dll1",-0.0114723927238822,0.9544,"17","delta like canonical Notch ligand 1"
"Armc1",-0.0114590497339213,0.8104,"3","armadillo repeat containing 1"
"Fam43b",-0.0114404569071036,0.9728,"4","family with sequence similarity 43, member B"
"Nectin1",0.0114072100916633,0.976,"9","nectin cell adhesion molecule 1"
"Mllt6",-0.0114056530536013,0.926,"11","myeloid/lymphoid or mixed-lineage leukemia; translocated to, 6"
"Pfkm",0.0113954121779045,0.8652,"15","phosphofructokinase, muscle"
"Pon2",-0.0113206096864422,0.9292,"6","paraoxonase 2"
"Nrep",-0.0112787962438556,0.9708,"18","neuronal regeneration related protein"
"Timp2",-0.0112639601298783,0.9172,"11","tissue inhibitor of metalloproteinase 2"
"Nmrk1",0.0112500140876088,0.8892,"19","nicotinamide riboside kinase 1"
"Tmem100",0.0112488857488655,0.9768,"11","transmembrane protein 100"
"Rab2b",0.0111896011167945,0.9444,"14","RAB2B, member RAS oncogene family"
"Ppp6r1",0.0111811437298313,0.9096,"7","protein phosphatase 6, regulatory subunit 1"
"Zgrf1",-0.0111780982841263,0.9256,"3","zinc finger, GRF-type containing 1"
"Apeh",0.0111448407630097,0.868,"9","acylpeptide hydrolase"
"Rab11a",-0.0111434689526275,0.856,"9","RAB11A, member RAS oncogene family"
"Snx19",0.0111266058317847,0.8464,"9","sorting nexin 19"
"Acot9",-0.0111212633027384,0.9416,"X","acyl-CoA thioesterase 9"
"Git2",0.0110885303231685,0.9108,"5","GIT ArfGAP 2"
"Tubb4a",0.0110605895008327,0.9732,"17","tubulin, beta 4A class IVA"
"Zfp930",0.0110466562880114,0.9468,"8","zinc finger protein 930"
"Kifc2",-0.011028409168544,0.9396,"15","kinesin family member C2"
"Pcyt1b",-0.010997683824483,0.8736,"X","phosphate cytidylyltransferase 1, choline, beta isoform"
"Polg",0.0109583490540208,0.9636,"7","polymerase (DNA directed), gamma"
"Col8a2",-0.0109382265098463,0.9684,"4","collagen, type VIII, alpha 2"
"Rit2",-0.0109371022009093,0.908,"18","Ras-like without CAAX 2"
"Fkbp1a",-0.0109335320195534,0.9496,"2","FK506 binding protein 1a"
"Thoc5",-0.0109138920648331,0.9164,"11","THO complex 5"
"Fto",0.010910139865703,0.8672,"8","fat mass and obesity associated"
"Phyhipl",0.0109092125374239,0.876,"10","phytanoyl-CoA hydroxylase interacting protein-like"
"Phyhipl",0.0109092125374239,0.876,"10","phytanoyl-CoA hydroxylase interacting protein-like"
"Ggh",0.0108712623092933,0.9652,"4","gamma-glutamyl hydrolase"
"Immt",0.0108710743577882,0.878,"6","inner membrane protein, mitochondrial"
"Nup188",-0.0108694033609211,0.9008,"2","nucleoporin 188"
"4931406C07Rik",0.0108589288706105,0.874,"9","RIKEN cDNA 4931406C07 gene"
"Ntn1",0.0108388449378045,0.956,"11","netrin 1"
"Ccdc22",0.0108256507009461,0.9068,"X","coiled-coil domain containing 22"
"Sgsm1",0.0108225945067906,0.9792,"5","small G protein signaling modulator 1"
"Snx10",0.0108064440272413,0.9096,"6","sorting nexin 10"
"Tead3",-0.0107784759514287,0.9448,"17","TEA domain family member 3"
"Alg1",-0.0107739379889318,0.8848,"16","asparagine-linked glycosylation 1 (beta-1,4-mannosyltransferase)"
"Msl3l2",-0.0107710493896853,0.9512,"10","MSL3 like 2"
"Car5b",-0.0107634957774307,0.9524,"X","carbonic anhydrase 5b, mitochondrial"
"Magef1",-0.010725058902993,0.964,"16","MAGE family member F1"
"Plxnb1",0.0107143732736583,0.9648,"9","plexin B1"
"Dennd4b",-0.01071053408553,0.8252,"3","DENN/MADD domain containing 4B"
"Ppp1r7",0.0107072635653811,0.862,"1","protein phosphatase 1, regulatory subunit 7"
"Lmo2",0.010706886565274,0.9336,"2","LIM domain only 2"
"Dlg4",-0.0106918744743929,0.9588,"11","discs large MAGUK scaffold protein 4"
"Rnf144b",-0.0106516352391592,0.9796,"13","ring finger protein 144B"
"Mir568",0.0106434542320257,0.9604,"16","microRNA 568"
"Ei24",-0.0106313868119772,0.9412,"9","etoposide induced 2.4 mRNA"
"Spsb1",-0.01062225859057,0.9484,"4","splA/ryanodine receptor domain and SOCS box containing 1"
"Ppp2r5d",0.0106195961299891,0.8828,"17","protein phosphatase 2, regulatory subunit B', delta"
"Rgs3",-0.0106057125012473,0.9592,"4","regulator of G-protein signaling 3"
"Erg28",0.0105690777053029,0.9468,"12","ergosterol biosynthesis 28"
"Tlr3",0.0105526439432726,0.928,"8","toll-like receptor 3"
"Blmh",-0.0105391747067873,0.9652,"11","bleomycin hydrolase"
"Cck",-0.0105251437180982,0.9348,"9","cholecystokinin"
"Klhl36",0.0105203149645079,0.9236,"8","kelch-like 36"
"Rxra",-0.0105026273619462,0.928,"2","retinoid X receptor alpha"
"Cct3",0.0104762295650804,0.9168,"3","chaperonin containing Tcp1, subunit 3 (gamma)"
"2310033P09Rik",-0.010444236193683,0.9452,"11","RIKEN cDNA 2310033P09 gene"
"Tubgcp5",0.0104337422452585,0.9704,"7","tubulin, gamma complex associated protein 5"
"Baz1b",0.0104034209900625,0.948,"5","bromodomain adjacent to zinc finger domain, 1B"
"Polq",-0.0103800370002904,0.952,"16","polymerase (DNA directed), theta"
"Polr3c",-0.0103541787347181,0.8676,"3","polymerase (RNA) III (DNA directed) polypeptide C"
"Tcf7l1",-0.0103462007017132,0.9332,"6","transcription factor 7 like 1 (T cell specific, HMG box)"
"Hes5",-0.0103382247611072,0.9692,"4","hes family bHLH transcription factor 5"
"Insyn1",-0.010316646469354,0.9204,"9","inhibitory synaptic factor 1"
"Pnrc2",0.0103071680409315,0.9452,"4","proline-rich nuclear receptor coactivator 2"
"Hpcal4",-0.0103049373035038,0.9192,"4","hippocalcin-like 4"
"Tns2",0.0102848322996403,0.9752,"15","tensin 2"
"Rnf4",0.0102648750174152,0.936,"5","ring finger protein 4"
"Tkfc",-0.0102485968984354,0.948,"19","triokinase, FMN cyclase"
"Col1a2",0.0102329817171647,0.9784,"6","collagen, type I, alpha 2"
"Sugp1",0.0102001311081237,0.882,"8","SURP and G patch domain containing 1"
"Nln",-0.0101901417154817,0.8788,"13","neurolysin (metallopeptidase M3 family)"
"Hmgxb3",0.0101624647713052,0.8348,"18","HMG box domain containing 3"
"Flcn",-0.0101377333579382,0.938,"11","folliculin"
"Zfp933",-0.0101232779648779,0.9452,"4","zinc finger protein 933"
"Mybbp1a",-0.0101168087232102,0.916,"11","MYB binding protein (P160) 1a"
"Fyn",0.0101119389433615,0.9228,"10","Fyn proto-oncogene"
"Uap1l1",-0.0100629714908691,0.93,"2","UDP-N-acteylglucosamine pyrophosphorylase 1-like 1"
"Chn1",-0.0100529984182618,0.9376,"2","chimerin 1"
"Tmem39b",-0.0100506864648278,0.95,"4","transmembrane protein 39b"
"Ppfia1",0.0100445122317101,0.89,"7","protein tyrosine phosphatase, receptor type, f polypeptide (PTPRF), interacting protein (liprin), alpha 1"
"Atxn7",-0.0100374331297939,0.9548,"14","ataxin 7"
"Csmd1",0.0100220635233041,0.9776,"8","CUB and Sushi multiple domains 1"
"Tbc1d9b",-0.0100209765099368,0.932,"11","TBC1 domain family, member 9B"
"Derl2",0.00999324515564304,0.8908,"11","Der1-like domain family, member 2"
"Uba2",-0.00998498948381688,0.9352,"7","ubiquitin-like modifier activating enzyme 2"
"Eif2b5",-0.00995927537759211,0.9616,"16","eukaryotic translation initiation factor 2B, subunit 5 epsilon"
"Cdkn2aipnl",0.00995747807675418,0.9544,"11","CDKN2A interacting protein N-terminal like"
"Arl6ip1",0.00995351044744019,0.9696,"7","ADP-ribosylation factor-like 6 interacting protein 1"
"Nid1",0.00994867407784561,0.994,"13","nidogen 1"
"Ube2a",0.00993456277954152,0.8504,"X","ubiquitin-conjugating enzyme E2A"
"Rnf26",0.0099246498252068,0.9392,"9","ring finger protein 26"
"Rasa3",-0.00990589094035244,0.9208,"8","RAS p21 protein activator 3"
"Bbs2",0.00986632825948153,0.8928,"8","Bardet-Biedl syndrome 2 (human)"
"Impa1",-0.00984897350324143,0.916,"3","inositol (myo)-1(or 4)-monophosphatase 1"
"Tmem39a",0.00984169352683306,0.926,"16","transmembrane protein 39a"
"Ywhaq",-0.00981753914946903,0.8788,"12","tyrosine 3-monooxygenase/tryptophan 5-monooxygenase activation protein theta"
"Klf15",0.00980507539846975,0.9636,"6","Kruppel-like factor 15"
"Dazap2",0.00979342225911672,0.944,"15","DAZ associated protein 2"
"Prr3",-0.00975911599390855,0.9536,"17","proline-rich polypeptide 3"
"Cdh24",-0.00975553061361456,0.994,"14","cadherin-like 24"
"Mlf2",-0.00973630015926297,0.876,"6","myeloid leukemia factor 2"
"Grb10",-0.00971734320470041,0.9392,"11","growth factor receptor bound protein 10"
"Nrg2",-0.00971301305244587,0.8948,"18","neuregulin 2"
"Pprc1",0.00969397111616566,0.9568,"19","peroxisome proliferative activated receptor, gamma, coactivator-related 1"
"Mgat5b",-0.0096749468244397,0.9784,"11","mannoside acetylglucosaminyltransferase 5, isoenzyme B"
"Nckap5l",-0.00967025346419348,0.946,"15","NCK-associated protein 5-like"
"2210408F21Rik",-0.0096630227243053,0.948,"6","RIKEN cDNA 2210408F21 gene"
"Men1",-0.00965102408728402,0.9136,"19","multiple endocrine neoplasia 1"
"Dkc1",0.00963323669316374,0.9056,"X","dyskeratosis congenita 1, dyskerin"
"Ncbp1",0.00961838804413784,0.9068,"4","nuclear cap binding protein subunit 1"
"Nsun2",-0.0096165237225625,0.7916,"13","NOL1/NOP2/Sun domain family member 2"
"Dync1h1",0.00961100323245212,0.9616,"12","dynein cytoplasmic 1 heavy chain 1"
"Ccdc43",0.00961071090338095,0.9372,"11","coiled-coil domain containing 43"
"Atp1a1",0.0095655856676391,0.9332,"3","ATPase, Na+/K+ transporting, alpha 1 polypeptide"
"B3galt1",-0.00954004285254051,0.9352,"2","UDP-Gal:betaGlcNAc beta 1,3-galactosyltransferase, polypeptide 1"
"Rapgef3",0.009519174874419,0.9596,"15","Rap guanine nucleotide exchange factor (GEF) 3"
"U2af2",-0.00950823628862807,0.8992,"7","U2 small nuclear ribonucleoprotein auxiliary factor (U2AF) 2"
"Map3k7",0.00949147190775701,0.9,"4","mitogen-activated protein kinase kinase kinase 7"
"Pdxdc1",-0.00949112521760132,0.912,"16","pyridoxal-dependent decarboxylase domain containing 1"
"Bcas3",-0.00948709460931685,0.9436,"11","BCAS3 microtubule associated cell migration factor"
"Actr8",0.00946781380721262,0.8408,"14","ARP8 actin-related protein 8"
"Tial1",0.00946423855948009,0.946,"7","Tia1 cytotoxic granule-associated RNA binding protein-like 1"
"Vtn",-0.00946400098227862,0.994,"11","vitronectin"
"Rapgef1",0.00946245892899444,0.9112,"2","Rap guanine nucleotide exchange factor (GEF) 1"
"Bsdc1",-0.00945745428297862,0.9196,"4","BSD domain containing 1"
"Ccdc136",-0.00941320971728299,0.9208,"6","coiled-coil domain containing 136"
"Ess2",-0.00938878992631764,0.9448,"16","ess-2 splicing factor"
"Hinfp",-0.00937312451555705,0.9704,"9","histone H4 transcription factor"
"1700029J07Rik",-0.00936100580844013,0.9564,"8","RIKEN cDNA 1700029J07 gene"
"Actr1b",-0.00935414865366901,0.806,"1","ARP1 actin-related protein 1B, centractin beta"
"Wdr54",-0.00933668386711561,0.9396,"6","WD repeat domain 54"
"Pkd1",-0.00933593446052683,0.9636,"17","polycystin 1, transient receptor potential channel interacting"
"Snx6",-0.00931991559288292,0.9308,"12","sorting nexin 6"
"Ccdc149",0.009313854191908,0.9368,"5","coiled-coil domain containing 149"
"Cwf19l1",0.00930132707779663,0.8996,"19","CWF19-like 1, cell cycle control (S. pombe)"
"Ptprs",0.00929477463512107,0.8988,"17","protein tyrosine phosphatase, receptor type, S"
"Arf3",0.00927056527790882,0.964,"15","ADP-ribosylation factor 3"
"Smndc1",0.00926737639563058,0.8876,"19","survival motor neuron domain containing 1"
"Zranb3",-0.00925973413424375,0.9152,"1","zinc finger, RAN-binding domain containing 3"
"Elp2",0.00925687891123683,0.9088,"18","elongator acetyltransferase complex subunit 2"
"Abcc5",-0.00925088420381659,0.978,"16","ATP-binding cassette, sub-family C (CFTR/MRP), member 5"
"Tmem43",-0.0092110245164907,0.8448,"6","transmembrane protein 43"
"Clgn",0.00918119874980627,0.994,"8","calmegin"
"Tex9",-0.00916094814964241,0.9312,"9","testis expressed gene 9"
"Tomm20",-0.00912615608368306,0.9276,"8","translocase of outer mitochondrial membrane 20"
"Stmn2",0.00912422875407337,0.9408,"3","stathmin-like 2"
"Tgfbr2",0.00912059336600768,0.9796,"9","transforming growth factor, beta receptor II"
"Sqle",-0.00911886740481904,0.8732,"15","squalene epoxidase"
"Bcl2",-0.00911825713994485,0.9188,"1","B cell leukemia/lymphoma 2"
"Usp21",0.00909020089262302,0.9148,"1","ubiquitin specific peptidase 21"
"Ntm",-0.00906821371848032,0.9876,"9","neurotrimin"
"Gab1",-0.00906715593708007,0.9628,"8","growth factor receptor bound protein 2-associated protein 1"
"Syne2",0.00906541306349862,0.9856,"12","spectrin repeat containing, nuclear envelope 2"
"St7l",0.0090299035819168,0.9044,"3","suppression of tumorigenicity 7-like"
"Ptcd2",-0.00900391994641048,0.938,"13","pentatricopeptide repeat domain 2"
"Pogk",0.00899112123853207,0.9788,"1","pogo transposable element with KRAB domain"
"Ampd2",0.00896533569412661,0.8948,"3","adenosine monophosphate deaminase 2"
"Ankdd1b",0.00896481903044721,0.9688,"13","ankyrin repeat and death domain containing 1B"
"Slc7a4",0.00896373181454635,0.9544,"16","solute carrier family 7 (cationic amino acid transporter, y+ system), member 4"
"Aagab",0.00894676479737821,0.9288,"9","alpha- and gamma-adaptin binding protein"
"Agap2",0.00893600597405353,0.9388,"10","ArfGAP with GTPase domain, ankyrin repeat and PH domain 2"
"Mns1",-0.00893490844534828,0.9728,"9","meiosis-specific nuclear structural protein 1"
"Tbc1d8",0.00890892701583512,0.9576,"1","TBC1 domain family, member 8"
"Coq9",0.00890794260628613,0.9164,"8","coenzyme Q9"
"Tmeff2",0.00889894332364349,0.9464,"1","transmembrane protein with EGF-like and two follistatin-like domains 2"
"Hcfc2",0.0088764205508749,0.9548,"10","host cell factor C2"
"Ap5m1",-0.0088633064254946,0.9224,"14","adaptor-related protein complex 5, mu 1 subunit"
"Sirt2",-0.0088367433675165,0.9628,"7","sirtuin 2"
"Utp15",-0.00881685409411137,0.9604,"13","UTP15 small subunit processome component"
"Sytl5",0.00880398733882126,0.994,"X","synaptotagmin-like 5"
"Eef2",-0.00879510173876064,0.932,"10","eukaryotic translation elongation factor 2"
"Nqo2",-0.00879156374741719,0.9536,"13","N-ribosyldihydronicotinamide quinone reductase 2"
"Zfp942",-0.00878872985247625,0.8512,"17","zinc finger protein 942"
"Gaa",-0.00871684601738387,0.9224,"11","glucosidase, alpha, acid"
"C330018D20Rik",-0.00871630474024698,0.9476,"18","RIKEN cDNA C330018D20 gene"
"Tspan3",-0.00870456056160229,0.9224,"9","tetraspanin 3"
"Eno2",-0.00868085025424215,0.9124,"6","enolase 2, gamma neuronal"
"Mcc",0.00867775151201711,0.9144,"18","mutated in colorectal cancers"
"Nfyb",0.00866584654912117,0.9376,"10","nuclear transcription factor-Y beta"
"Aldh6a1",-0.00864652934449861,0.9052,"12","aldehyde dehydrogenase family 6, subfamily A1"
"Vps53",0.00862369175340572,0.9248,"11","VPS53 GARP complex subunit"
"Zxdb",-0.00861455359743335,0.9524,"X","zinc finger, X-linked, duplicated B"
"Chchd3",-0.00861015310282376,0.958,"6","coiled-coil-helix-coiled-coil-helix domain containing 3"
"Sat1",0.00859474021014162,0.9232,"X","spermidine/spermine N1-acetyl transferase 1"
"Kifbp",-0.00859208764199337,0.7988,"10","kinesin family binding protein"
"Csk",0.00858769176233487,0.8972,"9","c-src tyrosine kinase"
"Unc50",0.00858442279875415,0.96,"1","unc-50 homolog"
"Rxylt1",0.00857367358628203,0.964,"10","ribitol xylosyltransferase 1"
"Pnrc1",-0.00854496106650604,0.9484,"4","proline-rich nuclear receptor coactivator 1"
"Arhgap24",0.00848082765050417,0.9252,"5","Rho GTPase activating protein 24"
"Zbtb25",0.0084022862757096,0.92,"12","zinc finger and BTB domain containing 25"
"Rnf31",0.00840069246959363,0.9668,"14","ring finger protein 31"
"Serinc5",-0.00837886712562419,0.956,"13","serine incorporator 5"
"B4galnt4",-0.00836860913173698,0.8432,"7","beta-1,4-N-acetyl-galactosaminyl transferase 4"
"Rrp1",0.00836831871725963,0.9852,"10","ribosomal RNA processing 1"
"Pgpep1",0.0083602327034189,0.936,"8","pyroglutamyl-peptidase I"
"Atp1a2",0.00835117414166575,0.9816,"1","ATPase, Na+/K+ transporting, alpha 2 polypeptide"
"Mapk8ip2",0.00834187818645216,0.9072,"15","mitogen-activated protein kinase 8 interacting protein 2"
"C1qb",-0.00833670897644989,0.9756,"4","complement component 1, q subcomponent, beta polypeptide"
"Slc25a12",0.0083256157301248,0.9196,"2","solute carrier family 25 (mitochondrial carrier, Aralar), member 12"
"Rbmx",-0.00831067853755929,0.9444,"X","RNA binding motif protein, X chromosome"
"Rhob",0.00829855327973661,0.9676,"12","ras homolog family member B"
"Rnmt",0.00829559602564345,0.9576,"18","RNA (guanine-7-) methyltransferase"
"Emx1",0.0082841751341638,0.9512,"6","empty spiracles homeobox 1"
"Iba57",0.00821878933032272,0.9556,"11","IBA57 homolog, iron-sulfur cluster assembly"
"Ggcx",-0.00806764414302874,0.9816,"6","gamma-glutamyl carboxylase"
"Sfrp1",-0.0080234482213446,0.9756,"8","secreted frizzled-related protein 1"
"Zmat2",0.00802026671123279,0.97,"18","zinc finger, matrin type 2"
"Rrn3",-0.00801906932617236,0.8992,"16","RRN3 RNA polymerase I transcription factor homolog (yeast)"
"Top3a",-0.00801552424300267,0.9536,"11","topoisomerase (DNA) III alpha"
"Dgat2",-0.00800449274750026,0.9568,"7","diacylglycerol O-acyltransferase 2"
"Cisd2",-0.00799954091864663,0.922,"3","CDGSH iron sulfur domain 2"
"Arl6",-0.00799582597923454,0.98,"16","ADP-ribosylation factor-like 6"
"Mindy1",0.00797429992078325,0.9232,"3","MINDY lysine 48 deubiquitinase 1"
"Rtn4rl2",-0.0079670331995132,0.9332,"2","reticulon 4 receptor-like 2"
"Fam174b",-0.00792863333010185,0.8744,"7","family with sequence similarity 174, member B"
"B3galnt1",-0.00792283637614943,0.8452,"3","UDP-GalNAc:betaGlcNAc beta 1,3-galactosaminyltransferase, polypeptide 1"
"Ap4e1",-0.00787154593628525,0.9712,"2","adaptor-related protein complex AP-4, epsilon 1"
"Nip7",-0.00783562552995054,0.9036,"8","NIP7, nucleolar pre-rRNA processing protein"
"Fbxo28",-0.00780536000888166,0.8804,"1","F-box protein 28"
"Nkd1",0.00780270212912848,0.9564,"8","naked cuticle 1"
"Usp19",-0.00779653786883472,0.994,"9","ubiquitin specific peptidase 19"
"Slc25a4",-0.00779188078826643,0.9568,"8","solute carrier family 25 (mitochondrial carrier, adenine nucleotide translocator), member 4"
"Ccdc85c",-0.00777067945187948,0.9596,"12","coiled-coil domain containing 85C"
"Bgn",-0.00776232000667232,0.9616,"X","biglycan"
"Bex3",-0.00775527361910466,0.9684,"X","brain expressed X-linked 3"
"Spryd3",0.00772472511404576,0.9556,"15","SPRY domain containing 3"
"Gapdh",-0.00770290006602359,0.958,"6","glyceraldehyde-3-phosphate dehydrogenase"
"Exosc6",-0.00769086494077031,0.95,"8","exosome component 6"
"Mvb12b",-0.00768970773543565,0.9252,"2","multivesicular body subunit 12B"
"Fbf1",-0.00766578555026332,0.972,"11","Fas (TNFRSF6) binding factor 1"
"Tbk1",0.00762983610332313,0.9376,"10","TANK-binding kinase 1"
"Hspa1a",-0.00760029094956494,0.9644,"17","heat shock protein 1A"
"Ptcd3",-0.00757056393009581,0.9108,"6","pentatricopeptide repeat domain 3"
"Gga3",0.00755836355899309,0.974,"11","golgi associated, gamma adaptin ear containing, ARF binding protein 3"
"Nfatc1",-0.00755081012814962,0.958,"18","nuclear factor of activated T cells, cytoplasmic, calcineurin dependent 1"
"Sf3a3",-0.00752909985390104,0.9388,"4","splicing factor 3a, subunit 3"
"Tfam",0.00752023720031669,0.9088,"10","transcription factor A, mitochondrial"
"Commd3",0.00751213155487118,0.956,"2","COMM domain containing 3"
"Syngr1",-0.00750961525047344,0.9096,"15","synaptogyrin 1"
"Dusp22",-0.00749777508197713,0.8972,"13","dual specificity phosphatase 22"
"Rab40c",0.00749595087397292,0.916,"17","Rab40C, member RAS oncogene family"
"Tsc2",0.00743364224563692,0.958,"17","TSC complex subunit 2"
"Uqcrb",0.00742696023417899,0.968,"13","ubiquinol-cytochrome c reductase binding protein"
"Gpi1",-0.00740206532486809,0.9692,"7","glucose-6-phosphate isomerase 1"
"Tbc1d20",0.00738127701972324,0.942,"2","TBC1 domain family, member 20"
"Ino80b",0.00729452968265765,0.9276,"6","INO80 complex subunit B"
"Dmac2l",-0.00727740818730904,0.97,"12","distal membrane arm assembly complex 2 like"
"Zmym3",-0.0072762778249702,0.9608,"X","zinc finger, MYM-type 3"
"Twsg1",0.00723932555530382,0.9588,"17","twisted gastrulation BMP signaling modulator 1"
"Unc79",-0.00722275353690272,0.978,"12","unc-79 homolog"
"Dnajb11",-0.00716870604051412,0.9596,"16","DnaJ heat shock protein family (Hsp40) member B11"
"Nprl2",0.00716696916088999,0.942,"9","NPR2 like, GATOR1 complex subunit"
"Lmo3",-0.00712853561236493,0.964,"6","LIM domain only 3"
"Hmg20a",0.00711604353903361,0.918,"9","high mobility group 20A"
"Zbtb45",-0.0071142914348945,0.9252,"7","zinc finger and BTB domain containing 45"
"Ddx54",-0.00711396821108412,0.8752,"5","DEAD box helicase 54"
"Gstm7",-0.00707666078340097,0.986,"3","glutathione S-transferase, mu 7"
"Fbxw17",-0.00706570042625643,0.9628,"13","F-box and WD-40 domain protein 17"
"Bola3",0.00705876786775939,0.9884,"6","bolA-like 3 (E. coli)"
"Klhl12",-0.00704567558320157,0.9532,"1","kelch-like 12"
"Cct5",0.00703880990531403,0.9184,"15","chaperonin containing Tcp1, subunit 5 (epsilon)"
"Naa20",-0.00702821722007574,0.9712,"2","N(alpha)-acetyltransferase 20, NatB catalytic subunit"
"Denr",0.0070169323724123,0.9648,"5","density-regulated protein"
"Ccsap",-0.00701623840161147,0.9496,"8","centriole, cilia and spindle associated protein"
"Dnajb1",0.00701503094653244,0.9888,"8","DnaJ heat shock protein family (Hsp40) member B1"
"Fam110b",-0.00700880740833476,0.9624,"4","family with sequence similarity 110, member B"
"Ubqln4",-0.00700016030945338,0.9272,"3","ubiquilin 4"
"Casp9",-0.00699456829759892,0.9292,"4","caspase 9"
"Adssl1",0.00699399509228193,0.9836,"12","adenylosuccinate synthetase like 1"
"Cdk11b",0.00699060202280855,0.9184,"4","cyclin-dependent kinase 11B"
"Fmnl1",0.00697459877219231,0.9484,"11","formin-like 1"
"Ctxn1",-0.00695613099976988,0.9728,"8","cortexin 1"
"Lpar6",-0.00695582914397841,0.9652,"14","lysophosphatidic acid receptor 6"
"Map3k20",-0.00695061295528232,0.9536,"2","mitogen-activated protein kinase kinase kinase 20"
"Ube2v1",0.00694228603545177,0.9432,"2","ubiquitin-conjugating enzyme E2 variant 1"
"Astn2",-0.00693722068583291,0.9624,"4","astrotactin 2"
"Zfp664",-0.00692491963904818,0.9072,"5","zinc finger protein 664"
"Ndufaf4",0.00691675233541567,0.8908,"4","NADH:ubiquinone oxidoreductase complex assembly factor 4"
"Ttll12",0.00690887090362757,0.9512,"15","tubulin tyrosine ligase-like family, member 12"
"Stag1",-0.00690433081987596,0.9584,"9","stromal antigen 1"
"Brix1",-0.00689026343871557,0.9548,"15","BRX1, biogenesis of ribosomes"
"Plch2",0.00688341508805301,0.9588,"4","phospholipase C, eta 2"
"Tvp23a",-0.0068805304407249,0.8896,"16","trans-golgi network vesicle protein 23A"
"Oaf",0.00687671066414897,0.93,"9","out at first homolog"
"Rnf123",-0.00686714058085514,0.94,"9","ring finger protein 123"
"Dyrk3",0.00685458432167696,0.972,"1","dual-specificity tyrosine-(Y)-phosphorylation regulated kinase 3"
"Vps52",0.00684807938067689,0.9064,"17","VPS52 GARP complex subunit"
"Zfp607b",-0.00683903038648559,0.964,"7","zinc finger protein 607B"
"Cpt1c",-0.00680837338404583,0.918,"7","carnitine palmitoyltransferase 1c"
"Rap2c",-0.00678618605082537,0.9232,"X","RAP2C, member of RAS oncogene family"
"Aen",-0.00674390068186792,0.9432,"7","apoptosis enhancing nuclease"
"Ift122",-0.00670759975517399,0.9132,"6","intraflagellar transport 122"
"Kti12",0.00670436443698286,0.9504,"4","KTI12 homolog, chromatin associated"
"Mobp",0.00669087415317726,0.9884,"9","myelin-associated oligodendrocytic basic protein"
"Dhrs1",-0.0066777804930549,0.9008,"14","dehydrogenase/reductase (SDR family) member 1"
"Rnf144a",0.00663791908451117,0.9372,"12","ring finger protein 144A"
"Nelfa",-0.00663368783996798,0.9688,"5","negative elongation factor complex member A, Whsc2"
"Gmpr2",0.00657342967999419,0.9256,"14","guanosine monophosphate reductase 2"
"Vamp4",0.00654333469074686,0.8816,"1","vesicle-associated membrane protein 4"
"4931428F04Rik",0.00651761816909691,0.9716,"8","RIKEN cDNA 4931428F04 gene"
"Tmem126a",0.00651500537239524,0.9792,"7","transmembrane protein 126A"
"Tmed10",0.00650757901082777,0.9308,"12","transmembrane p24 trafficking protein 10"
"Zfp182",0.00646541426923886,0.9836,"X","zinc finger protein 182"
"Jade1",-0.00645951189021066,0.978,"3","jade family PHD finger 1"
"Fam131b",0.00644811780465293,0.9348,"6","family with sequence similarity 131, member B"
"Yaf2",0.00641558371474904,0.9512,"15","YY1 associated factor 2"
"Rev1",0.00638589329079142,0.954,"1","REV1, DNA directed polymerase"
"Ssbp3",-0.00636402062601871,0.9768,"4","single-stranded DNA binding protein 3"
"Ecd",-0.00634093038835903,0.9396,"14","ecdysoneless cell cycle regulator"
"Fam174a",0.00627429353761499,0.9656,"1","family with sequence similarity 174, member A"
"Sdsl",-0.00626672990351129,0.994,"5","serine dehydratase-like"
"Rab15",0.00625920863998619,0.9132,"12","RAB15, member RAS oncogene family"
"Sstr1",0.00622076049816966,0.982,"12","somatostatin receptor 1"
"Fam133b",-0.00621915818559504,0.9796,"5","family with sequence similarity 133, member B"
"Kcmf1",-0.00620958415164363,0.9708,"6","potassium channel modulatory factor 1"
"Mir22hg",0.00620706992544129,0.9408,"11","Mir22 host gene (non-protein coding)"
"Plk2",0.00620106831955969,0.9704,"13","polo like kinase 2"
"Slc2a6",-0.00619956030053359,0.848,"2","solute carrier family 2 (facilitated glucose transporter), member 6"
"Mir3064",-0.00619592108558287,0.9832,"11","microRNA 3064"
"Iglon5",0.00618990043604306,0.9652,"7","IgLON family member 5"
"Zwint",-0.00615496872300447,0.954,"10","ZW10 interactor"
"Drp2",-0.00615253525583626,0.9552,"X","dystrophin related protein 2"
"Slc35e3",-0.00613238734659305,0.91,"10","solute carrier family 35, member E3"
"Anxa4",0.00611711792084302,0.984,"6","annexin A4"
"Sh2b1",-0.00610528759359585,0.9428,"7","SH2B adaptor protein 1"
"Sympk",0.00610172586319635,0.9084,"7","symplekin"
"Arrdc3",0.00610018297241322,0.984,"13","arrestin domain containing 3"
"Papss2",-0.00609377121951482,0.974,"19","3'-phosphoadenosine 5'-phosphosulfate synthase 2"
"Plekhm1",-0.00607389821976501,0.92,"11","pleckstrin homology domain containing, family M (with RUN domain) member 1"
"Lztr1",0.00604443915740926,0.872,"16","leucine-zipper-like transcriptional regulator, 1"
"Mlip",0.00602969280332832,0.9504,"9","muscular LMNA-interacting protein"
"Ccdc159",-0.00602912986650983,0.9732,"9","coiled-coil domain containing 159"
"Apol8",-0.00602727032239581,0.988,"15","apolipoprotein L 8"
"Zfp862-ps",0.00602181431774529,0.942,"6","zinc finger protein 862, pseudogene"
"Ttc13",0.00601343374950147,0.9764,"8","tetratricopeptide repeat domain 13"
"Usp4",-0.00600131719378094,0.9036,"9","ubiquitin specific peptidase 4 (proto-oncogene)"
"Adipor1",-0.00599125738949358,0.9348,"1","adiponectin receptor 1"
"Josd1",0.0059906437358741,0.9572,"15","Josephin domain containing 1"
"Atxn7l3b",0.00597726997883363,0.882,"10","ataxin 7-like 3B"
"Amotl1",0.00597449015426399,0.9728,"9","angiomotin-like 1"
"Tnk2",0.00595818887700794,0.9672,"16","tyrosine kinase, non-receptor, 2"
"Fam185a",-0.00595616976261759,0.9448,"5","family with sequence similarity 185, member A"
"Cdk16",0.00593457311076406,0.932,"X","cyclin-dependent kinase 16"
"Phf21b",0.0058893844687935,0.9868,"15","PHD finger protein 21B"
"Gtf2ird2",-0.00586273185452502,0.9192,"5","GTF2I repeat domain containing 2"
"Med29",-0.0058587137259023,0.994,"7","mediator complex subunit 29"
"Suox",-0.00585442752903953,0.9336,"10","sulfite oxidase"
"Basp1",-0.00584640399526393,0.9232,"15","brain abundant, membrane attached signal protein 1"
"Lcat",0.00582976718715589,0.9472,"8","lecithin cholesterol acyltransferase"
"Zfp169",0.00582488498846034,0.9684,"13","zinc finger protein 169"
"Plekhf2",-0.00582327673431005,0.9472,"4","pleckstrin homology domain containing, family F (with FYVE domain) member 2"
"M6pr",-0.00578799858087464,0.8916,"6","mannose-6-phosphate receptor, cation dependent"
"Mfn2",-0.00578254819928326,0.9112,"4","mitofusin 2"
"Smtn",-0.0057805311426895,0.9732,"11","smoothelin"
"Tfdp2",0.00577941649486124,0.9264,"9","transcription factor Dp 2"
"Tango2",0.00577201135941507,0.8944,"16","transport and golgi organization 2"
"Qtrt2",0.00574616554009655,0.9336,"16","queuine tRNA-ribosyltransferase accessory subunit 2"
"Grhl1",-0.00571643811740685,0.96,"12","grainyhead like transcription factor 1"
"Xrcc2",0.00569665223444593,0.9432,"5","X-ray repair complementing defective repair in Chinese hamster cells 2"
"Rai2",0.00568319772069659,0.9532,"X","retinoic acid induced 2"
"Ap3d1",0.00563202469684487,0.9496,"10","adaptor-related protein complex 3, delta 1 subunit"
"Wdhd1",0.00562647845619679,0.9764,"14","WD repeat and HMG-box DNA binding protein 1"
"Lrif1",-0.00560973737879777,0.9836,"3","ligand dependent nuclear receptor interacting factor 1"
"Nploc4",0.00558156274135158,0.958,"11","NPL4 homolog, ubiquitin recognition factor"
"Sox6",0.00556901512163144,0.9776,"7","SRY (sex determining region Y)-box 6"
"Ube2r2",-0.00556831785836565,0.9788,"4","ubiquitin-conjugating enzyme E2R 2"
"Vapa",-0.00556355994917013,0.9384,"17","vesicle-associated membrane protein, associated protein A"
"Lhx2",-0.00553735967613989,0.9424,"2","LIM homeobox protein 2"
"Zbtb2",0.00553304821376166,0.8936,"10","zinc finger and BTB domain containing 2"
"Lgr4",0.00552520929741362,0.97,"2","leucine-rich repeat-containing G protein-coupled receptor 4"
"E2f6",-0.00551972138869861,0.9196,"12","E2F transcription factor 6"
"Ppp2r5c",0.00551491973841323,0.9276,"12","protein phosphatase 2, regulatory subunit B', gamma"
"Car10",0.00550294455474543,0.9632,"11","carbonic anhydrase 10"
"Mad2l1",-0.00548833765258072,0.98,"6","MAD2 mitotic arrest deficient-like 1"
"Tmem87a",-0.00548806936102419,0.934,"2","transmembrane protein 87A"
"Kif19a",0.00548050250930077,0.97,"11","kinesin family member 19A"
"Alg6",0.00544690120201841,0.948,"4","asparagine-linked glycosylation 6 (alpha-1,3,-glucosyltransferase)"
"Cdc42bpb",0.0054227914742313,0.9508,"12","CDC42 binding protein kinase beta"
"Zfp866",-0.00540546201580927,0.9804,"8","zinc finger protein 866"
"Ccdc117",0.00537615272577696,0.984,"11","coiled-coil domain containing 117"
"Cycs",0.00537509239800649,0.95,"6","cytochrome c, somatic"
"4930447C04Rik",-0.00536677052390022,0.994,"12","RIKEN cDNA 4930447C04 gene"
"Ankra2",-0.00535321870511218,0.9792,"13","ankyrin repeat, family A (RFXANK-like), 2"
"Chst1",0.00534165532347863,0.8924,"2","carbohydrate sulfotransferase 1"
"Sec14l1",0.00533702146805481,0.9632,"11","SEC14-like lipid binding 1"
"Adamts6",-0.00533139446768205,0.9804,"13","a disintegrin-like and metallopeptidase (reprolysin type) with thrombospondin type 1 motif, 6"
"Rexo4",-0.00529926584226637,0.9284,"2","REX4, 3'-5' exonuclease"
"Nras",0.00529732971907393,0.934,"3","neuroblastoma ras oncogene"
"Cd274",-0.00528220848709693,0.962,"19","CD274 antigen"
"Nkd2",0.0052760670002443,0.9796,"13","naked cuticle 2"
"Ints6l",0.00527414878994747,0.9852,"X","integrator complex subunit 6 like"
"Rpgr",-0.00526824095316503,0.954,"X","retinitis pigmentosa GTPase regulator"
"Cops2",0.00526387385983895,0.9628,"2","COP9 signalosome subunit 2"
"Kctd10",0.00525991195238973,0.974,"5","potassium channel tetramerisation domain containing 10"
"Tnfrsf21",-0.00523896410284141,0.924,"17","tumor necrosis factor receptor superfamily, member 21"
"Pot1a",-0.00523072878665065,0.9772,"6","protection of telomeres 1A"
"Seh1l",0.00522411303022263,0.9632,"18","SEH1-like (S. cerevisiae"
"Bcar1",-0.00520463521430159,0.9668,"8","breast cancer anti-estrogen resistance 1"
"Tjap1",-0.00520289861319156,0.978,"17","tight junction associated protein 1"
"Scg3",-0.00520168827264733,0.986,"9","secretogranin III"
"Sun1",0.00516507243483311,0.944,"5","Sad1 and UNC84 domain containing 1"
"Cep126",-0.00516394324602221,0.9872,"9","centrosomal protein 126"
"Nfil3",-0.00516129004172816,0.9772,"13","nuclear factor, interleukin 3, regulated"
"Sowaha",-0.00515924086212394,0.994,"11","sosondowah ankyrin repeat domain family member A"
"Cnot8",0.00514724420958323,0.9804,"11","CCR4-NOT transcription complex, subunit 8"
"Ptrhd1",-0.00514212524489999,0.9588,"12","peptidyl-tRNA hydrolase domain containing 1"
"Nars",0.0051061326878914,0.9264,"18","asparaginyl-tRNA synthetase"
"Tomm6",0.00507202181952326,0.994,"17","translocase of outer mitochondrial membrane 6"
"Fhl2",0.00505439351191761,0.9724,"1","four and a half LIM domains 2"
"Abcd1",0.0050542123928019,0.94,"X","ATP-binding cassette, sub-family D (ALD), member 1"
"Ctdspl",-0.00505204428471995,0.9416,"9","CTD (carboxy-terminal domain, RNA polymerase II, polypeptide A) small phosphatase-like"
"Cnrip1",0.00502804420372449,0.9664,"11","cannabinoid receptor interacting protein 1"
"Zfp639",-0.00502236249050991,0.9324,"3","zinc finger protein 639"
"Rita1",-0.00502191697424204,0.9708,"5","RBPJ interacting and tubulin associated 1"
"Dzank1",0.00498984613383779,0.9452,"2","double zinc ribbon and ankyrin repeat domains 1"
"Tet2",-0.00495090022348599,0.9768,"3","tet methylcytosine dioxygenase 2"
"Ino80c",-0.00493887130351567,0.9364,"18","INO80 complex subunit C"
"Snx3",0.00493078710090167,0.9764,"10","sorting nexin 3"
"Caskin2",-0.00492245908256805,0.9636,"11","CASK-interacting protein 2"
"Atic",-0.00491002489830183,0.9268,"1","5-aminoimidazole-4-carboxamide ribonucleotide formyltransferase/IMP cyclohydrolase"
"Ppm1d",-0.00490691323099224,0.9484,"11","protein phosphatase 1D magnesium-dependent, delta isoform"
"Nhlrc1",0.00490362924291698,0.9612,"13","NHL repeat containing 1"
"Tmem183a",0.00489989624746467,0.9296,"1","transmembrane protein 183A"
"Mfsd3",-0.00488754942407188,0.9596,"15","major facilitator superfamily domain containing 3"
"Zfp868",-0.00488686853252851,0.972,"8","zinc finger protein 868"
"Zfhx3",0.00488298260044351,0.9556,"8","zinc finger homeobox 3"
"Sptb",-0.00484611534200141,0.9852,"12","spectrin beta, erythrocytic"
"Hmox2",-0.0048450741271191,0.9712,"16","heme oxygenase 2"
"Mageh1",0.00483093298278803,0.914,"X","MAGE family member H1"
"Jarid2",0.00482171503125617,0.958,"13","jumonji, AT rich interactive domain 2"
"Stt3b",-0.00480425758243364,0.9112,"9","STT3, subunit of the oligosaccharyltransferase complex, homolog B (S. cerevisiae)"
"Cacng4",-0.00478617036117335,0.9812,"11","calcium channel, voltage-dependent, gamma subunit 4"
"Ppp2r2b",-0.00476795053184453,0.928,"18","protein phosphatase 2, regulatory subunit B, beta"
"Derl1",0.00476637089300702,0.9556,"15","Der1-like domain family, member 1"
"Ttc7b",0.00474630260155617,0.934,"12","tetratricopeptide repeat domain 7B"
"Numb",-0.00473963406680156,0.9572,"12","NUMB endocytic adaptor protein"
"Galnt16",0.00473790315110811,0.9552,"12","polypeptide N-acetylgalactosaminyltransferase 16"
"Tfdp1",0.00468825272199691,0.9456,"8","transcription factor Dp 1"
"Map3k3",0.00466132875101533,0.9412,"11","mitogen-activated protein kinase kinase kinase 3"
"Maco1",0.00463739152875409,0.9004,"4","macoilin 1"
"Pcdh15",-0.00461308019092366,0.9576,"10","protocadherin 15"
"Phtf2",0.00460773907627798,0.9512,"5","putative homeodomain transcription factor 2"
"Gpld1",-0.00458825567081345,0.952,"13","glycosylphosphatidylinositol specific phospholipase D1"
"Apex2",-0.00457394825656854,0.986,"X","apurinic/apyrimidinic endonuclease 2"
"Tollip",-0.00457070443602881,0.912,"7","toll interacting protein"
"Rbfa",-0.004545856901641,0.9888,"18","ribosome binding factor A"
"Npy1r",-0.00451762317464599,0.9396,"8","neuropeptide Y receptor Y1"
"Bmt2",0.00451550931573674,0.9688,"6","base methyltransferase of 25S rRNA 2"
"Ap3s2",-0.00451303948636106,0.968,"7","adaptor-related protein complex 3, sigma 2 subunit"
"Tmem41b",-0.00446644013022279,0.978,"7","transmembrane protein 41B"
"Eny2",-0.00446528048554562,0.946,"15","ENY2 transcription and export complex 2 subunit"
"Fancm",0.0044385996311731,0.9848,"12","Fanconi anemia, complementation group M"
"Slc49a4",0.00441536504708839,0.9796,"16","solute carrier family 49 member 4"
"Wnt2b",-0.00437958057409205,0.9884,"3","wingless-type MMTV integration site family, member 2B"
"Phc1",0.00437695300375385,0.978,"6","polyhomeotic 1"
"Ginm1",0.00437659245786648,0.974,"10","glycoprotein integral membrane 1"
"Oprl1",-0.00436895457560293,0.97,"2","opioid receptor-like 1"
"Uhrf1bp1",-0.00436135699256113,0.9756,"17","UHRF1 (ICBP90) binding protein 1"
"Cdk5r1",0.00434924719902163,0.9668,"11","cyclin-dependent kinase 5, regulatory subunit 1 (p35)"
"Grb2",-0.00433728222891627,0.9348,"11","growth factor receptor bound protein 2"
"Slc40a1",0.00430430963149941,0.988,"1","solute carrier family 40 (iron-regulated transporter), member 1"
"Sephs1",-0.00429472336712067,0.9872,"2","selenophosphate synthetase 1"
"Kitl",0.00425659253056976,0.9764,"10","kit ligand"
"Dennd11",0.00424985776754028,0.9568,"6","DENN domain containing 11"
"Cby1",0.00424541709315296,0.9692,"15","chibby family member 1, beta catenin antagonist"
"Exd2",0.00418486818175801,0.9784,"12","exonuclease 3'-5' domain containing 2"
"Dbndd1",-0.0041753890478442,0.9776,"8","dysbindin (dystrobrevin binding protein 1) domain containing 1"
"Psmd8",0.00417204170953767,0.9532,"7","proteasome (prosome, macropain) 26S subunit, non-ATPase, 8"
"Impdh1",0.00415079614142932,0.988,"6","inosine monophosphate dehydrogenase 1"
"Dzip1l",0.00414655080883275,0.9716,"9","DAZ interacting protein 1-like"
"Cpt1a",-0.00413340661115935,0.9736,"19","carnitine palmitoyltransferase 1a, liver"
"Carmil1",-0.00412137390539513,0.97,"13","capping protein regulator and myosin 1 linker 1"
"Ccdc71",-0.00411386754671916,0.9588,"9","coiled-coil domain containing 71"
"Wipi2",0.00410636315005242,0.9268,"5","WD repeat domain, phosphoinositide interacting 2"
"Prob1",0.0040944865635173,0.984,"18","proline rich basic protein 1"
"Cdip1",-0.0040882959507309,0.8932,"16","cell death inducing Trp53 target 1"
"Atg14",0.00407811599370955,0.9432,"14","autophagy related 14"
"Gmppb",0.00405816467012077,0.9592,"9","GDP-mannose pyrophosphorylase B"
"Zfp553",-0.00402215467172784,0.9496,"7","zinc finger protein 553"
"Slc25a32",-0.00401654446185384,0.994,"15","solute carrier family 25, member 32"
"Rhobtb2",-0.00400005588675789,0.9604,"14","Rho-related BTB domain containing 2"
"Phactr1",-0.0039596299102147,0.9448,"13","phosphatase and actin regulator 1"
"Shroom2",0.00395215306656294,0.9332,"X","shroom family member 2"
"Kcnj10",0.00394816682351617,0.9784,"1","potassium inwardly-rectifying channel, subfamily J, member 10"
"Cbr1",0.0038921967651433,0.986,"16","carbonyl reductase 1"
"Zcchc3",0.00388384060844427,0.9644,"2","zinc finger, CCHC domain containing 3"
"Tecpr1",-0.00386554163441044,0.9368,"5","tectonin beta-propeller repeat containing 1"
"Polr3gl",-0.00383767183529038,0.9792,"3","polymerase (RNA) III (DNA directed) polypeptide G like"
"Tor1a",0.00383732862209563,0.96,"2","torsin family 1, member A (torsin A)"
"Ttpal",0.00381834252231883,0.954,"2","tocopherol (alpha) transfer protein-like"
"Tmem87b",-0.00380553993934907,0.9456,"2","transmembrane protein 87B"
"Boc",0.00377954376095868,0.9412,"16","biregional cell adhesion molecule-related/down-regulated by oncogenes (Cdon) binding protein"
"Isg20l2",-0.0037766348825774,0.9312,"3","interferon stimulated exonuclease gene 20-like 2"
"Inpp5b",0.00373997768324319,0.9596,"4","inositol polyphosphate-5-phosphatase B"
"Dync2h1",0.00372158368336972,0.994,"9","dynein cytoplasmic 2 heavy chain 1"
"4833439L19Rik",-0.00371024080924265,0.9644,"13","RIKEN cDNA 4833439L19 gene"
"Ahsa1",-0.00370819121578769,0.9688,"12","AHA1, activator of heat shock protein ATPase 1"
"Zfp790",-0.00370539471380882,0.994,"7","zinc finger protein 790"
"Txnrd1",0.0036928585772209,0.9544,"10","thioredoxin reductase 1"
"Cnih2",0.00368398809052373,0.978,"19","cornichon family AMPA receptor auxiliary protein 2"
"Snd1",-0.00362329042871057,0.9632,"6","staphylococcal nuclease and tudor domain containing 1"
"Asic1",0.00359973454580587,0.9856,"15","acid-sensing (proton-gated) ion channel 1"
"Gdpgp1",-0.00358556855636349,0.9552,"7","GDP-D-glucose phosphorylase 1"
"Chd1l",-0.00357176634577794,0.9572,"3","chromodomain helicase DNA binding protein 1-like"
"Gpatch8",-0.0035293739567468,0.978,"11","G patch domain containing 8"
"Nap1l4",-0.00349998739098201,0.9472,"7","nucleosome assembly protein 1-like 4"
"Ppard",-0.00348705166785557,0.9776,"17","peroxisome proliferator activator receptor delta"
"Ppard",-0.00348705166785557,0.9776,"17","peroxisome proliferator activator receptor delta"
"Qpctl",-0.00348650008100604,0.9372,"7","glutaminyl-peptide cyclotransferase-like"
"Gtf2h2",0.00348447240347216,0.9848,"13","general transcription factor II H, polypeptide 2"
"Asns",0.00347825473697672,0.9608,"6","asparagine synthetase"
"Cpsf3",0.00347099739029222,0.994,"12","cleavage and polyadenylation specificity factor 3"
"Plscr3",-0.00344196910690364,0.9876,"11","phospholipid scramblase 3"
"Gtf2h4",-0.00341444850461858,0.9884,"17","general transcription factor II H, polypeptide 4"
"B4galnt1",0.00339154333751601,0.9312,"10","beta-1,4-N-acetyl-galactosaminyl transferase 1"
"Serac1",-0.00337189316451258,0.9784,"17","serine active site containing 1"
"Cptp",-0.00335634876945345,0.9856,"4","ceramide-1-phosphate transfer protein"
"Odf2l",0.00335331583167742,0.9864,"3","outer dense fiber of sperm tails 2-like"
"Kansl3",-0.00331269016358871,0.9816,"1","KAT8 regulatory NSL complex subunit 3"
"Sv2a",0.00330921379389792,0.9724,"3","synaptic vesicle glycoprotein 2 a"
"Gatc",0.00330128432593657,0.9488,"5","glutamyl-tRNA(Gln) amidotransferase, subunit C"
"Srek1",0.00327271780305605,0.984,"13","splicing regulatory glutamine/lysine-rich protein 1"
"Gnb1",0.00326267262460256,0.9548,"4","guanine nucleotide binding protein (G protein), beta 1"
"Jakmip1",0.00323394967537016,0.994,"5","janus kinase and microtubule interacting protein 1"
"Fam219aos",-0.00322560446361919,0.9756,"4","family with sequence similarity 219, member A, opposite strand"
"Zdhhc14",0.00314774189854194,0.98,"17","zinc finger, DHHC domain containing 14"
"Cfap36",0.0031354044208749,0.9616,"11","cilia and flagella associated protein 36"
"Abcf3",-0.00310294894697272,0.9716,"16","ATP-binding cassette, sub-family F (GCN20), member 3"
"Lrrc61",0.00309264831067768,0.9476,"6","leucine rich repeat containing 61"
"Paqr5",0.00308383599183926,0.994,"9","progestin and adipoQ receptor family member V"
"Cbx7",-0.00308176489048595,0.958,"15","chromobox 7"
"Fntb",0.00306197628796934,0.9732,"12","farnesyltransferase, CAAX box, beta"
"Kcnip2",-0.00305229775330407,0.942,"19","Kv channel-interacting protein 2"
"Usp40",0.00304954315349359,0.994,"1","ubiquitin specific peptidase 40"
"Pax6",0.00303142024388459,0.98,"2","paired box 6"
"Map3k19",0.00299994915173718,0.994,"1","mitogen-activated protein kinase kinase kinase 19"
"B230307C23Rik",0.00299442035161501,0.9856,"16","RIKEN cDNA B230307C23 gene"
"Snx1",0.00298195254311917,0.9152,"9","sorting nexin 1"
"Sccpdh",0.00294291061317598,0.9672,"1","saccharopine dehydrogenase (putative)"
"Rit1",-0.00293923413238062,0.976,"3","Ras-like without CAAX 1"
"Cant1",0.0029047813095664,0.958,"11","calcium activated nucleotidase 1"
"Prmt3",-0.00290422280860803,0.9792,"7","protein arginine N-methyltransferase 3"
"Jade2",0.002895807494947,0.978,"11","jade family PHD finger 2"
"Pla2g2f",-0.00289289938744419,0.994,"4","phospholipase A2, group IIF"
"Setd1a",0.00287500700273036,0.9828,"7","SET domain containing 1A"
"Arvcf",-0.00287114411510814,0.9756,"16","armadillo repeat gene deleted in velocardiofacial syndrome"
"Rab3gap2",-0.0028643637345187,0.9864,"1","RAB3 GTPase activating protein subunit 2"
"Tra2a",0.00285546612069254,0.994,"6","transformer 2 alpha"
"Rnf5",-0.00282376103743243,0.9756,"17","ring finger protein 5"
"Atp5a1",0.00279712195369264,0.9208,"18","ATP synthase, H+ transporting, mitochondrial F1 complex, alpha subunit 1"
"Dcaf8",-0.00279408481781029,0.9584,"1","DDB1 and CUL4 associated factor 8"
"Edrf1",-0.00278887687478857,0.9776,"7","erythroid differentiation regulatory factor 1"
"Rimbp2",-0.00278793466313765,0.9724,"5","RIMS binding protein 2"
"Actn4",-0.00278312884741361,0.9356,"7","actinin alpha 4"
"Mpp2",0.00274185179023245,0.9588,"11","membrane protein, palmitoylated 2 (MAGUK p55 subfamily member 2)"
"Cln5",0.00271505319346721,0.952,"14","ceroid-lipofuscinosis, neuronal 5"
"Tmem17",-0.0027083818565159,0.9812,"11","transmembrane protein 17"
"Slc35f6",0.00267701998424474,0.9688,"5","solute carrier family 35, member F6"
"Pkd2l2",0.00264477073463132,0.994,"18","polycystic kidney disease 2-like 2"
"Zfp995",-0.00261540694719287,0.984,"17","zinc finger protein 995"
"Rpn2",0.00261217150771298,0.9508,"2","ribophorin II"
"Btbd9",-0.00260940582455138,0.9608,"17","BTB (POZ) domain containing 9"
"S100a11",-0.00258641210899269,0.9848,"3","S100 calcium binding protein A11"
"Shb",-0.00257888057400768,0.9856,"4","src homology 2 domain-containing transforming protein B"
"Apip",0.00254328354739997,0.9644,"2","APAF1 interacting protein"
"Nutf2",-0.00252545306381524,0.988,"8","nuclear transport factor 2"
"Nktr",-0.0025066674453198,0.994,"9","natural killer tumor recognition sequence"
"Gpatch1",-0.00250261114682626,0.9632,"7","G patch domain containing 1"
"Bend5",-0.00249671965644538,0.9628,"4","BEN domain containing 5"
"Atg12",-0.00247338517766682,0.972,"18","autophagy related 12"
"Pinx1",0.00246947725310598,0.994,"14","PIN2/TERF1 interacting, telomerase inhibitor 1"
"Rogdi",0.00243857243441603,0.9708,"16","rogdi homolog"
"Syap1",0.0024242467066653,0.9716,"X","synapse associated protein 1"
"Tbcd",-0.00241223110019728,0.9748,"11","tubulin-specific chaperone d"
"Champ1",-0.00241007732559595,0.9596,"8","chromosome alignment maintaining phosphoprotein 1"
"Pex26",0.00240715190293006,0.9672,"6","peroxisomal biogenesis factor 26"
"Bdh1",0.00239974932119935,0.988,"16","3-hydroxybutyrate dehydrogenase, type 1"
"Cbx3",-0.00236188745608334,0.9412,"6","chromobox 3"
"Tatdn2",0.00235402568080367,0.9784,"6","TatD DNase domain containing 2"
"Slc2a3",0.0023376439143199,0.9792,"6","solute carrier family 2 (facilitated glucose transporter), member 3"
"Zfp811",0.0023326068402385,0.9836,"17","zinc finger protein 811"
"Usp28",-0.0023309400954945,0.9836,"9","ubiquitin specific peptidase 28"
"Cdkn2d",-0.00232740086435967,0.994,"9","cyclin dependent kinase inhibitor 2D"
"Psat1",0.00230186986815539,0.954,"19","phosphoserine aminotransferase 1"
"Setd6",0.00229945347953553,0.9884,"8","SET domain containing 6"
"Srsf7",-0.00229848938149146,0.9684,"17","serine and arginine-rich splicing factor 7"
"Ctnna1",-0.00228749452156407,0.9552,"18","catenin (cadherin associated protein), alpha 1"
"Hes1",0.00228060501704208,0.978,"16","hes family bHLH transcription factor 1"
"Tmem63b",-0.00228044134783811,0.9296,"17","transmembrane protein 63b"
"Lama2",-0.0022797491372275,0.964,"10","laminin, alpha 2"
"Tmem158",0.00222961887744777,0.9764,"9","transmembrane protein 158"
"Sav1",0.00220864527045972,0.9856,"12","salvador family WW domain containing 1"
"Selenos",0.00217028036211442,0.9864,"7","selenoprotein S"
"Cldn5",-0.00215391483956751,0.9876,"16","claudin 5"
"Supt4a",-0.00211394772659634,0.9788,"11","SPT4A, DSIF elongation factor subunit"
"Capn15",-0.00209763910829786,0.9808,"17","calpain 15"
"B3galnt2",0.00209517340519838,0.9864,"13","UDP-GalNAc:betaGlcNAc beta 1,3-galactosaminyltransferase, polypeptide 2"
"Paip1",0.00207295163960897,0.9708,"13","polyadenylate binding protein-interacting protein 1"
"Atp5l",0.00206483896886578,0.9796,"9","ATP synthase, H+ transporting, mitochondrial F0 complex, subunit G"
"Sybu",0.00201557308980505,0.976,"15","syntabulin (syntaxin-interacting)"
"Trim3",0.00200995120222824,0.9592,"7","tripartite motif-containing 3"
"Pik3cd",-0.0020097549528364,0.9664,"4","phosphatidylinositol-4,5-bisphosphate 3-kinase catalytic subunit delta"
"Upf1",0.00199114111922594,0.994,"8","UPF1 regulator of nonsense transcripts homolog (yeast)"
"Zfp90",-0.00199109552175747,0.9628,"8","zinc finger protein 90"
"Lrrc4b",-0.00198605352868952,0.9868,"7","leucine rich repeat containing 4B"
"Nxpe4",-0.00194067769117456,0.994,"9","neurexophilin and PC-esterase domain family, member 4"
"Gpank1",0.00191997819188217,0.986,"17","G patch domain and ankyrin repeats 1"
"Zmpste24",-0.00190843292833343,0.9872,"4","zinc metallopeptidase, STE24"
"Rfk",-0.00188587455430955,0.9752,"19","riboflavin kinase"
"Tecr",-0.00186934465144972,0.994,"8","trans-2,3-enoyl-CoA reductase"
"Bbs5",0.00182981516390113,0.9768,"2","Bardet-Biedl syndrome 5 (human)"
"Ipo9",-0.00180876798423046,0.9792,"1","importin 9"
"Zfp708",0.00179794745505779,0.9688,"13","zinc finger protein 708"
"Bysl",0.00179164512136865,0.9596,"17","bystin-like"
"Thop1",-0.00178696784515342,0.9872,"10","thimet oligopeptidase 1"
"Zcchc18",0.00178263125255551,0.9848,"X","zinc finger, CCHC domain containing 18"
"Mdm4",0.00178051496833564,0.994,"1","transformed mouse 3T3 cell double minute 4"
"Scd2",-0.00177467419386979,0.9652,"19","stearoyl-Coenzyme A desaturase 2"
"Arhgap17",0.00174162917023857,0.9876,"7","Rho GTPase activating protein 17"
"Sec24c",0.00171900240306577,0.9872,"14","Sec24 related gene family, member C (S. cerevisiae)"
"Bpgm",0.00171705696583135,0.994,"6","2,3-bisphosphoglycerate mutase"
"Akap8",-0.00171148931276388,0.994,"17","A kinase (PRKA) anchor protein 8"
"Nmd3",0.00162815982366027,0.9852,"3","NMD3 ribosome export adaptor"
"Dolk",0.00162477045737397,0.994,"2","dolichol kinase"
"Acd",-0.00162094749820518,0.994,"8","adrenocortical dysplasia"
"Slc22a23",-0.00161974264446307,0.994,"13","solute carrier family 22, member 23"
"Proca1",-0.00161804139209831,0.994,"11","protein interacting with cyclin A1"
"Zscan20",0.00160779261038968,0.9868,"4","zinc finger and SCAN domains 20"
"Strbp",0.00160300090875065,0.994,"2","spermatid perinuclear RNA binding protein"
"Zdhhc2",-0.00158522616939027,0.994,"8","zinc finger, DHHC domain containing 2"
"Fbxo33",0.00158175560340101,0.9856,"12","F-box protein 33"
"Arf1",0.00157770728217876,0.9868,"11","ADP-ribosylation factor 1"
"Tedc2",0.00152429801857368,0.9796,"17","tubulin epsilon and delta complex 2"
"Daglb",0.0015171117162609,0.9876,"5","diacylglycerol lipase, beta"
"Rac1",-0.00151287511597786,0.994,"5","Rac family small GTPase 1"
"Paxbp1",0.0015093471337817,0.994,"16","PAX3 and PAX7 binding protein 1"
"Tgfb1",-0.00150110880286336,0.994,"7","transforming growth factor, beta 1"
"Arl4a",0.00148042902132506,0.9652,"12","ADP-ribosylation factor-like 4A"
"Psmd14",0.00147172511079141,0.9768,"2","proteasome (prosome, macropain) 26S subunit, non-ATPase, 14"
"Hsd17b12",0.00146377220492955,0.9756,"2","hydroxysteroid (17-beta) dehydrogenase 12"
"Magee2",-0.00146217083252376,0.9804,"X","MAGE family member E2"
"Cep70",0.00144661799903023,0.9856,"9","centrosomal protein 70"
"Fabp3",0.0014205508526004,0.9856,"4","fatty acid binding protein 3, muscle and heart"
"Cep19",-0.00141232620069509,0.9692,"16","centrosomal protein 19"
"Orc2",0.00139805431745366,0.9544,"1","origin recognition complex, subunit 2"
"Dlst",-0.00136913362811253,0.994,"12","dihydrolipoamide S-succinyltransferase (E2 component of 2-oxo-glutarate complex)"
"Pex13",-0.00131051187216435,0.9612,"11","peroxisomal biogenesis factor 13"
"Ccne1",0.00127952577470136,0.9852,"7","cyclin E1"
"Ier2",0.00124639388693071,0.994,"8","immediate early response 2"
"Enpp5",-0.00123249497844569,0.982,"17","ectonucleotide pyrophosphatase/phosphodiesterase 5"
"Nf2",-0.00122393596598691,0.9848,"11","neurofibromin 2"
"Pip4k2c",-0.00121132097785814,0.9768,"10","phosphatidylinositol-5-phosphate 4-kinase, type II, gamma"
"Rbms2",0.00120971220085764,0.9864,"10","RNA binding motif, single stranded interacting protein 2"
"Poglut2",0.00115971686195993,0.9864,"1","protein O-glucosyltransferase 2"
"Mdn1",-0.00114366920790054,0.994,"4","midasin AAA ATPase 1"
"Mbtd1",-0.00111073420770502,0.994,"11","mbt domain containing 1"
"Vasp",-0.00111038945061148,0.994,"7","vasodilator-stimulated phosphoprotein"
"Slc38a9",-0.00107922802114757,0.994,"13","solute carrier family 38, member 9"
"Pigk",0.00107712665077031,0.994,"3","phosphatidylinositol glycan anchor biosynthesis, class K"
"Emc1",-0.00107153610003596,0.9784,"4","ER membrane protein complex subunit 1"
"Klhl23",0.00106137458300104,0.994,"2","kelch-like 23"
"Btg1",0.00105630830205339,0.994,"10","BTG anti-proliferation factor 1"
"Lipa",0.00102466168148752,0.994,"19","lysosomal acid lipase A"
"Zfp180",-0.00098732425199799,0.994,"7","zinc finger protein 180"
"Arrb1",-0.000980547337774418,0.984,"7","arrestin, beta 1"
"Spata2",-0.000965458867407953,0.9488,"2","spermatogenesis associated 2"
"Ube2e1",-0.000950553147720079,0.988,"14","ubiquitin-conjugating enzyme E2E 1"
"Erbin",-0.000919509896155191,0.9864,"13","Erbb2 interacting protein"
"A230072C01Rik",0.0009032490742098,0.994,"X","RIKEN cDNA A230072C01 gene"
"Agl",0.000865851791302497,0.994,"3","amylo-1,6-glucosidase, 4-alpha-glucanotransferase"
"Ifi27l2a",0.00084619331580843,0.994,"12","interferon, alpha-inducible protein 27 like 2A"
"Chd8",0.000844040832375548,0.994,"14","chromodomain helicase DNA binding protein 8"
"Yars2",-0.000834850920643948,0.9868,"16","tyrosyl-tRNA synthetase 2 (mitochondrial)"
"Mtfmt",0.000832589816925022,0.984,"9","mitochondrial methionyl-tRNA formyltransferase"
"Ccng1",-0.000824451743581811,0.9856,"11","cyclin G1"
"Ptprn",-0.000815943648019513,0.994,"1","protein tyrosine phosphatase, receptor type, N"
"Hace1",-0.000809638915444388,0.9868,"10","HECT domain and ankyrin repeat containing, E3 ubiquitin protein ligase 1"
"Armc5",-0.000787856197479897,0.9792,"7","armadillo repeat containing 5"
"Slc35a5",0.000784493796398777,0.988,"16","solute carrier family 35, member A5"
"Uaca",-0.000776934092494574,0.994,"9","uveal autoantigen with coiled-coil domains and ankyrin repeats"
"Rad51d",-0.000775269661205336,0.9524,"11","RAD51 paralog D"
"Paics",0.000729023067110646,0.994,"5","phosphoribosylaminoimidazole carboxylase, phosphoribosylaminoribosylaminoimidazole, succinocarboxamide synthetase"
"Dhcr7",-0.000722517311728232,0.9864,"7","7-dehydrocholesterol reductase"
"Acbd6",-0.000717302761985117,0.994,"1","acyl-Coenzyme A binding domain containing 6"
"Pelp1",-0.000682513930620132,0.9872,"11","proline, glutamic acid and leucine rich protein 1"
"Slc25a20",-0.000679217384352171,0.9852,"9","solute carrier family 25 (mitochondrial carnitine/acylcarnitine translocase), member 20"
"Capn1",-0.000655280723250051,0.994,"19","calpain 1"
"0610030E20Rik",0.000654055082421223,0.994,"6","RIKEN cDNA 0610030E20 gene"
"Cobll1",0.000629651602263692,0.994,"2","Cobl-like 1"
"Nadk",-0.000588107865590715,0.994,"4","NAD kinase"
"Rbbp4",-0.00054034276401449,0.994,"4","retinoblastoma binding protein 4, chromatin remodeling factor"
"Rhoa",-0.000529314439307704,0.994,"9","ras homolog family member A"
"Ermn",-0.000528932081728328,0.994,"2","ermin, ERM-like protein"
"Scn4b",0.000522389467790596,0.988,"9","sodium channel, type IV, beta"
"Hmgcs1",-0.0005211944597594,0.994,"13","3-hydroxy-3-methylglutaryl-Coenzyme A synthase 1"
"Fam98b",0.000520551968747007,0.994,"2","family with sequence similarity 98, member B"
"Rap1gap",-0.000509386737784112,0.9752,"4","Rap1 GTPase-activating protein"
"Zfp365",0.000474912376891012,0.9856,"10","zinc finger protein 365"
"Dpp9",0.00045689529803461,0.994,"17","dipeptidylpeptidase 9"
"Ttc14",-0.000456006260978192,0.994,"3","tetratricopeptide repeat domain 14"
"Calm2",-0.000439890217711181,0.994,"17","calmodulin 2"
"Tuba1a",-0.000425222893586152,0.994,"15","tubulin, alpha 1A"
"Fkrp",-0.000418968188291124,0.994,"7","fukutin related protein"
"Gm9866",0.000399987579791983,0.994,"12","predicted gene 9866"
"Gm9866",0.000399987579791983,0.994,"12","predicted gene 9866"
"Ipo4",0.000391003346868146,0.9884,"14","importin 4"
"Mief1",-0.000377194397287006,0.9868,"15","mitochondrial elongation factor 1"
"Tmem63c",0.000344613261770377,0.9888,"12","transmembrane protein 63c"
"Inafm2",-0.000338633689951351,0.994,"2","InaF motif containing 2"
"Ikbkb",0.000333696419914098,0.994,"8","inhibitor of kappaB kinase beta"
"Sf3b2",0.000317316301799764,0.9764,"19","splicing factor 3b, subunit 2"
"Baiap2",0.00029468584872383,0.9884,"11","brain-specific angiogenesis inhibitor 1-associated protein 2"
"Fyco1",-0.000271433825282053,0.994,"9","FYVE and coiled-coil domain containing 1"
"Cops8",0.000264763623538222,0.9836,"1","COP9 signalosome subunit 8"
"Gak",-0.000257538133459967,0.994,"5","cyclin G associated kinase"
"Map6d1",0.00024899494186581,0.994,"16","MAP6 domain containing 1"
"Tbkbp1",0.000242316407208065,0.994,"11","TBK1 binding protein 1"
"Klhdc3",0.000222087601436272,0.994,"17","kelch domain containing 3"
"Tceal5",0.000181553311636051,0.994,"X","transcription elongation factor A (SII)-like 5"
"Cd81",-0.000144222466255783,0.994,"7","CD81 antigen"
"Ttyh1",0.00013929034495952,0.994,"7","tweety family member 1"
"Zbtb8os",0.000109915787350978,0.994,"4","zinc finger and BTB domain containing 8 opposite strand"
"Tada2b",0.000109082641172265,0.994,"5","transcriptional adaptor 2B"
"Osbp",-9.2126226972411e-05,0.994,"19","oxysterol binding protein"
"Spryd7",-8.05972366970664e-05,0.994,"14","SPRY domain containing 7"
