"symbol","logFC","P.Value","chr","description"
"Tmem72",-1.22259006200869,0.1926,"6","transmembrane protein 72"
"Ttr",-1.17874110777479,0.247,"18","transthyretin"
"Kcnj13",-0.930660326621885,0.2318,"1","potassium inwardly-rectifying channel, subfamily J, member 13"
"Slc4a5",-0.917970216659908,0.2858,"6","solute carrier family 4, sodium bicarbonate cotransporter, member 5"
"Rbm47",-0.906372737907774,0.1188,"5","RNA binding motif protein 47"
"Wfdc2",-0.835890496295391,0.2984,"2","WAP four-disulfide core domain 2"
"Pla2g5",-0.741960254226046,0.075,"4","phospholipase A2, group V"
"Prlr",-0.739650114989751,0.1102,"15","prolactin receptor"
"Prr32",-0.736056542515324,0.2786,"X","proline rich 32"
"Capn11",-0.710389665261463,0.207,"17","calpain 11"
"2900040C04Rik",-0.687040553301255,0.4618,"14","RIKEN cDNA 2900040C04 gene"
"Col6a4",0.680319869246694,0.1166,"9","collagen, type VI, alpha 4"
"Kcne2",-0.653908233999912,0.3286,"16","potassium voltage-gated channel, Isk-related subfamily, gene 2"
"Cldn2",-0.653483097076871,0.3538,"X","claudin 2"
"Tshz2",-0.64734763557672,0.1304,"2","teashirt zinc finger family member 2"
"Kdm5d",0.644521841369958,0.7234,"Y","lysine (K)-specific demethylase 5D"
"Wdr86",-0.640447209560764,0.4136,"5","WD repeat domain 86"
"Folr1",-0.617079013287896,0.3774,"7","folate receptor 1 (adult)"
"Otx2",-0.607031654651251,0.3034,"14","orthodenticle homeobox 2"
"Oasl2",-0.6047514824989,0.0376,"5","2'-5' oligoadenylate synthetase-like 2"
"Alpl",-0.601630762030939,0.0094,"4","alkaline phosphatase, liver/bone/kidney"
"Cd74",-0.595735837922155,0.1602,"18","CD74 antigen (invariant polypeptide of major histocompatibility complex, class II antigen-associated)"
"Anpep",-0.568829062936423,0.025,"7","alanyl (membrane) aminopeptidase"
"Gbp2",-0.568128242437896,0.0222,"3","guanylate binding protein 2"
"Plin4",0.562087056476109,0.1066,"17","perilipin 4"
"Ecrg4",-0.558202052166236,0.382,"1","ECRG4 augurin precursor"
"F5",-0.554688056426834,0.4046,"1","coagulation factor V"
"H2-Q4",-0.54648982083649,0.0054,"17","histocompatibility 2, Q region locus 4"
"Pcolce",-0.543457372081103,0.1506,"5","procollagen C-endopeptidase enhancer protein"
"Cldn1",-0.54062214661579,0.3652,"16","claudin 1"
"Eif2s3y",0.539373288340408,0.7656,"Y","eukaryotic translation initiation factor 2, subunit 3, structural gene Y-linked"
"Itga1",-0.535810735701287,0.0936,"13","integrin alpha 1"
"Vat1l",-0.532984818134749,0.1168,"8","vesicle amine transport protein 1 like"
"Clic6",-0.530997207113087,0.4064,"16","chloride intracellular channel 6"
"Htr2c",-0.527797521710879,0.046,"X","5-hydroxytryptamine (serotonin) receptor 2C"
"Bst2",-0.52347067931805,0.0412,"8","bone marrow stromal cell antigen 2"
"Krt18",-0.50844225818644,0.2922,"15","keratin 18"
"Ldb2",-0.503855876870919,0.0258,"5","LIM domain binding 2"
"Aqp1",-0.502435122330244,0.3586,"6","aquaporin 1"
"Aldh1a2",-0.496286809095362,0.16,"9","aldehyde dehydrogenase family 1, subfamily A2"
"Tmem52",0.492614852257339,0.0214,"4","transmembrane protein 52"
"Irf7",-0.480947796400116,0.0262,"7","interferon regulatory factor 7"
"Trpv4",-0.461821742092574,0.28,"5","transient receptor potential cation channel, subfamily V, member 4"
"Calml4",-0.459721553636731,0.2632,"9","calmodulin-like 4"
"Ace",-0.454543215538199,0.2762,"11","angiotensin I converting enzyme (peptidyl-dipeptidase A) 1"
"Cgnl1",-0.454322985514594,0.0976,"9","cingulin-like 1"
"Apold1",-0.444160621769047,0.066,"6","apolipoprotein L domain containing 1"
"Acta2",-0.442949982057291,0.0124,"19","actin alpha 2, smooth muscle, aorta"
"Hspg2",-0.43508359169241,0.0118,"4","perlecan (heparan sulfate proteoglycan 2)"
"Lgals3bp",-0.42700484148697,0.0066,"11","lectin, galactoside-binding, soluble, 3 binding protein"
"Eps8l1",-0.423860437640164,0.1394,"7","EPS8-like 1"
"Cd33",-0.423851565108639,0.3628,"7","CD33 antigen"
"Atp2a3",-0.416601481079037,0.0096,"11","ATPase, Ca++ transporting, ubiquitous"
"Rdh5",-0.408670586164809,0.2672,"10","retinol dehydrogenase 5"
"Sp100",-0.406489439280625,0.021,"1","nuclear antigen Sp100"
"Ifitm3",-0.405666099077669,0.0456,"7","interferon induced transmembrane protein 3"
"Ifit3b",-0.403681754241125,0.0266,"19","interferon-induced protein with tetratricopeptide repeats 3B"
"Igfbp2",-0.40338692886512,0.171,"1","insulin-like growth factor binding protein 2"
"Tgfbi",-0.400457357332546,0.0732,"13","transforming growth factor, beta induced"
"Enpp2",-0.398633121578195,0.2234,"15","ectonucleotide pyrophosphatase/phosphodiesterase 2"
"Myh11",-0.393203468424724,0.0212,"16","myosin, heavy polypeptide 11, smooth muscle"
"Cdkn1c",-0.390163955273322,0.3042,"7","cyclin-dependent kinase inhibitor 1C (P57)"
"Ifit1",-0.388888585611083,0.188,"19","interferon-induced protein with tetratricopeptide repeats 1"
"Abca4",-0.385226374918561,0.3168,"3","ATP-binding cassette, sub-family A (ABC1), member 4"
"Col8a1",-0.384322256014399,0.4956,"16","collagen, type VIII, alpha 1"
"Cfh",-0.383268488371912,0.3446,"1","complement component factor h"
"Mgp",-0.381821127221061,0.075,"6","matrix Gla protein"
"Slc2a12",-0.380708358021582,0.2942,"10","solute carrier family 2 (facilitated glucose transporter), member 12"
"Col6a3",-0.379104031777882,0.3134,"1","collagen, type VI, alpha 3"
"Sostdc1",-0.378234608484233,0.2908,"12","sclerostin domain containing 1"
"Mdfic",-0.377946300434612,0.176,"6","MyoD family inhibitor domain containing"
"Dcn",-0.376665783972896,0.4218,"10","decorin"
"Slc25a34",0.373878656517396,0.0078,"4","solute carrier family 25, member 34"
"Igfbp7",-0.373162063566879,0.0294,"5","insulin-like growth factor binding protein 7"
"Col1a2",-0.372711401292213,0.263,"6","collagen, type I, alpha 2"
"Nxph3",-0.371692887148407,0.3396,"11","neurexophilin 3"
"Igf2",-0.369115620675021,0.266,"7","insulin-like growth factor 2"
"Uty",0.367935023999353,0.775,"Y","ubiquitously transcribed tetratricopeptide repeat containing, Y-linked"
"Lbp",-0.367508584707334,0.3016,"2","lipopolysaccharide binding protein"
"Cd93",-0.366047784417086,0.066,"2","CD93 antigen"
"Nid1",-0.365436058324004,0.1716,"13","nidogen 1"
"Rbp1",-0.364451107322235,0.1238,"9","retinol binding protein 1, cellular"
"Coch",-0.364175211162296,0.3658,"12","cochlin"
"Col5a1",-0.364104886912647,0.0318,"2","collagen, type V, alpha 1"
"Slfn5",-0.362420158420642,0.0274,"11","schlafen 5"
"Col4a4",-0.361044303489107,0.37,"1","collagen, type IV, alpha 4"
"Lgals9",-0.360128341279426,0.0222,"11","lectin, galactose binding, soluble 9"
"Slc13a4",-0.358159685705842,0.4538,"6","solute carrier family 13 (sodium/sulfate symporters), member 4"
"Sulf1",-0.355567027221958,0.3878,"1","sulfatase 1"
"Cdh5",-0.354517203333741,0.0626,"8","cadherin 5"
"Kl",-0.352707007542491,0.1336,"5","klotho"
"Baiap2l1",-0.34982811341128,0.244,"5","BAI1-associated protein 2-like 1"
"Ccn3",-0.349683958996022,0.2092,"15","cellular communication network factor 3"
"Pld4",-0.344099127891314,0.0378,"12","phospholipase D family, member 4"
"St3gal1",-0.343448794534135,0.0056,"15","ST3 beta-galactoside alpha-2,3-sialyltransferase 1"
"Rab11fip1",-0.343337537503775,0.0688,"8","RAB11 family interacting protein 1 (class I)"
"Grem1",-0.341848466694196,0.5142,"2","gremlin 1, DAN family BMP antagonist"
"Sag",0.340246181703231,0.0236,"1","S-antigen, retina and pineal gland (arrestin)"
"Epn3",-0.337960660962726,0.3438,"11","epsin 3"
"Ccr5",-0.337865174809905,0.4842,"9","chemokine (C-C motif) receptor 5"
"Dock2",-0.337440367569143,0.2448,"11","dedicator of cyto-kinesis 2"
"Cp",-0.336918511332766,0.0376,"3","ceruloplasmin"
"Ifit3",-0.336645372341275,0.136,"19","interferon-induced protein with tetratricopeptide repeats 3"
"Gstm2",-0.33517213797208,0.285,"3","glutathione S-transferase, mu 2"
"Adgrl2",-0.334621779506487,0.2482,"3","adhesion G protein-coupled receptor L2"
"Xaf1",-0.334135907139616,0.0664,"11","XIAP associated factor 1"
"Erg",-0.332536417580532,0.059,"16","ETS transcription factor"
"Plk1",0.329671071234745,0.0916,"7","polo like kinase 1"
"Satb2",-0.327141530897488,0.1282,"1","special AT-rich sequence binding protein 2"
"Itgb2",-0.325615778321937,0.3768,"10","integrin beta 2"
"Gbp3",-0.323555555488424,0.0716,"3","guanylate binding protein 3"
"Col15a1",-0.323360676954011,0.0826,"4","collagen, type XV, alpha 1"
"Col8a2",-0.3221112847672,0.4284,"4","collagen, type VIII, alpha 2"
"Kcnmb4os2",0.321939640671836,0.014,"10","potassium large conductance calcium-activated channel, subfamily M, beta member 4, opposite strand 2"
"Angptl2",-0.321700310330103,0.4116,"2","angiopoietin-like 2"
"Slco2b1",-0.321063802340371,0.2688,"7","solute carrier organic anion transporter family, member 2b1"
"Usp18",-0.320818002989931,0.2878,"6","ubiquitin specific peptidase 18"
"Flt1",-0.318838536167176,0.1388,"5","FMS-like tyrosine kinase 1"
"Fzd6",-0.317810147985381,0.0406,"15","frizzled class receptor 6"
"Igtp",-0.317177939639937,0.1076,"11","interferon gamma induced GTPase"
"Pon3",-0.315416443137166,0.2062,"6","paraoxonase 3"
"Sema3b",-0.315290624678585,0.382,"9","sema domain, immunoglobulin domain (Ig), short basic domain, secreted, (semaphorin) 3B"
"Ifitm2",-0.313280184329187,0.0786,"7","interferon induced transmembrane protein 2"
"Ccn1",-0.311884643394684,0.02,"3","cellular communication network factor 1"
"Tjp3",-0.310859442702759,0.2674,"10","tight junction protein 3"
"Fli1",-0.307314433883435,0.1734,"9","Friend leukemia integration 1"
"St6galnac2",-0.307184543738393,0.1696,"11","ST6 (alpha-N-acetyl-neuraminyl-2,3-beta-galactosyl-1,3)-N-acetylgalactosaminide alpha-2,6-sialyltransferase 2"
"Rnf213",-0.306069487162558,0.102,"11","ring finger protein 213"
"Shroom4",-0.305190126016778,0.1166,"X","shroom family member 4"
"Nmb",0.305127236585674,0.1178,"7","neuromedin B"
"Fcrls",-0.303284821871692,0.4196,"3","Fc receptor-like S, scavenger receptor"
"Aste1",0.302279786004677,0.0092,"9","asteroid homolog 1"
"Gpr34",-0.300445288912544,0.5468,"X","G protein-coupled receptor 34"
"Mylk3",0.29987325350569,0.1838,"8","myosin light chain kinase 3"
"Sfrp1",-0.299288461188182,0.0804,"8","secreted frizzled-related protein 1"
"Sdsl",0.298623827997506,0.0474,"5","serine dehydratase-like"
"Adgrl4",-0.298167753422847,0.2562,"3","adhesion G protein-coupled receptor L4"
"Ptprb",-0.298026717727949,0.2034,"10","protein tyrosine phosphatase, receptor type, B"
"Cobl",-0.297849504669061,0.047,"11","cordon-bleu WH2 repeat"
"Slc16a9",-0.297748224848153,0.2048,"10","solute carrier family 16 (monocarboxylic acid transporters), member 9"
"Sh2b2",0.29661419355484,0.0204,"5","SH2B adaptor protein 2"
"Phldb2",-0.296555566370566,0.1088,"16","pleckstrin homology like domain, family B, member 2"
"Col4a3",-0.295444254664944,0.5316,"1","collagen, type IV, alpha 3"
"Lars2",0.295154614976322,0.2004,"9","leucyl-tRNA synthetase, mitochondrial"
"Fgf5",0.293529122796791,0.0194,"5","fibroblast growth factor 5"
"Cish",-0.293303585468355,0.1672,"9","cytokine inducible SH2-containing protein"
"Col18a1",-0.293208792024042,0.1346,"10","collagen, type XVIII, alpha 1"
"Col6a2",-0.292013548924371,0.1316,"10","collagen, type VI, alpha 2"
"Slc16a8",-0.290382622251517,0.409,"15","solute carrier family 16 (monocarboxylic acid transporters), member 8"
"C2cd4a",0.289907502853169,0.1176,"9","C2 calcium-dependent domain containing 4A"
"Ston1",-0.28885062404859,0.2388,"17","stonin 1"
"Entpd1",-0.288097841476197,0.1564,"19","ectonucleoside triphosphate diphosphohydrolase 1"
"Ttc21a",0.287265607286078,0.3074,"9","tetratricopeptide repeat domain 21A"
"Gbp7",-0.286343749735431,0.0528,"3","guanylate binding protein 7"
"Fst",0.285672183561269,0.09,"13","follistatin"
"Bcam",-0.285240510717399,0.078,"7","basal cell adhesion molecule"
"Olfml3",-0.284548426186549,0.2574,"3","olfactomedin-like 3"
"Abca8a",-0.284512620724061,0.0566,"11","ATP-binding cassette, sub-family A (ABC1), member 8a"
"Nupr1",-0.283386521006239,0.1314,"7","nuclear protein transcription regulator 1"
"Pbx3",-0.283175810968372,0.0148,"2","pre B cell leukemia homeobox 3"
"Ntn1",-0.281696750799797,0.1618,"11","netrin 1"
"Tek",-0.278123198392319,0.2236,"4","TEK receptor tyrosine kinase"
"Rnf207",-0.277749457670753,0.1682,"4","ring finger protein 207"
"Podxl",-0.27692329374737,0.1812,"6","podocalyxin-like"
"Abcc9",-0.276490132482664,0.3366,"6","ATP-binding cassette, sub-family C (CFTR/MRP), member 9"
"Abca9",-0.275445663244338,0.51,"11","ATP-binding cassette, sub-family A (ABC1), member 9"
"Mrc2",-0.275094013934392,0.1136,"11","mannose receptor, C type 2"
"Cyp1b1",-0.27500893330048,0.1224,"17","cytochrome P450, family 1, subfamily b, polypeptide 1"
"Il6ra",-0.27500671816738,0.3086,"3","interleukin 6 receptor, alpha"
"Tmem204",-0.274070165505203,0.0924,"17","transmembrane protein 204"
"Wdfy1",0.272639283067111,0.1414,"1","WD repeat and FYVE domain containing 1"
"Itgam",-0.27249914730408,0.5544,"7","integrin alpha M"
"Ide",-0.271687934197952,0.0096,"19","insulin degrading enzyme"
"Gabra2",0.271003146988336,0.0074,"5","gamma-aminobutyric acid (GABA) A receptor, subunit alpha 2"
"Vwf",-0.269694962453888,0.1372,"6","Von Willebrand factor"
"H2-D1",-0.268554700517678,0.0892,"17","histocompatibility 2, D region locus 1"
"Ccdc162",0.268406580137894,0.28,"10","coiled-coil domain containing 162"
"Serpinh1",-0.268398696326293,0.0424,"7","serine (or cysteine) peptidase inhibitor, clade H, member 1"
"Tnnt2",0.268363802849811,0.241,"1","troponin T2, cardiac"
"Shisa2",0.267537082887766,0.044,"14","shisa family member 2"
"Prelp",-0.267500056126704,0.0752,"1","proline arginine-rich end leucine-rich repeat"
"Dab2",-0.267151901319797,0.2726,"15","disabled 2, mitogen-responsive phosphoprotein"
"Bmp7",-0.266979989431805,0.254,"2","bone morphogenetic protein 7"
"Col1a1",-0.266353058507067,0.1476,"11","collagen, type I, alpha 1"
"Plxdc1",-0.265504971186753,0.0496,"11","plexin domain containing 1"
"Lgals1",-0.265384014907709,0.1526,"15","lectin, galactose binding, soluble 1"
"Sult1a1",0.264962924282762,0.0784,"7","sulfotransferase family 1A, phenol-preferring, member 1"
"Efcab6",-0.264586656505883,0.1684,"15","EF-hand calcium binding domain 6"
"Anxa3",-0.264465921561329,0.1394,"5","annexin A3"
"Ddr2",-0.263601233945603,0.0072,"1","discoidin domain receptor family, member 2"
"C130074G19Rik",-0.263372841502126,0.0328,"1","RIKEN cDNA C130074G19 gene"
"Crtap",-0.262939464544976,0.0582,"9","cartilage associated protein"
"Tfcp2l1",0.261423104014325,0.0356,"1","transcription factor CP2-like 1"
"Spint2",-0.259968154036784,0.3124,"7","serine protease inhibitor, Kunitz type 2"
"Slc38a5",0.259616688577275,0.0728,"X","solute carrier family 38, member 5"
"Pter",-0.258787704464545,0.0746,"2","phosphotriesterase related"
"Cmklr1",-0.257793109927238,0.1956,"5","chemokine-like receptor 1"
"Acan",0.256980918515327,0.1044,"7","aggrecan"
"Trim25",-0.256630420520067,0.0578,"11","tripartite motif-containing 25"
"Syndig1l",0.254268928572133,0.152,"12","synapse differentiation inducing 1 like"
"Sdk2",-0.25378718992284,0.273,"11","sidekick cell adhesion molecule 2"
"Nes",-0.253624344154643,0.1468,"3","nestin"
"A230001M10Rik",-0.25346901103272,0.2018,"3","RIKEN cDNA A230001M10 gene"
"Slc22a8",-0.251267167146121,0.1206,"19","solute carrier family 22 (organic anion transporter), member 8"
"Skap2",-0.25071327887804,0.0082,"6","src family associated phosphoprotein 2"
"Fbln2",-0.250217454432649,0.0958,"6","fibulin 2"
"Anxa2",-0.249026357630781,0.1942,"9","annexin A2"
"Egr2",-0.248938643269443,0.5002,"10","early growth response 2"
"Mgat5",-0.248733924082327,0.3832,"1","mannoside acetylglucosaminyltransferase 5"
"Robo4",-0.247162026955152,0.1304,"9","roundabout guidance receptor 4"
"Crhbp",-0.246535830679731,0.1086,"13","corticotropin releasing hormone binding protein"
"Cbln1",-0.24649384593492,0.105,"8","cerebellin 1 precursor protein"
"Fam135b",-0.246407395648419,0.5158,"15","family with sequence similarity 135, member B"
"Cpne9",0.24628098635453,0.1248,"6","copine family member IX"
"Clic5",-0.24609363886339,0.297,"17","chloride intracellular channel 5"
"H2-K1",-0.245584245612737,0.0296,"17","histocompatibility 2, K1, K region"
"Eng",-0.245213382161446,0.0302,"2","endoglin"
"Sspo",0.244160841133469,0.343,"6","SCO-spondin"
"Dock8",-0.243936177781247,0.4226,"19","dedicator of cytokinesis 8"
"Tinagl1",-0.243337148834023,0.0878,"4","tubulointerstitial nephritis antigen-like 1"
"Pltp",-0.242462610187814,0.213,"2","phospholipid transfer protein"
"Slc7a11",-0.241609656989405,0.1322,"3","solute carrier family 7 (cationic amino acid transporter, y+ system), member 11"
"Sod3",-0.240295529053896,0.1358,"5","superoxide dismutase 3, extracellular"
"Kcnh7",-0.24011512953076,0.5894,"2","potassium voltage-gated channel, subfamily H (eag-related), member 7"
"Selplg",-0.23992723157061,0.4894,"5","selectin, platelet (p-selectin) ligand"
"Rtp4",-0.237714826420951,0.2738,"16","receptor transporter protein 4"
"Car12",-0.236770026778447,0.0322,"9","carbonic anhydrase 12"
"Drc7",-0.235802354350094,0.5408,"8","dynein regulatory complex subunit 7"
"Atp10d",-0.235730809484737,0.2446,"5","ATPase, class V, type 10D"
"Slco1c1",-0.235617054671297,0.0612,"6","solute carrier organic anion transporter family, member 1c1"
"Nckap5",-0.235104504404023,0.0146,"1","NCK-associated protein 5"
"Rtkn2",0.23473952127145,0.1922,"10","rhotekin 2"
"Myl9",-0.233807084354094,0.1234,"2","myosin, light polypeptide 9, regulatory"
"Fyb",-0.233700859647217,0.4776,"15","FYN binding protein"
"Steap2",-0.233095993155589,0.2534,"5","six transmembrane epithelial antigen of prostate 2"
"Fcgr3",-0.231682465904279,0.422,"1","Fc receptor, IgG, low affinity III"
"Edn3",-0.231518350665419,0.2122,"2","endothelin 3"
"Ppp1ccb",0.231334457494112,0.0674,"7","protein phosphatase 1 catalytic subunit gamma B"
"Fyb2",0.23049945078641,0.2282,"4","FYN binding protein 2"
"Ccdc163",0.230353739278378,0.2192,"4","coiled-coil domain containing 163"
"Il13ra1",-0.230236532284015,0.2254,"X","interleukin 13 receptor, alpha 1"
"Col9a3",-0.230067847489282,0.4402,"2","collagen, type IX, alpha 3"
"Helz2",-0.229939444860904,0.2154,"2","helicase with zinc finger 2, transcriptional coactivator"
"Tmem255a",-0.228401669424158,0.1136,"X","transmembrane protein 255A"
"Ddx3y",0.228326991439229,0.8892,"Y","DEAD box helicase 3, Y-linked"
"Cdc25a",0.228152434022959,0.095,"9","cell division cycle 25A"
"Pcdha12",-0.228067891054599,0.4532,"18","protocadherin alpha 12"
"Pcdhga12",-0.22806161841521,0.1488,"18","protocadherin gamma subfamily A, 12"
"Cd55",-0.227995692488558,0.086,"1","CD55 molecule, decay accelerating factor for complement"
"Serpinb1a",-0.227797393953806,0.2866,"13","serine (or cysteine) peptidase inhibitor, clade B, member 1a"
"Gprin3",-0.227608201997206,0.596,"6","GPRIN family member 3"
"Rgs5",-0.227549039503205,0.234,"1","regulator of G-protein signaling 5"
"Inhbb",-0.227431430966484,0.0328,"1","inhibin beta-B"
"Ucp2",-0.226893381505566,0.221,"7","uncoupling protein 2 (mitochondrial, proton carrier)"
"Bgn",-0.226854589669707,0.0714,"X","biglycan"
"Cd53",-0.225958848471664,0.5668,"3","CD53 antigen"
"Bin2",-0.225441417646688,0.3842,"15","bridging integrator 2"
"Bmp6",-0.225436909310538,0.2822,"13","bone morphogenetic protein 6"
"Dach1",-0.225274242691476,0.0934,"14","dachshund family transcription factor 1"
"Prrx1",-0.225043205649636,0.007,"1","paired related homeobox 1"
"Hspb1",-0.225015873457282,0.1488,"5","heat shock protein 1"
"Etnppl",0.224752978765747,0.169,"3","ethanolamine phosphate phospholyase"
"Ccn2",-0.22470078437113,0.3442,"10","cellular communication network factor 2"
"Cdhr3",0.22459775151082,0.1398,"12","cadherin-related family member 3"
"Klf4",-0.22443751343517,0.3602,"4","Kruppel-like factor 4 (gut)"
"Parm1",-0.223933652677192,0.3814,"5","prostate androgen-regulated mucin-like protein 1"
"Map3k15",0.223844223304043,0.4176,"X","mitogen-activated protein kinase kinase kinase 15"
"Pear1",-0.223763527731076,0.143,"3","platelet endothelial aggregation receptor 1"
"Sgcd",-0.2237598373403,0.1792,"11","sarcoglycan, delta (dystrophin-associated glycoprotein)"
"Tpm2",-0.223542601704841,0.1042,"4","tropomyosin 2, beta"
"Ctsh",-0.223205424284721,0.355,"9","cathepsin H"
"Frem1",-0.222892140837066,0.3462,"4","Fras1 related extracellular matrix protein 1"
"Vcam1",-0.222651229108107,0.0462,"3","vascular cell adhesion molecule 1"
"Medag",0.22259372565534,0.1346,"5","mesenteric estrogen dependent adipogenesis"
"Tagln",-0.222530386691096,0.1168,"9","transgelin"
"Aldob",-0.222256564817259,0.2494,"4","aldolase B, fructose-bisphosphate"
"Adgrf5",-0.221568535570435,0.296,"17","adhesion G protein-coupled receptor F5"
"Ltc4s",-0.22122245335617,0.431,"11","leukotriene C4 synthase"
"Cdkl4",-0.221186533096418,0.0522,"17","cyclin-dependent kinase-like 4"
"Adamts2",-0.221086177421408,0.0936,"11","a disintegrin-like and metallopeptidase (reprolysin type) with thrombospondin type 1 motif, 2"
"1700007F19Rik",-0.220469718786453,0.2362,"3","RIKEN cDNA 1700007F19 gene"
"Tgfbr2",-0.22026572627556,0.2262,"9","transforming growth factor, beta receptor II"
"Ddc",0.220205494102802,0.1404,"11","dopa decarboxylase"
"Kit",-0.219563080813261,0.0568,"5","KIT proto-oncogene receptor tyrosine kinase"
"Scrg1",0.219138957981039,0.0354,"8","scrapie responsive gene 1"
"Flywch2",0.217915751089452,0.2534,"17","FLYWCH family member 2"
"Tppp3",0.217887779996909,0.2522,"8","tubulin polymerization-promoting protein family member 3"
"Notch3",-0.217818784021492,0.129,"17","notch 3"
"Srgn",-0.217704685749276,0.323,"10","serglycin"
"Egr1",-0.216218070245022,0.1206,"18","early growth response 1"
"4833422C13Rik",0.215353329910015,0.1004,"13","RIKEN cDNA 4833422C13 gene"
"Mfap4",0.215172710470636,0.0724,"11","microfibrillar-associated protein 4"
"Pecam1",-0.215035406069995,0.1366,"11","platelet/endothelial cell adhesion molecule 1"
"Cdh22",-0.214916491067194,0.117,"2","cadherin 22"
"Adamts8",0.213911853544412,0.2052,"9","a disintegrin-like and metallopeptidase (reprolysin type) with thrombospondin type 1 motif, 8"
"Arrdc2",0.213617721784936,0.3438,"8","arrestin domain containing 2"
"Col12a1",-0.213581497172842,0.3656,"9","collagen, type XII, alpha 1"
"Mt2",0.213311557851311,0.2438,"8","metallothionein 2"
"Irgm1",-0.213261709672011,0.057,"11","immunity-related GTPase family M member 1"
"Efna5",-0.213231671137212,0.099,"17","ephrin A5"
"Cfap46",0.212465482901547,0.3546,"7","cilia and flagella associated protein 46"
"Ephb4",-0.212234309822478,0.0842,"5","Eph receptor B4"
"Trp73",0.211977987770931,0.1072,"4","transformation related protein 73"
"Colec12",-0.211583574219937,0.4536,"18","collectin sub-family member 12"
"Zc3hav1",-0.211578179624257,0.019,"6","zinc finger CCCH type, antiviral 1"
"S100a11",-0.211476131758131,0.3086,"3","S100 calcium binding protein A11"
"Mfsd2a",0.211290371826655,0.0258,"4","major facilitator superfamily domain containing 2A"
"Arhgdib",-0.211159969632362,0.1932,"6","Rho, GDP dissociation inhibitor (GDI) beta"
"Sh3bp2",0.2110965670858,0.105,"5","SH3-domain binding protein 2"
"Acer2",-0.210664244968144,0.1288,"4","alkaline ceramidase 2"
"Igfbp6",-0.210474076866856,0.145,"15","insulin-like growth factor binding protein 6"
"Tie1",-0.210139109697679,0.1608,"4","tyrosine kinase with immunoglobulin-like and EGF-like domains 1"
"Ifi27",-0.210094448206803,0.1514,"12","interferon, alpha-inducible protein 27"
"Wfdc1",-0.210046352474727,0.0376,"8","WAP four-disulfide core domain 1"
"Snhg16",-0.209885819987267,0.2934,"11","small nucleolar RNA host gene 16"
"Ets1",-0.209480779482352,0.311,"9","E26 avian leukemia oncogene 1, 5' domain"
"Mad2l1bp",0.208841069365073,0.0522,"17","MAD2L1 binding protein"
"Nedd1",-0.208381280296304,0.0628,"10","neural precursor cell expressed, developmentally down-regulated gene 1"
"Lcp1",-0.208235886233611,0.4276,"14","lymphocyte cytosolic protein 1"
"Ctss",-0.207631612559851,0.5136,"3","cathepsin S"
"Sox17",-0.207392445547041,0.2252,"1","SRY (sex determining region Y)-box 17"
"Cxcl12",-0.207344627943781,0.0574,"6","chemokine (C-X-C motif) ligand 12"
"Rasgrp3",-0.206552538820768,0.1894,"17","RAS, guanyl releasing protein 3"
"Iqgap1",-0.206332450918884,0.1144,"7","IQ motif containing GTPase activating protein 1"
"Uaca",-0.204595900983885,0.08,"9","uveal autoantigen with coiled-coil domains and ankyrin repeats"
"Kdr",-0.203839667364992,0.353,"5","kinase insert domain protein receptor"
"Slc17a8",0.203502211448538,0.1064,"10","solute carrier family 17 (sodium-dependent inorganic phosphate cotransporter), member 8"
"Abcb1a",-0.202925760042334,0.3234,"5","ATP-binding cassette, sub-family B (MDR/TAP), member 1A"
"Dock6",-0.202918106997672,0.1798,"9","dedicator of cytokinesis 6"
"Csf1r",-0.202784260572037,0.4694,"18","colony stimulating factor 1 receptor"
"Siglech",-0.202363464772447,0.4336,"7","sialic acid binding Ig-like lectin H"
"Rbpms",-0.202208582525874,0.1112,"8","RNA binding protein gene with multiple splicing"
"Cplx3",0.201984576612324,0.2798,"9","complexin 3"
"6820431F20Rik",0.201697973649845,0.1228,"8","cadherin 11 pseudogene"
"Eif2ak2",-0.20154430940952,0.0628,"17","eukaryotic translation initiation factor 2-alpha kinase 2"
"Emilin2",0.201437321813086,0.3356,"17","elastin microfibril interfacer 2"
"Wnt3",0.200898914512296,0.2322,"11","wingless-type MMTV integration site family, member 3"
"Clic1",-0.199767172647507,0.1222,"17","chloride intracellular channel 1"
"Cybrd1",0.199512452775174,0.0168,"2","cytochrome b reductase 1"
"Vtn",-0.19922729991772,0.21,"11","vitronectin"
"Neat1",-0.198900113946098,0.364,"19","nuclear paraspeckle assembly transcript 1 (non-protein coding)"
"Itga7",0.198575110985763,0.1204,"10","integrin alpha 7"
"Tcf15",0.198045285913217,0.2584,"2","transcription factor 15"
"Pola1",-0.197735608351373,0.178,"X","polymerase (DNA directed), alpha 1"
"Rps27",0.196846082869994,0.2328,"3","ribosomal protein S27"
"Cdh18",-0.196621567901023,0.2532,"15","cadherin 18"
"Efemp1",-0.196532220109516,0.1852,"11","epidermal growth factor-containing fibulin-like extracellular matrix protein 1"
"Zfp59",0.196281835351631,0.1068,"7","zinc finger protein 59"
"Slc9a5",0.196128049285304,0.0868,"8","solute carrier family 9 (sodium/hydrogen exchanger), member 5"
"Pcdhgc4",-0.196067818958851,0.4302,"18","protocadherin gamma subfamily C, 4"
"Cavin1",-0.195980318709568,0.1372,"11","caveolae associated 1"
"F420014N23Rik",0.195620026107613,0.4708,"10","RIKEN cDNA F420014N23 gene"
"Zbtb20",-0.195615027479794,0.4206,"16","zinc finger and BTB domain containing 20"
"Nfatc1",-0.195563944034114,0.1164,"18","nuclear factor of activated T cells, cytoplasmic, calcineurin dependent 1"
"Thbd",-0.195535028934998,0.2296,"2","thrombomodulin"
"H2-T23",-0.195294433592842,0.2316,"17","histocompatibility 2, T region locus 23"
"Hs6st2",-0.195107547482033,0.2096,"X","heparan sulfate 6-O-sulfotransferase 2"
"Stat6",-0.195028020387121,0.108,"10","signal transducer and activator of transcription 6"
"Ctla2a",-0.194880782262709,0.1574,"13","cytotoxic T lymphocyte-associated protein 2 alpha"
"Tap2",-0.194817696539164,0.0238,"17","transporter 2, ATP-binding cassette, sub-family B (MDR/TAP)"
"Itga10",-0.194812378394417,0.3674,"3","integrin, alpha 10"
"Lmcd1",-0.194753897161423,0.2026,"6","LIM and cysteine-rich domains 1"
"Rhoj",0.194687111748548,0.193,"12","ras homolog family member J"
"1700086O06Rik",0.194308705105088,0.2608,"18","RIKEN cDNA 1700086O06 gene"
"Mob1a",-0.194148157079144,0.3046,"6","MOB kinase activator 1A"
"Scube3",-0.193861792720952,0.2872,"17","signal peptide, CUB domain, EGF-like 3"
"Timp3",-0.193820440027333,0.0652,"10","tissue inhibitor of metalloproteinase 3"
"Tnfaip2",0.193283294870769,0.2036,"12","tumor necrosis factor, alpha-induced protein 2"
"F11r",-0.193258323262457,0.4624,"1","F11 receptor"
"Trp53i11",0.192699785414749,0.0628,"2","transformation related protein 53 inducible protein 11"
"Msrb3",-0.192249965100058,0.2694,"10","methionine sulfoxide reductase B3"
"Tgm2",-0.192000996534424,0.253,"2","transglutaminase 2, C polypeptide"
"Abcg2",-0.191708857809335,0.2178,"6","ATP binding cassette subfamily G member 2 (Junior blood group)"
"Mt1",0.19146522143887,0.261,"8","metallothionein 1"
"Whrn",-0.191081535827107,0.2288,"4","whirlin"
"Adamtsl1",-0.190669161812036,0.2006,"4","ADAMTS-like 1"
"Galnt4",0.190594277000459,0.0678,"10","polypeptide N-acetylgalactosaminyltransferase 4"
"Palld",-0.190456646468916,0.0134,"8","palladin, cytoskeletal associated protein"
"Arhgap45",-0.189838812217448,0.2772,"10","Rho GTPase activating protein 45"
"Hpgd",-0.189472725807601,0.4416,"8","hydroxyprostaglandin dehydrogenase 15 (NAD)"
"Tmem119",-0.189208740684212,0.3344,"5","transmembrane protein 119"
"Rcsd1",-0.188902756256732,0.382,"1","RCSD domain containing 1"
"Cd68",-0.188849645462669,0.2604,"11","CD68 antigen"
"Kitl",-0.188434203849322,0.2392,"10","kit ligand"
"Hif3a",0.188095644324394,0.4132,"7","hypoxia inducible factor 3, alpha subunit"
"Tmem200a",-0.188081802496987,0.1762,"10","transmembrane protein 200A"
"Pnpla2",0.187849765540787,0.1108,"7","patatin-like phospholipase domain containing 2"
"Rbms1",-0.187228412664483,0.2978,"2","RNA binding motif, single stranded interacting protein 1"
"Kank2",-0.187176364986266,0.0176,"9","KN motif and ankyrin repeat domains 2"
"Perm1",-0.186935392477274,0.271,"4","PPARGC1 and ESRR induced regulator, muscle 1"
"Stra6",-0.186751145871786,0.0864,"9","stimulated by retinoic acid gene 6"
"Pcdhga5",-0.186742809806299,0.3414,"18","protocadherin gamma subfamily A, 5"
"Plekhd1",0.186698576033789,0.2724,"12","pleckstrin homology domain containing, family D (with coiled-coil domains) member 1"
"Gng11",-0.186674092168517,0.2926,"6","guanine nucleotide binding protein (G protein), gamma 11"
"Pla2g4e",0.186541023839291,0.5638,"2","phospholipase A2, group IVE"
"Itm2a",-0.186288648033493,0.388,"X","integral membrane protein 2A"
"Nhlrc2",-0.186171715152088,0.3882,"19","NHL repeat containing 2"
"Ntn4",-0.185647590559248,0.2694,"10","netrin 4"
"Arhgap29",-0.185605988194757,0.3358,"3","Rho GTPase activating protein 29"
"Zfp185",-0.18559725272022,0.4698,"X","zinc finger protein 185"
"Racgap1",0.185323249023226,0.0954,"15","Rac GTPase-activating protein 1"
"Rhpn2",0.18527994579728,0.1576,"7","rhophilin, Rho GTPase binding protein 2"
"Slc6a13",-0.185273458742774,0.5224,"6","solute carrier family 6 (neurotransmitter transporter, GABA), member 13"
"Inpp5d",-0.185252083155081,0.5232,"1","inositol polyphosphate-5-phosphatase D"
"Glmn",0.184999719645038,0.2946,"5","glomulin, FKBP associated protein"
"Ror1",-0.184963744355197,0.2154,"4","receptor tyrosine kinase-like orphan receptor 1"
"Tgfb1",-0.18493344613307,0.3066,"7","transforming growth factor, beta 1"
"Pcdhga9",-0.184623432372411,0.3896,"18","protocadherin gamma subfamily A, 9"
"Mfsd3",0.184274443243437,0.0816,"15","major facilitator superfamily domain containing 3"
"Nid2",-0.184273039731315,0.5176,"14","nidogen 2"
"Dmp1",0.184227386763752,0.0534,"5","dentin matrix protein 1"
"Mob3b",-0.184100124064728,0.2626,"4","MOB kinase activator 3B"
"Sv2c",-0.183921688671167,0.6066,"13","synaptic vesicle glycoprotein 2c"
"Pkib",0.183906760563373,0.0512,"10","protein kinase inhibitor beta, cAMP dependent, testis specific"
"Disp1",-0.183778554294366,0.0854,"1","dispatched RND transporter family member 1"
"Pcdhb11",0.183681512779211,0.1406,"18","protocadherin beta 11"
"Ecm2",-0.183547816729271,0.351,"13","extracellular matrix protein 2, female organ and adipocyte specific"
"Plekhg4",0.183488704476353,0.4858,"8","pleckstrin homology domain containing, family G (with RhoGef domain) member 4"
"Cdkn1a",0.183466205726427,0.3936,"17","cyclin-dependent kinase inhibitor 1A (P21)"
"Lrrc51",0.183133118131673,0.2146,"7","leucine rich repeat containing 51"
"Gstt1",-0.183028830786162,0.268,"10","glutathione S-transferase, theta 1"
"Bhlhe40",-0.182866027586214,0.0814,"6","basic helix-loop-helix family, member e40"
"Cast",-0.182764479831002,0.3986,"13","calpastatin"
"Fxyd1",-0.182705391725039,0.4502,"7","FXYD domain-containing ion transport regulator 1"
"Tmc6",-0.182321891716717,0.1728,"11","transmembrane channel-like gene family 6"
"Sgms2",-0.181754488850884,0.4116,"3","sphingomyelin synthase 2"
"Rnf144b",-0.181701728448582,0.2256,"13","ring finger protein 144B"
"Ryr1",0.18158837309668,0.3836,"7","ryanodine receptor 1, skeletal muscle"
"1700048O20Rik",-0.181509367543179,0.4416,"9","RIKEN cDNA 1700048O20 gene"
"Ednra",-0.181285525308227,0.0864,"8","endothelin receptor type A"
"Utrn",-0.181170985618436,0.1566,"10","utrophin"
"Col23a1",-0.180990475348741,0.3256,"11","collagen, type XXIII, alpha 1"
"Fn1",-0.180863071936951,0.5474,"1","fibronectin 1"
"Alyref2",-0.180853540074362,0.0454,"1","Aly/REF export factor 2"
"Hscb",0.18078827635995,0.1886,"5","HscB iron-sulfur cluster co-chaperone"
"Yod1",-0.180019675366704,0.6726,"1","YOD1 deubiquitinase"
"B3galt4",0.179844270233395,0.1584,"17","UDP-Gal:betaGlcNAc beta 1,3-galactosyltransferase, polypeptide 4"
"Hspa12b",-0.1797566139376,0.2048,"2","heat shock protein 12B"
"Zfp647",0.17911628027211,0.0632,"15","zinc finger protein 647"
"Cav1",-0.179049568847743,0.1768,"6","caveolin 1, caveolae protein"
"Ugt8a",-0.179023908602815,0.2672,"3","UDP galactosyltransferase 8A"
"Pinx1",0.178735988831727,0.105,"14","PIN2/TERF1 interacting, telomerase inhibitor 1"
"Aim2",-0.178691986977138,0.1488,"1","absent in melanoma 2"
"Parp4",-0.178636704993559,0.1838,"14","poly (ADP-ribose) polymerase family, member 4"
"Nxph1",-0.178303469163534,0.3632,"6","neurexophilin 1"
"Eif4ebp1",0.178260840531917,0.3778,"8","eukaryotic translation initiation factor 4E binding protein 1"
"Pgm5",-0.178147046720443,0.0482,"19","phosphoglucomutase 5"
"Coro6",-0.177789163852384,0.2888,"11","coronin 6"
"Esam",-0.17772641195436,0.0602,"9","endothelial cell-specific adhesion molecule"
"Tmem151b",0.176726492873703,0.0164,"17","transmembrane protein 151B"
"Gm36742",0.176686917471603,0.3054,"16","predicted gene, 36742"
"Frmpd1",0.176576898008892,0.0296,"4","FERM and PDZ domain containing 1"
"Wnt9a",0.176565547340825,0.2742,"11","wingless-type MMTV integration site family, member 9A"
"Nedd9",-0.176287151298363,0.1062,"13","neural precursor cell expressed, developmentally down-regulated gene 9"
"Pawr",-0.176153137128689,0.2312,"10","PRKC, apoptosis, WT1, regulator"
"Slc12a7",-0.175894834321744,0.1962,"13","solute carrier family 12, member 7"
"Slc40a1",-0.175591106260449,0.2402,"1","solute carrier family 40 (iron-regulated transporter), member 1"
"Plscr4",-0.175414480884474,0.0614,"9","phospholipid scramblase 4"
"Hinfp",0.175372723770464,0.3998,"9","histone H4 transcription factor"
"2700097O09Rik",0.17487095911295,0.1014,"12","RIKEN cDNA 2700097O09 gene"
"Prkcd",0.174245121179714,0.433,"14","protein kinase C, delta"
"Htra3",-0.174207531401016,0.15,"5","HtrA serine peptidase 3"
"Mafa",0.173816629957018,0.3846,"15","v-maf musculoaponeurotic fibrosarcoma oncogene family, protein A (avian)"
"Cenpp",0.17378221756139,0.197,"13","centromere protein P"
"Rasip1",-0.172783517345243,0.006,"7","Ras interacting protein 1"
"Lrp5",-0.172701960899207,0.106,"19","low density lipoprotein receptor-related protein 5"
"Fmnl3",-0.172675375750079,0.0854,"15","formin-like 3"
"Steap3",-0.172588968567247,0.1238,"1","STEAP family member 3"
"Snhg3",-0.17200680297977,0.2502,"4","small nucleolar RNA host gene 3"
"Filip1l",-0.171905512575965,0.3988,"16","filamin A interacting protein 1-like"
"Fam183b",0.171582763604496,0.3166,"11","family with sequence similarity 183, member B"
"Ube2j2",0.171528987455117,0.0518,"4","ubiquitin-conjugating enzyme E2J 2"
"Chac1",-0.171489299948835,0.2398,"2","ChaC, cation transport regulator 1"
"Ubxn10",-0.171083361239104,0.3646,"4","UBX domain protein 10"
"Olfm4",0.171045534949756,0.2148,"14","olfactomedin 4"
"Srl",0.17095234998681,0.0424,"16","sarcalumenin"
"Thsd1",-0.170877041022775,0.132,"8","thrombospondin, type I, domain 1"
"Krt77",-0.170855620656704,0.1706,"15","keratin 77"
"Lef1",-0.17083923358004,0.2586,"3","lymphoid enhancer binding factor 1"
"Egfl6",-0.170111886542176,0.2282,"X","EGF-like-domain, multiple 6"
"Cdh23",0.169984582806838,0.4986,"10","cadherin 23 (otocadherin)"
"Mks1",0.169096084030842,0.1718,"11","MKS transition zone complex subunit 1"
"Pigbos1",-0.168980392669179,0.0976,"9","Pigb opposite strand 1"
"Ehd2",-0.168717800441938,0.0176,"7","EH-domain containing 2"
"Selenom",0.168705893248887,0.3968,"11","selenoprotein M"
"Zfp874b",0.168420307961527,0.0436,"13","zinc finger protein 874b"
"Gm14322",0.168136335476818,0.1128,"2","predicted gene 14322"
"Chrna7",-0.167527872071662,0.5106,"7","cholinergic receptor, nicotinic, alpha polypeptide 7"
"Mme",-0.167433381785013,0.473,"3","membrane metallo endopeptidase"
"Gm15446",-0.167369267160528,0.3712,"5","predicted gene 15446"
"Slc13a3",-0.167189606123648,0.289,"2","solute carrier family 13 (sodium-dependent dicarboxylate transporter), member 3"
"Apaf1",-0.166540283115543,0.0554,"10","apoptotic peptidase activating factor 1"
"Ttc23",0.166486671233633,0.2584,"7","tetratricopeptide repeat domain 23"
"Ercc8",0.166472134386161,0.0206,"13","excision repaiross-complementing rodent repair deficiency, complementation group 8"
"Myh7",-0.16629747246244,0.356,"14","myosin, heavy polypeptide 7, cardiac muscle, beta"
"Lrrk2",-0.166217862226178,0.4082,"15","leucine-rich repeat kinase 2"
"Ceacam1",-0.165716824974165,0.365,"7","CEA cell adhesion molecule 1"
"Pcp4l1",-0.16548154494744,0.1902,"1","Purkinje cell protein 4-like 1"
"Pcdh15",-0.165405567947015,0.4218,"10","protocadherin 15"
"Zfp994",0.165385211903985,0.046,"17","zinc finger protein 994"
"Pde1c",-0.165154990228524,0.2254,"6","phosphodiesterase 1C"
"Fgfbp3",-0.165132952893912,0.2368,"19","fibroblast growth factor binding protein 3"
"Gpx8",-0.165022629040116,0.3908,"13","glutathione peroxidase 8 (putative)"
"Klhdc8a",0.164839199383417,0.3644,"1","kelch domain containing 8A"
"Ovol1",-0.164592084587913,0.5302,"19","ovo like zinc finger 1"
"Rtl3",0.164580145129049,0.1924,"X","retrotransposon Gag like 3"
"Trem2",-0.164340116592854,0.309,"17","triggering receptor expressed on myeloid cells 2"
"Fzd4",-0.164236656462531,0.5622,"7","frizzled class receptor 4"
"Ky",0.163843592226077,0.1784,"9","kyphoscoliosis peptidase"
"Cx3cr1",-0.163843222340619,0.6024,"9","chemokine (C-X3-C motif) receptor 1"
"Lonrf1",-0.163192941219523,0.0588,"8","LON peptidase N-terminal domain and ring finger 1"
"Pcdh11x",0.163136696509177,0.29,"X","protocadherin 11 X-linked"
"Sp9",0.162954026563093,0.1772,"2","trans-acting transcription factor 9"
"Stard5",0.162862857492221,0.03,"7","StAR-related lipid transfer (START) domain containing 5"
"Per2",-0.162771047671076,0.1306,"1","period circadian clock 2"
"Ism1",0.162580458937335,0.0106,"2","isthmin 1, angiogenesis inhibitor"
"Cpne7",-0.162406535098175,0.2426,"8","copine VII"
"Dctpp1",0.162161680083421,0.3188,"7","dCTP pyrophosphatase 1"
"Rps19-ps3",0.161930411302738,0.4822,"4","ribosomal protein S19, pseudogene 3"
"A2m",-0.161894547151905,0.5438,"6","alpha-2-macroglobulin"
"9130024F11Rik",-0.1618664922557,0.521,"1","RIKEN cDNA 9130024F11 gene"
"Smim3",0.161782043758979,0.1076,"18","small integral membrane protein 3"
"Gabra3",-0.161423907589045,0.36,"X","gamma-aminobutyric acid (GABA) A receptor, subunit alpha 3"
"Syt2",-0.161109454159374,0.4396,"1","synaptotagmin II"
"Syt10",-0.160960156209515,0.6804,"15","synaptotagmin X"
"Bfsp2",-0.160867820805444,0.4892,"9","beaded filament structural protein 2, phakinin"
"Pcgf6",0.160568935248916,0.1198,"19","polycomb group ring finger 6"
"Kcng4",0.160560382084933,0.0698,"8","potassium voltage-gated channel, subfamily G, member 4"
"Rpp40",0.160538831677774,0.1148,"13","ribonuclease P 40 subunit"
"Grin2d",0.160078818355342,0.0562,"7","glutamate receptor, ionotropic, NMDA2D (epsilon 4)"
"Pcgf5",-0.160060720320813,0.0444,"19","polycomb group ring finger 5"
"Nuf2",0.159218324804908,0.2382,"1","NUF2, NDC80 kinetochore complex component"
"Hspb6",-0.159022875671165,0.3584,"7","heat shock protein, alpha-crystallin-related, B6"
"Colgalt2",0.158758744773832,0.23,"1","collagen beta(1-O)galactosyltransferase 2"
"Ccdc84",0.1587260030702,0.2532,"9","coiled-coil domain containing 84"
"Atp2b4",-0.158656122041595,0.1114,"1","ATPase, Ca++ transporting, plasma membrane 4"
"Arhgap11a",0.158574793369623,0.1826,"2","Rho GTPase activating protein 11A"
"Igfbpl1",0.158532253465179,0.172,"4","insulin-like growth factor binding protein-like 1"
"Pla2g2f",0.158445749000575,0.2674,"4","phospholipase A2, group IIF"
"Maf",-0.158005669838484,0.319,"8","avian musculoaponeurotic fibrosarcoma oncogene homolog"
"Cbx2",0.157903795905845,0.265,"11","chromobox 2"
"Npas4",0.157783501252199,0.4732,"19","neuronal PAS domain protein 4"
"Eme2",0.157533099540808,0.0252,"17","essential meiotic structure-specific endonuclease subunit 2"
"B2m",-0.157200945030915,0.1892,"2","beta-2 microglobulin"
"Sgk3",0.157045007481827,0.1464,"1","serum/glucocorticoid regulated kinase 3"
"Crhr1",-0.156665537480085,0.104,"11","corticotropin releasing hormone receptor 1"
"Ebf4",0.156649149625669,0.1964,"2","early B cell factor 4"
"Kcnn3",-0.156641778456355,0.4194,"3","potassium intermediate/small conductance calcium-activated channel, subfamily N, member 3"
"Prag1",-0.156624073046889,0.0642,"8","PEAK1 related kinase activating pseudokinase 1"
"Mki67",-0.156511511070912,0.2876,"7","antigen identified by monoclonal antibody Ki 67"
"Syde2",0.156482814128724,0.1488,"3","synapse defective 1, Rho GTPase, homolog 2 (C. elegans)"
"Trip11",-0.156482295229045,0.5808,"12","thyroid hormone receptor interactor 11"
"Sesn3",-0.156142492573787,0.2542,"9","sestrin 3"
"Gm5914",-0.156057693972533,0.4996,"8","predicted gene 5914"
"Nynrin",-0.155695852392853,0.2532,"14","NYN domain and retroviral integrase containing"
"9630013A20Rik",0.155400037020415,0.2046,"14","RIKEN cDNA 9630013A20 gene"
"Gt(ROSA)26Sor",0.155331732986601,0.2304,"6","gene trap ROSA 26, Philippe Soriano"
"Unc13c",-0.155135096013741,0.149,"9","unc-13 homolog C"
"Esyt1",-0.154742060229863,0.308,"10","extended synaptotagmin-like protein 1"
"Retsat",0.154741863349621,0.0552,"6","retinol saturase (all trans retinol 13,14 reductase)"
"Hhip",-0.154554909149022,0.3246,"8","Hedgehog-interacting protein"
"Vwa1",-0.154528129863889,0.1128,"4","von Willebrand factor A domain containing 1"
"Ankrd23",0.154410614885244,0.3858,"1","ankyrin repeat domain 23"
"Spa17",-0.154382715661125,0.5108,"9","sperm autoantigenic protein 17"
"Capn3",0.154233885518487,0.0878,"2","calpain 3"
"Rcor2",0.154024802938828,0.0706,"19","REST corepressor 2"
"Ranbp3l",-0.153694773945165,0.1148,"15","RAN binding protein 3-like"
"Gm14569",0.153660965728277,0.129,"X","predicted gene 14569"
"Nfkbie",0.153622821910274,0.4374,"17","nuclear factor of kappa light polypeptide gene enhancer in B cells inhibitor, epsilon"
"Hrk",0.153595937458809,0.0154,"5","harakiri, BCL2 interacting protein (contains only BH3 domain)"
"Pcdhb5",-0.153581166622514,0.1996,"18","protocadherin beta 5"
"Cabp7",0.153341900045612,0.107,"11","calcium binding protein 7"
"Dll1",-0.153154333565123,0.1386,"17","delta like canonical Notch ligand 1"
"Rhpn1",0.153096300092864,0.22,"15","rhophilin, Rho GTPase binding protein 1"
"4931414P19Rik",0.152818923246976,0.1058,"14","RIKEN cDNA 4931414P19 gene"
"Limd1",-0.152712901100742,0.0656,"9","LIM domains containing 1"
"Pde3a",-0.152595099450989,0.36,"6","phosphodiesterase 3A, cGMP inhibited"
"Isoc2b",0.152545705212278,0.1984,"7","isochorismatase domain containing 2b"
"Ghdc",-0.152423628198672,0.0996,"11","GH3 domain containing"
"Parp12",-0.152363857181642,0.1868,"6","poly (ADP-ribose) polymerase family, member 12"
"Pcp4",0.152363328011962,0.304,"16","Purkinje cell protein 4"
"Syt6",0.152009202521347,0.2908,"3","synaptotagmin VI"
"Slc16a4",-0.151984815984529,0.4356,"3","solute carrier family 16 (monocarboxylic acid transporters), member 4"
"Eps8l2",-0.151775585209647,0.5282,"7","EPS8-like 2"
"Elf1",-0.151586451074729,0.2128,"14","E74 like ETS transcription factor 1"
"Ppp1cc",0.151496885178021,0.1448,"5","protein phosphatase 1 catalytic subunit gamma"
"Ppp1cc",0.151496885178021,0.1448,"5","protein phosphatase 1 catalytic subunit gamma"
"Pam16",0.151475184187214,0.2478,"16","presequence translocase-asssociated motor 16"
"Rai14",-0.151384193072339,0.419,"15","retinoic acid induced 14"
"Ppp1r13l",0.151374508603021,0.1934,"7","protein phosphatase 1, regulatory subunit 13 like"
"Chrna5",-0.151349140270121,0.402,"9","cholinergic receptor, nicotinic, alpha polypeptide 5"
"Cyp4f15",0.151079866798374,0.1734,"17","cytochrome P450, family 4, subfamily f, polypeptide 15"
"E130008D07Rik",0.151074830828542,0.171,"17","RIKEN cDNA E130008D07 gene"
"Rita1",0.150843962148548,0.0246,"5","RBPJ interacting and tubulin associated 1"
"Egr3",-0.15076827294697,0.2178,"14","early growth response 3"
"Loxl1",-0.150706848088759,0.2582,"9","lysyl oxidase-like 1"
"Rhobtb1",-0.150627061674808,0.2548,"10","Rho-related BTB domain containing 1"
"Itga9",-0.15055991488718,0.5114,"9","integrin alpha 9"
"Htr5b",-0.150534926380874,0.373,"1","5-hydroxytryptamine (serotonin) receptor 5B"
"Pxylp1",0.150376529903131,0.0026,"9","2-phosphoxylose phosphatase 1"
"Zic4",-0.150350727182773,0.6116,"9","zinc finger protein of the cerebellum 4"
"Plod2",0.150140679915809,0.234,"9","procollagen lysine, 2-oxoglutarate 5-dioxygenase 2"
"Cnih2",0.149626428381758,0.2864,"19","cornichon family AMPA receptor auxiliary protein 2"
"Galnt7",-0.149538843443812,0.2696,"8","polypeptide N-acetylgalactosaminyltransferase 7"
"Htra1",0.14942947581075,0.0208,"7","HtrA serine peptidase 1"
"Lmbrd2",-0.149304888712975,0.6916,"15","LMBR1 domain containing 2"
"Ppp1r26",0.149282245277969,0.1076,"2","protein phosphatase 1, regulatory subunit 26"
"Nfxl1",0.148930284299043,0.182,"5","nuclear transcription factor, X-box binding-like 1"
"Cemip",-0.148785521208557,0.3728,"7","cell migration inducing protein, hyaluronan binding"
"Slc1a6",-0.148390458441732,0.1912,"10","solute carrier family 1 (high affinity aspartate/glutamate transporter), member 6"
"Nfkbid",0.148350045407927,0.2966,"7","nuclear factor of kappa light polypeptide gene enhancer in B cells inhibitor, delta"
"Vit",0.148308618972371,0.2032,"17","vitrin"
"Pcdhga1",-0.148220111221695,0.4486,"18","protocadherin gamma subfamily A, 1"
"Crybg3",-0.147659188776025,0.3102,"16","beta-gamma crystallin domain containing 3"
"Pamr1",-0.147575130540746,0.3054,"2","peptidase domain containing associated with muscle regeneration 1"
"Nbeal2",0.147541125609648,0.31,"9","neurobeachin-like 2"
"Nt5c1a",0.147307674319039,0.5316,"4","5'-nucleotidase, cytosolic IA"
"Cyp27a1",0.14727505440134,0.4022,"1","cytochrome P450, family 27, subfamily a, polypeptide 1"
"Galnt10",0.147269531597733,0.345,"11","polypeptide N-acetylgalactosaminyltransferase 10"
"Cdh4",-0.147207092347365,0.2726,"2","cadherin 4"
"Sat1",0.147186069005783,0.023,"X","spermidine/spermine N1-acetyl transferase 1"
"Fmo1",0.147028972900253,0.204,"1","flavin containing monooxygenase 1"
"Rasgrp4",0.146953742386315,0.2662,"7","RAS guanyl releasing protein 4"
"Opalin",-0.146870959506835,0.4362,"19","oligodendrocytic myelin paranodal and inner loop protein"
"Nudt22",0.146750458509199,0.3078,"19","nudix (nucleoside diphosphate linked moiety X)-type motif 22"
"Mafb",-0.146562561782095,0.3606,"2","v-maf musculoaponeurotic fibrosarcoma oncogene family, protein B (avian)"
"Osmr",-0.146507145962131,0.2748,"15","oncostatin M receptor"
"Mthfd2",-0.146473624538244,0.2566,"6","methylenetetrahydrofolate dehydrogenase (NAD+ dependent), methenyltetrahydrofolate cyclohydrolase"
"Fzd2",0.146124418353796,0.096,"11","frizzled class receptor 2"
"Btd",-0.145916917133373,0.1946,"14","biotinidase"
"Faap100",0.145726634271863,0.268,"11","Fanconi anemia core complex associated protein 100"
"Mtus1",-0.145695780198357,0.0842,"8","mitochondrial tumor suppressor 1"
"Ciart",-0.145690057548416,0.3058,"3","circadian associated repressor of transcription"
"Cavin2",-0.145644839677998,0.2184,"1","caveolae associated 2"
"Cd164l2",0.145615181710575,0.3572,"4","CD164 sialomucin-like 2"
"Cyth4",0.145613567532254,0.0178,"15","cytohesin 4"
"Tmco4",0.145289760232001,0.1332,"4","transmembrane and coiled-coil domains 4"
"Yipf2",0.145192858986369,0.057,"9","Yip1 domain family, member 2"
"Slc2a6",0.145080792164034,0.1146,"2","solute carrier family 2 (facilitated glucose transporter), member 6"
"Copz2",-0.144885085207003,0.3432,"11","coatomer protein complex, subunit zeta 2"
"Snx29",0.144877746214953,0.4226,"16","sorting nexin 29"
"H2-T24",-0.144737553467926,0.6434,"17","histocompatibility 2, T region locus 24"
"Msn",-0.144650640599803,0.1712,"X","moesin"
"Cckbr",0.144438206529189,0.421,"7","cholecystokinin B receptor"
"Nos3",-0.144356992200559,0.4398,"5","nitric oxide synthase 3, endothelial cell"
"Slc16a6",-0.144291305702308,0.2534,"11","solute carrier family 16 (monocarboxylic acid transporters), member 6"
"Ankrd39",0.144189341213082,0.0954,"1","ankyrin repeat domain 39"
"Myadml2",0.14399788663549,0.3552,"11","myeloid-associated differentiation marker-like 2"
"Rnf8",0.143920294970809,0.3988,"17","ring finger protein 8"
"Sox6",-0.143861622691253,0.1346,"7","SRY (sex determining region Y)-box 6"
"Aff2",-0.143775999675214,0.715,"X","AF4/FMR2 family, member 2"
"Fxyd5",-0.143772740111422,0.3216,"7","FXYD domain-containing ion transport regulator 5"
"Sstr4",-0.143670177125553,0.6258,"2","somatostatin receptor 4"
"Nptx2",0.143331440366432,0.17,"5","neuronal pentraxin 2"
"Mir6236",0.143175794984406,0.545,"9","microRNA 6236"
"Il11ra1",0.143154447666145,0.166,"4","interleukin 11 receptor, alpha chain 1"
"Zw10",0.143042570973703,0.0332,"9","zw10 kinetochore protein"
"Ccdc153",0.142983826925953,0.5586,"9","coiled-coil domain containing 153"
"Fmod",-0.142934359489318,0.6726,"1","fibromodulin"
"Ltbp4",-0.142919168758405,0.1472,"7","latent transforming growth factor beta binding protein 4"
"Col27a1",-0.142894686745956,0.4808,"4","collagen, type XXVII, alpha 1"
"Foxc1",-0.142846848190429,0.525,"13","forkhead box C1"
"Tm4sf1",-0.142838674972919,0.474,"3","transmembrane 4 superfamily member 1"
"Sntb2",-0.142755096101534,0.5884,"8","syntrophin, basic 2"
"C630031E19Rik",0.142657686541055,0.2924,"12","RIKEN cDNA C630031E19 gene"
"Proca1",0.142581771858447,0.3084,"11","protein interacting with cyclin A1"
"Wnt4",-0.142533495804554,0.2142,"4","wingless-type MMTV integration site family, member 4"
"Slc52a2",0.142464196518281,0.1224,"15","solute carrier protein 52, member 2"
"Grm3",-0.142408715121909,0.1286,"5","glutamate receptor, metabotropic 3"
"Exph5",0.142235245490172,0.4492,"9","exophilin 5"
"Zfp354a",0.14213662643983,0.0514,"11","zinc finger protein 354A"
"Nckap1l",-0.142068780326775,0.6318,"15","NCK associated protein 1 like"
"Acvrl1",-0.142058164715259,0.1934,"15","activin A receptor, type II-like 1"
"Myoc",-0.141993321164655,0.5754,"1","myocilin"
"Mobp",0.141686298791402,0.5362,"9","myelin-associated oligodendrocytic basic protein"
"Exosc3",0.141658422073457,0.0674,"4","exosome component 3"
"Fam43a",-0.141566695904765,0.1954,"16","family with sequence similarity 43, member A"
"Dap",-0.141558886816284,0.1406,"15","death-associated protein"
"Cmya5",-0.141393879283099,0.2434,"13","cardiomyopathy associated 5"
"Zfp57",0.141365186986294,0.3936,"17","zinc finger protein 57"
"Emb",-0.141347914965376,0.358,"13","embigin"
"R74862",0.141347069351875,0.1494,"7","expressed sequence R74862"
"Cyp26b1",0.141284127540669,0.5582,"6","cytochrome P450, family 26, subfamily b, polypeptide 1"
"Ccm2l",-0.141197637162113,0.3282,"2","cerebral cavernous malformation 2-like"
"Il17ra",-0.141166065753906,0.1466,"6","interleukin 17 receptor A"
"Stat1",-0.141156066259056,0.0956,"1","signal transducer and activator of transcription 1"
"Moxd1",-0.141124560289545,0.1218,"10","monooxygenase, DBH-like 1"
"Pxmp2",0.140927379005577,0.1914,"5","peroxisomal membrane protein 2"
"Tbkbp1",0.140756581154888,0.1578,"11","TBK1 binding protein 1"
"Kcns3",-0.14073508786721,0.054,"12","potassium voltage-gated channel, delayed-rectifier, subfamily S, member 3"
"Ankrd9",0.140682352784092,0.1716,"12","ankyrin repeat domain 9"
"Fam107a",0.140631086942209,0.1164,"14","family with sequence similarity 107, member A"
"Yjefn3",0.140538471063107,0.1546,"8","YjeF N-terminal domain containing 3"
"Aebp1",-0.140509296183203,0.4412,"11","AE binding protein 1"
"Prkd2",-0.140474315169211,0.2742,"7","protein kinase D2"
"Gpt",0.140363708422314,0.2568,"15","glutamic pyruvic transaminase, soluble"
"Rfc3",-0.140286646501147,0.1728,"5","replication factor C (activator 1) 3"
"Atf5",-0.140261134655308,0.2684,"7","activating transcription factor 5"
"Atpsckmt",-0.140153075314895,0.1272,"15","ATP synthase C subunit lysine N-methyltransferase"
"Alg1",0.140060868449265,0.0192,"16","asparagine-linked glycosylation 1 (beta-1,4-mannosyltransferase)"
"Ccnd1",-0.139714439173915,0.3298,"7","cyclin D1"
"Klhl40",0.139600881143713,0.2936,"9","kelch-like 40"
"Arntl2",0.139448207608965,0.4656,"6","aryl hydrocarbon receptor nuclear translocator-like 2"
"Pcdhgb2",-0.139082033620306,0.5646,"18","protocadherin gamma subfamily B, 2"
"Cyp11a1",0.138936895138333,0.5518,"9","cytochrome P450, family 11, subfamily a, polypeptide 1"
"Lgr4",-0.138653641523946,0.1582,"2","leucine-rich repeat-containing G protein-coupled receptor 4"
"Zfp580",0.138556142080447,0.2548,"7","zinc finger protein 580"
"Mxra8",-0.138364062942183,0.2466,"4","matrix-remodelling associated 8"
"Klhl4",-0.138201060624271,0.2382,"X","kelch-like 4"
"Cntn4",-0.138097686390493,0.3632,"6","contactin 4"
"Pcdhb3",-0.138065366155678,0.2036,"18","protocadherin beta 3"
"Laptm5",-0.137710302255096,0.5846,"4","lysosomal-associated protein transmembrane 5"
"Chrdl1",-0.137599002814553,0.1894,"X","chordin-like 1"
"Pdlim1",-0.137446420977341,0.3824,"19","PDZ and LIM domain 1 (elfin)"
"Pigx",0.137406528810936,0.1314,"16","phosphatidylinositol glycan anchor biosynthesis, class X"
"Sox18",-0.137264235405418,0.3286,"2","SRY (sex determining region Y)-box 18"
"Tmem258",0.13724005042167,0.211,"19","transmembrane protein 258"
"A230077H06Rik",-0.137069919496357,0.4836,"7","RIKEN cDNA A230077H06 gene"
"Gm15246",0.136999411962095,0.2614,"X","predicted gene 15246"
"Tenm4",-0.136998269613598,0.309,"7","teneurin transmembrane protein 4"
"P2rx7",-0.136997934796231,0.2,"5","purinergic receptor P2X, ligand-gated ion channel, 7"
"Cacna1h",0.136921387681594,0.2596,"17","calcium channel, voltage-dependent, T type, alpha 1H subunit"
"Ccdc3",0.136766902061974,0.3376,"2","coiled-coil domain containing 3"
"Bambi",0.136500276744538,0.2332,"18","BMP and activin membrane-bound inhibitor"
"Heg1",-0.136449673276795,0.6116,"16","heart development protein with EGF-like domains 1"
"Tmco6",0.136383819076918,0.1176,"18","transmembrane and coiled-coil domains 6"
"Emcn",-0.136363023668806,0.5078,"3","endomucin"
"Tmem245",-0.136240968778086,0.5788,"4","transmembrane protein 245"
"Mfsd5",0.136166786762472,0.1884,"15","major facilitator superfamily domain containing 5"
"Rab27b",-0.13598581175332,0.2328,"18","RAB27B, member RAS oncogene family"
"Pcdhga3",-0.135948778931487,0.5356,"18","protocadherin gamma subfamily A, 3"
"Ahnak",-0.135921509609893,0.4654,"19","AHNAK nucleoprotein (desmoyokin)"
"Creb3l1",-0.135858934274405,0.304,"2","cAMP responsive element binding protein 3-like 1"
"Pstk",0.13578042410853,0.154,"7","phosphoseryl-tRNA kinase"
"Ppp1r14b",0.135743430329025,0.3718,"19","protein phosphatase 1, regulatory inhibitor subunit 14B"
"Oxld1",0.135742868976479,0.3498,"11","oxidoreductase like domain containing 1"
"Xist",-0.135513855278163,0.9192,"X","inactive X specific transcripts"
"Prorp",0.135510019691241,0.1994,"12","protein only RNase P catalytic subunit"
"Zfp853",-0.135500101129209,0.215,"5","zinc finger protein 853"
"Pcdhga2",-0.135439013092175,0.5064,"18","protocadherin gamma subfamily A, 2"
"Perp",-0.135246569016876,0.587,"10","PERP, TP53 apoptosis effector"
"Nrip2",0.135223416929144,0.1386,"6","nuclear receptor interacting protein 2"
"Lims2",-0.135191873707814,0.2304,"18","LIM and senescent cell antigen like domains 2"
"Rai2",-0.135102555905498,0.047,"X","retinoic acid induced 2"
"Gjb6",0.135090513888562,0.1304,"14","gap junction protein, beta 6"
"Dock5",-0.135064159283644,0.393,"14","dedicator of cytokinesis 5"
"Rrp8",0.135063204096166,0.0512,"7","ribosomal RNA processing 8"
"Mycn",0.135048771137523,0.1848,"12","v-myc avian myelocytomatosis viral related oncogene, neuroblastoma derived"
"Sst",-0.135007886008581,0.2356,"16","somatostatin"
"2310009B15Rik",0.134988914777713,0.3794,"1","RIKEN cDNA 2310009B15 gene"
"Gm16835",0.134883138886167,0.2982,"14","predicted gene, 16835"
"Scarf1",-0.134800171620045,0.401,"11","scavenger receptor class F, member 1"
"Ifi30",-0.134755100149143,0.3098,"8","interferon gamma inducible protein 30"
"Nemp1",0.134723944974258,0.424,"10","nuclear envelope integral membrane protein 1"
"Nemp1",0.134723944974258,0.424,"10","nuclear envelope integral membrane protein 1"
"Zfp472",0.134683310205322,0.2144,"17","zinc finger protein 472"
"Sertad3",0.134567086602759,0.2816,"7","SERTA domain containing 3"
"Gstp1",0.134528494123165,0.3178,"19","glutathione S-transferase, pi 1"
"Taf7",0.134476013116425,0.1646,"18","TATA-box binding protein associated factor 7"
"Timp4",0.13446085371548,0.0874,"6","tissue inhibitor of metalloproteinase 4"
"Arx",0.134433524010513,0.1634,"X","aristaless related homeobox"
"Cabyr",-0.134270889742206,0.1394,"18","calcium-binding tyrosine-(Y)-phosphorylation regulated (fibrousheathin 2)"
"Atp5j2",0.134159091060322,0.451,"5","ATP synthase, H+ transporting, mitochondrial F0 complex, subunit F2"
"Kctd7",0.134072505751813,0.1226,"5","potassium channel tetramerisation domain containing 7"
"Dnah6",0.134007871261368,0.6232,"6","dynein, axonemal, heavy chain 6"
"Syt9",0.133820951776372,0.4672,"7","synaptotagmin IX"
"Slc17a6",-0.133671547153847,0.6846,"7","solute carrier family 17 (sodium-dependent inorganic phosphate cotransporter), member 6"
"Bmp2k",-0.133522349875366,0.2328,"5","BMP2 inducible kinase"
"Lsr",-0.133468408709914,0.3926,"7","lipolysis stimulated lipoprotein receptor"
"Selenow",0.133459104693962,0.4928,"7","selenoprotein W"
"Elk3",-0.133438356955913,0.0532,"10","ELK3, member of ETS oncogene family"
"Mob3c",0.133412145233313,0.1966,"4","MOB kinase activator 3C"
"Cgn",-0.133351315166997,0.468,"3","cingulin"
"Il10rb",-0.133313303375811,0.2402,"16","interleukin 10 receptor, beta"
"Klhl28",-0.133256406532602,0.5914,"12","kelch-like 28"
"Cntnap2",-0.133244839512189,0.3912,"6","contactin associated protein-like 2"
"Mboat1",-0.133217198112235,0.5162,"13","membrane bound O-acyltransferase domain containing 1"
"Slc16a2",-0.133178323272919,0.0566,"X","solute carrier family 16 (monocarboxylic acid transporters), member 2"
"Wasf1",-0.133157263478587,0.5396,"10","WASP family, member 1"
"Gatb",0.132955166118363,0.0746,"3","glutamyl-tRNA(Gln) amidotransferase, subunit B"
"Rgl3",0.132915280816943,0.2098,"9","ral guanine nucleotide dissociation stimulator-like 3"
"Pdgfrb",-0.132845260269955,0.1046,"18","platelet derived growth factor receptor, beta polypeptide"
"Ntf3",0.132710937172784,0.3354,"6","neurotrophin 3"
"Rilpl2",0.132647609655005,0.1536,"5","Rab interacting lysosomal protein-like 2"
"Snrpf",0.132640600285829,0.1888,"10","small nuclear ribonucleoprotein polypeptide F"
"Tns1",-0.13231894753087,0.3512,"1","tensin 1"
"Ccdc74a",0.132266690725397,0.2254,"16","coiled-coil domain containing 74A"
"Ccdc88b",0.132199434998628,0.2694,"19","coiled-coil domain containing 88B"
"Fbxl4",0.13219291530414,0.13,"4","F-box and leucine-rich repeat protein 4"
"Hs3st4",0.132186985896024,0.1952,"7","heparan sulfate (glucosamine) 3-O-sulfotransferase 4"
"Adgre5",-0.132175510382904,0.3202,"8","adhesion G protein-coupled receptor E5"
"Acbd6",0.132134661525896,0.1154,"1","acyl-Coenzyme A binding domain containing 6"
"Prodh",0.131925002969639,0.1484,"16","proline dehydrogenase"
"G2e3",-0.131812131289446,0.3592,"12","G2/M-phase specific E3 ubiquitin ligase"
"Pcdhac2",-0.131789777465375,0.6544,"18","protocadherin alpha subfamily C, 2"
"Triqk",-0.131715753147103,0.273,"4","triple QxxK/R motif containing"
"Rec8",0.131627146271526,0.5268,"14","REC8 meiotic recombination protein"
"Dus1l",0.13162171102476,0.1698,"11","dihydrouridine synthase 1-like (S. cerevisiae)"
"Srxn1",0.131602263406921,0.0596,"2","sulfiredoxin 1 homolog (S. cerevisiae)"
"Tjp1",-0.131492237554155,0.3512,"7","tight junction protein 1"
"Usp9x",-0.131435632096457,0.666,"X","ubiquitin specific peptidase 9, X chromosome"
"Zfp658",0.131369432940805,0.1818,"7","zinc finger protein 658"
"Ldhd",0.131268111154395,0.0936,"8","lactate dehydrogenase D"
"Wdcp",-0.131257497571272,0.5076,"12","WD repeat and coiled coil containing"
"Poll",0.131119579492264,0.1212,"19","polymerase (DNA directed), lambda"
"Ptpn14",-0.131051965427267,0.3656,"1","protein tyrosine phosphatase, non-receptor type 14"
"Mrps33",0.130963971311878,0.1556,"6","mitochondrial ribosomal protein S33"
"Efcc1",-0.130857716097499,0.0966,"6","EF hand and coiled-coil domain containing 1"
"Dpy19l4",-0.130796225630346,0.608,"4","dpy-19-like 4 (C. elegans)"
"Mri1",0.130762547033571,0.153,"8","methylthioribose-1-phosphate isomerase 1"
"Dlk2",0.130750127736594,0.3676,"17","delta like non-canonical Notch ligand 2"
"Cd9",-0.130732830794103,0.3822,"6","CD9 antigen"
"Fndc3a",-0.130681157091766,0.4228,"14","fibronectin type III domain containing 3A"
"Slc27a3",0.130658039887576,0.3154,"3","solute carrier family 27 (fatty acid transporter), member 3"
"Dzip1l",0.130651114106427,0.177,"9","DAZ interacting protein 1-like"
"Pgm2",-0.130632550243154,0.1766,"5","phosphoglucomutase 2"
"Clp1",0.130599821928862,0.1566,"2","CLP1, cleavage and polyadenylation factor I subunit"
"Inhba",0.130507910782214,0.4684,"13","inhibin beta-A"
"Smox",0.130435890277848,0.1346,"2","spermine oxidase"
"Gan",-0.130352608324808,0.6106,"8","giant axonal neuropathy"
"Ufsp1",0.130329342514758,0.326,"5","UFM1-specific peptidase 1"
"Srgap1",-0.130278558992969,0.0886,"10","SLIT-ROBO Rho GTPase activating protein 1"
"Miip",0.130277259653933,0.3324,"4","migration and invasion inhibitory protein"
"Zfp286",0.130174408281286,0.0702,"11","zinc finger protein 286"
"Dnajc21",-0.129995982177729,0.0802,"15","DnaJ heat shock protein family (Hsp40) member C21"
"Ndst3",-0.129983003027283,0.538,"3","N-deacetylase/N-sulfotransferase (heparan glucosaminyl) 3"
"Csrnp2",0.129777163060587,0.0218,"15","cysteine-serine-rich nuclear protein 2"
"Tnfaip6",-0.129765739819076,0.3892,"2","tumor necrosis factor alpha induced protein 6"
"Plvap",-0.1297398929303,0.222,"8","plasmalemma vesicle associated protein"
"Arfgef3",-0.12970867898001,0.684,"10","ARFGEF family member 3"
"Alas2",-0.129705710632509,0.4438,"X","aminolevulinic acid synthase 2, erythroid"
"Hddc2",0.12964516622897,0.3584,"10","HD domain containing 2"
"Sos2",-0.12960413951035,0.2564,"12","SOS Ras/Rho guanine nucleotide exchange factor 2"
"Cdc42bpg",0.129559297922972,0.1866,"19","CDC42 binding protein kinase gamma (DMPK-like)"
"Tmem229b",0.129486887394931,0.0388,"12","transmembrane protein 229B"
"Ptgds",0.129403357843708,0.604,"2","prostaglandin D2 synthase (brain)"
"Disp3",0.129305554955104,0.071,"4","dispatched RND transporter family member 3"
"Yap1",-0.129240404860586,0.1216,"9","yes-associated protein 1"
"Wasf2",-0.129037986993902,0.4246,"4","WASP family, member 2"
"Tctn1",0.128942369543399,0.2204,"5","tectonic family member 1"
"Ppp1r35",0.128843101466225,0.4274,"5","protein phosphatase 1, regulatory subunit 35"
"Paqr6",-0.128684849384441,0.186,"3","progestin and adipoQ receptor family member VI"
"Alox12b",-0.12854022461092,0.4354,"11","arachidonate 12-lipoxygenase, 12R type"
"Gstm6",0.128472229886129,0.3054,"3","glutathione S-transferase, mu 6"
"Dnah10",0.128444559773928,0.551,"5","dynein, axonemal, heavy chain 10"
"Col5a3",0.128431344054939,0.5008,"9","collagen, type V, alpha 3"
"Setbp1",-0.1284053110754,0.457,"18","SET binding protein 1"
"Ccdc24",-0.128383217513022,0.6498,"4","coiled-coil domain containing 24"
"Ptgr1",0.128331533811344,0.3138,"4","prostaglandin reductase 1"
"Agmo",0.128286686008368,0.1988,"12","alkylglycerol monooxygenase"
"B3gat2",0.12825135044324,0.204,"1","beta-1,3-glucuronyltransferase 2 (glucuronosyltransferase S)"
"Slc25a32",-0.128128320931229,0.3888,"15","solute carrier family 25, member 32"
"Ddx49",0.128117808067451,0.0782,"8","DEAD box helicase 49"
"Glt8d2",-0.128074860000958,0.4212,"10","glycosyltransferase 8 domain containing 2"
"Fam83d",0.128019581683914,0.4666,"2","family with sequence similarity 83, member D"
"Rel",-0.127995662978038,0.3714,"11","reticuloendotheliosis oncogene"
"Enpp1",-0.127955387881166,0.3154,"10","ectonucleotide pyrophosphatase/phosphodiesterase 1"
"Meis2",-0.127937706191243,0.2976,"2","Meis homeobox 2"
"Mettl5",0.127800110877899,0.1216,"2","methyltransferase like 5"
"Rhoc",-0.127685613737639,0.2542,"3","ras homolog family member C"
"Lin37",0.127672070011798,0.1756,"7","lin-37 DREAM MuvB core complex component"
"Samd5",-0.127622141678326,0.4578,"10","sterile alpha motif domain containing 5"
"Csrnp1",0.12745960383682,0.1454,"9","cysteine-serine-rich nuclear protein 1"
"Tenm2",-0.127416829274761,0.232,"11","teneurin transmembrane protein 2"
"Gstcd",-0.127393649918804,0.2188,"3","glutathione S-transferase, C-terminal domain containing"
"Akap12",-0.127095436132139,0.5102,"10","A kinase (PRKA) anchor protein (gravin) 12"
"Cox6a2",-0.12670987285456,0.4676,"7","cytochrome c oxidase subunit 6A2"
"Sytl5",-0.126644982625084,0.3448,"X","synaptotagmin-like 5"
"Glyctk",-0.126635079888967,0.1364,"9","glycerate kinase"
"Mgst3",0.126604300019476,0.3512,"1","microsomal glutathione S-transferase 3"
"Btaf1",-0.126486342425197,0.2082,"19","B-TFIID TATA-box binding protein associated factor 1"
"A230057D06Rik",-0.126438373084844,0.5794,"7","RIKEN cDNA A230057D06 gene"
"Rpa3",0.126354931402933,0.2204,"6","replication protein A3"
"Fosb",-0.126327919956496,0.5032,"7","FBJ osteosarcoma oncogene B"
"Abcb10",0.126302089485507,0.0494,"8","ATP-binding cassette, sub-family B (MDR/TAP), member 10"
"Cxcl14",0.126282772595785,0.2034,"13","chemokine (C-X-C motif) ligand 14"
"Il33",-0.126247468647359,0.3976,"19","interleukin 33"
"Slc25a47",0.126238655125505,0.4186,"12","solute carrier family 25, member 47"
"2310039H08Rik",-0.126114684733667,0.5252,"17","RIKEN cDNA 2310039H08 gene"
"Scd3",0.125924438545653,0.4842,"19","stearoyl-coenzyme A desaturase 3"
"Sqor",-0.125918337531006,0.2814,"2","sulfide quinone oxidoreductase"
"Hacd2",0.125713581730205,0.0322,"16","3-hydroxyacyl-CoA dehydratase 2"
"Sgms1",-0.125649398665281,0.3854,"19","sphingomyelin synthase 1"
"Sema6a",-0.125612881166661,0.2778,"18","sema domain, transmembrane domain (TM), and cytoplasmic domain, (semaphorin) 6A"
"Cab39l",-0.125605827445607,0.2932,"14","calcium binding protein 39-like"
"Cdh13",-0.125576690346453,0.301,"8","cadherin 13"
"Zfp469",-0.125498711218732,0.6016,"8","zinc finger protein 469"
"Slc26a11",-0.125302921723134,0.3488,"11","solute carrier family 26, member 11"
"Tox",-0.125140425847776,0.6386,"4","thymocyte selection-associated high mobility group box"
"Zfp874a",0.124990422735063,0.0508,"13","zinc finger protein 874a"
"Hpdl",0.124968585358947,0.4014,"4","4-hydroxyphenylpyruvate dioxygenase-like"
"Ybey",0.124964318771241,0.2086,"10","ybeY metallopeptidase"
"Acrbp",0.124879389626582,0.516,"6","proacrosin binding protein"
"Tln1",-0.12487627469119,0.0556,"4","talin 1"
"Kcnh5",0.124850507596193,0.6194,"12","potassium voltage-gated channel, subfamily H (eag-related), member 5"
"Fgf10",-0.124838695877266,0.3472,"13","fibroblast growth factor 10"
"Cd34",-0.124817319084425,0.336,"1","CD34 antigen"
"Blnk",0.124794520820162,0.3238,"19","B cell linker"
"Gjb2",-0.124748619018472,0.5264,"14","gap junction protein, beta 2"
"9130221H12Rik",0.124661234510566,0.2902,"7","RIKEN cDNA 9130221H12 gene"
"St8sia4",-0.124512745644453,0.3252,"1","ST8 alpha-N-acetyl-neuraminide alpha-2,8-sialyltransferase 4"
"Slc32a1",-0.124470384453392,0.4116,"2","solute carrier family 32 (GABA vesicular transporter), member 1"
"Tspan9",-0.124296358962779,0.1806,"6","tetraspanin 9"
"Yars2",0.124246475064424,0.155,"16","tyrosyl-tRNA synthetase 2 (mitochondrial)"
"Ssc5d",-0.124170705226474,0.5812,"7","scavenger receptor cysteine rich family, 5 domains"
"Arhgap5",-0.124130181918781,0.4768,"12","Rho GTPase activating protein 5"
"Ly6c1",-0.124009114502232,0.3294,"15","lymphocyte antigen 6 complex, locus C1"
"Abhd18",0.123983960035827,0.4624,"3","abhydrolase domain containing 18"
"Inpp5j",0.123982625903224,0.1734,"11","inositol polyphosphate 5-phosphatase J"
"Arap3",-0.123842052582446,0.4092,"18","ArfGAP with RhoGAP domain, ankyrin repeat and PH domain 3"
"F730043M19Rik",0.123838329060907,0.3616,"12","RIKEN cDNA F730043M19 gene"
"Zfp551",-0.123819672148136,0.627,"7","zinc fingr protein 551"
"Zup1",-0.123714499643424,0.373,"10","zinc finger containing ubiquitin peptidase 1"
"Mgat4c",0.12370559864562,0.4828,"10","MGAT4 family, member C"
"Apoo",-0.123540099321427,0.1938,"X","apolipoprotein O"
"Sstr1",-0.123497189577283,0.3804,"12","somatostatin receptor 1"
"Hexb",-0.123407530912263,0.5836,"13","hexosaminidase B"
"Gpank1",0.123359510736119,0.1942,"17","G patch domain and ankyrin repeats 1"
"Sytl2",-0.123202789991235,0.1612,"7","synaptotagmin-like 2"
"Zfp688",0.123164637838748,0.4488,"7","zinc finger protein 688"
"Tmc3",-0.123161022028927,0.3978,"7","transmembrane channel-like gene family 3"
"P2ry12",-0.123125104126088,0.7366,"3","purinergic receptor P2Y, G-protein coupled 12"
"Mtrr",0.1231151796824,0.0182,"13","5-methyltetrahydrofolate-homocysteine methyltransferase reductase"
"Efnb2",-0.123053132425626,0.4124,"8","ephrin B2"
"Lrif1",-0.122951716960427,0.1918,"3","ligand dependent nuclear receptor interacting factor 1"
"Mpnd",0.122928673742383,0.3336,"17","MPN domain containing"
"Hacd1",0.122909849568927,0.2182,"2","3-hydroxyacyl-CoA dehydratase 1"
"Cav2",-0.122832229845376,0.0808,"6","caveolin 2"
"Ulk4",-0.122599368410344,0.2106,"9","unc-51-like kinase 4"
"Ifit2",-0.122591342960696,0.4432,"19","interferon-induced protein with tetratricopeptide repeats 2"
"Spef2",-0.122380466923774,0.4034,"15","sperm flagellar 2"
"Atpaf2",0.122286124781318,0.0352,"11","ATP synthase mitochondrial F1 complex assembly factor 2"
"Masp1",0.12220228268743,0.1788,"16","mannan-binding lectin serine peptidase 1"
"Mamdc4",-0.122039348571864,0.5016,"2","MAM domain containing 4"
"Slc25a15",0.121909387261795,0.0378,"8","solute carrier family 25 (mitochondrial carrier ornithine transporter), member 15"
"Zcchc10",0.121856365586788,0.1292,"11","zinc finger, CCHC domain containing 10"
"Fgfr2",-0.121835710585121,0.2658,"7","fibroblast growth factor receptor 2"
"Ndp",-0.121719590783082,0.1808,"X","Norrie disease (pseudoglioma) (human)"
"Adap2",0.121710916153379,0.7206,"11","ArfGAP with dual PH domains 2"
"Parl",0.121471675435423,0.1842,"16","presenilin associated, rhomboid-like"
"Toe1",0.121423633160474,0.1466,"4","target of EGR1, member 1 (nuclear)"
"Rab40c",0.121364549810877,0.1796,"17","Rab40C, member RAS oncogene family"
"Adcy8",-0.121311119070784,0.2094,"15","adenylate cyclase 8"
"Nsmce1",0.121263945184996,0.1432,"7","NSE1 homolog, SMC5-SMC6 complex component"
"Cmtm3",0.121217071759374,0.1548,"8","CKLF-like MARVEL transmembrane domain containing 3"
"Rcc1",0.121154673720492,0.0982,"4","regulator of chromosome condensation 1"
"Vsir",-0.121105959525496,0.6608,"10","V-set immunoregulatory receptor"
"Arhgap31",-0.1209451022028,0.284,"16","Rho GTPase activating protein 31"
"Calb1",0.120803377260833,0.2582,"4","calbindin 1"
"Samd12",0.120730222568235,0.6136,"15","sterile alpha motif domain containing 12"
"Pdia4",-0.120725088820356,0.3294,"6","protein disulfide isomerase associated 4"
"Hipk2",-0.120679883012006,0.4688,"6","homeodomain interacting protein kinase 2"
"Dnah5",-0.120661879548769,0.5226,"15","dynein, axonemal, heavy chain 5"
"Gpr37",-0.120609082904799,0.2858,"6","G protein-coupled receptor 37"
"Klf2",-0.120520591652416,0.3552,"8","Kruppel-like factor 2 (lung)"
"Cd59a",-0.120434277272687,0.5528,"2","CD59a antigen"
"Zfp41",0.120430074732582,0.1682,"15","zinc finger protein 41"
"Csmd1",-0.120418169021417,0.3918,"8","CUB and Sushi multiple domains 1"
"Uqcc2",0.120403732045504,0.5266,"17","ubiquinol-cytochrome c reductase complex assembly factor 2"
"Adam8",-0.120215486713075,0.5238,"7","a disintegrin and metallopeptidase domain 8"
"Peg3",-0.120111388302381,0.7076,"7","paternally expressed 3"
"Csf2ra",-0.119924694462761,0.4096,"19","colony stimulating factor 2 receptor, alpha, low-affinity (granulocyte-macrophage)"
"Tfap4",0.119815062371866,0.2412,"16","transcription factor AP4"
"Borcs5",0.119760887994897,0.3522,"6","BLOC-1 related complex subunit 5"
"Mzf1",0.119754993851835,0.2196,"7","myeloid zinc finger 1"
"Rpl36al",0.119744484910423,0.417,"12","ribosomal protein L36A-like"
"Flrt1",-0.119743273412629,0.4114,"19","fibronectin leucine rich transmembrane protein 1"
"Sox11",0.119710356389215,0.2256,"12","SRY (sex determining region Y)-box 11"
"Nnat",-0.119695457428479,0.2924,"2","neuronatin"
"Siva1",0.119482197064547,0.3294,"12","SIVA1, apoptosis-inducing factor"
"Gemin7",0.119419224186439,0.4286,"7","gem nuclear organelle associated protein 7"
"Slc27a1",0.119392824309105,0.2776,"8","solute carrier family 27 (fatty acid transporter), member 1"
"Psph",-0.119312158492322,0.2494,"5","phosphoserine phosphatase"
"Mdn1",-0.119267964531867,0.5678,"4","midasin AAA ATPase 1"
"Plxdc2",-0.119220496899954,0.3244,"2","plexin domain containing 2"
"Ovca2",0.119187268567581,0.216,"11","candidate tumor suppressor in ovarian cancer 2"
"Fgf11",-0.119146097373614,0.3294,"11","fibroblast growth factor 11"
"Mroh7",-0.119082626404265,0.4882,"4","maestro heat-like repeat family member 7"
"Zfp963",-0.119036624319934,0.2894,"8","zinc finger protein 963"
"Pdzrn3",-0.119028050476979,0.1614,"6","PDZ domain containing RING finger 3"
"Gm19410",-0.118920894539515,0.5644,"8","predicted gene, 19410"
"Ogfrl1",0.118768645928734,0.08,"1","opioid growth factor receptor-like 1"
"Elovl7",-0.118697627866538,0.403,"13","ELOVL family member 7, elongation of long chain fatty acids (yeast)"
"Pnpla7",0.11868335946254,0.1406,"2","patatin-like phospholipase domain containing 7"
"Pcdhb2",-0.118506927806251,0.7768,"18","protocadherin beta 2"
"Wars2",-0.118461888218653,0.39,"3","tryptophanyl tRNA synthetase 2 (mitochondrial)"
"Hgh1",0.118411840313726,0.2924,"15","HGH1 homolog"
"Ptk7",-0.118407849234479,0.0938,"17","PTK7 protein tyrosine kinase 7"
"Nrsn1",0.118324375224282,0.259,"13","neurensin 1"
"Gm19522",-0.118252722260316,0.2018,"16","predicted gene, 19522"
"Serf1",0.118240230464139,0.3036,"13","small EDRK-rich factor 1"
"Nit2",0.11817417324331,0.1426,"16","nitrilase family, member 2"
"Kyat1",0.118157144471192,0.1978,"2","kynurenine aminotransferase 1"
"Car7",0.118151419054668,0.3246,"8","carbonic anhydrase 7"
"Usp25",-0.1181219305578,0.4126,"16","ubiquitin specific peptidase 25"
"2810025M15Rik",0.118117923375093,0.4046,"1","RIKEN cDNA 2810025M15 gene"
"Mecr",0.118106940366124,0.2964,"4","mitochondrial trans-2-enoyl-CoA reductase"
"Ift43",-0.117999114787517,0.491,"12","intraflagellar transport 43"
"Slc35b2",0.117998852064351,0.2444,"17","solute carrier family 35, member B2"
"C1qc",-0.117880768171012,0.5868,"4","complement component 1, q subcomponent, C chain"
"Trnau1ap",0.117846424710345,0.1616,"4","tRNA selenocysteine 1 associated protein 1"
"Cox14",0.117798845814091,0.3462,"15","cytochrome c oxidase assembly protein 14"
"Nbeal1",-0.117796584950996,0.6806,"1","neurobeachin like 1"
"Unc93b1",-0.117764552373143,0.4052,"19","unc-93 homolog B1, TLR signaling regulator"
"Mfap2",-0.117665457401711,0.2082,"4","microfibrillar-associated protein 2"
"Nrip3",0.117536227818414,0.1856,"7","nuclear receptor interacting protein 3"
"Adnp",-0.117468117456574,0.7586,"2","activity-dependent neuroprotective protein"
"Haus3",0.117430364648403,0.1114,"5","HAUS augmin-like complex, subunit 3"
"Atf7ip",-0.117404461975552,0.4112,"6","activating transcription factor 7 interacting protein"
"Cep126",-0.117370206855565,0.3164,"9","centrosomal protein 126"
"Cobll1",-0.11735652521252,0.4274,"2","Cobl-like 1"
"Itpk1",0.117239901477299,0.1996,"12","inositol 1,3,4-triphosphate 5/6 kinase"
"Clec11a",-0.117200011427703,0.1916,"7","C-type lectin domain family 11, member a"
"B4galt1",0.117150524952447,0.2692,"4","UDP-Gal:betaGlcNAc beta 1,4- galactosyltransferase, polypeptide 1"
"Ndn",0.117005713431294,0.4058,"7","necdin, MAGE family member"
"Rpl37rt",0.116895713201107,0.5044,"5","ribosomal protein L37, retrotransposed"
"Snx8",-0.116827177012094,0.28,"5","sorting nexin 8"
"Ppp4c",0.116820759728361,0.3046,"7","protein phosphatase 4, catalytic subunit"
"Itga4",-0.116644820556985,0.3364,"2","integrin alpha 4"
"Homer1",-0.116564869649652,0.4422,"13","homer scaffolding protein 1"
"Nt5c",0.116543482355686,0.3818,"11","5',3'-nucleotidase, cytosolic"
"Rin2",0.116512228138658,0.1272,"2","Ras and Rab interactor 2"
"Rin2",0.116512228138658,0.1272,"2","Ras and Rab interactor 2"
"Mcrip2",0.116484043091078,0.5386,"17","MAPK regulated corepressor interacting protein 2"
"Fxyd7",0.116466341659261,0.5114,"7","FXYD domain-containing ion transport regulator 7"
"1110032F04Rik",0.116457352475667,0.1706,"3","RIKEN cDNA 1110032F04 gene"
"Heatr5b",-0.116410914557484,0.3458,"17","HEAT repeat containing 5B"
"Farp2",0.116390014443172,0.3536,"1","FERM, RhoGEF and pleckstrin domain protein 2"
"Zfp53",0.116381444057322,0.3192,"17","zinc finger protein 53"
"Ccnf",0.116341350268401,0.2266,"17","cyclin F"
"Zfp783",0.116220693868982,0.3552,"6","zinc finger protein 783"
"Swap70",-0.116209224697371,0.2352,"7","SWA-70 protein"
"R3hdm4",0.116127173923209,0.3052,"10","R3H domain containing 4"
"Phyhd1",0.116118197606587,0.4876,"2","phytanoyl-CoA dioxygenase domain containing 1"
"Ednrb",-0.116062347605919,0.3072,"14","endothelin receptor type B"
"Lingo3",0.116024731729947,0.3646,"10","leucine rich repeat and Ig domain containing 3"
"Pdcd2",0.115866582698933,0.1182,"17","programmed cell death 2"
"Kcnj4",0.115777781851013,0.2534,"15","potassium inwardly-rectifying channel, subfamily J, member 4"
"Eln",-0.115670897622873,0.4154,"5","elastin"
"Klhl33",-0.115613963797639,0.328,"14","kelch-like 33"
"Mest",-0.115557696828715,0.1804,"6","mesoderm specific transcript"
"Tnfsf12",-0.115552334012867,0.3626,"11","tumor necrosis factor (ligand) superfamily, member 12"
"Sfn",0.115540122095795,0.5696,"4","stratifin"
"F2r",0.115495108836155,0.4064,"13","coagulation factor II (thrombin) receptor"
"A930024E05Rik",-0.115487997126048,0.1392,"5","RIKEN cDNA A930024E05 gene"
"Sox13",-0.115481055607616,0.175,"1","SRY (sex determining region Y)-box 13"
"Arid5b",-0.115462452950207,0.6566,"10","AT rich interactive domain 5B (MRF1-like)"
"Gm16973",0.115450752420593,0.3988,"14","predicted gene, 16973"
"Plekhh3",0.115363069931051,0.1554,"11","pleckstrin homology domain containing, family H (with MyTH4 domain) member 3"
"1700001O22Rik",0.115335444032529,0.488,"2","RIKEN cDNA 1700001O22 gene"
"Mrpl30",0.115320999028847,0.4536,"1","mitochondrial ribosomal protein L30"
"Mctp1",0.115290946795946,0.321,"13","multiple C2 domains, transmembrane 1"
"Man1a",-0.11527077783419,0.4606,"10","mannosidase 1, alpha"
"Rpusd3",0.115251680746197,0.2948,"6","RNA pseudouridylate synthase domain containing 3"
"Idi1",-0.11524492172603,0.365,"13","isopentenyl-diphosphate delta isomerase"
"Zfp36l1",-0.115204980480851,0.4048,"12","zinc finger protein 36, C3H type-like 1"
"Ctnnbip1",0.115070928102294,0.1994,"4","catenin beta interacting protein 1"
"Coq4",0.115037665992055,0.3048,"2","coenzyme Q4"
"Gpr45",0.115003549511625,0.189,"1","G protein-coupled receptor 45"
"Itgb8",-0.115002028051029,0.6234,"12","integrin beta 8"
"Pigv",0.114954899733187,0.1522,"4","phosphatidylinositol glycan anchor biosynthesis, class V"
"Psmb3",0.114892195794271,0.4814,"11","proteasome (prosome, macropain) subunit, beta type 3"
"Blvra",0.114796656245091,0.064,"2","biliverdin reductase A"
"Ethe1",0.114796634464427,0.2716,"7","ethylmalonic encephalopathy 1"
"Fcf1",0.114745471317796,0.322,"12","FCF1 rRNA processing protein"
"Smpd2",0.114742737563053,0.2448,"10","sphingomyelin phosphodiesterase 2, neutral"
"Stard9",-0.114740531131428,0.5742,"2","START domain containing 9"
"Pcsk6",-0.114691869565116,0.21,"7","proprotein convertase subtilisin/kexin type 6"
"Acot11",0.114629743123825,0.0998,"4","acyl-CoA thioesterase 11"
"Cfap126",-0.114620129907038,0.6572,"1","cilia and flagella associated protein 126"
"Rhbdl3",0.114595199012233,0.0636,"11","rhomboid like 3"
"Nr2c2ap",0.114535968218401,0.5368,"8","nuclear receptor 2C2-associated protein"
"G0s2",-0.114520365187595,0.3516,"1","G0/G1 switch gene 2"
"Syce2",0.114489688927514,0.3564,"8","synaptonemal complex central element protein 2"
"Lyn",-0.114431292986834,0.6162,"4","LYN proto-oncogene, Src family tyrosine kinase"
"Rras2",0.114253611361389,0.1036,"7","related RAS viral (r-ras) oncogene 2"
"Rorc",0.114252549770479,0.405,"3","RAR-related orphan receptor gamma"
"Tigd5",0.114210110389942,0.1118,"15","tigger transposable element derived 5"
"Rpusd4",-0.114207306941947,0.2184,"9","RNA pseudouridylate synthase domain containing 4"
"Serpinb9",-0.114161423266263,0.3506,"13","serine (or cysteine) peptidase inhibitor, clade B, member 9"
"S1pr1",-0.113965018057923,0.2322,"3","sphingosine-1-phosphate receptor 1"
"Pih1d1",0.113954008096485,0.3862,"7","PIH1 domain containing 1"
"Gsg1l",-0.113900306025593,0.2234,"7","GSG1-like"
"Lpp",0.11373826016651,0.3982,"16","LIM domain containing preferred translocation partner in lipoma"
"Chac2",0.113689152098463,0.1308,"11","ChaC, cation transport regulator 2"
"Rgs12",0.113652522889188,0.1324,"5","regulator of G-protein signaling 12"
"Gata2",-0.113632415627424,0.561,"6","GATA binding protein 2"
"Wdr3",0.113552293418357,0.107,"3","WD repeat domain 3"
"Ovgp1",0.113519164307912,0.5512,"3","oviductal glycoprotein 1"
"Rnf113a2",0.113484348080809,0.2622,"12","ring finger protein 113A2"
"Col6a1",-0.113474769455353,0.5278,"10","collagen, type VI, alpha 1"
"Blzf1",0.113438913126132,0.0188,"1","basic leucine zipper nuclear factor 1"
"Fgfr3",0.113424073473579,0.0294,"5","fibroblast growth factor receptor 3"
"D030028A08Rik",0.113391394718219,0.3316,"11","RIKEN cDNA D030028A08 gene"
"Arsg",-0.113390408427866,0.4336,"11","arylsulfatase G"
"Plcb4",-0.113373915964428,0.3952,"2","phospholipase C, beta 4"
"A130010J15Rik",0.113333641659285,0.2734,"1","RIKEN cDNA A130010J15 gene"
"Fam184b",0.113192105868648,0.2808,"5","family with sequence similarity 184, member B"
"Letm2",-0.113098446809603,0.1796,"8","leucine zipper-EF-hand containing transmembrane protein 2"
"Plin2",-0.113065620250739,0.3328,"4","perilipin 2"
"Amotl1",-0.11306178114936,0.1278,"9","angiomotin-like 1"
"Galt",0.11304336886673,0.2546,"4","galactose-1-phosphate uridyl transferase"
"Fmc1",0.113014454931116,0.424,"6","formation of mitochondrial complex V assembly factor 1"
"Ddb2",-0.113007084965949,0.4478,"2","damage specific DNA binding protein 2"
"Bicc1",-0.112942119526754,0.339,"10","BicC family RNA binding protein 1"
"Eral1",0.112879254243763,0.2206,"11","Era (G-protein)-like 1 (E. coli)"
"Ube2l6",-0.112857436497285,0.3816,"2","ubiquitin-conjugating enzyme E2L 6"
"Rab3d",0.112847866125981,0.0076,"9","RAB3D, member RAS oncogene family"
"Arntl",0.112800444824514,0.3542,"7","aryl hydrocarbon receptor nuclear translocator-like"
"Ndst4",-0.112796926299591,0.6426,"3","N-deacetylase/N-sulfotransferase (heparin glucosaminyl) 4"
"Ngf",0.112765767339383,0.4154,"3","nerve growth factor"
"Prtg",-0.112704526096695,0.32,"9","protogenin"
"Pnpo",0.112692634640432,0.1416,"11","pyridoxine 5'-phosphate oxidase"
"Lnpep",-0.112669613682373,0.7496,"17","leucyl/cystinyl aminopeptidase"
"Nsun6",-0.112650872345462,0.147,"2","NOL1/NOP2/Sun domain family member 6"
"Sfmbt2",-0.112596245243817,0.5696,"2","Scm-like with four mbt domains 2"
"Pnma3",0.112575225609462,0.2472,"X","paraneoplastic antigen MA3"
"Trim67",-0.112517988662613,0.273,"8","tripartite motif-containing 67"
"Calhm5",0.112440364167892,0.4306,"10","calcium homeostasis modulator family member 5"
"Nudt16l1",0.112380595552782,0.4252,"16","nudix (nucleoside diphosphate linked moiety X)-type motif 16-like 1"
"Rhbdd1",-0.112373482397908,0.2472,"1","rhomboid domain containing 1"
"Cdkl5",-0.112358896079539,0.7666,"X","cyclin-dependent kinase-like 5"
"Kcnk2",0.112301970835039,0.1544,"1","potassium channel, subfamily K, member 2"
"Rundc3a",0.112255398166164,0.3618,"11","RUN domain containing 3A"
"D8Ertd738e",0.112239129237632,0.5082,"8","DNA segment, Chr 8, ERATO Doi 738, expressed"
"Zfp248",-0.112238271856987,0.167,"6","zinc finger protein 248"
"Rom1",0.112129372961958,0.4218,"19","rod outer segment membrane protein 1"
"Zbtb1",0.111989972725214,0.1744,"12","zinc finger and BTB domain containing 1"
"Llph",0.111981240385178,0.3474,"10","LLP homolog, long-term synaptic facilitation (Aplysia)"
"Tob2",0.111919096417745,0.0426,"15","transducer of ERBB2, 2"
"Plpp4",0.111913621041985,0.4028,"7","phospholipid phosphatase 4"
"Zfp626",0.111889164225823,0.3006,"7","zinc finger protein 626"
"Utp23",0.111872812426837,0.03,"15","UTP23 small subunit processome component"
"Csdc2",0.111870066287183,0.2934,"15","cold shock domain containing C2, RNA binding"
"Limd2",0.111822415708338,0.378,"11","LIM domain containing 2"
"Rps6ka1",-0.111810568577709,0.1932,"4","ribosomal protein S6 kinase polypeptide 1"
"Trnp1",0.1118051355705,0.381,"4","TMF1-regulated nuclear protein 1"
"Ntsr2",0.111804194481515,0.338,"12","neurotensin receptor 2"
"Npff",0.11174838216985,0.7116,"15","neuropeptide FF-amide peptide precursor"
"Oxsm",-0.111667924714615,0.26,"14","3-oxoacyl-ACP synthase, mitochondrial"
"Gfm1",-0.111649177215467,0.3218,"3","G elongation factor, mitochondrial 1"
"Cep95",0.111583764444511,0.4306,"11","centrosomal protein 95"
"Shld1",0.111562682278914,0.2748,"2","shieldin complex subunit 1"
"Cpne2",-0.111556597789501,0.2324,"8","copine II"
"Ccnj",0.111526736987809,0.1108,"19","cyclin J"
"Rasgef1b",0.11150890720844,0.196,"5","RasGEF domain family, member 1B"
"Zfp593",0.111475232062765,0.3242,"4","zinc finger protein 593"
"Prdm16",-0.111474143707608,0.121,"4","PR domain containing 16"
"Lonrf3",0.111456913633038,0.0624,"X","LON peptidase N-terminal domain and ring finger 3"
"Stac3",0.111454561689488,0.723,"10","SH3 and cysteine rich domain 3"
"Rhou",0.111420878848041,0.3352,"8","ras homolog family member U"
"Mgme1",0.111415830384353,0.1472,"2","mitochondrial genome maintenance exonuclease 1"
"Lipa",-0.111388751091839,0.1076,"19","lysosomal acid lipase A"
"Proser3",-0.111315697099902,0.4158,"7","proline and serine rich 3"
"Als2cl",-0.11127273132308,0.5036,"9","ALS2 C-terminal like"
"Inf2",0.111240907428488,0.2044,"12","inverted formin, FH2 and WH2 domain containing"
"9330151L19Rik",0.111136855235658,0.2752,"12","RIKEN cDNA 9330151L19 gene"
"Zfand4",0.111053286726241,0.472,"6","zinc finger, AN1-type domain 4"
"Tatdn1",0.111036788539698,0.1106,"15","TatD DNase domain containing 1"
"Caml",0.111014752510228,0.0026,"13","calcium modulating ligand"
"Cotl1",0.110988541889186,0.2774,"8","coactosin-like 1 (Dictyostelium)"
"Fbxl6",0.110983011066256,0.3424,"15","F-box and leucine-rich repeat protein 6"
"Emx1",0.11097563531815,0.3796,"6","empty spiracles homeobox 1"
"Crip3",-0.110967953994368,0.6944,"17","cysteine-rich protein 3"
"Sstr2",0.110942451656812,0.3422,"11","somatostatin receptor 2"
"Ehd4",-0.110924663457026,0.3932,"2","EH-domain containing 4"
"Natd1",0.11090267036309,0.0496,"11","N-acetyltransferase domain containing 1"
"Rhbdl1",0.110789172563906,0.2936,"17","rhomboid like 1"
"Ndufaf8",0.110753442995325,0.4678,"11","NADH:ubiquinone oxidoreductase complex assembly factor 8"
"Jpt2",-0.11075105455979,0.2736,"17","Jupiter microtubule associated homolog 2"
"Rps2",0.110724496423474,0.5084,"17","ribosomal protein S2"
"Ccdc184",-0.110686481776197,0.1138,"15","coiled-coil domain containing 184"
"Pcdhga8",-0.110678470177778,0.5212,"18","protocadherin gamma subfamily A, 8"
"Heatr5a",-0.110647258512139,0.3074,"12","HEAT repeat containing 5A"
"Lor",0.11061982621377,0.2732,"3","loricrin"
"Sdc4",0.110550188760943,0.331,"2","syndecan 4"
"Tafa2",0.110524645097371,0.2072,"10","TAFA chemokine like family member 2"
"Cisd3",0.110468357935369,0.4222,"11","CDGSH iron sulfur domain 3"
"Erich1",0.110466283255227,0.1936,"8","glutamate rich 1"
"Ptp4a1",0.110464406594986,0.412,"1","protein tyrosine phosphatase 4a1"
"Ptp4a1",0.110464406594986,0.412,"1","protein tyrosine phosphatase 4a1"
"Pdgfra",-0.1103760489623,0.5742,"5","platelet derived growth factor receptor, alpha polypeptide"
"Larp1b",0.110214228015969,0.184,"3","La ribonucleoprotein 1B"
"Arhgap22",0.11010130688158,0.4124,"14","Rho GTPase activating protein 22"
"Arsj",-0.110034194812827,0.4932,"3","arylsulfatase J"
"Gcfc2",0.110027307248596,0.476,"6","GC-rich sequence DNA binding factor 2"
"Nr4a2",-0.109997745457977,0.4298,"2","nuclear receptor subfamily 4, group A, member 2"
"Rassf3",-0.109996429325135,0.2,"10","Ras association (RalGDS/AF-6) domain family member 3"
"Car5b",-0.1099912324946,0.2394,"X","carbonic anhydrase 5b, mitochondrial"
"Mbd4",0.109966077935155,0.3042,"6","methyl-CpG binding domain protein 4"
"H2az1",0.109961506462923,0.15,"3","H2A.Z variant histone 1"
"Pde10a",-0.109862461455754,0.506,"17","phosphodiesterase 10A"
"Rbpms2",-0.109848732221572,0.3674,"9","RNA binding protein with multiple splicing 2"
"Gm7072",0.109843418588485,0.109,"17","predicted gene 7072"
"Rasl10b",0.109535455282149,0.4186,"11","RAS-like, family 10, member B"
"Slc16a1",-0.10946346658599,0.1042,"3","solute carrier family 16 (monocarboxylic acid transporters), member 1"
"Slc7a5",-0.109372577086978,0.075,"8","solute carrier family 7 (cationic amino acid transporter, y+ system), member 5"
"Nr2f2",-0.109364964939859,0.3626,"7","nuclear receptor subfamily 2, group F, member 2"
"Ptprm",-0.109298128844284,0.4274,"17","protein tyrosine phosphatase, receptor type, M"
"Mis18a",0.109133406339198,0.197,"16","MIS18 kinetochore protein A"
"Lhfpl3",-0.109114372457033,0.3726,"5","lipoma HMGIC fusion partner-like 3"
"Fbn2",-0.108956342303238,0.5668,"18","fibrillin 2"
"Zfp618",0.108868763165118,0.4122,"4","zinc finger protein 618"
"Mpi",0.108751801307203,0.0406,"9","mannose phosphate isomerase"
"Rpl35",0.10869108885448,0.499,"2","ribosomal protein L35"
"Zcchc3",0.108674303544111,0.1602,"2","zinc finger, CCHC domain containing 3"
"Stc2",0.10865919136931,0.3572,"11","stanniocalcin 2"
"St18",-0.108649969652147,0.5606,"1","suppression of tumorigenicity 18"
"Pcdhga4",-0.108577600582421,0.6292,"18","protocadherin gamma subfamily A, 4"
"Tnc",-0.108562611808193,0.2236,"4","tenascin C"
"Znrf1",0.10854154423811,0.0664,"8","zinc and ring finger 1"
"Zfp105",-0.108539448201527,0.3526,"9","zinc finger protein 105"
"Vwa5a",-0.108510422995855,0.503,"9","von Willebrand factor A domain containing 5A"
"Ftx",-0.108497067924247,0.5738,"X","Ftx transcript, Xist regulator (non-protein coding)"
"Glis3",0.108444824159593,0.5092,"19","GLIS family zinc finger 3"
"Ndufab1",0.108414317415259,0.2172,"7","NADH:ubiquinone oxidoreductase subunit AB1"
"Pcdhb16",-0.10837036243836,0.5684,"18","protocadherin beta 16"
"Gpr63",-0.108367452875908,0.7246,"4","G protein-coupled receptor 63"
"Calb2",0.108330798825179,0.3198,"8","calbindin 2"
"Med29",0.108309383443328,0.4202,"7","mediator complex subunit 29"
"Spata13",-0.108292182644063,0.4316,"14","spermatogenesis associated 13"
"Rnd2",0.108287356468063,0.445,"11","Rho family GTPase 2"
"Mn1",0.108114283435612,0.1752,"5","meningioma 1"
"Sap30",-0.10803020270001,0.182,"8","sin3 associated polypeptide"
"Foxq1",-0.107881072407562,0.3888,"13","forkhead box Q1"
"Adamts3",0.107876075634308,0.2026,"5","a disintegrin-like and metallopeptidase (reprolysin type) with thrombospondin type 1 motif, 3"
"Tmem17",0.107791750684905,0.2004,"11","transmembrane protein 17"
"Mfsd10",0.107736046909432,0.4176,"5","major facilitator superfamily domain containing 10"
"Zcchc17",0.107701290863172,0.3616,"4","zinc finger, CCHC domain containing 17"
"Dusp16",-0.107681633559078,0.1484,"6","dual specificity phosphatase 16"
"Plekha7",-0.107657569967363,0.3144,"7","pleckstrin homology domain containing, family A member 7"
"Rnf141",-0.107607986493455,0.402,"7","ring finger protein 141"
"Vps37d",0.107594582113892,0.3592,"5","vacuolar protein sorting 37D"
"Rab24",0.107501865894559,0.1446,"13","RAB24, member RAS oncogene family"
"Pgam2",0.107481273186433,0.5294,"11","phosphoglycerate mutase 2"
"B4galnt4",0.107415009717014,0.0692,"7","beta-1,4-N-acetyl-galactosaminyl transferase 4"
"Grk5",-0.107389922621734,0.1566,"19","G protein-coupled receptor kinase 5"
"Insc",-0.107364120804362,0.6028,"7","INSC spindle orientation adaptor protein"
"Tti2",0.10730605992884,0.0618,"8","TELO2 interacting protein 2"
"Eaf1",-0.107274012169311,0.083,"14","ELL associated factor 1"
"Gm32856",-0.107260910434435,0.3678,"8","predicted gene, 32856"
"Sgf29",0.10721034832255,0.1898,"7","SAGA complex associated factor 29"
"Gm13889",0.107210216365455,0.3902,"2","predicted gene 13889"
"Siah1b",0.107208133170835,0.256,"X","siah E3 ubiquitin protein ligase 1B"
"Rnf39",0.107146589896179,0.4082,"17","ring finger protein 39"
"Vrk3",0.107121458793689,0.1608,"7","vaccinia related kinase 3"
"Ypel1",0.107119071675134,0.1196,"16","yippee like 1"
"Mrpl27",0.107092665860603,0.3066,"11","mitochondrial ribosomal protein L27"
"Ift22",0.106967396709258,0.3012,"5","intraflagellar transport 22"
"Eva1a",0.106940042532224,0.2562,"6","eva-1 homolog A (C. elegans)"
"Swsap1",0.106795908787196,0.2148,"9","SWIM type zinc finger 7 associated protein 1"
"Pycrl",0.106759655767927,0.1524,"15","pyrroline-5-carboxylate reductase-like"
"Ube2m",0.106725113333058,0.3322,"7","ubiquitin-conjugating enzyme E2M"
"Ushbp1",-0.10667530303299,0.5058,"8","USH1 protein network component harmonin binding protein 1"
"Tubb6",-0.106620873360574,0.097,"18","tubulin, beta 6 class V"
"Plekhf1",0.10660882952986,0.6068,"7","pleckstrin homology domain containing, family F (with FYVE domain) member 1"
"Hfe",-0.106565898874098,0.5426,"13","homeostatic iron regulator"
"Inpp4b",-0.106501568177963,0.457,"8","inositol polyphosphate-4-phosphatase, type II"
"Pcsk1",-0.106489471975556,0.5566,"13","proprotein convertase subtilisin/kexin type 1"
"Cacng5",0.1063931959073,0.518,"11","calcium channel, voltage-dependent, gamma subunit 5"
"Glrx3",0.106393109607702,0.4576,"7","glutaredoxin 3"
"Rpp30",0.106379144649617,0.1274,"19","ribonuclease P/MRP 30 subunit"
"Chchd5",-0.106376996309868,0.3498,"2","coiled-coil-helix-coiled-coil-helix domain containing 5"
"1110065P20Rik",0.106374294232038,0.46,"4","RIKEN cDNA 1110065P20 gene"
"Onecut2",0.106350081944347,0.5386,"18","one cut domain, family member 2"
"Pigg",-0.106326854014422,0.3358,"5","phosphatidylinositol glycan anchor biosynthesis, class G"
"Slc35f3",0.106325091230492,0.0346,"8","solute carrier family 35, member F3"
"Dock4",-0.106290458631173,0.6878,"12","dedicator of cytokinesis 4"
"Scrt2",0.106204565099929,0.2284,"2","scratch family zinc finger 2"
"Lrrn1",-0.106202121670657,0.5922,"6","leucine rich repeat protein 1, neuronal"
"Zfp521",-0.106200494578381,0.2544,"18","zinc finger protein 521"
"Tcerg1l",0.106199946591765,0.3218,"7","transcription elongation regulator 1-like"
"Ptar1",-0.1061973541008,0.6334,"19","protein prenyltransferase alpha subunit repeat containing 1"
"Grin2c",0.106126142753194,0.2514,"11","glutamate receptor, ionotropic, NMDA2C (epsilon 3)"
"Asap2",-0.10602540104042,0.4074,"12","ArfGAP with SH3 domain, ankyrin repeat and PH domain 2"
"Lcmt2",0.105876020723023,0.2998,"2","leucine carboxyl methyltransferase 2"
"Itih3",0.105790920360399,0.2448,"14","inter-alpha trypsin inhibitor, heavy chain 3"
"L3mbtl1",-0.105780512879575,0.559,"2","L3MBTL1 histone methyl-lysine binding protein"
"Spry4",-0.105684512712091,0.2592,"18","sprouty RTK signaling antagonist 4"
"Khk",-0.105433579709645,0.2406,"5","ketohexokinase"
"Tarbp1",0.105374440444099,0.5084,"8","TAR RNA binding protein 1"
"Elmo1",0.105333027462048,0.1718,"13","engulfment and cell motility 1"
"Gm5617",0.105231674263872,0.5986,"9","predicted gene 5617"
"Mthfr",0.105229680772005,0.3416,"4","methylenetetrahydrofolate reductase"
"Pecr",0.105173802178431,0.2352,"1","peroxisomal trans-2-enoyl-CoA reductase"
"Wbp11",-0.105100322830316,0.2326,"6","WW domain binding protein 11"
"Kcns1",-0.105052120414254,0.3808,"2","K+ voltage-gated channel, subfamily S, 1"
"Ddit4l",-0.104985486747779,0.2894,"3","DNA-damage-inducible transcript 4-like"
"Mtif3",0.104952742814821,0.1186,"5","mitochondrial translational initiation factor 3"
"Mcrs1",0.104876891377083,0.3562,"15","microspherule protein 1"
"Dbndd2",0.10485872644241,0.4356,"2","dysbindin (dystrobrevin binding protein 1) domain containing 2"
"Nrarp",0.104853184046433,0.0944,"2","Notch-regulated ankyrin repeat protein"
"Tmem223",0.104846047203683,0.4608,"19","transmembrane protein 223"
"Zic2",-0.104782567772284,0.4162,"14","zinc finger protein of the cerebellum 2"
"Greb1l",0.1047663074948,0.6114,"18","growth regulation by estrogen in breast cancer-like"
"Traf4",0.104552394283822,0.1468,"11","TNF receptor associated factor 4"
"Prss12",-0.104544632267423,0.3198,"3","protease, serine 12 neurotrypsin (motopsin)"
"Cacna1e",-0.104533157160409,0.746,"1","calcium channel, voltage-dependent, R type, alpha 1E subunit"
"Mmp15",-0.104531611804342,0.2602,"8","matrix metallopeptidase 15"
"Sgpp2",-0.104489511944961,0.5998,"1","sphingosine-1-phosphate phosphatase 2"
"Naglu",-0.104472815900631,0.2208,"11","alpha-N-acetylglucosaminidase (Sanfilippo disease IIIB)"
"Zfp870",0.104462414190309,0.0422,"17","zinc finger protein 870"
"Enho",0.104252780287917,0.465,"4","energy homeostasis associated"
"Gpr19",0.104235498071619,0.2532,"6","G protein-coupled receptor 19"
"Myo1d",-0.104204212620201,0.4768,"11","myosin ID"
"Nmnat1",-0.104156902836914,0.1496,"4","nicotinamide nucleotide adenylyltransferase 1"
"Hras",0.104142954904404,0.4436,"7","Harvey rat sarcoma virus oncogene"
"Wnt7a",-0.104110139522648,0.4566,"6","wingless-type MMTV integration site family, member 7A"
"Tmcc3",-0.104052074605925,0.3178,"10","transmembrane and coiled coil domains 3"
"Nprl2",0.10393750396265,0.103,"9","NPR2 like, GATOR1 complex subunit"
"Jcad",-0.103925291203688,0.3444,"18","junctional cadherin 5 associated"
"Iah1",-0.10387489250005,0.0888,"12","isoamyl acetate-hydrolyzing esterase 1 homolog"
"Pcdhb9",-0.103841761849942,0.4218,"18","protocadherin beta 9"
"Tbcb",0.103807070369797,0.3858,"7","tubulin folding cofactor B"
"Fkbp5",0.103731507926536,0.1636,"17","FK506 binding protein 5"
"Cmtr2",0.10371814191207,0.2608,"8","cap methyltransferase 2"
"Fam163b",0.103654676254854,0.3922,"2","family with sequence similarity 163, member B"
"Tmem267",-0.103612292912964,0.4478,"13","transmembrane protein 267"
"Ppp1r1a",0.103568027319573,0.541,"15","protein phosphatase 1, regulatory inhibitor subunit 1A"
"Wnk4",-0.103493418652006,0.529,"11","WNK lysine deficient protein kinase 4"
"Txnip",-0.103458113697197,0.5192,"3","thioredoxin interacting protein"
"Map3k6",0.103453763583472,0.4832,"4","mitogen-activated protein kinase kinase kinase 6"
"Agt",0.10344722794287,0.364,"8","angiotensinogen (serpin peptidase inhibitor, clade A, member 8)"
"Rilpl1",0.103358970255481,0.0684,"5","Rab interacting lysosomal protein-like 1"
"Smim1",0.103353005016171,0.3276,"4","small integral membrane protein 1"
"Tmem179b",-0.103300714410028,0.3554,"19","transmembrane protein 179B"
"Rpa2",0.103231444897426,0.2672,"4","replication protein A2"
"Zscan18",-0.103032669512124,0.2954,"7","zinc finger and SCAN domain containing 18"
"Aimp1",0.10303128347578,0.2676,"3","aminoacyl tRNA synthetase complex-interacting multifunctional protein 1"
"Pkig",0.103023167527847,0.487,"2","protein kinase inhibitor, gamma"
"Stx3",0.103001462568642,0.3126,"19","syntaxin 3"
"Sebox",0.102923330779607,0.2692,"11","SEBOX homeobox"
"Grm2",0.102887506170307,0.3524,"9","glutamate receptor, metabotropic 2"
"Wdr83",0.102780972056673,0.2676,"8","WD repeat domain containing 83"
"Arl4d",0.102728374399353,0.5538,"11","ADP-ribosylation factor-like 4D"
"Hlf",-0.102630425476742,0.178,"11","hepatic leukemia factor"
"Adra2a",0.10252476611415,0.0934,"19","adrenergic receptor, alpha 2a"
"Pdpr",0.102517163987264,0.6616,"8","pyruvate dehydrogenase phosphatase regulatory subunit"
"Pcdhb13",-0.102480421357114,0.4934,"18","protocadherin beta 13"
"Fnbp1l",-0.102476802039398,0.4812,"3","formin binding protein 1-like"
"Mtap",-0.102476214855114,0.1198,"4","methylthioadenosine phosphorylase"
"Tmem208",0.102473297534184,0.3994,"8","transmembrane protein 208"
"Trim11",0.102469961020496,0.168,"11","tripartite motif-containing 11"
"Wdfy2",-0.102463710133747,0.6274,"14","WD repeat and FYVE domain containing 2"
"Dpysl4",0.102441865551136,0.2588,"7","dihydropyrimidinase-like 4"
"Cplx2",0.102349182817038,0.2144,"13","complexin 2"
"Rps23",0.102329401190127,0.518,"13","ribosomal protein S23"
"Lage3",0.102300977988383,0.4426,"X","L antigen family, member 3"
"Uchl1",0.102299376621117,0.4862,"5","ubiquitin carboxy-terminal hydrolase L1"
"Gm5577",0.102275248445772,0.62,"6","predicted gene 5577"
"Hapln2",0.102235845186429,0.5174,"3","hyaluronan and proteoglycan link protein 2"
"Akap8l",0.102204300270544,0.469,"17","A kinase (PRKA) anchor protein 8-like"
"Tmtc2",-0.102200588313161,0.245,"10","transmembrane and tetratricopeptide repeat containing 2"
"Zfp839",0.102057570452652,0.2294,"12","zinc finger protein 839"
"Tada1",0.102036377559205,0.0464,"1","transcriptional adaptor 1"
"Dpy19l1",-0.102034791301039,0.2552,"9","dpy-19-like 1 (C. elegans)"
"Ramp3",0.102015356156237,0.5856,"11","receptor (calcitonin) activity modifying protein 3"
"Fgd5",-0.101998038510417,0.496,"6","FYVE, RhoGEF and PH domain containing 5"
"Mid1ip1",-0.101985176106993,0.2528,"X","Mid1 interacting protein 1 (gastrulation specific G12-like (zebrafish))"
"Ahr",-0.101983283807119,0.4138,"12","aryl-hydrocarbon receptor"
"Klhdc7a",0.101945374861693,0.3038,"4","kelch domain containing 7A"
"Cck",0.101938029351471,0.384,"9","cholecystokinin"
"Acacb",-0.101900041338437,0.427,"5","acetyl-Coenzyme A carboxylase beta"
"Nostrin",-0.1018594230623,0.4934,"2","nitric oxide synthase trafficker"
"BC030500",-0.101855895688552,0.5378,"8","cDNA sequence BC030500"
"Cops7b",0.101841236573387,0.1938,"1","COP9 signalosome subunit 7B"
"Enpp6",0.101821779443581,0.4428,"8","ectonucleotide pyrophosphatase/phosphodiesterase 6"
"Vps9d1",0.101795655339086,0.1292,"8","VPS9 domain containing 1"
"Ece1",-0.101762440675125,0.2078,"4","endothelin converting enzyme 1"
"Alkbh1",-0.101754627736644,0.261,"12","alkB homolog 1, histone H2A dioxygenase"
"Alkbh1",-0.101754627736644,0.261,"12","alkB homolog 1, histone H2A dioxygenase"
"Gtf2f2",0.1017273527089,0.114,"14","general transcription factor IIF, polypeptide 2"
"Zfand2b",0.101716672445641,0.3316,"1","zinc finger, AN1 type domain 2B"
"Jun",-0.101693714735982,0.2938,"4","jun proto-oncogene"
"Rab13",-0.101628190992275,0.4418,"3","RAB13, member RAS oncogene family"
"Slc66a2",0.101594768731694,0.253,"18","solute carrier family 66 member 2"
"S1pr3",-0.101535408582686,0.2698,"13","sphingosine-1-phosphate receptor 3"
"Josd2",0.101500192306528,0.4946,"7","Josephin domain containing 2"
"Akr7a5",0.101488141661277,0.3788,"4","aldo-keto reductase family 7, member A5 (aflatoxin aldehyde reductase)"
"Pdzd2",0.101482002661371,0.4304,"15","PDZ domain containing 2"
"Trp53",0.101455027016559,0.039,"11","transformation related protein 53"
"Stom",-0.101427636153137,0.1904,"2","stomatin"
"Asap1",-0.101355776336861,0.3078,"15","ArfGAP with SH3 domain, ankyrin repeat and PH domain1"
"Zfp954",0.101322706291902,0.1516,"7","zinc finger protein 954"
"Mul1",0.101288132922489,0.0314,"4","mitochondrial ubiquitin ligase activator of NFKB 1"
"Lama3",-0.101275293637749,0.512,"18","laminin, alpha 3"
"Rgs6",0.101273955937621,0.159,"12","regulator of G-protein signaling 6"
"Nxn",0.10122788543398,0.379,"11","nucleoredoxin"
"Rad1",0.101222959306115,0.2868,"15","RAD1 checkpoint DNA exonuclease"
"Ttc39b",-0.101210147835314,0.4688,"4","tetratricopeptide repeat domain 39B"
"Syde1",-0.101160775759475,0.2504,"10","synapse defective 1, Rho GTPase, homolog 1 (C. elegans)"
"Entpd3",0.101109208368895,0.2828,"9","ectonucleoside triphosphate diphosphohydrolase 3"
"Tha1",0.101095781796122,0.4152,"11","threonine aldolase 1"
"Tango2",0.101072664387868,0.015,"16","transport and golgi organization 2"
"Creb5",-0.10099753660722,0.5042,"6","cAMP responsive element binding protein 5"
"Zbtb10",-0.100910289191884,0.3642,"3","zinc finger and BTB domain containing 10"
"Hmox1",0.100899016084738,0.413,"8","heme oxygenase 1"
"Prkcq",-0.100868463256072,0.438,"2","protein kinase C, theta"
"Kbtbd3",-0.100861640877803,0.2308,"9","kelch repeat and BTB (POZ) domain containing 3"
"Satb1",0.100850942415359,0.0948,"17","special AT-rich sequence binding protein 1"
"Dlec1",-0.100847381575456,0.588,"9","deleted in lung and esophageal cancer 1"
"Ccdc107",0.100728740957504,0.473,"4","coiled-coil domain containing 107"
"Gucd1",0.100706201650198,0.215,"10","guanylyl cyclase domain containing 1"
"Ddx4",0.100700858764021,0.5222,"13","DEAD box helicase 4"
"Pdgfd",0.100681818235528,0.4648,"9","platelet-derived growth factor, D polypeptide"
"Ripk2",0.100670593365071,0.207,"4","receptor (TNFRSF)-interacting serine-threonine kinase 2"
"Gamt",0.100663591349341,0.549,"10","guanidinoacetate methyltransferase"
"Zbed4",0.100628890446504,0.2266,"15","zinc finger, BED type containing 4"
"Sema4b",0.10056697197681,0.2626,"7","sema domain, immunoglobulin domain (Ig), transmembrane domain (TM) and short cytoplasmic domain, (semaphorin) 4B"
"Cd109",0.100526964297774,0.54,"9","CD109 antigen"
"Col9a2",-0.100521729547013,0.5446,"4","collagen, type IX, alpha 2"
"Kcnk13",-0.10051075699736,0.5248,"12","potassium channel, subfamily K, member 13"
"Fndc1",0.100505062247612,0.5476,"17","fibronectin type III domain containing 1"
"Arhgef40",-0.10048259372002,0.1938,"14","Rho guanine nucleotide exchange factor (GEF) 40"
"Ifi203",-0.100475778033646,0.4956,"1","interferon activated gene 203"
"Il20rb",0.100387743982849,0.4452,"9","interleukin 20 receptor beta"
"Dock1",-0.100374428426367,0.1764,"7","dedicator of cytokinesis 1"
"Etv1",-0.100355453909382,0.3934,"12","ets variant 1"
"Cox8a",0.100326893307114,0.5742,"19","cytochrome c oxidase subunit 8A"
"Mettl21a",0.100292618489922,0.171,"1","methyltransferase like 21A"
"Pcdhgc5",-0.100249023903972,0.6596,"18","protocadherin gamma subfamily C, 5"
"Agbl3",0.100156348676054,0.3592,"6","ATP/GTP binding protein-like 3"
"Aurkaip1",0.100116961205199,0.4254,"4","aurora kinase A interacting protein 1"
"Slc31a1",-0.10009171424995,0.357,"4","solute carrier family 31, member 1"
"Epha10",0.10009102633011,0.4506,"4","Eph receptor A10"
"Supt4a",0.100081197808116,0.351,"11","SPT4A, DSIF elongation factor subunit"
"Apeh",0.100029768600936,0.064,"9","acylpeptide hydrolase"
"Myo1e",-0.100008966306266,0.2918,"9","myosin IE"
"Ltbr",-0.0999843620205856,0.4042,"6","lymphotoxin B receptor"
"D7Ertd443e",0.0999737223523769,0.4232,"7","DNA segment, Chr 7, ERATO Doi 443, expressed"
"Cbs",0.0999657521875186,0.1848,"17","cystathionine beta-synthase"
"Dnpep",0.0999265041783168,0.1034,"1","aspartyl aminopeptidase"
"U2af1l4",0.099865068819625,0.2816,"7","U2 small nuclear RNA auxiliary factor 1-like 4"
"Ciao2b",-0.0998117481891061,0.348,"8","cytosolic iron-sulfur assembly component 2B"
"Adamts1",-0.0997719553959096,0.5226,"16","a disintegrin-like and metallopeptidase (reprolysin type) with thrombospondin type 1 motif, 1"
"Chmp1a",0.0996363125767319,0.3456,"8","charged multivesicular body protein 1A"
"Map3k5",0.0996338040546014,0.1768,"10","mitogen-activated protein kinase kinase kinase 5"
"Nat8f4",0.0996165525002466,0.2256,"6","N-acetyltransferase 8 (GCN5-related) family member 4"
"Suds3",0.0995838851732129,0.2866,"5","suppressor of defective silencing 3 homolog (S. cerevisiae)"
"Zc3h8",-0.0995478817169788,0.2452,"2","zinc finger CCCH type containing 8"
"Klhl15",-0.0995425593677843,0.702,"X","kelch-like 15"
"Serinc5",-0.0994819818151367,0.3358,"13","serine incorporator 5"
"Elmod3",0.0994773313517285,0.262,"6","ELMO/CED-12 domain containing 3"
"Ndc1",-0.0994261755205925,0.5288,"4","NDC1 transmembrane nucleoporin"
"Homer2",0.0994135427291454,0.2466,"7","homer scaffolding protein 2"
"Rims3",-0.0994110567126913,0.4332,"4","regulating synaptic membrane exocytosis 3"
"Neurod1",-0.0994099705943814,0.611,"2","neurogenic differentiation 1"
"2700054A10Rik",0.0994090776963925,0.4292,"17","RIKEN cDNA 2700054A10 gene"
"Nsmf",0.0993911314907745,0.4102,"2","NMDA receptor synaptonuclear signaling and neuronal migration factor"
"Oscar",0.0993628155331459,0.597,"7","osteoclast associated receptor"
"Slc27a2",0.0993408082582841,0.3218,"2","solute carrier family 27 (fatty acid transporter), member 2"
"Setd6",0.0992964698633743,0.3174,"8","SET domain containing 6"
"Timm50",0.0992928568577494,0.3054,"7","translocase of inner mitochondrial membrane 50"
"Tmem159",-0.0992909956944352,0.35,"7","transmembrane protein 159"
"Gdpd5",0.0992705961602822,0.2026,"7","glycerophosphodiester phosphodiesterase domain containing 5"
"Sertad1",-0.0992435748234644,0.5332,"7","SERTA domain containing 1"
"Adat1",-0.0992417273591384,0.2986,"8","adenosine deaminase, tRNA-specific 1"
"Creld2",-0.0992283526240394,0.3874,"15","cysteine-rich with EGF-like domains 2"
"Chaf1a",0.099209951572174,0.1314,"17","chromatin assembly factor 1, subunit A (p150)"
"Slc25a37",-0.099206754286115,0.3146,"14","solute carrier family 25, member 37"
"Fbxo30",-0.0991669406165969,0.2196,"10","F-box protein 30"
"Alg10b",-0.0991140246952158,0.6978,"15","asparagine-linked glycosylation 10B (alpha-1,2-glucosyltransferase)"
"Uqcr11",0.0990955133788392,0.5628,"10","ubiquinol-cytochrome c reductase, complex III subunit XI"
"Rfng",0.0989289625718905,0.3528,"11","RFNG O-fucosylpeptide 3-beta-N-acetylglucosaminyltransferase"
"Dlx5",0.0988587308374571,0.3668,"6","distal-less homeobox 5"
"Rpp21",0.098845655928939,0.524,"17","ribonuclease P 21 subunit"
"Rps20",0.0988430677976835,0.5752,"4","ribosomal protein S20"
"Zfp764",0.0988041280988337,0.2232,"7","zinc finger protein 764"
"Dmpk",-0.0987784174144606,0.5658,"7","dystrophia myotonica-protein kinase"
"Megf9",-0.098777229438217,0.7554,"4","multiple EGF-like-domains 9"
"Fv1",-0.0987439475699425,0.6334,"4","Friend virus susceptibility 1"
"1190007I07Rik",0.0986783414866377,0.2558,"10","RIKEN cDNA 1190007I07 gene"
"Nap1l2",-0.098516297751055,0.6238,"X","nucleosome assembly protein 1-like 2"
"Fam78a",-0.0984223908732651,0.3878,"2","family with sequence similarity 78, member A"
"Pcyt2",0.0983918310886098,0.4062,"11","phosphate cytidylyltransferase 2, ethanolamine"
"Uck1",0.098342231598803,0.0942,"2","uridine-cytidine kinase 1"
"Taf1d",0.0982850477077211,0.306,"9","TATA-box binding protein associated factor, RNA polymerase I, D"
"Ddx56",0.0982422200982818,0.0666,"11","DEAD box helicase 56"
"Ago2",-0.0982309745867056,0.6556,"15","argonaute RISC catalytic subunit 2"
"Nudt14",-0.098228972323432,0.4754,"12","nudix (nucleoside diphosphate linked moiety X)-type motif 14"
"Mrpl13",0.0981385108963506,0.281,"15","mitochondrial ribosomal protein L13"
"Adck5",0.0980857919007327,0.4128,"15","aarF domain containing kinase 5"
"Cdh19",0.0980767916918386,0.4596,"1","cadherin 19, type 2"
"Ak4",-0.0980198456521038,0.211,"4","adenylate kinase 4"
"Clpx",0.0979936252427649,0.1278,"9","caseinolytic mitochondrial matrix peptidase chaperone subunit"
"Gpsm1",0.0979900037821233,0.0878,"2","G-protein signalling modulator 1 (AGS3-like, C. elegans)"
"Tpmt",0.097965290248943,0.137,"13","thiopurine methyltransferase"
"Nudt6",0.0979628816271032,0.3118,"3","nudix (nucleoside diphosphate linked moiety X)-type motif 6"
"Cdh9",-0.0979363062615004,0.6328,"15","cadherin 9"
"Tent5a",-0.0979294115912404,0.482,"9","terminal nucleotidyltransferase 5A"
"Usp27x",0.0978924365277427,0.212,"X","ubiquitin specific peptidase 27, X chromosome"
"Polb",0.0978633139886744,0.0488,"8","polymerase (DNA directed), beta"
"Zfp518a",-0.0978189527161679,0.5282,"19","zinc finger protein 518A"
"Jpt1",0.097787321910813,0.474,"11","Jupiter microtubule associated homolog 1"
"Ap2s1",0.0977670909193629,0.5642,"7","adaptor-related protein complex 2, sigma 1 subunit"
"Psd",0.0977204463035442,0.5846,"19","pleckstrin and Sec7 domain containing"
"Vwa3a",-0.0976864687348877,0.52,"7","von Willebrand factor A domain containing 3A"
"Lrrc8c",0.0976618762007782,0.593,"5","leucine rich repeat containing 8 family, member C"
"Dgat2",0.0976497084317636,0.1874,"7","diacylglycerol O-acyltransferase 2"
"Matk",0.0975110666159225,0.4086,"10","megakaryocyte-associated tyrosine kinase"
"Zfp101",0.0974820354318764,0.095,"17","zinc finger protein 101"
"Shisal1",0.0974500988188574,0.0356,"15","shisa like 1"
"Homer3",0.0974186450683163,0.1534,"8","homer scaffolding protein 3"
"Rhof",0.0973735318226945,0.3046,"5","ras homolog family member F (in filopodia)"
"Nedd8",0.097343182369821,0.4,"14","neural precursor cell expressed, developmentally down-regulated gene 8"
"Ppdpf",0.0973260187790181,0.5584,"2","pancreatic progenitor cell differentiation and proliferation factor"
"Mars2",-0.0972935312159886,0.5318,"1","methionine-tRNA synthetase 2 (mitochondrial)"
"Them6",0.0972551002009023,0.3726,"15","thioesterase superfamily member 6"
"Gpr137b",-0.0971740643799324,0.2796,"13","G protein-coupled receptor 137B"
"Lamb2",-0.0971457507242004,0.3112,"9","laminin, beta 2"
"Xylt1",-0.0971383069995819,0.7236,"7","xylosyltransferase 1"
"Ankrd34b",-0.0970330221874951,0.5576,"13","ankyrin repeat domain 34B"
"Nectin3",0.0970270989696811,0.472,"16","nectin cell adhesion molecule 3"
"Gm1043",-0.0970228526762238,0.7376,"5","predicted gene 1043"
"Itga11",0.0970221089007937,0.4454,"9","integrin alpha 11"
"Igsf9",0.0969950946878435,0.547,"1","immunoglobulin superfamily, member 9"
"Hsf4",0.0969448107628552,0.448,"8","heat shock transcription factor 4"
"Matn2",-0.0969446567616101,0.2602,"15","matrilin 2"
"Rsph1",-0.0969035607592303,0.6986,"17","radial spoke head 1 homolog (Chlamydomonas)"
"Slc35f4",0.0968725714126406,0.1618,"14","solute carrier family 35, member F4"
"D930048N14Rik",0.096807357773383,0.6246,"11","RIKEN cDNA D930048N14 gene"
"Trmt112",0.0967663413141238,0.4604,"19","tRNA methyltransferase 11-2"
"Gtf3a",-0.0966811555417988,0.3488,"5","general transcription factor III A"
"Igflr1",0.0966647905616074,0.608,"7","IGF-like family receptor 1"
"Npr1",-0.0966624194769916,0.33,"3","natriuretic peptide receptor 1"
"Mbp",0.0966274603381105,0.671,"18","myelin basic protein"
"Plekha2",0.0965992244529437,0.1322,"8","pleckstrin homology domain-containing, family A (phosphoinositide binding specific) member 2"
"Dsp",0.0964954403079927,0.4152,"13","desmoplakin"
"B3galt2",-0.0963460458585903,0.6418,"1","UDP-Gal:betaGlcNAc beta 1,3-galactosyltransferase, polypeptide 2"
"Unc45a",0.0963268757447873,0.246,"7","unc-45 myosin chaperone A"
"Hsd17b10",0.0962406250554793,0.432,"X","hydroxysteroid (17-beta) dehydrogenase 10"
"Ltbp3",-0.0962238791132863,0.3436,"19","latent transforming growth factor beta binding protein 3"
"Slc7a4",0.0961907791319572,0.0878,"16","solute carrier family 7 (cationic amino acid transporter, y+ system), member 4"
"Dnajc17",0.0961823352832214,0.3514,"2","DnaJ heat shock protein family (Hsp40) member C17"
"Cbl",-0.0961379581059574,0.748,"9","Casitas B-lineage lymphoma"
"Fhod1",-0.0961065643736361,0.6628,"8","formin homology 2 domain containing 1"
"Hs6st1",0.0960684575782063,0.056,"1","heparan sulfate 6-O-sulfotransferase 1"
"Trim66",-0.0960659876508543,0.4184,"7","tripartite motif-containing 66"
"Gm11266",0.0960558480480604,0.5284,"4","predicted gene 11266"
"Plat",-0.0960018845095902,0.3952,"8","plasminogen activator, tissue"
"Syne2",-0.095994353886093,0.4386,"12","spectrin repeat containing, nuclear envelope 2"
"Csf3r",-0.0959769086442583,0.7402,"4","colony stimulating factor 3 receptor (granulocyte)"
"Gmps",-0.0959496536971569,0.5664,"3","guanine monophosphate synthetase"
"Gucy1a1",-0.0959227185822202,0.274,"3","guanylate cyclase 1, soluble, alpha 1"
"Pcdhgb5",-0.0958403742498888,0.641,"18","protocadherin gamma subfamily B, 5"
"Hspa1a",-0.0958289376803116,0.4698,"17","heat shock protein 1A"
"Pmepa1",0.0958155030847676,0.196,"2","prostate transmembrane protein, androgen induced 1"
"Fem1a",0.0958099992223014,0.071,"17","fem 1 homolog a"
"Bcdin3d",-0.0958094474410021,0.3394,"15","BCDIN3 domain containing"
"Mrps18c",0.0958051934897513,0.4476,"5","mitochondrial ribosomal protein S18C"
"Snrpn",0.095775424626982,0.4902,"7","small nuclear ribonucleoprotein N"
"Anxa4",-0.0957699941797285,0.3236,"6","annexin A4"
"Tchp",0.0957582613463437,0.329,"5","trichoplein, keratin filament binding"
"Atad5",0.0957551612459429,0.4398,"11","ATPase family, AAA domain containing 5"
"Atp11c",-0.0957478075266613,0.5296,"X","ATPase, class VI, type 11C"
"Orai2",0.0957379249180672,0.2244,"5","ORAI calcium release-activated calcium modulator 2"
"Gm5113",0.0956961709104531,0.0982,"7","predicted gene 5113"
"Grem2",-0.0956263499888328,0.4696,"1","gremlin 2, DAN family BMP antagonist"
"Cmc2",-0.0955741317009573,0.219,"8","COX assembly mitochondrial protein 2"
"Parp9",-0.0954817585495207,0.427,"16","poly (ADP-ribose) polymerase family, member 9"
"Ramp1",0.0954416590936109,0.4738,"1","receptor (calcitonin) activity modifying protein 1"
"Spata2l",0.0953344520951331,0.395,"8","spermatogenesis associated 2-like"
"Mccc1",-0.0952953984782559,0.2456,"3","methylcrotonoyl-Coenzyme A carboxylase 1 (alpha)"
"Pura",-0.0952935415575542,0.5276,"18","purine rich element binding protein A"
"Sdf2l1",-0.0952871132371254,0.6002,"16","stromal cell-derived factor 2-like 1"
"Zdhhc23",0.0952812183559297,0.2754,"16","zinc finger, DHHC domain containing 23"
"Brca2",0.0952793729174224,0.4622,"5","breast cancer 2, early onset"
"Sbf1",0.0952679810268702,0.0242,"15","SET binding factor 1"
"Gcnt4",-0.0952536957085282,0.4016,"13","glucosaminyl (N-acetyl) transferase 4, core 2 (beta-1,6-N-acetylglucosaminyltransferase)"
"Evc2",-0.0952464651717113,0.3054,"5","EvC ciliary complex subunit 2"
"Gfra4",0.0952139305902113,0.5292,"2","glial cell line derived neurotrophic factor family receptor alpha 4"
"Cenpb",0.0951335102004531,0.557,"2","centromere protein B"
"Gm19500",-0.0951275998860539,0.6194,"18","predicted gene, 19500"
"Alg8",-0.0949628478560487,0.184,"7","asparagine-linked glycosylation 8 (alpha-1,3-glucosyltransferase)"
"Ppp1r9b",0.0949525548663779,0.3786,"11","protein phosphatase 1, regulatory subunit 9B"
"Ccser1",0.0948470196567319,0.3142,"6","coiled-coil serine rich 1"
"Pno1",0.0948242831013744,0.1582,"11","partner of NOB1 homolog"
"Ermn",-0.0947930246812412,0.5378,"2","ermin, ERM-like protein"
"Ncoa2",-0.0947825794537458,0.5142,"1","nuclear receptor coactivator 2"
"Plekhj1",0.0947479369897879,0.4064,"10","pleckstrin homology domain containing, family J member 1"
"Pgbd5",0.0947008131569973,0.0836,"8","piggyBac transposable element derived 5"
"Smim10l2a",0.0946923559067407,0.2678,"X","small integral membrane protein 10 like 2A"
"Arid4a",-0.0946690885717434,0.608,"12","AT rich interactive domain 4A (RBP1-like)"
"Cntrl",-0.0946679890862763,0.5512,"2","centriolin"
"Amigo2",0.0946647044158011,0.5526,"15","adhesion molecule with Ig like domain 2"
"Crlf1",0.0946504029436959,0.3492,"8","cytokine receptor-like factor 1"
"Mex3a",0.0945444787514109,0.3944,"3","mex3 RNA binding family member A"
"Hcn3",0.0945104920046642,0.2418,"3","hyperpolarization-activated, cyclic nucleotide-gated K+ 3"
"Rwdd3",0.0945023393891211,0.1886,"3","RWD domain containing 3"
"Lama5",-0.0944716345240058,0.6546,"2","laminin, alpha 5"
"Amdhd2",0.0943900941295963,0.4406,"17","amidohydrolase domain containing 2"
"Tonsl",-0.0943810114025272,0.3452,"15","tonsoku-like, DNA repair protein"
"Mrps10",0.0943790448390542,0.3132,"17","mitochondrial ribosomal protein S10"
"Ier5l",0.094374267525982,0.3586,"2","immediate early response 5-like"
"Plekhg2",-0.0943615911760185,0.469,"7","pleckstrin homology domain containing, family G (with RhoGef domain) member 2"
"Nhp2",0.0943110204460895,0.49,"11","NHP2 ribonucleoprotein"
"Pnkp",0.0943045975883834,0.2812,"7","polynucleotide kinase 3'- phosphatase"
"Clmn",0.0941115322706532,0.3148,"12","calmin"
"Lnx2",-0.0941064935922955,0.3006,"5","ligand of numb-protein X 2"
"Psma5",0.094088693895837,0.2346,"3","proteasome subunit alpha 5"
"Tmsb4x",0.094079201787201,0.397,"X","thymosin, beta 4, X chromosome"
"Zfp784",0.0940136259636457,0.2998,"7","zinc finger protein 784"
"Dnlz",0.0939197883855973,0.3568,"2","DNL-type zinc finger"
"Timm8b",0.0939184778387538,0.4552,"9","translocase of inner mitochondrial membrane 8B"
"Mmp17",0.0938861418360517,0.0564,"5","matrix metallopeptidase 17"
"B9d2",0.0938774492323065,0.4416,"7","B9 protein domain 2"
"Lins1",0.093703818219546,0.1046,"7","lines homolog 1"
"Ppfibp2",-0.0936653368542455,0.5078,"7","PTPRF interacting protein, binding protein 2 (liprin beta 2)"
"Piga",-0.0936005556933668,0.303,"X","phosphatidylinositol glycan anchor biosynthesis, class A"
"Plekho1",0.0935742574068392,0.3776,"3","pleckstrin homology domain containing, family O member 1"
"Glo1",0.0935640270818139,0.2734,"17","glyoxalase 1"
"Lifr",-0.093547858700302,0.2208,"15","LIF receptor alpha"
"Gpr135",0.0935380608537879,0.227,"12","G protein-coupled receptor 135"
"Foxo4",0.0935372431159971,0.4544,"X","forkhead box O4"
"Dnajc12",0.0934851957246687,0.2968,"10","DnaJ heat shock protein family (Hsp40) member C12"
"Lipt2",0.0934651029654385,0.4362,"7","lipoyl(octanoyl) transferase 2 (putative)"
"Cers5",-0.0933737639902832,0.1754,"15","ceramide synthase 5"
"Nbl1",0.0933623564462529,0.3976,"4","NBL1, DAN family BMP antagonist"
"Cdk16",0.0933030870118952,0.2086,"X","cyclin-dependent kinase 16"
"Igf2bp3",0.0932991344765448,0.522,"6","insulin-like growth factor 2 mRNA binding protein 3"
"Neurod2",0.0932892935280289,0.3082,"11","neurogenic differentiation 2"
"Pllp",-0.0932493511377084,0.5704,"8","plasma membrane proteolipid"
"Aldh18a1",-0.0932383159790415,0.06,"19","aldehyde dehydrogenase 18 family, member A1"
"Ankrd35",0.0932180423016056,0.317,"3","ankyrin repeat domain 35"
"Hcn2",0.0931942633841674,0.4498,"10","hyperpolarization-activated, cyclic nucleotide-gated K+ 2"
"Afap1l2",0.0931566420596903,0.417,"19","actin filament associated protein 1-like 2"
"Serpinf1",-0.0931506472494097,0.4066,"11","serine (or cysteine) peptidase inhibitor, clade F, member 1"
"Pgap2",-0.0931459238214343,0.234,"7","post-GPI attachment to proteins 2"
"Apmap",0.0931418455886845,0.1384,"2","adipocyte plasma membrane associated protein"
"Gtf2a2",0.0931303131158847,0.2636,"9","general transcription factor II A, 2"
"Lta4h",-0.093112854774553,0.008,"10","leukotriene A4 hydrolase"
"Rem2",0.0931062215934295,0.2882,"14","rad and gem related GTP binding protein 2"
"Dpcd",0.0931011152424324,0.4376,"19","deleted in primary ciliary dyskinesia"
"Cfap54",-0.0930988723290371,0.6366,"10","cilia and flagella associated protein 54"
"Ccdc12",0.0930815817114654,0.564,"9","coiled-coil domain containing 12"
"Fam204a",-0.0930806513550859,0.1622,"19","family with sequence similarity 204, member A"
"Shld2",0.0930706067141784,0.5298,"14","shieldin complex subunit 2"
"Serping1",-0.093059289620129,0.5248,"2","serine (or cysteine) peptidase inhibitor, clade G, member 1"
"Pigh",-0.0930292966750148,0.3878,"12","phosphatidylinositol glycan anchor biosynthesis, class H"
"Nudt11",0.0930034543670208,0.0748,"X","nudix (nucleoside diphosphate linked moiety X)-type motif 11"
"Rnf19a",0.0929562711463312,0.1588,"15","ring finger protein 19A"
"Slc13a5",0.0928667705066371,0.3348,"11","solute carrier family 13 (sodium-dependent citrate transporter), member 5"
"Cd3eap",0.0928384497044901,0.4034,"7","CD3E antigen, epsilon polypeptide associated protein"
"Kcng2",0.0928358128803328,0.406,"18","potassium voltage-gated channel, subfamily G, member 2"
"Carns1",0.0928356731915927,0.4994,"19","carnosine synthase 1"
"Akap7",0.0928306007209807,0.0508,"10","A kinase (PRKA) anchor protein 7"
"Gid4",0.0928080656783861,0.2256,"11","GID complex subunit 4, VID24 homolog"
"Tyk2",0.0927765168656487,0.4674,"9","tyrosine kinase 2"
"Hr",0.0927144670926223,0.3224,"14","lysine demethylase and nuclear receptor corepressor"
"Fam53a",0.0926851540746165,0.2638,"5","family with sequence similarity 53, member A"
"Cdk4",0.0926621956330571,0.2106,"10","cyclin-dependent kinase 4"
"Gcat",0.0926502610722739,0.4648,"15","glycine C-acetyltransferase (2-amino-3-ketobutyrate-coenzyme A ligase)"
"Gcat",0.0926502610722739,0.4648,"15","glycine C-acetyltransferase (2-amino-3-ketobutyrate-coenzyme A ligase)"
"Ccdc82",-0.092603579067402,0.207,"9","coiled-coil domain containing 82"
"Osbpl6",-0.0925783570439904,0.5244,"2","oxysterol binding protein-like 6"
"Rgs20",-0.0925772702383991,0.3998,"1","regulator of G-protein signaling 20"
"Pop7",0.092500646186608,0.4166,"5","processing of precursor 7, ribonuclease P family, (S. cerevisiae)"
"Gm20754",0.0924991009437537,0.4754,"3","predicted gene, 20754"
"Ssh1",0.0924162254210037,0.121,"5","slingshot protein phosphatase 1"
"Fam199x",-0.0924139533142876,0.3966,"X","family with sequence similarity 199, X-linked"
"Mthfd1l",-0.0923930381548459,0.2712,"10","methylenetetrahydrofolate dehydrogenase (NADP+ dependent) 1-like"
"Ccdc124",0.0923697709514935,0.5732,"8","coiled-coil domain containing 124"
"Dact2",0.092322691296765,0.2852,"17","dishevelled-binding antagonist of beta-catenin 2"
"Arhgef28",0.0923009800862635,0.125,"13","Rho guanine nucleotide exchange factor (GEF) 28"
"Car15",0.0922501970702063,0.48,"16","carbonic anhydrase 15"
"Cox7a2",0.0922339409385513,0.44,"9","cytochrome c oxidase subunit 7A2"
"Ttc9b",0.0921974381551021,0.6072,"7","tetratricopeptide repeat domain 9B"
"A830082N09Rik",0.0921843884638296,0.094,"10","RIKEN cDNA A830082N09 gene"
"Rpap2",0.0921615473346695,0.0678,"5","RNA polymerase II associated protein 2"
"Susd5",-0.0920919048665381,0.6644,"9","sushi domain containing 5"
"Thoc2",-0.0920802818551092,0.5064,"X","THO complex 2"
"Epb41l1",0.0920773966745987,0.147,"2","erythrocyte membrane protein band 4.1 like 1"
"Npr3",-0.0920456739296296,0.4492,"15","natriuretic peptide receptor 3"
"Tom1l1",-0.0920428515332468,0.1176,"11","target of myb1-like 1 (chicken)"
"Dhdh",0.092004264699205,0.0862,"7","dihydrodiol dehydrogenase (dimeric)"
"Zfp386",0.0919670062770619,0.264,"12","zinc finger protein 386 (Kruppel-like)"
"Adipor2",0.0919310364737473,0.3482,"6","adiponectin receptor 2"
"Rps14",0.0919122992771229,0.6474,"18","ribosomal protein S14"
"Zfp790",-0.0919115892804134,0.3094,"7","zinc finger protein 790"
"Herpud1",-0.0918991047290234,0.3484,"8","homocysteine-inducible, endoplasmic reticulum stress-inducible, ubiquitin-like domain member 1"
"Thoc7",0.0918775537467216,0.1654,"14","THO complex 7"
"Znhit2",0.0918722952385869,0.5678,"19","zinc finger, HIT domain containing 2"
"Tbx6",0.0918574801634877,0.687,"7","T-box 6"
"Lman2l",0.0918388880595993,0.0208,"1","lectin, mannose-binding 2-like"
"Ier2",-0.0917851412201327,0.5246,"8","immediate early response 2"
"2310011J03Rik",0.091693148572487,0.5322,"10","RIKEN cDNA 2310011J03 gene"
"App",-0.0916449618288144,0.327,"16","amyloid beta (A4) precursor protein"
"Syt3",0.0916409810940761,0.523,"7","synaptotagmin III"
"Vstm5",-0.0916180270807549,0.2954,"9","V-set and transmembrane domain containing 5"
"Ly6e",0.091592084411122,0.3916,"15","lymphocyte antigen 6 complex, locus E"
"Ppan",0.0915607242454559,0.321,"9","peter pan homolog"
"Gabra1",-0.0915259128945589,0.5354,"11","gamma-aminobutyric acid (GABA) A receptor, subunit alpha 1"
"Chchd2",0.0915244581970889,0.3686,"5","coiled-coil-helix-coiled-coil-helix domain containing 2"
"Tnip2",0.0915203015365247,0.4146,"5","TNFAIP3 interacting protein 2"
"Kbtbd8",0.0915067473514939,0.4238,"6","kelch repeat and BTB (POZ) domain containing 8"
"Pdpn",-0.091500915031788,0.3696,"4","podoplanin"
"Tafa5",0.0914448225601658,0.2472,"15","TAFA chemokine like family member 5"
"Taf1c",0.0914326269636119,0.3988,"8","TATA-box binding protein associated factor, RNA polymerase I, C"
"Crispld1",-0.091420562900673,0.5658,"1","cysteine-rich secretory protein LCCL domain containing 1"
"Carmil2",0.0914178616983667,0.5402,"8","capping protein regulator and myosin 1 linker 2"
"Dcxr",0.0913454669431397,0.5284,"11","dicarbonyl L-xylulose reductase"
"Grip1",-0.0912447494391575,0.4424,"10","glutamate receptor interacting protein 1"
"Mrpl14",0.0912395886223605,0.4876,"17","mitochondrial ribosomal protein L14"
"Garem2",0.0912214346184026,0.2764,"5","GRB2 associated regulator of MAPK1 subtype 2"
"Clmp",0.0912016635900263,0.1626,"9","CXADR-like membrane protein"
"Bcs1l",0.0911693249820198,0.1328,"1","BCS1-like (yeast)"
"Ccdc177",0.0911311865403786,0.3198,"12","coiled-coil domain containing 177"
"Mxd4",0.0911068027354185,0.1956,"5","Max dimerization protein 4"
"Arhgdig",0.0910805190620438,0.5908,"17","Rho GDP dissociation inhibitor (GDI) gamma"
"Gmip",-0.0909522667322959,0.5184,"8","Gem-interacting protein"
"Slc7a1",-0.09095130253354,0.3454,"5","solute carrier family 7 (cationic amino acid transporter, y+ system), member 1"
"Ubb",0.0909276113538358,0.2884,"11","ubiquitin B"
"Nap1l3",-0.0909274147640113,0.6496,"X","nucleosome assembly protein 1-like 3"
"Snapc5",0.090914210472568,0.4606,"9","small nuclear RNA activating complex, polypeptide 5"
"Ppp1r16a",0.0909089795666995,0.431,"15","protein phosphatase 1, regulatory subunit 16A"
"Fmn1",-0.0908975225810402,0.4812,"2","formin 1"
"E2f5",-0.0908802749036739,0.2258,"3","E2F transcription factor 5"
"Htr1a",-0.0908749243839644,0.4636,"13","5-hydroxytryptamine (serotonin) receptor 1A"
"Eri2",0.0908691267742769,0.4058,"7","exoribonuclease 2"
"Lrrc56",0.0908525077766722,0.3946,"7","leucine rich repeat containing 56"
"Ndufc2",0.0908320558375442,0.2516,"7","NADH:ubiquinone oxidoreductase subunit C2"
"Cybc1",0.090764866523303,0.2032,"11","cytochrome b 245 chaperone 1"
"Nt5dc2",0.0907632853335718,0.4452,"14","5'-nucleotidase domain containing 2"
"3110082I17Rik",0.0907499128944482,0.2484,"5","RIKEN cDNA 3110082I17 gene"
"Lamtor2",0.0907478019023777,0.3536,"3","late endosomal/lysosomal adaptor, MAPK and MTOR activator 2"
"Loxl3",-0.0907440771533365,0.3242,"6","lysyl oxidase-like 3"
"Glis2",0.0907360134681565,0.2334,"16","GLIS family zinc finger 2"
"Dmd",-0.0907216964066029,0.5072,"X","dystrophin, muscular dystrophy"
"Tpgs2",0.0907086355194737,0.1392,"18","tubulin polyglutamylase complex subunit 2"
"Zfp64",0.0906899107728014,0.2744,"2","zinc finger protein 64"
"Zfp219",0.0906827170305853,0.3608,"14","zinc finger protein 219"
"Ppp1r3c",0.0906764524435024,0.4058,"19","protein phosphatase 1, regulatory subunit 3C"
"Rft1",-0.0906098978696455,0.11,"14","RFT1 homolog"
"Gpr161",-0.0906077667263592,0.5634,"1","G protein-coupled receptor 161"
"Msto1",0.090585012144468,0.2332,"3","misato 1, mitochondrial distribution and morphology regulator"
"Sox1ot",-0.0905837633324911,0.1454,"8","Sox1 overlapping transcript"
"Rhno1",0.0904565474271322,0.2012,"6","RAD9-HUS1-RAD1 interacting nuclear orphan 1"
"Rps6kb2",0.0904545376937165,0.5848,"19","ribosomal protein S6 kinase, polypeptide 2"
"Lmnb2",0.0904239474747648,0.1418,"10","lamin B2"
"Sdr39u1",0.0903628478325396,0.1782,"14","short chain dehydrogenase/reductase family 39U, member 1"
"Prrg1",-0.0903606216797921,0.5384,"X","proline rich Gla (G-carboxyglutamic acid) 1"
"Dbndd1",0.090352219825022,0.2512,"8","dysbindin (dystrobrevin binding protein 1) domain containing 1"
"Ppp1r14c",0.0903408673680905,0.1118,"10","protein phosphatase 1, regulatory inhibitor subunit 14C"
"Hagh",0.0902523382951799,0.1806,"17","hydroxyacyl glutathione hydrolase"
"Adap1",0.0902253562867479,0.229,"5","ArfGAP with dual PH domains 1"
"Magohb",0.0901915729888443,0.3696,"6","mago homolog B, exon junction complex core component"
"Catip",-0.0901561110984088,0.7088,"1","ciliogenesis associated TTC17 interacting protein"
"9830166K06Rik",0.0901560658095932,0.494,"19","RIKEN cDNA 9830166K06 gene"
"Kcnip2",0.0901465850696734,0.1966,"19","Kv channel-interacting protein 2"
"Ankrd13b",0.0901401150940853,0.3114,"11","ankyrin repeat domain 13b"
"Serpini1",-0.0901116691318355,0.5776,"3","serine (or cysteine) peptidase inhibitor, clade I, member 1"
"Brk1",0.0901095816513342,0.4852,"6","BRICK1, SCAR/WAVE actin-nucleating complex subunit"
"Rplp0",0.0900848290613112,0.5468,"5","ribosomal protein, large, P0"
"Rsbn1",-0.0900731476975341,0.6966,"3","rosbin, round spermatid basic protein 1"
"Mgst1",-0.0900591382307243,0.5428,"6","microsomal glutathione S-transferase 1"
"Pxmp4",-0.0899980761230275,0.177,"2","peroxisomal membrane protein 4"
"Rpl35a",0.0899938195781163,0.5836,"16","ribosomal protein L35A"
"Gfm2",0.0899725486391825,0.276,"13","G elongation factor, mitochondrial 2"
"Cecr2",0.0899572546348568,0.4902,"6","CECR2, histone acetyl-lysine reader"
"Pigu",0.0899050429120276,0.1852,"2","phosphatidylinositol glycan anchor biosynthesis, class U"
"Rpl24",0.0898698676087175,0.5986,"16","ribosomal protein L24"
"Rpl15",0.089835011342851,0.2976,"14","ribosomal protein L15"
"Ccdc50",0.0897987152907014,0.2836,"16","coiled-coil domain containing 50"
"Sema5b",0.0897971480666371,0.4458,"16","sema domain, seven thrombospondin repeats (type 1 and type 1-like), transmembrane domain (TM) and short cytoplasmic domain, (semaphorin) 5B"
"Rbm3",-0.0897917915786239,0.1798,"X","RNA binding motif (RNP1, RRM) protein 3"
"Rbm3",-0.0897917915786239,0.1798,"X","RNA binding motif (RNP1, RRM) protein 3"
"Borcs6",0.0897853842331928,0.346,"11","BLOC-1 related complex subunit 6"
"Fam13a",-0.0896684955483202,0.2104,"6","family with sequence similarity 13, member A"
"Csnk1g2",0.0896591107076379,0.4742,"10","casein kinase 1, gamma 2"
"Etv5",-0.0896339195451459,0.295,"16","ets variant 5"
"Fgf9",0.0896012412651865,0.2148,"14","fibroblast growth factor 9"
"Zcwpw1",0.0895800099613444,0.5096,"5","zinc finger, CW type with PWWP domain 1"
"Fam163a",-0.0895637218352965,0.2974,"1","family with sequence similarity 163, member A"
"Trappc8",-0.0895573091468309,0.5104,"18","trafficking protein particle complex 8"
"Wipf3",0.0895102561891328,0.1716,"6","WAS/WASL interacting protein family, member 3"
"Bag1",0.0895004409465017,0.5248,"4","BCL2-associated athanogene 1"
"Dtx3l",-0.0894773093054702,0.4244,"16","deltex 3-like, E3 ubiquitin ligase"
"Tprn",0.0894690913519991,0.5494,"2","taperin"
"Pcdhb10",-0.0894595987441515,0.6338,"18","protocadherin beta 10"
"Ccnt2",-0.0894584607176716,0.6278,"1","cyclin T2"
"2310057M21Rik",-0.0893359479478715,0.4078,"7","RIKEN cDNA 2310057M21 gene"
"Lias",0.0893187259244295,0.0698,"5","lipoic acid synthetase"
"A830036E02Rik",-0.0893182487508235,0.6578,"11","RIKEN cDNA A830036E02 gene"
"Gramd1a",0.0893007202523535,0.3136,"7","GRAM domain containing 1A"
"Slc1a4",-0.089288902322517,0.116,"11","solute carrier family 1 (glutamate/neutral amino acid transporter), member 4"
"Tmem151a",0.0892704214700117,0.3974,"19","transmembrane protein 151A"
"Abtb2",-0.0892213741365935,0.3932,"2","ankyrin repeat and BTB (POZ) domain containing 2"
"Kxd1",0.0891938206226834,0.2872,"8","KxDL motif containing 1"
"Rtl4",0.0891808114643282,0.4126,"X","retrotransposon Gag like 4"
"Sorcs1",-0.0891541475982538,0.3982,"19","sortilin-related VPS10 domain containing receptor 1"
"Gm9776",-0.0891186818908167,0.4016,"13","predicted gene 9776"
"Akap13",-0.0891054788073644,0.6288,"7","A kinase (PRKA) anchor protein 13"
"Cox6b2",-0.0890841220720002,0.7384,"7","cytochrome c oxidase subunit 6B2"
"Flt3",-0.0890211110986177,0.4906,"5","FMS-like tyrosine kinase 3"
"Nfatc3",0.088976783765697,0.2902,"8","nuclear factor of activated T cells, cytoplasmic, calcineurin dependent 3"
"Sf3b5",0.0889648973923878,0.5562,"10","splicing factor 3b, subunit 5"
"L1cam",-0.0889314363590064,0.2082,"X","L1 cell adhesion molecule"
"Myl6",0.0888902225477155,0.4082,"10","myosin, light polypeptide 6, alkali, smooth muscle and non-muscle"
"Grk4",0.0888716477541533,0.5206,"5","G protein-coupled receptor kinase 4"
"Dcaf13",0.0888598503998841,0.1526,"15","DDB1 and CUL4 associated factor 13"
"Ccl27a",0.0888547804671695,0.323,"4","chemokine (C-C motif) ligand 27A"
"Ccl27a",0.0888547804671695,0.323,"4","chemokine (C-C motif) ligand 27A"
"Ccl27a",0.0888547804671695,0.323,"4","chemokine (C-C motif) ligand 27A"
"Spats2l",-0.0888496222557613,0.199,"1","spermatogenesis associated, serine-rich 2-like"
"Hspa5",-0.0886524234397168,0.505,"2","heat shock protein 5"
"Tceal9",-0.0886400419643527,0.355,"X","transcription elongation factor A like 9"
"Tjp2",-0.0885969837031517,0.3106,"19","tight junction protein 2"
"Coro1a",0.0884774508275692,0.406,"7","coronin, actin binding protein 1A"
"Gm15612",0.088465630921359,0.624,"6","predicted gene 15612"
"Ank1",-0.088421961007942,0.4182,"8","ankyrin 1, erythroid"
"Lpcat3",0.0884169702510738,0.0562,"6","lysophosphatidylcholine acyltransferase 3"
"Cd151",-0.0883657310262702,0.377,"7","CD151 antigen"
"Lrfn3",0.0883463804919202,0.1342,"7","leucine rich repeat and fibronectin type III domain containing 3"
"Tm9sf1",0.0883393549018168,0.0874,"14","transmembrane 9 superfamily member 1"
"Lipo3",-0.0882754248922857,0.3832,"19","lipase, member O3"
"Tdrd7",-0.0882321012069616,0.1194,"4","tudor domain containing 7"
"Mad2l2",0.0881996566936953,0.2672,"4","MAD2 mitotic arrest deficient-like 2"
"Pdap1",0.0881858523820664,0.2764,"5","PDGFA associated protein 1"
"Mpc2",0.0881687500788955,0.343,"1","mitochondrial pyruvate carrier 2"
"Lnx1",0.0881682902577925,0.1544,"5","ligand of numb-protein X 1"
"Bag3",-0.0881175374303891,0.3424,"7","BCL2-associated athanogene 3"
"Tenm1",-0.0880971153854375,0.8272,"X","teneurin transmembrane protein 1"
"Myo6",-0.0880874213941878,0.2436,"9","myosin VI"
"Dlx1as",0.0880423340318814,0.2136,"2","distal-less homeobox 1, antisense"
"Bbx",-0.088036925774297,0.504,"16","bobby sox HMG box containing"
"Pusl1",0.0880045638076772,0.2836,"4","pseudouridylate synthase-like 1"
"Neurl1b",0.0880031561431016,0.3168,"17","neuralized E3 ubiquitin protein ligase 1B"
"Naa38",0.0879360891733256,0.55,"11","N(alpha)-acetyltransferase 38, NatC auxiliary subunit"
"Ppfia3",0.0878803660075764,0.342,"7","protein tyrosine phosphatase, receptor type, f polypeptide (PTPRF), interacting protein (liprin), alpha 3"
"Rpp25l",0.0878796971484563,0.546,"4","ribonuclease P/MRP 25 subunit-like"
"Psmd6",0.0878594109759758,0.0484,"14","proteasome (prosome, macropain) 26S subunit, non-ATPase, 6"
"Nemp2",0.0878132411833596,0.4926,"1","nuclear envelope integral membrane protein 2"
"Jrk",0.0877933874674022,0.4442,"15","jerky"
"Nme3",0.087745792450737,0.466,"17","NME/NM23 nucleoside diphosphate kinase 3"
"Pycr2",0.0877398986505433,0.3082,"1","pyrroline-5-carboxylate reductase family, member 2"
"Col11a1",0.0876509292636563,0.7138,"3","collagen, type XI, alpha 1"
"P2ry13",-0.0876508675661378,0.8232,"3","purinergic receptor P2Y, G-protein coupled 13"
"Ndufc1",0.0876096126540187,0.6064,"3","NADH:ubiquinone oxidoreductase subunit C1"
"Fem1c",-0.0874750114305916,0.6584,"18","fem 1 homolog c"
"Man2a1",-0.0874720195199656,0.5212,"17","mannosidase 2, alpha 1"
"Zfp637",0.0874481624540682,0.411,"6","zinc finger protein 637"
"Rbx1",0.0873653613606935,0.3212,"15","ring-box 1"
"Uxt",-0.0873230722186273,0.546,"X","ubiquitously expressed prefoldin like chaperone"
"Polr2h",0.0872806748786115,0.4314,"16","polymerase (RNA) II (DNA directed) polypeptide H"
"Slc46a3",-0.0872346692016963,0.238,"5","solute carrier family 46, member 3"
"Ptcd2",0.0872342951759828,0.1786,"13","pentatricopeptide repeat domain 2"
"Gcdh",0.0872300108987156,0.143,"8","glutaryl-Coenzyme A dehydrogenase"
"Mpst",0.0872283332620079,0.4858,"15","mercaptopyruvate sulfurtransferase"
"Cd274",-0.0872094638710113,0.4998,"19","CD274 antigen"
"Mob1b",-0.0872009773628339,0.6834,"5","MOB kinase activator 1B"
"Gpnmb",-0.0871895109009433,0.4986,"6","glycoprotein (transmembrane) nmb"
"Necab2",0.0871869041583375,0.4942,"8","N-terminal EF-hand calcium binding protein 2"
"Alox8",0.0871155678694189,0.4606,"11","arachidonate 8-lipoxygenase"
"Shroom3",-0.0871070721372533,0.568,"5","shroom family member 3"
"Timp2",-0.0870494409791114,0.229,"11","tissue inhibitor of metalloproteinase 2"
"Pald1",0.087036496936443,0.4034,"10","phosphatase domain containing, paladin 1"
"Bex4",0.0870316837300864,0.3728,"X","brain expressed X-linked 4"
"Vps13a",-0.0870208864531232,0.6016,"19","vacuolar protein sorting 13A"
"Pus3",0.0870088436766734,0.2208,"9","pseudouridine synthase 3"
"Myo19",0.0870077537771738,0.5992,"11","myosin XIX"
"Minar2",-0.0870033122723726,0.273,"18","membrane integral NOTCH2 associated receptor 2"
"Snupn",0.0869685488756313,0.0784,"9","snurportin 1"
"Afg3l1",0.0869359037365864,0.1484,"8","AFG3-like AAA ATPase 1"
"Ptpn1",0.0869028931380535,0.229,"2","protein tyrosine phosphatase, non-receptor type 1"
"Vav3",0.0868057867547583,0.261,"3","vav 3 oncogene"
"Rps27a",0.0867665949858001,0.6078,"11","ribosomal protein S27A"
"Notch4",-0.0867555301807155,0.3988,"17","notch 4"
"Cfdp1",0.0867448894645149,0.4034,"8","craniofacial development protein 1"
"Idh2",0.0866799043146562,0.2226,"7","isocitrate dehydrogenase 2 (NADP+), mitochondrial"
"Tagln2",-0.0866751185688228,0.4108,"1","transgelin 2"
"Ppp2r3d",0.0866606420922262,0.3216,"9","protein phosphatase 2 (formerly 2A), regulatory subunit B'', delta"
"Tbc1d9b",0.0866382479859222,0.403,"11","TBC1 domain family, member 9B"
"Tmem132d",-0.0866218312740905,0.74,"5","transmembrane protein 132D"
"Atf3",0.0865921902608771,0.6978,"1","activating transcription factor 3"
"Vps37b",0.0865440686744527,0.1968,"5","vacuolar protein sorting 37B"
"Pop5",0.0865377527431805,0.5262,"5","processing of precursor 5, ribonuclease P/MRP family (S. cerevisiae)"
"Apln",-0.0865231614018853,0.4038,"X","apelin"
"Prep",-0.0865119224409021,0.2928,"10","prolyl endopeptidase"
"Ddx19a",-0.0863977830394687,0.0442,"8","DEAD box helicase 19a"
"Rprd1a",0.0863155151263237,0.4678,"18","regulation of nuclear pre-mRNA domain containing 1A"
"Lrp1b",-0.086242884543096,0.7576,"2","low density lipoprotein-related protein 1B"
"Arsk",0.0861801903127928,0.3134,"13","arylsulfatase K"
"Rapgef5",0.0861278672943895,0.3634,"12","Rap guanine nucleotide exchange factor (GEF) 5"
"Drc1",-0.086056791022004,0.2138,"5","dynein regulatory complex subunit 1"
"Marchf9",0.0860375373617002,0.5014,"10","membrane associated ring-CH-type finger 9"
"Lama2",-0.0860148350087693,0.3804,"10","laminin, alpha 2"
"Fras1",-0.0860089284802199,0.6282,"5","Fraser extracellular matrix complex subunit 1"
"Phb2",0.0859773817792258,0.3796,"6","prohibitin 2"
"Rph3a",0.0859588967459164,0.3202,"5","rabphilin 3A"
"Tedc2",0.0859581043649458,0.2974,"17","tubulin epsilon and delta complex 2"
"Rasd1",0.0858347081944579,0.2472,"11","RAS, dexamethasone-induced 1"
"Fgd3",-0.0858204017323896,0.4838,"13","FYVE, RhoGEF and PH domain containing 3"
"Rdx",-0.0857697055053457,0.2644,"9","radixin"
"Meis3",0.0857690318205364,0.3822,"7","Meis homeobox 3"
"Camk2n1",0.0857593899149158,0.4722,"4","calcium/calmodulin-dependent protein kinase II inhibitor 1"
"Fkbp14",0.0857416917934475,0.2544,"6","FK506 binding protein 14"
"Tuba8",-0.085708494385309,0.4726,"6","tubulin, alpha 8"
"Snf8",0.085625899478786,0.5782,"11","SNF8, ESCRT-II complex subunit, homolog (S. cerevisiae)"
"Pole3",0.0856041610337583,0.1204,"4","polymerase (DNA directed), epsilon 3 (p17 subunit)"
"Mtln",0.0855819648298768,0.2842,"2","mitoregulin"
"Stimate",0.0855698544311521,0.2506,"14","STIM activating enhancer"
"Tesk1",0.0855274247104463,0.3842,"4","testis specific protein kinase 1"
"Nupl2",0.085524984503448,0.2936,"5","nucleoporin like 2"
"Zfp687",0.0854906944805558,0.1722,"3","zinc finger protein 687"
"Camk1g",-0.0854661221330968,0.3558,"1","calcium/calmodulin-dependent protein kinase I gamma"
"Pwp2",0.0854166117015804,0.1038,"10","PWP2 periodic tryptophan protein homolog (yeast)"
"Fbxo2",0.085340115509962,0.5464,"4","F-box protein 2"
"Sec22a",-0.0853236801818857,0.1532,"16","SEC22 homolog A, vesicle trafficking protein"
"Gmeb1",0.0853236767008205,0.235,"4","glucocorticoid modulatory element binding protein 1"
"Six5",-0.0852582941380253,0.6418,"7","sine oculis-related homeobox 5"
"Lrp3",0.0852540902270373,0.0564,"7","low density lipoprotein receptor-related protein 3"
"Trib2",0.0852504655351609,0.2206,"12","tribbles pseudokinase 2"
"Snhg4",-0.0852323757646638,0.3144,"18","small nucleolar RNA host gene 4"
"Bcl2",-0.085227533503605,0.2274,"1","B cell leukemia/lymphoma 2"
"Pgghg",-0.0852248814905869,0.3632,"7","protein glucosylgalactosylhydroxylysine glucosidase"
"Aga",-0.0852101979425168,0.4802,"8","aspartylglucosaminidase"
"Gpc4",-0.0851485790058302,0.3106,"X","glypican 4"
"Mpzl1",0.085113645285297,0.2252,"1","myelin protein zero-like 1"
"Tbc1d19",0.085070506303504,0.111,"5","TBC1 domain family, member 19"
"Nipal4",-0.0850482810959949,0.5546,"11","NIPA-like domain containing 4"
"Prmt1",0.0850307839542896,0.4108,"7","protein arginine N-methyltransferase 1"
"Mmgt2",-0.0849430459787914,0.3748,"11","membrane magnesium transporter 2"
"Lin52",0.0849429833207731,0.2764,"12","lin-52 DREAM MuvB core complex component"
"Zfp711",-0.0849313899359219,0.5684,"X","zinc finger protein 711"
"Epb41l4a",0.0849021103786791,0.41,"18","erythrocyte membrane protein band 4.1 like 4a"
"Tmem200c",-0.0848908833533066,0.381,"17","transmembrane protein 200C"
"Unc5b",-0.0848883049901517,0.515,"10","unc-5 netrin receptor B"
"Nipa2",-0.0848574360956116,0.5514,"7","non imprinted in Prader-Willi/Angelman syndrome 2 homolog (human)"
"Ermard",-0.0848420501641471,0.4636,"17","ER membrane associated RNA degradation"
"Tmem123",-0.0848151039353664,0.4936,"9","transmembrane protein 123"
"Mrpl21",0.0848111816099912,0.4728,"19","mitochondrial ribosomal protein L21"
"Penk",-0.084762734825957,0.5208,"4","preproenkephalin"
"Tgfb2",-0.0847452661589045,0.3156,"1","transforming growth factor, beta 2"
"Dgat1",0.0847441625944922,0.4044,"15","diacylglycerol O-acyltransferase 1"
"H2-K2",-0.0847388391767847,0.6252,"17","histocompatibility 2, K region locus 2"
"Mipep",0.084733014943799,0.1504,"14","mitochondrial intermediate peptidase"
"Crim1",-0.0847302623239621,0.4292,"17","cysteine rich transmembrane BMP regulator 1 (chordin like)"
"Hexim2",-0.0847014404136655,0.317,"11","hexamethylene bis-acetamide inducible 2"
"Incenp",0.0846727137436325,0.148,"19","inner centromere protein"
"Nipsnap1",0.0846648753775483,0.2636,"11","nipsnap homolog 1"
"Akain1",0.0846256674097998,0.37,"17","A kinase (PRKA) anchor inhibitor 1"
"Adarb1",0.0845387087589025,0.118,"10","adenosine deaminase, RNA-specific, B1"
"Dock7",-0.0845133857454083,0.3952,"4","dedicator of cytokinesis 7"
"Slc6a8",0.0844937240154833,0.1264,"X","solute carrier family 6 (neurotransmitter transporter, creatine), member 8"
"Tgfbr1",-0.0844299574613507,0.6418,"4","transforming growth factor, beta receptor I"
"Selenoh",-0.0843956058825812,0.4736,"2","selenoprotein H"
"Mgat4b",0.0843935633805701,0.3592,"11","mannoside acetylglucosaminyltransferase 4, isoenzyme B"
"Sumo1",0.084381154620349,0.1192,"1","small ubiquitin-like modifier 1"
"Vash1",0.0843438546506778,0.2616,"12","vasohibin 1"
"Aprt",0.0843361902664812,0.5144,"8","adenine phosphoribosyl transferase"
"Pim2",0.084315542043357,0.0864,"X","proviral integration site 2"
"Myh6",-0.0842774246115456,0.7018,"14","myosin, heavy polypeptide 6, cardiac muscle, alpha"
"Cspg4",-0.0841837562393426,0.551,"9","chondroitin sulfate proteoglycan 4"
"Klhl36",-0.0841796872703306,0.359,"8","kelch-like 36"
"Arhgef15",-0.0841714616670428,0.3748,"11","Rho guanine nucleotide exchange factor (GEF) 15"
"Fam43b",0.0841699985181021,0.372,"4","family with sequence similarity 43, member B"
"Zfpl1",0.084124697153003,0.2932,"19","zinc finger like protein 1"
"Prxl2a",0.0841059717526571,0.3942,"14","peroxiredoxin like 2A"
"Zc3h12b",-0.0840871675588284,0.7166,"X","zinc finger CCCH-type containing 12B"
"Rcan2",0.0840829909541929,0.3248,"17","regulator of calcineurin 2"
"Zfp128",0.084079935555665,0.2814,"7","zinc finger protein 128"
"Flnb",-0.0840159878983346,0.5966,"14","filamin, beta"
"Id1",-0.0840008283317131,0.5784,"2","inhibitor of DNA binding 1, HLH protein"
"Galnt3",0.0839997195189839,0.6288,"2","polypeptide N-acetylgalactosaminyltransferase 3"
"Tm7sf2",0.0839358594162407,0.4724,"19","transmembrane 7 superfamily member 2"
"Pard6b",0.0839269758784238,0.224,"2","par-6 family cell polarity regulator beta"
"Gstm7",0.0839199994651034,0.4938,"3","glutathione S-transferase, mu 7"
"Exosc8",0.0839086780555416,0.3312,"3","exosome component 8"
"Rpl18a",0.0838975893951748,0.6752,"8","ribosomal protein L18A"
"Ly6h",0.0838906982504479,0.4968,"15","lymphocyte antigen 6 complex, locus H"
"Btbd3",0.0838894151913649,0.1002,"2","BTB (POZ) domain containing 3"
"Tyw5",0.0838837519548918,0.2724,"1","tRNA-yW synthesizing protein 5"
"Tlr3",-0.0838713914925973,0.4616,"8","toll-like receptor 3"
"Mcur1",0.0838212799418674,0.0722,"13","mitochondrial calcium uniporter regulator 1"
"2610044O15Rik8",-0.0837183686344751,0.165,"8","RIKEN cDNA 2610044O15 gene"
"Cebpd",0.0837150137624549,0.405,"16","CCAAT/enhancer binding protein (C/EBP), delta"
"Ptchd4",0.083708141184089,0.4722,"17","patched domain containing 4"
"Fam98c",0.0836526677499241,0.3404,"7","family with sequence similarity 98, member C"
"Itprid2",-0.0836235764275477,0.1526,"2","ITPR interacting domain containing 2"
"Arhgef4",0.0836115072263315,0.3276,"1","Rho guanine nucleotide exchange factor (GEF) 4"
"Lig1",-0.0835864426815198,0.3462,"7","ligase I, DNA, ATP-dependent"
"Mrps15",0.0835555812532034,0.5188,"4","mitochondrial ribosomal protein S15"
"Gdpgp1",-0.0835531456146801,0.4156,"7","GDP-D-glucose phosphorylase 1"
"Il1r1",0.0835079633427043,0.5216,"1","interleukin 1 receptor, type I"
"Atf4",-0.0834936923014125,0.4688,"15","activating transcription factor 4"
"Trpt1",0.083468772875233,0.4216,"19","tRNA phosphotransferase 1"
"D630023F18Rik",-0.0834648069161648,0.4632,"1","RIKEN cDNA D630023F18 gene"
"Edf1",0.083434314067345,0.6076,"2","endothelial differentiation-related factor 1"
"Resf1",-0.0834306747261659,0.2498,"6","retroelement silencing factor 1"
"Rps21",0.0834087474430891,0.6326,"2","ribosomal protein S21"
"Pcdhb14",-0.0833439406093275,0.5964,"18","protocadherin beta 14"
"Gpr17",-0.0832999682632476,0.5282,"18","G protein-coupled receptor 17"
"Cntfr",0.083238114123688,0.394,"4","ciliary neurotrophic factor receptor"
"Prkacb",-0.0832033766872087,0.347,"3","protein kinase, cAMP dependent, catalytic, beta"
"Lcor",0.0831422408218283,0.5714,"19","ligand dependent nuclear receptor corepressor"
"Neil1",0.0830865232580424,0.5922,"9","nei endonuclease VIII-like 1 (E. coli)"
"Slc46a1",0.083037995014239,0.437,"11","solute carrier family 46, member 1"
"Epm2a",0.0830241180652775,0.5998,"10","epilepsy, progressive myoclonic epilepsy, type 2 gene alpha"
"Mrpl52",0.0830118387376046,0.6358,"14","mitochondrial ribosomal protein L52"
"Man2b2",-0.0829883686364274,0.0796,"5","mannosidase 2, alpha B2"
"Myo5b",-0.0829878622120113,0.3572,"18","myosin VB"
"Zfp958",0.0829861323874148,0.2582,"8","zinc finger protein 958"
"Tor1b",0.0829746204210133,0.2632,"2","torsin family 1, member B"
"Ddn",0.0829552825620734,0.4798,"15","dendrin"
"Zpr1",0.0829014283252025,0.2422,"9","ZPR1 zinc finger"
"Vmn2r29",0.0828961205911423,0.3144,"7","vomeronasal 2, receptor 29"
"Selenop",0.0828560923341692,0.3406,"15","selenoprotein P"
"Atm",-0.0828362584374052,0.5558,"9","ataxia telangiectasia mutated"
"Git1",0.0828055777064129,0.558,"11","GIT ArfGAP 1"
"Cdkal1",0.0827601574587105,0.0796,"13","CDK5 regulatory subunit associated protein 1-like 1"
"Hmgn5",0.082717163571334,0.3162,"X","high-mobility group nucleosome binding domain 5"
"Rin1",0.0826358505038787,0.262,"19","Ras and Rab interactor 1"
"Dok6",0.0826192265301593,0.2508,"18","docking protein 6"
"Pgm1",0.0825917577639759,0.1024,"4","phosphoglucomutase 1"
"Stmn2",0.0825893381136975,0.2784,"3","stathmin-like 2"
"Sox5",-0.0825696705220804,0.2526,"6","SRY (sex determining region Y)-box 5"
"Atxn7l2",0.0825542390118601,0.533,"3","ataxin 7-like 2"
"Map3k10",0.0825040675568012,0.3702,"7","mitogen-activated protein kinase kinase kinase 10"
"Stxbp6",-0.0825025912749293,0.5012,"12","syntaxin binding protein 6 (amisyn)"
"A830082K12Rik",-0.0824773347438543,0.3686,"13","RIKEN cDNA A830082K12 gene"
"Irf1",-0.082459203173249,0.2112,"11","interferon regulatory factor 1"
"Dock10",-0.0824315944765628,0.6478,"1","dedicator of cytokinesis 10"
"Gm42517",0.0824092268832155,0.177,"5","predicted gene 42517"
"Zfp865",0.0823800583186047,0.151,"7","zinc finger protein 865"
"Noc4l",0.0823671734428011,0.2044,"5","NOC4 like"
"Vip",-0.0823347961472982,0.6192,"10","vasoactive intestinal polypeptide"
"Sema3c",0.0823335100898159,0.5132,"5","sema domain, immunoglobulin domain (Ig), short basic domain, secreted, (semaphorin) 3C"
"Nr2f6",0.0822997793463376,0.4906,"8","nuclear receptor subfamily 2, group F, member 6"
"Ppl",0.0822681616389591,0.6008,"16","periplakin"
"Dhrs11",0.082258899638187,0.587,"11","dehydrogenase/reductase (SDR family) member 11"
"Dip2a",-0.0822535513502594,0.5072,"10","disco interacting protein 2 homolog A"
"Tomm40l",0.0822410935862568,0.4938,"1","translocase of outer mitochondrial membrane 40-like"
"Fggy",0.0822333450778325,0.2808,"4","FGGY carbohydrate kinase domain containing"
"2510039O18Rik",0.0821376459286967,0.2202,"4","RIKEN cDNA 2510039O18 gene"
"Irf9",-0.0821000575995434,0.4984,"14","interferon regulatory factor 9"
"Irs2",-0.0820602740061114,0.3642,"8","insulin receptor substrate 2"
"Gm14169",0.0820445807336427,0.4854,"2","predicted gene 14169"
"Usp34",-0.0820361011037836,0.6652,"11","ubiquitin specific peptidase 34"
"Psmb5",0.0820100027240702,0.4332,"14","proteasome (prosome, macropain) subunit, beta type 5"
"Erbin",-0.0820043419811558,0.4338,"13","Erbb2 interacting protein"
"Malat1",0.0819573194776044,0.7276,"19","metastasis associated lung adenocarcinoma transcript 1 (non-coding RNA)"
"Fam122b",-0.0818963793671523,0.3432,"X","family with sequence similarity 122, member B"
"Ttc37",0.0818802051166601,0.6362,"13","tetratricopeptide repeat domain 37"
"1700008O03Rik",0.0818284006740297,0.693,"7","RIKEN cDNA 1700008O03 gene"
"Dync1li1",-0.0818138097305043,0.4886,"9","dynein cytoplasmic 1 light intermediate chain 1"
"Atf1",0.0817985979047813,0.1202,"15","activating transcription factor 1"
"Bloc1s4",0.0817567710350935,0.2868,"5","biogenesis of lysosomal organelles complex-1, subunit 4, cappuccino"
"Cyc1",0.0817561772881339,0.3512,"15","cytochrome c-1"
"Chsy3",-0.0816852184858106,0.4322,"18","chondroitin sulfate synthase 3"
"Sh2d3c",0.0816735950437564,0.2712,"2","SH2 domain containing 3C"
"2410002F23Rik",0.0816685847175824,0.1878,"7","RIKEN cDNA 2410002F23 gene"
"Cdon",-0.0816631304576312,0.3738,"9","cell adhesion molecule-related/down-regulated by oncogenes"
"Zfp617",0.0816609687934844,0.1142,"8","zinc finger protein 617"
"Slit3",-0.0816579640070412,0.679,"11","slit guidance ligand 3"
"Pcsk5",-0.0816523660629369,0.4494,"19","proprotein convertase subtilisin/kexin type 5"
"Cpm",0.0816279657529932,0.5916,"10","carboxypeptidase M"
"Plekhh1",-0.0815953765481874,0.609,"12","pleckstrin homology domain containing, family H (with MyTH4 domain) member 1"
"Gng7",0.0815558754651331,0.5504,"10","guanine nucleotide binding protein (G protein), gamma 7"
"Mrpl24",0.0815455793272823,0.3538,"3","mitochondrial ribosomal protein L24"
"Rpl10",0.0815373120463061,0.5964,"X","ribosomal protein L10"
"Btbd11",-0.0814690420225577,0.5442,"10","BTB (POZ) domain containing 11"
"Phactr4",0.0814434230509473,0.4046,"4","phosphatase and actin regulator 4"
"Asphd2",0.0814311971090689,0.5206,"5","aspartate beta-hydroxylase domain containing 2"
"Sorcs2",0.0814204440988293,0.2952,"5","sortilin-related VPS10 domain containing receptor 2"
"Ppp2r5c",0.0814031916828872,0.0926,"12","protein phosphatase 2, regulatory subunit B', gamma"
"Gss",0.0813820381641683,0.1688,"2","glutathione synthetase"
"Lmbr1l",-0.0813700087251861,0.6108,"15","limb region 1 like"
"Nrg2",0.0813580838192003,0.4242,"18","neuregulin 2"
"Kcnj11",0.081305036990944,0.2128,"7","potassium inwardly rectifying channel, subfamily J, member 11"
"Psmb4",0.0812971560312548,0.4988,"3","proteasome (prosome, macropain) subunit, beta type 4"
"Dusp14",0.0812721072500899,0.3848,"11","dual specificity phosphatase 14"
"Sirt1",0.0812701563880243,0.3788,"10","sirtuin 1"
"Prdx5",0.0812669236620041,0.4834,"19","peroxiredoxin 5"
"Id2",0.0812463911152062,0.3588,"12","inhibitor of DNA binding 2"
"Pi4k2a",0.0811627636378729,0.172,"19","phosphatidylinositol 4-kinase type 2 alpha"
"Cipc",0.0811600048446195,0.0754,"12","CLOCK interacting protein, circadian"
"Pax6",-0.0811495881788233,0.3176,"2","paired box 6"
"Cop1",0.0811494569919802,0.0272,"1","COP1, E3 ubiquitin ligase"
"Pcdh1",-0.0811007410420412,0.7494,"18","protocadherin 1"
"Fbxl15",0.0810638110322985,0.507,"19","F-box and leucine-rich repeat protein 15"
"Arhgef25",0.0810305852105415,0.304,"10","Rho guanine nucleotide exchange factor (GEF) 25"
"Hic2",0.0809755170942394,0.2826,"16","hypermethylated in cancer 2"
"Car10",-0.0809739035584567,0.2524,"11","carbonic anhydrase 10"
"Paxx",0.0809639585676827,0.5438,"2","non-homologous end joining factor"
"Ttl",0.0809488829755241,0.0958,"2","tubulin tyrosine ligase"
"Rpl23a",0.0809177964744459,0.6094,"11","ribosomal protein L23A"
"Rpl23a",0.0809177964744459,0.6094,"11","ribosomal protein L23A"
"Trmt6",0.0809167252262384,0.2806,"2","tRNA methyltransferase 6"
"Dnajc19",0.0808896133735795,0.2954,"3","DnaJ heat shock protein family (Hsp40) member C19"
"Prr7",0.0808735542215215,0.5222,"13","proline rich 7 (synaptic)"
"Acvr1",-0.0808676167704725,0.3876,"2","activin A receptor, type 1"
"Osbpl1a",-0.0808565072388951,0.2606,"18","oxysterol binding protein-like 1A"
"Mgll",0.080851987327085,0.3712,"6","monoglyceride lipase"
"Timm13",0.0808248100618387,0.6622,"10","translocase of inner mitochondrial membrane 13"
"Mcm9",0.0808244060332903,0.2256,"10","minichromosome maintenance 9 homologous recombination repair factor"
"Per1",-0.0808124543625679,0.403,"11","period circadian clock 1"
"Rogdi",0.0808102903392793,0.3216,"16","rogdi homolog"
"Mcrip1",0.0807962147346908,0.4576,"11","MAPK regulated corepressor interacting protein 1"
"Olig2",-0.0807796311278501,0.5612,"16","oligodendrocyte transcription factor 2"
"Banf1",0.0807598565947352,0.5906,"19","BAF nuclear assembly factor 1"
"Lingo2",-0.0807450668388654,0.5294,"4","leucine rich repeat and Ig domain containing 2"
"Jade1",-0.0807374060818757,0.2624,"3","jade family PHD finger 1"
"Neo1",-0.0807270425776663,0.2928,"9","neogenin"
"Reep1",0.0807054363969071,0.1128,"6","receptor accessory protein 1"
"S100a10",-0.0806816708430675,0.6278,"3","S100 calcium binding protein A10 (calpactin)"
"Ndufs8",0.0806660011644027,0.5562,"19","NADH:ubiquinone oxidoreductase core subunit S8"
"Tmem107",-0.0806284859098354,0.4178,"11","transmembrane protein 107"
"Gm867",0.0806215150347127,0.7758,"10","predicted gene 867"
"Fars2",0.0806012594583105,0.4006,"13","phenylalanine-tRNA synthetase 2 (mitochondrial)"
"Iqgap2",-0.0805894388711703,0.6266,"13","IQ motif containing GTPase activating protein 2"
"Srsf9",0.0805669622614849,0.358,"5","serine and arginine-rich splicing factor 9"
"Zfp51",-0.0805620966881933,0.4324,"17","zinc finger protein 51"
"Rybp",-0.0805336940120318,0.6294,"6","RING1 and YY1 binding protein"
"Rybp",-0.0805336940120318,0.6294,"6","RING1 and YY1 binding protein"
"Degs2",0.0804890205627469,0.6502,"12","delta(4)-desaturase, sphingolipid 2"
"Cpsf4",0.0804467108535789,0.4532,"5","cleavage and polyadenylation specific factor 4"
"Rpl38",0.0804446628849682,0.684,"11","ribosomal protein L38"
"Crtac1",-0.0804382744972942,0.2986,"19","cartilage acidic protein 1"
"Mvb12a",0.0803950621972089,0.5152,"8","multivesicular body subunit 12A"
"Ak3",0.0803809013762606,0.2012,"19","adenylate kinase 3"
"Rint1",0.0803804067258,0.089,"5","RAD50 interactor 1"
"Chchd1",0.0803761303507073,0.5348,"14","coiled-coil-helix-coiled-coil-helix domain containing 1"
"Rbm14",-0.0803616559324789,0.137,"19","RNA binding motif protein 14"
"Bcan",0.0803442874288223,0.404,"3","brevican"
"Tacc3",0.0803427828731293,0.4408,"5","transforming, acidic coiled-coil containing protein 3"
"Sgsh",-0.0803381889063521,0.4318,"11","N-sulfoglucosamine sulfohydrolase (sulfamidase)"
"Parp1",0.0803366930400875,0.1322,"1","poly (ADP-ribose) polymerase family, member 1"
"Rcc1l",0.0803359471698721,0.5144,"5","reculator of chromosome condensation 1 like"
"Lima1",-0.0803257551346244,0.4528,"15","LIM domain and actin binding 1"
"Ephx1",-0.0802694980033225,0.3316,"1","epoxide hydrolase 1, microsomal"
"Mcph1",0.0802614896996552,0.2742,"8","microcephaly, primary autosomal recessive 1"
"Fhdc1",-0.0802604248260992,0.4602,"3","FH2 domain containing 1"
"Sertad2",0.0802518689648233,0.0728,"11","SERTA domain containing 2"
"Abhd17a",0.0802407204425206,0.564,"10","abhydrolase domain containing 17A"
"Arhgap15",0.0802314323926483,0.329,"2","Rho GTPase activating protein 15"
"Bend5",0.0802144375788245,0.372,"4","BEN domain containing 5"
"Septin3",0.0801994198212963,0.0684,"15","septin 3"
"Hecw1",-0.0801850712381036,0.5426,"13","HECT, C2 and WW domain containing E3 ubiquitin protein ligase 1"
"Matn4",-0.080168093728199,0.4444,"2","matrilin 4"
"Ahcyl2",0.0801572894983682,0.1326,"6","S-adenosylhomocysteine hydrolase-like 2"
"Exosc2",0.080149716451571,0.2026,"2","exosome component 2"
"Psenen",0.0801442556870233,0.5934,"7","presenilin enhancer gamma secretase subunit"
"Kdm4b",0.0801304933481983,0.225,"17","lysine (K)-specific demethylase 4B"
"Fbxo41",0.0801164479359144,0.1004,"6","F-box protein 41"
"Shc4",-0.0801160682280977,0.533,"2","SHC (Src homology 2 domain containing) family, member 4"
"Naaa",0.0801035988240244,0.3106,"5","N-acylethanolamine acid amidase"
"Traf3ip2",-0.0800965923259049,0.5008,"10","TRAF3 interacting protein 2"
"Itpripl2",-0.0800788110901451,0.4914,"7","inositol 1,4,5-triphosphate receptor interacting protein-like 2"
"Rfwd3",0.0800752332656653,0.1606,"8","ring finger and WD repeat domain 3"
"Mlx",0.0800689319908781,0.1924,"11","MAX-like protein X"
"Gab1",-0.0800643322570016,0.4568,"8","growth factor receptor bound protein 2-associated protein 1"
"Opcml",-0.080063165552998,0.53,"9","opioid binding protein/cell adhesion molecule-like"
"Dalrd3",0.0800291086494163,0.2642,"9","DALR anticodon binding domain containing 3"
"Slx4ip",0.0800047957601895,0.44,"2","SLX4 interacting protein"
"Gxylt1",-0.0800025940775866,0.5302,"15","glucoside xylosyltransferase 1"
"Ppp1r3d",0.0800001344856458,0.3676,"2","protein phosphatase 1, regulatory subunit 3D"
"Lysmd4",0.0799751794586365,0.1652,"7","LysM, putative peptidoglycan-binding, domain containing 4"
"Arhgap33",0.0799625272170141,0.449,"7","Rho GTPase activating protein 33"
"Cars2",0.0799158893678671,0.3166,"8","cysteinyl-tRNA synthetase 2 (mitochondrial)(putative)"
"Fau",0.0799137326222201,0.6572,"19","Finkel-Biskis-Reilly murine sarcoma virus (FBR-MuSV) ubiquitously expressed (fox derived)"
"Armc2",0.0799089510057511,0.481,"10","armadillo repeat containing 2"
"Map3k9",0.0798952139624935,0.4864,"12","mitogen-activated protein kinase kinase kinase 9"
"Sycp3",0.0798606072085368,0.4714,"10","synaptonemal complex protein 3"
"Gm9899",0.0798581020560953,0.5006,"5","predicted gene 9899"
"Fancc",0.079832920000074,0.3824,"13","Fanconi anemia, complementation group C"
"Cdk2ap1",-0.0798177254421097,0.4608,"5","CDK2 (cyclin-dependent kinase 2)-associated protein 1"
"Nol12",0.0797479285230862,0.6258,"15","nucleolar protein 12"
"Rnf31",0.0797061930505132,0.3226,"14","ring finger protein 31"
"Gal3st1",0.0796594531412858,0.6248,"11","galactose-3-O-sulfotransferase 1"
"Arl5b",-0.0796504881663775,0.4168,"2","ADP-ribosylation factor-like 5B"
"Cetn2",0.0796272670156881,0.259,"X","centrin 2"
"Kcne1l",0.0795923846119844,0.6242,"X","potassium voltage-gated channel, Isk-related family, member 1-like, pseudogene"
"Jagn1",0.0795667732650651,0.2422,"6","jagunal homolog 1"
"Abt1",0.079545211808715,0.3464,"13","activator of basal transcription 1"
"Fbxo44",0.0795448159136454,0.3114,"4","F-box protein 44"
"Golim4",-0.0795388863210977,0.353,"3","golgi integral membrane protein 4"
"Nmral1",0.0795236323205977,0.5128,"16","NmrA-like family domain containing 1"
"Cpd",-0.0794949160214271,0.2674,"11","carboxypeptidase D"
"Rfxank",0.0794773191190372,0.1976,"8","regulatory factor X-associated ankyrin-containing protein"
"Prkra",0.0794747469188559,0.297,"2","protein kinase, interferon inducible double stranded RNA dependent activator"
"Ap5s1",0.0794720108490803,0.419,"2","adaptor-related protein 5 complex, sigma 1 subunit"
"Mfhas1",0.0794695386945063,0.2358,"8","malignant fibrous histiocytoma amplified sequence 1"
"Nod1",-0.079468818349592,0.5638,"6","nucleotide-binding oligomerization domain containing 1"
"Rps6ka5",-0.0794601348501929,0.3576,"12","ribosomal protein S6 kinase, polypeptide 5"
"Galntl6",-0.0794525302763325,0.6712,"8","UDP-N-acetyl-alpha-D-galactosamine:polypeptide N-acetylgalactosaminyltransferase-like 6"
"Hes6",0.0794340563635676,0.5814,"1","hairy and enhancer of split 6"
"Ephx2",-0.0794281391760849,0.3594,"14","epoxide hydrolase 2, cytoplasmic"
"Tsen2",0.0794184014525694,0.1702,"6","tRNA splicing endonuclease subunit 2"
"Mllt1",0.0793906929141386,0.4512,"17","myeloid/lymphoid or mixed-lineage leukemia; translocated to, 1"
"Car2",-0.0793668189904908,0.4806,"3","carbonic anhydrase 2"
"Pitpnm2",0.0793296138861201,0.438,"5","phosphatidylinositol transfer protein, membrane-associated 2"
"Fat1",-0.0792707256516154,0.3508,"8","FAT atypical cadherin 1"
"Fam151b",-0.0792195035613492,0.4492,"13","family with sequence similarity 151, member B"
"D3Ertd751e",-0.0792105733390969,0.127,"3","DNA segment, Chr 3, ERATO Doi 751, expressed"
"St6gal1",-0.0792056788549216,0.4072,"16","beta galactoside alpha 2,6 sialyltransferase 1"
"Scg2",-0.0791975801852942,0.6686,"1","secretogranin II"
"Cep128",0.0791864939577258,0.3248,"12","centrosomal protein 128"
"Ndufs4",0.0791817023966885,0.4764,"13","NADH:ubiquinone oxidoreductase core subunit S4"
"Wnt7b",0.0791637592301448,0.368,"15","wingless-type MMTV integration site family, member 7B"
"Gin1",0.079152902825633,0.5518,"1","gypsy retrotransposon integrase 1"
"Ctdspl",0.0791309738225952,0.1924,"9","CTD (carboxy-terminal domain, RNA polymerase II, polypeptide A) small phosphatase-like"
"Samhd1",0.0791043521735508,0.226,"2","SAM domain and HD domain, 1"
"Ttc38",0.0790923189813739,0.2872,"15","tetratricopeptide repeat domain 38"
"Scn2a",-0.0790889974379567,0.5818,"2","sodium channel, voltage-gated, type II, alpha"
"Lyplal1",-0.0790876395459215,0.4452,"1","lysophospholipase-like 1"
"Ddx31",0.0790518980238031,0.2524,"2","DEAD/H box helicase 31"
"Pskh1",-0.079045353007158,0.3348,"8","protein serine kinase H1"
"Fam117a",-0.0790419640654729,0.3506,"11","family with sequence similarity 117, member A"
"Rhbdf1",0.0790187676322263,0.4378,"11","rhomboid 5 homolog 1"
"Pofut1",-0.0789798649893694,0.2962,"2","protein O-fucosyltransferase 1"
"Cables1",0.0789192311737708,0.3438,"18","CDK5 and Abl enzyme substrate 1"
"Tdp2",0.0789062500111273,0.0472,"13","tyrosyl-DNA phosphodiesterase 2"
"Rps8",0.0789030064247349,0.6496,"4","ribosomal protein S8"
"Rps8",0.0789030064247349,0.6496,"4","ribosomal protein S8"
"Gabarap",0.0788979080521059,0.5846,"11","gamma-aminobutyric acid receptor associated protein"
"Sstr3",0.0788762450930216,0.3862,"15","somatostatin receptor 3"
"Kcnip1",0.0788433184617396,0.299,"11","Kv channel-interacting protein 1"
"Vsig2",-0.0788040681623934,0.2684,"9","V-set and immunoglobulin domain containing 2"
"Cidea",0.0787985554516757,0.4234,"18","cell death-inducing DNA fragmentation factor, alpha subunit-like effector A"
"Igdcc3",0.0787909122882673,0.4814,"9","immunoglobulin superfamily, DCC subclass, member 3"
"Manea",-0.0787543392553962,0.5638,"4","mannosidase, endo-alpha"
"Mmp14",0.0787529716064963,0.5592,"14","matrix metallopeptidase 14 (membrane-inserted)"
"Rgcc",-0.0787525481724627,0.5068,"14","regulator of cell cycle"
"Slirp",0.0787069766001243,0.5626,"12","SRA stem-loop interacting RNA binding protein"
"Nr2e1",-0.0787034750306361,0.2844,"10","nuclear receptor subfamily 2, group E, member 1"
"Sema4c",0.0786737206993191,0.5084,"1","sema domain, immunoglobulin domain (Ig), transmembrane domain (TM) and short cytoplasmic domain, (semaphorin) 4C"
"Angel1",0.0786450166202379,0.3672,"12","angel homolog 1"
"Akap6",-0.0786327360564973,0.5748,"12","A kinase (PRKA) anchor protein 6"
"Smoc1",-0.0786120740765921,0.4348,"12","SPARC related  modular calcium binding 1"
"Mrpl34",0.0786045552077219,0.5542,"8","mitochondrial ribosomal protein L34"
"Gm10033",-0.0785861665613377,0.4468,"8","predicted gene 10033"
"Prkca",0.0785777466115469,0.3182,"11","protein kinase C, alpha"
"Snph",0.078570457218337,0.3972,"2","syntaphilin"
"Dgka",0.0785577039975331,0.5224,"10","diacylglycerol kinase, alpha"
"Brdt",-0.0785060095735184,0.1188,"5","bromodomain, testis-specific"
"Znhit1",0.0785040466917115,0.5494,"5","zinc finger, HIT domain containing 1"
"Endod1",0.0784924069256014,0.3782,"9","endonuclease domain containing 1"
"Acot5",0.0784846755759436,0.568,"12","acyl-CoA thioesterase 5"
"Psme1",-0.0784809977708898,0.4854,"14","proteasome (prosome, macropain) activator subunit 1 (PA28 alpha)"
"Prickle1",-0.078480192955042,0.2774,"15","prickle planar cell polarity protein 1"
"Paqr5",-0.0783955126489946,0.6526,"9","progestin and adipoQ receptor family member V"
"Ndst1",0.0783687077747333,0.1824,"18","N-deacetylase/N-sulfotransferase (heparan glucosaminyl) 1"
"Cuedc2",0.078362507876852,0.5472,"19","CUE domain containing 2"
"Hrh2",-0.0783264268399417,0.5688,"13","histamine receptor H2"
"2810001G20Rik",0.0783162156986084,0.4016,"11","RIKEN cDNA 2810001G20 gene"
"Tmem144",-0.078309519912358,0.3354,"3","transmembrane protein 144"
"Cyth3",-0.0782485411296934,0.1428,"5","cytohesin 3"
"Zkscan2",-0.0782389067529281,0.7724,"7","zinc finger with KRAB and SCAN domains 2"
"Mbd3",0.0782345395532316,0.6172,"10","methyl-CpG binding domain protein 3"
"Eef1a1",0.0782274782282943,0.3714,"9","eukaryotic translation elongation factor 1 alpha 1"
"Plpp3",-0.0781364088185175,0.311,"4","phospholipid phosphatase 3"
"Jmjd1c",-0.0781196811063749,0.6942,"10","jumonji domain containing 1C"
"Rps5",0.078112166713896,0.659,"7","ribosomal protein S5"
"Coq2",0.0781006433279439,0.3108,"5","coenzyme Q2 4-hydroxybenzoate polyprenyltransferase"
"Slc4a1ap",0.0780631809391572,0.213,"5","solute carrier family 4 (anion exchanger), member 1, adaptor protein"
"Lbh",-0.0780629068778262,0.2758,"17","limb-bud and heart"
"Mpp3",0.0780436400246698,0.1944,"11","membrane protein, palmitoylated 3 (MAGUK p55 subfamily member 3)"
"Zfp273",0.078014452015831,0.304,"13","zinc finger protein 273"
"Scaper",-0.0779838530260148,0.407,"9","S phase cyclin A-associated protein in the ER"
"Trp53inp2",0.0779817317965783,0.5554,"2","transformation related protein 53 inducible nuclear protein 2"
"Ech1",0.077974998042742,0.4558,"7","enoyl coenzyme A hydratase 1, peroxisomal"
"Nbas",-0.0779522229668324,0.2284,"12","neuroblastoma amplified sequence"
"Arvcf",0.0779482107060394,0.2424,"16","armadillo repeat gene deleted in velocardiofacial syndrome"
"Spout1",0.0779411358266353,0.4132,"2","SPOUT domain containing methyltransferase 1"
"Rpl13",0.0779325956075718,0.6726,"8","ribosomal protein L13"
"Uqcr10",0.0779261284778352,0.631,"11","ubiquinol-cytochrome c reductase, complex III subunit X"
"Nkain3",-0.0778817972346864,0.7718,"4","Na+/K+ transporting ATPase interacting 3"
"Chn2",-0.077875448770099,0.4926,"6","chimerin 2"
"Bola2",0.0778434340867706,0.6754,"7","bolA-like 2 (E. coli)"
"St8sia5",-0.0777995163357197,0.3822,"18","ST8 alpha-N-acetyl-neuraminide alpha-2,8-sialyltransferase 5"
"Sfxn2",0.0777723992929276,0.6372,"19","sideroflexin 2"
"Etl4",-0.0777585285015689,0.3918,"2","enhancer trap locus 4"
"Spata24",-0.0777471051355902,0.518,"18","spermatogenesis associated 24"
"Carf",0.0777434060110687,0.4598,"1","calcium response factor"
"Zfp748",0.0777264333340759,0.4616,"13","zinc finger protein 748"
"Iyd",0.0777022933457094,0.6982,"10","iodotyrosine deiodinase"
"Gstm1",0.077700798980251,0.6826,"3","glutathione S-transferase, mu 1"
"Cbwd1",-0.0776990783730089,0.2902,"19","COBW domain containing 1"
"Gdap1l1",0.0776933879876145,0.4956,"2","ganglioside-induced differentiation-associated protein 1-like 1"
"Psmb7",0.0776842403604405,0.242,"2","proteasome (prosome, macropain) subunit, beta type 7"
"Scamp4",0.0776585179068885,0.4632,"10","secretory carrier membrane protein 4"
"Efna2",0.0776551938378254,0.3112,"10","ephrin A2"
"Bmerb1",0.0776501928767797,0.2888,"16","bMERB domain containing 1"
"Stab1",-0.0776421588485463,0.78,"14","stabilin 1"
"Bid",0.0776017082559277,0.2296,"6","BH3 interacting domain death agonist"
"Pigo",0.0776015824192458,0.3724,"4","phosphatidylinositol glycan anchor biosynthesis, class O"
"Pla2g6",0.0775566570630914,0.396,"15","phospholipase A2, group VI"
"Taf5",0.0775446659885271,0.1362,"19","TATA-box binding protein associated factor 5"
"Emg1",0.0775258628360804,0.2258,"6","EMG1 N1-specific pseudouridine methyltransferase"
"Lrfn1",0.0775048419886595,0.2248,"7","leucine rich repeat and fibronectin type III domain containing 1"
"Cgrrf1",-0.0774884461790823,0.227,"14","cell growth regulator with ring finger domain 1"
"Phax",0.0774482716299421,0.3614,"18","phosphorylated adaptor for RNA export"
"Zfp932",0.0774168940923818,0.4798,"5","zinc finger protein 932"
"Amer3",0.0774067747399991,0.1764,"1","APC membrane recruitment 3"
"Bhlhe41",-0.077367819402288,0.228,"6","basic helix-loop-helix family, member e41"
"Eri3",0.077353794777558,0.5086,"4","exoribonuclease 3"
"Tmem175",0.0773453589572517,0.1538,"5","transmembrane protein 175"
"Slc25a33",0.0773107808490696,0.3422,"4","solute carrier family 25, member 33"
"Gstm5",0.0773042693719281,0.5446,"3","glutathione S-transferase, mu 5"
"Ubtd2",0.0773034436130891,0.088,"11","ubiquitin domain containing 2"
"Prkd3",-0.0772926281709188,0.3148,"17","protein kinase D3"
"Gm14325",0.077246301866813,0.185,"2","predicted gene 14325"
"Polr1a",-0.0771914163768272,0.1646,"6","polymerase (RNA) I polypeptide A"
"Cdc42ep2",0.077147305234051,0.6292,"19","CDC42 effector protein (Rho GTPase binding) 2"
"Ccdc166",-0.0771400505439552,0.4348,"15","coiled-coil domain containing 166"
"Mrps18a",0.0771299977365434,0.4892,"17","mitochondrial ribosomal protein S18A"
"Caly",0.0771292798007437,0.6102,"7","calcyon neuron-specific vesicular protein"
"Tjap1",0.0771025617241703,0.4496,"17","tight junction associated protein 1"
"Dhrs3",-0.0770529369592921,0.455,"4","dehydrogenase/reductase (SDR family) member 3"
"Grik5",0.0770153286320685,0.5612,"7","glutamate receptor, ionotropic, kainate 5 (gamma 2)"
"Kri1",0.0770014767213958,0.2842,"9","KRI1 homolog"
"Rlbp1",-0.0769439336383804,0.5342,"7","retinaldehyde binding protein 1"
"Fam228a",-0.0769293938401074,0.7322,"12","family with sequence similarity 228, member A"
"Pex12",0.0768920652852545,0.412,"11","peroxisomal biogenesis factor 12"
"Focad",0.0768567197075205,0.4214,"4","focadhesin"
"Nop2",0.0768269815181988,0.1234,"6","NOP2 nucleolar protein"
"Rabepk",0.0767932428516103,0.124,"2","Rab9 effector protein with kelch motifs"
"Saraf",0.0767120227234104,0.2668,"8","store-operated calcium entry-associated regulatory factor"
"Msrb1",0.0766857692240954,0.5656,"17","methionine sulfoxide reductase B1"
"Gpd1",0.0766838096961751,0.1862,"15","glycerol-3-phosphate dehydrogenase 1 (soluble)"
"Frg2f1",0.0766811606770972,0.3544,"4","FSHD region gene 2 family member 1"
"Sorbs2",-0.0766784713869439,0.519,"8","sorbin and SH3 domain containing 2"
"Ssr2",0.0766745721487085,0.2968,"3","signal sequence receptor, beta"
"Arl6",-0.0766598152517273,0.2458,"16","ADP-ribosylation factor-like 6"
"Nop10",0.0766584323825974,0.528,"2","NOP10 ribonucleoprotein"
"Zfp458",-0.0766377398141156,0.3448,"13","zinc finger protein 458"
"Sall1",-0.0766147119033036,0.5326,"8","spalt like transcription factor 1"
"Napepld",0.0765922761755995,0.2222,"5","N-acyl phosphatidylethanolamine phospholipase D"
"Plxna2",-0.0765880024894612,0.4736,"1","plexin A2"
"Bag4",0.0765834255986944,0.4514,"8","BCL2-associated athanogene 4"
"Smo",-0.0765561798913961,0.3,"6","smoothened, frizzled class receptor"
"Fis1",0.0765298977612181,0.657,"5","fission, mitochondrial 1"
"Brsk2",0.076521712910929,0.0194,"7","BR serine/threonine kinase 2"
"Kif21a",-0.076484705383697,0.6728,"15","kinesin family member 21A"
"Als2",0.0764350294895362,0.4946,"1","alsin Rho guanine nucleotide exchange factor"
"Usp39",0.0764223185116268,0.131,"6","ubiquitin specific peptidase 39"
"Zbtb25",0.0764053879598929,0.256,"12","zinc finger and BTB domain containing 25"
"Riox2",-0.0763831201584155,0.4022,"16","ribosomal oxygenase 2"
"Il17rc",0.0763825023150784,0.6014,"6","interleukin 17 receptor C"
"Elob",0.0763592712617447,0.6886,"17","elongin B"
"Klf6",-0.0763426790137229,0.4936,"13","Kruppel-like factor 6"
"Mrps28",0.0763066151046576,0.4868,"3","mitochondrial ribosomal protein S28"
"A630072M18Rik",0.0762879950267004,0.2174,"5","RIKEN cDNA A630072M18 gene"
"Pde4b",-0.0762698535082125,0.4146,"4","phosphodiesterase 4B, cAMP specific"
"Arid4b",-0.0762621317485674,0.5642,"13","AT rich interactive domain 4B (RBP1-like)"
"Efl1",0.0762584068535066,0.162,"7","elongation factor like GTPase 1"
"Rbm28",0.0762520429288314,0.4454,"6","RNA binding motif protein 28"
"Mrpl54",0.0762423510914312,0.5936,"10","mitochondrial ribosomal protein L54"
"Kbtbd11",0.0762314601420968,0.1208,"8","kelch repeat and BTB (POZ) domain containing 11"
"Panx1",0.0762204840707303,0.2492,"9","pannexin 1"
"Celf3",0.076205953023365,0.4354,"3","CUGBP, Elav-like family member 3"
"Larp7",-0.0761848371631544,0.1586,"3","La ribonucleoprotein 7, transcriptional regulator"
"Gsr",0.0761815321876016,0.1838,"8","glutathione reductase"
"Eogt",-0.0761704032486392,0.601,"6","EGF domain-specific O-linked N-acetylglucosamine (GlcNAc) transferase"
"B4galnt1",0.0761266913454506,0.1306,"10","beta-1,4-N-acetyl-galactosaminyl transferase 1"
"Gcsh",0.0761074844004304,0.4764,"8","glycine cleavage system protein H (aminomethyl carrier)"
"Coa6",-0.0760909975446298,0.357,"8","cytochrome c oxidase assembly factor 6"
"Top3a",0.0760734679611454,0.3296,"11","topoisomerase (DNA) III alpha"
"Dhx16",0.0760518312250271,0.2324,"17","DEAH (Asp-Glu-Ala-His) box polypeptide 16"
"Plk3",-0.0760246640557698,0.3776,"4","polo like kinase 3"
"Phpt1",0.0760240443876965,0.4984,"2","phosphohistidine phosphatase 1"
"Dync2h1",-0.0760239468089718,0.6918,"9","dynein cytoplasmic 2 heavy chain 1"
"Nfatc2ip",0.0760066071955889,0.2534,"7","nuclear factor of activated T cells, cytoplasmic, calcineurin dependent 2 interacting protein"
"Mast2",0.0760053611950333,0.4176,"4","microtubule associated serine/threonine kinase 2"
"Hspa12a",-0.0759043643041366,0.3484,"19","heat shock protein 12A"
"Zbtb21",-0.0758510321454828,0.1462,"16","zinc finger and BTB domain containing 21"
"Wiz",0.0758459685441704,0.2432,"17","widely-interspaced zinc finger motifs"
"Hddc3",0.0758424017001222,0.4338,"7","HD domain containing 3"
"Uqcrq",0.0758339524684164,0.6674,"11","ubiquinol-cytochrome c reductase, complex III subunit VII"
"Arhgap12",-0.0758277100617075,0.5008,"18","Rho GTPase activating protein 12"
"Cebpzos",-0.0758219982504653,0.4684,"17","CCAAT/enhancer binding protein (C/EBP), zeta, opposite strand"
"Cdhr1",0.0758114766732025,0.6602,"14","cadherin-related family member 1"
"Polq",0.0757937135713549,0.6918,"16","polymerase (DNA directed), theta"
"Adcy1",0.0757853404194861,0.3286,"11","adenylate cyclase 1"
"Kcnh4",0.0757822526787002,0.6626,"11","potassium voltage-gated channel, subfamily H (eag-related), member 4"
"Tinf2",0.0757766266963364,0.3354,"14","Terf1 (TRF1)-interacting nuclear factor 2"
"Nipsnap3b",-0.0757745314769744,0.429,"4","nipsnap homolog 3B"
"Rpl7",0.0757645652529533,0.4918,"1","ribosomal protein L7"
"Cdr2",0.0757625981418988,0.709,"7","cerebellar degeneration-related 2"
"Mrps18b",0.0757518190452982,0.2854,"17","mitochondrial ribosomal protein S18B"
"Gpc1",0.0757394290912226,0.418,"1","glypican 1"
"Rnf165",0.0756995974730277,0.3122,"18","ring finger protein 165"
"Rcn3",-0.0756837771666414,0.571,"7","reticulocalbin 3, EF-hand calcium binding domain"
"Golm1",0.0756639279580211,0.1274,"13","golgi membrane protein 1"
"Tarbp2",0.0756591690881665,0.5452,"15","TARBP2, RISC loading complex RNA binding subunit"
"Uap1l1",0.0756026020165943,0.3958,"2","UDP-N-acteylglucosamine pyrophosphorylase 1-like 1"
"Nasp",0.0755240984052206,0.206,"4","nuclear autoantigenic sperm protein (histone-binding)"
"Lamc3",-0.0755205976772726,0.6568,"2","laminin gamma 3"
"Pgpep1",0.0754944864940272,0.4164,"8","pyroglutamyl-peptidase I"
"Bloc1s3",-0.0754903315142239,0.3612,"7","biogenesis of lysosomal organelles complex-1, subunit 3"
"Iqub",-0.0754743997144269,0.7232,"6","IQ motif and ubiquitin domain containing"
"Sowahc",-0.0754549691383315,0.4876,"10","sosondowah ankyrin repeat domain family member C"
"Thtpa",0.0754525282357905,0.2442,"14","thiamine triphosphatase"
"Glrx2",0.0754452013427969,0.149,"1","glutaredoxin 2 (thioltransferase)"
"Rnf40",0.0754279043897359,0.0468,"7","ring finger protein 40"
"Prrt1",0.0753950647066919,0.527,"17","proline-rich transmembrane protein 1"
"Eif1ad",0.0753918432936356,0.3806,"19","eukaryotic translation initiation factor 1A domain containing"
"Decr2",-0.0753899868567407,0.2496,"17","2-4-dienoyl-Coenzyme A reductase 2, peroxisomal"
"B4galt3",0.0753484728575877,0.2396,"1","UDP-Gal:betaGlcNAc beta 1,4-galactosyltransferase, polypeptide 3"
"Lynx1",0.0753226435785699,0.3866,"15","Ly6/neurotoxin 1"
"Iglon5",0.0753215189083338,0.5234,"7","IgLON family member 5"
"Mrfap1",0.0752990548193733,0.164,"5","Morf4 family associated protein 1"
"Aspdh",0.0752735214066842,0.5976,"7","aspartate dehydrogenase domain containing"
"Syngr3",0.0752544466581018,0.3658,"17","synaptogyrin 3"
"2810032G03Rik",0.075234184217237,0.3972,"12","RIKEN cDNA 2810032G03 gene"
"Pias3",0.0752261765457911,0.1386,"3","protein inhibitor of activated STAT 3"
"Vwa5b2",0.0752236504988169,0.5774,"16","von Willebrand factor A domain containing 5B2"
"Fndc8",0.0751940799287387,0.7394,"11","fibronectin type III domain containing 8"
"Krtcap3",0.0751750812935901,0.6752,"5","keratinocyte associated protein 3"
"Xpa",0.0751093333654871,0.3426,"4","xeroderma pigmentosum, complementation group A"
"Pggt1b",-0.0751092198436609,0.6424,"18","protein geranylgeranyltransferase type I, beta subunit"
"Psma4",0.0751059405668313,0.2678,"9","proteasome subunit alpha 4"
"Lsg1",0.0750831999834563,0.2344,"16","large 60S subunit nuclear export GTPase 1"
"Myh15",0.0750685385311978,0.627,"16","myosin, heavy chain 15"
"Rab15",0.0750596176898348,0.1834,"12","RAB15, member RAS oncogene family"
"Eef1akmt1",0.075038599112792,0.5064,"14","EEF1A alpha lysine methyltransferase 1"
"Fryl",-0.0750274654212459,0.3124,"5","FRY like transcription coactivator"
"Urb2",-0.0750258518018003,0.346,"8","URB2 ribosome biogenesis 2 homolog (S. cerevisiae)"
"Ddah2",0.0750221684493306,0.5524,"17","dimethylarginine dimethylaminohydrolase 2"
"Cbfb",0.0749997966886475,0.288,"8","core binding factor beta"
"Angptl6",0.0749715857952635,0.537,"9","angiopoietin-like 6"
"Iffo2",0.0749657753334514,0.12,"4","intermediate filament family orphan 2"
"Sh3bp4",-0.074962355501774,0.408,"1","SH3-domain binding protein 4"
"St6galnac4",0.0749507558967775,0.2256,"2","ST6 (alpha-N-acetyl-neuraminyl-2,3-beta-galactosyl-1,3)-N-acetylgalactosaminide alpha-2,6-sialyltransferase 4"
"4930430F08Rik",-0.0749246669573322,0.3702,"10","RIKEN cDNA 4930430F08 gene"
"Poglut2",0.0749053747469937,0.3358,"1","protein O-glucosyltransferase 2"
"Zfp983",-0.0748662713240678,0.3532,"17","zinc finger protein 983"
"Tbc1d7",0.0748629571929951,0.268,"13","TBC1 domain family, member 7"
"Pink1",0.0748505884496993,0.5668,"4","PTEN induced putative kinase 1"
"Guf1",0.0748072751377675,0.4844,"5","GUF1 homolog, GTPase"
"Snhg20",0.0747963842023189,0.6546,"11","small nucleolar RNA host gene 20"
"Dedd",0.0747934041210714,0.275,"1","death effector domain-containing"
"Cntnap5b",0.0747897440026941,0.5448,"1","contactin associated protein-like 5B"
"Hhatl",0.0747843398628567,0.4886,"9","hedgehog acyltransferase-like"
"B3gntl1",-0.0747784547171588,0.4214,"11","UDP-GlcNAc:betaGal beta-1,3-N-acetylglucosaminyltransferase-like 1"
"Trpm4",0.0747718911812014,0.5074,"7","transient receptor potential cation channel, subfamily M, member 4"
"Nme2",0.0747714667312911,0.6252,"11","NME/NM23 nucleoside diphosphate kinase 2"
"L3mbtl3",-0.0747549867441091,0.3226,"10","L3MBTL3 histone methyl-lysine binding protein"
"Htatsf1",0.0746580345623888,0.0042,"X","HIV TAT specific factor 1"
"Simc1",0.0746361244003069,0.3844,"13","SUMO-interacting motifs containing 1"
"Tnfaip8l1",-0.0746295679829778,0.4428,"17","tumor necrosis factor, alpha-induced protein 8-like 1"
"Rreb1",-0.0746027224614307,0.785,"13","ras responsive element binding protein 1"
"Sat2",0.0745820447320358,0.4406,"11","spermidine/spermine N1-acetyl transferase 2"
"Dnah7b",-0.0745511507549494,0.6996,"1","dynein, axonemal, heavy chain 7B"
"Celsr1",-0.0745299591229522,0.351,"15","cadherin, EGF LAG seven-pass G-type receptor 1"
"Psat1",0.0745032383035733,0.4126,"19","phosphoserine aminotransferase 1"
"Rps3",0.074480196555033,0.5838,"7","ribosomal protein S3"
"Clic4",-0.0744701284479694,0.5156,"4","chloride intracellular channel 4 (mitochondrial)"
"Inka2",0.0744277064305452,0.107,"3","inka box actin regulator 2"
"Bdh1",0.0744071609843289,0.233,"16","3-hydroxybutyrate dehydrogenase, type 1"
"Emp2",-0.0744065559770828,0.3376,"16","epithelial membrane protein 2"
"Trnt1",-0.074388583752925,0.4842,"6","tRNA nucleotidyl transferase, CCA-adding, 1"
"Pard6a",0.0743832297660041,0.4274,"8","par-6 family cell polarity regulator alpha"
"Mrps11",0.0743751459104649,0.5352,"7","mitochondrial ribosomal protein S11"
"Rad52",0.0743465181299463,0.4902,"6","RAD52 homolog, DNA repair protein"
"Ddx20",0.074341842439527,0.1924,"3","DEAD box helicase 20"
"Pdzd7",0.0743173124044358,0.5582,"19","PDZ domain containing 7"
"3300002P13Rik",0.0743083722834923,0.6842,"7","RIKEN cDNA 3300002P13 gene"
"Fzd8",0.0742626224310299,0.3528,"18","frizzled class receptor 8"
"Cpne4",0.0742601146285304,0.4632,"9","copine IV"
"Fra10ac1",0.0742525298080778,0.266,"19","FRA10AC1 homolog (human)"
"Smarcd2",0.0742492971265651,0.4498,"11","SWI/SNF related, matrix associated, actin dependent regulator of chromatin, subfamily d, member 2"
"Plpp2",0.0742452005613667,0.7038,"10","phospholipid phosphatase 2"
"Pmm1",0.0742358849676723,0.5624,"15","phosphomannomutase 1"
"Sh2d5",0.0742249719510655,0.3422,"4","SH2 domain containing 5"
"Amer1",0.0742117734285008,0.436,"X","APC membrane recruitment 1"
"Prelid1",0.0741771556611566,0.4856,"13","PRELI domain containing 1"
"Chadl",0.0741614134613009,0.4878,"15","chondroadherin-like"
"Cttnbp2nl",-0.0741609570346018,0.5546,"3","CTTNBP2 N-terminal like"
"Prkd1",0.0741419989378582,0.1594,"12","protein kinase D1"
"Rps17",0.0741349052492453,0.6438,"7","ribosomal protein S17"
"Pdxp",0.0741186292538938,0.5488,"15","pyridoxal (pyridoxine, vitamin B6) phosphatase"
"Acp6",-0.0741015198409629,0.3878,"3","acid phosphatase 6, lysophosphatidic"
"Dynlrb1",0.0740855796627615,0.5362,"2","dynein light chain roadblock-type 1"
"Pibf1",-0.0740844449752576,0.4586,"14","progesterone immunomodulatory binding factor 1"
"Klc4",0.0740483663502598,0.3274,"17","kinesin light chain 4"
"Scn1a",-0.0739890150213132,0.5398,"2","sodium channel, voltage-gated, type I, alpha"
"P4ha1",-0.0739560594843915,0.3138,"10","procollagen-proline, 2-oxoglutarate 4-dioxygenase (proline 4-hydroxylase), alpha 1 polypeptide"
"Grhpr",0.0739521127204963,0.5452,"4","glyoxylate reductase/hydroxypyruvate reductase"
"Slc29a3",0.073949538300663,0.4186,"10","solute carrier family 29 (nucleoside transporters), member 3"
"Tmed3",0.0739328620211852,0.5344,"9","transmembrane p24 trafficking protein 3"
"Bpnt1",-0.0739303424393194,0.5958,"1","3'(2'), 5'-bisphosphate nucleotidase 1"
"Dcaf11",0.0739179221866566,0.1878,"14","DDB1 and CUL4 associated factor 11"
"Wdhd1",0.0738863180030775,0.5016,"14","WD repeat and HMG-box DNA binding protein 1"
"C230072F16Rik",0.073878080862371,0.799,"17","RIKEN cDNA C230072F16 gene"
"Blmh",0.0738566371796789,0.2806,"11","bleomycin hydrolase"
"Grm5",-0.0738106662239417,0.5614,"7","glutamate receptor, metabotropic 5"
"Rimbp3",-0.0738080144560505,0.6396,"16","RIMS binding protein 3"
"Rara",0.0737967665244925,0.5608,"11","retinoic acid receptor, alpha"
"Gldc",-0.0737587060404348,0.3134,"19","glycine decarboxylase"
"Pcdhgb7",-0.0736896282657358,0.61,"18","protocadherin gamma subfamily B, 7"
"AW554918",-0.0736833996465833,0.1414,"18","expressed sequence AW554918"
"Amot",-0.0736733007969725,0.3216,"X","angiomotin"
"Cebpa",0.0736702748919695,0.459,"7","CCAAT/enhancer binding protein (C/EBP), alpha"
"Tcf12",-0.0736614882054747,0.5458,"9","transcription factor 12"
"Coprs",0.0736453472529788,0.5334,"8","coordinator of PRMT5, differentiation stimulator"
"Umps",0.0736341490440551,0.289,"16","uridine monophosphate synthetase"
"Serinc2",-0.0736337978447921,0.5128,"4","serine incorporator 2"
"Zfp975",0.0735959996529241,0.4718,"7","zinc finger protein 975"
"Tm2d1",0.0735920675244381,0.2976,"4","TM2 domain containing 1"
"Prom1",0.0735739340508594,0.5742,"5","prominin 1"
"Sncg",-0.0735614837530445,0.7104,"14","synuclein, gamma"
"2210408F21Rik",-0.0735288326764065,0.3496,"6","RIKEN cDNA 2210408F21 gene"
"Mettl27",-0.0735282761657667,0.3912,"5","methyltransferase like 27"
"Aldoc",0.0734915972291539,0.5234,"11","aldolase C, fructose-bisphosphate"
"Taf5l",0.0734888515671686,0.2396,"8","TATA-box binding protein associated factor 5 like"
"Snrk",-0.0734548695157171,0.4452,"9","SNF related kinase"
"Scand1",0.0734373302019034,0.6972,"2","SCAN domain-containing 1"
"Ncs1",0.0733360577365882,0.4718,"2","neuronal calcium sensor 1"
"Mmp24",0.0733125427840102,0.1782,"2","matrix metallopeptidase 24"
"Fstl5",0.0732951786015299,0.6682,"3","follistatin-like 5"
"C1ql1",-0.0732311138091983,0.3736,"11","complement component 1, q subcomponent-like 1"
"Trmt11",0.073221985993245,0.335,"10","tRNA methyltransferase 11"
"Mlycd",0.0731949678738166,0.2986,"8","malonyl-CoA decarboxylase"
"Plekhb1",0.0731404051779876,0.7154,"7","pleckstrin homology domain containing, family B (evectins) member 1"
"Klhl42",0.0731340114194516,0.0664,"6","kelch-like 42"
"Nkd2",-0.0731256634666537,0.4406,"13","naked cuticle 2"
"Ap3m1",0.0731230475264679,0.142,"14","adaptor-related protein complex 3, mu 1 subunit"
"Vim",-0.0731209615397148,0.5524,"2","vimentin"
"Col4a2",0.0731064107136277,0.6526,"8","collagen, type IV, alpha 2"
"Egln2",0.0731037661413652,0.525,"7","egl-9 family hypoxia-inducible factor 2"
"Tac1",-0.0730931683055738,0.5068,"6","tachykinin 1"
"Arhgef10l",0.0730890951469521,0.2978,"4","Rho guanine nucleotide exchange factor (GEF) 10-like"
"0610010K14Rik",0.0730814594903979,0.5928,"11","RIKEN cDNA 0610010K14 gene"
"Nol8",-0.0730737826194687,0.509,"13","nucleolar protein 8"
"Msi1",0.0730719539469842,0.2102,"5","musashi RNA-binding protein 1"
"Pdyn",0.0730655336121213,0.3304,"2","prodynorphin"
"Pcdh17",-0.0730482173975204,0.6106,"14","protocadherin 17"
"Tnfaip8l3",0.0730370310441364,0.6844,"9","tumor necrosis factor, alpha-induced protein 8-like 3"
"Rps7",0.0729136321422335,0.6402,"12","ribosomal protein S7"
"Agtrap",-0.0728982884252063,0.4094,"4","angiotensin II, type I receptor-associated protein"
"Pcbp4",0.0728906510981693,0.5884,"9","poly(rC) binding protein 4"
"Ubqln2",-0.0728761191578089,0.575,"X","ubiquilin 2"
"Atp13a3",-0.0728583553524471,0.635,"16","ATPase type 13A3"
"Rbmx2",-0.072842636200992,0.3434,"X","RNA binding motif protein, X-linked 2"
"Taco1",-0.0728422685259575,0.5078,"11","translational activator of mitochondrially encoded cytochrome c oxidase I"
"Lrrc23",-0.0728334975840088,0.7826,"6","leucine rich repeat containing 23"
"Zfp560",-0.0728256157601228,0.2542,"9","zinc finger protein 560"
"Pcdhga11",-0.0728130351671492,0.6658,"18","protocadherin gamma subfamily A, 11"
"Jund",0.0727947700429104,0.6168,"8","jun D proto-oncogene"
"Cib2",0.072789081540956,0.5106,"9","calcium and integrin binding family member 2"
"Arid3a",0.0727792694705971,0.416,"10","AT rich interactive domain 3A (BRIGHT-like)"
"Runx2",0.072763877358895,0.5278,"17","runt related transcription factor 2"
"Fam13b",-0.0727631306814169,0.5766,"18","family with sequence similarity 13, member B"
"Marchf2",0.0727404400394036,0.4168,"17","membrane associated ring-CH-type finger 2"
"Rpl4",0.0727255387133923,0.5374,"9","ribosomal protein L4"
"1700029J07Rik",0.0727213165535145,0.618,"8","RIKEN cDNA 1700029J07 gene"
"Adcyap1r1",-0.0727078371644181,0.13,"6","adenylate cyclase activating polypeptide 1 receptor 1"
"Rae1",0.0727077341844584,0.2232,"2","ribonucleic acid export 1"
"Gpatch4",0.0726847683844962,0.4798,"3","G patch domain containing 4"
"Map3k4",0.0726773165305907,0.2672,"17","mitogen-activated protein kinase kinase kinase 4"
"Ss18l2",0.0726645809340196,0.3672,"9","SS18, nBAF chromatin remodeling complex subunit like 2"
"Nt5m",0.072653259021938,0.4488,"11","5',3'-nucleotidase, mitochondrial"
"Slc26a10",0.0726417941019051,0.6678,"10","solute carrier family 26, member 10"
"Oxa1l",0.0726332261819866,0.4,"14","oxidase assembly 1-like"
"Tex9",-0.0725862680506117,0.407,"9","testis expressed gene 9"
"Metap1d",0.0725490549507946,0.6162,"2","methionyl aminopeptidase type 1D (mitochondrial)"
"Zfp771",0.072533566889792,0.6516,"7","zinc finger protein 771"
"Hes1",0.0724904871634644,0.3778,"16","hes family bHLH transcription factor 1"
"Pacs1",0.0724847343559736,0.2798,"19","phosphofurin acidic cluster sorting protein 1"
"Pknox1",0.0724645282375955,0.092,"17","Pbx/knotted 1 homeobox"
"Trim12c",-0.0724380468428418,0.585,"7","tripartite motif-containing 12C"
"B4galt7",0.0724133026644669,0.3942,"13","xylosylprotein beta1,4-galactosyltransferase, polypeptide 7 (galactosyltransferase I)"
"Mtx1",0.0724050705023762,0.2648,"3","metaxin 1"
"Slc30a9",0.0724008179387319,0.0422,"5","solute carrier family 30 (zinc transporter), member 9"
"Prmt8",0.0723908456080853,0.1024,"6","protein arginine N-methyltransferase 8"
"Esyt2",-0.0723488894859177,0.621,"12","extended synaptotagmin-like protein 2"
"Zfp523",0.0723478428194788,0.4202,"17","zinc finger protein 523"
"Ccnl1",-0.0723458887821735,0.4716,"3","cyclin L1"
"Nubp1",0.0723312206737554,0.303,"16","nucleotide binding protein 1"
"Pak6",0.0723110520959063,0.4482,"2","p21 (RAC1) activated kinase 6"
"Dse",-0.0722819589707,0.5876,"10","dermatan sulfate epimerase"
"Dmac2l",0.0722692825041307,0.2468,"12","distal membrane arm assembly complex 2 like"
"Mpdz",-0.0722632642259713,0.5922,"4","multiple PDZ domain crumbs cell polarity complex component"
"Mogs",0.0722525799956699,0.118,"6","mannosyl-oligosaccharide glucosidase"
"Asl",0.0722523691865882,0.3724,"5","argininosuccinate lyase"
"Slc14a1",-0.0722451258824091,0.5014,"18","solute carrier family 14 (urea transporter), member 1"
"A330009N23Rik",0.0722308535813947,0.373,"15","RIKEN cDNA A330009N23 gene"
"Ino80b",0.0722295195836606,0.472,"6","INO80 complex subunit B"
"Ndufa4",0.0722278648439998,0.5412,"6","Ndufa4, mitochondrial complex associated"
"Chst10",0.0721881027506281,0.2268,"1","carbohydrate sulfotransferase 10"
"Rnf112",0.0721545289525416,0.498,"11","ring finger protein 112"
"Slc16a10",0.0721534307083416,0.5336,"10","solute carrier family 16 (monocarboxylic acid transporters), member 10"
"Proser1",-0.0721366934348531,0.6574,"3","proline and serine rich 1"
"Slc39a14",0.0721189501362378,0.2172,"14","solute carrier family 39 (zinc transporter), member 14"
"Cd164",-0.0721096324242652,0.3814,"10","CD164 antigen"
"Sox9",-0.0720785995774555,0.3738,"11","SRY (sex determining region Y)-box 9"
"Cst3",0.0720654894954293,0.5938,"2","cystatin C"
"Acot1",0.0720654438850685,0.4318,"12","acyl-CoA thioesterase 1"
"Mrpl45",0.0720467209497828,0.535,"11","mitochondrial ribosomal protein L45"
"Sds",-0.0720181515317908,0.7138,"5","serine dehydratase"
"Kank1",0.0720123614900015,0.4938,"19","KN motif and ankyrin repeat domains 1"
"Mafk",0.0719642593514509,0.3704,"5","v-maf musculoaponeurotic fibrosarcoma oncogene family, protein K (avian)"
"Mrpl1",0.0719623792214703,0.1926,"5","mitochondrial ribosomal protein L1"
"Elovl6",-0.0719554677645178,0.4262,"3","ELOVL family member 6, elongation of long chain fatty acids (yeast)"
"Trim17",-0.071927636008017,0.4408,"11","tripartite motif-containing 17"
"Pmpcb",0.0719251775360696,0.1572,"5","peptidase (mitochondrial processing) beta"
"Zfp11",0.0719146432739897,0.411,"5","zinc finger protein 11"
"Rasl11a",0.0718938024077111,0.5704,"5","RAS-like, family 11, member A"
"Khdrbs2",-0.0718511293643429,0.586,"1","KH domain containing, RNA binding, signal transduction associated 2"
"Zdhhc7",0.0718437822878917,0.3538,"8","zinc finger, DHHC domain containing 7"
"Rab4a",0.0718230776417528,0.2122,"8","RAB4A, member RAS oncogene family"
"Tgfb1i1",0.0718099610384719,0.5164,"7","transforming growth factor beta 1 induced transcript 1"
"Shd",0.0717864150847043,0.4218,"17","src homology 2 domain-containing transforming protein D"
"Itfg1",-0.0717632121141172,0.6016,"8","integrin alpha FG-GAP repeat containing 1"
"N4bp2l1",0.0717595634976815,0.3712,"5","NEDD4 binding protein 2-like 1"
"Cir1",0.071752869494321,0.3974,"2","corepressor interacting with RBPJ, 1"
"Ints12",0.0717189061527623,0.405,"3","integrator complex subunit 12"
"9130401M01Rik",0.071718215461833,0.4738,"15","RIKEN cDNA 9130401M01 gene"
"Dnajc27",0.0717032608437638,0.1326,"12","DnaJ heat shock protein family (Hsp40) member C27"
"Pik3r2",0.0716923624984069,0.2958,"8","phosphoinositide-3-kinase regulatory subunit 2"
"Spire1",0.071686094159328,0.0502,"18","spire type actin nucleation factor 1"
"Gm11681",0.0716393067159034,0.7174,"11","predicted gene 11681"
"Cntnap5c",0.071626540182224,0.8282,"17","contactin associated protein-like 5C"
"Bves",-0.0716184795504309,0.4368,"10","blood vessel epicardial substance"
"Htr5a",-0.0716167006512096,0.5158,"5","5-hydroxytryptamine (serotonin) receptor 5A"
"Dda1",0.0716139490694143,0.3666,"8","DET1 and DDB1 associated 1"
"Epop",-0.0716120183637532,0.683,"11","elongin BC and polycomb repressive complex 2 associated protein"
"Sac3d1",0.0716040511311444,0.6352,"19","SAC3 domain containing 1"
"Pfn4",0.0715660537442031,0.4974,"12","profilin family, member 4"
"Tead1",-0.0715573042022406,0.5054,"7","TEA domain family member 1"
"Zfp324",0.0715103447708603,0.3582,"7","zinc finger protein 324"
"Tnpo1",-0.0715001657107415,0.7478,"13","transportin 1"
"Rph3al",0.0714867608911685,0.5066,"11","rabphilin 3A-like (without C2 domains)"
"Kif19a",0.0714864762352176,0.4442,"11","kinesin family member 19A"
"Fmo5",0.0714707780939658,0.4582,"3","flavin containing monooxygenase 5"
"Foxp4",0.0714608258226592,0.5168,"17","forkhead box P4"
"Epas1",-0.0714460401894836,0.264,"17","endothelial PAS domain protein 1"
"Spon1",-0.0714245983845849,0.4028,"7","spondin 1, (f-spondin) extracellular matrix protein"
"Sik2",-0.0714220442304563,0.7714,"9","salt inducible kinase 2"
"Dtx1",0.0714058322836184,0.363,"5","deltex 1, E3 ubiquitin ligase"
"A230083G16Rik",0.0714038032851037,0.7034,"6","RIKEN cDNA A230083G16 gene"
"Nr3c1",-0.0713982690365551,0.4042,"18","nuclear receptor subfamily 3, group C, member 1"
"Nup153",-0.0713668496601372,0.602,"13","nucleoporin 153"
"Commd4",0.0713647529444641,0.4848,"9","COMM domain containing 4"
"Nsdhl",0.0713584791865545,0.128,"X","NAD(P) dependent steroid dehydrogenase-like"
"Alkbh3",-0.0713514954840262,0.4614,"2","alkB homolog 3, alpha-ketoglutarate-dependent dioxygenase"
"Cstb",0.071321624636004,0.4582,"10","cystatin B"
"Gstk1",0.0713057734889961,0.5918,"6","glutathione S-transferase kappa 1"
"Hivep3",-0.0713056331111579,0.693,"4","human immunodeficiency virus type I enhancer binding protein 3"
"Zscan12",0.0712946303116579,0.3068,"13","zinc finger and SCAN domain containing 12"
"Cpeb4",-0.0712860953777996,0.7578,"11","cytoplasmic polyadenylation element binding protein 4"
"Slc39a6",0.0712779588548935,0.366,"18","solute carrier family 39 (metal ion transporter), member 6"
"C1galt1c1",-0.0712635879948604,0.628,"X","C1GALT1-specific chaperone 1"
"Pgm3",0.071232395009492,0.394,"9","phosphoglucomutase 3"
"Pdik1l",0.0712305810491984,0.42,"4","PDLIM1 interacting kinase 1 like"
"Cyp4v3",0.0712016963397337,0.4886,"8","cytochrome P450, family 4, subfamily v, polypeptide 3"
"Morn4",0.0712009557037678,0.4542,"19","MORN repeat containing 4"
"Synj2",-0.0711876128796138,0.307,"17","synaptojanin 2"
"Zfp651",0.0711786000115291,0.381,"9","zinc finger protein 651"
"Capzb",0.0711767771261194,0.3266,"4","capping actin protein of muscle Z-line subunit beta"
"Hivep1",-0.0711713848116986,0.2958,"13","human immunodeficiency virus type I enhancer binding protein 1"
"Cars",-0.0711592818572218,0.4232,"7","cysteinyl-tRNA synthetase"
"4930473A02Rik",0.0711567978692254,0.6728,"2","RIKEN cDNA 4930473A02 gene"
"Tnk2",0.0711147317458707,0.3764,"16","tyrosine kinase, non-receptor, 2"
"Tekt5",-0.0711114688140104,0.6098,"16","tektin 5"
"Ptges2",0.071100979036002,0.4264,"2","prostaglandin E synthase 2"
"Trpv2",0.0710989362901744,0.3826,"11","transient receptor potential cation channel, subfamily V, member 2"
"Tbc1d23",-0.0710949939700942,0.3828,"16","TBC1 domain family, member 23"
"Tubg2",0.07108283819524,0.4946,"11","tubulin, gamma 2"
"Fam229b",0.0710778914076435,0.5788,"10","family with sequence similarity 229, member B"
"Anapc11",0.0710660229354385,0.6104,"11","anaphase promoting complex subunit 11"
"Tmem231",-0.0709976082392534,0.1202,"8","transmembrane protein 231"
"Surf2",0.0709510679688332,0.4552,"2","surfeit gene 2"
"Rmc1",0.0709486587229922,0.2156,"18","regulator of MON1-CCZ1"
"Amigo3",-0.0709356163798454,0.6788,"9","adhesion molecule with Ig like domain 3"
"Ppp6c",0.0709273006449038,0.461,"2","protein phosphatase 6, catalytic subunit"
"Mfap1a",-0.0709175685331886,0.223,"2","microfibrillar-associated protein 1A"
"Pigp",-0.0709130129430573,0.325,"16","phosphatidylinositol glycan anchor biosynthesis, class P"
"Prkg1",-0.0708950507693125,0.6034,"19","protein kinase, cGMP-dependent, type I"
"Snx2",-0.0708846879011835,0.5624,"18","sorting nexin 2"
"Nsg1",-0.0708800435372208,0.2826,"5","neuron specific gene family member 1"
"Srrd",0.0708795049169066,0.39,"5","SRR1 domain containing"
"Capn15",0.0708708898096848,0.3292,"17","calpain 15"
"Fam181b",0.070860682865673,0.482,"7","family with sequence similarity 181, member B"
"Sspn",-0.0708498070789263,0.5088,"6","sarcospan"
"Trim59",-0.0708260901250917,0.4948,"3","tripartite motif-containing 59"
"Snrpa",0.0707458180591063,0.5344,"7","small nuclear ribonucleoprotein polypeptide A"
"Atp13a2",0.0707380878457258,0.477,"4","ATPase type 13A2"
"Wbp1l",0.0707043719504519,0.1678,"19","WW domain binding protein 1 like"
"Ncaph2",0.0706961119339828,0.3164,"15","non-SMC condensin II complex, subunit H2"
"Ncapd2",0.0706801598052191,0.4588,"6","non-SMC condensin I complex, subunit D2"
"Qpctl",0.0706772981856463,0.254,"7","glutaminyl-peptide cyclotransferase-like"
"Chchd7",0.0706745436297673,0.374,"4","coiled-coil-helix-coiled-coil-helix domain containing 7"
"Hace1",-0.0706732112403374,0.7098,"10","HECT domain and ankyrin repeat containing, E3 ubiquitin protein ligase 1"
"Rack1",0.0706726385081584,0.5458,"11","receptor for activated C kinase 1"
"Plcxd2",0.0706576551999003,0.566,"16","phosphatidylinositol-specific phospholipase C, X domain containing 2"
"Wrap53",0.0706436005201674,0.4642,"11","WD repeat containing, antisense to Trp53"
"Tmem260",-0.0706144540699825,0.197,"14","transmembrane protein 260"
"Xkr4",-0.070614159493358,0.8338,"1","X-linked Kx blood group related 4"
"Zfp948",-0.0706014533678747,0.5004,"17","zinc finger protein 948"
"Zfp608",-0.0705704522511379,0.578,"18","zinc finger protein 608"
"Alg3",0.0705510906018083,0.4694,"16","asparagine-linked glycosylation 3 (alpha-1,3-mannosyltransferase)"
"Sra1",0.0705403143582135,0.533,"18","steroid receptor RNA activator 1"
"Pola2",0.0705306770820759,0.2494,"19","polymerase (DNA directed), alpha 2"
"Telo2",0.0705207652640265,0.4402,"17","telomere maintenance 2"
"Syt13",0.0705064259091683,0.1618,"2","synaptotagmin XIII"
"Cdkn2aip",0.070494582906242,0.5026,"8","CDKN2A interacting protein"
"Ift20",0.0704688980907537,0.4948,"11","intraflagellar transport 20"
"Ptpn2",0.0704664777293322,0.5852,"18","protein tyrosine phosphatase, non-receptor type 2"
"Fnbp1",-0.0704395517378735,0.4016,"2","formin binding protein 1"
"Sptbn2",0.0704356538237842,0.3456,"19","spectrin beta, non-erythrocytic 2"
"Psmc5",0.0704304409796963,0.4972,"11","protease (prosome, macropain) 26S subunit, ATPase 5"
"Clec2l",0.0704062888815251,0.6056,"6","C-type lectin domain family 2, member L"
"Cenpv",0.0704047729562625,0.4218,"11","centromere protein V"
"Spindoc",0.0704034937729476,0.3982,"19","spindlin interactor and repressor of chromatin binding"
"Asic4",-0.0704004847810138,0.3068,"1","acid-sensing (proton-gated) ion channel family member 4"
"Eif3i",0.0703995558366106,0.4386,"4","eukaryotic translation initiation factor 3, subunit I"
"Mycl",0.0703798224602243,0.2578,"4","v-myc avian myelocytomatosis viral oncogene lung carcinoma derived"
"Sike1",-0.0703769362313018,0.3782,"3","suppressor of IKBKE 1"
"Ube2s",0.0703583506589878,0.4334,"7","ubiquitin-conjugating enzyme E2S"
"Zfp629",0.0703171040283843,0.2148,"7","zinc finger protein 629"
"Crlf3",0.0703094183148369,0.2682,"11","cytokine receptor-like factor 3"
"Pygo1",0.0703009869267692,0.2722,"9","pygopus 1"
"Aldh1a1",0.0703008495581887,0.6382,"19","aldehyde dehydrogenase family 1, subfamily A1"
"Aldh1a1",0.0703008495581887,0.6382,"19","aldehyde dehydrogenase family 1, subfamily A1"
"Kctd15",0.0702950554527222,0.3556,"7","potassium channel tetramerisation domain containing 15"
"Pclo",-0.0702922671277673,0.6468,"5","piccolo (presynaptic cytomatrix protein)"
"Pigs",0.0702836857799554,0.0222,"11","phosphatidylinositol glycan anchor biosynthesis, class S"
"Tbc1d31",-0.0702803475536209,0.4982,"15","TBC1 domain family, member 31"
"Timm44",0.0702568464319322,0.3026,"8","translocase of inner mitochondrial membrane 44"
"Ube3b",0.0702199473555565,0.3912,"5","ubiquitin protein ligase E3B"
"Clybl",0.0702170257564978,0.4782,"14","citrate lyase beta like"
"Ankrd13a",0.0702084067022337,0.371,"5","ankyrin repeat domain 13a"
"Flvcr1",0.0702061443237358,0.547,"1","feline leukemia virus subgroup C cellular receptor 1"
"Gpx3",-0.0701950123752491,0.76,"11","glutathione peroxidase 3"
"Scrt1",0.0701458975072731,0.354,"15","scratch family zinc finger 1"
"Tpgs1",0.0701197202779484,0.6886,"10","tubulin polyglutamylase complex subunit 1"
"Lsm11",0.0701150270776187,0.3986,"11","U7 snRNP-specific Sm-like protein LSM11"
"Lhfp",-0.0701114805526006,0.341,"3","lipoma HMGIC fusion partner"
"Ncapg2",-0.0700844804032241,0.5698,"12","non-SMC condensin II complex, subunit G2"
"Gapdh",0.0700832699647265,0.482,"6","glyceraldehyde-3-phosphate dehydrogenase"
"Ankrd49",0.0700805157703788,0.3064,"9","ankyrin repeat domain 49"
"Hdhd3",0.0700753406001922,0.4968,"4","haloacid dehalogenase-like hydrolase domain containing 3"
"Nudt18",0.070061918608892,0.5786,"14","nudix (nucleoside diphosphate linked moiety X)-type motif 18"
"Avl9",-0.0700481257148988,0.6206,"6","AVL9 cell migration associated"
"Me3",0.0700379599372649,0.1536,"7","malic enzyme 3, NADP(+)-dependent, mitochondrial"
"Fam193b",0.0700154667521824,0.6468,"13","family with sequence similarity 193, member B"
"Nop56",0.0700127937423796,0.2834,"2","NOP56 ribonucleoprotein"
"Mettl26",0.0699954521094126,0.613,"17","methyltransferase like 26"
"Eif4e3",-0.0699896354351779,0.3086,"6","eukaryotic translation initiation factor 4E member 3"
"Mkx",0.0699726689357378,0.5362,"18","mohawk homeobox"
"Fndc10",0.0699697389816833,0.6354,"4","fibronectin type III domain containing 10"
"Lsm7",0.0699614161400763,0.6384,"10","LSM7 homolog, U6 small nuclear RNA and mRNA degradation associated"
"Mettl16",-0.0699585838932428,0.2398,"11","methyltransferase like 16"
"Grcc10",0.0699356556947022,0.5936,"6","gene rich cluster, C10 gene"
"Pdia6",-0.0699175903704345,0.4376,"12","protein disulfide isomerase associated 6"
"Cerox1",0.0699139848563606,0.5694,"17","cytoplasmic endogenous regulator of oxidative phosphorylation 1"
"Trpm3",-0.0698995217182041,0.6658,"19","transient receptor potential cation channel, subfamily M, member 3"
"Plek",0.0698905063105792,0.712,"11","pleckstrin"
"Elmod1",-0.0698814788184565,0.4502,"9","ELMO/CED-12 domain containing 1"
"Bend6",0.0698612227200437,0.19,"1","BEN domain containing 6"
"Aldh3b1",-0.0698304655470992,0.6136,"19","aldehyde dehydrogenase 3 family, member B1"
"Smdt1",0.0698257141991681,0.627,"15","single-pass membrane protein with aspartate rich tail 1"
"Relt",0.069797131202944,0.3544,"7","RELT tumor necrosis factor receptor"
"Tspan17",0.0697941794589036,0.6288,"13","tetraspanin 17"
"Abhd13",0.06977333677027,0.3386,"8","abhydrolase domain containing 13"
"Shprh",-0.0697625693213144,0.7118,"10","SNF2 histone linker PHD RING helicase"
"Cops8",0.0697522689225503,0.0946,"1","COP9 signalosome subunit 8"
"Rbm43",0.0697496159328588,0.3312,"2","RNA binding motif protein 43"
"Bud31",0.0697478216662635,0.5038,"5","BUD31 homolog"
"Haus6",0.0697394735909578,0.3328,"4","HAUS augmin-like complex, subunit 6"
"Lrrc42",0.0697353380051751,0.2526,"4","leucine rich repeat containing 42"
"Traip",-0.0697349551968518,0.7118,"9","TRAF-interacting protein"
"Map3k19",-0.0697308943879715,0.6562,"1","mitogen-activated protein kinase kinase kinase 19"
"Nde1",0.069724840860677,0.4828,"16","nudE neurodevelopment protein 1"
"Ccdc85c",0.0697138236405612,0.4394,"12","coiled-coil domain containing 85C"
"Palm",0.069666768162902,0.6132,"10","paralemmin"
"Zdhhc3",0.0696617036428879,0.293,"9","zinc finger, DHHC domain containing 3"
"Abcd4",0.0696584597046486,0.3654,"12","ATP-binding cassette, sub-family D (ALD), member 4"
"Zfp40",0.0696339861903841,0.4676,"17","zinc finger protein 40"
"Mical1",-0.069629393442729,0.43,"10","microtubule associated monooxygenase, calponin and LIM domain containing 1"
"Oscp1",0.0696250710728243,0.1694,"4","organic solute carrier partner 1"
"Lypla2",0.0696093860215479,0.6206,"4","lysophospholipase 2"
"Pdcd6ip",-0.0696076484477608,0.492,"9","programmed cell death 6 interacting protein"
"Surf1",0.0696074814323788,0.333,"2","surfeit gene 1"
"Ell2",-0.0695959362529495,0.3504,"13","elongation factor for RNA polymerase II 2"
"Mllt6",0.0695738489251694,0.4214,"11","myeloid/lymphoid or mixed-lineage leukemia; translocated to, 6"
"Rab6b",0.0695541058569304,0.14,"9","RAB6B, member RAS oncogene family"
"Rilp",-0.0695334133925045,0.7606,"11","Rab interacting lysosomal protein"
"Ttc7",-0.0695167029408257,0.4978,"17","tetratricopeptide repeat domain 7"
"Aifm2",0.0695108772222182,0.4074,"10","apoptosis-inducing factor, mitochondrion-associated 2"
"Thap11",0.0695098379196013,0.402,"8","THAP domain containing 11"
"Dmap1",0.0694740486674768,0.471,"4","DNA methyltransferase 1-associated protein 1"
"Ptpn5",0.0694450462343879,0.3206,"7","protein tyrosine phosphatase, non-receptor type 5"
"Hspb8",-0.0694008630989469,0.4946,"5","heat shock protein 8"
"Fbxo36",-0.0693819470328978,0.7496,"1","F-box protein 36"
"Tcn2",-0.0693787311929595,0.6898,"11","transcobalamin 2"
"Nabp1",0.0693760443581639,0.667,"1","nucleic acid binding protein 1"
"Dph1",0.0693698092640838,0.5786,"11","diphthamide biosynthesis 1"
"Cul9",0.069332086344172,0.3762,"17","cullin 9"
"Arc",0.0693258627439413,0.7444,"15","activity regulated cytoskeletal-associated protein"
"Npdc1",0.0693114419676011,0.5618,"2","neural proliferation, differentiation and control 1"
"Rps27l",0.069309819152815,0.4928,"9","ribosomal protein S27-like"
"Zfp850",-0.069282606367469,0.5156,"7","zinc finger protein 850"
"Rpl27a",0.0692635525822292,0.6414,"7","ribosomal protein L27A"
"Slc38a6",-0.0692592796654128,0.7112,"12","solute carrier family 38, member 6"
"Rgp1",0.0692582468996434,0.2704,"4","RAB6A GEF compex partner 1"
"Cox5a",0.0692428311868269,0.4328,"9","cytochrome c oxidase subunit 5A"
"Mapk12",-0.069213774746169,0.549,"15","mitogen-activated protein kinase 12"
"Snrnp35",-0.0691225526774764,0.5658,"5","small nuclear ribonucleoprotein 35 (U11/U12)"
"Cmc1",0.0691205057139581,0.494,"9","COX assembly mitochondrial protein 1"
"Fam98a",0.0691031134071229,0.132,"17","family with sequence similarity 98, member A"
"Kcnq3",-0.0690510835070857,0.4676,"15","potassium voltage-gated channel, subfamily Q, member 3"
"Ccdc157",0.0690330063355766,0.4898,"11","coiled-coil domain containing 157"
"Cog4",0.0690318634238754,0.2652,"8","component of oligomeric golgi complex 4"
"Atp5l",0.0690317518751247,0.4724,"9","ATP synthase, H+ transporting, mitochondrial F0 complex, subunit G"
"Rab2a",0.0690081091090349,0.2902,"4","RAB2A, member RAS oncogene family"
"Isy1",0.0690043040495665,0.1708,"6","ISY1 splicing factor homolog"
"Cul4a",-0.0689780462394962,0.5558,"8","cullin 4A"
"Slc4a10",-0.0689624196798997,0.728,"2","solute carrier family 4, sodium bicarbonate cotransporter-like, member 10"
"Amn1",-0.068951802915155,0.3796,"6","antagonist of mitotic exit network 1"
"Rerg",0.0689282691438109,0.5078,"6","RAS-like, estrogen-regulated, growth-inhibitor"
"Tmem65",0.0689181740213982,0.1516,"15","transmembrane protein 65"
"Ankrd42",0.0688863847835099,0.6228,"7","ankyrin repeat domain 42"
"Chpf2",0.0688808434385919,0.5454,"5","chondroitin polymerizing factor 2"
"Ctbp1",0.0688647638297137,0.5034,"5","C-terminal binding protein 1"
"Zswim5",0.0688347651767405,0.282,"4","zinc finger SWIM-type containing 5"
"Dcx",0.0688335630132402,0.5486,"X","doublecortin"
"Dtd2",0.0688306623333035,0.3106,"12","D-tyrosyl-tRNA deacylase 2"
"Ptcd1",-0.0688301211358997,0.356,"5","pentatricopeptide repeat domain 1"
"Kcnt1",0.0688214334867325,0.6012,"2","potassium channel, subfamily T, member 1"
"Zfp933",0.068820976301236,0.4626,"4","zinc finger protein 933"
"Hnrnpdl",0.0687949984025611,0.3628,"5","heterogeneous nuclear ribonucleoprotein D-like"
"St3gal2",0.0687942569440949,0.3558,"8","ST3 beta-galactoside alpha-2,3-sialyltransferase 2"
"Sys1",0.068790269367236,0.604,"2","SYS1 Golgi-localized integral membrane protein homolog (S. cerevisiae)"
"Rpl31",0.068786693991286,0.7088,"1","ribosomal protein L31"
"Rabac1",0.0687830063218655,0.6056,"7","Rab acceptor 1 (prenylated)"
"Prdx2",0.0687373290320901,0.4908,"8","peroxiredoxin 2"
"Spock1",0.0687233783259833,0.4716,"13","sparc/osteonectin, cwcv and kazal-like domains proteoglycan 1"
"Amotl2",-0.0687116236058891,0.4608,"9","angiomotin-like 2"
"Pradc1",-0.0686851892995288,0.5982,"6","protease-associated domain containing 1"
"Ogn",-0.0686236505701991,0.7534,"13","osteoglycin"
"Pars2",0.0686216952146581,0.5022,"4","prolyl-tRNA synthetase (mitochondrial)(putative)"
"Mocs1",0.0686196526338727,0.465,"17","molybdenum cofactor synthesis 1"
"Plpp7",0.0686155041404861,0.5272,"2","phospholipid phosphatase 7 (inactive)"
"Actn2",-0.0686136844529761,0.3666,"13","actinin alpha 2"
"E130102H24Rik",0.0685811818841942,0.6966,"4","RIKEN cDNA E130102H24 gene"
"Tmem160",0.06856777825866,0.647,"7","transmembrane protein 160"
"Itpkb",-0.0685639073075155,0.5584,"1","inositol 1,4,5-trisphosphate 3-kinase B"
"Ccdc57",0.0685496803099594,0.627,"11","coiled-coil domain containing 57"
"Mkks",0.0685243468611754,0.1384,"2","McKusick-Kaufman syndrome"
"Idh3g",0.0685066586942877,0.2408,"X","isocitrate dehydrogenase 3 (NAD+), gamma"
"Robo2",-0.0684998084480144,0.634,"16","roundabout guidance receptor 2"
"Atp5g1",0.068492940126851,0.6526,"11","ATP synthase, H+ transporting, mitochondrial F0 complex, subunit C1 (subunit 9)"
"Atcay",0.0684921691310478,0.1174,"10","ataxia, cerebellar, Cayman type"
"Vcpkmt",0.0684848045607969,0.3524,"12","valosin containing protein lysine (K) methyltransferase"
"Sbk1",0.0684712657322839,0.4364,"7","SH3-binding kinase 1"
"Spty2d1",-0.0684684403203724,0.5328,"7","SPT2 chromatin protein domain containing 1"
"Smim26",0.0684443630565656,0.547,"2","small integral membrane protein 26"
"Cd2bp2",0.0684272304382159,0.0364,"7","CD2 cytoplasmic tail binding protein 2"
"Ttc26",0.0684234639801988,0.4446,"6","tetratricopeptide repeat domain 26"
"Pts",0.0683914088998678,0.3878,"9","6-pyruvoyl-tetrahydropterin synthase"
"Fkbp8",0.0683773523130231,0.561,"8","FK506 binding protein 8"
"Metap2",0.0683715612289921,0.02,"10","methionine aminopeptidase 2"
"Sptlc2",-0.0683465740079416,0.2242,"12","serine palmitoyltransferase, long chain base subunit 2"
"Ints2",-0.0683377312229756,0.6836,"11","integrator complex subunit 2"
"Nsmce2",0.0683348398647334,0.2526,"15","NSE2/MMS21 homolog, SMC5-SMC6 complex SUMO ligase"
"Usp42",-0.0683340046044902,0.4718,"5","ubiquitin specific peptidase 42"
"Dcp1b",0.0683254729729845,0.2712,"6","decapping mRNA 1B"
"Mxra7",0.0683096158886958,0.2818,"11","matrix-remodelling associated 7"
"Inka1",0.068309256176065,0.633,"9","inka box actin regulator 1"
"Zfp174",0.068298328220989,0.4864,"16","zinc finger protein 174"
"Nkain1",0.0682933057047608,0.594,"4","Na+/K+ transporting ATPase interacting 1"
"Spns2",0.0682921537777323,0.2392,"11","spinster homolog 2"
"Brms1",0.068258774371321,0.5626,"19","breast cancer metastasis-suppressor 1"
"Cdh20",-0.0682239189832363,0.3828,"1","cadherin 20"
"Itgb5",-0.0681780153141132,0.5372,"16","integrin beta 5"
"Ddo",0.0681760566855356,0.547,"10","D-aspartate oxidase"
"Pum3",0.0681387613299158,0.134,"19","pumilio RNA-binding family member 3"
"Ccdc142",0.0681066050352217,0.6374,"6","coiled-coil domain containing 142"
"Rgs11",0.0681033333549834,0.6692,"17","regulator of G-protein signaling 11"
"Serp2",0.0680986268584265,0.6078,"14","stress-associated endoplasmic reticulum protein family member 2"
"BC004004",0.0680796835324591,0.4648,"17","cDNA sequence BC004004"
"Sh3gl1",0.0680789716827572,0.3046,"17","SH3-domain GRB2-like 1"
"Zc3h18",-0.0680696020526899,0.1326,"8","zinc finger CCCH-type containing 18"
"Cpne8",-0.0680623867317198,0.6156,"15","copine VIII"
"Atxn7l3",0.0680606917660569,0.2534,"11","ataxin 7-like 3"
"Rbm27",-0.0680342189666483,0.5482,"18","RNA binding motif protein 27"
"Bcat2",-0.0680337393890591,0.637,"7","branched chain aminotransferase 2, mitochondrial"
"Pex26",0.0680065643416925,0.323,"6","peroxisomal biogenesis factor 26"
"Zc3hav1l",0.0680040048663639,0.6022,"6","zinc finger CCCH-type, antiviral 1-like"
"Ankib1",-0.0679991197392447,0.586,"5","ankyrin repeat and IBR domain containing 1"
"Prxl2b",0.0679688847577724,0.6508,"4","peroxiredoxin like 2B"
"Preb",0.0679559596444115,0.2448,"5","prolactin regulatory element binding"
"Ahsa2",0.0679458100005537,0.3798,"11","AHA1, activator of heat shock protein ATPase 2"
"Hnrnpa3",0.0679384918516694,0.0824,"2","heterogeneous nuclear ribonucleoprotein A3"
"Brsk1",0.0679317685121212,0.5502,"7","BR serine/threonine kinase 1"
"Gmppb",0.0679285534010408,0.2814,"9","GDP-mannose pyrophosphorylase B"
"Faah",0.0679282611814447,0.4538,"4","fatty acid amide hydrolase"
"Bnip3",0.0679199048732064,0.302,"7","BCL2/adenovirus E1B interacting protein 3"
"Cc2d1a",0.0679151253083763,0.3064,"8","coiled-coil and C2 domain containing 1A"
"Thrsp",0.0678806059076349,0.6016,"7","thyroid hormone responsive"
"Gtpbp4",-0.0678693490831721,0.4352,"13","GTP binding protein 4"
"Shfl",0.0678480553050713,0.5966,"9","shiftless antiviral inhibitor of ribosomal frameshifting"
"Tmem39b",0.0678205322093794,0.405,"4","transmembrane protein 39b"
"Washc3",0.067815910401213,0.4128,"10","WASH complex subunit 3"
"Atp5h",0.0678142518915603,0.5836,"11","ATP synthase, H+ transporting, mitochondrial F0 complex, subunit D"
"Hsbp1",0.0678131281303394,0.4098,"8","heat shock factor binding protein 1"
"Chst12",0.067810919057731,0.3226,"5","carbohydrate sulfotransferase 12"
"Psmd8",0.0678009428439763,0.2096,"7","proteasome (prosome, macropain) 26S subunit, non-ATPase, 8"
"Scyl1",0.0677691336226811,0.449,"19","SCY1-like 1 (S. cerevisiae)"
"Ptprz1",-0.0677672263433671,0.4248,"6","protein tyrosine phosphatase, receptor type Z, polypeptide 1"
"Cstf1",0.0677651279815832,0.1658,"2","cleavage stimulation factor, 3' pre-RNA, subunit 1"
"Epb41l2",-0.0677616341702798,0.2306,"10","erythrocyte membrane protein band 4.1 like 2"
"Clta",0.0677550177631092,0.5318,"4","clathrin, light polypeptide (Lca)"
"Megf11",0.0677116745591642,0.583,"9","multiple EGF-like-domains 11"
"Ep300",-0.0677101788478156,0.6728,"15","E1A binding protein p300"
"Epb41l3",-0.067697423116976,0.257,"17","erythrocyte membrane protein band 4.1 like 3"
"Katna1",-0.0676931739850737,0.3618,"10","katanin p60 (ATPase-containing) subunit A1"
"Psmb2",0.0676636675987874,0.3984,"4","proteasome (prosome, macropain) subunit, beta type 2"
"Zfp277",0.0676476196772349,0.2818,"12","zinc finger protein 277"
"Cbx8",0.067640717507611,0.2566,"11","chromobox 8"
"Tle5",0.0676320821973864,0.6834,"10","TLE family member 5, transcriptional modulator"
"Gmcl1",0.0676152679152473,0.1578,"6","germ cell-less, spermatogenesis associated 1"
"Mcat",-0.0675836460447381,0.396,"15","malonyl CoA:ACP acyltransferase (mitochondrial)"
"Acp1",0.0675675077513898,0.3702,"12","acid phosphatase 1, soluble"
"Tmem240",0.0675064086151407,0.5362,"4","transmembrane protein 240"
"Trim13",-0.0674634833296475,0.4486,"14","tripartite motif-containing 13"
"Slc24a4",0.0674573615732283,0.7018,"12","solute carrier family 24 (sodium/potassium/calcium exchanger), member 4"
"Casp2",0.0674353272868151,0.334,"6","caspase 2"
"Pxdc1",0.067417760542015,0.3632,"13","PX domain containing 1"
"Ikzf5",0.0673735059992167,0.4198,"7","IKAROS family zinc finger 5"
"Lime1",0.0673349443312805,0.6198,"2","Lck interacting transmembrane adaptor 1"
"Zfp39",0.0673161141850058,0.4982,"11","zinc finger protein 39"
"Capn1",0.0673094445482896,0.3378,"19","calpain 1"
"Gatad2b",-0.0673058280492116,0.695,"3","GATA zinc finger domain containing 2B"
"Ilrun",0.0672968725036025,0.4046,"17","inflammation and lipid regulator with UBA-like and NBR1-like domains"
"Nat10",0.067290975588473,0.452,"2","N-acetyltransferase 10"
"Sphkap",0.0672664216425334,0.5238,"1","SPHK1 interactor, AKAP domain containing"
"Slc25a29",0.0672523519505059,0.5284,"12","solute carrier family 25 (mitochondrial carrier, palmitoylcarnitine transporter), member 29"
"Osbpl7",0.067244028812171,0.5284,"11","oxysterol binding protein-like 7"
"Wdr13",0.0672144367230141,0.3062,"X","WD repeat domain 13"
"Wdr81",0.0672004403707627,0.2584,"11","WD repeat domain 81"
"Sh3gl3",0.067184865721817,0.6224,"7","SH3-domain GRB2-like 3"
"Iars",-0.0671597147492005,0.4322,"13","isoleucine-tRNA synthetase"
"Eef1aknmt",-0.0671572464300114,0.3156,"1","EEF1A lysine and N-terminal methyltransferase"
"Epn1",0.06715679849429,0.6566,"7","epsin 1"
"Mterf2",0.0671563927604848,0.3918,"10","mitochondrial transcription termination factor 2"
"Camk4",0.0671554464011885,0.5474,"18","calcium/calmodulin-dependent protein kinase IV"
"Garnl3",-0.0671533084706035,0.316,"2","GTPase activating RANGAP domain-like 3"
"Zbtb38",-0.0671511476147897,0.774,"9","zinc finger and BTB domain containing 38"
"Mir1900",-0.06714277394295,0.6856,"9","microRNA 1900"
"Tor1a",0.0671398349435899,0.1958,"2","torsin family 1, member A (torsin A)"
"B3gat3",0.0671304083321793,0.6218,"19","beta-1,3-glucuronyltransferase 3 (glucuronosyltransferase I)"
"Rbfa",0.0671205682140821,0.2516,"18","ribosome binding factor A"
"Fam53c",0.067118626700764,0.1724,"18","family with sequence similarity 53, member C"
"Tbl3",0.067106760159608,0.4774,"17","transducin (beta)-like 3"
"Ptn",-0.0671065053048041,0.3154,"6","pleiotrophin"
"Setmar",0.06707628649567,0.518,"6","SET domain without mariner transposase fusion"
"Fndc5",0.0670535804213293,0.4774,"4","fibronectin type III domain containing 5"
"Zfp74",-0.0670530110301071,0.444,"7","zinc finger protein 74"
"Fam161b",0.0670354549942216,0.217,"12","family with sequence similarity 161, member B"
"Ndufb8",0.0670353296400821,0.5684,"19","NADH:ubiquinone oxidoreductase subunit B8"
"Klhl11",0.0670261052271641,0.3512,"11","kelch-like 11"
"Gmpr2",0.0670149670502624,0.183,"14","guanosine monophosphate reductase 2"
"Otud7a",0.0670114034710556,0.1006,"7","OTU domain containing 7A"
"Csgalnact1",-0.0670010586457188,0.3938,"8","chondroitin sulfate N-acetylgalactosaminyltransferase 1"
"Plce1",-0.0669959367864714,0.529,"19","phospholipase C, epsilon 1"
"Cdiptos",0.0669673145129224,0.7802,"7","CDIP transferase, opposite strand"
"Snrnp25",0.0669667556847524,0.5814,"11","small nuclear ribonucleoprotein 25 (U11/U12)"
"Ctnna1",-0.0669512275758688,0.2632,"18","catenin (cadherin associated protein), alpha 1"
"Nudcd2",0.066940972493676,0.3368,"11","NudC domain containing 2"
"Zfp322a",0.0668888861805845,0.4798,"13","zinc finger protein 322A"
"Spred2",-0.0668865126858655,0.734,"11","sprouty-related EVH1 domain containing 2"
"Btbd19",-0.0668452363377976,0.4756,"4","BTB (POZ) domain containing 19"
"Mapk8ip1",0.0668293820944932,0.4842,"2","mitogen-activated protein kinase 8 interacting protein 1"
"Bcr",-0.0668292318323953,0.4588,"10","BCR activator of RhoGEF and GTPase"
"Zfp2",0.0668173412090307,0.2926,"11","zinc finger protein 2"
"Rnpep",0.0668037084115403,0.3958,"1","arginyl aminopeptidase (aminopeptidase B)"
"Txndc15",0.0667802662194799,0.3118,"13","thioredoxin domain containing 15"
"Ddx50",-0.0667134831812426,0.0652,"10","DExD box helicase 50"
"Slitrk1",-0.0666964383920332,0.5006,"14","SLIT and NTRK-like family, member 1"
"Mtmr11",-0.0666755604563116,0.3204,"3","myotubularin related protein 11"
"Pde4a",0.0666708526191515,0.3984,"9","phosphodiesterase 4A, cAMP specific"
"Cep152",0.0666674471231206,0.5848,"2","centrosomal protein 152"
"Exoc8",0.0666422971393228,0.1402,"8","exocyst complex component 8"
"Ftsj1",0.0666330012854566,0.3556,"X","FtsJ RNA methyltransferase homolog 1 (E. coli)"
"Fbln1",0.066631707382367,0.4532,"15","fibulin 1"
"Oser1",0.0666242089401567,0.4734,"2","oxidative stress responsive serine rich 1"
"Cdkl2",0.0666218268401257,0.3516,"5","cyclin-dependent kinase-like 2 (CDC2-related kinase)"
"Col4a5",-0.066621706762944,0.786,"X","collagen, type IV, alpha 5"
"Rad51d",-0.0665907817674336,0.2618,"11","RAD51 paralog D"
"Cdkl3",0.0665371627494138,0.315,"11","cyclin-dependent kinase-like 3"
"F8a",0.0665280338878915,0.5196,"X","factor 8-associated gene A"
"Nubp2",0.0665262233287915,0.5424,"17","nucleotide binding protein 2"
"Rtkn",0.0665218025500023,0.5116,"6","rhotekin"
"Zfp414",-0.0665201108965459,0.4924,"17","zinc finger protein 414"
"Pnisr",-0.066517510082365,0.7708,"4","PNN interacting serine/arginine-rich"
"Zfp719",0.0665025856355523,0.358,"7","zinc finger protein 719"
"Klhdc8b",-0.0664995630779064,0.4374,"9","kelch domain containing 8B"
"Frg1",0.0664804668659276,0.2952,"8","FSHD region gene 1"
"Mrps26",0.0664698111177762,0.5962,"2","mitochondrial ribosomal protein S26"
"Scg5",0.0664234867867428,0.2716,"2","secretogranin V"
"Ppp2r5d",0.066406780872434,0.2718,"17","protein phosphatase 2, regulatory subunit B', delta"
"Sox8",0.0663362582788682,0.3446,"17","SRY (sex determining region Y)-box 8"
"Tmem238",-0.0663291079195882,0.7262,"7","transmembrane protein 238"
"Mpped1",-0.0663285389319306,0.685,"15","metallophosphoesterase domain containing 1"
"Traf3",0.0663237161480232,0.2446,"12","TNF receptor-associated factor 3"
"Eml2",0.066295418951011,0.3146,"7","echinoderm microtubule associated protein like 2"
"Slc17a7",0.0662793320151867,0.4246,"7","solute carrier family 17 (sodium-dependent inorganic phosphate cotransporter), member 7"
"Polr3gl",0.0662504972687357,0.4638,"3","polymerase (RNA) III (DNA directed) polypeptide G like"
"Dnajc2",0.0662440885202935,0.177,"5","DnaJ heat shock protein family (Hsp40) member C2"
"Ston2",-0.0662439058826578,0.3356,"12","stonin 2"
"1500004A13Rik",0.0662186695903157,0.0808,"3","RIKEN cDNA 1500004A13 gene"
"Far2",-0.0662143032458333,0.6208,"6","fatty acyl CoA reductase 2"
"Abhd5",-0.0662112148493188,0.376,"9","abhydrolase domain containing 5"
"Prr3",0.0661854670293804,0.4932,"17","proline-rich polypeptide 3"
"Bckdhb",0.0661780012819815,0.2528,"9","branched chain ketoacid dehydrogenase E1, beta polypeptide"
"Il16",0.0661438956322051,0.3668,"7","interleukin 16"
"Vgf",-0.0661376221886281,0.353,"5","VGF nerve growth factor inducible"
"Helb",0.066094427527585,0.6416,"10","helicase (DNA) B"
"C87436",0.0660866039470926,0.3768,"6","expressed sequence C87436"
"Ppp1r11",0.06607919676176,0.527,"17","protein phosphatase 1, regulatory inhibitor subunit 11"
"Kmt2c",-0.0660747810877913,0.7124,"5","lysine (K)-specific methyltransferase 2C"
"Tysnd1",0.0660730065156887,0.6144,"10","trypsin domain containing 1"
"Il12rb2",0.0660666235412743,0.5404,"6","interleukin 12 receptor, beta 2"
"Qtrt1",0.066042008769795,0.5904,"9","queuine tRNA-ribosyltransferase catalytic subunit 1"
"Nadsyn1",-0.0660403041278572,0.5138,"7","NAD synthetase 1"
"Eef1b2",0.0660400367971796,0.5566,"1","eukaryotic translation elongation factor 1 beta 2"
"Paqr8",0.0660211455831377,0.3568,"1","progestin and adipoQ receptor family member VIII"
"Ranbp2",-0.066003679825748,0.7466,"10","RAN binding protein 2"
"Lrrc14",0.0659936118047098,0.2732,"15","leucine rich repeat containing 14"
"Itga6",-0.0659885914965237,0.6002,"2","integrin alpha 6"
"Rgmb",0.0659850460476461,0.1268,"17","repulsive guidance molecule family member B"
"Cox19",0.0659822049961916,0.5374,"5","cytochrome c oxidase assembly protein 19"
"Gpr22",-0.065976196886103,0.7422,"12","G protein-coupled receptor 22"
"Stard7",0.0659761188614674,0.1872,"2","START domain containing 7"
"Maf1",0.06595437469523,0.3808,"15","MAF1 homolog, negative regulator of RNA polymerase III"
"Git2",0.065952699700734,0.1304,"5","GIT ArfGAP 2"
"Parp6",0.0659434171787163,0.3462,"9","poly (ADP-ribose) polymerase family, member 6"
"Ptprr",-0.06591865192545,0.3954,"10","protein tyrosine phosphatase, receptor type, R"
"Hdac10",0.0659125327431274,0.5574,"15","histone deacetylase 10"
"Catsperz",0.065900119223818,0.6588,"19","cation channel sperm associated auxiliary subunit zeta"
"Pdlim2",0.0658774176276502,0.7504,"14","PDZ and LIM domain 2"
"Htatip2",0.0658580061442104,0.542,"7","HIV-1 Tat interactive protein 2"
"Wdr25",-0.0658325280895733,0.472,"12","WD repeat domain 25"
"Macf1",-0.0658318543953733,0.6226,"4","microtubule-actin crosslinking factor 1"
"Ppp1r18",-0.065809064940717,0.4358,"17","protein phosphatase 1, regulatory subunit 18"
"Sgsm2",0.0658052968798479,0.4922,"11","small G protein signaling modulator 2"
"Cacna1b",-0.0657987151156343,0.5294,"2","calcium channel, voltage-dependent, N type, alpha 1B subunit"
"Slc2a1",-0.0657968170390753,0.5428,"4","solute carrier family 2 (facilitated glucose transporter), member 1"
"Ddrgk1",0.065787008126212,0.5038,"2","DDRGK domain containing 1"
"Nelfcd",0.0657858406268348,0.3284,"2","negative elongation factor complex member C/D, Th1l"
"Mblac2",-0.065771422755283,0.4428,"13","metallo-beta-lactamase domain containing 2"
"Tm9sf2",-0.0657416933833481,0.642,"14","transmembrane 9 superfamily member 2"
"Arl4a",-0.0657156680672601,0.311,"12","ADP-ribosylation factor-like 4A"
"Insig2",-0.0657119820622931,0.468,"1","insulin induced gene 2"
"Tmem132e",-0.0656774239296478,0.4394,"11","transmembrane protein 132E"
"Plcd1",0.0656723302469002,0.4438,"9","phospholipase C, delta 1"
"Chchd6",0.0656718547296578,0.638,"6","coiled-coil-helix-coiled-coil-helix domain containing 6"
"Tmem178",0.0656715058793038,0.2182,"17","transmembrane protein 178"
"Zfr2",0.0656590172449469,0.5002,"10","zinc finger RNA binding protein 2"
"Rbis",0.0656510794525849,0.5904,"3","ribosomal biogenesis factor"
"Tssc4",0.0656265238479312,0.574,"7","tumor-suppressing subchromosomal transferable fragment 4"
"Slc6a6",-0.0656217227478617,0.5162,"6","solute carrier family 6 (neurotransmitter transporter, taurine), member 6"
"Cfl2",0.0655776445192338,0.3088,"12","cofilin 2, muscle"
"Zfp143",0.0655701659493308,0.5814,"7","zinc finger protein 143"
"Pfdn5",0.0655694203312347,0.6836,"15","prefoldin 5"
"Dus4l",0.0655669339109548,0.5614,"12","dihydrouridine synthase 4-like (S. cerevisiae)"
"Slc6a20a",0.0655588177531297,0.8306,"9","solute carrier family 6 (neurotransmitter transporter), member 20A"
"Sap30bp",0.0655493444485451,0.1852,"11","SAP30 binding protein"
"Gfod1",0.0655359535903175,0.302,"13","glucose-fructose oxidoreductase domain containing 1"
"Ogfod2",0.0655050752022381,0.5526,"5","2-oxoglutarate and iron-dependent oxygenase domain containing 2"
"0610009B22Rik",0.0654957412372328,0.45,"11","RIKEN cDNA 0610009B22 gene"
"Mettl4",-0.0654950069079145,0.368,"17","methyltransferase like 4"
"Krt73",0.0654945115275458,0.4792,"15","keratin 73"
"Tyrobp",-0.0654832736213085,0.6944,"7","TYRO protein tyrosine kinase binding protein"
"Carhsp1",0.065483177584003,0.6592,"16","calcium regulated heat stable protein 1"
"Cep41",-0.0654793825676179,0.4158,"6","centrosomal protein 41"
"Bax",0.0654212136489996,0.6672,"7","BCL2-associated X protein"
"Sirt2",0.0654201547502096,0.5446,"7","sirtuin 2"
"Ndufv2",0.065417982654151,0.4418,"17","NADH:ubiquinone oxidoreductase core subunit V2"
"Ccbe1",0.0654105075266083,0.5676,"18","collagen and calcium binding EGF domains 1"
"Kmt2a",-0.0653923255724127,0.703,"9","lysine (K)-specific methyltransferase 2A"
"Bckdk",0.0653727939859579,0.3202,"7","branched chain ketoacid dehydrogenase kinase"
"Syvn1",-0.0653528107044545,0.3212,"19","synovial apoptosis inhibitor 1, synoviolin"
"Sel1l",-0.0653508375112821,0.555,"12","sel-1 suppressor of lin-12-like (C. elegans)"
"Mpp1",0.0653420817370849,0.0858,"X","membrane protein, palmitoylated"
"Cyb561",-0.0653288454488985,0.4262,"11","cytochrome b-561"
"Tpm1",0.065324668823199,0.1228,"9","tropomyosin 1, alpha"
"Tuba1b",0.0653201142590962,0.3694,"15","tubulin, alpha 1B"
"Elmo3",-0.0652659732105607,0.6366,"8","engulfment and cell motility 3"
"Arpc1a",0.0652567104546806,0.4316,"5","actin related protein 2/3 complex, subunit 1A"
"Vps13b",-0.065219378783782,0.657,"15","vacuolar protein sorting 13B"
"Katnbl1",0.0652059111285901,0.249,"2","katanin p80 subunit B like 1"
"Agpat5",0.0651731066180705,0.1362,"8","1-acylglycerol-3-phosphate O-acyltransferase 5 (lysophosphatidic acid acyltransferase, epsilon)"
"Dlat",0.0651638874351352,0.2382,"9","dihydrolipoamide S-acetyltransferase (E2 component of pyruvate dehydrogenase complex)"
"Rhog",0.065148947492383,0.7322,"7","ras homolog family member G"
"Npy2r",-0.0651346303297995,0.6448,"3","neuropeptide Y receptor Y2"
"Mir22hg",0.0651304373371246,0.5268,"11","Mir22 host gene (non-protein coding)"
"5330434G04Rik",-0.0651191298405449,0.717,"X","RIKEN cDNA 5330434G04 gene"
"Sarnp",0.0651042439070535,0.2878,"10","SAP domain containing ribonucleoprotein"
"Arid3b",0.0651001624424143,0.605,"9","AT rich interactive domain 3B (BRIGHT-like)"
"Nenf",0.0650959499068833,0.7108,"1","neuron derived neurotrophic factor"
"Thoc2l",-0.0650887744972275,0.636,"5","THO complex subunit 2-like"
"Grin2b",-0.065075055547025,0.694,"6","glutamate receptor, ionotropic, NMDA2B (epsilon 2)"
"Csad",0.0650503414676615,0.4396,"15","cysteine sulfinic acid decarboxylase"
"Gas6",-0.0650484897917014,0.4524,"8","growth arrest specific 6"
"Zdhhc16",0.0650193385036082,0.255,"19","zinc finger, DHHC domain containing 16"
"Elac1",0.0650103092627665,0.2064,"18","elaC ribonuclease Z 1"
"Nploc4",0.0650102971600832,0.0756,"11","NPL4 homolog, ubiquitin recognition factor"
"Kat14",0.0649857783493477,0.3052,"2","lysine acetyltransferase 14"
"Mrps24",0.0649843572583499,0.6594,"11","mitochondrial ribosomal protein S24"
"Gnb2",0.0649752799267294,0.533,"5","guanine nucleotide binding protein (G protein), beta 2"
"Snx18",0.064963732355535,0.3476,"13","sorting nexin 18"
"Lats2",0.0649577279132894,0.5434,"14","large tumor suppressor 2"
"Zfp775",0.06492350637421,0.429,"6","zinc finger protein 775"
"Brip1os",-0.0649154892419017,0.3456,"11","BRCA1 interacting protein C-terminal helicase 1, opposite strand"
"Map3k14",0.0649119986485247,0.4792,"11","mitogen-activated protein kinase kinase kinase 14"
"Iigp1",-0.0649067145365703,0.6894,"18","interferon inducible GTPase 1"
"Plekha6",-0.0649066918383303,0.6078,"1","pleckstrin homology domain containing, family A member 6"
"Wdr70",0.064903677180367,0.149,"15","WD repeat domain 70"
"Mrps25",0.0648867009906615,0.3484,"6","mitochondrial ribosomal protein S25"
"Rps25",0.0648765215950737,0.664,"9","ribosomal protein S25"
"Mro",0.0648631472551346,0.1726,"18","maestro"
"Cdadc1",0.0648545397561442,0.052,"14","cytidine and dCMP deaminase domain containing 1"
"Lgi4",0.0648383003475033,0.396,"7","leucine-rich repeat LGI family, member 4"
"Cse1l",0.064775558382391,0.4938,"2","chromosome segregation 1-like (S. cerevisiae)"
"Fam13c",-0.0647637414491236,0.769,"10","family with sequence similarity 13, member C"
"Chrm3",-0.0647609558162641,0.6964,"13","cholinergic receptor, muscarinic 3, cardiac"
"Itgbl1",-0.0647568446857434,0.6924,"14","integrin, beta-like 1"
"Pcdhb17",-0.0647500301635247,0.5608,"18","protocadherin beta 17"
"Smarca2",-0.064738918106678,0.3158,"19","SWI/SNF related, matrix associated, actin dependent regulator of chromatin, subfamily a, member 2"
"Dnah1",0.0647380030034475,0.3962,"14","dynein, axonemal, heavy chain 1"
"Rpl22l1",0.064732195844897,0.7158,"3","ribosomal protein L22 like 1"
"Tpt1",0.0647268945172144,0.6012,"14","tumor protein, translationally-controlled 1"
"Elk1",0.0647207567915355,0.2384,"X","ELK1, member of ETS oncogene family"
"Ssbp4",0.0647096913582423,0.6764,"8","single stranded DNA binding protein 4"
"Ltv1",0.0647043775589085,0.3414,"10","LTV1 ribosome biogenesis factor"
"Ankmy2",0.0646823239161423,0.2132,"12","ankyrin repeat and MYND domain containing 2"
"Spef1",0.0646466864690241,0.5764,"2","sperm flagellar 1"
"Zfp955b",-0.0646398392913667,0.6814,"17","zinc finger protein 955B"
"Gnal",0.0646214161100698,0.1934,"18","guanine nucleotide binding protein, alpha stimulating, olfactory type"
"Ndufb5",0.0646143108807173,0.5398,"3","NADH:ubiquinone oxidoreductase subunit B5"
"Oprd1",-0.0646081697503642,0.8502,"4","opioid receptor, delta 1"
"Ciao3",0.0646001757599199,0.3786,"17","cytosolic iron-sulfur assembly component 3"
"Cnot11",0.0645665588134916,0.0778,"1","CCR4-NOT transcription complex, subunit 11"
"Foxj1",-0.0645639054598233,0.7244,"11","forkhead box J1"
"Ptprd",-0.0645504457105703,0.513,"4","protein tyrosine phosphatase, receptor type, D"
"Hint1",0.0644841333670421,0.4656,"11","histidine triad nucleotide binding protein 1"
"Prss23",-0.0644648313625953,0.651,"7","protease, serine 23"
"Gpr3",0.0644444490317468,0.5692,"4","G-protein coupled receptor 3"
"Utp14b",-0.0644095257750941,0.534,"1","UTP14B small subunit processome component"
"Cox7a2l",0.0643818735309658,0.522,"17","cytochrome c oxidase subunit 7A2 like"
"Decr1",-0.0643761208480056,0.528,"4","2,4-dienoyl CoA reductase 1, mitochondrial"
"Stk11",0.0643557734579971,0.5452,"10","serine/threonine kinase 11"
"Large1",0.0643484174004483,0.2846,"8","LARGE xylosyl- and glucuronyltransferase 1"
"Btbd2",0.0643446742669109,0.609,"10","BTB (POZ) domain containing 2"
"Sumo2",-0.0643342126509499,0.4874,"11","small ubiquitin-like modifier 2"
"Alg13",0.0643297596405819,0.5256,"X","asparagine-linked glycosylation 13"
"Diras1",0.0643069525892113,0.3896,"10","DIRAS family, GTP-binding RAS-like 1"
"Fam20c",0.0642887392565585,0.4912,"5","FAM20C, golgi associated secretory pathway kinase"
"Gcnt2",-0.0642880629524836,0.5012,"13","glucosaminyl (N-acetyl) transferase 2, I-branching enzyme"
"Pcsk7",0.0642730797959663,0.3896,"9","proprotein convertase subtilisin/kexin type 7"
"Dgkd",0.0642618776015746,0.3568,"1","diacylglycerol kinase, delta"
"Trim27",0.0642560783217947,0.2042,"13","tripartite motif-containing 27"
"Uggt2",-0.0642557072414114,0.6992,"14","UDP-glucose glycoprotein glucosyltransferase 2"
"Stx2",0.0642342289068383,0.5002,"5","syntaxin 2"
"Gnpnat1",0.0642036859672697,0.3916,"14","glucosamine-phosphate N-acetyltransferase 1"
"Arf6",-0.0642015516285808,0.3414,"12","ADP-ribosylation factor 6"
"Ak7",0.0641981503406472,0.7584,"12","adenylate kinase 7"
"Cdk6",-0.0641797534715012,0.6868,"5","cyclin-dependent kinase 6"
"Slc26a6",0.0641482366573545,0.6424,"9","solute carrier family 26, member 6"
"Tomm6os",0.0641476953972708,0.6576,"17","translocase of outer mitochondrial membrane 6, opposite strand"
"Zfp287",0.0641438995027039,0.4282,"11","zinc finger protein 287"
"Atp5d",0.0641275544356281,0.6264,"10","ATP synthase, H+ transporting, mitochondrial F1 complex, delta subunit"
"Acyp2",0.064101285064861,0.437,"11","acylphosphatase 2, muscle type"
"Rabep2",0.064099903664653,0.4628,"7","rabaptin, RAB GTPase binding effector protein 2"
"Sema3e",-0.0640689649547195,0.6904,"5","sema domain, immunoglobulin domain (Ig), short basic domain, secreted, (semaphorin) 3E"
"Tagln3",0.0640646740964801,0.5604,"16","transgelin 3"
"Zfp131",0.0640502219977632,0.247,"13","zinc finger protein 131"
"Anapc5",0.0640495654356084,0.4934,"5","anaphase-promoting complex subunit 5"
"Txn2",0.0640158667872734,0.5764,"15","thioredoxin 2"
"Sap30l",0.0640059489355167,0.469,"11","SAP30-like"
"Stmn4",0.0639950021408398,0.6142,"14","stathmin-like 4"
"Gatm",-0.0639893742107773,0.6148,"2","glycine amidinotransferase (L-arginine:glycine amidinotransferase)"
"Pcnx4",0.0639562709944865,0.5214,"12","pecanex homolog 4"
"Med25",0.0639484605740916,0.5392,"7","mediator complex subunit 25"
"Klhl22",0.0639389845589573,0.1282,"16","kelch-like 22"
"Hey2",-0.0639347720683621,0.6802,"10","hairy/enhancer-of-split related with YRPW motif 2"
"Mrps21",0.0639279108668038,0.692,"3","mitochondrial ribosomal protein S21"
"Nrg3",0.0639004822075329,0.5692,"14","neuregulin 3"
"Zfp956",0.0638994120814189,0.4722,"6","zinc finger protein 956"
"Sympk",0.0638736886976128,0.4064,"7","symplekin"
"Slc30a1",-0.0638728837289477,0.5292,"1","solute carrier family 30 (zinc transporter), member 1"
"Tmem218",0.0638575957404863,0.43,"9","transmembrane protein 218"
"8430429K09Rik",0.0638319848447986,0.3942,"11","RIKEN cDNA 8430429K09 gene"
"Slc18a2",0.0638207626212615,0.5468,"19","solute carrier family 18 (vesicular monoamine), member 2"
"Septin10",-0.0638202263951908,0.6226,"10","septin 10"
"Apbb3",0.0638097525839623,0.376,"18","amyloid beta (A4) precursor protein-binding, family B, member 3"
"Tbca",0.0637979913650542,0.463,"13","tubulin cofactor A"
"Rabif",0.0637968405888634,0.166,"1","RAB interacting factor"
"Ptrhd1",0.0637888739078143,0.3566,"12","peptidyl-tRNA hydrolase domain containing 1"
"Hdac5",0.0637830686001122,0.534,"11","histone deacetylase 5"
"Mtres1",0.0637770450718822,0.6062,"10","mitochondrial transcription rescue factor 1"
"Dusp8",0.0637555602803985,0.2914,"7","dual specificity phosphatase 8"
"Dgkz",0.0637513143902169,0.5642,"2","diacylglycerol kinase zeta"
"2810049E08Rik",0.0637509942822403,0.5532,"13","RIKEN cDNA 2810049E08 gene"
"Nup107",-0.0637504982482029,0.4098,"10","nucleoporin 107"
"Gtpbp8",0.0637378892610645,0.5194,"16","GTP-binding protein 8 (putative)"
"Thoc3",0.0637292346011984,0.3236,"13","THO complex 3"
"Tmem176b",-0.0637043051385877,0.544,"6","transmembrane protein 176B"
"Gtpbp6",0.0636900149511588,0.4834,"5","GTP binding protein 6 (putative)"
"Rtl5",-0.0636886431842112,0.3652,"X","retrotransposon Gag like 5"
"Acvr2b",0.0636649643902025,0.6324,"9","activin receptor IIB"
"Msra",0.0636478313994209,0.4398,"14","methionine sulfoxide reductase A"
"Rsph4a",-0.0636446517555449,0.8106,"10","radial spoke head 4 homolog A (Chlamydomonas)"
"Marchf7",-0.0636324316076982,0.843,"2","membrane associated ring-CH-type finger 7"
"Atg16l2",0.0636310615185507,0.5124,"7","autophagy related 16-like 2 (S. cerevisiae)"
"Hif1a",-0.063622719218289,0.68,"12","hypoxia inducible factor 1, alpha subunit"
"Taok1",-0.063597020109305,0.4932,"11","TAO kinase 1"
"Lgi1",0.0635787563810659,0.4534,"19","leucine-rich repeat LGI family, member 1"
"Btbd7",-0.0635561753359104,0.766,"12","BTB (POZ) domain containing 7"
"Necab1",-0.0635520130481915,0.7452,"4","N-terminal EF-hand calcium binding protein 1"
"Antxr1",-0.0635517395385321,0.5002,"6","anthrax toxin receptor 1"
"Bach2",0.0635451263714937,0.5688,"4","BTB and CNC homology, basic leucine zipper transcription factor 2"
"2210016L21Rik",0.0635449794661938,0.5678,"5","RIKEN cDNA 2210016L21 gene"
"Dmac1",0.063532737314254,0.4454,"4","distal membrane arm assembly complex 1"
"Rnasel",-0.063526852379364,0.6822,"1","ribonuclease L (2', 5'-oligoisoadenylate synthetase-dependent)"
"Srm",0.0635151939306988,0.6326,"4","spermidine synthase"
"Tapbp",-0.0634427464981817,0.3888,"17","TAP binding protein"
"Tbc1d8",0.0634413634385065,0.4454,"1","TBC1 domain family, member 8"
"Ddx23",0.0634406318735525,0.085,"15","DEAD box helicase 23"
"Pelo",-0.0634372984082696,0.3756,"13","pelota mRNA surveillance and ribosome rescue factor"
"Dipk2a",-0.0634120717618316,0.4144,"9","divergent protein kinase domain 2A"
"Cpne3",-0.0634087039199382,0.4638,"4","copine III"
"Gnb4",-0.0633823042188362,0.2442,"3","guanine nucleotide binding protein (G protein), beta 4"
"Mamld1",-0.0633809032002768,0.5926,"X","mastermind-like domain containing 1"
"Dgki",-0.063356402592893,0.6648,"6","diacylglycerol kinase, iota"
"Slc38a3",-0.0633550571548378,0.4468,"9","solute carrier family 38, member 3"
"Ifitm10",-0.0633501000990071,0.6514,"7","interferon induced transmembrane protein 10"
"Chmp2a",0.0633498371478529,0.6038,"7","charged multivesicular body protein 2A"
"Dhx35",0.0633365223097808,0.4176,"2","DEAH (Asp-Glu-Ala-His) box polypeptide 35"
"Tmem265",-0.0633051421771811,0.7342,"7","transmembrane protein 265"
"Klf7",-0.0632941848203687,0.8164,"1","Kruppel-like factor 7 (ubiquitous)"
"Eml3",0.0632928081499928,0.4334,"19","echinoderm microtubule associated protein like 3"
"Pdk4",-0.0632883437839671,0.6214,"6","pyruvate dehydrogenase kinase, isoenzyme 4"
"Rrp15",0.0632649900195723,0.4528,"1","ribosomal RNA processing 15 homolog"
"Hk2",-0.0632606643331075,0.6232,"6","hexokinase 2"
"Ccdc130",0.0632604077794143,0.332,"8","coiled-coil domain containing 130"
"Atr",-0.0632585049152827,0.5584,"9","ataxia telangiectasia and Rad3 related"
"Gbe1",-0.0632564514019207,0.613,"16","glucan (1,4-alpha-), branching enzyme 1"
"Cox11",0.0632429614765293,0.3918,"11","cytochrome c oxidase assembly protein 11, copper chaperone"
"Msl3",0.0632243298200477,0.1078,"X","MSL complex subunit 3"
"Slc30a4",-0.063178703150542,0.4624,"2","solute carrier family 30 (zinc transporter), member 4"
"Epha3",-0.0631536131059747,0.6466,"16","Eph receptor A3"
"Neu4",-0.0631294655509809,0.4942,"1","sialidase 4"
"Slc7a14",-0.0631285008862275,0.6278,"3","solute carrier family 7 (cationic amino acid transporter, y+ system), member 14"
"Samd14",0.0631274561160522,0.4854,"11","sterile alpha motif domain containing 14"
"Tnrc6b",-0.0630881421787688,0.6942,"15","trinucleotide repeat containing 6b"
"Eya4",-0.0630779878586178,0.4076,"10","EYA transcriptional coactivator and phosphatase 4"
"Stat5b",0.0630607784351467,0.3458,"11","signal transducer and activator of transcription 5B"
"Atp5g2",-0.0630586792656525,0.67,"15","ATP synthase, H+ transporting, mitochondrial F0 complex, subunit C2 (subunit 9)"
"Drd1",-0.0630542115596919,0.624,"13","dopamine receptor D1"
"C1qtnf12",-0.0630474214686947,0.6008,"4","C1q and tumor necrosis factor related 12"
"Cd83",-0.0630334821064578,0.4758,"13","CD83 antigen"
"Acot7",0.0630214069206207,0.5298,"4","acyl-CoA thioesterase 7"
"Fen1",0.0630173923567692,0.3876,"19","flap structure specific endonuclease 1"
"Mgat4a",0.0630138133893041,0.2582,"1","mannoside acetylglucosaminyltransferase 4, isoenzyme A"
"Sv2b",-0.0629820184498842,0.6508,"7","synaptic vesicle glycoprotein 2 b"
"D130043K22Rik",-0.0629702114983051,0.6626,"13","RIKEN cDNA D130043K22 gene"
"Ube2n",0.0629662687811328,0.1082,"10","ubiquitin-conjugating enzyme E2N"
"Iars2",-0.0629461996164897,0.0908,"1","isoleucine-tRNA synthetase 2, mitochondrial"
"Snx13",-0.0629437361487915,0.6494,"12","sorting nexin 13"
"Epor",0.0629132616897734,0.6028,"9","erythropoietin receptor"
"Cep295",0.0629104091787029,0.6374,"9","centrosomal protein 295"
"Fam207a",0.0628854126508855,0.3872,"10","family with sequence similarity 207, member A"
"Klhl25",0.0628812740725517,0.423,"7","kelch-like 25"
"Kcnab3",-0.0628804060892749,0.4668,"11","potassium voltage-gated channel, shaker-related subfamily, beta member 3"
"Mad1l1",0.0628452684624472,0.5658,"5","MAD1 mitotic arrest deficient 1-like 1"
"Dennd5a",0.0628382444582822,0.2878,"7","DENN/MADD domain containing 5A"
"Dis3l",0.0628342420608865,0.167,"9","DIS3 like exosome 3'-5' exoribonuclease"
"Rps6kl1",0.0628322129129586,0.4912,"12","ribosomal protein S6 kinase-like 1"
"Dmxl2",-0.0628301651984868,0.764,"9","Dmx-like 2"
"Lysmd1",0.0628176486792102,0.503,"3","LysM, putative peptidoglycan-binding, domain containing 1"
"Arhgef10",0.0628016687490511,0.5486,"8","Rho guanine nucleotide exchange factor (GEF) 10"
"Ankrd37",0.0627889584723791,0.617,"8","ankyrin repeat domain 37"
"Galns",0.0627786991283474,0.5706,"8","galactosamine (N-acetyl)-6-sulfate sulfatase"
"Ppp2r2d",0.0627636413070825,0.196,"7","protein phosphatase 2, regulatory subunit B, delta"
"Kctd9",-0.0627465779545702,0.4876,"14","potassium channel tetramerisation domain containing 9"
"Cr1l",-0.0627360391245815,0.6136,"1","complement component (3b/4b) receptor 1-like"
"Lrrc24",0.0627247618335378,0.386,"15","leucine rich repeat containing 24"
"Bcas1",0.0627173603830933,0.7772,"2","brain enriched myelin associated protein 1"
"Lypd6",-0.0627096334978994,0.4866,"2","LY6/PLAUR domain containing 6"
"Msh2",0.0626866087995799,0.313,"17","mutS homolog 2"
"Atp2b3",-0.0626818650129541,0.5124,"X","ATPase, Ca++ transporting, plasma membrane 3"
"Srsf10",-0.0626817716654777,0.5378,"4","serine and arginine-rich splicing factor 10"
"Gpr37l1",0.0626559412861116,0.5492,"1","G protein-coupled receptor 37-like 1"
"Dact1",-0.0626364015929952,0.6068,"12","dishevelled-binding antagonist of beta-catenin 1"
"Prrc2c",-0.0626220885822661,0.7242,"1","proline-rich coiled-coil 2C"
"Taf6",0.0626083081028472,0.261,"5","TATA-box binding protein associated factor 6"
"Pced1a",0.0625972256822847,0.2534,"2","PC-esterase domain containing 1A"
"Pag1",0.0625776730278309,0.5562,"3","phosphoprotein associated with glycosphingolipid microdomains 1"
"Mrnip",0.0625772252890884,0.6092,"11","MRN complex interacting protein"
"Hpca",0.06254960023705,0.5856,"4","hippocalcin"
"Palmd",-0.0625431974385835,0.52,"3","palmdelphin"
"Fbxo32",-0.0625300097703922,0.4182,"15","F-box protein 32"
"Mon1a",0.0625060138514018,0.5128,"9","MON1 homolog A, secretory traffciking associated"
"Dnah9",0.0625014147184935,0.5174,"11","dynein, axonemal, heavy chain 9"
"Kndc1",0.0624932431988423,0.5548,"7","kinase non-catalytic C-lobe domain (KIND) containing 1"
"Mdp1",0.062455143771448,0.603,"14","magnesium-dependent phosphatase 1"
"Qpct",-0.0624460999791179,0.744,"17","glutaminyl-peptide cyclotransferase (glutaminyl cyclase)"
"Bbs2",0.0624405174088958,0.3022,"8","Bardet-Biedl syndrome 2 (human)"
"Pbx4",0.0624309578932967,0.5874,"8","pre B cell leukemia homeobox 4"
"Srsf12",0.0623550755047093,0.4028,"4","serine and arginine-rich splicing factor 12"
"Chl1",-0.0623540969157856,0.664,"6","cell adhesion molecule L1-like"
"Lrrc4b",0.0623345208111274,0.5708,"7","leucine rich repeat containing 4B"
"Pfn1",0.0623060453645987,0.6024,"11","profilin 1"
"Rnf145",-0.0623010957777623,0.3536,"11","ring finger protein 145"
"Cyb561d1",0.0622806871700217,0.176,"3","cytochrome b-561 domain containing 1"
"Htr3a",0.0622681752427554,0.5534,"9","5-hydroxytryptamine (serotonin) receptor 3A"
"Fbh1",0.0622501943797458,0.386,"2","F-box DNA helicase 1"
"Gfap",0.0622225947959851,0.6278,"11","glial fibrillary acidic protein"
"Acd",0.0622118923576318,0.4224,"8","adrenocortical dysplasia"
"Tyw3",0.0622021556599779,0.2552,"3","tRNA-yW synthesizing protein 3 homolog (S. cerevisiae)"
"Ldlrad4",0.0622019075814064,0.4314,"18","low density lipoprotein receptor class A domain containing 4"
"Pitpnb",0.0621997136243451,0.4588,"5","phosphatidylinositol transfer protein, beta"
"Chst1",0.0621993253317381,0.2736,"2","carbohydrate sulfotransferase 1"
"Aldh1l1",0.0621920141349692,0.4308,"6","aldehyde dehydrogenase 1 family, member L1"
"Zfat",0.0621827290189794,0.3666,"15","zinc finger and AT hook domain containing"
"Cldn5",-0.0621792171212112,0.5512,"16","claudin 5"
"Wsb1",0.0621732502252668,0.6366,"11","WD repeat and SOCS box-containing 1"
"Fiz1",0.0621585727369709,0.481,"7","Flt3 interacting zinc finger protein 1"
"Vxn",-0.0621542779989976,0.5698,"1","vexin"
"Btbd17",0.0621428695460731,0.5448,"11","BTB (POZ) domain containing 17"
"Stk32c",0.0621312194017056,0.3312,"7","serine/threonine kinase 32C"
"Sobp",-0.0621074234748047,0.1126,"10","sine oculis binding protein"
"Rapgef2",-0.0620972242487259,0.6844,"3","Rap guanine nucleotide exchange factor (GEF) 2"
"Sirt4",0.0620929226092306,0.6736,"5","sirtuin 4"
"Spop",0.0620796887065405,0.2524,"11","speckle-type BTB/POZ protein"
"Ptprj",0.0620709975582727,0.4622,"2","protein tyrosine phosphatase, receptor type, J"
"Soga3",-0.0620643673779044,0.6712,"10","SOGA family member 3"
"Atp6v0b",0.0620485911067759,0.405,"4","ATPase, H+ transporting, lysosomal V0 subunit B"
"Bach1",-0.0620393515017552,0.476,"16","BTB and CNC homology 1, basic leucine zipper transcription factor 1"
"Asb1",0.0620372672601244,0.228,"1","ankyrin repeat and SOCS box-containing 1"
"Cyp51",-0.0620212405881038,0.2202,"5","cytochrome P450, family 51"
"Gabrr2",0.0619950752369396,0.785,"4","gamma-aminobutyric acid (GABA) C receptor, subunit rho 2"
"Sirt3",0.0619928420027964,0.495,"7","sirtuin 3"
"Ndufs7",0.0619781049903096,0.694,"10","NADH:ubiquinone oxidoreductase core subunit S7"
"Odf2",0.0619522906657508,0.5264,"2","outer dense fiber of sperm tails 2"
"Setd2",-0.0619418716866775,0.51,"9","SET domain containing 2"
"Map2k2",0.0619413997769698,0.643,"10","mitogen-activated protein kinase kinase 2"
"Pkdcc",-0.0619377410711719,0.487,"17","protein kinase domain containing, cytoplasmic"
"Phactr2",-0.0619242750549818,0.5668,"10","phosphatase and actin regulator 2"
"Htra2",0.0619227043654247,0.4224,"6","HtrA serine peptidase 2"
"Wdr44",-0.0619085472435206,0.5486,"X","WD repeat domain 44"
"Cox5b",0.0618567845016544,0.6828,"1","cytochrome c oxidase subunit 5B"
"Lrrc8a",0.0618481137968176,0.2352,"2","leucine rich repeat containing 8A VRAC subunit A"
"Vangl1",-0.0618442554548058,0.5338,"3","VANGL planar cell polarity 1"
"Rpl37a",0.0618028849269372,0.747,"1","ribosomal protein L37a"
"Lrrc57",0.0617539322015315,0.4108,"2","leucine rich repeat containing 57"
"Cpsf4l",-0.0617328154490318,0.8404,"11","cleavage and polyadenylation specific factor 4-like"
"Ccdc65",-0.0617167426360106,0.6552,"15","coiled-coil domain containing 65"
"Zfp729a",-0.0617104271388373,0.6498,"13","zinc finger protein 729a"
"Tmem138",0.0617029885108407,0.468,"19","transmembrane protein 138"
"Nadk",0.0617020660007288,0.2312,"4","NAD kinase"
"Smim11",0.0616882618701466,0.6132,"16","small integral membrane protein 11"
"Pde8b",0.061639558579702,0.1024,"13","phosphodiesterase 8B"
"Prr13",0.061632144344089,0.5118,"15","proline rich 13"
"Ccdc189",0.0616130508532189,0.5064,"7","coiled-coil domain containing 189"
"Senp2",0.0616106655202522,0.1694,"16","SUMO/sentrin specific peptidase 2"
"Bbs10",0.061609530681908,0.5326,"10","Bardet-Biedl syndrome 10 (human)"
"Slc30a3",0.0615898924141556,0.6188,"5","solute carrier family 30 (zinc transporter), member 3"
"Tex10",-0.061564974138276,0.6134,"4","testis expressed gene 10"
"Eif4a1",0.0615512900255695,0.3918,"11","eukaryotic translation initiation factor 4A1"
"Nsa2",0.0615220098613758,0.384,"13","NSA2 ribosome biogenesis homolog"
"Fgd4",-0.0615218456199225,0.687,"16","FYVE, RhoGEF and PH domain containing 4"
"Rbm26",0.0615095084125326,0.4068,"14","RNA binding motif protein 26"
"Agpat1",0.0614961120760364,0.5288,"17","1-acylglycerol-3-phosphate O-acyltransferase 1 (lysophosphatidic acid acyltransferase, alpha)"
"Flrt3",0.0614902866445339,0.44,"2","fibronectin leucine rich transmembrane protein 3"
"Suv39h1",0.0614457460664024,0.3564,"X","suppressor of variegation 3-9 1"
"Eif3l",0.0614096527917569,0.1678,"15","eukaryotic translation initiation factor 3, subunit L"
"Nup35",0.0613976447466555,0.5666,"2","nucleoporin 35"
"Fam217b",-0.0613654141658539,0.7238,"2","family with sequence similarity 217, member B"
"Nckap5l",0.061356918388384,0.5334,"15","NCK-associated protein 5-like"
"Lin9",0.061344503681688,0.6664,"1","lin-9 DREAM MuvB core complex component"
"Cep350",-0.061311571767745,0.5986,"1","centrosomal protein 350"
"Ecm1",-0.0612859352467106,0.6886,"3","extracellular matrix protein 1"
"Ankrd10",0.0612793202096302,0.5442,"8","ankyrin repeat domain 10"
"Thsd7a",-0.0612352861740373,0.8002,"6","thrombospondin, type I, domain containing 7A"
"Por",-0.0612241535650027,0.1432,"5","cytochrome p450 oxidoreductase"
"Ddx1",0.0612105046336522,0.2028,"12","DEAD box helicase 1"
"Ptpro",0.0612010431533729,0.457,"6","protein tyrosine phosphatase, receptor type, O"
"Higd1a",0.061200229422079,0.3616,"9","HIG1 domain family, member 1A"
"Crat",0.061185630448974,0.3724,"2","carnitine acetyltransferase"
"Pdss2",0.061177202011407,0.2974,"10","prenyl (solanesyl) diphosphate synthase, subunit 2"
"Rtn4r",0.0611517820367622,0.5744,"16","reticulon 4 receptor"
"Rpsa",0.0611487980069523,0.7284,"9","ribosomal protein SA"
"Uba5",0.0611319268585371,0.1256,"9","ubiquitin-like modifier activating enzyme 5"
"Nop9",0.0610998038372639,0.4072,"14","NOP9 nucleolar protein"
"Zfp91",0.0610975458689831,0.1564,"19","zinc finger protein 91"
"Psmc4",0.0610957675266572,0.4892,"7","proteasome (prosome, macropain) 26S subunit, ATPase, 4"
"Thap4",0.0610945104913876,0.5038,"1","THAP domain containing 4"
"Csmd3",-0.0610716995531595,0.7262,"15","CUB and Sushi multiple domains 3"
"Ppp1r37",0.0610570353187976,0.4478,"7","protein phosphatase 1, regulatory subunit 37"
"Ncdn",0.0610393012477637,0.4948,"4","neurochondrin"
"Kcng1",0.0610215746491729,0.5762,"2","potassium voltage-gated channel, subfamily G, member 1"
"Adgrb3",-0.060965031888327,0.738,"1","adhesion G protein-coupled receptor B3"
"Coq7",0.0609449875965824,0.4896,"7","demethyl-Q 7"
"Fezf2",-0.0609323668510493,0.394,"14","Fez family zinc finger 2"
"Lmln",-0.0609164127481492,0.7772,"16","leishmanolysin-like (metallopeptidase M8 family)"
"Asphd1",0.0609162216597365,0.6168,"7","aspartate beta-hydroxylase domain containing 1"
"Aaas",0.0609051669859335,0.4758,"15","achalasia, adrenocortical insufficiency, alacrimia"
"Atpif1",0.0608976761756921,0.529,"4","ATPase inhibitory factor 1"
"Ndufa12",0.060887727850413,0.614,"10","NADH:ubiquinone oxidoreductase subunit A12"
"Zfp58",0.0608843378039117,0.5828,"13","zinc finger protein 58"
"Zfp524",0.0608700721664492,0.6136,"7","zinc finger protein 524"
"Rab29",-0.0608585453578749,0.5116,"1","RAB29, member RAS oncogene family"
"Fam8a1",-0.0608536621699791,0.7374,"13","family with sequence similarity 8, member A1"
"Rps9",0.0608512034275011,0.6786,"7","ribosomal protein S9"
"Bbip1",0.0608506011016523,0.287,"19","BBSome interacting protein 1"
"Zfp112",0.0608323795019814,0.5496,"7","zinc finger protein 112"
"Evl",0.0608178416579408,0.3634,"12","Ena-vasodilator stimulated phosphoprotein"
"Lrrc45",0.060811187018885,0.6708,"11","leucine rich repeat containing 45"
"Zdbf2",0.0608106103259369,0.6296,"1","zinc finger, DBF-type containing 2"
"Clpp",0.0608086480441958,0.676,"17","caseinolytic mitochondrial matrix peptidase proteolytic subunit"
"Map2k6",-0.0607742775832945,0.5476,"11","mitogen-activated protein kinase kinase 6"
"Rnf215",0.0607575234375481,0.4276,"11","ring finger protein 215"
"Fitm2",-0.0607570566834634,0.6404,"2","fat storage-inducing transmembrane protein 2"
"Spr",0.060749015849983,0.6654,"6","sepiapterin reductase"
"Ccdc9b",0.0607420396909184,0.513,"2","coiled-coil domain containing 9B"
"Plekhm3",-0.0607411126038597,0.3618,"1","pleckstrin homology domain containing, family M, member 3"
"Tmem215",0.0607307785491829,0.7608,"4","transmembrane protein 215"
"Bod1l",-0.060717219964384,0.708,"5","biorientation of chromosomes in cell division 1-like"
"Slc29a2",0.0607085287013716,0.539,"19","solute carrier family 29 (nucleoside transporters), member 2"
"Pcdhb18",-0.0606991221635749,0.5988,"18","protocadherin beta 18"
"Use1",0.0606893387892367,0.6884,"8","unconventional SNARE in the ER 1 homolog (S. cerevisiae)"
"Actb",0.0606850204128762,0.6034,"5","actin, beta"
"Pglyrp1",-0.0606804265203142,0.6432,"7","peptidoglycan recognition protein 1"
"Wnt2b",-0.060675933401386,0.7758,"3","wingless-type MMTV integration site family, member 2B"
"Ppp1r13b",0.0606696842266512,0.0734,"12","protein phosphatase 1, regulatory subunit 13B"
"4931428F04Rik",0.0606583820242363,0.537,"8","RIKEN cDNA 4931428F04 gene"
"Shisa7",0.0606509624845284,0.627,"7","shisa family member 7"
"Tfpt",0.0606471722882294,0.6126,"7","TCF3 (E2A) fusion partner"
"Pop1",0.0606161000286169,0.564,"15","processing of precursor 1, ribonuclease P/MRP family, (S. cerevisiae)"
"S100a6",-0.060596051037892,0.7546,"3","S100 calcium binding protein A6 (calcyclin)"
"Tcea2",0.0605934062592608,0.5504,"2","transcription elongation factor A (SII), 2"
"Ano3",-0.060591251351366,0.71,"2","anoctamin 3"
"Lyst",-0.06058814442917,0.7846,"13","lysosomal trafficking regulator"
"Zfp280b",0.060584413399936,0.3194,"10","zinc finger protein 280B"
"Dcaf15",0.0605529885256857,0.5236,"8","DDB1 and CUL4 associated factor 15"
"1810014B01Rik",0.0605513003032916,0.6496,"10","RIKEN cDNA 1810014B01 gene"
"2610005L07Rik",-0.060541241906344,0.7556,"8","cadherin 11 pseudogene"
"Thnsl2",0.0605292815254321,0.6146,"6","threonine synthase-like 2 (bacterial)"
"Swi5",0.060527485456058,0.3994,"2","SWI5 recombination repair homolog (yeast)"
"Dbr1",0.0605030268769422,0.2998,"9","debranching RNA lariats 1"
"Zfp830",0.0604767429627544,0.3484,"11","zinc finger protein 830"
"Sdhaf1",0.060472666837974,0.6662,"7","succinate dehydrogenase complex assembly factor 1"
"P2rx6",0.0604191523890907,0.5316,"16","purinergic receptor P2X, ligand-gated ion channel, 6"
"Spg7",0.0604071646340181,0.2668,"8","SPG7, paraplegin matrix AAA peptidase subunit"
"Aqr",-0.0604048685585861,0.5916,"2","aquarius"
"Pcdhgb1",-0.0603847377846702,0.805,"18","protocadherin gamma subfamily B, 1"
"Eif2b4",0.0603766357467963,0.3172,"5","eukaryotic translation initiation factor 2B, subunit 4 delta"
"Zcchc24",0.0603731370867502,0.5414,"14","zinc finger, CCHC domain containing 24"
"Thbs3",0.0603628046061644,0.7306,"3","thrombospondin 3"
"Tcf3",0.0603607595081179,0.3906,"10","transcription factor 3"
"Pomt2",0.0603381445733371,0.2426,"12","protein-O-mannosyltransferase 2"
"Mal2",-0.0603325582076719,0.5734,"15","mal, T cell differentiation protein 2"
"Luzp2",-0.060330859998353,0.3882,"7","leucine zipper protein 2"
"Cep164",0.0603248584661893,0.6398,"9","centrosomal protein 164"
"Mb21d2",0.0603182118426835,0.2672,"16","Mab-21 domain containing 2"
"Fcgrt",-0.0603117493314302,0.5372,"7","Fc fragment of IgG receptor and transporter"
"Gpr146",0.0603111117197388,0.2298,"5","G protein-coupled receptor 146"
"Olfml1",-0.0602982942644146,0.6054,"7","olfactomedin-like 1"
"Xpnpep1",0.0602969612023889,0.2486,"19","X-prolyl aminopeptidase (aminopeptidase P) 1, soluble"
"Med12",-0.0602959859721537,0.6672,"X","mediator complex subunit 12"
"Ten1",0.0602848011979438,0.5692,"11","TEN1 telomerase capping complex subunit"
"Ip6k2",0.0602744525097085,0.232,"9","inositol hexaphosphate kinase 2"
"Dgcr6",0.0602694096942455,0.6946,"16","DiGeorge syndrome critical region gene 6"
"Cds1",-0.0602590926380193,0.5722,"5","CDP-diacylglycerol synthase 1"
"B230354K17Rik",-0.0602406669808677,0.355,"17","RIKEN cDNA B230354K17 gene"
"Psmd4",0.0602271032903126,0.6072,"3","proteasome (prosome, macropain) 26S subunit, non-ATPase, 4"
"Scrn2",0.0602176049032126,0.631,"11","secernin 2"
"Ccdc88a",-0.0601976635153383,0.6666,"11","coiled coil domain containing 88A"
"Card10",-0.0601737440976207,0.5312,"15","caspase recruitment domain family, member 10"
"AW146154",-0.0601613624869848,0.6418,"7","expressed sequence AW146154"
"Tm2d2",0.06015678379151,0.453,"8","TM2 domain containing 2"
"Eef1g",0.0601552475124141,0.636,"19","eukaryotic translation elongation factor 1 gamma"
"Coq10b",-0.0601291077304862,0.4382,"1","coenzyme Q10B"
"Tns2",-0.0600805803603626,0.612,"15","tensin 2"
"Baalc",0.0600717722306889,0.5712,"15","brain and acute leukemia, cytoplasmic"
"Hmgn2",0.0600551711371748,0.3612,"4","high mobility group nucleosomal binding domain 2"
"Vkorc1",-0.0600416670221371,0.686,"7","vitamin K epoxide reductase complex, subunit 1"
"Cpxm1",-0.0600174975435301,0.5362,"2","carboxypeptidase X 1 (M14 family)"
"Akap9",-0.0599730476232168,0.7282,"5","A kinase (PRKA) anchor protein (yotiao) 9"
"Abhd10",0.0599622381813623,0.4322,"16","abhydrolase domain containing 10"
"Kifc2",0.059944422970414,0.5416,"15","kinesin family member C2"
"Zfp35",0.0599417330314154,0.3954,"18","zinc finger protein 35"
"Cfl1",0.0599190726781842,0.628,"19","cofilin 1, non-muscle"
"Eif1a",-0.0598991915321676,0.3438,"18","eukaryotic translation initiation factor 1A"
"Macrod1",0.0598577987888262,0.6834,"19","mono-ADP ribosylhydrolase 1"
"Zfp408",-0.0598070076181667,0.4248,"2","zinc finger protein 408"
"Dbp",-0.0597644738791017,0.6824,"7","D site albumin promoter binding protein"
"Ntng2",0.0597550521433803,0.5784,"2","netrin G2"
"Ino80d",-0.0597494778981735,0.5246,"1","INO80 complex subunit D"
"Ppil2",0.059739986237239,0.2404,"16","peptidylprolyl isomerase (cyclophilin)-like 2"
"Wrn",0.0597133743815683,0.4882,"8","Werner syndrome RecQ like helicase"
"Kif7",-0.0597072620901924,0.5772,"7","kinesin family member 7"
"Pop4",0.0597037449526558,0.5264,"7","processing of precursor 4, ribonuclease P/MRP family, (S. cerevisiae)"
"Phlpp1",-0.0596927799018063,0.367,"1","PH domain and leucine rich repeat protein phosphatase 1"
"Nr1h3",0.0596786731271721,0.6352,"2","nuclear receptor subfamily 1, group H, member 3"
"Calm1",0.0596742074195227,0.3104,"12","calmodulin 1"
"Cdca4",0.0596682262935584,0.4146,"12","cell division cycle associated 4"
"Srf",0.05965824021595,0.3006,"17","serum response factor"
"9330102E08Rik",0.0596477703311971,0.4422,"6","RIKEN cDNA 9330102E08 gene"
"Gpr68",0.0596456775560315,0.4166,"12","G protein-coupled receptor 68"
"Scmh1",0.0596343833945987,0.1878,"4","sex comb on midleg homolog 1"
"Atp5e",0.0596045339696269,0.773,"2","ATP synthase, H+ transporting, mitochondrial F1 complex, epsilon subunit"
"Hrh3",-0.0595996126907057,0.627,"2","histamine receptor H3"
"Aars2",0.0595937342916342,0.5,"17","alanyl-tRNA synthetase 2, mitochondrial"
"Stk32b",-0.0595661715418294,0.6054,"5","serine/threonine kinase 32B"
"Mcm4",-0.0595625291185709,0.4828,"16","minichromosome maintenance complex component 4"
"Stx17",0.0595535824995777,0.2822,"4","syntaxin 17"
"Zmiz2",0.0595444510969454,0.4914,"11","zinc finger, MIZ-type containing 2"
"Actl6b",0.0595314934716589,0.6088,"5","actin-like 6B"
"C1ql2",-0.0595225493065987,0.638,"1","complement component 1, q subcomponent-like 2"
"Ilkap",0.0595144318581706,0.565,"1","integrin-linked kinase-associated serine/threonine phosphatase 2C"
"Zfp971",-0.0595034775734202,0.7256,"2","zinc finger protein 971"
"Coq9",0.0594878268400256,0.1226,"8","coenzyme Q9"
"Tbc1d20",0.0594875079930262,0.3034,"2","TBC1 domain family, member 20"
"Cnksr2",-0.059481924301787,0.704,"X","connector enhancer of kinase suppressor of Ras 2"
"Polr2i",0.059479762441085,0.671,"7","polymerase (RNA) II (DNA directed) polypeptide I"
"Ncam2",-0.0594631453992198,0.8236,"16","neural cell adhesion molecule 2"
"Bin3",0.0594626590556566,0.5142,"14","bridging integrator 3"
"Ppp1r16b",0.0594270664884347,0.3368,"2","protein phosphatase 1, regulatory subunit 16B"
"Napa",0.0594121854342724,0.5344,"7","N-ethylmaleimide sensitive fusion protein attachment protein alpha"
"Dgkb",-0.0594073709324849,0.645,"12","diacylglycerol kinase, beta"
"Wdr74",0.0594030579204006,0.588,"19","WD repeat domain 74"
"Tmem234",0.0593915197339197,0.2978,"4","transmembrane protein 234"
"Ldlr",-0.0593732814788197,0.555,"9","low density lipoprotein receptor"
"Zfp709",-0.0593723946188838,0.63,"8","zinc finger protein 709"
"Wdr83os",0.059368686092462,0.6074,"8","WD repeat domain 83 opposite strand"
"Dnttip2",0.0593627247855011,0.2596,"3","deoxynucleotidyltransferase, terminal, interacting protein 2"
"2010315B03Rik",-0.059348476777505,0.4812,"9","RIKEN cDNA 2010315B03 gene"
"Mcam",-0.0593264867344114,0.5926,"9","melanoma cell adhesion molecule"
"Mgat5b",0.0593123736215162,0.5116,"11","mannoside acetylglucosaminyltransferase 5, isoenzyme B"
"Brox",-0.0593045317348118,0.1866,"1","BRO1 domain and CAAX motif containing"
"Slitrk4",-0.0592887929990518,0.7086,"X","SLIT and NTRK-like family, member 4"
"Ubtf",0.0592817330119466,0.2418,"11","upstream binding transcription factor, RNA polymerase I"
"Tspan5",0.0592786811239669,0.2522,"3","tetraspanin 5"
"Gpr12",0.0592449228635035,0.29,"5","G-protein coupled receptor 12"
"Ccnjl",0.0592375709948776,0.357,"11","cyclin J-like"
"B3galt5",0.0592286071484889,0.3984,"16","UDP-Gal:betaGlcNAc beta 1,3-galactosyltransferase, polypeptide 5"
"Dennd4a",-0.0592250852313922,0.5674,"9","DENN/MADD domain containing 4A"
"Pcsk1n",0.0592169686562034,0.7532,"X","proprotein convertase subtilisin/kexin type 1 inhibitor"
"Haus2",0.0592039359871066,0.3126,"2","HAUS augmin-like complex, subunit 2"
"Mad2l1",-0.0591772458226756,0.4958,"6","MAD2 mitotic arrest deficient-like 1"
"Uqcrfs1",0.0591761545073277,0.2408,"13","ubiquinol-cytochrome c reductase, Rieske iron-sulfur polypeptide 1"
"Rmi1",0.0591575011228551,0.3992,"13","RecQ mediated genome instability 1"
"Naa80",-0.0591497412501951,0.5494,"9","N(alpha)-acetyltransferase 80, NatH catalytic subunit"
"Gm6712",-0.0591274441161147,0.5744,"17","predicted gene 6712"
"Tnr",-0.0591263916333924,0.8258,"1","tenascin R"
"Nsun5",0.0591095285562138,0.5486,"5","NOL1/NOP2/Sun domain family, member 5"
"Zkscan8",-0.0591059639601994,0.5978,"13","zinc finger with KRAB and SCAN domains 8"
"Fgfrl1",-0.0590989746772932,0.5866,"5","fibroblast growth factor receptor-like 1"
"Zfp598",0.0590854169373944,0.4672,"17","zinc finger protein 598"
"Tmem62",0.05908513604638,0.1146,"2","transmembrane protein 62"
"Rcn1",-0.0590759759351571,0.417,"2","reticulocalbin 1"
"Cacna1g",-0.0590757357866485,0.6554,"11","calcium channel, voltage-dependent, T type, alpha 1G subunit"
"C2cd4c",0.0590416718292728,0.6806,"10","C2 calcium-dependent domain containing 4C"
"Synj1",-0.0590383617417984,0.6862,"16","synaptojanin 1"
"Rwdd1",0.0590175114823586,0.3476,"10","RWD domain containing 1"
"Eif3g",0.0590148527067615,0.5788,"9","eukaryotic translation initiation factor 3, subunit G"
"Bcar3",0.0589981650936826,0.3598,"3","breast cancer anti-estrogen resistance 3"
"Pgk1",0.0589843234167029,0.3852,"X","phosphoglycerate kinase 1"
"Ranbp1",0.0589774793307294,0.4046,"16","RAN binding protein 1"
"Kctd17",0.0589525709414653,0.554,"15","potassium channel tetramerisation domain containing 17"
"Tcf7l2",0.0589326657611733,0.427,"19","transcription factor 7 like 2, T cell specific, HMG box"
"Ifi27l2a",0.0589310795397415,0.9058,"12","interferon, alpha-inducible protein 27 like 2A"
"Ttyh3",0.0589152574316696,0.2022,"5","tweety family member 3"
"Sass6",0.0589022841667464,0.5644,"3","SAS-6 centriolar assembly protein"
"Cdc34",0.05887835946056,0.6238,"10","cell division cycle 34"
"Ogdhl",0.0588544450283912,0.315,"14","oxoglutarate dehydrogenase-like"
"Il17rd",-0.0588397930477824,0.7014,"14","interleukin 17 receptor D"
"Lrrtm4",0.0588138284711821,0.6114,"6","leucine rich repeat transmembrane neuronal 4"
"Rpl18",0.0588080627691197,0.7346,"7","ribosomal protein L18"
"Unc13b",-0.0587583168101604,0.641,"4","unc-13 homolog B"
"Mex3b",0.0587547631762124,0.6098,"7","mex3 RNA binding family member B"
"Snrpa1",0.0587333835863912,0.5864,"7","small nuclear ribonucleoprotein polypeptide A'"
"Galm",-0.0587286247654697,0.728,"17","galactose mutarotase"
"Nol3",-0.0587259414188717,0.6974,"8","nucleolar protein 3 (apoptosis repressor with CARD domain)"
"Odf3b",-0.0587149903151403,0.8196,"15","outer dense fiber of sperm tails 3B"
"Rnf138",0.0587090578376288,0.368,"18","ring finger protein 138"
"Rabep1",0.0586870960166728,0.2964,"11","rabaptin, RAB GTPase binding effector protein 1"
"B3gnt2",-0.0586539285480301,0.5392,"11","UDP-GlcNAc:betaGal beta-1,3-N-acetylglucosaminyltransferase 2"
"Tmem134",0.058653263574616,0.683,"19","transmembrane protein 134"
"Erh",0.0586527528516809,0.5188,"12","ERH mRNA splicing and mitosis factor"
"Hsp90b1",-0.0586181083056854,0.695,"10","heat shock protein 90, beta (Grp94), member 1"
"Srpk1",0.058613998654657,0.473,"17","serine/arginine-rich protein specific kinase 1"
"Tspan12",0.0586138393323474,0.471,"6","tetraspanin 12"
"2700062C07Rik",0.0586070695846161,0.4506,"18","RIKEN cDNA 2700062C07 gene"
"Psen2",0.058603168770782,0.4262,"1","presenilin 2"
"Pdia5",0.0585980895504077,0.7418,"16","protein disulfide isomerase associated 5"
"Commd3",0.0585969461237159,0.2646,"2","COMM domain containing 3"
"Slc7a6",0.0585874513821132,0.6158,"8","solute carrier family 7 (cationic amino acid transporter, y+ system), member 6"
"Impdh2",0.0585751575782512,0.3116,"9","inosine monophosphate dehydrogenase 2"
"Frmd4b",-0.0585714568517517,0.427,"6","FERM domain containing 4B"
"Zmat5",0.0585595550799556,0.6406,"11","zinc finger, matrin type 5"
"Spopl",0.0585543076879773,0.7012,"2","speckle-type BTB/POZ protein-like"
"Map3k13",-0.0585133473234922,0.7654,"16","mitogen-activated protein kinase kinase kinase 13"
"Uhmk1",0.0585092478386375,0.2808,"1","U2AF homology motif (UHM) kinase 1"
"Shkbp1",-0.0584993954758586,0.781,"7","Sh3kbp1 binding protein 1"
"Zap70",0.058481834434724,0.5086,"1","zeta-chain (TCR) associated protein kinase"
"Ppif",0.0584703902909034,0.5264,"14","peptidylprolyl isomerase F (cyclophilin F)"
"Tmem266",0.0584634520008023,0.6054,"9","transmembrane protein 266"
"Ric8a",0.0584516197211906,0.3192,"7","RIC8 guanine nucleotide exchange factor A"
"Bicdl1",0.0584423771947407,0.4528,"5","BICD family like cargo adaptor 1"
"Tmem88b",-0.0584365868002745,0.6756,"4","transmembrane protein 88B"
"Tmtc1",0.0584131685380038,0.457,"6","transmembrane and tetratricopeptide repeat containing 1"
"Pdgfc",-0.0584125215258133,0.528,"3","platelet-derived growth factor, C polypeptide"
"Smg5",0.0584067694562593,0.3032,"3","SMG5 nonsense mediated mRNA decay factor"
"Fchsd1",0.0584037592611564,0.5108,"18","FCH and double SH3 domains 1"
"Polr1d",0.0583976158826394,0.5376,"5","polymerase (RNA) I polypeptide D"
"Nucb1",-0.0583762986980521,0.2228,"7","nucleobindin 1"
"Rtel1",0.0583739154857046,0.61,"2","regulator of telomere elongation helicase 1"
"Tmem243",-0.0583722130265811,0.5648,"5","transmembrane protein 243, mitochondrial"
"Wnk2",0.0583657169020704,0.479,"13","WNK lysine deficient protein kinase 2"
"Lpin1",-0.0583525007966577,0.3434,"12","lipin 1"
"Taf1",-0.0583381975455062,0.5658,"X","TATA-box binding protein associated factor 1"
"Eipr1",0.0583200686690883,0.4252,"12","EARP complex and GARP complex interacting protein 1"
"Gm10509",0.058304525269874,0.545,"17","predicted gene 10509"
"Sec13",0.058294220622833,0.3822,"6","SEC13 homolog, nuclear pore and COPII coat complex component"
"Emc4",0.0582935725060478,0.4332,"2","ER membrane protein complex subunit 4"
"Otulinl",-0.058264223268127,0.6576,"15","OTU deubiquitinase with linear linkage specificity like"
"Sema3d",-0.058262215033138,0.7354,"5","sema domain, immunoglobulin domain (Ig), short basic domain, secreted, (semaphorin) 3D"
"Dipk1b",0.0582339501795097,0.5924,"2","divergent protein kinase domain 1B"
"Arnt",-0.0582319350744234,0.7008,"3","aryl hydrocarbon receptor nuclear translocator"
"Maneal",0.0582039269233494,0.1516,"4","mannosidase, endo-alpha-like"
"Cox4i1",0.0581934496733254,0.7096,"8","cytochrome c oxidase subunit 4I1"
"Dnaaf4",-0.0581893897018584,0.5302,"9","dynein axonemal assembly factor 4"
"Kat2a",0.0581809355328389,0.3904,"11","K(lysine) acetyltransferase 2A"
"Hirip3",0.0581756709313979,0.4436,"7","HIRA interacting protein 3"
"Ubac1",0.0581615787639249,0.5296,"2","ubiquitin associated domain containing 1"
"Dusp7",0.058159299334136,0.443,"9","dual specificity phosphatase 7"
"Zfp787",0.0581547195494001,0.4924,"7","zinc finger protein 787"
"Ficd",-0.0581524326196314,0.381,"5","FIC domain containing"
"Naga",0.0581399621158676,0.4958,"15","N-acetyl galactosaminidase, alpha"
"Vwa3b",0.0581370757350719,0.542,"1","von Willebrand factor A domain containing 3B"
"Scnm1",0.0581331278324289,0.5814,"3","sodium channel modifier 1"
"Trmt1",0.0581228125526199,0.6386,"8","tRNA methyltransferase 1"
"Sh3bp1",0.0581227041011338,0.6364,"15","SH3-domain binding protein 1"
"Tacc2",0.058119160133332,0.1218,"7","transforming, acidic coiled-coil containing protein 2"
"Slc35b3",0.0581133538963132,0.4882,"13","solute carrier family 35, member B3"
"Stk16",0.058111004433492,0.453,"1","serine/threonine kinase 16"
"Iqcd",0.0581007389553716,0.726,"5","IQ motif containing D"
"C4b",-0.0580932089412274,0.6376,"17","complement component 4B (Chido blood group)"
"Sfpq",-0.0580929960682299,0.5592,"4","splicing factor proline/glutamine rich (polypyrimidine tract binding protein associated)"
"Gale",0.0580925913763677,0.592,"4","galactose-4-epimerase, UDP"
"Cdc73",-0.0580912086694401,0.6268,"1","cell division cycle 73, Paf1/RNA polymerase II complex component"
"Nek4",0.0580737499904229,0.297,"14","NIMA (never in mitosis gene a)-related expressed kinase 4"
"Dst",-0.0580649006145482,0.6244,"1","dystonin"
"Sertm1",-0.0580617637221854,0.5558,"3","serine rich and transmembrane domain containing 1"
"Gsto1",0.0580529095739708,0.4744,"19","glutathione S-transferase omega 1"
"Rnpepl1",0.0580301041534215,0.5988,"1","arginyl aminopeptidase (aminopeptidase B)-like 1"
"Mrpl55",0.0580248945467154,0.567,"11","mitochondrial ribosomal protein L55"
"Spice1",0.0580041469301835,0.5134,"16","spindle and centriole associated protein 1"
"Morn1",0.0579999237128677,0.6062,"4","MORN repeat containing 1"
"Cops6",0.0579709034847493,0.561,"5","COP9 signalosome subunit 6"
"Mt3",0.0579644609577628,0.7652,"8","metallothionein 3"
"Cep170",-0.0579393469078102,0.7038,"1","centrosomal protein 170"
"Stard10",0.0579309730745496,0.7458,"7","START domain containing 10"
"Tmem59l",0.0579233193945949,0.5824,"8","transmembrane protein 59-like"
"Mepce",0.0578914129241426,0.392,"5","methylphosphate capping enzyme"
"Trp53i13",-0.0578849088803088,0.5818,"11","transformation related protein 53 inducible protein 13"
"Elavl4",-0.0578773150873442,0.5814,"4","ELAV like RNA binding protein 4"
"Podxl2",0.057850630001437,0.6116,"6","podocalyxin-like 2"
"Dhx15",-0.0578251036609858,0.7702,"5","DEAH (Asp-Glu-Ala-His) box polypeptide 15"
"Wdr11",-0.0578151305336991,0.5756,"7","WD repeat domain 11"
"Dusp11",-0.0578087412384365,0.697,"6","dual specificity phosphatase 11 (RNA/RNP complex 1-interacting)"
"Srp9",0.0578078585271244,0.506,"1","signal recognition particle 9"
"Slc2a4rg-ps",0.057788420527376,0.7644,"2","Slc2a4 regulator, pseudogene"
"Zdhhc8",0.0577686049492598,0.353,"16","zinc finger, DHHC domain containing 8"
"Nckap1",0.0577606801464512,0.3388,"2","NCK-associated protein 1"
"Frat1",-0.0577582539488799,0.4922,"19","frequently rearranged in advanced T cell lymphomas"
"Stat2",-0.057745356159538,0.4798,"10","signal transducer and activator of transcription 2"
"Atp1a1",-0.0577451624193461,0.4786,"3","ATPase, Na+/K+ transporting, alpha 1 polypeptide"
"Bud23",0.0577431207099384,0.473,"5","BUD23, rRNA methyltransferase and ribosome maturation factor"
"Evc",-0.0577417835796425,0.5472,"5","EvC ciliary complex subunit 1"
"Cplane1",-0.0577411673176185,0.6926,"15","ciliogenesis and planar polarity effector 1"
"Abraxas2",-0.0577254509954432,0.56,"7","BRISC complex subunit"
"Ilk",0.057705333516914,0.3512,"7","integrin linked kinase"
"Mllt11",0.0576976568295713,0.3522,"3","myeloid/lymphoid or mixed-lineage leukemia; translocated to, 11"
"Exoc6b",0.0576826446562215,0.3898,"6","exocyst complex component 6B"
"Smarcc2",0.0576553383829612,0.1516,"10","SWI/SNF related, matrix associated, actin dependent regulator of chromatin, subfamily c, member 2"
"Sash1",-0.0576476769942307,0.3768,"10","SAM and SH3 domain containing 1"
"Eef1d",0.0576228065174167,0.5972,"15","eukaryotic translation elongation factor 1 delta (guanine nucleotide exchange protein)"
"Ssna1",0.0576129244081862,0.6376,"2","SS nuclear autoantigen 1"
"Rnf139",0.057609834025615,0.4568,"15","ring finger protein 139"
"Thrb",-0.057607596943468,0.5152,"14","thyroid hormone receptor beta"
"Slc26a4",-0.0575924875441363,0.184,"12","solute carrier family 26, member 4"
"Apbb1ip",-0.0575914581142387,0.7922,"2","amyloid beta (A4) precursor protein-binding, family B, member 1 interacting protein"
"Cyba",0.0575825658728557,0.6614,"8","cytochrome b-245, alpha polypeptide"
"Zfp821",0.0575464719116754,0.5512,"8","zinc finger protein 821"
"Prkx",0.0575293109762773,0.33,"X","protein kinase, X-linked"
"Camk2b",0.0575156978784861,0.2288,"11","calcium/calmodulin-dependent protein kinase II, beta"
"Bbc3",0.0575028764560339,0.6998,"7","BCL2 binding component 3"
"Klc2",0.0574889685276005,0.32,"19","kinesin light chain 2"
"Gas8",-0.0574845308292744,0.3698,"8","growth arrest specific 8"
"Wdr5b",0.0574835048728222,0.4764,"16","WD repeat domain 5B"
"Smpd3",0.0574705588665658,0.1326,"8","sphingomyelin phosphodiesterase 3, neutral"
"Add3",-0.0574537718038615,0.1664,"19","adducin 3 (gamma)"
"Mdga1",0.0574480913418283,0.4882,"17","MAM domain containing glycosylphosphatidylinositol anchor 1"
"Ncln",0.0574471199572137,0.524,"10","nicalin"
"Strap",0.057411278164512,0.286,"6","serine/threonine kinase receptor associated protein"
"Cacng3",-0.0574055130798055,0.587,"7","calcium channel, voltage-dependent, gamma subunit 3"
"Nt5dc3",0.0573977700699313,0.5058,"10","5'-nucleotidase domain containing 3"
"Cdh12",0.0573854775729319,0.7752,"15","cadherin 12"
"Msl1",0.0573517683437501,0.2396,"11","male specific lethal 1"
"Plaat3",-0.0573471481604679,0.6728,"19","phospholipase A and acyltransferase 3"
"BC029722",0.0573419652459908,0.4944,"2","cDNA sequence BC029722"
"Rnf187",0.0573256219863829,0.5674,"11","ring finger protein 187"
"Ppfia4",0.0573002037720514,0.539,"1","protein tyrosine phosphatase, receptor type, f polypeptide (PTPRF), interacting protein (liprin), alpha 4"
"Brd2",0.0572761699624786,0.0744,"17","bromodomain containing 2"
"Mir3064",0.0572427610796442,0.7672,"11","microRNA 3064"
"Ankrd13c",0.0572423831456925,0.1978,"3","ankyrin repeat domain 13c"
"Aarsd1",0.0572219726925907,0.576,"11","alanyl-tRNA synthetase domain containing 1"
"Sel1l3",-0.0571986386448868,0.482,"5","sel-1 suppressor of lin-12-like 3 (C. elegans)"
"Arl15",-0.0571932514011202,0.5682,"13","ADP-ribosylation factor-like 15"
"Cd82",-0.0571864738201793,0.7122,"2","CD82 antigen"
"Sergef",0.057175045827881,0.5758,"7","secretion regulating guanine nucleotide exchange factor"
"Cnih1",0.0571615200495081,0.3432,"14","cornichon family AMPA receptor auxiliary protein 1"
"Ptpmt1",0.0571570087041859,0.5802,"2","protein tyrosine phosphatase, mitochondrial 1"
"Hjurp",0.0571462706203874,0.641,"1","Holliday junction recognition protein"
"Hjurp",0.0571462706203874,0.641,"1","Holliday junction recognition protein"
"Topors",-0.0571409336903423,0.6064,"4","topoisomerase I binding, arginine/serine-rich"
"Cntn3",0.057132813764734,0.6742,"6","contactin 3"
"Pom121",-0.0571148798948338,0.6912,"5","nuclear pore membrane protein 121"
"Lamtor1",0.0571146798946165,0.649,"7","late endosomal/lysosomal adaptor, MAPK and MTOR activator 1"
"Atp7a",-0.057104268355471,0.6512,"X","ATPase, Cu++ transporting, alpha polypeptide"
"Ctu2",0.0571013189397491,0.5348,"8","cytosolic thiouridylase subunit 2"
"Cdk8",0.0570873715968601,0.4228,"5","cyclin-dependent kinase 8"
"Usp21",0.0570560483055216,0.3244,"1","ubiquitin specific peptidase 21"
"Hmces",0.057055275386396,0.6264,"6","5-hydroxymethylcytosine (hmC) binding, ES cell specific"
"Ap3s2",0.0570506403683604,0.4188,"7","adaptor-related protein complex 3, sigma 2 subunit"
"Pnma2",0.0570193227365978,0.4852,"14","paraneoplastic antigen MA2"
"Tmem41b",0.0570071287442619,0.3108,"7","transmembrane protein 41B"
"Pex6",0.0569935009120481,0.494,"17","peroxisomal biogenesis factor 6"
"Adgra2",-0.0569861681217079,0.4382,"8","adhesion G protein-coupled receptor A2"
"Lcat",0.0569758148605128,0.4604,"8","lecithin cholesterol acyltransferase"
"Rufy3",0.0569756038667952,0.0852,"5","RUN and FYVE domain containing 3"
"Npnt",0.0569748775011396,0.3276,"3","nephronectin"
"Sdf2",0.0569699535148134,0.4048,"11","stromal cell derived factor 2"
"Plcl1",0.0569652712968836,0.65,"1","phospholipase C-like 1"
"Pitpnm1",0.0569616414055405,0.36,"19","phosphatidylinositol transfer protein, membrane-associated 1"
"Map10",-0.0569614046017541,0.4844,"8","microtubule-associated protein 10"
"Actn1",-0.0569390632730515,0.53,"12","actinin, alpha 1"
"Fbn1",-0.0569371708164343,0.7284,"2","fibrillin 1"
"Prcp",-0.0569309402361293,0.5018,"7","prolylcarboxypeptidase (angiotensinase C)"
"Gse1",0.0569291029485104,0.4596,"8","genetic suppressor element 1, coiled-coil protein"
"AI837181",0.0569133017311643,0.6846,"19","expressed sequence AI837181"
"Olfml2b",0.0569096922488548,0.515,"1","olfactomedin-like 2B"
"Pcif1",0.0569057450275468,0.3248,"2","phosphorylated CTD interacting factor 1"
"B4galt2",0.0568923578738678,0.6408,"4","UDP-Gal:betaGlcNAc beta 1,4- galactosyltransferase, polypeptide 2"
"Pgs1",0.0568909878709194,0.6044,"11","phosphatidylglycerophosphate synthase 1"
"Rps11",0.056890316723984,0.735,"7","ribosomal protein S11"
"C1ql3",-0.0568798263294914,0.7362,"2","C1q-like 3"
"Fam118a",-0.0568579061723575,0.2386,"15","family with sequence similarity 118, member A"
"Arpc4",0.0568562653755409,0.5704,"6","actin related protein 2/3 complex, subunit 4"
"Atp2a2",-0.0568502707752145,0.6698,"5","ATPase, Ca++ transporting, cardiac muscle, slow twitch 2"
"Rrp1b",0.0568386249957578,0.667,"17","ribosomal RNA processing 1B"
"Rdh14",0.0568371429238894,0.328,"12","retinol dehydrogenase 14 (all-trans and 9-cis)"
"Ddx18",-0.0568294301065495,0.2782,"1","DEAD box helicase 18"
"Tcp11l1",-0.056751468716203,0.7256,"2","t-complex 11 like 1"
"Bloc1s2",0.0567446119552857,0.4766,"19","biogenesis of lysosomal organelles complex-1, subunit 2"
"Jak3",0.0567417151160119,0.5552,"8","Janus kinase 3"
"Zbtb24",0.0567313061047567,0.318,"10","zinc finger and BTB domain containing 24"
"Rp2",-0.0567091912211857,0.4966,"X","retinitis pigmentosa 2 homolog"
"Cyhr1",0.0567034078466451,0.473,"15","cysteine and histidine rich 1"
"Fkbpl",0.0566998393128837,0.5054,"17","FK506 binding protein-like"
"Mesd",0.0566963637076006,0.235,"7","mesoderm development LRP chaperone"
"Ensa",0.0566903262622453,0.4486,"3","endosulfine alpha"
"Tnfrsf1a",-0.0566859132718505,0.5872,"6","tumor necrosis factor receptor superfamily, member 1a"
"Reep2",0.056665274402147,0.6868,"18","receptor accessory protein 2"
"Zfp712",0.0566523032944288,0.651,"13","zinc finger protein 712"
"Tmem183a",0.0566482442850695,0.2528,"1","transmembrane protein 183A"
"Uhrf1bp1l",0.0566481788059692,0.4158,"10","UHRF1 (ICBP90) binding protein 1-like"
"Commd5",0.0566358085466105,0.5536,"15","COMM domain containing 5"
"Naa10",0.0566226873056896,0.672,"X","N(alpha)-acetyltransferase 10, NatA catalytic subunit"
"Clcn3",-0.0566221570031793,0.6718,"8","chloride channel, voltage-sensitive 3"
"Ptgs1",0.0566017533574663,0.6954,"2","prostaglandin-endoperoxide synthase 1"
"Tpr",-0.0565823744107741,0.6404,"1","translocated promoter region, nuclear basket protein"
"Chrac1",-0.0565818448827842,0.6588,"15","chromatin accessibility complex 1"
"4930503L19Rik",-0.0565537365834512,0.7826,"18","RIKEN cDNA 4930503L19 gene"
"Ugcg",-0.0565510181096194,0.6344,"4","UDP-glucose ceramide glucosyltransferase"
"Cep83",-0.0565477383217994,0.482,"10","centrosomal protein 83"
"Snap23",-0.0565351057067933,0.669,"2","synaptosomal-associated protein 23"
"Camk2a",0.0565244861117122,0.5356,"18","calcium/calmodulin-dependent protein kinase II alpha"
"Lrrc3b",0.0565112461171013,0.6574,"14","leucine rich repeat containing 3B"
"Vps52",0.0565105378468997,0.3634,"17","VPS52 GARP complex subunit"
"Tada3",0.0564874336419097,0.469,"6","transcriptional adaptor 3"
"Sirt6",0.0564849304547765,0.5854,"10","sirtuin 6"
"D5Ertd579e",0.0564341867621234,0.4206,"5","DNA segment, Chr 5, ERATO Doi 579, expressed"
"Arl6ip6",0.0564299715721144,0.5736,"2","ADP-ribosylation factor-like 6 interacting protein 6"
"Wdr43",0.0564230788887619,0.3152,"17","WD repeat domain 43"
"Med16",0.0564187497422024,0.5734,"10","mediator complex subunit 16"
"Btf3",0.0564173268399166,0.4474,"13","basic transcription factor 3"
"Cog5",0.0564153865247956,0.7058,"12","component of oligomeric golgi complex 5"
"Lsm1",-0.0564118439867141,0.5364,"8","LSM1 homolog, mRNA degradation associated"
"Haus7",0.0564100565722399,0.6254,"X","HAUS augmin-like complex, subunit 7"
"Fastk",0.0564089655250131,0.5342,"5","Fas-activated serine/threonine kinase"
"Nbdy",-0.0564059602082265,0.6112,"X","negative regulator of P-body association"
"Zfp90",0.0563988486303244,0.4028,"8","zinc finger protein 90"
"Med6",-0.0563797804191744,0.5768,"12","mediator complex subunit 6"
"Zbtb11os1",-0.0563543003482065,0.549,"16","zinc finger and BTB domain containing 11, opposite strand 1"
"Kcnmb4",0.0563342625775318,0.6418,"10","potassium large conductance calcium-activated channel, subfamily M, beta member 4"
"Ccdc34",-0.0563227763326495,0.5978,"2","coiled-coil domain containing 34"
"Ofd1",0.0563180161479884,0.5624,"X","OFD1, centriole and centriolar satellite protein"
"Slc4a7",0.0563180018763676,0.7586,"14","solute carrier family 4, sodium bicarbonate cotransporter, member 7"
"Tmc4",-0.0563134086189883,0.7624,"7","transmembrane channel-like gene family 4"
"A930005H10Rik",0.0563022538545606,0.7048,"3","RIKEN cDNA A930005H10 gene"
"Zcchc2",-0.0562836582470174,0.5376,"1","zinc finger, CCHC domain containing 2"
"Rbbp7",0.0562714157163731,0.2706,"X","retinoblastoma binding protein 7, chromatin remodeling factor"
"Rps15a",0.0562683612688382,0.4774,"7","ribosomal protein S15A"
"Rfc2",0.0562656842544635,0.529,"5","replication factor C (activator 1) 2"
"Zbtb41",0.0562649333695022,0.535,"1","zinc finger and BTB domain containing 41"
"Mmp23",-0.0562516364980663,0.7686,"4","matrix metallopeptidase 23"
"Thap7",0.0562498991345075,0.574,"16","THAP domain containing 7"
"Plekhn1",0.0562389118788578,0.7294,"4","pleckstrin homology domain containing, family N member 1"
"Zdhhc12",-0.0562322323178375,0.6796,"2","zinc finger, DHHC domain containing 12"
"Mlh1",-0.0562171075524542,0.6194,"9","mutL homolog 1"
"Sesn1",0.0562061640911971,0.5182,"10","sestrin 1"
"Kcnk9",-0.0561973456229001,0.8296,"15","potassium channel, subfamily K, member 9"
"Avpi1",0.0561881661149375,0.676,"19","arginine vasopressin-induced 1"
"Tiparp",-0.0561772224903305,0.6,"3","TCDD-inducible poly(ADP-ribose) polymerase"
"Nfe2l3",-0.0561563612114657,0.598,"6","nuclear factor, erythroid derived 2, like 3"
"Ccnd3",-0.0561372473535782,0.4792,"17","cyclin D3"
"Furin",0.0561312553236624,0.2586,"7","furin (paired basic amino acid cleaving enzyme)"
"Etv6",-0.0561251305421786,0.418,"6","ets variant 6"
"Rpl19",0.0561229584302065,0.7186,"11","ribosomal protein L19"
"Vegfb",0.0561191519100932,0.6968,"19","vascular endothelial growth factor B"
"Qars",0.0561063216418161,0.1038,"9","glutaminyl-tRNA synthetase"
"Ccdc88c",-0.0561010753896074,0.6654,"12","coiled-coil domain containing 88C"
"Maml1",-0.0561001982609697,0.3358,"11","mastermind like transcriptional coactivator 1"
"4933412E12Rik",-0.0560893120542052,0.5704,"10","RIKEN cDNA 4933412E12 gene"
"Glul",0.0560737926239803,0.5114,"1","glutamate-ammonia ligase (glutamine synthetase)"
"Polr2k",-0.0560695403636098,0.5604,"15","polymerase (RNA) II (DNA directed) polypeptide K"
"Epha6",-0.0560617366134109,0.7874,"16","Eph receptor A6"
"Ptpn6",-0.056050928569148,0.7942,"6","protein tyrosine phosphatase, non-receptor type 6"
"Zfp14",-0.0560313239679915,0.4102,"7","zinc finger protein 14"
"Kat5",0.0560202044115954,0.3256,"19","K(lysine) acetyltransferase 5"
"Smim7",0.0559993389207438,0.5168,"8","small integral membrane protein 7"
"Slc25a28",0.0559821738831783,0.5958,"19","solute carrier family 25, member 28"
"Ppp2r5b",0.0559807977471456,0.1394,"19","protein phosphatase 2, regulatory subunit B', beta"
"Eif5",0.0559734160681824,0.1408,"12","eukaryotic translation initiation factor 5"
"Mrps7",0.0559517331444548,0.6102,"11","mitchondrial ribosomal protein S7"
"Mfsd4a",0.0559484626664393,0.3558,"1","major facilitator superfamily domain containing 4A"
"Sumf1",0.0559464875110871,0.3654,"6","sulfatase modifying factor 1"
"Rab31",0.0559464607211675,0.5246,"17","RAB31, member RAS oncogene family"
"Mib2",0.0559448699376714,0.3232,"4","mindbomb E3 ubiquitin protein ligase 2"
"Nbea",-0.055939807271165,0.6838,"3","neurobeachin"
"Purb",0.0559046535219814,0.3796,"11","purine rich element binding protein B"
"Tbl1x",0.0558939430225909,0.7528,"X","transducin (beta)-like 1 X-linked"
"Plaa",0.0558814142898401,0.377,"4","phospholipase A2, activating protein"
"Ccne1",-0.0558739607675718,0.5016,"7","cyclin E1"
"B230303A05Rik",-0.0558717053625721,0.4634,"13","RIKEN cDNA B230303A05 gene"
"Hspb11",0.0558574254726518,0.5196,"4","heat shock protein family B (small), member 11"
"Gga1",0.0558545159777752,0.4862,"15","golgi associated, gamma adaptin ear containing, ARF binding protein 1"
"Tmem38a",0.0558484475751024,0.3954,"8","transmembrane protein 38A"
"Pot1a",-0.0558425485720635,0.5,"6","protection of telomeres 1A"
"Plagl1",-0.05582574134431,0.6402,"10","pleiomorphic adenoma gene-like 1"
"Slc25a10",0.055825642651488,0.6154,"11","solute carrier family 25 (mitochondrial carrier, dicarboxylate transporter), member 10"
"Ighmbp2",0.0558217138660821,0.436,"19","immunoglobulin mu DNA binding protein 2"
"Mrpl48",0.0558100862113609,0.5576,"7","mitochondrial ribosomal protein L48"
"Gba2",0.0557924751211196,0.2018,"4","glucosidase beta 2"
"Mpeg1",-0.0557924422296519,0.8334,"19","macrophage expressed gene 1"
"Tbc1d16",0.0557911481066542,0.365,"11","TBC1 domain family, member 16"
"Bsg",-0.0557907543295677,0.3824,"10","basigin"
"Csrp2",-0.0557720112262468,0.7674,"10","cysteine and glycine-rich protein 2"
"Zmat2",0.055745368668223,0.5064,"18","zinc finger, matrin type 2"
"Phf14",0.0557378983392889,0.2844,"6","PHD finger protein 14"
"Pex10",0.0557056062792696,0.4788,"4","peroxisomal biogenesis factor 10"
"Polr2a",-0.0556769252158764,0.5642,"11","polymerase (RNA) II (DNA directed) polypeptide A"
"Dhx33",0.055664634332218,0.5362,"11","DEAH (Asp-Glu-Ala-His) box polypeptide 33"
"Zfp26",0.0556588006697165,0.7292,"9","zinc finger protein 26"
"Smug1",0.055640088561848,0.3016,"15","single-strand selective monofunctional uracil DNA glycosylase"
"Stk39",-0.055638713016033,0.4044,"2","serine/threonine kinase 39"
"Gm12258",0.0556153581107601,0.5428,"11","predicted gene 12258"
"Peg10",0.0556131277701981,0.557,"6","paternally expressed 10"
"Sars2",0.0555971334400867,0.4736,"7","seryl-aminoacyl-tRNA synthetase 2"
"Hnrnpc",0.0555771654060404,0.289,"14","heterogeneous nuclear ribonucleoprotein C"
"Rbm4b",0.0555664904349236,0.4326,"19","RNA binding motif protein 4B"
"Pgap3",-0.0555542452668973,0.3288,"11","post-GPI attachment to proteins 3"
"Eif1b",0.0555479900684031,0.5954,"9","eukaryotic translation initiation factor 1B"
"Rpl36",0.0555440891471077,0.7962,"17","ribosomal protein L36"
"Fxn",0.0555192448177055,0.6576,"19","frataxin"
"Zbtb40",-0.055512086749955,0.4998,"4","zinc finger and BTB domain containing 40"
"Lrtm2",0.0555006176705577,0.2424,"6","leucine-rich repeats and transmembrane domains 2"
"Akirin1",-0.0554976048218432,0.265,"4","akirin 1"
"Sik1",-0.0554817568794159,0.6872,"17","salt inducible kinase 1"
"Cmss1",0.0554756648851771,0.4288,"16","cms small ribosomal subunit 1"
"Thg1l",0.0554651026053352,0.4436,"11","tRNA-histidine guanylyltransferase 1-like (S. cerevisiae)"
"Smarca5",-0.0554643088782667,0.7216,"8","SWI/SNF related, matrix associated, actin dependent regulator of chromatin, subfamily a, member 5"
"Slc39a10",-0.0554621677725917,0.7488,"1","solute carrier family 39 (zinc transporter), member 10"
"Yipf6",0.0554479783286244,0.3314,"X","Yip1 domain family, member 6"
"Pcbp1",-0.0554459705034898,0.3648,"6","poly(rC) binding protein 1"
"Rpl39",-0.055428535194932,0.746,"X","ribosomal protein L39"
"Kdm2b",-0.0554263598628459,0.5832,"5","lysine (K)-specific demethylase 2B"
"Dis3l2",0.0554240949387079,0.1342,"1","DIS3 like 3'-5' exoribonuclease 2"
"Zfyve19",0.0554214689301578,0.4458,"2","zinc finger, FYVE domain containing 19"
"Tomm6",0.0553780138834981,0.712,"17","translocase of outer mitochondrial membrane 6"
"Nudt13",0.0553707154764727,0.417,"14","nudix (nucleoside diphosphate linked moiety X)-type motif 13"
"Cd47",-0.05536488570581,0.7722,"16","CD47 antigen (Rh-related antigen, integrin-associated signal transducer)"
"Gpx4",0.0553256225873895,0.7212,"10","glutathione peroxidase 4"
"Zfp668",0.0553140425803029,0.1558,"7","zinc finger protein 668"
"Npm3",0.055304842982419,0.658,"19","nucleoplasmin 3"
"Mcm8",-0.0552975104338236,0.557,"2","minichromosome maintenance 8 homologous recombination repair factor"
"Ccdc93",-0.0552582537253006,0.5958,"1","coiled-coil domain containing 93"
"Adgrl1",0.0552576304310133,0.355,"8","adhesion G protein-coupled receptor L1"
"Pigc",0.0552526102783162,0.3562,"1","phosphatidylinositol glycan anchor biosynthesis, class C"
"Adamts10",-0.0552480777825117,0.7466,"17","a disintegrin-like and metallopeptidase (reprolysin type) with thrombospondin type 1 motif, 10"
"AA414768",-0.0552364178542861,0.625,"X","expressed sequence AA414768"
"Slk",-0.0552312776746149,0.582,"19","STE20-like kinase"
"Tubb2a",0.0552208586860523,0.4204,"13","tubulin, beta 2A class IIA"
"Anks3",0.055210473529578,0.593,"16","ankyrin repeat and sterile alpha motif domain containing 3"
"Ppfibp1",-0.0551890710959611,0.736,"6","PTPRF interacting protein, binding protein 1 (liprin beta 1)"
"Brd7",0.055188957957558,0.1144,"8","bromodomain containing 7"
"Mal",0.0551714893038664,0.7034,"2","myelin and lymphocyte protein, T cell differentiation protein"
"Ackr1",0.0551618235855376,0.5112,"1","atypical chemokine receptor 1 (Duffy blood group)"
"Chst2",0.0551602253386756,0.3228,"9","carbohydrate sulfotransferase 2"
"Dnajb4",-0.0551451573985329,0.6716,"3","DnaJ heat shock protein family (Hsp40) member B4"
"4933434E20Rik",0.0551316620529843,0.3754,"3","RIKEN cDNA 4933434E20 gene"
"Hpcal4",0.0551306399640552,0.5094,"4","hippocalcin-like 4"
"Rps6",0.0551190797571346,0.6396,"4","ribosomal protein S6"
"Smad3",-0.0550676909924936,0.3788,"9","SMAD family member 3"
"Appbp2",-0.055065367724346,0.7416,"11","amyloid beta precursor protein (cytoplasmic tail) binding protein 2"
"Abcb8",0.0550588960136214,0.5808,"5","ATP-binding cassette, sub-family B (MDR/TAP), member 8"
"Sfxn1",0.0550384952429468,0.2886,"13","sideroflexin 1"
"Tfip11",0.055033949648073,0.2694,"5","tuftelin interacting protein 11"
"Adpgk",0.0549998239531719,0.3166,"9","ADP-dependent glucokinase"
"Cpq",-0.0549930640209304,0.588,"15","carboxypeptidase Q"
"Pvr",-0.0549856899337482,0.5616,"7","poliovirus receptor"
"Aven",0.0549739485454008,0.5558,"2","apoptosis, caspase activation inhibitor"
"Gigyf1",0.0549738579933248,0.6524,"5","GRB10 interacting GYF protein 1"
"Phf21b",0.0549338597649043,0.5558,"15","PHD finger protein 21B"
"Tsc2",0.0549166385777919,0.4118,"17","TSC complex subunit 2"
"Mtcl1",-0.0549111799680002,0.5846,"17","microtubule crosslinking factor 1"
"Dpysl5",0.0549012962654434,0.436,"5","dihydropyrimidinase-like 5"
"Coro1b",0.0548937704876202,0.5158,"19","coronin, actin binding protein 1B"
"Adgra1",-0.0548723650702891,0.6152,"7","adhesion G protein-coupled receptor A1"
"Begain",0.0548629089686203,0.6196,"12","brain-enriched guanylate kinase-associated"
"Rbck1",0.0548344961612282,0.5838,"2","RanBP-type and C3HC4-type zinc finger containing 1"
"Kpna2",0.0548201870356713,0.6046,"11","karyopherin (importin) alpha 2"
"Ctps",0.0548154908755283,0.2084,"4","cytidine 5'-triphosphate synthase"
"Tpm3",-0.0548112165118768,0.2662,"3","tropomyosin 3, gamma"
"Rictor",-0.0548071653496986,0.7292,"15","RPTOR independent companion of MTOR, complex 2"
"Marf1",0.0547808448651015,0.2978,"16","meiosis regulator and mRNA stability 1"
"Pyurf",0.0547703072605579,0.5184,"6","Pigy upstream reading frame"
"Fpgs",-0.0547415179054429,0.6046,"2","folylpolyglutamyl synthetase"
"Nacc1",0.0547288869382303,0.3164,"8","nucleus accumbens associated 1, BEN and BTB (POZ) domain containing"
"Fam149a",-0.0547273243344684,0.4138,"8","family with sequence similarity 149, member A"
"Gcn1",0.0547226634208595,0.4806,"5","GCN1 activator of EIF2AK4"
"Dock3",-0.0547223213531955,0.461,"9","dedicator of cyto-kinesis 3"
"Mrm2",-0.054710880579635,0.599,"5","mitochondrial rRNA methyltransferase 2"
"Lman2",0.0547055128432552,0.2846,"13","lectin, mannose-binding 2"
"Camkk2",0.0546904492929592,0.1698,"5","calcium/calmodulin-dependent protein kinase kinase 2, beta"
"Xylt2",-0.0546562758167397,0.4074,"11","xylosyltransferase II"
"Nol4l",0.0546559304737331,0.287,"2","nucleolar protein 4-like"
"Hcn1",-0.0546391491630649,0.7002,"13","hyperpolarization activated cyclic nucleotide gated potassium channel 1"
"Zfp512b",0.0546318223666988,0.697,"2","zinc finger protein 512B"
"Lig4",-0.054576669658974,0.6998,"8","ligase IV, DNA, ATP-dependent"
"Zfp160",0.0545738691109099,0.5258,"17","zinc finger protein 160"
"Yae1d1",0.0545717767407226,0.5612,"13","Yae1 domain containing 1"
"Nr1d2",-0.0545671161527892,0.5592,"14","nuclear receptor subfamily 1, group D, member 2"
"Tmem74",-0.054559991896844,0.843,"15","transmembrane protein 74"
"Aldh16a1",0.0545590529507258,0.652,"7","aldehyde dehydrogenase 16 family, member A1"
"Cystm1",0.0545567709920443,0.5334,"18","cysteine-rich transmembrane module containing 1"
"Nudt19",0.0545529667125413,0.5926,"7","nudix (nucleoside diphosphate linked moiety X)-type motif 19"
"Efcab12",-0.0545482108351258,0.6952,"6","EF-hand calcium binding domain 12"
"Nsd3",-0.0545465802202436,0.585,"8","nuclear receptor binding SET domain protein 3"
"Mat2a",0.0545262695281261,0.4454,"6","methionine adenosyltransferase II, alpha"
"Yrdc",-0.054513480385463,0.5106,"4","yrdC domain containing (E.coli)"
"Trhde",0.0545051379362338,0.748,"10","TRH-degrading enzyme"
"Cat",-0.054497735661668,0.3572,"2","catalase"
"Sox2ot",-0.054480763704106,0.6248,"3","SOX2 overlapping transcript (non-protein coding)"
"Zyx",0.054466347092788,0.403,"6","zyxin"
"Zmynd10",0.0544314846740059,0.7076,"9","zinc finger, MYND domain containing 10"
"Camta2",0.0544299487350788,0.3858,"11","calmodulin binding transcription activator 2"
"Resp18",-0.0544297821547239,0.6446,"1","regulated endocrine-specific protein 18"
"Dusp28",0.0544184980197269,0.649,"1","dual specificity phosphatase 28"
"Trappc5",-0.0544075531835153,0.334,"8","trafficking protein particle complex 5"
"Creb3l2",-0.0544004066424595,0.7074,"6","cAMP responsive element binding protein 3-like 2"
"Tubgcp5",0.0543973197373684,0.5952,"7","tubulin, gamma complex associated protein 5"
"Gatd1",0.0543931542291212,0.607,"7","glutamine amidotransferase like class 1 domain containing 1"
"Dpp7",0.0543899452954832,0.5602,"2","dipeptidylpeptidase 7"
"Them4",-0.0543686493961291,0.4746,"3","thioesterase superfamily member 4"
"Rnf5",0.054357820323097,0.649,"17","ring finger protein 5"
"Src",0.0543520746646209,0.3808,"2","Rous sarcoma oncogene"
"Iba57",0.0543492747995882,0.5412,"11","IBA57 homolog, iron-sulfur cluster assembly"
"Fsd1l",0.0543327247188152,0.5348,"4","fibronectin type III and SPRY domain containing 1-like"
"Lrch1",-0.0543285006709731,0.6178,"14","leucine-rich repeats and calponin homology (CH) domain containing 1"
"Oxtr",0.0543220248019369,0.6784,"6","oxytocin receptor"
"Oma1",0.0543169887840955,0.4646,"4","OMA1 zinc metallopeptidase"
"Tmem251",0.0543137325351948,0.4376,"12","transmembrane protein 251"
"Ube2a",0.0543114562168814,0.4236,"X","ubiquitin-conjugating enzyme E2A"
"Rbm17",0.0543085945801263,0.1042,"2","RNA binding motif protein 17"
"Uap1",0.0543011322828937,0.2036,"1","UDP-N-acetylglucosamine pyrophosphorylase 1"
"Acss2",0.0542974783048749,0.2748,"2","acyl-CoA synthetase short-chain family member 2"
"Fam102a",0.0542938325405347,0.3756,"2","family with sequence similarity 102, member A"
"Ttc39c",-0.0542922922240505,0.316,"18","tetratricopeptide repeat domain 39C"
"Oxct1",0.0542907877701158,0.247,"15","3-oxoacid CoA transferase 1"
"Rtl8b",0.0542865509900929,0.729,"X","retrotransposon Gag like 8B"
"Pcdhga7",-0.0542595798707675,0.7568,"18","protocadherin gamma subfamily A, 7"
"Mbnl1",-0.0542518661551501,0.3304,"3","muscleblind like splicing factor 1"
"Bex1",-0.0542489695218125,0.67,"X","brain expressed X-linked 1"
"Ppp1r3g",0.054247671390415,0.717,"13","protein phosphatase 1, regulatory subunit 3G"
"Sf3a2",0.0542283385903986,0.6382,"10","splicing factor 3a, subunit 2"
"Tada2a",0.0542099536606218,0.303,"11","transcriptional adaptor 2A"
"Enpp5",-0.0541920235281959,0.4464,"17","ectonucleotide pyrophosphatase/phosphodiesterase 5"
"Ngrn",0.0541759681293179,0.4934,"7","neugrin, neurite outgrowth associated"
"Gpr89",0.0541759062583256,0.2814,"3","G protein-coupled receptor 89"
"Sertad4",0.0541693079982872,0.5592,"1","SERTA domain containing 4"
"Rhob",0.0541661244532854,0.4734,"12","ras homolog family member B"
"Eps8",-0.0541601475193545,0.4968,"6","epidermal growth factor receptor pathway substrate 8"
"Tmem11",-0.054155598763419,0.5196,"11","transmembrane protein 11"
"Trp53bp1",0.0541248804721421,0.6014,"2","transformation related protein 53 binding protein 1"
"Egln1",0.0541233836804897,0.4564,"8","egl-9 family hypoxia-inducible factor 1"
"Cops5",0.0541125818461534,0.353,"1","COP9 signalosome subunit 5"
"Vangl2",0.0541098134137759,0.5334,"1","VANGL planar cell polarity 2"
"Ndufa8",0.0541079103424478,0.6642,"2","NADH:ubiquinone oxidoreductase subunit A8"
"Brf1",0.0540880008258418,0.2572,"12","BRF1, RNA polymerase III transcription initiation factor 90 kDa subunit"
"6720489N17Rik",0.0540878539597567,0.572,"13","RIKEN cDNA 6720489N17 gene"
"Ikzf4",0.0540816700761635,0.4414,"10","IKAROS family zinc finger 4"
"Tmcc2",0.0540598704214617,0.546,"1","transmembrane and coiled-coil domains 2"
"Paxip1",0.0540388237455209,0.2258,"5","PAX interacting (with transcription-activation domain) protein 1"
"Setd7",0.0540151352032119,0.478,"3","SET domain containing (lysine methyltransferase) 7"
"Cdh11",-0.0540007063000294,0.689,"8","cadherin 11"
"Ccdc51",0.0539911515392251,0.618,"9","coiled-coil domain containing 51"
"Dexi",0.0539905781244254,0.602,"16","dexamethasone-induced transcript"
"Arfgap2",-0.0539874373642459,0.549,"2","ADP-ribosylation factor GTPase activating protein 2"
"Zfp280d",-0.0539727775815653,0.6938,"9","zinc finger protein 280D"
"Tacc1",0.0539545188859725,0.2474,"8","transforming, acidic coiled-coil containing protein 1"
"Arhgdia",0.0539495507716161,0.6654,"11","Rho GDP dissociation inhibitor (GDI) alpha"
"Sema6b",0.0539395719343014,0.4014,"17","sema domain, transmembrane domain (TM), and cytoplasmic domain, (semaphorin) 6B"
"Shroom2",-0.0539338799918401,0.309,"X","shroom family member 2"
"Apol8",0.0539290183448706,0.6584,"15","apolipoprotein L 8"
"Ppp2r3a",-0.0538932021923246,0.5012,"9","protein phosphatase 2, regulatory subunit B'', alpha"
"Ttc17",-0.0538804437393008,0.1584,"2","tetratricopeptide repeat domain 17"
"Cort",-0.0538712420430607,0.7566,"4","cortistatin"
"Zbtb26",0.0538646974309955,0.6516,"2","zinc finger and BTB domain containing 26"
"Atp5o",0.0538431967960973,0.6726,"16","ATP synthase, H+ transporting, mitochondrial F1 complex, O subunit"
"Dtymk",0.0538139564824478,0.577,"1","deoxythymidylate kinase"
"Zfp746",-0.0538110921941417,0.2118,"6","zinc finger protein 746"
"Cetn3",0.0538094227720656,0.3986,"13","centrin 3"
"Apip",-0.05379246239375,0.4632,"2","APAF1 interacting protein"
"Rpl27",0.0537857572542455,0.695,"11","ribosomal protein L27"
"Mospd2",0.0537778205630826,0.5626,"X","motile sperm domain containing 2"
"Lrrc55",0.0537775165816834,0.5856,"2","leucine rich repeat containing 55"
"Acad10",0.0537757946088735,0.718,"5","acyl-Coenzyme A dehydrogenase family, member 10"
"Cct3",0.0537525345726957,0.2598,"3","chaperonin containing Tcp1, subunit 3 (gamma)"
"Nav1",-0.0537180910189985,0.6102,"1","neuron navigator 1"
"Lsm4",0.0537105390334469,0.6378,"8","LSM4 homolog, U6 small nuclear RNA and mRNA degradation associated"
"Hsd17b7",-0.0537075399443774,0.4824,"1","hydroxysteroid (17-beta) dehydrogenase 7"
"Slc8a3",0.0537017143347747,0.3806,"12","solute carrier family 8 (sodium/calcium exchanger), member 3"
"Gnb1",0.0536908397573068,0.3194,"4","guanine nucleotide binding protein (G protein), beta 1"
"Ccdc73",0.0536879614536585,0.6938,"2","coiled-coil domain containing 73"
"Ctdnep1",0.0536871549408042,0.5398,"11","CTD nuclear envelope phosphatase 1"
"Adam17",-0.0536821794839235,0.4326,"12","a disintegrin and metallopeptidase domain 17"
"Zfhx3",-0.0536802544910517,0.7152,"8","zinc finger homeobox 3"
"Pid1",-0.0536727871599822,0.621,"1","phosphotyrosine interaction domain containing 1"
"Adcy7",-0.0536697434014832,0.7484,"8","adenylate cyclase 7"
"Sec23ip",-0.0536696289814884,0.5164,"7","Sec23 interacting protein"
"Zc2hc1a",0.0536662874354743,0.5516,"3","zinc finger, C2HC-type containing 1A"
"Arhgap27",0.0536520986137465,0.4114,"11","Rho GTPase activating protein 27"
"Eif5a",0.0536495269471686,0.5376,"11","eukaryotic translation initiation factor 5A"
"Rps3a1",0.0536408800375785,0.6814,"3","ribosomal protein S3A1"
"Arhgap17",-0.0536327158436753,0.5988,"7","Rho GTPase activating protein 17"
"Rnaseh1",-0.0536200124189579,0.4742,"12","ribonuclease H1"
"Nat14",0.0536153785890257,0.6384,"7","N-acetyltransferase 14"
"Plcxd1",0.0536111617998549,0.6024,"5","phosphatidylinositol-specific phospholipase C, X domain containing 1"
"Dlgap3",0.0536054052482804,0.6294,"4","DLG associated protein 3"
"Samd1",0.0535930349151972,0.608,"8","sterile alpha motif domain containing 1"
"Purg",0.0535918061260752,0.6506,"8","purine-rich element binding protein G"
"Tril",-0.0535901292736121,0.4448,"6","TLR4 interactor with leucine-rich repeats"
"Msh6",0.0535863936503893,0.5918,"17","mutS homolog 6"
"Adcy5",0.0535806367496443,0.3636,"16","adenylate cyclase 5"
"Pkn1",0.0535507055054056,0.487,"8","protein kinase N1"
"2810459M11Rik",-0.0535474586511397,0.6358,"1","RIKEN cDNA 2810459M11 gene"
"Plekhg5",-0.0535406873439372,0.6248,"4","pleckstrin homology domain containing, family G (with RhoGef domain) member 5"
"Pa2g4",0.0535385896394818,0.2748,"10","proliferation-associated 2G4"
"Astn2",-0.0535283623650864,0.5552,"4","astrotactin 2"
"Lrrc7",-0.0535247223368787,0.7116,"3","leucine rich repeat containing 7"
"Tbc1d24",0.0535236288556975,0.4768,"17","TBC1 domain family, member 24"
"Oaf",0.0535235929496647,0.541,"9","out at first homolog"
"Gm5124",-0.0534851916926646,0.5764,"X","predicted pseudogene 5124"
"Mtor",-0.0534758692047879,0.4382,"4","mechanistic target of rapamycin kinase"
"Usp46",-0.0534561932652657,0.523,"5","ubiquitin specific peptidase 46"
"Ndufa5",0.0534279496426544,0.6968,"6","NADH:ubiquinone oxidoreductase subunit A5"
"Dedd2",0.0534277135451782,0.6112,"7","death effector domain-containing DNA binding protein 2"
"Mrpl19",0.0534193617133853,0.3592,"6","mitochondrial ribosomal protein L19"
"Trub1",0.053406715172474,0.351,"19","TruB pseudouridine (psi) synthase family member 1"
"Psmb6",0.0534008658061067,0.6344,"11","proteasome (prosome, macropain) subunit, beta type 6"
"Trim32",0.0533923231281292,0.27,"4","tripartite motif-containing 32"
"Timm9",0.0533876133050439,0.6116,"12","translocase of inner mitochondrial membrane 9"
"Ilf3",-0.0533830805833038,0.124,"9","interleukin enhancer binding factor 3"
"Crtc3",0.0533511044470139,0.353,"7","CREB regulated transcription coactivator 3"
"Glt8d1",0.0533476000695412,0.6256,"14","glycosyltransferase 8 domain containing 1"
"Myrf",-0.053315194257487,0.645,"19","myelin regulatory factor"
"Trmt10b",0.0532379178520754,0.3698,"4","tRNA methyltransferase 10B"
"Fstl4",-0.053229798040463,0.7252,"11","follistatin-like 4"
"H2-DMa",-0.0532274906275574,0.6234,"17","histocompatibility 2, class II, locus DMa"
"Nup88",0.0532197421312048,0.1624,"11","nucleoporin 88"
"Gm10516",0.0532147689570097,0.6274,"1","predicted gene 10516"
"Sik3",-0.0532069719041743,0.4498,"9","SIK family kinase 3"
"Pin1",0.0532008017294867,0.5408,"9","peptidyl-prolyl cis/trans isomerase, NIMA-interacting 1"
"Anxa11",0.0531937961640034,0.7626,"14","annexin A11"
"Deptor",-0.0531902816768919,0.647,"15","DEP domain containing MTOR-interacting protein"
"Trim37",0.0531858947102339,0.175,"11","tripartite motif-containing 37"
"Polr2c",0.0531854549198565,0.3436,"8","polymerase (RNA) II (DNA directed) polypeptide C"
"Ssx2ip",-0.0531821995782682,0.4552,"3","synovial sarcoma, X 2 interacting protein"
"Rmdn1",-0.0531731831106805,0.5786,"4","regulator of microtubule dynamics 1"
"Rabgef1",0.0531381152663961,0.1228,"5","RAB guanine nucleotide exchange factor (GEF) 1"
"Rgs14",0.0531311430112238,0.4824,"13","regulator of G-protein signaling 14"
"Zcchc9",0.0531258048753962,0.595,"13","zinc finger, CCHC domain containing 9"
"Rex1bd",0.0531224161673443,0.7506,"8","required for excision 1-B domain containing"
"Mier2",0.053122020297713,0.4006,"10","MIER family member 2"
"Sez6",-0.053113136998399,0.5464,"11","seizure related gene 6"
"Hmbs",0.0530911588286136,0.4482,"9","hydroxymethylbilane synthase"
"Vasn",-0.0530751666912757,0.6892,"16","vasorin"
"Rtn4",-0.0530718845661422,0.718,"11","reticulon 4"
"Hibch",0.053071129784557,0.472,"1","3-hydroxyisobutyryl-Coenzyme A hydrolase"
"Kctd5",0.0530657303287683,0.4464,"17","potassium channel tetramerisation domain containing 5"
"Mthfsd",0.0530561090284936,0.4968,"8","methenyltetrahydrofolate synthetase domain containing"
"Hps4",0.0530438554121853,0.5934,"5","HPS4, biogenesis of lysosomal organelles complex 3 subunit 2"
"Abcc8",0.0530427453685229,0.623,"7","ATP-binding cassette, sub-family C (CFTR/MRP), member 8"
"Ephb2",0.0530171768323093,0.3994,"4","Eph receptor B2"
"Stk10",-0.0530150317764351,0.6452,"11","serine/threonine kinase 10"
"Rit1",0.0530140088485078,0.4562,"3","Ras-like without CAAX 1"
"Gmnc",0.0530131655248376,0.8294,"16","geminin coiled-coil domain containing"
"Ecd",0.053007645078031,0.1976,"14","ecdysoneless cell cycle regulator"
"Taf4b",0.0529863609335295,0.548,"18","TATA-box binding protein associated factor 4b"
"Zfp747",0.0529849683898322,0.5272,"7","zinc finger protein 747"
"Ipo4",0.0529478154705956,0.2548,"14","importin 4"
"Dnajc24",-0.0529238700788119,0.5242,"2","DnaJ heat shock protein family (Hsp40) member C24"
"Acap3",0.0529177058781007,0.556,"4","ArfGAP with coiled-coil, ankyrin repeat and PH domains 3"
"Ddx24",0.0529098535816255,0.4464,"12","DEAD box helicase 24"
"Cyp2s1",-0.0528812308842395,0.577,"7","cytochrome P450, family 2, subfamily s, polypeptide 1"
"Dab1",0.0528711801882267,0.2882,"4","disabled 1"
"Chil1",-0.05286343298522,0.6464,"1","chitinase-like 1"
"Mthfd2l",0.0528244705365259,0.4716,"5","methylenetetrahydrofolate dehydrogenase (NADP+ dependent) 2-like"
"Rpap1",-0.0528222993235303,0.4848,"2","RNA polymerase II associated protein 1"
"Txnrd2",0.0528078547881066,0.6156,"16","thioredoxin reductase 2"
"Ptp4a3",0.0528011938198567,0.5172,"15","protein tyrosine phosphatase 4a3"
"Haghl",0.0527775902945828,0.6448,"17","hydroxyacylglutathione hydrolase-like"
"Slc38a9",-0.0527636531827218,0.5902,"13","solute carrier family 38, member 9"
"Mbip",0.0527594933945648,0.6336,"12","MAP3K12 binding inhibitory protein 1"
"Ppp1r12c",0.0527511602632824,0.575,"7","protein phosphatase 1, regulatory subunit 12C"
"Abcb7",-0.0527504268489922,0.4588,"X","ATP-binding cassette, sub-family B (MDR/TAP), member 7"
"Serf2",0.0527488148797657,0.6844,"2","small EDRK-rich factor 2"
"Sox1",0.0527372339456105,0.4638,"8","SRY (sex determining region Y)-box 1"
"Slc2a8",0.0527354581508659,0.517,"2","solute carrier family 2, (facilitated glucose transporter), member 8"
"Twnk",0.0527283633465094,0.3982,"19","twinkle mtDNA helicase"
"Arrb2",0.0527069324249521,0.5274,"11","arrestin, beta 2"
"Ddx47",-0.0526718199312848,0.3352,"6","DEAD box helicase 47"
"Atp2b1",-0.0526528157599504,0.6664,"10","ATPase, Ca++ transporting, plasma membrane 1"
"Cdk5r2",0.0526446840917032,0.5842,"1","cyclin-dependent kinase 5, regulatory subunit 2 (p39)"
"Ttyh1",0.0526285046070978,0.3024,"7","tweety family member 1"
"Wwc2",-0.0526267158490823,0.4732,"8","WW, C2 and coiled-coil domain containing 2"
"Ndufb3",0.0526186766389616,0.5806,"1","NADH:ubiquinone oxidoreductase subunit B3"
"Gsap",-0.0526141568276004,0.602,"5","gamma-secretase activating protein"
"Abhd8",0.0526023085673026,0.6572,"8","abhydrolase domain containing 8"
"Parp11",0.0525942440287088,0.51,"6","poly (ADP-ribose) polymerase family, member 11"
"Nptn",-0.0525701593481838,0.7494,"9","neuroplastin"
"Psmg4",0.0525675982466147,0.748,"13","proteasome (prosome, macropain) assembly chaperone 4"
"Smyd4",0.0525589477814283,0.317,"11","SET and MYND domain containing 4"
"Ndufa11",0.0525550830863759,0.7116,"17","NADH:ubiquinone oxidoreductase subunit A11"
"Map4k2",-0.0525458074819234,0.5264,"19","mitogen-activated protein kinase kinase kinase kinase 2"
"Rpl8",0.0525440811067384,0.7438,"15","ribosomal protein L8"
"Nup155",0.0525434044967295,0.6124,"15","nucleoporin 155"
"Nop53",0.052540054273905,0.7026,"7","NOP53 ribosome biogenesis factor"
"Ankrd34a",0.0525279016040043,0.6088,"3","ankyrin repeat domain 34A"
"Cacna1a",0.0525276423048382,0.4848,"8","calcium channel, voltage-dependent, P/Q type, alpha 1A subunit"
"Rabl6",0.0525190454649129,0.4684,"2","RAB, member RAS oncogene family-like 6"
"Cdv3",0.0524973554894288,0.208,"9","carnitine deficiency-associated gene expressed in ventricle 3"
"Vps13c",-0.0524922275366722,0.8224,"9","vacuolar protein sorting 13C"
"Kat2b",-0.0524639029623808,0.5918,"17","K(lysine) acetyltransferase 2B"
"Agpat3",0.0524552891832624,0.238,"10","1-acylglycerol-3-phosphate O-acyltransferase 3"
"Hibadh",0.0524299714775029,0.5154,"6","3-hydroxyisobutyrate dehydrogenase"
"Dnase1",0.0524286490826609,0.6542,"16","deoxyribonuclease I"
"Gtf3c2",0.052420151696734,0.5352,"5","general transcription factor IIIC, polypeptide 2, beta"
"Igsf1",0.0524172862134242,0.6274,"X","immunoglobulin superfamily, member 1"
"Eif4g1",-0.0524093396456236,0.681,"16","eukaryotic translation initiation factor 4, gamma 1"
"Aspscr1",0.0524079506963178,0.6606,"11","alveolar soft part sarcoma chromosome region, candidate 1 (human)"
"Zfp182",0.0523837159375846,0.7306,"X","zinc finger protein 182"
"Sec22c",0.0523774827978665,0.2774,"9","SEC22 homolog C, vesicle trafficking protein"
"Cptp",0.0523470295043822,0.4964,"4","ceramide-1-phosphate transfer protein"
"Sox4",0.0523286222273001,0.4482,"13","SRY (sex determining region Y)-box 4"
"Zranb1",0.0523198699994394,0.5288,"7","zinc finger, RAN-binding domain containing 1"
"Dram2",0.052314404466427,0.4998,"3","DNA-damage regulated autophagy modulator 2"
"Akt1s1",0.0523091514347271,0.6278,"7","AKT1 substrate 1 (proline-rich)"
"Igip",0.0523082775786339,0.669,"18","IgA inducing protein"
"Elp5",0.0522964321537147,0.677,"11","elongator acetyltransferase complex subunit 5"
"Pnck",0.0522896207492849,0.6632,"X","pregnancy upregulated non-ubiquitously expressed CaM kinase"
"Lzts2",0.0522882680776995,0.7364,"19","leucine zipper, putative tumor suppressor 2"
"Me1",-0.052268290163493,0.5382,"9","malic enzyme 1, NADP(+)-dependent, cytosolic"
"Cfp",0.0522465756703578,0.7954,"X","complement factor properdin"
"Maz",0.052243115831426,0.6246,"7","MYC-associated zinc finger protein (purine-binding transcription factor)"
"Lrp1",-0.0522382383035929,0.5722,"10","low density lipoprotein receptor-related protein 1"
"Mirg",-0.0522265049900996,0.776,"12","miRNA containing gene"
"Per3",-0.0522223206485268,0.6142,"4","period circadian clock 3"
"Lhx6",-0.052215023241982,0.5228,"2","LIM homeobox protein 6"
"Cox6a1",0.0522081621100199,0.759,"5","cytochrome c oxidase subunit 6A1"
"Armc5",0.0522024902382188,0.5594,"7","armadillo repeat containing 5"
"Vps11",0.0521898724455125,0.1134,"9","VPS11, CORVET/HOPS core subunit"
"Gramd1c",0.052182203034479,0.7062,"16","GRAM domain containing 1C"
"Ralgapa2",-0.0521630019682826,0.6586,"2","Ral GTPase activating protein, alpha subunit 2 (catalytic)"
"Rangrf",0.0521503904279172,0.6928,"11","RAN guanine nucleotide release factor"
"Tcta",0.052144066260821,0.5618,"9","T cell leukemia translocation altered gene"
"Smim18",-0.0521408912720547,0.7416,"8","small integral membrane protein 18"
"Sgtb",-0.0521360050102038,0.7028,"13","small glutamine-rich tetratricopeptide repeat (TPR)-containing, beta"
"Dctn2",0.0521303322271178,0.5436,"10","dynactin 2"
"Magi3",-0.0520921656267035,0.6906,"3","membrane associated guanylate kinase, WW and PDZ domain containing 3"
"Tmem222",0.0520843941363518,0.525,"4","transmembrane protein 222"
"Lrrc73",0.0520641756563149,0.7174,"17","leucine rich repeat containing 73"
"Urm1",0.0520617528664538,0.6272,"2","ubiquitin related modifier 1"
"Ttc27",0.052059856805613,0.3548,"17","tetratricopeptide repeat domain 27"
"Trim36",-0.0520585068360142,0.6426,"18","tripartite motif-containing 36"
"Nme1",0.0520378261839287,0.625,"11","NME/NM23 nucleoside diphosphate kinase 1"
"Sugp1",0.0520365501410227,0.3178,"8","SURP and G patch domain containing 1"
"Rasl10a",-0.0519975874727443,0.6876,"11","RAS-like, family 10, member A"
"Mapk8ip3",0.0519969376724418,0.1896,"17","mitogen-activated protein kinase 8 interacting protein 3"
"Pnpt1",-0.0519951580402838,0.6118,"11","polyribonucleotide nucleotidyltransferase 1"
"Slc19a2",0.0519909543558148,0.5378,"1","solute carrier family 19 (thiamine transporter), member 2"
"Psmd1",0.0519904108755824,0.325,"1","proteasome (prosome, macropain) 26S subunit, non-ATPase, 1"
"Pbdc1",-0.0519842298038666,0.5124,"X","polysaccharide biosynthesis domain containing 1"
"Psmd7",0.0519742670982266,0.4782,"8","proteasome (prosome, macropain) 26S subunit, non-ATPase, 7"
"Stub1",0.0519642497656161,0.2532,"17","STIP1 homology and U-Box containing protein 1"
"Pnpla6",0.0519631301079393,0.4478,"8","patatin-like phospholipase domain containing 6"
"Rsl24d1",0.0519599674496227,0.6064,"9","ribosomal L24 domain containing 1"
"Ssbp1",-0.0519506815163386,0.3462,"6","single-stranded DNA binding protein 1"
"Rpl13a",0.0519259948139155,0.7914,"7","ribosomal protein L13A"
"Zfp462",-0.0519147039939769,0.699,"4","zinc finger protein 462"
"Hap1",0.0519126130813596,0.5186,"11","huntingtin-associated protein 1"
"9330133O14Rik",-0.0519044747670168,0.5434,"8","RIKEN cDNA 9330133O14 gene"
"Pfdn4",0.0518909701809593,0.5702,"2","prefoldin 4"
"Plekhm1",0.0518870376807463,0.3666,"11","pleckstrin homology domain containing, family M (with RUN domain) member 1"
"Dtx3",0.0518736265607354,0.619,"10","deltex 3, E3 ubiquitin ligase"
"Ano8",0.0518678007025306,0.557,"8","anoctamin 8"
"Dhx9",-0.0518601761919113,0.8036,"1","DEAH (Asp-Glu-Ala-His) box polypeptide 9"
"Bop1",0.0518577984595128,0.4148,"15","block of proliferation 1"
"Caprin2",-0.0518519464860776,0.6594,"6","caprin family member 2"
"Zfp27",-0.0518119423709531,0.2508,"7","zinc finger protein 27"
"Taf8",-0.0518106499059749,0.2474,"17","TATA-box binding protein associated factor 8"
"Scrib",0.0518060891231791,0.5004,"15","scribbled planar cell polarity"
"Caln1",-0.0517770918252873,0.772,"5","calneuron 1"
"Zeb2",-0.0517755394743613,0.6984,"2","zinc finger E-box binding homeobox 2"
"Adamts9",0.0517470201753185,0.4968,"6","a disintegrin-like and metallopeptidase (reprolysin type) with thrombospondin type 1 motif, 9"
"Rtn2",0.0517289350482484,0.7274,"7","reticulon 2 (Z-band associated protein)"
"Tmod3",-0.0517215681291026,0.3196,"9","tropomodulin 3"
"Bcl9",-0.0517146389368826,0.4556,"3","B cell CLL/lymphoma 9"
"Kif13b",-0.0517109345065734,0.5916,"14","kinesin family member 13B"
"Enkd1",0.0517072020423579,0.7172,"8","enkurin domain containing 1"
"Clasp1",-0.0517058864838704,0.3586,"1","CLIP associating protein 1"
"Zbtb33",-0.0516882182314591,0.7464,"X","zinc finger and BTB domain containing 33"
"Uba52",0.0516843883548157,0.7604,"8","ubiquitin A-52 residue ribosomal protein fusion product 1"
"Poli",-0.0516750030964945,0.4104,"18","polymerase (DNA directed), iota"
"Ndufb11",0.0516570298725769,0.642,"X","NADH:ubiquinone oxidoreductase subunit B11"
"Vamp8",-0.0516568912852975,0.7636,"6","vesicle-associated membrane protein 8"
"Mageh1",0.0516456014313054,0.47,"X","MAGE family member H1"
"Nmnat2",0.0516348913069011,0.1576,"1","nicotinamide nucleotide adenylyltransferase 2"
"Wwtr1",-0.0516262341629101,0.5568,"3","WW domain containing transcription regulator 1"
"Ankrd27",0.0516185886173206,0.42,"7","ankyrin repeat domain 27 (VPS9 domain)"
"Syf2",0.0516180079266793,0.5586,"4","SYF2 homolog, RNA splicing factor (S. cerevisiae)"
"Upf3a",0.0516135616540501,0.6268,"8","UPF3 regulator of nonsense transcripts homolog A (yeast)"
"2010001A14Rik",0.0516130231114755,0.761,"11","RIKEN cDNA 2010001A14 gene"
"Arl8b",0.051611456888879,0.3392,"6","ADP-ribosylation factor-like 8B"
"Scn1b",0.0515586859049488,0.7094,"7","sodium channel, voltage-gated, type I, beta"
"Rsph3a",-0.0515575112563784,0.5858,"17","radial spoke 3A homolog (Chlamydomonas)"
"Slc17a5",0.0515536963920864,0.5384,"9","solute carrier family 17 (anion/sugar transporter), member 5"
"Psmd3",0.0515500956061272,0.3872,"11","proteasome (prosome, macropain) 26S subunit, non-ATPase, 3"
"Kif3a",0.0515449463040625,0.1546,"11","kinesin family member 3A"
"Psme4",0.0515409965137819,0.4852,"11","proteasome (prosome, macropain) activator subunit 4"
"Arid5a",-0.0515327282003737,0.4382,"1","AT rich interactive domain 5A (MRF1-like)"
"1110002E22Rik",-0.0515296613307938,0.7058,"3","RIKEN cDNA 1110002E22 gene"
"Fuca2",0.0515290432027422,0.347,"10","fucosidase, alpha-L- 2, plasma"
"Atp6v0d1",0.0515263925066174,0.4462,"8","ATPase, H+ transporting, lysosomal V0 subunit D1"
"Uimc1",-0.051517992898753,0.6518,"13","ubiquitin interaction motif containing 1"
"Zfp697",0.0514993570300559,0.4012,"3","zinc finger protein 697"
"Cacnb3",0.0514882395598448,0.7236,"15","calcium channel, voltage-dependent, beta 3 subunit"
"Commd1",0.0514863014124236,0.6396,"11","COMM domain containing 1"
"Fgfr1op2",-0.0514715455611539,0.4916,"6","FGFR1 oncogene partner 2"
"Zscan2",0.0514613989384749,0.6136,"7","zinc finger and SCAN domain containing 2"
"Ythdf2",0.0514581401620324,0.5716,"4","YTH N6-methyladenosine RNA binding protein 2"
"Cpt1c",0.0514386100288604,0.359,"7","carnitine palmitoyltransferase 1c"
"Zfp760",-0.051427193383168,0.6966,"17","zinc finger protein 760"
"Ythdc2",-0.0514269392873485,0.8112,"18","YTH domain containing 2"
"Chd3",0.051424493863534,0.3756,"11","chromodomain helicase DNA binding protein 3"
"Ppp1r3e",0.0514221789075031,0.5714,"14","protein phosphatase 1, regulatory subunit 3E"
"Snx12",-0.051413274251594,0.1992,"X","sorting nexin 12"
"Rpl10a",0.05140699917456,0.682,"17","ribosomal protein L10A"
"Notch2",-0.0514043336877048,0.706,"3","notch 2"
"Zkscan7",-0.0514016096216738,0.6886,"9","zinc finger with KRAB and SCAN domains 7"
"Snrnp27",0.0513939847965501,0.6048,"6","small nuclear ribonucleoprotein 27 (U4/U6.U5)"
"Fgf13",0.0513870348922936,0.4482,"X","fibroblast growth factor 13"
"P3h4",0.0513789431109366,0.6904,"11","prolyl 3-hydroxylase family member 4 (non-enzymatic)"
"Echdc1",0.0513599411122567,0.667,"10","enoyl Coenzyme A hydratase domain containing 1"
"Mrps5",0.0513546261979121,0.3292,"2","mitochondrial ribosomal protein S5"
"Fam81a",-0.0513279841920671,0.4454,"9","family with sequence similarity 81, member A"
"Nup54",-0.0513264444680201,0.4808,"5","nucleoporin 54"
"Stxbp3",-0.0513091734821129,0.6144,"3","syntaxin binding protein 3"
"Tlnrd1",0.051285654415886,0.4624,"7","talin rod domain containing 1"
"Rmdn3",0.0512856021938788,0.2808,"2","regulator of microtubule dynamics 3"
"Tgfb3",-0.051283201515989,0.5936,"12","transforming growth factor, beta 3"
"Surf6",-0.0512803797920203,0.2854,"2","surfeit gene 6"
"Gorasp1",0.051261558983354,0.4128,"9","golgi reassembly stacking protein 1"
"Prdx3",0.0512485053222775,0.486,"19","peroxiredoxin 3"
"Ndufb2",0.0512252853898403,0.6748,"6","NADH:ubiquinone oxidoreductase subunit B2"
"Hunk",0.0512029483559964,0.356,"16","hormonally upregulated Neu-associated kinase"
"Tchh",0.0511996299354127,0.6444,"3","trichohyalin"
"Foxred1",0.0511685917905895,0.4424,"9","FAD-dependent oxidoreductase domain containing 1"
"Amigo1",0.0511628190036388,0.145,"3","adhesion molecule with Ig like domain 1"
"1110059E24Rik",0.0511151521053943,0.5504,"19","RIKEN cDNA 1110059E24 gene"
"1110059E24Rik",0.0511151521053943,0.5504,"19","RIKEN cDNA 1110059E24 gene"
"Arxes2",0.0510905062825131,0.5356,"X","adipocyte-related X-chromosome expressed sequence 2"
"Cep78",0.0510897729205473,0.5252,"19","centrosomal protein 78"
"Kiz",-0.0510700864353284,0.5426,"2","kizuna centrosomal protein"
"Sptlc1",0.0510541241544251,0.1108,"13","serine palmitoyltransferase, long chain base subunit 1"
"Phc2",0.0510456131860826,0.519,"4","polyhomeotic 2"
"Ccnl2",0.051038671457154,0.6502,"4","cyclin L2"
"Nfu1",0.0510345022605865,0.5244,"6","NFU1 iron-sulfur cluster scaffold"
"Dhx34",0.0510031863311817,0.479,"7","DEAH (Asp-Glu-Ala-His) box polypeptide 34"
"Pdzd4",0.0509993280781087,0.6178,"X","PDZ domain containing 4"
"Zfp707",0.0509986887565699,0.6954,"15","zinc finger protein 707"
"Dnajc4",0.0509622707035691,0.7098,"19","DnaJ heat shock protein family (Hsp40) member C4"
"Ldlrad3",-0.0509607200907549,0.5852,"2","low density lipoprotein receptor class A domain containing 3"
"Wipi2",0.0509496239953231,0.2808,"5","WD repeat domain, phosphoinositide interacting 2"
"Cpox",-0.0509294690646378,0.669,"16","coproporphyrinogen oxidase"
"Gm5148",0.0509198681613019,0.6642,"3","predicted gene 5148"
"Chka",0.0509184896880122,0.5488,"19","choline kinase alpha"
"Snx19",-0.050918188730833,0.2588,"9","sorting nexin 19"
"Acta1",0.0509008057066977,0.7562,"8","actin alpha 1, skeletal muscle"
"AI593442",0.0509000933337633,0.5142,"9","expressed sequence AI593442"
"Adprh",0.0508859965413926,0.5372,"16","ADP-ribosylarginine hydrolase"
"Atp6v0e2",0.050885127189126,0.461,"6","ATPase, H+ transporting, lysosomal V0 subunit E2"
"Cables2",0.0508546217303651,0.3662,"2","CDK5 and Abl enzyme substrate 2"
"Glt1d1",-0.0508525334588139,0.701,"5","glycosyltransferase 1 domain containing 1"
"Mapk1",-0.0508423228048702,0.6632,"16","mitogen-activated protein kinase 1"
"Unc5c",0.0508280434699611,0.6054,"3","unc-5 netrin receptor C"
"Fam110a",0.0508188954780628,0.5646,"2","family with sequence similarity 110, member A"
"Ntng1",-0.0508142604381305,0.4364,"3","netrin G1"
"Glcci1",-0.0508142221106116,0.7104,"6","glucocorticoid induced transcript 1"
"Siah1a",0.0508104189070639,0.4448,"8","siah E3 ubiquitin protein ligase 1A"
"Atp6v0a1",0.0508052132660222,0.5722,"11","ATPase, H+ transporting, lysosomal V0 subunit A1"
"Zfp267",0.0507963324945306,0.442,"3","zinc finger protein 267"
"Ncapd3",0.050795865967606,0.5194,"9","non-SMC condensin II complex, subunit D3"
"Vbp1",0.0507691504035437,0.4384,"X","von Hippel-Lindau binding protein 1"
"Hmgn1",0.0507634570085491,0.4384,"16","high mobility group nucleosomal binding domain 1"
"Dvl1",0.0507534010496906,0.343,"4","dishevelled segment polarity protein 1"
"Dazap1",0.0507461051838511,0.488,"10","DAZ associated protein 1"
"Pld3",-0.0507401952394577,0.501,"7","phospholipase D family, member 3"
"Islr2",0.050726112213459,0.3298,"9","immunoglobulin superfamily containing leucine-rich repeat 2"
"Shank1",0.050718907051019,0.7168,"7","SH3 and multiple ankyrin repeat domains 1"
"Atraid",0.0507121368130479,0.3916,"5","all-trans retinoic acid induced differentiation factor"
"Cul1",0.0507023247005183,0.0696,"6","cullin 1"
"Sirt7",0.0507006797779761,0.647,"11","sirtuin 7"
"Tipin",0.0506914941237282,0.6094,"9","timeless interacting protein"
"Srd5a1",0.0506861946655079,0.6172,"13","steroid 5 alpha-reductase 1"
"Gpr162",0.0506726044070893,0.3548,"6","G protein-coupled receptor 162"
"Ptpn21",0.0506647058375691,0.5374,"12","protein tyrosine phosphatase, non-receptor type 21"
"Ipo11",0.0506646099215668,0.4462,"13","importin 11"
"Sgpl1",-0.0506643398048094,0.127,"10","sphingosine phosphate lyase 1"
"Hyou1",-0.050656367356626,0.536,"9","hypoxia up-regulated 1"
"Acsl3",0.0506483582368711,0.6038,"1","acyl-CoA synthetase long-chain family member 3"
"Fbxo22",0.0506476535580775,0.1622,"9","F-box protein 22"
"Pabpc4",0.0506309006501224,0.397,"4","poly(A) binding protein, cytoplasmic 4"
"Gm1673",0.05063018031827,0.7476,"5","predicted gene 1673"
"Prex2",-0.0506290764083346,0.6174,"1","phosphatidylinositol-3,4,5-trisphosphate-dependent Rac exchange factor 2"
"Rbm45",0.0506279466757524,0.3014,"2","RNA binding motif protein 45"
"Kif27",-0.0506220696551822,0.6198,"13","kinesin family member 27"
"Rnf208",0.0506209658850638,0.7154,"2","ring finger protein 208"
"Mrm3",0.05060579284237,0.5738,"11","mitochondrial rRNA methyltransferase 3"
"Tll2",0.0505930835027528,0.7424,"19","tolloid-like 2"
"Tubb4b",0.0505917331196057,0.3662,"2","tubulin, beta 4B class IVB"
"Cdc37l1",0.0505826804514751,0.4904,"19","cell division cycle 37-like 1"
"Kcnc2",-0.0505766595472616,0.5252,"10","potassium voltage gated channel, Shaw-related subfamily, member 2"
"Ctns",-0.0505736711970011,0.5884,"11","cystinosis, nephropathic"
"Snhg14",-0.050554033441089,0.7834,"7","small nucleolar RNA host gene 14"
"Ccdc186",0.0505445810811489,0.6704,"19","coiled-coil domain containing 186"
"Osbpl11",-0.0505384269717153,0.5032,"16","oxysterol binding protein-like 11"
"Riox1",0.0505250476997521,0.5188,"12","ribosomal oxygenase 1"
"Scube1",-0.0505145040200157,0.6574,"15","signal peptide, CUB domain, EGF-like 1"
"Sphk2",0.0505108389157813,0.2584,"7","sphingosine kinase 2"
"Adal",0.0505027323670282,0.3856,"2","adenosine deaminase-like"
"Tctn3",0.0504789879360703,0.5384,"19","tectonic family member 3"
"Ttc9",-0.0504782369254642,0.5032,"12","tetratricopeptide repeat domain 9"
"Carmil1",-0.0504707145804,0.57,"13","capping protein regulator and myosin 1 linker 1"
"Otud6b",-0.0504678496445257,0.472,"4","OTU domain containing 6B"
"Ing4",0.0504652075971039,0.4556,"6","inhibitor of growth family, member 4"
"Zkscan6",0.0504556363737256,0.531,"11","zinc finger with KRAB and SCAN domains 6"
"Nebl",0.0504553029332122,0.3764,"2","nebulette"
"Ctu1",-0.0504533729662455,0.4826,"7","cytosolic thiouridylase subunit 1"
"B3galnt2",0.050447672096797,0.5648,"13","UDP-GalNAc:betaGlcNAc beta 1,3-galactosaminyltransferase, polypeptide 2"
"Eif3h",0.050447230799854,0.6382,"15","eukaryotic translation initiation factor 3, subunit H"
"Prkab2",-0.050438909882998,0.69,"3","protein kinase, AMP-activated, beta 2 non-catalytic subunit"
"Synj2bp",0.0504229390342257,0.2824,"12","synaptojanin 2 binding protein"
"Maml3",0.0504107010526504,0.5648,"3","mastermind like transcriptional coactivator 3"
"Klf15",0.0504075861539786,0.5628,"6","Kruppel-like factor 15"
"Mir9-3hg",0.0503914611323255,0.5396,"7","Mir9-3 host gene"
"Kptn",0.0503703593100493,0.63,"7","kaptin"
"Vps41",0.0503625557758367,0.3266,"13","VPS41 HOPS complex subunit"
"Gm15706",-0.050353443237749,0.6558,"6","predicted gene 15706"
"Abi3",0.0503524655992473,0.6354,"11","ABI family member 3"
"Stk25",0.0503365670309011,0.2424,"1","serine/threonine kinase 25 (yeast)"
"Celsr3",0.0503112824629879,0.772,"9","cadherin, EGF LAG seven-pass G-type receptor 3"
"Gna13",-0.050291974313101,0.217,"11","guanine nucleotide binding protein, alpha 13"
"Chordc1",-0.0502802282337518,0.5944,"9","cysteine and histidine-rich domain (CHORD)-containing, zinc-binding protein 1"
"Golga7",0.0502796284253986,0.5702,"8","golgi autoantigen, golgin subfamily a, 7"
"Golga7",0.0502796284253986,0.5702,"8","golgi autoantigen, golgin subfamily a, 7"
"Irf2",-0.0502685479994875,0.4516,"8","interferon regulatory factor 2"
"Pum2",0.050267350819345,0.3022,"12","pumilio RNA-binding family member 2"
"Bcl6",-0.0502667888100667,0.5962,"16","B cell leukemia/lymphoma 6"
"Fbf1",0.0502633877385419,0.499,"11","Fas (TNFRSF6) binding factor 1"
"Tulp4",-0.0502490210417212,0.6666,"17","tubby like protein 4"
"Ormdl1",0.0502490124855521,0.5768,"1","ORM1-like 1 (S. cerevisiae)"
"Zfp28",0.0502475393284318,0.398,"7","zinc finger protein 28"
"Arxes1",0.0502400807204824,0.6428,"X","adipocyte-related X-chromosome expressed sequence 1"
"Mapk7",0.0502361854979023,0.5824,"11","mitogen-activated protein kinase 7"
"Ssu72",0.0502313858212897,0.5868,"4","Ssu72 RNA polymerase II CTD phosphatase homolog (yeast)"
"Zfp704",0.050222669839985,0.5488,"3","zinc finger protein 704"
"Rnf115",0.05018347621166,0.5168,"3","ring finger protein 115"
"Dhx38",-0.0501668296437403,0.4976,"8","DEAH (Asp-Glu-Ala-His) box polypeptide 38"
"Ptpn13",-0.0501640419630123,0.5834,"5","protein tyrosine phosphatase, non-receptor type 13"
"Lamc1",-0.0501367491731353,0.56,"1","laminin, gamma 1"
"Snx14",-0.0501213736932167,0.6574,"9","sorting nexin 14"
"Slc35e4",0.0501129717693933,0.5986,"11","solute carrier family 35, member E4"
"Flot1",0.0501070061067264,0.5874,"17","flotillin 1"
"Nsfl1c",0.0501043226705118,0.5412,"2","NSFL1 (p97) cofactor (p47)"
"Pstpip2",-0.0500554759859719,0.7152,"18","proline-serine-threonine phosphatase-interacting protein 2"
"Stk36",0.0500229823234704,0.7626,"1","serine/threonine kinase 36"
"Ccng1",-0.0500167514414498,0.2958,"11","cyclin G1"
"Zfp346",0.0500152250182078,0.452,"13","zinc finger protein 346"
"Nudcd1",0.050012096267094,0.6146,"15","NudC domain containing 1"
"Fbxo31",0.050011304423828,0.6462,"8","F-box protein 31"
"Rcan3",-0.050009969479925,0.2964,"4","regulator of calcineurin 3"
"Mrpl57",0.0499937284567906,0.5492,"14","mitochondrial ribosomal protein L57"
"Setd3",0.0499832118740233,0.3322,"12","SET domain containing 3"
"Ppp1ca",0.0499740536141147,0.553,"19","protein phosphatase 1 catalytic subunit alpha"
"Adrm1",0.0499735017132599,0.608,"2","adhesion regulating molecule 1 26S proteasome ubiquitin receptor"
"Wnk1",-0.0499656426250841,0.5586,"6","WNK lysine deficient protein kinase 1"
"Sugp2",0.0499604963421669,0.5088,"8","SURP and G patch domain containing 2"
"Tsr2",0.0499450806345685,0.2932,"X","TSR2 20S rRNA accumulation"
"Tmem147",0.0499426352992947,0.5896,"7","transmembrane protein 147"
"Mia2",-0.0499406498826902,0.6246,"12","MIA SH3 domain ER export factor 2"
"Cd276",0.0498929447646153,0.4812,"9","CD276 antigen"
"Tpd52",0.0498852951644402,0.3374,"3","tumor protein D52"
"Ttll7",-0.0498781884085915,0.6512,"3","tubulin tyrosine ligase-like family, member 7"
"2610035D17Rik",-0.0498740905204729,0.5556,"11","RIKEN cDNA 2610035D17 gene"
"2610035D17Rik",-0.0498740905204729,0.5556,"11","RIKEN cDNA 2610035D17 gene"
"Lrp10",-0.0498374999632079,0.5594,"14","low-density lipoprotein receptor-related protein 10"
"Kti12",0.0498337494151189,0.5512,"4","KTI12 homolog, chromatin associated"
"Sipa1",-0.049825905410243,0.4692,"19","signal-induced proliferation associated gene 1"
"Hs1bp3",-0.0498238364344434,0.5196,"12","HCLS1 binding protein 3"
"Pcnx2",-0.0498148348526604,0.5338,"8","pecanex homolog 2"
"Celf4",0.049807457214504,0.4866,"18","CUGBP, Elav-like family member 4"
"Fbxl19",0.0498061306796229,0.4364,"7","F-box and leucine-rich repeat protein 19"
"4933431E20Rik",0.0498047161712032,0.2056,"3","RIKEN cDNA 4933431E20 gene"
"Apbb2",0.0498030671600889,0.4328,"5","amyloid beta (A4) precursor protein-binding, family B, member 2"
"Rpl3",0.0497986117968825,0.7242,"15","ribosomal protein L3"
"Rgs19",0.0497681190476174,0.5176,"2","regulator of G-protein signaling 19"
"Ddx42",0.0497506173127311,0.3406,"11","DEAD box helicase 42"
"Cyb561a3",-0.049729289092431,0.3568,"19","cytochrome b561 family, member A3"
"Dpp10",-0.0497230168985379,0.8072,"1","dipeptidylpeptidase 10"
"Zfp120",-0.0497048946594862,0.4064,"2","zinc finger protein 120"
"Naca",0.049689882642717,0.5564,"10","nascent polypeptide-associated complex alpha polypeptide"
"Gtdc1",0.0496871015510854,0.4102,"2","glycosyltransferase-like domain containing 1"
"Hspa1l",0.0496846881688988,0.4826,"17","heat shock protein 1-like"
"Snrpd3",-0.0496746148469684,0.555,"10","small nuclear ribonucleoprotein D3"
"Zswim3",-0.0496678273218945,0.4864,"2","zinc finger SWIM-type containing 3"
"B3galt1",-0.0496675759418617,0.4432,"2","UDP-Gal:betaGlcNAc beta 1,3-galactosyltransferase, polypeptide 1"
"Pde3b",0.0496496121295698,0.7242,"7","phosphodiesterase 3B, cGMP-inhibited"
"Nfya",-0.0496156735617141,0.5836,"17","nuclear transcription factor-Y alpha"
"Retreg3",0.0496151438875296,0.4832,"11","reticulophagy regulator family member 3"
"Plch2",0.0496102055728729,0.4942,"4","phospholipase C, eta 2"
"Cnnm3",0.0496051799188084,0.3454,"1","cyclin M3"
"Nudc",0.0495727588177903,0.632,"4","nudC nuclear distribution protein"
"Kctd14",0.0495617223033105,0.774,"7","potassium channel tetramerisation domain containing 14"
"Khdrbs3",0.0495613597345033,0.3768,"15","KH domain containing, RNA binding, signal transduction associated 3"
"D6Wsu163e",0.0495492758483378,0.4572,"6","DNA segment, Chr 6, Wayne State University 163, expressed"
"C1qtnf4",0.0495402006108421,0.7836,"2","C1q and tumor necrosis factor related protein 4"
"Mfap1b",-0.0495333912471363,0.4412,"2","microfibrillar-associated protein 1B"
"Sh3pxd2b",-0.049532592860059,0.4802,"11","SH3 and PX domains 2B"
"Ccdc190",0.0495317446058303,0.6344,"1","coiled-coil domain containing 190"
"Cntnap5a",-0.0495206987093395,0.734,"1","contactin associated protein-like 5A"
"Slc5a3",-0.049496619689573,0.7306,"16","solute carrier family 5 (inositol transporters), member 3"
"Actr3b",0.0494859153767999,0.4254,"5","ARP3 actin-related protein 3B"
"Wls",-0.0494803584872021,0.6474,"3","wntless WNT ligand secretion mediator"
"Ube2q2",-0.0494618253066053,0.5718,"9","ubiquitin-conjugating enzyme E2Q family member 2"
"Myo16",-0.0494566998235917,0.4774,"8","myosin XVI"
"Med12l",-0.0494503097403651,0.8436,"3","mediator complex subunit 12-like"
"Pcolce2",0.0494474742106155,0.656,"9","procollagen C-endopeptidase enhancer 2"
"Pex7",0.0494294511272293,0.4332,"10","peroxisomal biogenesis factor 7"
"P4htm",0.0494177293470059,0.6706,"9","prolyl 4-hydroxylase, transmembrane (endoplasmic reticulum)"
"Naf1",-0.0494139421685835,0.4438,"8","nuclear assembly factor 1 ribonucleoprotein"
"Drd5",0.0494083889233705,0.575,"5","dopamine receptor D5"
"Trmt61a",-0.0494080428039876,0.4822,"12","tRNA methyltransferase 61A"
"Rrm1",-0.0494014596963117,0.4772,"7","ribonucleotide reductase M1"
"Pex3",-0.0493983378254583,0.616,"10","peroxisomal biogenesis factor 3"
"Cstf2",-0.0493920053951236,0.7452,"X","cleavage stimulation factor, 3' pre-RNA subunit 2"
"Pgp",0.0493900363277184,0.6286,"17","phosphoglycolate phosphatase"
"Cdpf1",0.0493846750843852,0.6818,"15","cysteine rich, DPF motif domain containing 1"
"Tmem101",0.0493821535595558,0.6086,"11","transmembrane protein 101"
"Dennd1a",0.0493789960592812,0.4608,"2","DENN/MADD domain containing 1A"
"Anapc7",0.0493604530517793,0.3064,"5","anaphase promoting complex subunit 7"
"Ecsit",0.0493547564585866,0.615,"9","ECSIT signalling integrator"
"Glrx5",0.0493537410705063,0.6964,"12","glutaredoxin 5"
"Tlcd4",-0.049351374349496,0.581,"3","TLC domain containing 4"
"Lrba",-0.0493390090814643,0.6522,"3","LPS-responsive beige-like anchor"
"Wdsub1",-0.0493252319123973,0.501,"2","WD repeat, SAM and U-box domain containing 1"
"Cygb",0.0493242424178497,0.5244,"11","cytoglobin"
"Ddx21",-0.0493201405343751,0.4164,"10","DExD box helicase 21"
"Prmt5",0.0493018402381944,0.529,"14","protein arginine N-methyltransferase 5"
"Wsb2",0.0493011307985043,0.574,"5","WD repeat and SOCS box-containing 2"
"Pdgfb",0.0493003264646754,0.5276,"15","platelet derived growth factor, B polypeptide"
"Ier5",-0.0492966632014076,0.586,"1","immediate early response 5"
"Crebbp",-0.049291201398403,0.7704,"16","CREB binding protein"
"Kcnk1",0.0492906794711558,0.3906,"8","potassium channel, subfamily K, member 1"
"Fbxw9",-0.0492794906832401,0.6564,"8","F-box and WD-40 domain protein 9"
"Prrg3",0.0492794738958162,0.4528,"X","proline rich Gla (G-carboxyglutamic acid) 3 (transmembrane)"
"Usf2",0.0492765875763084,0.5062,"7","upstream transcription factor 2"
"Polg",0.0492683472333235,0.5314,"7","polymerase (DNA directed), gamma"
"Nr1d1",-0.0492651008734617,0.4184,"11","nuclear receptor subfamily 1, group D, member 1"
"Prmt7",0.0492647461536393,0.487,"8","protein arginine N-methyltransferase 7"
"Ccni",0.0492578967939989,0.3638,"5","cyclin I"
"Rbmx",0.0492441375604784,0.5406,"X","RNA binding motif protein, X chromosome"
"Gm2061",0.0492266797489642,0.689,"1","predicted gene 2061"
"Ergic2",0.0492114426627861,0.4684,"6","ERGIC and golgi 2"
"Sema4f",0.049207181102644,0.4664,"6","sema domain, immunoglobulin domain (Ig), TM domain, and short cytoplasmic domain"
"Bcap29",-0.0492035188406525,0.3734,"12","B cell receptor associated protein 29"
"Sgce",-0.0491978461371483,0.459,"6","sarcoglycan, epsilon"
"Tdrd3",-0.0491805973806541,0.3708,"14","tudor domain containing 3"
"Riok1",0.0491745503870531,0.4006,"13","RIO kinase 1"
"Rbm15",0.0491740750575369,0.675,"3","RNA binding motif protein 15"
"Scnn1a",-0.0491548223954323,0.6992,"6","sodium channel, nonvoltage-gated 1 alpha"
"Tmem104",0.0491548024207482,0.4678,"11","transmembrane protein 104"
"Zfp976",-0.0491415826286521,0.63,"7","zinc finger protein 976"
"Btbd6",0.0491277015872003,0.7202,"12","BTB (POZ) domain containing 6"
"Otud3",0.0491052595399455,0.6386,"4","OTU domain containing 3"
"Rprml",0.0490906310008903,0.7462,"11","reprimo-like"
"Itgb1",-0.049088976525046,0.4826,"8","integrin beta 1 (fibronectin receptor beta)"
"Szt2",0.0490793218654488,0.7552,"4","SZT2 subunit of KICSTOR complex"
"Prpf38a",-0.0490722593755346,0.4464,"4","PRP38 pre-mRNA processing factor 38 (yeast) domain containing A"
"Chtop",0.0490643291895374,0.1966,"3","chromatin target of PRMT1"
"Pip5k1c",0.0490623519407603,0.3352,"10","phosphatidylinositol-4-phosphate 5-kinase, type 1 gamma"
"Zfp692",0.0490574437550819,0.7588,"11","zinc finger protein 692"
"Get4",0.0490516547299862,0.4184,"5","golgi to ER traffic protein 4"
"Dusp10",-0.0490356467164603,0.6582,"1","dual specificity phosphatase 10"
"Grin3a",-0.0490329812532408,0.635,"4","glutamate receptor ionotropic, NMDA3A"
"Kmt2e",-0.0490224569770428,0.7486,"5","lysine (K)-specific methyltransferase 2E"
"Nmrk1",0.0490075181558249,0.502,"19","nicotinamide riboside kinase 1"
"Cep170b",0.0489918126125222,0.295,"12","centrosomal protein 170B"
"Slc36a4",0.0489770588665444,0.4474,"9","solute carrier family 36 (proton/amino acid symporter), member 4"
"Frmpd4",-0.0489579217253873,0.7552,"X","FERM and PDZ domain containing 4"
"Pkp4",0.0489484887196543,0.5894,"2","plakophilin 4"
"Wnt5a",-0.0489411418465728,0.6528,"14","wingless-type MMTV integration site family, member 5A"
"Pafah2",-0.0489310500444957,0.6692,"4","platelet-activating factor acetylhydrolase 2"
"2610008E11Rik",0.0489236180110035,0.5074,"10","RIKEN cDNA 2610008E11 gene"
"Tex261",0.048907134009843,0.5002,"6","testis expressed gene 261"
"Gas2l1",0.0488995661383917,0.3954,"11","growth arrest-specific 2 like 1"
"Ctdsp2",0.0488898989327993,0.4442,"10","CTD (carboxy-terminal domain, RNA polymerase II, polypeptide A) small phosphatase 2"
"Pomgnt1",0.0488833593524083,0.3976,"4","protein O-linked mannose beta 1,2-N-acetylglucosaminyltransferase"
"Pomgnt1",0.0488833593524083,0.3976,"4","protein O-linked mannose beta 1,2-N-acetylglucosaminyltransferase"
"Adgrb1",0.0488813149167893,0.658,"15","adhesion G protein-coupled receptor B1"
"Fry",-0.0488772316037238,0.6354,"5","FRY microtubule binding protein"
"Arrdc3",-0.0488768387186838,0.6836,"13","arrestin domain containing 3"
"Cdo1",0.0488708169646235,0.5088,"18","cysteine dioxygenase 1, cytosolic"
"Gpr27",0.0488696967040241,0.5974,"6","G protein-coupled receptor 27"
"Grk2",0.0488691201743912,0.5946,"19","G protein-coupled receptor kinase 2"
"Hdgf",0.0488682263792599,0.4528,"3","heparin binding growth factor"
"Aimp2",0.0488652156299745,0.4686,"5","aminoacyl tRNA synthetase complex-interacting multifunctional protein 2"
"Grik2",0.0488627616900104,0.4406,"10","glutamate receptor, ionotropic, kainate 2 (beta 2)"
"Cdh24",0.0488572481334746,0.7714,"14","cadherin-like 24"
"Gstm4",-0.0488530537396965,0.4896,"3","glutathione S-transferase, mu 4"
"Fgf1",0.0488509538311694,0.5394,"18","fibroblast growth factor 1"
"C4a",0.0488507041228674,0.8022,"17","complement component 4A (Rodgers blood group)"
"Cd24a",0.0488487206229222,0.6824,"10","CD24a antigen"
"Zdhhc13",0.0488286629557413,0.5332,"7","zinc finger, DHHC domain containing 13"
"Trmt5",0.0488272729968475,0.3486,"12","TRM5 tRNA methyltransferase 5"
"Arhgap32",-0.0488253655178967,0.7088,"9","Rho GTPase activating protein 32"
"Snrnp48",-0.0488153589797378,0.5564,"13","small nuclear ribonucleoprotein 48 (U11/U12)"
"P2ry6",0.0488100853210529,0.7174,"7","pyrimidinergic receptor P2Y, G-protein coupled, 6"
"Prkdc",-0.0488097019167686,0.7004,"16","protein kinase, DNA activated, catalytic polypeptide"
"Xk",0.0488057978153016,0.4312,"X","X-linked Kx blood group"
"Asb16",0.0487931030857909,0.7662,"11","ankyrin repeat and SOCS box-containing 16"
"Pepd",0.0487679868307866,0.4518,"7","peptidase D"
"Rab33a",0.0487675106170866,0.6932,"X","RAB33A, member RAS oncogene family"
"Faxc",0.048761013983591,0.626,"4","failed axon connections homolog"
"Zfp758",0.048739849099916,0.6292,"17","zinc finger protein 758"
"Pvt1",0.0487347374724116,0.3104,"15","Pvt1 oncogene"
"Mavs",-0.048725221636106,0.4748,"2","mitochondrial antiviral signaling protein"
"Rpl37",0.0487155174428242,0.794,"15","ribosomal protein L37"
"Rpl37",0.0487155174428242,0.794,"15","ribosomal protein L37"
"Kif16b",-0.048713272146288,0.5994,"2","kinesin family member 16B"
"Gas5",0.0487125610800438,0.7358,"1","growth arrest specific 5"
"Dot1l",0.04870104663416,0.7792,"10","DOT1-like, histone H3 methyltransferase (S. cerevisiae)"
"Stk24",-0.0486969834726105,0.6034,"14","serine/threonine kinase 24"
"9930104L06Rik",-0.0486836846318051,0.3892,"4","RIKEN cDNA 9930104L06 gene"
"Izumo4",0.0486535221843409,0.6436,"10","IZUMO family member 4"
"Pptc7",0.0486434212977098,0.285,"5","PTC7 protein phosphatase homolog"
"Ids",0.0486381443565342,0.324,"X","iduronate 2-sulfatase"
"Gmpr",0.0486242183821233,0.6454,"13","guanosine monophosphate reductase"
"Nudt1",0.048615672576076,0.7338,"5","nudix (nucleoside diphosphate linked moiety X)-type motif 1"
"Igsf21",-0.0485889607175691,0.604,"4","immunoglobulin superfamily, member 21"
"Spcs3",-0.0485840466431311,0.5062,"8","signal peptidase complex subunit 3 homolog (S. cerevisiae)"
"Rubcn",-0.0485718248877323,0.1202,"16","RUN domain and cysteine-rich domain containing, Beclin 1-interacting protein"
"Lonrf2",0.0485593847561523,0.4176,"1","LON peptidase N-terminal domain and ring finger 2"
"Mdc1",-0.0485506178252262,0.6756,"17","mediator of DNA damage checkpoint 1"
"Tshz1",-0.0485476957192477,0.3748,"18","teashirt zinc finger family member 1"
"Nol10",-0.0485393401863838,0.3236,"12","nucleolar protein 10"
"Rrbp1",-0.0485382045947222,0.5748,"2","ribosome binding protein 1"
"Sardh",0.0485344453350631,0.6074,"2","sarcosine dehydrogenase"
"Hs3st1",-0.0485316647373413,0.5934,"5","heparan sulfate (glucosamine) 3-O-sulfotransferase 1"
"Star",0.0485150049954797,0.6026,"8","steroidogenic acute regulatory protein"
"Dynll1",0.0484678752806307,0.6382,"5","dynein light chain LC8-type 1"
"Egr4",-0.0484637883070489,0.779,"6","early growth response 4"
"Nog",0.0484624583692548,0.6668,"11","noggin"
"Gng3",0.0484619783889055,0.625,"19","guanine nucleotide binding protein (G protein), gamma 3"
"Lamb1",0.0484471398450337,0.552,"12","laminin B1"
"Bmpr1b",0.0484380494279772,0.4552,"3","bone morphogenetic protein receptor, type 1B"
"Jph3",0.0484316033236354,0.571,"8","junctophilin 3"
"Pank1",0.0484296698075593,0.4238,"19","pantothenate kinase 1"
"Cox7c",0.0484051404060883,0.7248,"13","cytochrome c oxidase subunit 7C"
"Hira",0.0484030007511596,0.3294,"16","histone cell cycle regulator"
"Arl4c",0.0483919341068448,0.6328,"1","ADP-ribosylation factor-like 4C"
"Ica1l",0.0483788367642735,0.337,"1","islet cell autoantigen 1-like"
"Shank3",0.0483728396722807,0.4184,"15","SH3 and multiple ankyrin repeat domains 3"
"Mphosph9",0.0483569882894592,0.6698,"5","M-phase phosphoprotein 9"
"Mtm1",0.0483391350867137,0.7064,"X","X-linked myotubular myopathy gene 1"
"Cdc14b",0.0483343003274785,0.6782,"13","CDC14 cell division cycle 14B"
"Txlng",0.0483319636331654,0.5942,"X","taxilin gamma"
"Ric1",-0.0483165827455396,0.764,"19","RAB6A GEF complex partner 1"
"Nptx1",-0.0483127023651058,0.5674,"11","neuronal pentraxin 1"
"Tma16",0.0483086875750853,0.6078,"8","translation machinery associated 16"
"Tsen15",-0.0482881014729326,0.593,"1","tRNA splicing endonuclease subunit 15"
"Dpyd",-0.048262638608068,0.7492,"3","dihydropyrimidine dehydrogenase"
"Dag1",-0.0482193153676702,0.545,"9","dystroglycan 1"
"Pygm",-0.0481987905460253,0.6188,"19","muscle glycogen phosphorylase"
"Senp3",0.0481958547679193,0.2866,"11","SUMO/sentrin specific peptidase 3"
"Tcp1",0.0481753979182526,0.2772,"17","t-complex protein 1"
"Csnk2a2",-0.0481674729730051,0.3098,"8","casein kinase 2, alpha prime polypeptide"
"Aup1",0.048149044014167,0.707,"6","ancient ubiquitous protein 1"
"Coro1c",0.0481470917633979,0.2068,"5","coronin, actin binding protein 1C"
"Puf60",0.04813478235008,0.5378,"15","poly-U binding splicing factor 60"
"Fbxw5",0.0481286490938988,0.6558,"2","F-box and WD-40 domain protein 5"
"Rpl41",0.0481272350775006,0.8084,"10","ribosomal protein L41"
"Yes1",0.0481197438865402,0.483,"5","YES proto-oncogene 1, Src family tyrosine kinase"
"Cers4",0.0481102579486841,0.607,"8","ceramide synthase 4"
"1700019D03Rik",-0.0480817238432132,0.579,"1","RIKEN cDNA 1700019D03 gene"
"Atf6",0.0480356313782044,0.566,"1","activating transcription factor 6"
"Pex5",0.0479974606102846,0.2322,"6","peroxisomal biogenesis factor 5"
"Fancm",0.0479775398107165,0.7242,"12","Fanconi anemia, complementation group M"
"C1qb",-0.0479679895185576,0.688,"4","complement component 1, q subcomponent, beta polypeptide"
"Mpg",0.0479633903573364,0.602,"11","N-methylpurine-DNA glycosylase"
"Gm973",-0.0479633563717243,0.6384,"1","predicted gene 973"
"Mafg",0.0479593055501768,0.6804,"11","v-maf musculoaponeurotic fibrosarcoma oncogene family, protein G (avian)"
"Zfp52",-0.0479559408598211,0.604,"17","zinc finger protein 52"
"Kcnk12",-0.0479548402577059,0.6978,"17","potassium channel, subfamily K, member 12"
"Lrrc4c",-0.0479492552997831,0.6394,"2","leucine rich repeat containing 4C"
"Dcaf17",-0.0479298360916389,0.6686,"2","DDB1 and CUL4 associated factor 17"
"Kdm4a",-0.0479152046957294,0.5766,"4","lysine (K)-specific demethylase 4A"
"Herc2",-0.0478879387987021,0.6888,"7","HECT and RLD domain containing E3 ubiquitin protein ligase 2"
"Ubqln4",0.0478772744469582,0.459,"3","ubiquilin 4"
"Agl",-0.0478673243948409,0.2746,"3","amylo-1,6-glucosidase, 4-alpha-glucanotransferase"
"Slf2",-0.0478569360998851,0.658,"19","SMC5-SMC6 complex localization factor 2"
"Ndufaf7",0.0477956923530369,0.2882,"17","NADH:ubiquinone oxidoreductase complex assembly factor 7"
"Chrm4",0.0477865875254135,0.6798,"2","cholinergic receptor, muscarinic 4"
"Prkcz",0.0477589579664466,0.5202,"4","protein kinase C, zeta"
"Chmp2b",-0.0477428310689749,0.5944,"16","charged multivesicular body protein 2B"
"Fam89b",0.0477333748865325,0.714,"19","family with sequence similarity 89, member B"
"Tmem132a",0.0477294358995444,0.4176,"19","transmembrane protein 132A"
"Ryr3",-0.0477171919222643,0.8066,"2","ryanodine receptor 3"
"Dlx6os1",-0.047709285013346,0.7182,"6","distal-less homeobox 6, opposite strand 1"
"Ccdc117",0.0476948831040072,0.6718,"11","coiled-coil domain containing 117"
"Dnajc11",0.0476929251580636,0.3624,"4","DnaJ heat shock protein family (Hsp40) member C11"
"Ppt1",-0.0476830575880172,0.4148,"4","palmitoyl-protein thioesterase 1"
"Gpatch3",0.0476809911913345,0.5656,"4","G patch domain containing 3"
"Ago3",-0.0476613929800558,0.8724,"4","argonaute RISC catalytic subunit 3"
"Ik",-0.0476518386086848,0.3838,"18","IK cytokine"
"Smad5",-0.047619710855769,0.4296,"13","SMAD family member 5"
"Sec24d",0.0475967950100147,0.6132,"3","Sec24 related gene family, member D (S. cerevisiae)"
"Sord",-0.0475754826889836,0.4646,"2","sorbitol dehydrogenase"
"Mrgbp",0.0475659008270837,0.5704,"2","MRG/MORF4L binding protein"
"Mast1",0.047558179399541,0.5264,"8","microtubule associated serine/threonine kinase 1"
"Dctn3",0.0475541762867646,0.6764,"4","dynactin 3"
"Nat8f1",0.0475345086455419,0.6572,"6","N-acetyltransferase 8 (GCN5-related) family member 1"
"Scly",0.0475316883313734,0.3802,"1","selenocysteine lyase"
"Llgl1",0.047526403510818,0.3278,"11","LLGL1 scribble cell polarity complex component"
"Zfp628",-0.0475263429091943,0.4666,"7","zinc finger protein 628"
"Acsl5",0.0475179746009111,0.3844,"19","acyl-CoA synthetase long-chain family member 5"
"Rapgef4",-0.0475047942215809,0.7292,"2","Rap guanine nucleotide exchange factor (GEF) 4"
"Golga2",0.0474950865216304,0.1904,"2","golgi autoantigen, golgin subfamily a, 2"
"Vmp1",0.0474824275229455,0.365,"11","vacuole membrane protein 1"
"Lman1",-0.0474798636350311,0.4914,"18","lectin, mannose-binding, 1"
"D630003M21Rik",-0.0474755092136721,0.616,"2","RIKEN cDNA D630003M21 gene"
"Hpgds",0.0474620855703369,0.852,"6","hematopoietic prostaglandin D synthase"
"Zfp871",-0.0474571726565447,0.7708,"17","zinc finger protein 871"
"Cnih3",0.0474199736854555,0.6214,"1","cornichon family AMPA receptor auxiliary protein 3"
"Dmwd",0.0474125357215671,0.599,"7","dystrophia myotonica-containing WD repeat motif"
"Cnnm2",0.047394437094221,0.2162,"19","cyclin M2"
"Ddx41",0.0473867572841709,0.4572,"13","DEAD box helicase 41"
"Mob3a",-0.0473730398179728,0.543,"10","MOB kinase activator 3A"
"Sacs",-0.0473665119759179,0.821,"14","sacsin"
"Cbx6",0.0473639110413373,0.657,"15","chromobox 6"
"Zfp442",0.0473572709031056,0.6726,"2","zinc finger protein 442"
"Arhgap10",-0.0473439608508941,0.5734,"8","Rho GTPase activating protein 10"
"Snx17",0.047341669116812,0.5202,"5","sorting nexin 17"
"Zmiz1",-0.0473379664935942,0.522,"14","zinc finger, MIZ-type containing 1"
"Clk4",0.0473255045228962,0.6478,"11","CDC like kinase 4"
"Angel2",0.0473244359068561,0.3852,"1","angel homolog 2"
"Ndrg2",0.0473234003001419,0.712,"14","N-myc downstream regulated gene 2"
"Ets2",-0.0473177217129512,0.4558,"16","E26 avian leukemia oncogene 2, 3' domain"
"Smpd1",0.047314709470097,0.4498,"7","sphingomyelin phosphodiesterase 1, acid lysosomal"
"Rexo4",0.0473092790329979,0.3936,"2","REX4, 3'-5' exonuclease"
"Gfod2",0.0473050711730036,0.5172,"8","glucose-fructose oxidoreductase domain containing 2"
"Klhdc3",0.0473049980864353,0.5508,"17","kelch domain containing 3"
"1810021B22Rik",0.0472870934074727,0.5748,"15","RIKEN cDNA 1810021B22 gene"
"Krba1",0.047286697538115,0.6482,"6","KRAB-A domain containing 1"
"Dnajc6",-0.0472845516995051,0.7006,"4","DnaJ heat shock protein family (Hsp40) member C6"
"Sncaip",-0.0472753016182481,0.5876,"18","synuclein, alpha interacting protein (synphilin)"
"Phactr3",0.0472751279924113,0.5612,"2","phosphatase and actin regulator 3"
"Gtf2ird2",0.0472648543140903,0.4668,"5","GTF2I repeat domain containing 2"
"Zfp691",0.0472631417042568,0.5778,"4","zinc finger protein 691"
"Gpr75",0.047258699455563,0.605,"11","G protein-coupled receptor 75"
"Hey1",0.0472530673287679,0.3418,"3","hairy/enhancer-of-split related with YRPW motif 1"
"Asic2",0.0472468752075317,0.5386,"11","acid-sensing (proton-gated) ion channel 2"
"Mnat1",0.0472442610170578,0.409,"12","menage a trois 1"
"Ptp4a2",0.0472429808584591,0.347,"4","protein tyrosine phosphatase 4a2"
"Bex3",0.0472382406409224,0.6216,"X","brain expressed X-linked 3"
"Nup62",-0.0472340646220966,0.415,"7","nucleoporin 62"
"Fmn2",-0.0472270471338758,0.6634,"1","formin 2"
"Alg6",0.047225662297449,0.563,"4","asparagine-linked glycosylation 6 (alpha-1,3,-glucosyltransferase)"
"Vps18",-0.0472087151049463,0.2228,"2","VPS18 CORVET/HOPS core subunit"
"Rpl6",0.0471988410334951,0.7718,"5","ribosomal protein L6"
"Rhoq",-0.047182181526777,0.43,"17","ras homolog family member Q"
"Ajm1",0.0471694206392144,0.6394,"2","apical junction component 1"
"Pot1b",0.0471511810956362,0.7446,"17","protection of telomeres 1B"
"Nr4a1",-0.0471358616096476,0.7636,"15","nuclear receptor subfamily 4, group A, member 1"
"Mov10",-0.047130185705698,0.8276,"3","Mov10 RISC complex RNA helicase"
"Spsb3",0.0471114395047749,0.595,"17","splA/ryanodine receptor domain and SOCS box containing 3"
"Poldip2",0.0471007974724236,0.5166,"11","polymerase (DNA-directed), delta interacting protein 2"
"Camk1",0.0470955038559033,0.5346,"6","calcium/calmodulin-dependent protein kinase I"
"Orc6",0.0470830576133023,0.412,"8","origin recognition complex, subunit 6"
"Ppp2r2c",0.0470813254894011,0.3246,"5","protein phosphatase 2, regulatory subunit B, gamma"
"Trim46",0.0470740044607458,0.5594,"3","tripartite motif-containing 46"
"Efna3",-0.0470577654699547,0.5144,"3","ephrin A3"
"Smyd5",0.0470524612341734,0.5994,"6","SET and MYND domain containing 5"
"Hars",0.047044551488554,0.4152,"18","histidyl-tRNA synthetase"
"Skida1",0.0470274582256742,0.397,"2","SKI/DACH domain containing 1"
"Hyal1",0.047026916554207,0.7112,"9","hyaluronoglucosaminidase 1"
"Tet1",0.047016013326469,0.7616,"10","tet methylcytosine dioxygenase 1"
"Atf6b",-0.0469973814675377,0.3868,"17","activating transcription factor 6 beta"
"Kcnn2",0.0469969976809219,0.4122,"18","potassium intermediate/small conductance calcium-activated channel, subfamily N, member 2"
"Kif22",-0.046988440737928,0.6612,"7","kinesin family member 22"
"Exoc3l",0.0469862510400323,0.4344,"8","exocyst complex component 3-like"
"Scamp2",-0.046978510718346,0.4544,"9","secretory carrier membrane protein 2"
"Crebl2",0.0469671045870763,0.4692,"6","cAMP responsive element binding protein-like 2"
"Bmyc",0.0469641114471759,0.7068,"2","brain expressed myelocytomatosis oncogene"
"Tspan18",0.0469502629895304,0.572,"2","tetraspanin 18"
"Zbtb7b",0.046939599892581,0.6346,"3","zinc finger and BTB domain containing 7B"
"Parva",-0.0469315395557812,0.277,"7","parvin, alpha"
"Dnajb9",-0.0469206599136482,0.7844,"12","DnaJ heat shock protein family (Hsp40) member B9"
"B3glct",-0.0469102281728606,0.5354,"5","beta-3-glucosyltransferase"
"Soga1",0.046906536340428,0.6188,"2","suppressor of glucose, autophagy associated 1"
"Sar1a",0.0468974688605304,0.2926,"10","secretion associated Ras related GTPase 1A"
"Atg101",0.0468863909247279,0.6394,"15","autophagy related 101"
"Xrcc3",0.0468860970521301,0.7456,"12","X-ray repair complementing defective repair in Chinese hamster cells 3"
"Mysm1",-0.0468846063024753,0.7442,"4","myb-like, SWIRM and MPN domains 1"
"Birc6",-0.0468696420378905,0.7444,"17","baculoviral IAP repeat-containing 6"
"Ptov1",0.0468546537491541,0.6822,"7","prostate tumor over expressed gene 1"
"Inppl1",0.0468494917626812,0.394,"7","inositol polyphosphate phosphatase-like 1"
"Epha4",-0.0468432035230535,0.7878,"1","Eph receptor A4"
"Slc8a1",-0.046810917191678,0.7404,"17","solute carrier family 8 (sodium/calcium exchanger), member 1"
"Pyroxd1",-0.0467903972795445,0.6708,"6","pyridine nucleotide-disulphide oxidoreductase domain 1"
"Dlg1",-0.0467796524450694,0.5848,"16","discs large MAGUK scaffold protein 1"
"Cachd1",-0.0467739301764434,0.7664,"4","cache domain containing 1"
"Arf5",0.0467705143335051,0.7198,"6","ADP-ribosylation factor 5"
"Tmem164",0.046768668986906,0.5336,"X","transmembrane protein 164"
"Pip4p2",-0.046766444587198,0.5362,"4","phosphatidylinositol-4,5-bisphosphate 4-phosphatase 2"
"Zfp609",-0.0467645284029832,0.6664,"9","zinc finger protein 609"
"Pmf1",-0.0467255873655179,0.7566,"3","polyamine-modulated factor 1"
"Ggnbp1",0.0467139624501327,0.767,"17","gametogenetin binding protein 1"
"Hcfc1r1",0.0467106184531607,0.7266,"17","host cell factor C1 regulator 1 (XPO1-dependent)"
"Ap2m1",0.0467042317001845,0.5082,"16","adaptor-related protein complex 2, mu 1 subunit"
"Tecpr1",0.0466934008299207,0.4646,"5","tectonin beta-propeller repeat containing 1"
"Ntan1",0.0466873871796096,0.4884,"16","N-terminal Asn amidase"
"AW209491",0.0466858775892702,0.5294,"13","expressed sequence AW209491"
"Ryr2",-0.0466824520027131,0.7964,"13","ryanodine receptor 2, cardiac"
"Rnf126",0.0466748617412147,0.7006,"10","ring finger protein 126"
"Kbtbd2",-0.0466619388250207,0.5908,"6","kelch repeat and BTB (POZ) domain containing 2"
"Kcnk10",-0.0466438827858253,0.5454,"12","potassium channel, subfamily K, member 10"
"Pet100",0.046631468846841,0.7562,"8","PET100 homolog"
"S100b",0.0466291064295801,0.7808,"10","S100 protein, beta polypeptide, neural"
"Pdk2",0.0466226686363607,0.5372,"11","pyruvate dehydrogenase kinase, isoenzyme 2"
"Vegfa",-0.0466186972627458,0.7216,"17","vascular endothelial growth factor A"
"Mtrf1",-0.0465965308241407,0.6628,"14","mitochondrial translational release factor 1"
"Tmed8",0.0465889875468299,0.56,"12","transmembrane p24 trafficking protein 8"
"Vps45",0.0465666879156448,0.5262,"3","vacuolar protein sorting 45"
"Slco3a1",0.0465662969650751,0.5676,"7","solute carrier organic anion transporter family, member 3a1"
"Snta1",0.0465640080950243,0.696,"2","syntrophin, acidic 1"
"Reep6",-0.046558892426793,0.658,"10","receptor accessory protein 6"
"Bckdha",0.0465572017880476,0.6086,"7","branched chain ketoacid dehydrogenase E1, alpha polypeptide"
"Hmox2",0.0465551236853194,0.3744,"16","heme oxygenase 2"
"Rell2",0.0465383403021375,0.5844,"18","RELT-like 2"
"Wipf2",-0.0465344225660758,0.3502,"11","WAS/WASL interacting protein family, member 2"
"Kcnj9",-0.0465239512100748,0.565,"1","potassium inwardly-rectifying channel, subfamily J, member 9"
"Kif17",0.0465204779919386,0.6038,"4","kinesin family member 17"
"Ing5",-0.0465088093029338,0.4074,"1","inhibitor of growth family, member 5"
"5730409E04Rik",0.0464992731235796,0.5452,"4","RIKEN cDNA 5730409E04Rik gene"
"P2rx4",-0.0464931092968337,0.5192,"5","purinergic receptor P2X, ligand-gated ion channel 4"
"Mtrex",-0.0464807309147925,0.7316,"13","Mtr4 exosome RNA helicase"
"Stx5a",0.0464730341092352,0.5588,"19","syntaxin 5A"
"Derl1",0.0464621050243936,0.4268,"15","Der1-like domain family, member 1"
"Ccdc85b",0.0464608327130538,0.7892,"19","coiled-coil domain containing 85B"
"Afg3l2",-0.0464545533712499,0.3158,"18","AFG3-like AAA ATPase 2"
"Rnaseh2b",0.0464476521266399,0.5864,"14","ribonuclease H2, subunit B"
"Armcx3",0.0464475805764586,0.6438,"X","armadillo repeat containing, X-linked 3"
"Trps1",0.0464407619233826,0.6682,"15","transcriptional repressor GATA binding 1"
"Cavin3",-0.0464350849952755,0.7934,"7","caveolae associated 3"
"Rhot2",0.0464235916732925,0.4744,"17","ras homolog family member T2"
"Nfkbiz",-0.0464223139194808,0.7478,"16","nuclear factor of kappa light polypeptide gene enhancer in B cells inhibitor, zeta"
"Rab9b",-0.046417129317744,0.7434,"X","RAB9B, member RAS oncogene family"
"Mark4",0.0464168407391323,0.2584,"7","MAP/microtubule affinity regulating kinase 4"
"Creb1",-0.0464058422494169,0.5766,"1","cAMP responsive element binding protein 1"
"Urod",0.0464033937067017,0.6404,"4","uroporphyrinogen decarboxylase"
"Bbof1",-0.0464015449783104,0.7914,"12","basal body orientation factor 1"
"Cacna1i",-0.0463796382248667,0.7206,"15","calcium channel, voltage-dependent, alpha 1I subunit"
"Atp9a",0.0463742631802102,0.6408,"2","ATPase, class II, type 9A"
"Ankrd40",0.0463604625193286,0.6238,"11","ankyrin repeat domain 40"
"Trim3",0.0463459082274928,0.1926,"7","tripartite motif-containing 3"
"H2az2",-0.0463385061705512,0.6004,"11","H2A.Z histone variant 2"
"Ano4",-0.046322888863676,0.5502,"10","anoctamin 4"
"Pus1",0.0463166610337051,0.4266,"5","pseudouridine synthase 1"
"Lyrm1",0.0463067305284772,0.5468,"7","LYR motif containing 1"
"Top1mt",0.046306158329652,0.5276,"15","DNA topoisomerase 1, mitochondrial"
"Tiprl",0.0463005675491601,0.3476,"1","TIP41, TOR signalling pathway regulator-like (S. cerevisiae)"
"Fbxw7",0.0462959933542768,0.2798,"3","F-box and WD-40 domain protein 7"
"Ccdc120",0.0462882652985024,0.5948,"X","coiled-coil domain containing 120"
"Wdr46",-0.0462706419254628,0.613,"17","WD repeat domain 46"
"Park7",0.0462664704078879,0.72,"4","Parkinson disease (autosomal recessive, early onset) 7"
"Plrg1",0.0462622302500337,0.4202,"3","pleiotropic regulator 1"
"Ctsz",-0.0462618826320309,0.6214,"2","cathepsin Z"
"Tmem196",0.0462172042878675,0.7058,"12","transmembrane protein 196"
"Polr2e",0.0462129084705838,0.7216,"10","polymerase (RNA) II (DNA directed) polypeptide E"
"Usp29",-0.0462090620956506,0.426,"7","ubiquitin specific peptidase 29"
"Pde9a",0.0461912318029278,0.6138,"17","phosphodiesterase 9A"
"Apba3",0.0461817311083292,0.608,"10","amyloid beta (A4) precursor protein-binding, family A, member 3"
"Tex264",0.0461466013240566,0.679,"9","testis expressed gene 264"
"Dpm2",0.0461400712992956,0.7282,"2","dolichol-phosphate (beta-D) mannosyltransferase 2"
"Slc35a5",-0.0461320865288473,0.6564,"16","solute carrier family 35, member A5"
"Tsc22d3",0.0460994042022858,0.6674,"X","TSC22 domain family, member 3"
"Micall1",0.0460958775992859,0.5558,"15","microtubule associated monooxygenase, calponin and LIM domain containing -like 1"
"Zfp941",-0.0460952125319785,0.7528,"7","zinc finger protein 941"
"Pla2g7",0.0460869258098713,0.6514,"17","phospholipase A2, group VII (platelet-activating factor acetylhydrolase, plasma)"
"Pde8a",-0.0460866485835023,0.6698,"7","phosphodiesterase 8A"
"Rere",-0.0460618215047948,0.6268,"4","arginine glutamic acid dipeptide (RE) repeats"
"Cyp4f16",-0.0460563560532714,0.6568,"17","cytochrome P450, family 4, subfamily f, polypeptide 16"
"Zc3h6",-0.0460549912689441,0.7374,"2","zinc finger CCCH type containing 6"
"Abca7",0.0460453924356941,0.6982,"10","ATP-binding cassette, sub-family A (ABC1), member 7"
"Mir5125",0.0460401477405794,0.8334,"17","microRNA 5125"
"Ephb6",0.0460193493642125,0.5036,"6","Eph receptor B6"
"Noct",-0.0460124249798275,0.3828,"3","nocturnin"
"Ndnf",0.0460093372421246,0.8198,"6","neuron-derived neurotrophic factor"
"Rpl32",0.0460092957858151,0.7548,"6","ribosomal protein L32"
"Taf6l",0.0460001741757807,0.6686,"19","TATA-box binding protein associated factor 6 like"
"Taf6l",0.0460001741757807,0.6686,"19","TATA-box binding protein associated factor 6 like"
"Rps15",0.0459889316608866,0.8238,"10","ribosomal protein S15"
"Foxk2",0.045973177948766,0.2158,"11","forkhead box K2"
"Miga2",0.0459669755488301,0.4774,"2","mitoguardin 2"
"Phkg2",0.0459354346437308,0.578,"7","phosphorylase kinase, gamma 2 (testis)"
"Pacc1",0.0459291381386233,0.5346,"1","proton activated chloride channel 1"
"Car11",0.0459268449976955,0.7104,"7","carbonic anhydrase 11"
"Lyrm9",0.0459202498295364,0.6064,"11","LYR motif containing 9"
"Slf1",-0.0459201772729285,0.6306,"13","SMC5-SMC6 complex localization factor 1"
"Kmt2d",-0.0459096342706911,0.7904,"15","lysine (K)-specific methyltransferase 2D"
"Itpka",-0.0459009402399921,0.7696,"2","inositol 1,4,5-trisphosphate 3-kinase A"
"Med11",-0.0458891037393445,0.6786,"11","mediator complex subunit 11"
"Cryzl1",0.0458868001600274,0.2388,"16","crystallin, zeta (quinone reductase)-like 1"
"Serpinb8",-0.0458823085285345,0.82,"1","serine (or cysteine) peptidase inhibitor, clade B, member 8"
"B4galt4",0.0458597055454666,0.4238,"16","UDP-Gal:betaGlcNAc beta 1,4-galactosyltransferase, polypeptide 4"
"Gsk3a",0.0458594545804099,0.5708,"7","glycogen synthase kinase 3 alpha"
"Dcp2",0.0458537538590953,0.5778,"18","decapping mRNA 2"
"Tmem25",0.0458500551769632,0.441,"9","transmembrane protein 25"
"Akna",-0.0458492504166657,0.8012,"4","AT-hook transcription factor"
"Fer",0.0458449927733868,0.701,"17","fer (fms/fps related) protein kinase"
"Agap2",0.0458334137408727,0.5384,"10","ArfGAP with GTPase domain, ankyrin repeat and PH domain 2"
"Nova2",0.0458275086299276,0.5924,"7","NOVA alternative splicing regulator 2"
"Aldh5a1",0.0458219477040309,0.2332,"13","aldhehyde dehydrogenase family 5, subfamily A1"
"Srr",0.045820643781088,0.2572,"11","serine racemase"
"Snapc2",0.0458170141311154,0.7086,"8","small nuclear RNA activating complex, polypeptide 2"
"Armcx4",0.0458149447648983,0.6994,"X","armadillo repeat containing, X-linked 4"
"Npy",-0.0458023425947314,0.7194,"6","neuropeptide Y"
"Wdr26",0.0457947056271095,0.5902,"1","WD repeat domain 26"
"Npr2",0.0457781365451542,0.5434,"4","natriuretic peptide receptor 2"
"Ralgps2",0.0457772087255268,0.4422,"1","Ral GEF with PH domain and SH3 binding motif 2"
"Tram1l1",-0.0457766559989983,0.5122,"3","translocation associated membrane protein 1-like 1"
"Disp2",-0.0457603220632077,0.5132,"2","dispatched RND tramsporter family member 2"
"Ak6",0.0457499029897663,0.5928,"13","adenylate kinase 6"
"Ak6",0.0457499029897663,0.5928,"13","adenylate kinase 6"
"Dnaaf2",0.0457445404420689,0.6004,"12","dynein, axonemal assembly factor 2"
"Mtg1",0.0457321139331506,0.433,"7","mitochondrial ribosome-associated GTPase 1"
"Babam2",0.0457232962564769,0.624,"5","BRISC and BRCA1 A complex member 2"
"Atic",-0.0457187627145119,0.376,"1","5-aminoimidazole-4-carboxamide ribonucleotide formyltransferase/IMP cyclohydrolase"
"Usp6nl",-0.0457183040259479,0.5942,"2","USP6 N-terminal like"
"Plin3",0.0457127732478328,0.6372,"17","perilipin 3"
"Flrt2",-0.0457042953290392,0.743,"12","fibronectin leucine rich transmembrane protein 2"
"Nop16",0.045702737320247,0.6824,"13","NOP16 nucleolar protein"
"Zmym6",0.0457001954141072,0.7266,"4","zinc finger, MYM-type 6"
"Arhgap44",0.0456942846029982,0.2732,"11","Rho GTPase activating protein 44"
"Zfp800",-0.0456898060147006,0.7964,"6","zinc finger protein 800"
"Pak4",0.0456870939211731,0.615,"7","p21 (RAC1) activated kinase 4"
"Tmem128",0.0456803166566249,0.4872,"5","transmembrane protein 128"
"Susd4",0.045672309322522,0.582,"1","sushi domain containing 4"
"Hps6",0.0456606201852461,0.5802,"19","HPS6, biogenesis of lysosomal organelles complex 2 subunit 3"
"Apex2",0.0456545276408413,0.6894,"X","apurinic/apyrimidinic endonuclease 2"
"Gabpa",-0.0456516556911346,0.7484,"16","GA repeat binding protein, alpha"
"Tbp",0.0456418265761878,0.6296,"17","TATA box binding protein"
"Cpsf1",0.045633500366943,0.615,"15","cleavage and polyadenylation specific factor 1"
"Gtf2h4",0.0455873451754689,0.5578,"17","general transcription factor II H, polypeptide 4"
"Cltb",0.0455762364547061,0.6162,"13","clathrin, light polypeptide (Lcb)"
"Tmem81",-0.0455644585647166,0.669,"1","transmembrane protein 81"
"Ica1",0.045534986014613,0.476,"6","islet cell autoantigen 1"
"Mrps34",0.0455063164170841,0.7322,"17","mitochondrial ribosomal protein S34"
"Fastkd3",0.0455043746975314,0.4984,"13","FAST kinase domains 3"
"Cul7",-0.0455000947507909,0.3974,"17","cullin 7"
"Fos",0.0454991444160746,0.881,"12","FBJ osteosarcoma oncogene"
"Rnf13",-0.0454844286588854,0.6882,"3","ring finger protein 13"
"Sf3a1",-0.0454739183254818,0.4836,"11","splicing factor 3a, subunit 1"
"Rbm34",0.0454591166627321,0.5052,"8","RNA binding motif protein 34"
"Tent4b",-0.0454547375145502,0.662,"8","terminal nucleotidyltransferase 4B"
"Ccdc127",0.0454462168980507,0.2336,"13","coiled-coil domain containing 127"
"Cmtm6",-0.0454434419142329,0.6016,"9","CKLF-like MARVEL transmembrane domain containing 6"
"Alg11",0.0454173776332967,0.5384,"8","asparagine-linked glycosylation 11 (alpha-1,2-mannosyltransferase)"
"A2ml1",-0.0454133054119743,0.7202,"6","alpha-2-macroglobulin like 1"
"Bri3bp",0.0454090337660418,0.1786,"5","Bri3 binding protein"
"Tomt",0.0454024684432817,0.6442,"7","transmembrane O-methyltransferase"
"Cyp4x1",-0.045364615033006,0.5984,"4","cytochrome P450, family 4, subfamily x, polypeptide 1"
"Ptpn11",0.0453592073648164,0.385,"5","protein tyrosine phosphatase, non-receptor type 11"
"Zdhhc18",-0.0453527914409841,0.2084,"4","zinc finger, DHHC domain containing 18"
"Prkn",0.0453472504571679,0.8394,"17","parkin RBR E3 ubiquitin protein ligase"
"Ccs",0.0453210214539013,0.6402,"19","copper chaperone for superoxide dismutase"
"Zfp207",-0.0453025679392454,0.7174,"11","zinc finger protein 207"
"Tnfrsf21",-0.0452934101327704,0.4102,"17","tumor necrosis factor receptor superfamily, member 21"
"Lgi3",0.0452893781558403,0.5596,"14","leucine-rich repeat LGI family, member 3"
"Cmtm4",-0.0452888853273716,0.4724,"8","CKLF-like MARVEL transmembrane domain containing 4"
"Nans",0.0452749952084472,0.6748,"4","N-acetylneuraminic acid synthase (sialic acid synthase)"
"Ifrd1",0.0452710143638617,0.5206,"12","interferon-related developmental regulator 1"
"Brd9",0.0452681337893788,0.6138,"13","bromodomain containing 9"
"Rfxap",0.0452581014920117,0.4794,"3","regulatory factor X-associated protein"
"Gprc5b",-0.0452476848061298,0.4964,"7","G protein-coupled receptor, family C, group 5, member B"
"Stard3",0.0452380715337224,0.4856,"11","START domain containing 3"
"Psmd13",0.0452306294019973,0.3736,"7","proteasome (prosome, macropain) 26S subunit, non-ATPase, 13"
"Igfbp3",-0.0452234432608591,0.5938,"11","insulin-like growth factor binding protein 3"
"Hccs",0.0452056874488393,0.559,"X","holocytochrome c synthetase"
"Spata2",-0.0451867905856673,0.258,"2","spermatogenesis associated 2"
"Laptm4b",-0.0451829692198409,0.513,"15","lysosomal-associated protein transmembrane 4B"
"Bola1",0.0451823517504062,0.767,"3","bolA-like 1 (E. coli)"
"Tspan33",-0.0451741607287577,0.5914,"6","tetraspanin 33"
"Ube2z",0.0451593108249106,0.4282,"11","ubiquitin-conjugating enzyme E2Z"
"Slc22a5",-0.0451425553900582,0.516,"11","solute carrier family 22 (organic cation transporter), member 5"
"Trim45",0.0451372164463266,0.465,"3","tripartite motif-containing 45"
"Ctnnd1",-0.0451349135750707,0.522,"2","catenin (cadherin associated protein), delta 1"
"Ccm2",0.0451333683804114,0.66,"11","cerebral cavernous malformation 2"
"Plp1",0.0451050475519352,0.719,"X","proteolipid protein (myelin) 1"
"Ap1m1",0.0450981679756062,0.3484,"8","adaptor-related protein complex AP-1, mu subunit 1"
"Net1",0.0450952382258167,0.6604,"13","neuroepithelial cell transforming gene 1"
"Eif2a",0.0450909706102989,0.5316,"3","eukaryotic translation initiation factor 2A"
"Hspa8",0.0450888525779209,0.538,"9","heat shock protein 8"
"Ndufs6",0.0450860193667939,0.7418,"13","NADH:ubiquinone oxidoreductase core subunit S6"
"Dvl2",-0.0450848495130538,0.6562,"11","dishevelled segment polarity protein 2"
"Vmac",0.0450666691578645,0.5366,"17","vimentin-type intermediate filament associated coiled-coil protein"
"Ints3",0.0450348333392032,0.336,"3","integrator complex subunit 3"
"Scn4b",-0.0450273689095333,0.519,"9","sodium channel, type IV, beta"
"Acbd3",-0.0450074106522882,0.6592,"1","acyl-Coenzyme A binding domain containing 3"
"Zfp444",0.0450042175139229,0.6964,"7","zinc finger protein 444"
"Entr1",0.0449943751616875,0.5848,"2","endosome associated trafficking regulator 1"
"Adamts4",0.0449918356729953,0.7264,"1","a disintegrin-like and metallopeptidase (reprolysin type) with thrombospondin type 1 motif, 4"
"Zfp493",-0.044978012972845,0.536,"13","zinc finger protein 493"
"Mtfr1",0.0449737467250997,0.6248,"3","mitochondrial fission regulator 1"
"Lasp1",-0.0449601521549221,0.3908,"11","LIM and SH3 protein 1"
"Slc35g2",-0.0449361711069916,0.7336,"9","solute carrier family 35, member G2"
"Krit1",-0.0449329279896311,0.7766,"5","KRIT1, ankyrin repeat containing"
"Chgb",0.0449237872309176,0.6288,"2","chromogranin B"
"Nepro",0.0449198309916312,0.4158,"16","nucleolus and neural progenitor protein"
"Katnb1",0.0449194599741016,0.5148,"8","katanin p80 (WD40-containing) subunit B 1"
"Galnt9",-0.0449167940451023,0.6726,"5","polypeptide N-acetylgalactosaminyltransferase 9"
"Trim62",-0.0449157838602612,0.4,"4","tripartite motif-containing 62"
"1700123O20Rik",0.0448708912440394,0.4906,"14","RIKEN cDNA 1700123O20 gene"
"Kat6a",-0.0448621709789725,0.733,"8","K(lysine) acetyltransferase 6A"
"Aqp4",-0.0448451040479201,0.6438,"18","aquaporin 4"
"Pex2",0.0448390775633896,0.4524,"3","peroxisomal biogenesis factor 2"
"Cct7",0.0448117005490962,0.4316,"6","chaperonin containing Tcp1, subunit 7 (eta)"
"Stx1b",-0.0448047805623277,0.6994,"7","syntaxin 1B"
"Scfd2",-0.0447830193522867,0.3848,"5","Sec1 family domain containing 2"
"Spag7",0.0447802321475654,0.5942,"11","sperm associated antigen 7"
"Cntnap4",-0.0447777137060386,0.788,"8","contactin associated protein-like 4"
"Inpp5k",0.0447462657848465,0.3648,"11","inositol polyphosphate 5-phosphatase K"
"Myo10",-0.0447461144162364,0.4194,"15","myosin X"
"Sfswap",0.044741736619029,0.7236,"5","splicing factor SWAP"
"Got2",0.044739444289684,0.4754,"8","glutamatic-oxaloacetic transaminase 2, mitochondrial"
"Adhfe1",0.0447357357771718,0.5388,"1","alcohol dehydrogenase, iron containing, 1"
"Usp1",-0.0447340347816967,0.669,"4","ubiquitin specific peptidase 1"
"Cttnbp2",-0.0447267683410111,0.7526,"6","cortactin binding protein 2"
"Cdyl",-0.0447201201827823,0.5926,"13","chromodomain protein, Y chromosome-like"
"Rrp1",0.0446981461591012,0.4826,"10","ribosomal RNA processing 1"
"Wdr5",0.0446646903988563,0.3282,"2","WD repeat domain 5"
"Ap2b1",0.0446564582338347,0.476,"11","adaptor-related protein complex 2, beta 1 subunit"
"Kif26a",-0.0446526724556375,0.7648,"12","kinesin family member 26A"
"Arl13b",-0.0446517468072356,0.5872,"16","ADP-ribosylation factor-like 13B"
"Neurl4",0.0446513823851076,0.2796,"11","neuralized E3 ubiquitin protein ligase 4"
"Zkscan3",-0.0446481561304575,0.6186,"13","zinc finger with KRAB and SCAN domains 3"
"Tgfa",0.0446481298575661,0.6414,"6","transforming growth factor alpha"
"Gabrg1",0.0446438362636656,0.5154,"5","gamma-aminobutyric acid (GABA) A receptor, subunit gamma 1"
"Stum",0.0446302415140369,0.4378,"1","mechanosensory transduction mediator"
"Amh",-0.0446241645247585,0.8684,"10","anti-Mullerian hormone"
"Bbs7",-0.0446228369588626,0.6112,"3","Bardet-Biedl syndrome 7 (human)"
"Rspo3",-0.0446201075563031,0.699,"10","R-spondin 3"
"Cnksr3",0.0446200740111298,0.7068,"10","Cnksr family member 3"
"2900079G21Rik",0.0446090970603881,0.6662,"9","RIKEN cDNA 2900079G21 gene"
"Mkrn2",0.0446088791226922,0.2854,"6","makorin, ring finger protein, 2"
"Coa5",0.0446044008398481,0.521,"1","cytochrome C oxidase assembly factor 5"
"Pfkl",0.0445999763538154,0.54,"10","phosphofructokinase, liver, B-type"
"Bora",-0.0445932066110166,0.707,"14","bora, aurora kinase A activator"
"Traf7",0.0445657214651716,0.5412,"17","TNF receptor-associated factor 7"
"Ndufa6",0.0445636320899414,0.6548,"15","NADH:ubiquinone oxidoreductase subunit A6"
"Hspd1",-0.0445465978463657,0.581,"1","heat shock protein 1 (chaperonin)"
"Cyp4f14",0.0445260551945861,0.56,"17","cytochrome P450, family 4, subfamily f, polypeptide 14"
"Slc25a23",0.0445209203536887,0.6894,"17","solute carrier family 25 (mitochondrial carrier; phosphate carrier), member 23"
"Ngdn",0.0445168023429714,0.6524,"14","neuroguidin, EIF4E binding protein"
"Ythdf1",0.0445026447446155,0.2074,"2","YTH N6-methyladenosine RNA binding protein 1"
"Adamts20",0.044500908312,0.7326,"15","a disintegrin-like and metallopeptidase (reprolysin type) with thrombospondin type 1 motif, 20"
"St6gal2",0.0444938523178804,0.7658,"17","beta galactoside alpha 2,6 sialyltransferase 2"
"Mga",-0.0444917803665135,0.7706,"2","MAX gene associated"
"Tmem126a",0.0444777804349217,0.5686,"7","transmembrane protein 126A"
"Gaa",-0.0444380171209522,0.4468,"11","glucosidase, alpha, acid"
"Znrd2",0.0444257300264832,0.748,"19","zinc ribbon domain containing 2"
"Dhx30",0.0444042560033138,0.3438,"9","DEAH (Asp-Glu-Ala-His) box polypeptide 30"
"Hdac6",0.0443742782375827,0.6126,"X","histone deacetylase 6"
"Trappc3",0.0443697275235504,0.5268,"4","trafficking protein particle complex 3"
"Cul3",-0.0443648896633499,0.6808,"1","cullin 3"
"Bcl2l1",0.0443618309757126,0.6772,"2","BCL2-like 1"
"Coq3",0.0443529803034455,0.4758,"4","coenzyme Q3 methyltransferase"
"Slc25a35",0.0443446398212362,0.691,"11","solute carrier family 25, member 35"
"Rrp12",0.044313228332002,0.552,"19","ribosomal RNA processing 12 homolog"
"Nol9",-0.0443123356824167,0.4376,"4","nucleolar protein 9"
"Crebrf",0.0443045736318899,0.315,"17","CREB3 regulatory factor"
"1700086L19Rik",0.0443041922049314,0.8086,"12","RIKEN cDNA 1700086L19 gene"
"Zfp553",0.0443000689121433,0.457,"7","zinc finger protein 553"
"Sil1",-0.0442927910545325,0.6624,"18","SIL1 nucleotide exchange factor"
"Erich3",-0.0442643799914915,0.8708,"3","glutamate rich 3"
"Gabrb2",-0.0442467795184296,0.6522,"11","gamma-aminobutyric acid (GABA) A receptor, subunit beta 2"
"Lmo2",-0.044217454497129,0.4634,"2","LIM domain only 2"
"Ypel3",0.0442162324353941,0.6764,"7","yippee like 3"
"Rspo2",0.0442100436506854,0.8164,"15","R-spondin 2"
"Slc12a2",-0.044195677193458,0.7436,"18","solute carrier family 12, member 2"
"Erp29",0.0441901371930946,0.703,"5","endoplasmic reticulum protein 29"
"Unc119",-0.0441884290031407,0.7188,"11","unc-119 lipid binding chaperone"
"Psmd12",0.0441880816856512,0.3666,"11","proteasome (prosome, macropain) 26S subunit, non-ATPase, 12"
"Kpna4",-0.0441859197723566,0.7406,"3","karyopherin (importin) alpha 4"
"Gdpd1",0.0441830473771505,0.4812,"11","glycerophosphodiester phosphodiesterase domain containing 1"
"Whamm",0.0441822902224667,0.5478,"7","WAS protein homolog associated with actin, golgi membranes and microtubules"
"Lrsam1",-0.0441668366229937,0.5026,"2","leucine rich repeat and sterile alpha motif containing 1"
"Efna1",-0.0441409428275956,0.7642,"3","ephrin A1"
"Desi2",0.0441374074724106,0.4912,"1","desumoylating isopeptidase 2"
"Tcaf1",-0.0441364624961862,0.6646,"6","TRPM8 channel-associated factor 1"
"Zbtb43",-0.0441340068027403,0.6144,"2","zinc finger and BTB domain containing 43"
"Erg28",0.0441055264623262,0.5556,"12","ergosterol biosynthesis 28"
"Fam20a",0.0440868858150267,0.6112,"11","FAM20A, golgi associated secretory pathway pseudokinase"
"Septin11",-0.0440575298591899,0.504,"5","septin 11"
"Fhod3",-0.0440539293591105,0.7412,"18","formin homology 2 domain containing 3"
"Dsel",0.0440515937712913,0.669,"1","dermatan sulfate epimerase-like"
"Epha7",0.0440467305383923,0.813,"4","Eph receptor A7"
"Gid8",0.044045023249228,0.4448,"2","GID complex subunit 8"
"Thop1",0.0440392359749922,0.4548,"10","thimet oligopeptidase 1"
"Gpr153",0.0440342000565392,0.6662,"4","G protein-coupled receptor 153"
"Sart1",0.0440310051511146,0.5066,"19","squamous cell carcinoma antigen recognized by T cells 1"
"Acad9",0.0440179682554946,0.3342,"3","acyl-Coenzyme A dehydrogenase family, member 9"
"Twsg1",-0.0440154112904265,0.4148,"17","twisted gastrulation BMP signaling modulator 1"
"Tmem41a",0.0440019682449067,0.3818,"16","transmembrane protein 41a"
"Serhl",0.0439991040812784,0.7556,"15","serine hydrolase-like"
"Chd2",-0.0439964621191713,0.6992,"7","chromodomain helicase DNA binding protein 2"
"Ylpm1",-0.0439938652138991,0.7468,"12","YLP motif containing 1"
"Usp2",0.0439889896704395,0.5014,"9","ubiquitin specific peptidase 2"
"Nfil3",0.0439682128581849,0.6748,"13","nuclear factor, interleukin 3, regulated"
"Rsl1d1",0.0439624628289712,0.364,"16","ribosomal L1 domain containing 1"
"Bmt2",-0.043959168121531,0.356,"6","base methyltransferase of 25S rRNA 2"
"Rpn2",-0.0439571190845616,0.2624,"2","ribophorin II"
"Impdh1",0.0439530103961419,0.4676,"6","inosine monophosphate dehydrogenase 1"
"Celf2",0.0439484934822403,0.4456,"2","CUGBP, Elav-like family member 2"
"Snrpg",0.0439355085806481,0.8,"6","small nuclear ribonucleoprotein polypeptide G"
"Slc44a5",0.0439290578581391,0.5688,"3","solute carrier family 44, member 5"
"Sc5d",-0.0439245906468759,0.5288,"9","sterol-C5-desaturase"
"Myadm",-0.0439225530753449,0.5334,"7","myeloid-associated differentiation marker"
"Dek",-0.0439046895013888,0.7404,"13","DEK proto-oncogene (DNA binding)"
"Rasgrf2",0.0438983484339577,0.661,"13","RAS protein-specific guanine nucleotide-releasing factor 2"
"Olig1",0.0438957022438915,0.715,"16","oligodendrocyte transcription factor 1"
"Nedd4",-0.0438899052799346,0.687,"9","neural precursor cell expressed, developmentally down-regulated 4"
"Sh3pxd2a",0.0438874536267564,0.4552,"19","SH3 and PX domains 2A"
"Nqo1",0.0438858650971061,0.6884,"8","NAD(P)H dehydrogenase, quinone 1"
"Fbxl16",0.0438798824714013,0.6512,"17","F-box and leucine-rich repeat protein 16"
"Prr5",0.0438790039595869,0.678,"15","proline rich 5 (renal)"
"Med4",0.0438689943979345,0.4744,"14","mediator complex subunit 4"
"Chd1l",0.0438665961627129,0.3154,"3","chromodomain helicase DNA binding protein 1-like"
"Speg",0.0438579173844262,0.662,"1","SPEG complex locus"
"Zfp715",0.0438572916261082,0.73,"7","zinc finger protein 715"
"Foxg1",-0.0438558831774536,0.6892,"12","forkhead box G1"
"Flt3l",0.0438554926562285,0.8194,"7","FMS-like tyrosine kinase 3 ligand"
"Pdp1",0.0438511666846262,0.7324,"4","pyruvate dehydrogenase phosphatase catalytic subunit 1"
"Cebpb",0.0438400152167322,0.7418,"2","CCAAT/enhancer binding protein (C/EBP), beta"
"Zadh2",-0.0438230594952538,0.3732,"18","zinc binding alcohol dehydrogenase, domain containing 2"
"Zdhhc4",0.0438226552184604,0.62,"5","zinc finger, DHHC domain containing 4"
"Phf10",-0.0438194938284502,0.2078,"17","PHD finger protein 10"
"Pnoc",0.0438081010334339,0.663,"14","prepronociceptin"
"Cacul1",-0.0437950615373035,0.404,"19","CDK2 associated, cullin domain 1"
"Nmt2",0.0437900379201981,0.3502,"2","N-myristoyltransferase 2"
"Frrs1l",-0.0437757078286136,0.8236,"4","ferric-chelate reductase 1 like"
"Ddx51",-0.0437703423802134,0.6698,"5","DEAD box helicase 51"
"Suclg1",0.0437633319876092,0.4488,"6","succinate-CoA ligase, GDP-forming, alpha subunit"
"Pmpca",0.0437632926291949,0.4046,"2","peptidase (mitochondrial processing) alpha"
"Olfm1",0.043760670391114,0.6716,"2","olfactomedin 1"
"Mlst8",0.0437446485367543,0.2568,"17","MTOR associated protein, LST8 homolog (S. cerevisiae)"
"Ints13",0.0437388805245185,0.6158,"6","integrator complex subunit 13"
"Edc3",0.0437363215712541,0.385,"9","enhancer of mRNA decapping 3"
"Kcnq2",0.0437334694602551,0.5244,"2","potassium voltage-gated channel, subfamily Q, member 2"
"Hnrnpl",0.0437310506206376,0.4644,"7","heterogeneous nuclear ribonucleoprotein L"
"Zfp938",0.0437287540809015,0.4896,"10","zinc finger protein 938"
"Gstz1",0.0437270228190174,0.5218,"12","glutathione transferase zeta 1 (maleylacetoacetate isomerase)"
"Hypk",0.0437129486847443,0.7448,"2","huntingtin interacting protein K"
"Tbc1d13",0.0437114120100821,0.3516,"2","TBC1 domain family, member 13"
"Rpap3",0.0436848721870922,0.5046,"15","RNA polymerase II associated protein 3"
"Rnf157",0.0436775027114873,0.4516,"11","ring finger protein 157"
"Chd7",0.0436767567715135,0.5824,"4","chromodomain helicase DNA binding protein 7"
"Wdfy3",-0.043668162951346,0.733,"5","WD repeat and FYVE domain containing 3"
"Marchf4",0.0436659956832317,0.6006,"1","membrane associated ring-CH-type finger 4"
"Asph",0.043658449784715,0.431,"4","aspartate-beta-hydroxylase"
"Syndig1",0.0436583527388335,0.603,"2","synapse differentiation inducing 1"
"Prpsap2",-0.0436432571063259,0.467,"11","phosphoribosyl pyrophosphate synthetase-associated protein 2"
"Zfp950",-0.0436385905341128,0.7514,"19","zinc finger protein 950"
"Bche",-0.0436370093947205,0.765,"3","butyrylcholinesterase"
"Acsf2",-0.0436224455708336,0.643,"11","acyl-CoA synthetase family member 2"
"Cops9",0.0436152577772662,0.7426,"1","COP9 signalosome subunit 9"
"Tor3a",-0.0436145546013931,0.5836,"1","torsin family 3, member A"
"Slco2a1",0.0436133813269421,0.6948,"9","solute carrier organic anion transporter family, member 2a1"
"Sipa1l1",0.0436042164368775,0.4564,"12","signal-induced proliferation-associated 1 like 1"
"Asic1",0.0435684401822849,0.456,"15","acid-sensing (proton-gated) ion channel 1"
"Junb",0.0435590684655738,0.7572,"8","jun B proto-oncogene"
"Elovl2",-0.0435578063502176,0.459,"13","elongation of very long chain fatty acids (FEN1/Elo2, SUR4/Elo3, yeast)-like 2"
"Rnase4",0.0435557184455604,0.809,"14","ribonuclease, RNase A family 4"
"Rab23",0.0435421670716636,0.1754,"1","RAB23, member RAS oncogene family"
"Ttll1",-0.0435419821835383,0.4572,"15","tubulin tyrosine ligase-like 1"
"Snx15",0.0435391234159583,0.627,"19","sorting nexin 15"
"Wwp1",-0.0435345111207868,0.408,"4","WW domain containing E3 ubiquitin protein ligase 1"
"Bin1",0.043532534779489,0.72,"18","bridging integrator 1"
"Snx4",-0.0435229115047964,0.6274,"16","sorting nexin 4"
"Memo1",0.0435103222140856,0.5332,"17","mediator of cell motility 1"
"Ascl1",-0.0435018407921155,0.654,"10","achaete-scute family bHLH transcription factor 1"
"1500015A07Rik",0.0434960218502449,0.7186,"18","RIKEN cDNA 1500015A07 gene"
"Chst15",-0.0434920966383476,0.5676,"7","carbohydrate sulfotransferase 15"
"Nktr",-0.0434819621325389,0.7842,"9","natural killer tumor recognition sequence"
"Zfyve27",0.0434776466333782,0.3944,"19","zinc finger, FYVE domain containing 27"
"Stt3a",-0.0434641738368633,0.4972,"9","STT3, subunit of the oligosaccharyltransferase complex, homolog A (S. cerevisiae)"
"Metrn",0.04346327880336,0.7864,"17","meteorin, glial cell differentiation regulator"
"Pms2",0.0434551244799515,0.5662,"5","PMS1 homolog2, mismatch repair system component"
"Map1lc3a",0.0434546744415822,0.7592,"2","microtubule-associated protein 1 light chain 3 alpha"
"Chid1",0.0434544024394112,0.5186,"7","chitinase domain containing 1"
"Sppl3",0.0434530450048163,0.593,"5","signal peptide peptidase 3"
"Tmem121b",0.0434271600074849,0.528,"6","transmembrane protein 121B"
"Commd2",0.0434126672499335,0.416,"3","COMM domain containing 2"
"Smim19",0.0434026217371688,0.5962,"8","small integral membrane protein 19"
"Fbxw4",0.0434018306353963,0.715,"19","F-box and WD-40 domain protein 4"
"Adnp2",-0.043391376139998,0.6664,"18","ADNP homeobox 2"
"Mrpl51",0.0433844200614191,0.6496,"6","mitochondrial ribosomal protein L51"
"Acadm",0.0433659285184627,0.3752,"3","acyl-Coenzyme A dehydrogenase, medium chain"
"Fam131b",0.0433642300431432,0.23,"6","family with sequence similarity 131, member B"
"Spns1",0.0433631888600274,0.4958,"7","spinster homolog 1"
"Pcgf1",0.0433557465986754,0.6094,"6","polycomb group ring finger 1"
"Edem2",0.0433553103768132,0.6894,"2","ER degradation enhancer, mannosidase alpha-like 2"
"Pde5a",-0.0433527511252931,0.661,"3","phosphodiesterase 5A, cGMP-specific"
"Exosc6",0.0433521131196173,0.7538,"8","exosome component 6"
"Utp11",-0.0433457955075429,0.4446,"4","UTP11 small subunit processome component"
"Rchy1",0.0433401979131238,0.4412,"5","ring finger and CHY zinc finger domain containing 1"
"Dok4",0.0433395327163515,0.4786,"8","docking protein 4"
"Fbxw2",0.043335139029165,0.2306,"2","F-box and WD-40 domain protein 2"
"Yaf2",0.0433337289112661,0.505,"15","YY1 associated factor 2"
"Washc1",0.0433310252084977,0.5866,"17","WASH complex subunit 1"
"Plekho2",-0.0433236631305691,0.5816,"9","pleckstrin homology domain containing, family O member 2"
"Clstn1",-0.043320197089459,0.331,"4","calsyntenin 1"
"Slc16a14",0.0433026278963375,0.8824,"1","solute carrier family 16 (monocarboxylic acid transporters), member 14"
"Klf3",-0.0433016986236421,0.7658,"5","Kruppel-like factor 3 (basic)"
"Taf10",0.043298350930761,0.7682,"7","TATA-box binding protein associated factor 10"
"Herc4",0.0432837966055759,0.507,"10","hect domain and RLD 4"
"Camsap3",0.0432764392814997,0.4984,"8","calmodulin regulated spectrin-associated protein family, member 3"
"Mknk2",0.0432707919711168,0.6374,"10","MAP kinase-interacting serine/threonine kinase 2"
"Slc19a1",-0.0432679960184421,0.588,"10","solute carrier family 19 (folate transporter), member 1"
"Josd1",0.0432609428303881,0.5338,"15","Josephin domain containing 1"
"Agap3",0.0432551323863422,0.7046,"5","ArfGAP with GTPase domain, ankyrin repeat and PH domain 3"
"Samm50",0.0432528848195153,0.4018,"15","SAMM50 sorting and assembly machinery component"
"Nkain4",0.0432503009728862,0.6784,"2","Na+/K+ transporting ATPase interacting 4"
"Slc25a30",0.0432441680149478,0.7928,"14","solute carrier family 25, member 30"
"Smg1",-0.0432419090589322,0.7976,"7","SMG1 nonsense mediated mRNA decay associated PI3K related kinase"
"Meg3",-0.0432355149580754,0.863,"12","maternally expressed 3"
"Cwc25",0.0432339907022303,0.4122,"11","CWC25 spliceosome-associated protein"
"Gdf11",0.0432201911707653,0.4716,"10","growth differentiation factor 11"
"Ccdc6",0.0432186035372775,0.2722,"10","coiled-coil domain containing 6"
"Il6st",-0.0432058336467858,0.6368,"13","interleukin 6 signal transducer"
"Ctsf",0.0431994948223373,0.4242,"19","cathepsin F"
"Klhl20",-0.0431964481181986,0.4678,"1","kelch-like 20"
"Slc9a3r1",0.0431961824537019,0.6842,"11","solute carrier family 9 (sodium/hydrogen exchanger), member 3 regulator 1"
"Kdm5a",-0.0431835769199349,0.7018,"6","lysine (K)-specific demethylase 5A"
"Galk2",-0.0431651986725905,0.5472,"2","galactokinase 2"
"Mvd",0.0431476671409987,0.6886,"8","mevalonate (diphospho) decarboxylase"
"Cep85l",-0.0431466059897136,0.7314,"10","centrosomal protein 85-like"
"Mrpl11",0.0431328909748103,0.6828,"19","mitochondrial ribosomal protein L11"
"Zfp612",0.0431285319160475,0.613,"8","zinc finger protein 612"
"Lmf2",-0.0431030197920297,0.5104,"15","lipase maturation factor 2"
"Rbbp5",-0.043099539755219,0.7562,"1","retinoblastoma binding protein 5, histone lysine methyltransferase complex subunit"
"Kif1c",0.0430587853983706,0.7158,"11","kinesin family member 1C"
"Klhl26",0.0430534701059733,0.3358,"8","kelch-like 26"
"Rab30",-0.0430491923293741,0.7022,"7","RAB30, member RAS oncogene family"
"Ndufa10",0.043048560020897,0.6774,"1","NADH:ubiquinone oxidoreductase subunit A10"
"Atp6v1d",0.0430430409251539,0.4848,"12","ATPase, H+ transporting, lysosomal V1 subunit D"
"Arhgef11",-0.0430276323074539,0.6658,"3","Rho guanine nucleotide exchange factor (GEF) 11"
"Atp5j",0.043017277983167,0.6958,"16","ATP synthase, H+ transporting, mitochondrial F0 complex, subunit F"
"Tdrp",0.0430040857425822,0.5094,"8","testis development related protein"
"Igf2r",-0.0429988105360417,0.636,"17","insulin-like growth factor 2 receptor"
"Fgfr1",0.0429960304821195,0.4464,"8","fibroblast growth factor receptor 1"
"Xpo1",-0.0429840175061571,0.6776,"11","exportin 1"
"Psmg1",-0.0429837106452982,0.5978,"16","proteasome (prosome, macropain) assembly chaperone 1"
"Ccdc148",-0.0429658038723417,0.5324,"2","coiled-coil domain containing 148"
"Mto1",0.0429635793222309,0.3568,"9","mitochondrial tRNA translation optimization 1"
"Cnnm1",-0.0429598587555811,0.4256,"19","cyclin M1"
"Relb",-0.0429529798404427,0.633,"7","avian reticuloendotheliosis viral (v-rel) oncogene related B"
"C030006K11Rik",0.0429513661363954,0.6624,"15","RIKEN cDNA C030006K11 gene"
"Kdm2a",-0.0429487226908769,0.554,"19","lysine (K)-specific demethylase 2A"
"Pik3cb",0.0429466995431964,0.5148,"9","phosphatidylinositol-4,5-bisphosphate 3-kinase catalytic subunit beta"
"Cby1",0.0429450405093101,0.6576,"15","chibby family member 1, beta catenin antagonist"
"Mbtps1",0.0429315649661079,0.0492,"8","membrane-bound transcription factor peptidase, site 1"
"Hsd17b12",0.0429267214689242,0.4136,"2","hydroxysteroid (17-beta) dehydrogenase 12"
"Sema4d",0.042925300267604,0.525,"13","sema domain, immunoglobulin domain (Ig), transmembrane domain (TM) and short cytoplasmic domain, (semaphorin) 4D"
"Grhl1",-0.0429249044299658,0.6224,"12","grainyhead like transcription factor 1"
"Rbm24",0.0429046298753519,0.6138,"13","RNA binding motif protein 24"
"Tpm4",-0.0429038290856578,0.5208,"8","tropomyosin 4"
"Arpc1b",0.0429037800187899,0.7262,"5","actin related protein 2/3 complex, subunit 1B"
"Ptprk",-0.0429026473403269,0.658,"10","protein tyrosine phosphatase, receptor type, K"
"Tasor2",-0.0428962866992624,0.7266,"13","transcription activation suppressor family member 2"
"Pgam5",0.0428872247940122,0.2418,"5","phosphoglycerate mutase family member 5"
"Pcx",-0.0428664606093481,0.4114,"19","pyruvate carboxylase"
"Nkiras1",0.042845976292841,0.385,"14","NFKB inhibitor interacting Ras-like protein 1"
"Dnm1",0.0428357584974854,0.549,"2","dynamin 1"
"Peak1",-0.0428185114506494,0.6672,"9","pseudopodium-enriched atypical kinase 1"
"Sh3glb2",0.0428084892351057,0.6698,"2","SH3-domain GRB2-like endophilin B2"
"Nck2",0.0428057644574213,0.4224,"1","non-catalytic region of tyrosine kinase adaptor protein 2"
"Cntln",-0.0427952912294147,0.569,"4","centlein, centrosomal protein"
"Tecpr2",0.0427857101868723,0.4072,"12","tectonin beta-propeller repeat containing 2"
"Uxs1",0.0427852685604622,0.4244,"1","UDP-glucuronate decarboxylase 1"
"Pld1",0.0427810137797642,0.692,"3","phospholipase D1"
"Dcun1d5",0.0427554394377552,0.44,"9","DCN1, defective in cullin neddylation 1, domain containing 5 (S. cerevisiae)"
"Mrpl20",0.0427553147049053,0.6514,"4","mitochondrial ribosomal protein L20"
"Adamtsl5",-0.0427339877547288,0.7042,"10","ADAMTS-like 5"
"Bloc1s6",0.0427179538225211,0.4424,"2","biogenesis of lysosomal organelles complex-1, subunit 6, pallidin"
"Cers6",0.0427159763149723,0.5412,"2","ceramide synthase 6"
"Zfas1",-0.0427032578479958,0.819,"2","zinc finger, NFX1-type containing 1, antisense RNA 1"
"1810037I17Rik",-0.042695595561236,0.7278,"3","RIKEN cDNA 1810037I17 gene"
"Pcdh10",-0.0426676443759169,0.6684,"3","protocadherin 10"
"Azin1",0.0426673499376786,0.7322,"15","antizyme inhibitor 1"
"Vma21",0.042662481220149,0.5712,"X","VMA21 vacuolar H+-ATPase homolog (S. cerevisiae)"
"Tfb2m",-0.0426450040466131,0.549,"1","transcription factor B2, mitochondrial"
"Gtf2i",0.0426142160490928,0.2858,"5","general transcription factor II I"
"Syt14",0.0426120333288775,0.7716,"1","synaptotagmin XIV"
"Klhl23",0.0426045575649381,0.4116,"2","kelch-like 23"
"Hnrnpab",0.0425782767149494,0.3774,"11","heterogeneous nuclear ribonucleoprotein A/B"
"Mycbp2",-0.0425736916433692,0.7196,"14","MYC binding protein 2, E3 ubiquitin protein ligase"
"Plgrkt",0.0425682934880607,0.593,"19","plasminogen receptor, C-terminal lysine transmembrane protein"
"Klc1",0.0425680320653008,0.3174,"12","kinesin light chain 1"
"Mrps9",0.0425622260100065,0.5262,"1","mitochondrial ribosomal protein S9"
"Spats2",-0.0425522604997006,0.5218,"15","spermatogenesis associated, serine-rich 2"
"Slitrk5",-0.0425520691018235,0.6542,"14","SLIT and NTRK-like family, member 5"
"Pgd",0.0425135887196291,0.4998,"4","phosphogluconate dehydrogenase"
"Atoh8",-0.0425075865199385,0.7004,"6","atonal bHLH transcription factor 8"
"Rps6ka3",-0.0424828859814497,0.7972,"X","ribosomal protein S6 kinase polypeptide 3"
"Fa2h",-0.0424596330899503,0.7678,"8","fatty acid 2-hydroxylase"
"Ophn1",-0.0424477246740746,0.5292,"X","oligophrenin 1"
"Itih5",-0.0424451746406014,0.7412,"2","inter-alpha-trypsin inhibitor, heavy chain 5"
"Sult2b1",0.042418174306214,0.7338,"7","sulfotransferase family, cytosolic, 2B, member 1"
"Sult2b1",0.042418174306214,0.7338,"7","sulfotransferase family, cytosolic, 2B, member 1"
"Ogfr",0.0424162870648992,0.6532,"2","opioid growth factor receptor"
"Brd4",-0.0424041486631754,0.585,"17","bromodomain containing 4"
"Zfp260",0.042396034186666,0.5162,"7","zinc finger protein 260"
"Neurl1a",0.042379519823097,0.6816,"19","neuralized E3 ubiquitin protein ligase 1A"
"Dkk3",-0.0423671577772637,0.5474,"7","dickkopf WNT signaling pathway inhibitor 3"
"Pard3b",0.0423514129939946,0.5958,"1","par-3 family cell polarity regulator beta"
"Odc1",0.0423422529953719,0.5416,"12","ornithine decarboxylase, structural 1"
"Sgk2",0.0423411734270382,0.7688,"2","serum/glucocorticoid regulated kinase 2"
"Gap43",-0.0423409519043947,0.658,"16","growth associated protein 43"
"Nr2f1",-0.0423259449265085,0.5706,"13","nuclear receptor subfamily 2, group F, member 1"
"Phf23",0.0423250973502718,0.5956,"11","PHD finger protein 23"
"Msantd4",0.0423205372904372,0.5314,"9","Myb/SANT-like DNA-binding domain containing 4 with coiled-coils"
"Rasal2",0.0423123588294851,0.7468,"1","RAS protein activator like 2"
"6430548M08Rik",0.0423119483661862,0.4304,"8","RIKEN cDNA 6430548M08 gene"
"H1f10",0.042300806191939,0.8164,"6","H1.10 linker histone"
"Asf1a",0.0422994705270412,0.6248,"10","anti-silencing function 1A histone chaperone"
"Tuba4a",0.0422924980232153,0.4954,"1","tubulin, alpha 4A"
"Fxyd2",-0.0422789292150676,0.7826,"9","FXYD domain-containing ion transport regulator 2"
"P4ha2",-0.0422746184091705,0.648,"11","procollagen-proline, 2-oxoglutarate 4-dioxygenase (proline 4-hydroxylase), alpha II polypeptide"
"Zc3h13",-0.04226819567271,0.691,"14","zinc finger CCCH type containing 13"
"Rnf149",0.0422623831817841,0.5246,"1","ring finger protein 149"
"Ppp2ca",0.0422619879420818,0.4426,"11","protein phosphatase 2 (formerly 2A), catalytic subunit, alpha isoform"
"Mrps27",0.0422611395886685,0.5776,"13","mitochondrial ribosomal protein S27"
"Tmem229a",-0.0422566364082106,0.6504,"6","transmembrane protein 229A"
"Adssl1",-0.0422518516391905,0.7654,"12","adenylosuccinate synthetase like 1"
"Jph1",-0.042250038778155,0.8554,"1","junctophilin 1"
"Vamp3",0.0422457738923923,0.6216,"4","vesicle-associated membrane protein 3"
"Sbds",-0.0422385121299138,0.474,"5","SBDS ribosome maturation factor"
"Prelid3a",0.0422276813103837,0.6904,"18","PRELI domain containing 3A"
"Fbxo16",-0.0422261686562262,0.5712,"14","F-box protein 16"
"Ascc3",-0.0422226485752288,0.77,"10","activating signal cointegrator 1 complex subunit 3"
"Gpr83",-0.0422027390926503,0.614,"9","G protein-coupled receptor 83"
"Dcbld1",-0.0421944004323191,0.4842,"10","discoidin, CUB  and LCCL domain containing 1"
"Cluh",0.0421903652315203,0.4582,"11","clustered mitochondria (cluA/CLU1) homolog"
"Rbm11",-0.0421849810001018,0.6332,"16","RNA binding motif protein 11"
"Zranb3",0.0421728913100887,0.6406,"1","zinc finger, RAN-binding domain containing 3"
"Daglb",0.0421711858951568,0.4084,"5","diacylglycerol lipase, beta"
"Abcf3",0.0421445141967647,0.3014,"16","ATP-binding cassette, sub-family F (GCN20), member 3"
"Tusc2",0.0421400698645078,0.58,"9","tumor suppressor 2, mitochondrial calcium regulator"
"Ppp2cb",0.0421357891844831,0.4258,"8","protein phosphatase 2 (formerly 2A), catalytic subunit, beta isoform"
"Hltf",0.0421131853839372,0.6594,"3","helicase-like transcription factor"
"Gnl1",0.0421112872453238,0.6574,"17","guanine nucleotide binding protein-like 1"
"Zfp862-ps",0.042094150742372,0.607,"6","zinc finger protein 862, pseudogene"
"Slc36a1",-0.0420939838665744,0.5612,"11","solute carrier family 36 (proton/amino acid symporter), member 1"
"Psmb10",0.0420922975148184,0.7634,"8","proteasome (prosome, macropain) subunit, beta type 10"
"Hdgfl3",0.0420871225170441,0.287,"7","HDGF like 3"
"Magi1",0.0420814335070405,0.5484,"6","membrane associated guanylate kinase, WW and PDZ domain containing 1"
"Magi1",0.0420814335070405,0.5484,"6","membrane associated guanylate kinase, WW and PDZ domain containing 1"
"Larp4b",0.0420769116885262,0.3414,"13","La ribonucleoprotein 4B"
"Ube3a",-0.0420684495510617,0.7788,"7","ubiquitin protein ligase E3A"
"Tm7sf3",-0.0420511093057803,0.5416,"6","transmembrane 7 superfamily member 3"
"Zfp46",0.0420418013360138,0.4984,"4","zinc finger protein 46"
"Phf3",-0.0420280285043475,0.6258,"1","PHD finger protein 3"
"Abca1",-0.0420190125792095,0.706,"4","ATP-binding cassette, sub-family A (ABC1), member 1"
"Gsdme",-0.0420065046821052,0.3824,"6","gasdermin E"
"Serpinb6a",0.041994919328606,0.5226,"13","serine (or cysteine) peptidase inhibitor, clade B, member 6a"
"Eri1",0.0419897282199782,0.5242,"8","exoribonuclease 1"
"Spock2",-0.0419867982265227,0.7802,"10","sparc/osteonectin, cwcv and kazal-like domains proteoglycan 2"
"Fstl1",-0.0419843828565449,0.645,"16","follistatin-like 1"
"Tsnax",0.0419772320943617,0.2538,"8","translin-associated factor X"
"Kars",0.0419676648029901,0.6094,"8","lysyl-tRNA synthetase"
"Top1",-0.0419511183037082,0.8412,"2","topoisomerase (DNA) I"
"Zscan20",-0.041937788151007,0.6854,"4","zinc finger and SCAN domains 20"
"D430041D05Rik",-0.0419275685877905,0.707,"2","RIKEN cDNA D430041D05 gene"
"Rock1",-0.0419194236579754,0.7136,"18","Rho-associated coiled-coil containing protein kinase 1"
"Ntpcr",0.041908476795137,0.6892,"8","nucleoside-triphosphatase, cancer-related"
"Zfp488",-0.0418984776595792,0.6684,"14","zinc finger protein 488"
"Nfs1",0.0418905637166604,0.2628,"2","nitrogen fixation gene 1 (S. cerevisiae)"
"Kif5a",-0.0418831726474291,0.7744,"10","kinesin family member 5A"
"Rsad1",0.0418719828207466,0.6352,"11","radical S-adenosyl methionine domain containing 1"
"Twf1",0.0418708338378186,0.3252,"15","twinfilin actin binding protein 1"
"Otx1",0.0418619586611317,0.6552,"11","orthodenticle homeobox 1"
"Lztr1",0.0418523085802027,0.2278,"16","leucine-zipper-like transcriptional regulator, 1"
"Chd5",-0.0418477508474959,0.6468,"4","chromodomain helicase DNA binding protein 5"
"Nxt1",0.0418463407567762,0.6422,"2","NTF2-related export protein 1"
"Alkbh4",0.0418445705996113,0.6764,"5","alkB homolog 4, lysine demethylase"
"Mgat3",0.0418424063422833,0.3216,"15","mannoside acetylglucosaminyltransferase 3"
"Pkd1l3",0.0418003552808037,0.8396,"8","polycystic kidney disease 1 like 3"
"Rffl",0.0417848017767914,0.7178,"11","ring finger and FYVE like domain containing protein"
"Mir124a-1hg",0.041782370290937,0.8278,"14","Mir124-1 host gene (non-protein coding)"
"Sptssa",0.0417701968319752,0.5606,"12","serine palmitoyltransferase, small subunit A"
"Prkcsh",0.0417647636577927,0.5792,"9","protein kinase C substrate 80K-H"
"Manf",-0.0417596278150327,0.7528,"9","mesencephalic astrocyte-derived neurotrophic factor"
"Atp6v1f",0.0417464931752454,0.7488,"6","ATPase, H+ transporting, lysosomal V1 subunit F"
"Katnal2",-0.041742578748194,0.602,"18","katanin p60 subunit A-like 2"
"Uso1",-0.0417395040374551,0.6622,"5","USO1 vesicle docking factor"
"Phb",0.0417351213088581,0.6784,"11","prohibitin"
"St6galnac6",0.0417243399686216,0.6798,"2","ST6 (alpha-N-acetyl-neuraminyl-2,3-beta-galactosyl-1,3)-N-acetylgalactosaminide alpha-2,6-sialyltransferase 6"
"Sars",0.0417208561991469,0.4996,"3","seryl-aminoacyl-tRNA synthetase"
"Ddx25",0.0417199966409516,0.483,"9","DEAD box helicase 25"
"Slc25a45",0.041715685408996,0.7636,"19","solute carrier family 25, member 45"
"Zfp85",-0.0417128529579016,0.5982,"13","zinc finger protein 85"
"Numb",-0.041709688390088,0.4672,"12","NUMB endocytic adaptor protein"
"Zfyve28",0.0417074229276162,0.5148,"5","zinc finger, FYVE domain containing 28"
"Ppm1d",-0.0417016269886687,0.4432,"11","protein phosphatase 1D magnesium-dependent, delta isoform"
"Zfp672",0.0416975454721209,0.4802,"11","zinc finger protein 672"
"Adora1",0.0416932335262281,0.441,"1","adenosine A1 receptor"
"Dpy19l3",-0.0416864973507352,0.6496,"7","dpy-19-like 3 (C. elegans)"
"Zcrb1",0.0416736680268963,0.7114,"15","zinc finger CCHC-type and RNA binding motif 1"
"Ttbk2",-0.041664100484156,0.739,"2","tau tubulin kinase 2"
"Gemin4",-0.0416637434786358,0.5504,"11","gem nuclear organelle associated protein 4"
"Ubap2l",-0.0416578257031226,0.6852,"3","ubiquitin-associated protein 2-like"
"Tmem216",0.0416565455103541,0.715,"19","transmembrane protein 216"
"Dtnb",0.0416343562429935,0.548,"12","dystrobrevin, beta"
"Cnn3",-0.0416338670240934,0.454,"3","calponin 3, acidic"
"Hcfc2",-0.041626365288387,0.692,"10","host cell factor C2"
"Atad3a",0.0416214240862081,0.4852,"4","ATPase family, AAA domain containing 3A"
"Zfand1",0.0416178824465576,0.47,"3","zinc finger, AN1-type domain 1"
"Slx4",0.0416145901024914,0.4054,"16","SLX4 structure-specific endonuclease subunit homolog (S. cerevisiae)"
"Mtfmt",0.0416091497696169,0.5012,"9","mitochondrial methionyl-tRNA formyltransferase"
"Gzf1",0.0416059889379659,0.527,"2","GDNF-inducible zinc finger protein 1"
"Rnpc3",0.0416013543766525,0.8226,"3","RNA-binding region (RNP1, RRM) containing 3"
"Gm15328",0.0415663651312033,0.8608,"18","predicted gene 15328"
"Smad1",-0.0415536373608267,0.5994,"8","SMAD family member 1"
"Dnaaf5",0.0415475965392753,0.5952,"5","dynein, axonemal assembly factor 5"
"Msantd3",0.041546423401376,0.517,"4","Myb/SANT-like DNA-binding domain containing 3"
"Lsm12",-0.0415447483458271,0.3256,"11","LSM12 homolog"
"Spsb1",0.04154049439052,0.706,"4","splA/ryanodine receptor domain and SOCS box containing 1"
"Zfp946",0.0415310910986859,0.5798,"17","zinc finger protein 946"
"Ggt7",0.0415251454438392,0.527,"2","gamma-glutamyltransferase 7"
"Gpn2",0.0415238889139875,0.7086,"4","GPN-loop GTPase 2"
"Ostm1",-0.041521275499468,0.6004,"10","osteopetrosis associated transmembrane protein 1"
"Ninl",0.0415198547621913,0.707,"2","ninein-like"
"Adam11",0.0415133806487056,0.5454,"11","a disintegrin and metallopeptidase domain 11"
"Uqcrc1",0.0415106356301864,0.5572,"9","ubiquinol-cytochrome c reductase core protein 1"
"Ghr",0.0415057007833322,0.556,"15","growth hormone receptor"
"Cep76",0.0415040184763353,0.6096,"18","centrosomal protein 76"
"Tmem9",0.0414881153835456,0.685,"1","transmembrane protein 9"
"Plpp1",-0.041484190584899,0.6176,"13","phospholipid phosphatase 1"
"G6pc3",-0.0414831849392048,0.7254,"11","glucose 6 phosphatase, catalytic, 3"
"Zfp655",-0.0414771328334602,0.5906,"5","zinc finger protein 655"
"Gyg",0.0414574036868167,0.5562,"3","glycogenin"
"Tusc1",-0.0414548384499591,0.747,"4","tumor suppressor candidate 1"
"Osbpl3",0.041451600580853,0.6854,"6","oxysterol binding protein-like 3"
"Gtpbp3",0.0414406183903333,0.5282,"8","GTP binding protein 3"
"Rab11fip4",-0.0414337716530238,0.7566,"11","RAB11 family interacting protein 4 (class II)"
"Pxk",-0.0414119200495175,0.5594,"14","PX domain containing serine/threonine kinase"
"Atl1",-0.041397015994816,0.8856,"12","atlastin GTPase 1"
"Kcna6",-0.041389792603141,0.6246,"6","potassium voltage-gated channel, shaker-related, subfamily, member 6"
"Slc33a1",-0.0413830625098983,0.6762,"3","solute carrier family 33 (acetyl-CoA transporter), member 1"
"Cercam",0.0413692931460803,0.783,"2","cerebral endothelial cell adhesion molecule"
"Klhl24",-0.041364563253091,0.8186,"16","kelch-like 24"
"Dtx2",-0.04136188275438,0.5948,"5","deltex 2, E3 ubiquitin ligase"
"Cabp1",0.0413514938315434,0.7648,"5","calcium binding protein 1"
"Zfp410",0.0413467971342261,0.3858,"12","zinc finger protein 410"
"Folh1",0.0413280391824165,0.7848,"7","folate hydrolase 1"
"Kcnv1",0.0413278690046752,0.7248,"15","potassium channel, subfamily V, member 1"
"Ticam1",-0.041320620094861,0.6852,"17","toll-like receptor adaptor molecule 1"
"Wdr18",0.0413059076969882,0.6404,"10","WD repeat domain 18"
"Ski",0.0412972912353649,0.5082,"4","ski sarcoma viral oncogene homolog (avian)"
"Qdpr",0.0412947412441644,0.816,"5","quinoid dihydropteridine reductase"
"Atrn",-0.0412722297101284,0.636,"2","attractin"
"Med27",0.0412665237657333,0.7138,"2","mediator complex subunit 27"
"Zfp180",0.0412608942523685,0.423,"7","zinc finger protein 180"
"Pld2",-0.0412585043249791,0.5704,"11","phospholipase D2"
"Rabl2",0.0412553317637343,0.6138,"15","RAB, member RAS oncogene family-like 2"
"1110017D15Rik",0.0412537161303017,0.8536,"4","RIKEN cDNA 1110017D15 gene"
"Mmut",0.0412459779301848,0.5754,"17","methylmalonyl-Coenzyme A mutase"
"Selenos",-0.0412427302111826,0.5142,"7","selenoprotein S"
"Ell",0.041242021200584,0.4932,"8","elongation factor RNA polymerase II"
"Eif4g3",-0.0412407642853232,0.38,"4","eukaryotic translation initiation factor 4 gamma, 3"
"Drg1",0.0412124268064362,0.54,"11","developmentally regulated GTP binding protein 1"
"4933421O10Rik",-0.0412050051658475,0.5344,"4","RIKEN cDNA 4933421O10 gene"
"Klhl17",0.0412012513191797,0.683,"4","kelch-like 17"
"Socs6",-0.0411994416196162,0.6624,"18","suppressor of cytokine signaling 6"
"Fmnl2",-0.041196382872509,0.571,"2","formin-like 2"
"Trappc13",0.0411855306339906,0.4674,"13","trafficking protein particle complex 13"
"Haus5",0.0411775944580763,0.6734,"7","HAUS augmin-like complex, subunit 5"
"Miga1",0.0411566973039772,0.5076,"3","mitoguardin 1"
"Fam216a",0.0411544670210411,0.6282,"5","family with sequence similarity 216, member A"
"Hectd3",0.0411405152220583,0.273,"4","HECT domain E3 ubiquitin protein ligase 3"
"Luc7l3",0.0411190728456967,0.6872,"11","LUC7-like 3 (S. cerevisiae)"
"Slc37a1",0.0411052329111135,0.7498,"17","solute carrier family 37 (glycerol-3-phosphate transporter), member 1"
"Keap1",0.041096232580867,0.6368,"9","kelch-like ECH-associated protein 1"
"Tpst2",0.0410810430067619,0.5664,"5","protein-tyrosine sulfotransferase 2"
"Nt5c3b",0.0410709481606695,0.5356,"11","5'-nucleotidase, cytosolic IIIB"
"Jam3",-0.0410701965623588,0.6578,"9","junction adhesion molecule 3"
"Hes5",0.0410586859390694,0.8264,"4","hes family bHLH transcription factor 5"
"Phf8",-0.0410524103034149,0.748,"X","PHD finger protein 8"
"Zfp867",-0.0410511550215524,0.4776,"11","zinc finger protein 867"
"Recql5",0.0410450141539886,0.7122,"11","RecQ protein-like 5"
"Churc1",0.0410425284028539,0.737,"12","churchill domain containing 1"
"Gpatch1",0.0410348421994842,0.3708,"7","G patch domain containing 1"
"Med20",0.0410345122192046,0.5616,"17","mediator complex subunit 20"
"Slc25a42",0.0410306026359111,0.6708,"8","solute carrier family 25, member 42"
"Dcp1a",0.0410300283819431,0.4114,"14","decapping mRNA 1A"
"Gnai2",-0.0410148002990454,0.6974,"9","guanine nucleotide binding protein (G protein), alpha inhibiting 2"
"Kif3b",-0.0410082734747803,0.8058,"2","kinesin family member 3B"
"Prkar1b",0.0410017079137539,0.6184,"5","protein kinase, cAMP dependent regulatory, type I beta"
"Rps19",0.0409904369688459,0.8382,"7","ribosomal protein S19"
"Phip",-0.0409847342188909,0.7254,"9","pleckstrin homology domain interacting protein"
"Vps29",0.0409800755240441,0.5042,"5","VPS29 retromer complex component"
"Tle1",0.0409778987289258,0.3318,"4","transducin-like enhancer of split 1"
"Dlg4",0.0409735267787923,0.697,"11","discs large MAGUK scaffold protein 4"
"Slc25a25",0.0409712370110338,0.567,"2","solute carrier family 25 (mitochondrial carrier, phosphate carrier), member 25"
"Pip5k1a",-0.0409681054789157,0.7326,"3","phosphatidylinositol-4-phosphate 5-kinase, type 1 alpha"
"Uba6",-0.0409637788851089,0.8424,"5","ubiquitin-like modifier activating enzyme 6"
"Galnt2",0.0409609855431743,0.4542,"8","polypeptide N-acetylgalactosaminyltransferase 2"
"Myl12a",-0.0409601592757634,0.5924,"17","myosin, light chain 12A, regulatory, non-sarcomeric"
"Cul2",0.0409247003814803,0.6672,"18","cullin 2"
"Cpeb1",-0.0409182442621221,0.4764,"7","cytoplasmic polyadenylation element binding protein 1"
"Tigd2",-0.0409112406714192,0.7072,"6","tigger transposable element derived 2"
"Tbc1d25",-0.0409077157346101,0.3812,"X","TBC1 domain family, member 25"
"Nol7",0.0408962905329018,0.6052,"13","nucleolar protein 7"
"Dhrs4",0.0408960588165637,0.6798,"14","dehydrogenase/reductase (SDR family) member 4"
"Atp5mpl",0.0408875896602643,0.6906,"12","ATP synthase membrane subunit 6.8PL"
"Gadd45g",0.0408851945761253,0.7758,"13","growth arrest and DNA-damage-inducible 45 gamma"
"Psmc3",0.0408777482753813,0.58,"2","proteasome (prosome, macropain) 26S subunit, ATPase 3"
"Gcc2",-0.0408707400645518,0.8594,"10","GRIP and coiled-coil domain containing 2"
"Zfp81",-0.0408693920216772,0.8134,"17","zinc finger protein 81"
"Gm20300",0.040862410562692,0.5406,"10","predicted gene, 20300"
"Gli3",-0.0408549750342915,0.7084,"13","GLI-Kruppel family member GLI3"
"Htr4",-0.0408467025100525,0.7586,"18","5 hydroxytryptamine (serotonin) receptor 4"
"Tbpl1",0.0408466602178681,0.491,"10","TATA box binding protein-like 1"
"Cox6b1",0.0408367444583142,0.764,"7","cytochrome c oxidase, subunit 6B1"
"Mog",0.0408323331613554,0.8068,"17","myelin oligodendrocyte glycoprotein"
"Rsu1",-0.0408304593378563,0.6358,"2","Ras suppressor protein 1"
"Lmo1",-0.0408239470934619,0.8122,"7","LIM domain only 1"
"Phf5a",0.0408086796911711,0.6974,"15","PHD finger protein 5A"
"Csrp1",0.0408013110253478,0.7624,"1","cysteine and glycine-rich protein 1"
"Pck2",0.0408006924438835,0.5868,"14","phosphoenolpyruvate carboxykinase 2 (mitochondrial)"
"Srbd1",-0.0407989424717043,0.475,"17","S1 RNA binding domain 1"
"Zbtb6",0.0407937939765217,0.5518,"2","zinc finger and BTB domain containing 6"
"Rnf167",0.0407906043339343,0.6482,"11","ring finger protein 167"
"Robo3",0.0407854650728838,0.841,"9","roundabout guidance receptor 3"
"Farsa",0.0407836687408283,0.4366,"8","phenylalanyl-tRNA synthetase, alpha subunit"
"Polrmt",0.0407788676506069,0.541,"10","polymerase (RNA) mitochondrial (DNA directed)"
"Srek1ip1",-0.0407521881230761,0.5432,"13","splicing regulatory glutamine/lysine-rich protein 1interacting protein 1"
"Nelfa",0.0407495151276267,0.4772,"5","negative elongation factor complex member A, Whsc2"
"Gp1bb",0.040735489958879,0.8188,"16","glycoprotein Ib, beta polypeptide"
"Mrpl33",-0.0407336679968022,0.7356,"5","mitochondrial ribosomal protein L33"
"Smad9",-0.0407215028099879,0.6148,"3","SMAD family member 9"
"Marchf8",0.0407046097537647,0.572,"6","membrane associated ring-CH-type finger 8"
"Camsap1",0.0406597398438846,0.5442,"2","calmodulin regulated spectrin-associated protein 1"
"Jak1",-0.0406570106864681,0.7292,"4","Janus kinase 1"
"Rnf32",-0.0406520574076139,0.598,"5","ring finger protein 32"
"Tmem60",0.0406393925322255,0.6514,"5","transmembrane protein 60"
"Shb",0.0406361699066848,0.69,"4","src homology 2 domain-containing transforming protein B"
"Abca5",-0.0406234664119456,0.7394,"11","ATP-binding cassette, sub-family A (ABC1), member 5"
"Pogk",0.0406191344496083,0.6884,"1","pogo transposable element with KRAB domain"
"Rab3ip",0.0406146954397437,0.3442,"10","RAB3A interacting protein"
"Spire2",0.0405948344029374,0.6704,"8","spire type actin nucleation factor 2"
"Rpl7a",0.0405850961183152,0.706,"2","ribosomal protein L7A"
"Cdk14",0.0405848648720237,0.5508,"5","cyclin-dependent kinase 14"
"Thyn1",0.0405843814915579,0.6348,"9","thymocyte nuclear protein 1"
"Pelp1",0.0405842865415567,0.4472,"11","proline, glutamic acid and leucine rich protein 1"
"Reep3",-0.0405695420563044,0.6516,"10","receptor accessory protein 3"
"Ublcp1",-0.0405673623298339,0.5602,"11","ubiquitin-like domain containing CTD phosphatase 1"
"Fh1",-0.0405592137713517,0.5302,"1","fumarate hydratase 1"
"Pxn",0.0405588820805303,0.732,"5","paxillin"
"Slc25a4",0.0405472879387556,0.5338,"8","solute carrier family 25 (mitochondrial carrier, adenine nucleotide translocator), member 4"
"Dclk3",0.0405320651280956,0.5254,"9","doublecortin-like kinase 3"
"Rasgrp2",-0.0405262401837589,0.6514,"19","RAS, guanyl releasing protein 2"
"Tmem9b",0.0405217230445247,0.5794,"7","TMEM9 domain family, member B"
"Creg1",-0.0405211421215821,0.535,"1","cellular repressor of E1A-stimulated genes 1"
"Eif3b",0.040519941120734,0.6234,"5","eukaryotic translation initiation factor 3, subunit B"
"Xrcc5",-0.0405155125157535,0.4188,"1","X-ray repair complementing defective repair in Chinese hamster cells 5"
"Echs1",0.0405016697600145,0.544,"7","enoyl Coenzyme A hydratase, short chain, 1, mitochondrial"
"Ybx1",0.0404956725075012,0.4692,"4","Y box protein 1"
"Pcna",0.0404780865086032,0.6476,"2","proliferating cell nuclear antigen"
"Usp38",0.0404757899839909,0.6518,"8","ubiquitin specific peptidase 38"
"Iffo1",0.0404736449634777,0.5614,"6","intermediate filament family orphan 1"
"Slc5a5",-0.0404679347330785,0.6148,"8","solute carrier family 5 (sodium iodide symporter), member 5"
"Marchf1",0.0404597562607902,0.7688,"8","membrane associated ring-CH-type finger 1"
"Erp44",-0.0404577815598905,0.4728,"4","endoplasmic reticulum protein 44"
"Eml6",-0.040449960988477,0.8478,"11","echinoderm microtubule associated protein like 6"
"Mrpl41",0.0404400347723977,0.6194,"2","mitochondrial ribosomal protein L41"
"Dnttip1",0.0404280787601161,0.5268,"2","deoxynucleotidyltransferase, terminal, interacting protein 1"
"Pde1b",0.0404259768734434,0.5286,"15","phosphodiesterase 1B, Ca2+-calmodulin dependent"
"Zbtb45",0.040410922417899,0.398,"7","zinc finger and BTB domain containing 45"
"Gpsm2",0.0404072796350654,0.3058,"3","G-protein signalling modulator 2 (AGS3-like, C. elegans)"
"Cilk1",-0.040401216426214,0.3786,"9","ciliogenesis associated kinase 1"
"Cspg5",-0.0403982719725979,0.6592,"9","chondroitin sulfate proteoglycan 5"
"Nos1ap",-0.0403915552941783,0.6108,"1","nitric oxide synthase 1 (neuronal) adaptor protein"
"Gpr158",-0.0403816235593624,0.6988,"2","G protein-coupled receptor 158"
"Atp1b1",-0.0403732634451828,0.824,"1","ATPase, Na+/K+ transporting, beta 1 polypeptide"
"Mfsd12",0.0403642655191687,0.6494,"10","major facilitator superfamily domain containing 12"
"Stxbp4",-0.0403590929214568,0.5898,"11","syntaxin binding protein 4"
"Insyn1",0.0403506468913379,0.5964,"9","inhibitory synaptic factor 1"
"Fbxw11",-0.0403350015893702,0.6638,"11","F-box and WD-40 domain protein 11"
"Zfp970",-0.0403269861180631,0.6076,"2","zinc finger protein 970"
"Arid1a",-0.040324290424711,0.673,"4","AT rich interactive domain 1A (SWI-like)"
"Mms19",0.0403204132338733,0.418,"19","MMS19 cytosolic iron-sulfur assembly component"
"Rab3gap2",-0.0403066748550431,0.5766,"1","RAB3 GTPase activating protein subunit 2"
"Mical3",-0.0403025327251312,0.672,"6","microtubule associated monooxygenase, calponin and LIM domain containing 3"
"Mgat2",0.0402712571873387,0.6308,"12","mannoside acetylglucosaminyltransferase 2"
"Gps1",0.040263972584591,0.4378,"11","G protein pathway suppressor 1"
"Mtpap",0.0402614931791705,0.3878,"18","mitochondrial poly(A) polymerase"
"Gtf3c4",-0.0402614277436797,0.597,"2","general transcription factor IIIC, polypeptide 4"
"Cept1",0.0402579072781402,0.4964,"3","choline/ethanolaminephosphotransferase 1"
"Aldh2",-0.0402528266720408,0.5802,"5","aldehyde dehydrogenase 2, mitochondrial"
"Rfx2",0.0402481911323971,0.7124,"17","regulatory factor X, 2 (influences HLA class II expression)"
"Daam2",0.0402467673573392,0.6788,"17","dishevelled associated activator of morphogenesis 2"
"Rnf14",0.040233572264107,0.2916,"18","ring finger protein 14"
"Pak3",-0.0402291242350792,0.728,"X","p21 (RAC1) activated kinase 3"
"Ube2g1",0.0402256608388054,0.661,"11","ubiquitin-conjugating enzyme E2G 1"
"Rapgef3",0.0402080900189805,0.5754,"15","Rap guanine nucleotide exchange factor (GEF) 3"
"Lyrm2",-0.040186342565605,0.6656,"4","LYR motif containing 2"
"Hmgcs1",-0.0401842364108198,0.4504,"13","3-hydroxy-3-methylglutaryl-Coenzyme A synthase 1"
"Sdad1",-0.0401797561656991,0.59,"5","SDA1 domain containing 1"
"Rgs10",0.0401631495774382,0.6286,"7","regulator of G-protein signalling 10"
"Dgkq",0.0401623746609205,0.7182,"5","diacylglycerol kinase, theta"
"Fabp7",-0.040131947820353,0.745,"10","fatty acid binding protein 7, brain"
"Zfp623",0.0401316431595862,0.5572,"15","zinc finger protein 623"
"Idh3b",0.0401283804176682,0.3812,"2","isocitrate dehydrogenase 3 (NAD+) beta"
"Kif13a",-0.0401277528866864,0.6176,"13","kinesin family member 13A"
"Ahsa1",0.0401213512234948,0.5398,"12","AHA1, activator of heat shock protein ATPase 1"
"Socs4",-0.0401204665726163,0.8418,"14","suppressor of cytokine signaling 4"
"Adcy3",-0.040111880147478,0.561,"12","adenylate cyclase 3"
"Hebp1",0.0401079326209155,0.649,"6","heme binding protein 1"
"Ldb3",0.0400851566266658,0.5714,"14","LIM domain binding 3"
"Exosc10",0.0400797541945366,0.3276,"4","exosome component 10"
"Eprs",-0.040053458269524,0.3206,"1","glutamyl-prolyl-tRNA synthetase"
"Cox7b",0.0400343121830229,0.6776,"X","cytochrome c oxidase subunit 7B"
"Dhx32",0.0400278934452052,0.4118,"7","DEAH (Asp-Glu-Ala-His) box polypeptide 32"
"Poc1b",0.0400277515963436,0.5974,"10","POC1 centriolar protein B"
"Tnrc6a",0.0400169789719529,0.665,"7","trinucleotide repeat containing 6a"
"Hnrnph1",-0.0400037433242924,0.8766,"11","heterogeneous nuclear ribonucleoprotein H1"
"Fbrsl1",0.0399918545832803,0.4296,"5","fibrosin-like 1"
"Rtca",0.0399833378910834,0.576,"3","RNA 3'-terminal phosphate cyclase"
"Tcf7l1",-0.0399807389913049,0.6814,"6","transcription factor 7 like 1 (T cell specific, HMG box)"
"Caprin1",-0.0399797823888459,0.714,"2","cell cycle associated protein 1"
"Adam10",-0.0399775182240703,0.5336,"9","a disintegrin and metallopeptidase domain 10"
"Trappc10",-0.03996850920963,0.4138,"10","trafficking protein particle complex 10"
"Arid2",0.0399641416644725,0.6074,"15","AT rich interactive domain 2 (ARID, RFX-like)"
"Abca2",0.0399597140017818,0.6464,"2","ATP-binding cassette, sub-family A (ABC1), member 2"
"Eid2",0.0399532236506257,0.6546,"7","EP300 interacting inhibitor of differentiation 2"
"Cpne6",0.0399371828652022,0.5132,"14","copine VI"
"Mdm1",0.0399350782150751,0.728,"10","transformed mouse 3T3 cell double minute 1"
"Ppp1cb",0.0399258554033679,0.773,"5","protein phosphatase 1 catalytic subunit beta"
"Cradd",0.0399196896182858,0.7182,"10","CASP2 and RIPK1 domain containing adaptor with death domain"
"St13",-0.0399174920529566,0.7438,"15","suppression of tumorigenicity 13"
"Snx6",-0.0398914833399688,0.4674,"12","sorting nexin 6"
"Tanc1",-0.0398829290016822,0.7122,"2","tetratricopeptide repeat, ankyrin repeat and coiled-coil containing 1"
"Tbc1d15",0.0398813150774293,0.7788,"10","TBC1 domain family, member 15"
"Mylip",-0.0398807469141298,0.7114,"13","myosin regulatory light chain interacting protein"
"Mrpl23",0.039874504409827,0.7756,"7","mitochondrial ribosomal protein L23"
"Cdc42ep4",-0.0398629299113002,0.5832,"11","CDC42 effector protein (Rho GTPase binding) 4"
"Usp45",-0.0398562124418635,0.8594,"4","ubiquitin specific petidase 45"
"Pbxip1",-0.039845442301937,0.5346,"3","pre B cell leukemia transcription factor interacting protein 1"
"Mettl15",-0.0398379295159952,0.741,"2","methyltransferase like 15"
"Dhdds",0.0398240068975069,0.497,"4","dehydrodolichyl diphosphate synthase"
"Gnpda1",0.0398206258728564,0.438,"18","glucosamine-6-phosphate deaminase 1"
"Slc35f6",0.0398111309287623,0.4474,"5","solute carrier family 35, member F6"
"Mrpl2",-0.0398092183587648,0.651,"17","mitochondrial ribosomal protein L2"
"Stambp",0.0398071861198517,0.4192,"6","STAM binding protein"
"Egfem1",0.039799534796801,0.5916,"3","EGF-like and EMI domain containing 1"
"Topbp1",0.0397982902176945,0.6934,"9","topoisomerase (DNA) II binding protein 1"
"Fem1b",0.0397724787027185,0.526,"9","fem 1 homolog b"
"Rwdd2b",0.0397681370613605,0.4416,"16","RWD domain containing 2B"
"Borcs7",-0.0397616998731403,0.5118,"19","BLOC-1 related complex subunit 7"
"Sp2",-0.0397566765135187,0.5976,"11","Sp2 transcription factor"
"Grina",0.0397529151100375,0.6888,"15","glutamate receptor, ionotropic, N-methyl D-aspartate-associated protein 1 (glutamate binding)"
"Bmp1",0.0397520360879735,0.8094,"14","bone morphogenetic protein 1"
"Zfp319",0.0397478878330375,0.5678,"8","zinc finger protein 319"
"Elovl5",-0.0397457494734779,0.5248,"9","ELOVL family member 5, elongation of long chain fatty acids (yeast)"
"Dolk",0.0397405325426958,0.6698,"2","dolichol kinase"
"D11Wsu47e",-0.0397384914510681,0.5788,"11","DNA segment, Chr 11, Wayne State University 47, expressed"
"Mrpl46",0.0397352284994748,0.6608,"7","mitochondrial ribosomal protein L46"
"Myg1",0.0397169235506665,0.6512,"15","melanocyte proliferating gene 1"
"Slc29a1",0.039711144481954,0.6306,"17","solute carrier family 29 (nucleoside transporters), member 1"
"Psmd5",0.0397047625756137,0.6278,"2","proteasome (prosome, macropain) 26S subunit, non-ATPase, 5"
"Irgq",0.0397013780440849,0.387,"7","immunity-related GTPase family, Q"
"Syt7",0.0397002912235767,0.654,"19","synaptotagmin VII"
"Dffb",0.0396995119145398,0.7992,"4","DNA fragmentation factor, beta subunit"
"Inpp5a",0.0396909763796938,0.5294,"7","inositol polyphosphate-5-phosphatase A"
"Prr14",0.0396872178805943,0.5162,"7","proline rich 14"
"Ctsd",-0.0396824553626045,0.6248,"7","cathepsin D"
"Hacd3",0.0396699677612622,0.2758,"9","3-hydroxyacyl-CoA dehydratase 3"
"Hmgcr",-0.0396380159665197,0.6546,"13","3-hydroxy-3-methylglutaryl-Coenzyme A reductase"
"Gnai3",-0.0396134775143278,0.7156,"3","guanine nucleotide binding protein (G protein), alpha inhibiting 3"
"Eif2s2",-0.039609251460317,0.481,"2","eukaryotic translation initiation factor 2, subunit 2 (beta)"
"Trmt61b",0.039600204105013,0.5672,"17","tRNA methyltransferase 61B"
"Wbp1",0.0395909933078498,0.726,"6","WW domain binding protein 1"
"Cwf19l1",0.0395889028736729,0.4816,"19","CWF19-like 1, cell cycle control (S. pombe)"
"Bcl2l2",0.0395853968298843,0.511,"14","BCL2-like 2"
"Ints10",0.0395837883167713,0.7008,"8","integrator complex subunit 10"
"Tmem63b",0.0395812882189492,0.4386,"17","transmembrane protein 63b"
"D430019H16Rik",0.0395805374276073,0.7172,"12","RIKEN cDNA D430019H16 gene"
"Copz1",0.0395638974022274,0.628,"15","coatomer protein complex, subunit zeta 1"
"Robo1",-0.039548515632986,0.8504,"16","roundabout guidance receptor 1"
"Ttc12",0.0395303828049181,0.8098,"9","tetratricopeptide repeat domain 12"
"Smg9",0.0395186336239082,0.702,"7","SMG9 nonsense mediated mRNA decay factor"
"Lrp11",-0.0395107809835711,0.6624,"10","low density lipoprotein receptor-related protein 11"
"Tmem230",0.0395075350630734,0.3896,"2","transmembrane protein 230"
"Psma7",0.0395014851421003,0.68,"2","proteasome subunit alpha 7"
"Eda",-0.0394982159382549,0.6262,"X","ectodysplasin-A"
"Rbm6",0.0394922333038661,0.5928,"9","RNA binding motif protein 6"
"Dyrk2",0.0394271592361979,0.866,"10","dual-specificity tyrosine-(Y)-phosphorylation regulated kinase 2"
"Btbd1",0.0393992685207651,0.4062,"7","BTB (POZ) domain containing 1"
"S100pbp",0.0393903603251511,0.426,"4","S100P binding protein"
"Rflnb",-0.0393823468070416,0.6542,"11","refilin B"
"Pip4k2b",0.0393818794657488,0.3424,"11","phosphatidylinositol-5-phosphate 4-kinase, type II, beta"
"Sypl2",0.0393772932068552,0.5584,"3","synaptophysin-like 2"
"Tmem132b",0.0393693751863422,0.5938,"5","transmembrane protein 132B"
"Fndc4",0.0393674404827546,0.634,"5","fibronectin type III domain containing 4"
"Kctd12b",-0.0393672126025129,0.7012,"X","potassium channel tetramerisation domain containing 12b"
"Ppp2r3c",0.0393661291931227,0.4826,"12","protein phosphatase 2, regulatory subunit B'', gamma"
"Clip4",-0.0393615983187319,0.564,"17","CAP-GLY domain containing linker protein family, member 4"
"Cxxc4",-0.0393605819041536,0.6342,"3","CXXC finger 4"
"Gng2",0.0393544190295518,0.486,"14","guanine nucleotide binding protein (G protein), gamma 2"
"Pgls",0.0393542366896176,0.7738,"8","6-phosphogluconolactonase"
"4930447C04Rik",0.0393437423771039,0.8338,"12","RIKEN cDNA 4930447C04 gene"
"Ccdc61",-0.0393403299014099,0.682,"7","coiled-coil domain containing 61"
"Gusb",0.0393360315826103,0.4998,"5","glucuronidase, beta"
"Vrk1",0.0393353042029996,0.643,"12","vaccinia related kinase 1"
"Fbxo38",-0.0393209216815862,0.7688,"18","F-box protein 38"
"Fzd7",0.0392963445503405,0.7112,"1","frizzled class receptor 7"
"Deaf1",0.039286168682513,0.7236,"7","DEAF1, transcription factor"
"Usp35",0.0392792824404147,0.6716,"7","ubiquitin specific peptidase 35"
"Tubb5",0.0392792359718488,0.673,"17","tubulin, beta 5 class I"
"Dnajb2",-0.0392740475842004,0.7596,"1","DnaJ heat shock protein family (Hsp40) member B2"
"Smchd1",-0.0392487193222122,0.7898,"17","SMC hinge domain containing 1"
"Fan1",0.0392337334610184,0.6352,"7","FANCD2/FANCI-associated nuclease 1"
"Rnf25",0.0392327220648259,0.7324,"1","ring finger protein 25"
"Cep44",0.0392059472907356,0.6314,"8","centrosomal protein 44"
"Flcn",0.0391835995987115,0.4926,"11","folliculin"
"Acat2",0.0391801368640685,0.5566,"17","acetyl-Coenzyme A acetyltransferase 2"
"Slc25a13",0.0391755275471335,0.8358,"6","solute carrier family 25 (mitochondrial carrier, adenine nucleotide translocator), member 13"
"Mrpl28",0.0391726312851262,0.7402,"17","mitochondrial ribosomal protein L28"
"Mmp16",-0.0391537891212117,0.7974,"4","matrix metallopeptidase 16"
"Adar",-0.0391488071551951,0.3884,"3","adenosine deaminase, RNA-specific"
"Morf4l1",-0.0391444717594549,0.7174,"9","mortality factor 4 like 1"
"Morf4l1",-0.0391444717594549,0.7174,"9","mortality factor 4 like 1"
"Slc4a3",0.0391375329041761,0.7424,"1","solute carrier family 4 (anion exchanger), member 3"
"Nup50",0.0391304995051991,0.4096,"15","nucleoporin 50"
"Dstyk",-0.0391252261068598,0.7462,"1","dual serine/threonine and tyrosine protein kinase"
"Retreg2",0.0391238063595551,0.4938,"1","reticulophagy regulator family member 2"
"Czib",0.0391229204784818,0.7068,"4","CXXC motif containing zinc binding protein"
"Bloc1s1",0.0391174554423195,0.8148,"10","biogenesis of lysosomal organelles complex-1, subunit 1"
"Zranb2",-0.0391091995766653,0.7334,"3","zinc finger, RAN-binding domain containing 2"
"Pla2g15",-0.0390933854058941,0.4878,"8","phospholipase A2, group XV"
"Acin1",0.039086331597626,0.644,"14","apoptotic chromatin condensation inducer 1"
"Gtf2f1",0.0390834354236542,0.7004,"17","general transcription factor IIF, polypeptide 1"
"Hp1bp3",-0.0390815043886912,0.5658,"4","heterochromatin protein 1, binding protein 3"
"Zfp652",0.0390775219184141,0.7282,"11","zinc finger protein 652"
"Efhd1",-0.0390765761037741,0.7838,"1","EF hand domain containing 1"
"Mindy4",0.0390756992895458,0.5874,"6","MINDY lysine 48 deubiquitinase 4"
"Yy1",0.0390739940050304,0.1268,"12","YY1 transcription factor"
"Rimkla",-0.0390410981017437,0.6232,"4","ribosomal modification protein rimK-like family member A"
"Eif3a",-0.039026688409673,0.7756,"19","eukaryotic translation initiation factor 3, subunit A"
"Serinc3",-0.0390158970772152,0.7918,"2","serine incorporator 3"
"Ppp6r1",0.0390147292705274,0.3812,"7","protein phosphatase 6, regulatory subunit 1"
"Pgap1",0.0390019320767596,0.709,"1","post-GPI attachment to proteins 1"
"Hemk1",-0.0389928034196956,0.7436,"9","HemK methyltransferase family member 1"
"Dscam",-0.0389861454154703,0.5784,"16","DS cell adhesion molecule"
"Sec14l2",0.0389712097565829,0.6558,"11","SEC14-like lipid binding 2"
"Golga7b",0.0389656394301117,0.7448,"19","golgi autoantigen, golgin subfamily a, 7B"
"Ptpa",0.0389632466140508,0.7424,"2","protein phosphatase 2 protein activator"
"Naa40",0.0389564889247342,0.6716,"19","N(alpha)-acetyltransferase 40, NatD catalytic subunit"
"Ephb3",-0.0389497564704406,0.7664,"16","Eph receptor B3"
"Kif3c",0.0389379723243142,0.2006,"12","kinesin family member 3C"
"Ppp6r2",-0.0389316976124849,0.2702,"15","protein phosphatase 6, regulatory subunit 2"
"Trpc5",0.0389281993223189,0.7314,"X","transient receptor potential cation channel, subfamily C, member 5"
"Cd2ap",-0.0389262086934004,0.7544,"17","CD2-associated protein"
"Chmp5",0.0389236353543421,0.4466,"4","charged multivesicular body protein 5"
"Cd63",-0.038915806781592,0.7128,"10","CD63 antigen"
"Arid1b",0.0389027279712106,0.4886,"17","AT rich interactive domain 1B (SWI-like)"
"Esyt3",-0.0389007965127743,0.8758,"9","extended synaptotagmin-like protein 3"
"Nudt4",0.0388877197314716,0.6566,"10","nudix (nucleoside diphosphate linked moiety X)-type motif 4"
"Armc1",0.0388724662144417,0.469,"3","armadillo repeat containing 1"
"Chrd",0.0388578951284648,0.775,"16","chordin"
"Smurf1",0.0388503492604535,0.4126,"5","SMAD specific E3 ubiquitin protein ligase 1"
"Drap1",0.0388488265686924,0.7668,"19","Dr1 associated protein 1 (negative cofactor 2 alpha)"
"Ppia",0.0388383513543662,0.654,"11","peptidylprolyl isomerase A"
"Kat8",0.0388375629242166,0.554,"7","K(lysine) acetyltransferase 8"
"Chml",-0.0388316812599065,0.7836,"1","choroideremia-like"
"Gls2",0.0388285708570146,0.6496,"10","glutaminase 2 (liver, mitochondrial)"
"Eif5b",0.0388282766281609,0.6486,"1","eukaryotic translation initiation factor 5B"
"Triap1",-0.0388247362924603,0.6802,"5","TP53 regulated inhibitor of apoptosis 1"
"Cxadr",-0.0388221003001892,0.7486,"16","coxsackie virus and adenovirus receptor"
"Tpi1",0.03881087868257,0.5772,"6","triosephosphate isomerase 1"
"Acadl",-0.0388077931158026,0.5718,"1","acyl-Coenzyme A dehydrogenase, long-chain"
"Zfp804a",-0.0388051450721569,0.835,"2","zinc finger protein 804A"
"Ccdc90b",-0.0387445450964807,0.4244,"7","coiled-coil domain containing 90B"
"Coa3",0.0387364003944421,0.7186,"11","cytochrome C oxidase assembly factor 3"
"Raver1",0.0387325067595654,0.7788,"9","ribonucleoprotein, PTB-binding 1"
"Txndc16",-0.0387271501869408,0.5794,"14","thioredoxin domain containing 16"
"Atg14",-0.0387268192990318,0.4036,"14","autophagy related 14"
"Gas2",0.0387196239860677,0.6844,"7","growth arrest specific 2"
"Traf3ip1",-0.0387106106405053,0.567,"1","TRAF3 interacting protein 1"
"Kmt5c",0.0387091406701128,0.7638,"7","lysine methyltransferase 5C"
"Trim44",0.0387082727297887,0.3616,"2","tripartite motif-containing 44"
"Parvb",0.0387005153235629,0.4914,"15","parvin, beta"
"Zfp952",-0.0386888564092498,0.3792,"17","zinc finger protein 952"
"Tcof1",-0.0386801338133065,0.5166,"18","treacle ribosome biogenesis factor 1"
"Eef2",0.0386500625467008,0.6214,"10","eukaryotic translation elongation factor 2"
"Nedd4l",0.0386378660288536,0.5244,"18","neural precursor cell expressed, developmentally down-regulated gene 4-like"
"Ddx27",0.0386316814177592,0.5424,"2","DEAD box helicase 27"
"Ctnnal1",-0.0386303891205642,0.714,"4","catenin (cadherin associated protein), alpha-like 1"
"Cetn4",-0.0386190380684392,0.611,"3","centrin 4"
"Ndst2",0.0386107973600054,0.5904,"14","N-deacetylase/N-sulfotransferase (heparan glucosaminyl) 2"
"Zfyve21",-0.0386083258503263,0.7348,"12","zinc finger, FYVE domain containing 21"
"Lbr",0.0386013578917295,0.5626,"1","lamin B receptor"
"Usp4",0.038595785223281,0.3204,"9","ubiquitin specific peptidase 4 (proto-oncogene)"
"Ccp110",-0.0385898725694558,0.754,"7","centriolar coiled coil protein 110"
"Zfp532",-0.038575618683228,0.3246,"18","zinc finger protein 532"
"Entpd5",0.0385587274143626,0.3802,"12","ectonucleoside triphosphate diphosphohydrolase 5"
"Dnajc30",0.038547843170142,0.7214,"5","DnaJ heat shock protein family (Hsp40) member C30"
"Fam162a",0.0385323388492465,0.7144,"16","family with sequence similarity 162, member A"
"Txnl4a",0.0385266410737275,0.696,"18","thioredoxin-like 4A"
"St8sia1",0.0385200042756439,0.6434,"6","ST8 alpha-N-acetyl-neuraminide alpha-2,8-sialyltransferase 1"
"Mpv17l",0.0385189496980596,0.2642,"16","Mpv17 transgene, kidney disease mutant-like"
"Cdipt",0.0385162930080583,0.5404,"7","CDP-diacylglycerol--inositol 3-phosphatidyltransferase (phosphatidylinositol synthase)"
"E2f4",0.0385135882844052,0.4728,"8","E2F transcription factor 4"
"Acad11",0.0384977701347236,0.6168,"9","acyl-Coenzyme A dehydrogenase family, member 11"
"Banp",0.0384941248068982,0.689,"8","BTG3 associated nuclear protein"
"Aldh4a1",-0.0384917363287558,0.4994,"4","aldehyde dehydrogenase 4 family, member A1"
"Pja2",-0.0384870566950379,0.8152,"17","praja ring finger ubiquitin ligase 2"
"Wdr59",0.0384793836363704,0.6432,"8","WD repeat domain 59"
"Pou3f1",-0.0384620176763244,0.769,"4","POU domain, class 3, transcription factor 1"
"Gpc6",-0.0384554239245345,0.7694,"14","glypican 6"
"Nfkbib",0.0384514190723619,0.6508,"7","nuclear factor of kappa light polypeptide gene enhancer in B cells inhibitor, beta"
"Noa1",0.0384500839620721,0.4838,"5","nitric oxide associated 1"
"Wdr24",0.0384147041717942,0.5686,"17","WD repeat domain 24"
"Ttc5",0.0384089234168856,0.4814,"14","tetratricopeptide repeat domain 5"
"Cplx1",0.0384075163081032,0.5848,"5","complexin 1"
"Pafah1b2",0.0383899052494474,0.3074,"9","platelet-activating factor acetylhydrolase, isoform 1b, subunit 2"
"Wrap73",0.0383865940455532,0.4534,"4","WD repeat containing, antisense to Trp73"
"Nphp4",0.0383818287963722,0.6734,"4","nephronophthisis 4 (juvenile) homolog (human)"
"Mcmbp",0.0383712328713903,0.4298,"7","minichromosome maintenance complex binding protein"
"Zfand2a",-0.0383680169521616,0.4976,"5","zinc finger, AN1-type domain 2A"
"Mtfr1l",0.0383658497111066,0.463,"4","mitochondrial fission regulator 1-like"
"Ube2d-ps",0.0383567211977693,0.6914,"11","ubiquitin-conjugating enzyme E2D, pseudogene"
"Rpl29",0.0383391951567544,0.8312,"9","ribosomal protein L29"
"Rap2c",-0.038323286553708,0.4374,"X","RAP2C, member of RAS oncogene family"
"Hdgfl2",0.0383227852826078,0.7016,"17","HDGF like 2"
"Ptbp3",-0.038318339877053,0.6278,"4","polypyrimidine tract binding protein 3"
"Mtx2",0.0383111543017929,0.468,"2","metaxin 2"
"Sumf2",0.0382980213965203,0.6428,"5","sulfatase modifying factor 2"
"Fuz",-0.0382954816177512,0.649,"7","fuzzy planar cell polarity protein"
"Zfp335",0.0382874885566844,0.6096,"2","zinc finger protein 335"
"Rasgrf1",-0.0382811558300844,0.6102,"9","RAS protein-specific guanine nucleotide-releasing factor 1"
"Zfp995",-0.0382783707331287,0.7052,"17","zinc finger protein 995"
"Tatdn2",0.0382635065403276,0.5442,"6","TatD DNase domain containing 2"
"Fdxr",0.0382539773367609,0.7904,"11","ferredoxin reductase"
"Sec14l1",0.0382515986544334,0.3544,"11","SEC14-like lipid binding 1"
"Gm20751",0.0382375963158714,0.8672,"13","predicted gene, 20751"
"Prpf39",0.0382329476795311,0.7586,"12","pre-mRNA processing factor 39"
"Dstn",0.0382329392015688,0.5334,"2","destrin"
"Pik3ip1",-0.0382328231908646,0.5306,"11","phosphoinositide-3-kinase interacting protein 1"
"Prrc2a",0.038214664241119,0.5246,"17","proline-rich coiled-coil 2A"
"Lamp5",0.0382086097239629,0.6676,"2","lysosomal-associated membrane protein family, member 5"
"Slc30a10",0.0382077070583611,0.6272,"1","solute carrier family 30, member 10"
"Mitd1",-0.0382048578414196,0.7092,"1","MIT, microtubule interacting and transport, domain containing 1"
"Sppl2a",-0.0382003830794329,0.6146,"2","signal peptide peptidase like 2A"
"6530402F18Rik",0.0381956635015355,0.6092,"2","RIKEN cDNA 6530402F18 gene"
"Man1c1",-0.0381923164788116,0.452,"4","mannosidase, alpha, class 1C, member 1"
"Rnf114",0.0381853871220637,0.4232,"2","ring finger protein 114"
"Tusc3",-0.038180433306489,0.7546,"8","tumor suppressor candidate 3"
"A230072C01Rik",-0.0381736058312252,0.6428,"X","RIKEN cDNA A230072C01 gene"
"Rassf4",-0.038170389358319,0.7812,"6","Ras association (RalGDS/AF-6) domain family member 4"
"Usp20",0.0381563652962171,0.5746,"2","ubiquitin specific peptidase 20"
"Mccc2",0.0381455998993685,0.3864,"13","methylcrotonoyl-Coenzyme A carboxylase 2 (beta)"
"Bola3",0.0381429902652952,0.692,"6","bolA-like 3 (E. coli)"
"Abhd17b",0.0381420889871258,0.6044,"19","abhydrolase domain containing 17B"
"Coq10a",0.0381374391140756,0.5692,"10","coenzyme Q10A"
"Zfp831",-0.0381352783294329,0.7538,"2","zinc finger protein 831"
"Noc2l",0.0381339945832293,0.5174,"4","NOC2 like nucleolar associated transcriptional repressor"
"Ppara",-0.0381325145582236,0.626,"15","peroxisome proliferator activated receptor alpha"
"Nav2",-0.0381188446460641,0.8022,"7","neuron navigator 2"
"Synrg",-0.0380949610497101,0.4872,"11","synergin, gamma"
"Atp8a2",-0.0380914956512526,0.8748,"14","ATPase, aminophospholipid transporter-like, class I, type 8A, member 2"
"Rab8b",-0.0380816299982287,0.7278,"9","RAB8B, member RAS oncogene family"
"Arhgap35",0.0380791853438405,0.473,"7","Rho GTPase activating protein 35"
"Rc3h1",-0.0380784091384729,0.648,"1","RING CCCH (C3H) domains 1"
"Tbc1d2",-0.0380752546543919,0.7806,"4","TBC1 domain family, member 2"
"Znhit6",0.0380727972581707,0.5326,"3","zinc finger, HIT type 6"
"Senp5",0.0380568197305022,0.5024,"16","SUMO/sentrin specific peptidase 5"
"Kcnn1",0.0380465760339819,0.6104,"8","potassium intermediate/small conductance calcium-activated channel, subfamily N, member 1"
"Nifk",0.0380429843981487,0.4816,"1","nucleolar protein interacting with the FHA domain of MKI67"
"Oxnad1",0.0380427967489663,0.3866,"14","oxidoreductase NAD-binding domain containing 1"
"Stt3b",-0.0380183689932485,0.4236,"9","STT3, subunit of the oligosaccharyltransferase complex, homolog B (S. cerevisiae)"
"Rps26",0.0380167901774957,0.7696,"10","ribosomal protein S26"
"Sirt5",0.0380088744821347,0.6442,"13","sirtuin 5"
"Bcar1",0.0380088243710315,0.513,"8","breast cancer anti-estrogen resistance 1"
"Arsb",-0.0380070609730927,0.7148,"13","arylsulfatase B"
"Fth1",0.0380036144959028,0.8328,"19","ferritin heavy polypeptide 1"
"Tubd1",0.0380033968636333,0.7836,"11","tubulin, delta 1"
"Sdhaf2",0.0379885980735102,0.5282,"19","succinate dehydrogenase complex assembly factor 2"
"Brap",0.0379574547833901,0.0504,"5","BRCA1 associated protein"
"Hnrnph2",-0.0379550077054125,0.7122,"X","heterogeneous nuclear ribonucleoprotein H2"
"Dmxl1",-0.0379407627769126,0.8064,"18","Dmx-like 1"
"Prcc",0.0379307828252751,0.5562,"3","papillary renal cell carcinoma (translocation-associated)"
"Rnf122",-0.0379304389884769,0.697,"8","ring finger protein 122"
"Ints11",0.0379298572877529,0.4376,"4","integrator complex subunit 11"
"Txnl1",0.0379271452322092,0.5536,"18","thioredoxin-like 1"
"Mtr",-0.0379231586601327,0.8856,"13","5-methyltetrahydrofolate-homocysteine methyltransferase"
"Coro7",-0.0379218988000787,0.5292,"16","coronin 7"
"Wipi1",-0.037916265101857,0.5762,"11","WD repeat domain, phosphoinositide interacting 1"
"Slc44a1",0.0379040044819821,0.7182,"4","solute carrier family 44, member 1"
"Odf2l",-0.0378879570578308,0.7488,"3","outer dense fiber of sperm tails 2-like"
"Tmem131",-0.0378810040341087,0.7902,"1","transmembrane protein 131"
"Atp5c1",0.0378625221117224,0.6264,"2","ATP synthase, H+ transporting, mitochondrial F1 complex, gamma polypeptide 1"
"Rnf7",-0.0378573191548979,0.6954,"9","ring finger protein 7"
"Mtrf1l",0.0378572225729727,0.5586,"10","mitochondrial translational release factor 1-like"
"Riok3",0.0378538718043782,0.409,"18","RIO kinase 3"
"Mrs2",-0.0378488580048257,0.7988,"13","MRS2 magnesium transporter"
"Cnot7",0.037844795173064,0.6182,"8","CCR4-NOT transcription complex, subunit 7"
"Dlg5",0.0378371451112942,0.5776,"14","discs large MAGUK scaffold protein 5"
"Prpsap1",0.0378235636704023,0.6142,"11","phosphoribosyl pyrophosphate synthetase-associated protein 1"
"Zfp438",-0.0378199714979077,0.745,"18","zinc finger protein 438"
"Golgb1",-0.0378117156555646,0.772,"16","golgi autoantigen, golgin subfamily b, macrogolgin 1"
"Arhgef17",0.0378099139022758,0.496,"7","Rho guanine nucleotide exchange factor (GEF) 17"
"Trf",-0.0377977937354395,0.8,"9","transferrin"
"Med23",-0.0377898079588883,0.7728,"10","mediator complex subunit 23"
"Ercc3",-0.0377879623905066,0.479,"18","excision repair cross-complementing rodent repair deficiency, complementation group 3"
"Zfp329",-0.0377824828471232,0.755,"7","zinc finger protein 329"
"Plaat1",-0.0377815541418314,0.5598,"16","phospholipase A and acyltransferase 1"
"Rangap1",0.0377807777066526,0.6502,"15","RAN GTPase activating protein 1"
"Map3k12",0.0377733311585695,0.5364,"15","mitogen-activated protein kinase kinase kinase 12"
"Rnf182",0.0377603311914863,0.6104,"13","ring finger protein 182"
"Sdhaf4",0.0377523296108033,0.804,"1","succinate dehydrogenase complex assembly factor 4"
"Mff",0.0377508106739066,0.5484,"1","mitochondrial fission factor"
"Tlk2",0.0377507304989715,0.282,"11","tousled-like kinase 2 (Arabidopsis)"
"Sfi1",0.0377506611208354,0.8144,"11","Sfi1 homolog, spindle assembly associated (yeast)"
"Tsen34",0.0377436530430506,0.6922,"7","tRNA splicing endonuclease subunit 34"
"Ampd2",0.0377232798005149,0.3776,"3","adenosine monophosphate deaminase 2"
"Srek1",-0.0377231894126808,0.8118,"13","splicing regulatory glutamine/lysine-rich protein 1"
"Limk1",0.0377178526201138,0.5168,"5","LIM-domain containing, protein kinase"
"Celf6",0.0377049755406533,0.6292,"9","CUGBP, Elav-like family member 6"
"Zfc3h1",0.037685408327274,0.7872,"10","zinc finger, C3H1-type containing"
"Bicra",-0.0376781909639874,0.6976,"7","BRD4 interacting chromatin remodeling complex associated protein"
"Usp8",-0.0376394979210026,0.7174,"2","ubiquitin specific peptidase 8"
"Apcdd1",-0.0376380402774057,0.714,"18","adenomatosis polyposis coli down-regulated 1"
"Manbal",0.0376375633978743,0.7218,"2","mannosidase, beta A, lysosomal-like"
"Sh3rf3",0.037615025353837,0.5586,"10","SH3 domain containing ring finger 3"
"Gng13",-0.0376125320435006,0.8494,"17","guanine nucleotide binding protein (G protein), gamma 13"
"Ddx54",0.0376076471225995,0.4214,"5","DEAD box helicase 54"
"Csde1",0.0376075176773885,0.2188,"3","cold shock domain containing E1, RNA binding"
"Htr2a",-0.037600971074047,0.9222,"14","5-hydroxytryptamine (serotonin) receptor 2A"
"Os9",0.0375961230557689,0.6154,"10","amplified in osteosarcoma"
"Ciapin1",0.0375957989915223,0.3652,"8","cytokine induced apoptosis inhibitor 1"
"Pcdh19",-0.0375855367137827,0.7808,"X","protocadherin 19"
"Chrm1",0.0375810242207084,0.4012,"19","cholinergic receptor, muscarinic 1, CNS"
"Trappc6b",-0.0375686181068833,0.5138,"12","trafficking protein particle complex 6B"
"Cfap65",0.0375646972945822,0.8816,"1","cilia and flagella associated protein 65"
"Slc12a5",-0.0375643039545501,0.4364,"2","solute carrier family 12, member 5"
"Golph3l",-0.0375598618848816,0.6458,"3","golgi phosphoprotein 3-like"
"Drg2",0.0375570929085729,0.7116,"11","developmentally regulated GTP binding protein 2"
"Rab39b",0.0375452991722227,0.7746,"X","RAB39B, member RAS oncogene family"
"Wasf3",-0.0375448625533519,0.5926,"5","WASP family, member 3"
"Cchcr1",0.0375304761435427,0.7878,"17","coiled-coil alpha-helical rod protein 1"
"Bcor",0.0375284972304009,0.5624,"X","BCL6 interacting corepressor"
"Rnaseh2c",0.0375196316474584,0.7658,"19","ribonuclease H2, subunit C"
"Smg8",0.0375066047829251,0.6484,"11","SMG8 nonsense mediated mRNA decay factor"
"Ldhb",0.0375053736185169,0.6876,"6","lactate dehydrogenase B"
"Pde12",-0.0375015408849793,0.6894,"14","phosphodiesterase 12"
"Fut9",-0.0375001422891517,0.7592,"4","fucosyltransferase 9"
"Ccdc91",0.037495020722389,0.5192,"6","coiled-coil domain containing 91"
"Slitrk2",-0.0374907333192178,0.8012,"X","SLIT and NTRK-like family, member 2"
"B230307C23Rik",0.0374799008194144,0.7464,"16","RIKEN cDNA B230307C23 gene"
"Pfdn1",0.0374758119972727,0.7558,"18","prefoldin 1"
"Lamtor4",0.0374688761427224,0.8194,"5","late endosomal/lysosomal adaptor, MAPK and MTOR activator 4"
"Calm3",0.0374671543885636,0.6582,"7","calmodulin 3"
"Spata5",0.0374664033788195,0.6884,"3","spermatogenesis associated 5"
"Anapc2",0.0374591037948973,0.3316,"2","anaphase promoting complex subunit 2"
"Glce",-0.0374567068383884,0.6952,"9","glucuronyl C5-epimerase"
"Zfp568",0.0374559707488786,0.7494,"7","zinc finger protein 568"
"Efr3b",0.0374545130285568,0.6432,"12","EFR3 homolog B"
"Hadha",-0.0374450108297069,0.5142,"5","hydroxyacyl-CoA dehydrogenase trifunctional multienzyme complex subunit alpha"
"Mkln1",-0.0374372718032143,0.7642,"6","muskelin 1, intracellular mediator containing kelch motifs"
"Arhgap26",-0.037434419493521,0.7184,"18","Rho GTPase activating protein 26"
"Mzt1",-0.0374342285719553,0.685,"14","mitotic spindle organizing protein 1"
"Ddx10",-0.0374318075585327,0.7068,"9","DEAD box helicase 10"
"Col25a1",-0.037426880359412,0.7888,"3","collagen, type XXV, alpha 1"
"Fam118b",0.0374135196772567,0.636,"9","family with sequence similarity 118, member B"
"Exoc1",-0.0374071826673426,0.6354,"5","exocyst complex component 1"
"Neurod6",-0.0374017307985088,0.6734,"6","neurogenic differentiation 6"
"Xrn2",0.0373801616191036,0.7514,"2","5'-3' exoribonuclease 2"
"Eif3c",-0.0373763825012627,0.4508,"7","eukaryotic translation initiation factor 3, subunit C"
"Ring1",0.0373713144331393,0.6906,"17","ring finger protein 1"
"Phlda1",-0.0373691337853486,0.5646,"10","pleckstrin homology like domain, family A, member 1"
"Zkscan14",0.0373598196412832,0.6376,"5","zinc finger with KRAB and SCAN domains 14"
"Rab11a",-0.0373554651930883,0.6034,"9","RAB11A, member RAS oncogene family"
"Ptpn4",-0.0373516123733078,0.8894,"1","protein tyrosine phosphatase, non-receptor type 4"
"Raver2",-0.0373483337895069,0.658,"4","ribonucleoprotein, PTB-binding 2"
"Ankrd28",-0.0373393031035407,0.741,"14","ankyrin repeat domain 28"
"Acss1",-0.0373225458874735,0.5284,"2","acyl-CoA synthetase short-chain family member 1"
"Snu13",0.0373146552992383,0.6066,"15","SNU13 homolog, small nuclear ribonucleoprotein (U4/U6.U5)"
"Chmp7",0.0373145912358659,0.5332,"14","charged multivesicular body protein 7"
"Aff4",-0.0373034977527729,0.7976,"11","AF4/FMR2 family, member 4"
"Nphp3",-0.0372980270112078,0.806,"9","nephronophthisis 3 (adolescent)"
"Asap3",-0.0372755496537525,0.7874,"4","ArfGAP with SH3 domain, ankyrin repeat and PH domain 3"
"Pdxdc1",0.0372735115391922,0.4654,"16","pyridoxal-dependent decarboxylase domain containing 1"
"Cct6a",0.0372672124899927,0.4722,"5","chaperonin containing Tcp1, subunit 6a (zeta)"
"Pank4",0.0372660844917565,0.5858,"4","pantothenate kinase 4"
"Cldn12",-0.0372629657766073,0.5766,"5","claudin 12"
"Abcc1",-0.0372521592528061,0.6602,"16","ATP-binding cassette, sub-family C (CFTR/MRP), member 1"
"Ube2i",0.0372485201331036,0.5104,"17","ubiquitin-conjugating enzyme E2I"
"Cdip1",0.0372421960937395,0.3498,"16","cell death inducing Trp53 target 1"
"Trpc6",-0.0372409473585522,0.757,"9","transient receptor potential cation channel, subfamily C, member 6"
"Bsn",0.0372396936670043,0.7194,"9","bassoon"
"Dynll2",0.0372361443895777,0.4792,"11","dynein light chain LC8-type 2"
"Rasal1",-0.0372269861064503,0.7814,"5","RAS protein activator like 1 (GAP1 like)"
"Anp32a",0.0372265219349632,0.5572,"9","acidic (leucine-rich) nuclear phosphoprotein 32 family, member A"
"Togaram1",-0.0372211455450175,0.8318,"12","TOG array regulator of axonemal microtubules 1"
"Ephx4",0.037216324480668,0.6282,"5","epoxide hydrolase 4"
"Brd1",-0.0372135798041962,0.739,"15","bromodomain containing 1"
"Gipc1",0.0372076607793552,0.7158,"8","GIPC PDZ domain containing family, member 1"
"Nob1",0.0371839312603504,0.6276,"8","NIN1/RPN12 binding protein 1 homolog"
"Luc7l",0.037177645484376,0.5088,"17","Luc7-like"
"5530601H04Rik",-0.0371765564066053,0.7602,"X","RIKEN cDNA 5530601H04 gene"
"Scamp5",0.0371761109393134,0.5382,"9","secretory carrier membrane protein 5"
"Smc3",-0.0371443565794154,0.7588,"19","structural maintenance of chromosomes 3"
"Mrpl16",0.037143706862703,0.6038,"19","mitochondrial ribosomal protein L16"
"Ippk",0.0371420352824474,0.3568,"13","inositol 1,3,4,5,6-pentakisphosphate 2-kinase"
"Rbm25",0.0371399455921368,0.777,"12","RNA binding motif protein 25"
"Rabggtb",-0.0371236832744923,0.6104,"3","Rab geranylgeranyl transferase, b subunit"
"Gtf2e2",0.0371173556044253,0.6116,"8","general transcription factor II E, polypeptide 2 (beta subunit)"
"Pm20d2",0.0371163840165485,0.5486,"4","peptidase M20 domain containing 2"
"Bcl7b",0.0371133084225432,0.7072,"5","B cell CLL/lymphoma 7B"
"Aak1",0.0371072361348261,0.679,"6","AP2 associated kinase 1"
"Fbxo46",0.0371045593743307,0.5706,"7","F-box protein 46"
"Ing1",0.0370970389374587,0.529,"8","inhibitor of growth family, member 1"
"Rapgef1",0.0370930814137136,0.4078,"2","Rap guanine nucleotide exchange factor (GEF) 1"
"Ric8b",-0.0370907206088225,0.4258,"10","RIC8 guanine nucleotide exchange factor B"
"Esrra",-0.0370752911022985,0.53,"19","estrogen related receptor, alpha"
"1700003M07Rik",-0.037045850840105,0.8,"4","RIKEN cDNA 1700003M07 gene"
"Psip1",-0.0370391252248785,0.7728,"4","PC4 and SFRS1 interacting protein 1"
"Kmt5a",0.0370341139435926,0.5364,"5","lysine methyltransferase 5A"
"Samd8",-0.0370316546560137,0.799,"14","sterile alpha motif domain containing 8"
"Necab3",0.0370187083171807,0.737,"2","N-terminal EF-hand calcium binding protein 3"
"Atp6v1g2",0.0370051420082937,0.6362,"17","ATPase, H+ transporting, lysosomal V1 subunit G2"
"Nisch",0.0370050540547755,0.441,"14","nischarin"
"Magee2",0.0370029813313342,0.596,"X","MAGE family member E2"
"Pum1",-0.037001737496194,0.5788,"4","pumilio RNA-binding family member 1"
"Gpr137",0.0370005982939636,0.7216,"19","G protein-coupled receptor 137"
"Gar1",-0.0369995535098266,0.626,"3","GAR1 ribonucleoprotein"
"Myo1c",-0.0369995109558356,0.608,"11","myosin IC"
"Etnk1",-0.0369975271617236,0.746,"6","ethanolamine kinase 1"
"Sos1",-0.0369678078691233,0.7362,"17","SOS Ras/Rac guanine nucleotide exchange factor 1"
"Sfr1",-0.0369636738744816,0.64,"19","SWI5 dependent recombination repair 1"
"Bend4",0.0369586951316907,0.724,"5","BEN domain containing 4"
"Pls3",-0.0369556090977738,0.658,"X","plastin 3 (T-isoform)"
"Ntmt1",0.0369528387775437,0.7366,"2","N-terminal Xaa-Pro-Lys N-methyltransferase 1"
"Ash1l",-0.0369508034048618,0.7932,"3","ASH1 like histone lysine methyltransferase"
"Mettl1",-0.0369368064180233,0.5664,"10","methyltransferase like 1"
"Fgd1",-0.0369234626601349,0.6024,"X","FYVE, RhoGEF and PH domain containing 1"
"Ttc7b",0.0369226394786493,0.379,"12","tetratricopeptide repeat domain 7B"
"Krr1",-0.0369162534318663,0.4902,"10","KRR1, small subunit (SSU) processome component, homolog (yeast)"
"Dap3",0.0369151068392881,0.641,"3","death associated protein 3"
"Cacnb4",-0.0369150950329162,0.7358,"2","calcium channel, voltage-dependent, beta 4 subunit"
"Edc4",0.0368994476846787,0.5938,"8","enhancer of mRNA decapping 4"
"Arhgap18",0.0368808638566418,0.7484,"10","Rho GTPase activating protein 18"
"Kcnf1",0.0368769453689888,0.7586,"12","potassium voltage-gated channel, subfamily F, member 1"
"Med30",0.0368668089140556,0.6796,"15","mediator complex subunit 30"
"Sarm1",0.0368601215713831,0.4364,"11","sterile alpha and HEAT/Armadillo motif containing 1"
"Leng1",0.0368469853602518,0.7528,"7","leukocyte receptor cluster (LRC) member 1"
"Rev1",-0.0368401921329307,0.7794,"1","REV1, DNA directed polymerase"
"Zfp239",-0.0368329953592204,0.586,"6","zinc finger protein 239"
"Trir",0.0368282092805625,0.7486,"8","telomerase RNA component interacting RNase"
"Ppp1r21",0.0368256758170036,0.3578,"17","protein phosphatase 1, regulatory subunit 21"
"Gng8",-0.0368004629883841,0.8858,"7","guanine nucleotide binding protein (G protein), gamma 8"
"Nipbl",-0.0367985779601145,0.7408,"15","NIPBL cohesin loading factor"
"Arpc3",0.0367898024564886,0.6362,"5","actin related protein 2/3 complex, subunit 3"
"Lrrn3",0.0367890974970235,0.5968,"12","leucine rich repeat protein 3, neuronal"
"Dpf2",0.0367851460232167,0.4896,"19","double PHD fingers 2"
"Rpain",0.0367771203587108,0.7098,"11","RPA interacting protein"
"Scp2",0.0367658977424865,0.627,"4","sterol carrier protein 2, liver"
"Scgn",0.0367548096999772,0.8584,"13","secretagogin, EF-hand calcium binding protein"
"Dnajc3",-0.0367547994310184,0.7008,"14","DnaJ heat shock protein family (Hsp40) member C3"
"Bzw1",-0.0367544206926622,0.6448,"1","basic leucine zipper and W2 domains 1"
"Dusp1",-0.0367370654853243,0.743,"17","dual specificity phosphatase 1"
"Susd6",-0.0367291030726253,0.6956,"12","sushi domain containing 6"
"Rps13",0.0367253934606673,0.7808,"7","ribosomal protein S13"
"Mettl2",0.0367061156053992,0.5036,"11","methyltransferase like 2"
"Mta1",0.0366966154266217,0.5674,"12","metastasis associated 1"
"Itfg2",0.0366901013397722,0.5614,"6","integrin alpha FG-GAP repeat containing 2"
"Snrpb",-0.0366679369444203,0.6218,"2","small nuclear ribonucleoprotein B"
"Mcl1",-0.0366654615178819,0.3936,"3","myeloid cell leukemia sequence 1"
"2610306M01Rik",0.0366488475022009,0.8158,"6","RIKEN cDNA 2610306M01 gene"
"Glud1",0.0366424548938626,0.5836,"14","glutamate dehydrogenase 1"
"Ankrd26",-0.0366380071023578,0.8094,"6","ankyrin repeat domain 26"
"Ccdc40",-0.0366188081852301,0.7966,"11","coiled-coil domain containing 40"
"Gabrb1",0.0366186610235584,0.6396,"5","gamma-aminobutyric acid (GABA) A receptor, subunit beta 1"
"Bri3",0.0366162869594424,0.7936,"5","brain protein I3"
"Fbxo10",-0.0366118753213573,0.5268,"4","F-box protein 10"
"Lpcat1",-0.0365886476023078,0.4176,"13","lysophosphatidylcholine acyltransferase 1"
"Grip2",-0.0365870759951763,0.6948,"6","glutamate receptor interacting protein 2"
"Set",0.0365809377737545,0.4798,"2","SET nuclear oncogene"
"Pcdhb22",-0.0365744970059649,0.7602,"18","protocadherin beta 22"
"Arcn1",-0.0365743529156406,0.7654,"9","archain 1"
"Nf2",0.0365729113253819,0.4924,"11","neurofibromin 2"
"Ggh",-0.0365607470273459,0.7588,"4","gamma-glutamyl hydrolase"
"Gba",0.0365157297469629,0.5592,"3","glucosidase, beta, acid"
"Cdkn2d",0.0365129231476633,0.722,"9","cyclin dependent kinase inhibitor 2D"
"Ccdc62",-0.0365121717245944,0.8102,"5","coiled-coil domain containing 62"
"Ppp4r3b",-0.0364988923383551,0.7298,"11","protein phosphatase 4 regulatory subunit 3B"
"Pnrc1",-0.0364981127381423,0.652,"4","proline-rich nuclear receptor coactivator 1"
"Pdxk",0.0364978889218657,0.565,"10","pyridoxal (pyridoxine, vitamin B6) kinase"
"Ube2q1",0.0364942458987958,0.4008,"3","ubiquitin-conjugating enzyme E2Q family member 1"
"Mphosph8",-0.0364903496650859,0.77,"14","M-phase phosphoprotein 8"
"Wdr66",0.0364840161384228,0.7626,"5","WD repeat domain 66"
"Prmt2",-0.0364754362825828,0.5026,"10","protein arginine N-methyltransferase 2"
"Gm45871",-0.0364687506635177,0.6916,"18","predicted gene 45871"
"Jkamp",-0.0364686264356635,0.5248,"12","JNK1/MAPK8-associated membrane protein"
"Dnajc28",-0.0364677264799664,0.665,"16","DnaJ heat shock protein family (Hsp40) member C28"
"Med10",0.0364647592681848,0.7198,"13","mediator complex subunit 10"
"Rbbp9",-0.0364625283121702,0.5738,"2","retinoblastoma binding protein 9, serine hydrolase"
"Senp8",-0.036449588372951,0.6012,"9","SUMO peptidase family member, NEDD8 specific"
"Adam12",-0.0364459045759347,0.8118,"7","a disintegrin and metallopeptidase domain 12 (meltrin alpha)"
"Lemd2",0.0364358161836913,0.4466,"17","LEM domain containing 2"
"2810004N23Rik",0.0364326320302553,0.6212,"8","RIKEN cDNA 2810004N23 gene"
"Wdr17",-0.0364312419040083,0.6086,"8","WD repeat domain 17"
"Hdac7",-0.0364280858883168,0.818,"15","histone deacetylase 7"
"Tor1aip1",-0.0364181451659578,0.3148,"1","torsin A interacting protein 1"
"Akt2",0.0364024556924454,0.4738,"7","thymoma viral proto-oncogene 2"
"Rprd2",-0.0364022321246962,0.6306,"3","regulation of nuclear pre-mRNA domain containing 2"
"Tgoln1",0.0363969503658383,0.3124,"6","trans-golgi network protein"
"Csnk1e",-0.0363943222871761,0.5976,"15","casein kinase 1, epsilon"
"Spag5",-0.0363927261639199,0.7988,"11","sperm associated antigen 5"
"Trmt44",-0.0363811870225179,0.7008,"5","tRNA methyltransferase 44"
"Entpd2",-0.0363800508935603,0.7638,"2","ectonucleoside triphosphate diphosphohydrolase 2"
"Sdhc",0.0363770473679024,0.6804,"1","succinate dehydrogenase complex, subunit C, integral membrane protein"
"1300002E11Rik",0.0363740753521427,0.6846,"16","RIKEN cDNA 1300002E11 gene"
"Slc48a1",0.0363737459056344,0.7602,"15","solute carrier family 48 (heme transporter), member 1"
"Aldh3a2",-0.0363550213754964,0.3906,"11","aldehyde dehydrogenase family 3, subfamily A2"
"Rgs8",0.0363533445596707,0.5878,"1","regulator of G-protein signaling 8"
"Cisd2",0.0363520434869287,0.365,"3","CDGSH iron sulfur domain 2"
"Uba2",-0.0363518575100272,0.618,"7","ubiquitin-like modifier activating enzyme 2"
"Lrrc14b",0.0363475374663083,0.822,"13","leucine rich repeat containing 14B"
"Ehmt1",0.0363465599022676,0.5636,"2","euchromatic histone methyltransferase 1"
"Tubgcp2",0.036325098711675,0.4192,"7","tubulin, gamma complex associated protein 2"
"Supt20",-0.0363202242265386,0.7106,"3","SPT20 SAGA complex component"
"Gpd1l",0.0363126342549727,0.359,"9","glycerol-3-phosphate dehydrogenase 1-like"
"Zfp763",0.0363099447841093,0.6476,"17","zinc finger protein 763"
"Nif3l1",0.0363023602527681,0.551,"1","Ngg1 interacting factor 3-like 1 (S. pombe)"
"Wdtc1",0.0363005055710541,0.691,"4","WD and tetratricopeptide repeats 1"
"Srsf5",-0.0362899752816546,0.8302,"12","serine and arginine-rich splicing factor 5"
"Rpf2",-0.0362757640570743,0.6062,"10","ribosome production factor 2 homolog"
"Hdac2",0.0362609980157318,0.664,"10","histone deacetylase 2"
"Atrx",-0.0362595115841913,0.8444,"X","ATRX, chromatin remodeler"
"Cfap43",0.0362554736835996,0.8356,"19","cilia and flagella associated protein 43"
"Hsd3b7",0.0362468471925941,0.6908,"7","hydroxy-delta-5-steroid dehydrogenase, 3 beta- and steroid delta-isomerase 7"
"Tmem145",-0.0362359736602498,0.794,"7","transmembrane protein 145"
"Zfp326",-0.0362316466100303,0.7278,"5","zinc finger protein 326"
"St3gal3",0.0362305460507715,0.7178,"4","ST3 beta-galactoside alpha-2,3-sialyltransferase 3"
"Fah",-0.0362296365699661,0.7088,"7","fumarylacetoacetate hydrolase"
"Zfp451",-0.0362129320033011,0.6968,"1","zinc finger protein 451"
"Rad9a",0.0362088694723699,0.6174,"19","RAD9 checkpoint clamp component A"
"Apex1",0.0362036448603327,0.5562,"14","apurinic/apyrimidinic endonuclease 1"
"2700049A03Rik",-0.0362009708302513,0.6876,"12","RIKEN cDNA 2700049A03 gene"
"Dlc1",-0.0361979407445876,0.6372,"8","deleted in liver cancer 1"
"Nudt17",0.0361631127602502,0.7232,"3","nudix (nucleoside diphosphate linked moiety X)-type motif 17"
"Tet2",-0.0361630052900646,0.8138,"3","tet methylcytosine dioxygenase 2"
"Asxl3",0.0361606915807315,0.7856,"18","ASXL transcriptional regulator 3"
"Rarg",0.0361533689762128,0.652,"15","retinoic acid receptor, gamma"
"Slc43a2",-0.0361408340226843,0.5064,"11","solute carrier family 43, member 2"
"Ly86",-0.0361355185059906,0.9096,"13","lymphocyte antigen 86"
"Rars2",0.0361318843035896,0.6782,"4","arginyl-tRNA synthetase 2, mitochondrial"
"Atp5g3",0.0361247131331526,0.6464,"2","ATP synthase, H+ transporting, mitochondrial F0 complex, subunit C3 (subunit 9)"
"Ahcyl1",0.0361231834367306,0.3484,"3","S-adenosylhomocysteine hydrolase-like 1"
"Atp1a3",-0.036111715849195,0.511,"7","ATPase, Na+/K+ transporting, alpha 3 polypeptide"
"Atg2a",0.0361037408586711,0.6652,"19","autophagy related 2A"
"Cdc42bpa",0.0360994346322698,0.5182,"1","CDC42 binding protein kinase alpha"
"Arap1",-0.0360951974673913,0.72,"7","ArfGAP with RhoGAP domain, ankyrin repeat and PH domain 1"
"Lrp4",-0.0360907044490846,0.445,"2","low density lipoprotein receptor-related protein 4"
"Pcmtd1",0.0360826684448741,0.5184,"1","protein-L-isoaspartate (D-aspartate) O-methyltransferase domain containing 1"
"Tafa1",0.0360571011463691,0.5058,"6","TAFA chemokine like family member 1"
"Atp8b2",0.0360510509357157,0.7052,"3","ATPase, class I, type 8B, member 2"
"Prkar2b",-0.0360426782903733,0.6044,"12","protein kinase, cAMP dependent regulatory, type II beta"
"Isca1",0.0360306786591611,0.563,"13","iron-sulfur cluster assembly 1"
"Desi1",0.0360259981856323,0.6902,"15","desumoylating isopeptidase 1"
"Prdm4",-0.0360145266613863,0.4902,"10","PR domain containing 4"
"Pgr",0.0360057481021596,0.803,"9","progesterone receptor"
"Dhx8",0.036004338373794,0.4612,"11","DEAH (Asp-Glu-Ala-His) box polypeptide 8"
"Glrx",0.0359887509648944,0.7162,"13","glutaredoxin"
"Ppp1r12b",0.0359804576528653,0.5066,"1","protein phosphatase 1, regulatory subunit 12B"
"Cyth1",0.0359721857700182,0.4128,"11","cytohesin 1"
"Ak1",0.0359706946465561,0.6712,"2","adenylate kinase 1"
"Ino80dos",-0.0359687965885076,0.7816,"1","INO80 complex subunit D, opposite strand"
"Socs5",0.035963504706789,0.4644,"17","suppressor of cytokine signaling 5"
"Kdm4c",-0.0359574939542213,0.832,"4","lysine (K)-specific demethylase 4C"
"Eif4e",0.0359545925425335,0.6032,"3","eukaryotic translation initiation factor 4E"
"Tfr2",-0.0359482651134084,0.767,"5","transferrin receptor 2"
"Cbx4",0.035944324079022,0.5152,"11","chromobox 4"
"Serpine2",0.0359288010459151,0.6942,"1","serine (or cysteine) peptidase inhibitor, clade E, member 2"
"Rrn3",-0.0359149875391411,0.3502,"16","RRN3 RNA polymerase I transcription factor homolog (yeast)"
"Lurap1l",0.035909430840694,0.6884,"4","leucine rich adaptor protein 1-like"
"Gpr62",0.0358997940348056,0.7934,"9","G protein-coupled receptor 62"
"Mylk",0.035898529019903,0.756,"16","myosin, light polypeptide kinase"
"Rbbp4",0.0358965079268341,0.4616,"4","retinoblastoma binding protein 4, chromatin remodeling factor"
"Pex13",0.0358958734615635,0.528,"11","peroxisomal biogenesis factor 13"
"Tub",0.035891789496528,0.7122,"7","tubby bipartite transcription factor"
"Sowaha",0.0358895945251607,0.676,"11","sosondowah ankyrin repeat domain family member A"
"Ubxn1",0.0358791653780024,0.7694,"19","UBX domain protein 1"
"Rps4x",0.0358673446266309,0.8022,"X","ribosomal protein S4, X-linked"
"Bcl9l",0.0358415886478554,0.5902,"9","B cell CLL/lymphoma 9-like"
"Emc7",0.0358266505393559,0.536,"2","ER membrane protein complex subunit 7"
"Alad",0.0358130512598125,0.6636,"4","aminolevulinate, delta-, dehydratase"
"Lair1",-0.0358124291014563,0.8166,"7","leukocyte-associated Ig-like receptor 1"
"Uqcrh",0.0358037412474204,0.7658,"4","ubiquinol-cytochrome c reductase hinge protein"
"Ptgfrn",-0.0357946976055814,0.7754,"3","prostaglandin F2 receptor negative regulator"
"Riok2",-0.0357921807621016,0.5874,"17","RIO kinase 2"
"Gm14305",-0.0357772049480065,0.8082,"2","predicted gene 14305"
"Klf11",-0.0357553109245607,0.664,"12","Kruppel-like factor 11"
"Rab27a",0.0357519400403414,0.6988,"9","RAB27A, member RAS oncogene family"
"Ankrd45",-0.0357496798679984,0.8494,"1","ankyrin repeat domain 45"
"Vta1",0.0357433139186227,0.4828,"10","vesicle (multivesicular body) trafficking 1"
"Vta1",0.0357433139186227,0.4828,"10","vesicle (multivesicular body) trafficking 1"
"Pkd2",-0.0357389033029767,0.704,"5","polycystin 2, transient receptor potential cation channel"
"Slc45a1",0.0357262573259236,0.5424,"4","solute carrier family 45, member 1"
"Emc10",0.0357195772937153,0.732,"7","ER membrane protein complex subunit 10"
"Smim12",0.0357191018353467,0.7612,"4","small integral membrane protein 12"
"Arfip2",0.035717372424247,0.4446,"7","ADP-ribosylation factor interacting protein 2"
"Ywhah",0.0357115962651715,0.5674,"5","tyrosine 3-monooxygenase/tryptophan 5-monooxygenase activation protein, eta polypeptide"
"Asah2",-0.0356997675297941,0.7754,"19","N-acylsphingosine amidohydrolase 2"
"Ppp2r1a",0.0356997326931214,0.6948,"17","protein phosphatase 2, regulatory subunit A, alpha"
"Dus3l",0.0356940960164414,0.724,"17","dihydrouridine synthase 3-like (S. cerevisiae)"
"Kcnj2",0.0356760685797939,0.7016,"11","potassium inwardly-rectifying channel, subfamily J, member 2"
"Gpatch8",-0.0356749271836225,0.7918,"11","G patch domain containing 8"
"Plpp6",0.035662962569365,0.5258,"19","phospholipid phosphatase 6"
"Isca2",-0.0356442856987647,0.625,"12","iron-sulfur cluster assembly 2"
"Phtf1",0.0356420053158226,0.518,"3","putative homeodomain transcription factor 1"
"Jag1",-0.035639627579604,0.7224,"2","jagged 1"
"Vcpip1",0.0356334816308888,0.7594,"1","valosin containing protein (p97)/p47 complex interacting protein 1"
"Aco2",0.0356307386879706,0.5816,"15","aconitase 2, mitochondrial"
"Homez",0.035623153883908,0.7346,"14","homeodomain leucine zipper-encoding gene"
"Palm3",0.0356209073821645,0.7876,"8","paralemmin 3"
"Dpf1",0.0356154800527664,0.6808,"7","double PHD fingers 1"
"Slc39a2",-0.0356098233659976,0.8712,"14","solute carrier family 39 (zinc transporter), member 2"
"Tdo2",-0.0356046243258783,0.8102,"3","tryptophan 2,3-dioxygenase"
"Smn1",0.0356041263994644,0.6792,"13","survival motor neuron 1"
"Cep290",-0.0356018816319716,0.8068,"10","centrosomal protein 290"
"Cox6c",0.035595932041673,0.7932,"15","cytochrome c oxidase subunit 6C"
"Ift140",0.0355915180887925,0.6842,"17","intraflagellar transport 140"
"Nfyc",0.0355874332964303,0.6236,"4","nuclear transcription factor-Y gamma"
"Zdhhc15",0.035586386873478,0.653,"X","zinc finger, DHHC domain containing 15"
"Hectd1",-0.0355831702561735,0.7742,"12","HECT domain E3 ubiquitin protein ligase 1"
"Kcnq4",0.0355789166039027,0.7452,"4","potassium voltage-gated channel, subfamily Q, member 4"
"Tpp1",-0.0355780583489107,0.4874,"7","tripeptidyl peptidase I"
"Lgi2",-0.0355681927397882,0.7852,"5","leucine-rich repeat LGI family, member 2"
"Recql4",-0.0355593191827026,0.8274,"15","RecQ protein-like 4"
"Cnot6l",-0.0355517227206343,0.708,"5","CCR4-NOT transcription complex, subunit 6-like"
"Plxnb2",-0.0355482102570805,0.6086,"15","plexin B2"
"Wdr45",0.0355478047894433,0.5512,"X","WD repeat domain 45"
"Syt17",-0.0355433458802912,0.604,"7","synaptotagmin XVII"
"Pdpk1",-0.0355380447658247,0.7942,"17","3-phosphoinositide dependent protein kinase 1"
"Mboat2",-0.0355323790390321,0.605,"12","membrane bound O-acyltransferase domain containing 2"
"Frmpd3",0.0355220384528456,0.5796,"X","FERM and PDZ domain containing 3"
"Evi5",-0.0355211213449724,0.5992,"5","ecotropic viral integration site 5"
"Etv3",-0.0355193811363286,0.7482,"3","ets variant 3"
"Kansl3",0.0355136369033726,0.4108,"1","KAT8 regulatory NSL complex subunit 3"
"Sgsm3",0.0355097623850931,0.474,"15","small G protein signaling modulator 3"
"Ndufb6",0.0355073901973428,0.73,"4","NADH:ubiquinone oxidoreductase subunit B6"
"Mrpl39",-0.0354893481285981,0.589,"16","mitochondrial ribosomal protein L39"
"Npat",-0.0354877087933794,0.7526,"9","nuclear protein in the AT region"
"Mcm7",0.0354824475961113,0.5776,"5","minichromosome maintenance complex component 7"
"Pdss1",0.0354673524943165,0.7266,"2","prenyl (solanesyl) diphosphate synthase, subunit 1"
"Rnf128",0.0354663795523296,0.5856,"X","ring finger protein 128"
"Rap1gap",0.0354655838665163,0.4782,"4","Rap1 GTPase-activating protein"
"Anln",-0.0354642818695767,0.8222,"9","anillin, actin binding protein"
"Camk2d",-0.035462092842387,0.6848,"3","calcium/calmodulin-dependent protein kinase II, delta"
"Nnt",0.0354399334075399,0.717,"13","nicotinamide nucleotide transhydrogenase"
"Ptma",0.0354263256499401,0.7364,"1","prothymosin alpha"
"Phyh",-0.0354134519021194,0.6122,"2","phytanoyl-CoA hydroxylase"
"Sipa1l2",-0.0354123256462309,0.765,"8","signal-induced proliferation-associated 1 like 2"
"Fcho1",0.0353984028846757,0.6802,"8","FCH domain only 1"
"Tmem87b",0.0353762991690596,0.3926,"2","transmembrane protein 87B"
"Slc25a22",0.0353700413461251,0.61,"7","solute carrier family 25 (mitochondrial carrier, glutamate), member 22"
"Rars",0.0353688718715341,0.4786,"11","arginyl-tRNA synthetase"
"Armcx2",0.035364147371971,0.4752,"X","armadillo repeat containing, X-linked 2"
"Mrpl43",0.0353537529702028,0.7614,"19","mitochondrial ribosomal protein L43"
"Pcf11",-0.0353527949346546,0.7988,"7","PCF11 cleavage and polyadenylation factor subunit"
"Lrig2",0.0353475634213636,0.6514,"3","leucine-rich repeats and immunoglobulin-like domains 2"
"Cdh6",-0.0353427604709249,0.86,"15","cadherin 6"
"Lrrn2",0.0353300653135555,0.581,"1","leucine rich repeat protein 2, neuronal"
"Lin7b",0.0353250964766305,0.766,"7","lin-7 homolog B, crumbs cell polarity complex component"
"Mdh2",0.0353179453519168,0.7258,"5","malate dehydrogenase 2, NAD (mitochondrial)"
"Ksr2",-0.0353175278394722,0.893,"5","kinase suppressor of ras 2"
"Adck2",0.035304529137556,0.5484,"6","aarF domain containing kinase 2"
"Slc22a4",-0.03530449727098,0.7694,"11","solute carrier family 22 (organic cation transporter), member 4"
"Rab5if",0.0353031733022986,0.635,"2","RAB5 interacting factor"
"Ncbp3",0.0352907795774602,0.5594,"11","nuclear cap binding subunit 3"
"Eny2",0.0352899953952894,0.5618,"15","ENY2 transcription and export complex 2 subunit"
"Ywhae",0.0352780328305062,0.4926,"11","tyrosine 3-monooxygenase/tryptophan 5-monooxygenase activation protein, epsilon polypeptide"
"Prkci",-0.0352613720742987,0.829,"3","protein kinase C, iota"
"Fbxo28",0.0352586170790126,0.2056,"1","F-box protein 28"
"Kdm5b",0.0352538022657676,0.3744,"1","lysine (K)-specific demethylase 5B"
"Kdm7a",-0.0352512405209184,0.8412,"6","lysine (K)-specific demethylase 7A"
"Sp4",-0.0352490789752036,0.7334,"12","trans-acting transcription factor 4"
"Cherp",-0.0352465468818179,0.5902,"8","calcium homeostasis endoplasmic reticulum protein"
"Col20a1",-0.0352429838674442,0.809,"2","collagen, type XX, alpha 1"
"Plekha8",0.035233935459118,0.6652,"6","pleckstrin homology domain containing, family A (phosphoinositide binding specific) member 8"
"Hpf1",0.0352258192131849,0.5918,"8","histone PARylation factor 1"
"Setd5",-0.0351886099451173,0.7232,"6","SET domain containing 5"
"Txnl4b",-0.0351885829203251,0.7838,"8","thioredoxin-like 4B"
"Ly6a",-0.0351833572438118,0.7566,"15","lymphocyte antigen 6 complex, locus A"
"Rsrc1",0.0351782016313384,0.3862,"3","arginine/serine-rich coiled-coil 1"
"Ak5",0.0351698797541147,0.554,"3","adenylate kinase 5"
"Msh3",0.0351696161952466,0.4544,"13","mutS homolog 3"
"Zc3h7b",0.0351591537997908,0.4506,"15","zinc finger CCCH type containing 7B"
"Cdc37",0.0351564198375813,0.6922,"9","cell division cycle 37"
"Zfp68",0.035151916537667,0.4232,"5","zinc finger protein 68"
"Spry1",0.0351502872513558,0.5654,"3","sprouty RTK signaling antagonist 1"
"Rbl2",0.035137951629304,0.6534,"8","RB transcriptional corepressor like 2"
"R3hcc1",0.0351351411596363,0.7312,"14","R3H domain and coiled-coil containing 1"
"Bzw2",0.0351336420618944,0.7006,"12","basic leucine zipper and W2 domains 2"
"Slc50a1",0.0351278378027793,0.7398,"3","solute carrier family 50 (sugar transporter), member 1"
"Enpp4",0.0351261454152656,0.7358,"17","ectonucleotide pyrophosphatase/phosphodiesterase 4"
"Btbd9",0.035111596040835,0.5056,"17","BTB (POZ) domain containing 9"
"Spcs1",0.0351068027954291,0.6424,"14","signal peptidase complex subunit 1 homolog (S. cerevisiae)"
"Rab11fip2",0.0351046326439066,0.7478,"19","RAB11 family interacting protein 2 (class I)"
"Sf3b1",0.0351009319204429,0.6912,"1","splicing factor 3b, subunit 1"
"Pdgfa",0.0350980786135144,0.7476,"5","platelet derived growth factor, alpha"
"Brinp2",0.0350960847870621,0.565,"1","bone morphogenic protein/retinoic acid inducible neural-specific 2"
"Slc26a2",0.0350857729738044,0.9114,"18","solute carrier family 26 (sulfate transporter), member 2"
"Zbtb8a",0.0350827830597793,0.653,"4","zinc finger and BTB domain containing 8a"
"Lrfn4",0.0350802597067315,0.4584,"19","leucine rich repeat and fibronectin type III domain containing 4"
"Hipk3",-0.0350754263621011,0.6442,"2","homeodomain interacting protein kinase 3"
"Rfx7",-0.0350749147617826,0.795,"9","regulatory factor X, 7"
"Micos10",0.0350647665064967,0.736,"4","mitochondrial contact site and cristae organizing system subunit 10"
"BC003965",0.0350614160335851,0.5686,"17","cDNA sequence BC003965"
"Cryzl2",0.0350601040078051,0.8392,"1","crystallin zeta like 2"
"Fmnl1",0.0350383640338485,0.6084,"11","formin-like 1"
"Rap2b",0.0350373389655907,0.471,"3","RAP2B, member of RAS oncogene family"
"Hadhb",0.0350226328121899,0.6154,"5","hydroxyacyl-CoA dehydrogenase trifunctional multienzyme complex subunit beta"
"Alg14",0.0350194167502718,0.6788,"3","asparagine-linked glycosylation 14"
"Hspbap1",-0.0350125964658652,0.6188,"16","Hspb associated protein 1"
"Zfp869",0.0349975356897287,0.3136,"8","zinc finger protein 869"
"Stambpl1",0.0349927669231733,0.5432,"19","STAM binding protein like 1"
"Chd4",0.0349873641235234,0.4712,"6","chromodomain helicase DNA binding protein 4"
"H2ax",0.0349811539641047,0.754,"9","H2A.X variant histone"
"Api5",0.0349716699636105,0.3934,"2","apoptosis inhibitor 5"
"Hmgn3",0.0349650287586218,0.6954,"9","high mobility group nucleosomal binding domain 3"
"Mtmr2",-0.034960898327701,0.672,"9","myotubularin related protein 2"
"Lmbrd1",-0.0349519919900914,0.3446,"1","LMBR1 domain containing 1"
"Tmem219",0.0349345125837197,0.717,"7","transmembrane protein 219"
"Rhov",0.0349260216736267,0.751,"2","ras homolog family member V"
"Pttg1",-0.0349072863869893,0.748,"11","pituitary tumor-transforming gene 1"
"Pcyox1l",-0.0349035157260165,0.6928,"18","prenylcysteine oxidase 1 like"
"Zfp7",0.0348947622586073,0.67,"15","zinc finger protein 7"
"Arf3",0.0348878131237917,0.6182,"15","ADP-ribosylation factor 3"
"Tspan31",0.034884482441166,0.7046,"10","tetraspanin 31"
"Med21",0.0348719768603871,0.679,"6","mediator complex subunit 21"
"Serpina3n",0.034856237087264,0.5822,"12","serine (or cysteine) peptidase inhibitor, clade A, member 3N"
"Pigz",-0.0348553608955884,0.7994,"16","phosphatidylinositol glycan anchor biosynthesis, class Z"
"Itgb1bp1",0.0348230480604044,0.641,"12","integrin beta 1 binding protein 1"
"Itgb1bp1",0.0348230480604044,0.641,"12","integrin beta 1 binding protein 1"
"Gpbp1l1",-0.0347925723122788,0.4724,"4","GC-rich promoter binding protein 1-like 1"
"Xbp1",-0.0347711229665686,0.727,"11","X-box binding protein 1"
"Pik3r1",-0.0347666612841451,0.584,"13","phosphoinositide-3-kinase regulatory subunit 1"
"Xylb",-0.0347628918761136,0.7472,"9","xylulokinase homolog (H. influenzae)"
"Cldn11",0.0347592370171261,0.8082,"3","claudin 11"
"Tmem50a",0.034758577389745,0.6682,"4","transmembrane protein 50A"
"Lrrfip1",0.0347546086121842,0.6694,"1","leucine rich repeat (in FLII) interacting protein 1"
"Tbce",0.0347493059246586,0.7686,"13","tubulin-specific chaperone E"
"Ilvbl",-0.0347359370299976,0.5984,"10","ilvB (bacterial acetolactate synthase)-like"
"Nova1",0.0347241369488218,0.5878,"12","NOVA alternative splicing regulator 1"
"Bms1",0.0347206930543393,0.6752,"6","BMS1, ribosome biogenesis factor"
"Rnf10",0.0347204325494026,0.7174,"5","ring finger protein 10"
"Mturn",0.0347124418394049,0.6326,"6","maturin, neural progenitor differentiation regulator homolog (Xenopus)"
"Oxsr1",0.0347112329090722,0.7844,"9","oxidative-stress responsive 1"
"Nrip1",-0.0347101245389743,0.7482,"16","nuclear receptor interacting protein 1"
"Galnt11",0.0347095696515947,0.5776,"5","polypeptide N-acetylgalactosaminyltransferase 11"
"Azi2",0.0347091751415078,0.2764,"9","5-azacytidine induced gene 2"
"Pdcd4",0.0347051275878867,0.499,"19","programmed cell death 4"
"Svip",0.0346939099963146,0.6668,"7","small VCP/p97-interacting protein"
"Coro2b",0.034692432843709,0.5916,"9","coronin, actin binding protein, 2B"
"Zfp810",0.0346745482975201,0.674,"9","zinc finger protein 810"
"Grik4",0.0346520680213809,0.7136,"9","glutamate receptor, ionotropic, kainate 4"
"Hexdc",0.0346510314386048,0.7554,"11","hexosaminidase (glycosyl hydrolase family 20, catalytic domain) containing"
"Blvrb",-0.0346342416844427,0.8134,"7","biliverdin reductase B (flavin reductase (NADPH))"
"Lrrc20",-0.0346336532849065,0.5778,"10","leucine rich repeat containing 20"
"Ctxn2",0.0346178949747697,0.8208,"2","cortexin 2"
"Ccnh",-0.0345813702436129,0.7436,"13","cyclin H"
"0610030E20Rik",-0.034581173674427,0.6758,"6","RIKEN cDNA 0610030E20 gene"
"Xrcc4",0.0345761527908492,0.6834,"13","X-ray repair complementing defective repair in Chinese hamster cells 4"
"Pus10",-0.0345686208175877,0.752,"11","pseudouridylate synthase 10"
"Ttbk1",0.0345657728773432,0.6254,"17","tau tubulin kinase 1"
"Utp20",0.0345472180970248,0.7634,"10","UTP20 small subunit processome component"
"Ankhd1",-0.0345334944765634,0.8432,"18","ankyrin repeat and KH domain containing 1"
"Ppil3",-0.0345324489056922,0.6542,"1","peptidylprolyl isomerase (cyclophilin)-like 3"
"Kif5c",0.0345207659375397,0.5388,"2","kinesin family member 5C"
"Ccdc106",0.0345187311651394,0.7016,"7","coiled-coil domain containing 106"
"Hspa4l",-0.0345174102322101,0.8202,"3","heat shock protein 4 like"
"Igfbp4",-0.0345079593107283,0.7624,"11","insulin-like growth factor binding protein 4"
"Mcm6",0.0345061668691971,0.5838,"1","minichromosome maintenance complex component 6"
"Eepd1",0.0344937989712957,0.6526,"9","endonuclease/exonuclease/phosphatase family domain containing 1"
"Praf2",0.0344926965985728,0.6722,"X","PRA1 domain family 2"
"Gmds",-0.0344835627359856,0.6904,"13","GDP-mannose 4, 6-dehydratase"
"Rgma",0.0344829346681745,0.6714,"7","repulsive guidance molecule family member A"
"Relch",0.0344773367251907,0.7688,"1","RAB11 binding and LisH domain, coiled-coil and HEAT repeat containing"
"Polr2g",0.0344629608874474,0.7168,"19","polymerase (RNA) II (DNA directed) polypeptide G"
"Armt1",-0.0344594385184642,0.5012,"10","acidic residue methyltransferase 1"
"Hnrnpa0",0.0344566365599173,0.5592,"13","heterogeneous nuclear ribonucleoprotein A0"
"Htr7",-0.0344431303189845,0.7754,"19","5-hydroxytryptamine (serotonin) receptor 7"
"Akap11",-0.0344426151874844,0.7834,"14","A kinase (PRKA) anchor protein 11"
"Slco1a4",-0.0344363903053626,0.807,"6","solute carrier organic anion transporter family, member 1a4"
"Mtus2",-0.0344241667485505,0.6644,"5","microtubule associated tumor suppressor candidate 2"
"Lrch2",0.0343896822538241,0.7664,"X","leucine-rich repeats and calponin homology (CH) domain containing 2"
"Sorbs3",-0.0343768350260456,0.7672,"14","sorbin and SH3 domain containing 3"
"Etv4",0.0343750601800874,0.6592,"11","ets variant 4"
"Tceal8",-0.0343623256718324,0.6822,"X","transcription elongation factor A (SII)-like 8"
"Terf1",-0.0343607617569499,0.6926,"1","telomeric repeat binding factor 1"
"Arhgef7",0.0343573927675864,0.365,"8","Rho guanine nucleotide exchange factor (GEF7)"
"Crem",0.0343565120199454,0.6644,"18","cAMP responsive element modulator"
"Tmed4",0.0343492250147746,0.387,"11","transmembrane p24 trafficking protein 4"
"Adra1d",-0.0343479998509668,0.565,"2","adrenergic receptor, alpha 1d"
"Elfn2",0.0343470277351887,0.655,"15","leucine rich repeat and fibronectin type III, extracellular 2"
"Ncstn",-0.0343457750823752,0.6064,"1","nicastrin"
"Dhx36",-0.0343420622813504,0.822,"3","DEAH (Asp-Glu-Ala-His) box polypeptide 36"
"Thoc5",0.03434019210858,0.497,"11","THO complex 5"
"Kcnab1",-0.0343389233465645,0.7236,"3","potassium voltage-gated channel, shaker-related subfamily, beta member 1"
"Rab4b",0.034338735981823,0.7746,"7","RAB4B, member RAS oncogene family"
"Zfp511",0.0343358533370042,0.7342,"7","zinc finger protein 511"
"Pebp1",0.0343329887970389,0.7272,"5","phosphatidylethanolamine binding protein 1"
"Ikbkg",0.0343327205563675,0.4664,"X","inhibitor of kappaB kinase gamma"
"Qtrt2",0.0343289110574254,0.7676,"16","queuine tRNA-ribosyltransferase accessory subunit 2"
"Tecr",0.0343285835733891,0.7122,"8","trans-2,3-enoyl-CoA reductase"
"Wdr4",0.0343256564152448,0.6412,"17","WD repeat domain 4"
"Atp2c1",0.0343222952472102,0.6846,"9","ATPase, Ca++-sequestering"
"Syt16",-0.0343045783486513,0.6528,"12","synaptotagmin XVI"
"Prkrip1",0.034296061487014,0.649,"5","Prkr interacting protein 1 (IL11 inducible)"
"Anapc16",0.0342941403244783,0.7328,"10","anaphase promoting complex subunit 16"
"Plec",0.0342897098783297,0.7468,"15","plectin"
"Nectin2",-0.0342825349483087,0.73,"7","nectin cell adhesion molecule 2"
"Capsl",0.0342570787597118,0.8162,"15","calcyphosine-like"
"Nom1",0.0342568226833961,0.5096,"5","nucleolar protein with MIF4G domain 1"
"B230219D22Rik",-0.0342565583444125,0.8384,"13","RIKEN cDNA B230219D22 gene"
"S100a1",-0.034256558071708,0.8236,"3","S100 calcium binding protein A1"
"Spg21",-0.0342531266124908,0.6366,"9","SPG21, maspardin"
"Lratd2",-0.0342396364901427,0.7772,"15","LRAT domain containing 1"
"Tcf25",0.0342394617859654,0.665,"8","transcription factor 25 (basic helix-loop-helix)"
"Phf20",0.0342359708593056,0.6978,"2","PHD finger protein 20"
"Islr",0.034234621866263,0.7548,"9","immunoglobulin superfamily containing leucine-rich repeat"
"Zbtb8os",0.0342199330812547,0.5156,"4","zinc finger and BTB domain containing 8 opposite strand"
"Pithd1",0.0342164563121683,0.6658,"4","PITH (C-terminal proteasome-interacting domain of thioredoxin-like) domain containing 1"
"Prpf8",-0.0342139949019389,0.5116,"11","pre-mRNA processing factor 8"
"Lenep",0.0341971397502583,0.8116,"3","lens epithelial protein"
"Tmem14c",0.0341930713907104,0.5882,"13","transmembrane protein 14C"
"Phyhipl",-0.034177594223447,0.674,"10","phytanoyl-CoA hydroxylase interacting protein-like"
"Phyhipl",-0.034177594223447,0.674,"10","phytanoyl-CoA hydroxylase interacting protein-like"
"Mrpl47",-0.0341673606686146,0.699,"3","mitochondrial ribosomal protein L47"
"Lamtor5",0.0341543653977823,0.7172,"3","late endosomal/lysosomal adaptor, MAPK and MTOR activator 5"
"Armc8",-0.0341471867386227,0.7272,"9","armadillo repeat containing 8"
"Cmas",0.034144964611829,0.3804,"6","cytidine monophospho-N-acetylneuraminic acid synthetase"
"Srpk3",-0.0341284884437356,0.8522,"X","serine/arginine-rich protein specific kinase 3"
"Ank3",-0.0341244221484747,0.5754,"10","ankyrin 3, epithelial"
"Hmgcll1",-0.0341046330976718,0.57,"9","3-hydroxymethyl-3-methylglutaryl-Coenzyme A lyase-like 1"
"Atp6v1h",-0.0341004475918165,0.7814,"1","ATPase, H+ transporting, lysosomal V1 subunit H"
"Zmat1",0.0340931548749643,0.6718,"X","zinc finger, matrin type 1"
"Higd2a",0.0340897267046101,0.7412,"13","HIG1 domain family, member 2A"
"Habp4",0.0340704071755571,0.48,"13","hyaluronic acid binding protein 4"
"Tbc1d14",0.0340660630486012,0.4322,"5","TBC1 domain family, member 14"
"Herpud2",-0.0340602994805907,0.6054,"9","HERPUD family member 2"
"Cnpy4",-0.0340452839742342,0.4466,"5","canopy FGF signaling regulator 4"
"Rtn4rl2",-0.0340307043566037,0.5426,"2","reticulon 4 receptor-like 2"
"Cd200",-0.0340305021790082,0.8684,"16","CD200 molecule"
"Edem3",-0.0340227304572451,0.8396,"1","ER degradation enhancer, mannosidase alpha-like 3"
"Slc45a4",0.0340218558411705,0.4706,"15","solute carrier family 45, member 4"
"Wipf1",-0.034016528403404,0.7038,"2","WAS/WASL interacting protein family, member 1"
"Itgb4",-0.0340152592440193,0.842,"11","integrin beta 4"
"Mettl14",0.0339946634558643,0.5202,"3","methyltransferase like 14"
"Gtf2h3",0.0339941315119208,0.6168,"5","general transcription factor IIH, polypeptide 3"
"Actr2",-0.0339835841208771,0.5754,"11","ARP2 actin-related protein 2"
"Iqce",-0.0339797690633619,0.801,"5","IQ motif containing E"
"Ints6",-0.0339769664539578,0.7742,"14","integrator complex subunit 6"
"Chuk",-0.0339752159969828,0.81,"19","conserved helix-loop-helix ubiquitous kinase"
"Timm23",0.0339748720620108,0.6154,"14","translocase of inner mitochondrial membrane 23"
"Septin4",-0.033969616669002,0.807,"11","septin 4"
"Appl2",-0.0339546781075457,0.6582,"10","adaptor protein, phosphotyrosine interaction, PH domain and leucine zipper containing 2"
"Tamm41",-0.0339342600900765,0.7116,"6","TAM41 mitochondrial translocator assembly and maintenance homolog"
"Atp5pb",0.0339214084987169,0.6436,"3","ATP synthase peripheral stalk-membrane subunit b"
"Yipf5",0.0339139074009029,0.6262,"18","Yip1 domain family, member 5"
"Add2",0.0338955143503217,0.6916,"6","adducin 2 (beta)"
"Aopep",0.0338883054075101,0.711,"13","aminopeptidase O"
"Fam120b",-0.0338847181417385,0.5682,"17","family with sequence similarity 120, member B"
"Enox2",-0.0338833067371649,0.7128,"X","ecto-NOX disulfide-thiol exchanger 2"
"Tarsl2",-0.0338769130386289,0.729,"7","threonyl-tRNA synthetase-like 2"
"Eif3f",0.0338756439040404,0.8206,"7","eukaryotic translation initiation factor 3, subunit F"
"Hip1",0.0338722179911741,0.6978,"5","huntingtin interacting protein 1"
"Ak2",0.0338571018776932,0.673,"4","adenylate kinase 2"
"Bnip3l",0.0338425525183341,0.564,"14","BCL2/adenovirus E1B interacting protein 3-like"
"Rxra",-0.0338393672917201,0.5812,"2","retinoid X receptor alpha"
"Arf4",-0.0338345694547622,0.7134,"14","ADP-ribosylation factor 4"
"Dhx29",-0.0338341597091407,0.6256,"13","DEAH (Asp-Glu-Ala-His) box polypeptide 29"
"Sprn",0.0338271341893561,0.4642,"7","shadow of prion protein"
"Ap3d1",0.0338227728096649,0.4182,"10","adaptor-related protein complex 3, delta 1 subunit"
"Mapk1ip1",0.0337906008067286,0.7682,"7","mitogen-activated protein kinase 1 interacting protein 1"
"Lsm3",-0.0337872278498557,0.8002,"6","LSM3 homolog, U6 small nuclear RNA and mRNA degradation associated"
"Stk4",0.0337824245165779,0.5228,"2","serine/threonine kinase 4"
"C1d",0.0337819863605704,0.6722,"11","C1D nuclear receptor co-repressor"
"Nap1l4",0.0337710023513784,0.448,"7","nucleosome assembly protein 1-like 4"
"Rnf152",-0.033769140335659,0.8456,"1","ring finger protein 152"
"Zic1",-0.0337465337158038,0.8762,"9","zinc finger protein of the cerebellum 1"
"Ddx52",0.0337414182979057,0.3964,"11","DExD box helicase 52"
"Gart",-0.033727234783643,0.432,"16","phosphoribosylglycinamide formyltransferase"
"Ppp6r3",0.0337199024422921,0.1614,"19","protein phosphatase 6, regulatory subunit 3"
"Eif2ak3",-0.0337177263990904,0.7028,"6","eukaryotic translation initiation factor 2 alpha kinase 3"
"Atxn1l",-0.0337166864870104,0.762,"8","ataxin 1-like"
"Zc3h12c",-0.0337138072926892,0.6726,"9","zinc finger CCCH type containing 12C"
"Cacng2",-0.0336977486571248,0.6082,"15","calcium channel, voltage-dependent, gamma subunit 2"
"Eef1akmt2",0.0336960060597304,0.631,"7","EEF1A lysine methyltransferase 2"
"Sun2",0.0336959555082332,0.5844,"15","Sad1 and UNC84 domain containing 2"
"Arv1",0.0336895868557776,0.7276,"8","ARV1 homolog, fatty acid homeostasis modulator"
"Asb13",0.0336864006504891,0.4414,"13","ankyrin repeat and SOCS box-containing 13"
"Fam220a",0.0336775051998428,0.551,"5","family with sequence similarity 220, member A"
"Fam220a",0.0336775051998428,0.551,"5","family with sequence similarity 220, member A"
"Fam220a",0.0336775051998428,0.551,"5","family with sequence similarity 220, member A"
"Fam220a",0.0336775051998428,0.551,"5","family with sequence similarity 220, member A"
"Arhgap24",-0.0336722880548144,0.6964,"5","Rho GTPase activating protein 24"
"Sec61g",0.0336688188167789,0.7836,"11","SEC61, gamma subunit"
"Mrps31",0.0336648015732961,0.7368,"8","mitochondrial ribosomal protein S31"
"Ppp1r8",0.0336512399201672,0.3128,"4","protein phosphatase 1, regulatory subunit 8"
"Tbcc",0.0336444523403578,0.6922,"17","tubulin-specific chaperone C"
"Rmdn2",0.033641908520798,0.7858,"17","regulator of microtubule dynamics 2"
"Hps1",0.0336150498806562,0.8028,"19","HPS1, biogenesis of lysosomal organelles complex 3 subunit 1"
"Lrrc61",-0.0336113096843427,0.5466,"6","leucine rich repeat containing 61"
"9430015G10Rik",0.0336094494483525,0.6752,"4","RIKEN cDNA 9430015G10 gene"
"Zfp930",-0.0336048518561913,0.6224,"8","zinc finger protein 930"
"Tial1",0.0336039119748657,0.6964,"7","Tia1 cytotoxic granule-associated RNA binding protein-like 1"
"Nkapd1",0.033595299622335,0.4844,"9","NKAP domain containing 1"
"Efcab5",0.033594356817928,0.8584,"11","EF-hand calcium binding domain 5"
"Gm14827",-0.0335925309274998,0.8834,"X","predicted gene 14827"
"Meak7",-0.0335899937612334,0.562,"8","MTOR associated protein, eak-7 homolog"
"Rxrb",0.0335764428727758,0.6858,"17","retinoid X receptor beta"
"Mir568",0.0335443881527904,0.86,"16","microRNA 568"
"Jmjd6",0.0335299176380817,0.6842,"11","jumonji domain containing 6"
"Hdac8",-0.0335177011740533,0.5366,"X","histone deacetylase 8"
"Tmem161a",0.0335108320318449,0.6304,"8","transmembrane protein 161A"
"Polr3a",0.0335014325480136,0.7106,"14","polymerase (RNA) III (DNA directed) polypeptide A"
"Cacna2d3",0.0334944071388374,0.6604,"14","calcium channel, voltage-dependent, alpha2/delta subunit 3"
"Trim2",0.0334931426218521,0.632,"3","tripartite motif-containing 2"
"Slc8b1",0.033484973528997,0.7598,"5","solute carrier family 8 (sodium/lithium/calcium exchanger), member B1"
"Khsrp",0.0334810839722541,0.6172,"17","KH-type splicing regulatory protein"
"Rps6ka4",0.0334767508057565,0.7206,"19","ribosomal protein S6 kinase, polypeptide 4"
"Pcdhgb6",-0.0334661325792962,0.8372,"18","protocadherin gamma subfamily B, 6"
"Sorcs3",-0.0334466180448931,0.8312,"19","sortilin-related VPS10 domain containing receptor 3"
"Gabarapl2",0.0334449629599112,0.6248,"8","gamma-aminobutyric acid (GABA) A receptor-associated protein-like 2"
"Ube2f",-0.0334190919072919,0.568,"1","ubiquitin-conjugating enzyme E2F (putative)"
"Necap2",0.0334133955584646,0.6314,"4","NECAP endocytosis associated 2"
"Gdf10",0.0334025410599406,0.6768,"14","growth differentiation factor 10"
"Casd1",-0.0333838145123737,0.9334,"6","CAS1 domain containing 1"
"Neto2",0.0333709609293091,0.7556,"8","neuropilin (NRP) and tolloid (TLL)-like 2"
"Ciz1",0.0333664043059754,0.7222,"2","CDKN1A interacting zinc finger protein 1"
"Slc1a2",0.0333574307929858,0.604,"2","solute carrier family 1 (glial high affinity glutamate transporter), member 2"
"Naa25",-0.0333493363909758,0.7562,"5","N(alpha)-acetyltransferase 25, NatB auxiliary subunit"
"Dennd6b",0.0333415970463804,0.794,"15","DENN/MADD domain containing 6B"
"Cyp2j12",0.0333135304453704,0.8418,"4","cytochrome P450, family 2, subfamily j, polypeptide 12"
"Entpd7",0.0332947699871755,0.7526,"19","ectonucleoside triphosphate diphosphohydrolase 7"
"Pnn",-0.0332870844587818,0.8006,"12","pinin"
"Dok7",0.0332856027695163,0.7178,"5","docking protein 7"
"Atf7",-0.0332843994244056,0.6522,"15","activating transcription factor 7"
"Mir682",0.0332836982945537,0.8496,"13","microRNA 682"
"Synpr",-0.0332806192295596,0.9288,"14","synaptoporin"
"Emc6",0.0332803868030798,0.714,"11","ER membrane protein complex subunit 6"
"Mxd1",0.0332783302599395,0.5054,"6","MAX dimerization protein 1"
"Pnpla8",-0.0332731624302536,0.726,"12","patatin-like phospholipase domain containing 8"
"Phospho2",0.03326686270933,0.6244,"2","phosphatase, orphan 2"
"Cfap410",0.0332617886518118,0.6966,"10","cilia and flagella associated protein 410"
"Zfp526",-0.0332415277117759,0.7778,"7","zinc finger protein 526"
"Gpn1",0.0332352716684916,0.6672,"5","GPN-loop GTPase 1"
"Aen",-0.0332179414727043,0.633,"7","apoptosis enhancing nuclease"
"Ndufb9",0.0332098996973151,0.8088,"15","NADH:ubiquinone oxidoreductase subunit B9"
"Sppl2b",0.0332014503548148,0.6588,"10","signal peptide peptidase like 2B"
"5031425E22Rik",0.0331980969494263,0.6082,"5","RIKEN cDNA 5031425E22 gene"
"Snip1",0.0331910682930858,0.6268,"4","Smad nuclear interacting protein 1"
"Slc30a5",0.0331880335830972,0.6468,"13","solute carrier family 30 (zinc transporter), member 5"
"Tmem209",-0.0331716762144465,0.661,"6","transmembrane protein 209"
"Ap1ar",-0.0331486359781517,0.6688,"3","adaptor-related protein complex 1 associated regulatory protein"
"Chmp3",0.0331360149712223,0.5522,"6","charged multivesicular body protein 3"
"Dctn4",0.0331360013498978,0.5382,"18","dynactin 4"
"Taf1b",-0.0331240089803515,0.622,"12","TATA-box binding protein associated factor, RNA polymerase I, B"
"Syne1",-0.0331046337066727,0.7942,"10","spectrin repeat containing, nuclear envelope 1"
"Cd99l2",0.033095613762792,0.38,"X","CD99 antigen-like 2"
"Mospd1",0.0330920434992259,0.572,"X","motile sperm domain containing 1"
"Poc5",-0.0330881335966744,0.7408,"13","POC5 centriolar protein"
"Nrsn2",-0.0330839650921524,0.728,"2","neurensin 2"
"Heatr6",0.033069235024576,0.6406,"11","HEAT repeat containing 6"
"Clcc1",0.0330522375874809,0.4512,"3","chloride channel CLIC-like 1"
"Pnkd",-0.0330447629649022,0.7308,"1","paroxysmal nonkinesiogenic dyskinesia"
"Slc9a9",-0.0330432007161043,0.611,"9","solute carrier family 9 (sodium/hydrogen exchanger), member 9"
"Rtf2",0.0330263466894287,0.6726,"2","replication termination factor 2"
"C1qa",-0.0330002715537496,0.8588,"4","complement component 1, q subcomponent, alpha polypeptide"
"Gm12709",-0.0329991949067794,0.851,"4","predicted gene 12709"
"Fbxw8",0.0329981392485799,0.6862,"5","F-box and WD-40 domain protein 8"
"Ptpru",-0.0329877197522519,0.7588,"4","protein tyrosine phosphatase, receptor type, U"
"Snrpd2",0.0329806867558204,0.8514,"7","small nuclear ribonucleoprotein D2"
"P4hb",-0.032978346867778,0.5444,"11","prolyl 4-hydroxylase, beta polypeptide"
"Nin",0.0329592638511365,0.8012,"12","ninein"
"Tcirg1",-0.0329548203943824,0.7224,"19","T cell, immune regulator 1, ATPase, H+ transporting, lysosomal V0 protein A3"
"Creb3",0.0329502911347674,0.52,"4","cAMP responsive element binding protein 3"
"Aktip",0.0329489764850512,0.7384,"8","AKT interacting protein"
"Optn",-0.0329487920292251,0.6204,"2","optineurin"
"Ppm1g",0.0329486646783828,0.3606,"5","protein phosphatase 1G (formerly 2C), magnesium-dependent, gamma isoform"
"Wfs1",-0.032946821371306,0.8264,"5","wolframin ER transmembrane glycoprotein"
"Setd1b",0.0329408863584213,0.7352,"5","SET domain containing 1B"
"Slc10a7",0.0329406342477716,0.6602,"8","solute carrier family 10 (sodium/bile acid cotransporter family), member 7"
"Armc10",0.0329300366788274,0.4858,"5","armadillo repeat containing 10"
"Gemin8",0.0329209624855507,0.6504,"X","gem nuclear organelle associated protein 8"
"P3h1",-0.0329103442583967,0.8026,"4","prolyl 3-hydroxylase 1"
"Pon2",0.0329078818391846,0.6154,"6","paraoxonase 2"
"Man2b1",-0.0329049125167353,0.6716,"8","mannosidase 2, alpha B1"
"Grk6",0.0328888770641074,0.3792,"13","G protein-coupled receptor kinase 6"
"Elp2",0.0328824907280501,0.2234,"18","elongator acetyltransferase complex subunit 2"
"Clba1",-0.0328724310925259,0.7094,"12","clathrin binding box of aftiphilin containing 1"
"Ipcef1",-0.0328683290040841,0.6518,"10","interaction protein for cytohesin exchange factors 1"
"Tbc1d1",-0.0328674303147976,0.7312,"5","TBC1 domain family, member 1"
"Fahd2a",0.0328662023493229,0.695,"2","fumarylacetoacetate hydrolase domain containing 2A"
"Tmem163",-0.0328645641744654,0.8102,"1","transmembrane protein 163"
"Tango6",-0.0328644413615522,0.7112,"8","transport and golgi organization 6"
"Ranbp10",0.0328610191008751,0.7,"8","RAN binding protein 10"
"Aamdc",-0.0328581111433941,0.727,"7","adipogenesis associated Mth938 domain containing"
"Dgkg",-0.0328387917072686,0.556,"16","diacylglycerol kinase, gamma"
"Tbc1d9",-0.0328356104384406,0.7586,"8","TBC1 domain family, member 9"
"Itga3",0.0328338073789345,0.7398,"11","integrin alpha 3"
"Macroh2a2",0.0328330488409181,0.5044,"10","macroH2A.2 histone"
"Rpl5",0.0328289633189094,0.749,"5","ribosomal protein L5"
"Tmem68",0.0328224594463755,0.754,"4","transmembrane protein 68"
"Ndufa2",0.0327987586552849,0.8666,"18","NADH:ubiquinone oxidoreductase subunit A2"
"Nudt9",0.0327847716656704,0.68,"5","nudix (nucleoside diphosphate linked moiety X)-type motif 9"
"Nsmce4a",0.0327842425730012,0.6706,"7","NSE4 homolog A, SMC5-SMC6 complex component"
"4833439L19Rik",0.0327774716377078,0.4412,"13","RIKEN cDNA 4833439L19 gene"
"Pcdhga6",-0.0327747376740715,0.8408,"18","protocadherin gamma subfamily A, 6"
"Sgsm1",0.0327510900782615,0.623,"5","small G protein signaling modulator 1"
"Sigmar1",0.0327430448775043,0.4842,"4","sigma non-opioid intracellular receptor 1"
"Naxe",0.0327298929046931,0.6792,"3","NAD(P)HX epimerase"
"Crym",-0.0327219986167542,0.7396,"7","crystallin, mu"
"Hbs1l",0.032696173000013,0.5878,"10","Hbs1-like (S. cerevisiae)"
"Pex16",0.0326920018696573,0.7356,"2","peroxisomal biogenesis factor 16"
"Smarcd1",0.0326887069311939,0.5842,"15","SWI/SNF related, matrix associated, actin dependent regulator of chromatin, subfamily d, member 1"
"Ralyl",0.0326862523919482,0.6606,"3","RALY RNA binding protein-like"
"Rrm2b",-0.0326711996316229,0.7326,"15","ribonucleotide reductase M2 B (TP53 inducible)"
"Fnta",0.0326664043599747,0.597,"8","farnesyltransferase, CAAX box, alpha"
"Obscn",0.032661426594994,0.8248,"11","obscurin, cytoskeletal calmodulin and titin-interacting RhoGEF"
"Exosc1",0.0326596515852966,0.656,"19","exosome component 1"
"Tmem176a",-0.0326584378237706,0.7864,"6","transmembrane protein 176A"
"Nab2",0.0326531133022741,0.7298,"10","Ngfi-A binding protein 2"
"Micos13",0.0326418929812871,0.8008,"17","mitochondrial contact site and cristae organizing system subunit 13"
"Tmem161b",-0.0326387186998032,0.837,"13","transmembrane protein 161B"
"Ccdc28b",0.0326374087262504,0.7318,"4","coiled coil domain containing 28B"
"Ubl5",0.0326363367801576,0.7656,"9","ubiquitin-like 5"
"Prss36",0.0326233841968717,0.752,"7","protease, serine 36"
"Arfgap3",0.0326180992050489,0.5694,"15","ADP-ribosylation factor GTPase activating protein 3"
"Trim33",-0.0326129854619035,0.7458,"3","tripartite motif-containing 33"
"Orc3",0.0325966586798785,0.5918,"4","origin recognition complex, subunit 3"
"Ddx55",0.0325889810807674,0.7328,"5","DEAD box helicase 55"
"Dnajb6",0.0325863171923872,0.719,"5","DnaJ heat shock protein family (Hsp40) member B6"
"Gripap1",0.0325699800623402,0.4974,"X","GRIP1 associated protein 1"
"Dcun1d4",0.0325685941636245,0.6534,"5","DCN1, defective in cullin neddylation 1, domain containing 4 (S. cerevisiae)"
"Golga1",-0.032568007023154,0.7242,"2","golgi autoantigen, golgin subfamily a, 1"
"Wdr1",0.0325611847430194,0.2444,"5","WD repeat domain 1"
"Nkx2-2",-0.0325608259928618,0.805,"2","NK2 homeobox 2"
"Cpt2",-0.0325500324092354,0.8108,"4","carnitine palmitoyltransferase 2"
"Slc9a6",0.0325424484486057,0.5636,"X","solute carrier family 9 (sodium/hydrogen exchanger), member 6"
"Dab2ip",-0.0325186572686791,0.6574,"2","disabled 2 interacting protein"
"Vps35l",0.0324987852621295,0.5332,"7","VPS35 endosomal protein sorting factor like"
"Card6",0.0324981493176701,0.7122,"15","caspase recruitment domain family, member 6"
"Ubxn6",0.03249810720048,0.688,"17","UBX domain protein 6"
"Ksr1",0.0324978320897102,0.5662,"11","kinase suppressor of ras 1"
"2310002F09Rik",-0.0324962469208891,0.7202,"7","RIKEN cDNA 2310002F09 gene"
"Sod1",0.0324947824230879,0.7828,"16","superoxide dismutase 1, soluble"
"Men1",0.0324676160832755,0.5234,"19","multiple endocrine neoplasia 1"
"Dusp26",0.0324455319348562,0.8274,"8","dual specificity phosphatase 26 (putative)"
"Ugp2",-0.0324291156966501,0.7042,"11","UDP-glucose pyrophosphorylase 2"
"Hyal2",0.032427815369676,0.6884,"9","hyaluronoglucosaminidase 2"
"Klhl2",0.0324169870470055,0.8062,"8","kelch-like 2, Mayven"
"Ppm1f",-0.0324098087658324,0.5486,"16","protein phosphatase 1F (PP2C domain containing)"
"Fads1",0.0324055406163026,0.732,"19","fatty acid desaturase 1"
"Ngly1",0.0323933554305196,0.6146,"14","N-glycanase 1"
"Mta2",0.0323926245743333,0.4658,"19","metastasis-associated gene family, member 2"
"Efcab15",-0.0323869872727496,0.8644,"11","EF-hand calcium binding domain 15"
"Lypd6b",-0.032375325129095,0.7934,"2","LY6/PLAUR domain containing 6B"
"Jazf1",0.0323727083374186,0.5442,"6","JAZF zinc finger 1"
"Ehbp1",-0.0323725415521663,0.7436,"11","EH domain binding protein 1"
"Zfp395",0.0323659822361981,0.6768,"14","zinc finger protein 395"
"Vasp",-0.0323614365063465,0.7716,"7","vasodilator-stimulated phosphoprotein"
"Adam15",0.0323556212217442,0.736,"3","a disintegrin and metallopeptidase domain 15 (metargidin)"
"Uchl5",0.0323506368448498,0.5878,"1","ubiquitin carboxyl-terminal esterase L5"
"Rer1",0.032347076385137,0.5696,"4","retention in endoplasmic reticulum sorting receptor 1"
"Elmo2",0.0323452674135725,0.472,"2","engulfment and cell motility 2"
"Chic1",0.0323276760042166,0.5604,"X","cysteine-rich hydrophobic domain 1"
"Klhl21",-0.032320655993558,0.6292,"4","kelch-like 21"
"Zfp330",0.0323137276964314,0.4718,"8","zinc finger protein 330"
"Acvr2a",0.0323136955103562,0.8774,"2","activin receptor IIA"
"Vipas39",0.0323054325803707,0.5746,"12","VPS33B interacting protein, apical-basolateral polarity regulator, spe-39 homolog"
"Cerk",0.032304323307069,0.4656,"15","ceramide kinase"
"Cib1",0.0322968151775975,0.816,"7","calcium and integrin binding 1 (calmyrin)"
"Anapc1",-0.0322939544329524,0.6896,"2","anaphase promoting complex subunit 1"
"Tfdp1",0.0322819445386981,0.7792,"8","transcription factor Dp 1"
"Mfsd14a",-0.0322773908423537,0.9568,"3","major facilitator superfamily domain containing 14A"
"Rpe",-0.0322750816110915,0.7024,"1","ribulose-5-phosphate-3-epimerase"
"Kcna4",0.0322673622263769,0.7252,"2","potassium voltage-gated channel, shaker-related subfamily, member 4"
"Rbm12b2",0.0322508752235158,0.7708,"4","RNA binding motif protein 12 B2"
"Gtf2a1",0.0322379934911199,0.6018,"12","general transcription factor II A, 1"
"Zfand6",0.0322361255852313,0.6916,"7","zinc finger, AN1-type domain 6"
"Thoc1",0.0322346621118061,0.7354,"18","THO complex 1"
"Emx2os",0.0322284063936875,0.6814,"19","Emx2 opposite strand/antisense transcript (non-protein coding)"
"Pdzd8",0.0322281005823397,0.7194,"19","PDZ domain containing 8"
"Ifngr2",0.0322275617937535,0.594,"16","interferon gamma receptor 2"
"1110038F14Rik",0.0322221786103363,0.7304,"15","RIKEN cDNA 1110038F14 gene"
"Ttc1",-0.0322147722803319,0.4608,"11","tetratricopeptide repeat domain 1"
"Ift88",-0.0322097819107117,0.6908,"14","intraflagellar transport 88"
"Sap18",0.0322040360133506,0.7142,"14","Sin3-associated polypeptide 18"
"Ctxn1",0.0322023499710262,0.7744,"8","cortexin 1"
"Ep400",-0.0321985897282593,0.7514,"5","E1A binding protein p400"
"Tox2",0.0321911267394723,0.6438,"2","TOX high mobility group box family member 2"
"Rnf168",-0.0321848011716099,0.5722,"16","ring finger protein 168"
"Crhr2",-0.0321842080010135,0.9028,"6","corticotropin releasing hormone receptor 2"
"Tmem214",0.0321823812147191,0.7324,"5","transmembrane protein 214"
"Abcc4",-0.0321693858725522,0.7736,"14","ATP-binding cassette, sub-family C (CFTR/MRP), member 4"
"Cdk10",0.0321665237271622,0.8046,"8","cyclin-dependent kinase 10"
"Hdac3",0.0321634824260038,0.5362,"18","histone deacetylase 3"
"Psma2",0.0321551911614639,0.6558,"13","proteasome subunit alpha 2"
"Hnrnpm",-0.0321537375296579,0.7326,"17","heterogeneous nuclear ribonucleoprotein M"
"Zfp799",0.0321535964856805,0.8174,"17","zinc finger protein 799"
"Dpm3",0.032151865221103,0.8506,"3","dolichyl-phosphate mannosyltransferase polypeptide 3"
"Xrcc6",-0.0321423378708006,0.4878,"15","X-ray repair complementing defective repair in Chinese hamster cells 6"
"Dolpp1",0.0321361067915653,0.6156,"2","dolichyl pyrophosphate phosphatase 1"
"Tob1",-0.0321261342063774,0.94,"11","transducer of ErbB-2.1"
"Nell2",-0.0321194968640572,0.5334,"15","NEL-like 2"
"Plekhm2",0.0321167603080266,0.7662,"4","pleckstrin homology domain containing, family M (with RUN domain) member 2"
"Prpf4",0.0321164273768311,0.5758,"4","pre-mRNA processing factor 4"
"Ubr7",0.0321110321527636,0.4204,"12","ubiquitin protein ligase E3 component n-recognin 7 (putative)"
"Tmem63c",-0.032108660160632,0.69,"12","transmembrane protein 63c"
"Kcnj6",-0.0320965972631244,0.8616,"16","potassium inwardly-rectifying channel, subfamily J, member 6"
"Rps24",0.0320878747977851,0.8468,"14","ribosomal protein S24"
"Capns1",0.0320821808509963,0.7978,"7","calpain, small subunit 1"
"Gdap2",0.0320774973787312,0.5406,"3","ganglioside-induced differentiation-associated-protein 2"
"Ubtd1",0.032075403644829,0.8022,"19","ubiquitin domain containing 1"
"Acsbg1",0.0320676556557329,0.709,"9","acyl-CoA synthetase bubblegum family member 1"
"Faf2",-0.0320539486426004,0.5706,"13","Fas associated factor family member 2"
"Zfp931",0.0320453372655702,0.724,"2","zinc finger protein 931"
"Zbtb12",0.0320387332366803,0.6056,"17","zinc finger and BTB domain containing 12"
"Efhd2",0.032035510652098,0.6204,"4","EF hand domain containing 2"
"Emc9",0.0320128068586443,0.795,"14","ER membrane protein complex subunit 9"
"Capn10",0.0320124120474468,0.6992,"1","calpain 10"
"Ulk2",0.0319842877018024,0.6322,"11","unc-51 like kinase 2"
"Dido1",-0.0319775298471852,0.7834,"2","death inducer-obliterator 1"
"Mtmr9",-0.0319731127162051,0.8642,"14","myotubularin related protein 9"
"Mttp",-0.0319716775710592,0.6372,"3","microsomal triglyceride transfer protein"
"Cfap69",-0.0319481576428688,0.8588,"5","cilia and flagella associated protein 69"
"Mfsd14b",-0.0319351126898564,0.7614,"13","major facilitator superfamily domain containing 14B"
"Grik3",-0.0319322268409881,0.7878,"4","glutamate receptor, ionotropic, kainate 3"
"Nhsl2",0.031930336139995,0.7214,"X","NHS-like 2"
"Zfp827",0.031923688602741,0.5038,"8","zinc finger protein 827"
"Pi4ka",0.0319187595103214,0.6232,"16","phosphatidylinositol 4-kinase alpha"
"Bmpr1a",-0.0319152577165811,0.625,"14","bone morphogenetic protein receptor, type 1A"
"Stc1",-0.0319102500882491,0.832,"14","stanniocalcin 1"
"Slc25a40",-0.0319085042800045,0.7208,"5","solute carrier family 25, member 40"
"Armc7",0.0319059428712363,0.7058,"11","armadillo repeat containing 7"
"Mtx3",-0.0318835081774358,0.6336,"13","metaxin 3"
"Syt11",0.0318673291827078,0.5306,"3","synaptotagmin XI"
"Rnd3",0.0318618431559443,0.6548,"2","Rho family GTPase 3"
"Slc35b1",0.0318461424356986,0.5586,"11","solute carrier family 35, member B1"
"Dnajb14",-0.0318428412642229,0.9016,"3","DnaJ heat shock protein family (Hsp40) member B14"
"Gemin5",-0.0318350683984869,0.4618,"11","gem nuclear organelle associated protein 5"
"Card19",0.0318302153122252,0.8072,"13","caspase recruitment domain family, member 19"
"Fam102b",-0.0318229657704148,0.746,"3","family with sequence similarity 102, member B"
"Fam3c",0.0318216762973993,0.4764,"6","FAM3 metabolism regulating signaling molecule C"
"Srrm1",-0.0318136256025809,0.83,"4","serine/arginine repetitive matrix 1"
"Edem1",0.0318035699173902,0.6946,"6","ER degradation enhancer, mannosidase alpha-like 1"
"Mmd2",0.0317996408451187,0.6118,"5","monocyte to macrophage differentiation-associated 2"
"Ruvbl2",-0.0317987667285591,0.7338,"7","RuvB-like protein 2"
"Ankrd13d",0.0317971315345922,0.6742,"19","ankyrin repeat domain 13 family, member D"
"Zfp868",-0.0317957989067228,0.5556,"8","zinc finger protein 868"
"Nr3c2",-0.0317930137926048,0.5978,"8","nuclear receptor subfamily 3, group C, member 2"
"Zcchc4",-0.0317850988652171,0.5264,"5","zinc finger, CCHC domain containing 4"
"S1pr5",0.0317829492935315,0.8328,"9","sphingosine-1-phosphate receptor 5"
"Cnot8",0.0317776476326674,0.5184,"11","CCR4-NOT transcription complex, subunit 8"
"Stard4",0.0317766483439863,0.672,"18","StAR-related lipid transfer (START) domain containing 4"
"Aif1l",-0.0317749498288724,0.8056,"2","allograft inflammatory factor 1-like"
"Eno2",0.0317726249933141,0.7132,"6","enolase 2, gamma neuronal"
"Tmem70",0.0317644201158354,0.6572,"1","transmembrane protein 70"
"Tab2",-0.0317624492402926,0.6602,"10","TGF-beta activated kinase 1/MAP3K7 binding protein 2"
"Tomm7",0.0317552052984524,0.8028,"5","translocase of outer mitochondrial membrane 7"
"Smc1a",0.0317418495320032,0.6542,"X","structural maintenance of chromosomes 1A"
"Uchl3",0.0317361803060479,0.6406,"14","ubiquitin carboxyl-terminal esterase L3 (ubiquitin thiolesterase)"
"Phlpp2",-0.0317357036865813,0.7148,"8","PH domain and leucine rich repeat protein phosphatase 2"
"Trit1",0.0317299090101919,0.6456,"4","tRNA isopentenyltransferase 1"
"Psmg2",-0.0316974421060618,0.663,"18","proteasome (prosome, macropain) assembly chaperone 2"
"Ptpre",-0.0316861388823879,0.7768,"7","protein tyrosine phosphatase, receptor type, E"
"Ube4b",-0.0316794715863002,0.2806,"4","ubiquitination factor E4B"
"Snx10",-0.0316632008640116,0.7314,"6","sorting nexin 10"
"Prps1",0.0316318388863168,0.6902,"X","phosphoribosyl pyrophosphate synthetase 1"
"Tesc",-0.031631497219065,0.8078,"5","tescalcin"
"Nufip1",0.0316282681251905,0.5212,"14","nuclear FMR1 interacting protein 1"
"Ctnna2",0.0316252663770733,0.5102,"6","catenin (cadherin associated protein), alpha 2"
"Slc39a12",-0.0316152373097731,0.8194,"2","solute carrier family 39 (zinc transporter), member 12"
"Cadps",-0.031609211574116,0.8386,"14","Ca2+-dependent secretion activator"
"Acvr1c",-0.0316038549430697,0.7924,"2","activin A receptor, type IC"
"Ubxn7",0.0315970196743365,0.639,"16","UBX domain protein 7"
"Fam219aos",0.0315966974640167,0.696,"4","family with sequence similarity 219, member A, opposite strand"
"Acaca",0.0315932532865872,0.5906,"11","acetyl-Coenzyme A carboxylase alpha"
"Slc4a2",-0.0315830895755491,0.7738,"5","solute carrier family 4 (anion exchanger), member 2"
"Rab5c",0.0315811965679593,0.7142,"11","RAB5C, member RAS oncogene family"
"Cyfip1",-0.0315791108448824,0.7806,"7","cytoplasmic FMR1 interacting protein 1"
"Agfg1",-0.0315762342373711,0.6614,"1","ArfGAP with FG repeats 1"
"Cc2d2a",0.0315760151354647,0.8122,"5","coiled-coil and C2 domain containing 2A"
"Bcas3",0.0315725239460187,0.619,"11","BCAS3 microtubule associated cell migration factor"
"Pcdhb20",-0.0315655285482679,0.7484,"18","protocadherin beta 20"
"Dlg2",0.0315639016130511,0.584,"7","discs large MAGUK scaffold protein 2"
"Fut11",0.0315544377759718,0.7386,"14","fucosyltransferase 11"
"Cdk5",0.0315439977353424,0.6346,"5","cyclin-dependent kinase 5"
"Ccdc47",-0.0315336631970728,0.8084,"11","coiled-coil domain containing 47"
"Ccdc191",-0.0315227908589661,0.7726,"16","coiled-coil domain containing 191"
"Cnbp",0.0315223888499228,0.6378,"6","cellular nucleic acid binding protein"
"Jade2",-0.031520227244207,0.6436,"11","jade family PHD finger 2"
"Pomt1",0.031511460208407,0.6338,"2","protein-O-mannosyltransferase 1"
"Ube2v1",0.0315037663713262,0.6412,"2","ubiquitin-conjugating enzyme E2 variant 1"
"Zfyve16",0.0314688155018112,0.8234,"13","zinc finger, FYVE domain containing 16"
"Cfap74",-0.0314601175589839,0.815,"4","cilia and flagella associated protein 74"
"Gipc3",0.0314503055569517,0.7902,"10","GIPC PDZ domain containing family, member 3"
"Pds5b",-0.03144423639091,0.8104,"5","PDS5 cohesin associated factor B"
"Pcyt1a",-0.0314405754391913,0.3912,"16","phosphate cytidylyltransferase 1, choline, alpha isoform"
"Jtb",-0.0314390326465936,0.6928,"3","jumping translocation breakpoint"
"Morc3",0.0314347050113701,0.7758,"16","microrchidia 3"
"Sema6d",-0.0314342819332563,0.7208,"2","sema domain, transmembrane domain (TM), and cytoplasmic domain, (semaphorin) 6D"
"Dcun1d3",-0.0314308753473691,0.5972,"7","DCN1, defective in cullin neddylation 1, domain containing 3 (S. cerevisiae)"
"Igfbp5",-0.0314291436127814,0.6102,"1","insulin-like growth factor binding protein 5"
"Zfp385a",-0.0314182099763611,0.7702,"15","zinc finger protein 385A"
"Ap5m1",-0.0313691587894596,0.7522,"14","adaptor-related protein complex 5, mu 1 subunit"
"Pth1r",-0.0313681254252034,0.8238,"9","parathyroid hormone 1 receptor"
"Grid2",-0.0313675437986771,0.7386,"6","glutamate receptor, ionotropic, delta 2"
"Fermt2",-0.0313668786158141,0.5178,"14","fermitin family member 2"
"Ro60",-0.0313620662623837,0.7682,"1","Ro60, Y RNA binding protein"
"Nrxn3",-0.0313610189903173,0.691,"12","neurexin III"
"Selenoi",-0.0313580169681158,0.7004,"5","selenoprotein I"
"Msantd1",0.0313443092791237,0.856,"5","Myb/SANT-like DNA-binding domain containing 1"
"Avp",0.0313358788192903,0.9386,"2","arginine vasopressin"
"Slc39a7",0.0313155171658703,0.6326,"17","solute carrier family 39 (zinc transporter), member 7"
"Rdh10",0.031312717370477,0.514,"1","retinol dehydrogenase 10 (all-trans)"
"Trio",-0.0313075427537743,0.7708,"15","triple functional domain (PTPRF interacting)"
"Lhfpl4",0.0313066628816259,0.563,"6","lipoma HMGIC fusion partner-like protein 4"
"Myo9a",-0.0312976505577067,0.7686,"9","myosin IXa"
"Rnaseh2a",0.0312940632991925,0.7878,"8","ribonuclease H2, large subunit"
"Rps18",0.0312913142384597,0.8438,"17","ribosomal protein S18"
"Ciao1",0.0312897905739193,0.5856,"2","cytosolic iron-sulfur protein assembly 1"
"Jak2",-0.0312889306346751,0.6376,"19","Janus kinase 2"
"Mettl8",0.0312844625282689,0.5828,"2","methyltransferase like 8"
"Ndufaf3",0.031282665238443,0.7996,"9","NADH:ubiquinone oxidoreductase complex assembly factor 3"
"Pex5l",-0.031275618133181,0.6964,"3","peroxisomal biogenesis factor 5-like"
"Ankrd54",0.0312748818272577,0.7208,"15","ankyrin repeat domain 54"
"Sult4a1",0.0312733936533149,0.746,"15","sulfotransferase family 4A, member 1"
"Ttll4",0.0312645979299182,0.7892,"1","tubulin tyrosine ligase-like family, member 4"
"Lrfn5",0.0312645332556434,0.5524,"12","leucine rich repeat and fibronectin type III domain containing 5"
"Ppp3r1",-0.0312515680149588,0.6732,"11","protein phosphatase 3, regulatory subunit B, alpha isoform (calcineurin B, type I)"
"Edil3",-0.0312477319581408,0.8224,"13","EGF-like repeats and discoidin I-like domains 3"
"Runx1t1",-0.031244470045614,0.7412,"4","RUNX1 translocation partner 1"
"Trak2",0.031244396945187,0.7684,"1","trafficking protein, kinesin binding 2"
"Ptpn9",0.0312403561557888,0.4214,"9","protein tyrosine phosphatase, non-receptor type 9"
"Klhl32",0.031236017369261,0.7358,"4","kelch-like 32"
"Dclk1",0.031232940091666,0.7118,"3","doublecortin-like kinase 1"
"Map3k1",-0.0312316088162801,0.8154,"13","mitogen-activated protein kinase kinase kinase 1"
"Smyd3",0.0312185847012758,0.3526,"1","SET and MYND domain containing 3"
"Rps28",-0.031218092363698,0.862,"17","ribosomal protein S28"
"Fxr1",-0.0312139226651329,0.7282,"3","FMR1 autosomal homolog 1"
"Pkia",0.0312104604036509,0.5942,"3","protein kinase inhibitor, alpha"
"Nos1",0.0312034867190913,0.7722,"5","nitric oxide synthase 1, neuronal"
"Fbxo7",-0.0311986679845813,0.7008,"10","F-box protein 7"
"Nrbf2",0.0311843023739735,0.6452,"10","nuclear receptor binding factor 2"
"Chd9",-0.0311791133274815,0.8456,"8","chromodomain helicase DNA binding protein 9"
"Sharpin",0.0311782916243839,0.7868,"15","SHANK-associated RH domain interacting protein"
"Trim28",0.0311610804831135,0.6328,"7","tripartite motif-containing 28"
"Ext1",-0.0311551206814782,0.6434,"15","exostosin glycosyltransferase 1"
"Galk1",-0.0311534357839851,0.795,"11","galactokinase 1"
"Mfn1",0.0311532395418377,0.4932,"3","mitofusin 1"
"Pigl",0.0311423727570586,0.7022,"11","phosphatidylinositol glycan anchor biosynthesis, class L"
"Lyrm7",-0.0311264342538102,0.5368,"11","LYR motif containing 7"
"Atp8a1",-0.0311217880185604,0.7888,"5","ATPase, aminophospholipid transporter (APLT), class I, type 8A, member 1"
"Eif5a2",-0.0311111126104402,0.7544,"3","eukaryotic translation initiation factor 5A2"
"Lrig1",0.0311069033705555,0.632,"6","leucine-rich repeats and immunoglobulin-like domains 1"
"Spata7",0.0311051741323216,0.5926,"12","spermatogenesis associated 7"
"Pdcd6",0.0310943083674289,0.6406,"13","programmed cell death 6"
"Dele1",0.0310814972322744,0.3832,"18","DAP3 binding cell death enhancer 1"
"Slc25a1",0.0310671063693819,0.7688,"16","solute carrier family 25 (mitochondrial carrier, citrate transporter), member 1"
"Prpf40a",0.0310660017155291,0.71,"2","pre-mRNA processing factor 40A"
"Nucks1",0.0310578292944719,0.4274,"1","nuclear casein kinase and cyclin-dependent kinase substrate 1"
"Slc25a14",-0.031053552207621,0.6266,"X","solute carrier family 25 (mitochondrial carrier, brain), member 14"
"Tpcn1",0.0310525476886347,0.5874,"5","two pore channel 1"
"Jsrp1",0.0310385858366957,0.8742,"10","junctional sarcoplasmic reticulum protein 1"
"Ears2",-0.0310345637531761,0.6552,"7","glutamyl-tRNA synthetase 2, mitochondrial"
"Map3k3",-0.0310339141172884,0.7644,"11","mitogen-activated protein kinase kinase kinase 3"
"Pdzd11",-0.0310253068950272,0.6188,"X","PDZ domain containing 11"
"Doc2g",0.0310129773843966,0.8702,"19","double C2, gamma"
"Syna",-0.030993936318366,0.7198,"5","syncytin a"
"B3galnt1",-0.0309870606105802,0.7284,"3","UDP-GalNAc:betaGlcNAc beta 1,3-galactosaminyltransferase, polypeptide 1"
"Lct",0.03097576456127,0.532,"1","lactase"
"Lacc1",-0.0309721064219446,0.7096,"14","laccase domain containing 1"
"Zbtb18",0.0309676186661658,0.7072,"1","zinc finger and BTB domain containing 18"
"Rnd1",0.0309664846044173,0.8134,"15","Rho family GTPase 1"
"Doc2a",0.0309658153257475,0.745,"7","double C2, alpha"
"Plk2",-0.0309567074104118,0.6754,"13","polo like kinase 2"
"Trim39",0.0309448787678974,0.7432,"17","tripartite motif-containing 39"
"Kif5b",-0.030934629774336,0.6014,"18","kinesin family member 5B"
"Dnaja1",-0.0309338400978074,0.7834,"4","DnaJ heat shock protein family (Hsp40) member A1"
"Elk4",-0.0309311932660261,0.7124,"1","ELK4, member of ETS oncogene family"
"Ehmt2",0.0309244959887183,0.7688,"17","euchromatic histone lysine N-methyltransferase 2"
"Nphp1",0.0309139007744523,0.4832,"2","nephronophthisis 1 (juvenile) homolog (human)"
"Plekha1",0.0309090214382417,0.6658,"7","pleckstrin homology domain containing, family A (phosphoinositide binding specific) member 1"
"Abr",0.0309049008096629,0.5734,"11","active BCR-related gene"
"Tmod1",-0.0309048933331875,0.7312,"4","tropomodulin 1"
"Lrrc28",0.0308921557080701,0.644,"7","leucine rich repeat containing 28"
"Lrrc75b",0.0308853692498632,0.6324,"10","leucine rich repeat containing 75B"
"Ift122",0.030860982123639,0.4634,"6","intraflagellar transport 122"
"Noxo1",0.0308607123726661,0.774,"17","NADPH oxidase organizer 1"
"Gm266",-0.0308464278650402,0.8388,"12","predicted gene 266"
"Acy1",0.0308424415370578,0.7966,"9","aminoacylase 1"
"Smarcb1",0.0308226073780817,0.736,"10","SWI/SNF related, matrix associated, actin dependent regulator of chromatin, subfamily b, member 1"
"Tcea1",0.0308206378129636,0.6632,"1","transcription elongation factor A (SII) 1"
"Septin5",0.0308062042179049,0.7006,"16","septin 5"
"Abcf1",0.0307938088293254,0.669,"17","ATP-binding cassette, sub-family F (GCN20), member 1"
"Arl6ip5",0.0307912865608824,0.6192,"6","ADP-ribosylation factor-like 6 interacting protein 5"
"Mpp2",-0.0307803101357687,0.5552,"11","membrane protein, palmitoylated 2 (MAGUK p55 subfamily member 2)"
"Pacs2",0.0307725204345992,0.7388,"12","phosphofurin acidic cluster sorting protein 2"
"Dact3",0.030770625986797,0.799,"7","dishevelled-binding antagonist of beta-catenin 3"
"Atox1",-0.0307665361049994,0.858,"11","antioxidant 1 copper chaperone"
"Anks6",0.0307611565819528,0.7458,"4","ankyrin repeat and sterile alpha motif domain containing 6"
"Kif20a",0.0307567957673687,0.7026,"18","kinesin family member 20A"
"S100a13",0.0307542585707932,0.885,"3","S100 calcium binding protein A13"
"Plcd4",0.0307485425302749,0.6838,"1","phospholipase C, delta 4"
"Zfp575",0.0307446216987981,0.8166,"7","zinc finger protein 575"
"Usp19",0.0307360658081555,0.725,"9","ubiquitin specific peptidase 19"
"Dhrs7",-0.0307344205836939,0.617,"12","dehydrogenase/reductase (SDR family) member 7"
"Snrpc",-0.0307337485899195,0.7538,"17","U1 small nuclear ribonucleoprotein C"
"Fundc2",-0.0307280644660972,0.565,"X","FUN14 domain containing 2"
"Nalcn",-0.0307278566254281,0.8482,"14","sodium leak channel, non-selective"
"Tmem63a",-0.0307240661943693,0.8064,"1","transmembrane protein 63a"
"Uck2",0.030724058138238,0.7352,"1","uridine-cytidine kinase 2"
"Tmem130",-0.0307080282091574,0.597,"5","transmembrane protein 130"
"Rpusd1",0.0307070888730809,0.8116,"17","RNA pseudouridylate synthase domain containing 1"
"Extl1",-0.0307061454602522,0.7122,"4","exostosin-like glycosyltransferase 1"
"Zfp292",-0.0307059324767316,0.8326,"4","zinc finger protein 292"
"Stk38l",0.0307053840594342,0.5372,"6","serine/threonine kinase 38 like"
"Cap1",0.0306826510820137,0.5382,"4","CAP, adenylate cyclase-associated protein 1 (yeast)"
"Shank2",0.0306811116138501,0.7452,"7","SH3 and multiple ankyrin repeat domains 2"
"Sfmbt1",0.030676465767443,0.6346,"14","Scm-like with four mbt domains 1"
"Apoe",0.030673379507876,0.7754,"7","apolipoprotein E"
"Dnhd1",-0.0306463343787451,0.8444,"7","dynein heavy chain domain 1"
"Igsf9b",-0.0306419684907455,0.8596,"9","immunoglobulin superfamily, member 9B"
"Tmem143",0.0306411978826633,0.5732,"7","transmembrane protein 143"
"Pros1",0.0306354158420841,0.7652,"16","protein S (alpha)"
"Ypel5",0.0306192695693674,0.5628,"17","yippee like 5"
"Gad2",0.0306060313528551,0.8024,"2","glutamic acid decarboxylase 2"
"Mtch1",0.0306031496921513,0.7194,"17","mitochondrial carrier 1"
"Tceal3",0.0306024910016323,0.6734,"X","transcription elongation factor A (SII)-like 3"
"Aar2",0.0306007715615797,0.6158,"2","AAR2 splicing factor homolog"
"Fcer1g",-0.0305868856275984,0.7796,"1","Fc receptor, IgE, high affinity I, gamma polypeptide"
"Magi2",-0.0305747766884519,0.7384,"5","membrane associated guanylate kinase, WW and PDZ domain containing 2"
"Ints4",-0.0305676834186226,0.4824,"7","integrator complex subunit 4"
"Cndp2",0.0305672502916083,0.656,"18","CNDP dipeptidase 2 (metallopeptidase M20 family)"
"Ythdc1",-0.0305635833518885,0.7574,"5","YTH domain containing 1"
"Jph4",0.0305586765863843,0.7336,"14","junctophilin 4"
"Nptxr",-0.0305557292366894,0.8706,"15","neuronal pentraxin receptor"
"Terf2",-0.03054440162812,0.684,"8","telomeric repeat binding factor 2"
"Ell3",0.0305407329222365,0.8682,"2","elongation factor RNA polymerase II-like 3"
"Nek7",0.0305347427369282,0.7006,"1","NIMA (never in mitosis gene a)-related expressed kinase 7"
"Dennd4c",-0.0305251972981644,0.8314,"4","DENN/MADD domain containing 4C"
"Tlcd5",0.030524421128205,0.6918,"9","TLC domain containing 5"
"Ppp2r1b",-0.0305195078751432,0.696,"9","protein phosphatase 2, regulatory subunit A, beta"
"Zfx",0.0305111916184835,0.6684,"X","zinc finger protein X-linked"
"Mbd5",-0.0304937994630166,0.764,"2","methyl-CpG binding domain protein 5"
"Pacsin3",-0.0304894572489927,0.7744,"2","protein kinase C and casein kinase substrate in neurons 3"
"Raph1",0.0304840504554278,0.7784,"1","Ras association (RalGDS/AF-6) and pleckstrin homology domains 1"
"Pold2",-0.0304747429428263,0.7394,"11","polymerase (DNA directed), delta 2, regulatory subunit"
"Crcp",0.0304708452301004,0.703,"5","calcitonin gene-related peptide-receptor component protein"
"Vstm2b",-0.0304608278444096,0.737,"7","V-set and transmembrane domain containing 2B"
"Zfp266",-0.0304485514431896,0.7732,"9","zinc finger protein 266"
"Grin1",0.0304481101052438,0.794,"2","glutamate receptor, ionotropic, NMDA1 (zeta 1)"
"Magt1",-0.0304376981066579,0.7134,"X","magnesium transporter 1"
"Prdx1",0.0304309934928471,0.7616,"4","peroxiredoxin 1"
"Ap3m2",-0.0304254518102596,0.6008,"8","adaptor-related protein complex 3, mu 2 subunit"
"Map6d1",-0.0304200046945349,0.5908,"16","MAP6 domain containing 1"
"Usf1",0.0304087507535264,0.7584,"1","upstream transcription factor 1"
"Ddx17",0.0304057570057648,0.7508,"15","DEAD box helicase 17"
"Ckb",0.030362388877375,0.7346,"12","creatine kinase, brain"
"Atp6ap2",-0.0303589967177169,0.812,"X","ATPase, H+ transporting, lysosomal accessory protein 2"
"Abl2",0.0303478613662227,0.706,"1","v-abl Abelson murine leukemia viral oncogene 2 (arg, Abelson-related gene)"
"Padi2",-0.0303226994099646,0.7722,"4","peptidyl arginine deiminase, type II"
"Rnasek",0.0303179729364107,0.8118,"11","ribonuclease, RNase K"
"Cwf19l2",0.0303159572383724,0.8398,"9","CWF19-like 2, cell cycle control (S. pombe)"
"Nyap2",-0.0303046846854547,0.8584,"1","neuronal tyrosine-phophorylated phosphoinositide 3-kinase adaptor 2"
"Lsm6",0.0302963104987857,0.7328,"8","LSM6 homolog, U6 small nuclear RNA and mRNA degradation associated"
"Srsf1",-0.0302900531310328,0.7384,"11","serine and arginine-rich splicing factor 1"
"Osgepl1",0.0302897552730688,0.6364,"1","O-sialoglycoprotein endopeptidase-like 1"
"Ogfod1",0.0302755069969383,0.553,"8","2-oxoglutarate and iron-dependent oxygenase domain containing 1"
"Eef2k",-0.0302639125635453,0.6346,"7","eukaryotic elongation factor-2 kinase"
"Dmac2",-0.0302392693677938,0.6822,"7","distal membrane arm assembly complex 2"
"Romo1",0.0302378662853089,0.8416,"2","reactive oxygen species modulator 1"
"Zfp382",0.030237599824452,0.7216,"7","zinc finger protein 382"
"Opa1",-0.0302346418952659,0.7348,"16","OPA1, mitochondrial dynamin like GTPase"
"Srpk2",-0.0302238770598162,0.676,"5","serine/arginine-rich protein specific kinase 2"
"Erbb4",-0.0302214051573246,0.8476,"1","erb-b2 receptor tyrosine kinase 4"
"Tet3",0.0302208274516289,0.813,"6","tet methylcytosine dioxygenase 3"
"Fam234b",0.0302157040899838,0.5502,"6","family with sequence similarity 234, member B"
"Zfp280c",-0.0302073204124556,0.841,"X","zinc finger protein 280C"
"Rab6a",-0.0302052954481802,0.6824,"7","RAB6A, member RAS oncogene family"
"Rad54l2",-0.0301976182352615,0.7976,"9","RAD54 like 2 (S. cerevisiae)"
"Eef1a2",0.0301937540247312,0.7954,"2","eukaryotic translation elongation factor 1 alpha 2"
"Bub1b",0.0301883973187898,0.9012,"2","BUB1B, mitotic checkpoint serine/threonine kinase"
"Tmem201",0.0301854464551168,0.6402,"4","transmembrane protein 201"
"Scaf1",0.0301697639260805,0.7576,"7","SR-related CTD-associated factor 1"
"Napg",0.030169541347834,0.6396,"18","N-ethylmaleimide sensitive fusion protein attachment protein gamma"
"Upf2",-0.0301606232547531,0.6252,"2","UPF2 regulator of nonsense transcripts homolog (yeast)"
"Sh3bgrl3",0.0301559374046505,0.8402,"4","SH3 domain binding glutamic acid-rich protein-like 3"
"Pdlim4",-0.0301533214729681,0.802,"11","PDZ and LIM domain 4"
"Rab5a",-0.0301500858206989,0.9226,"17","RAB5A, member RAS oncogene family"
"Hmgcs2",0.0301388525912478,0.751,"3","3-hydroxy-3-methylglutaryl-Coenzyme A synthase 2"
"Zfp358",-0.0301377444234259,0.7416,"8","zinc finger protein 358"
"Pex11b",0.0300992512294993,0.6824,"3","peroxisomal biogenesis factor 11 beta"
"Sptbn1",-0.0300985068817905,0.6916,"11","spectrin beta, non-erythrocytic 1"
"Dgke",0.0300938713105285,0.5852,"11","diacylglycerol kinase, epsilon"
"Zfp263",-0.0300877216369635,0.7224,"16","zinc finger protein 263"
"Prpf18",0.0300862526148169,0.3676,"2","pre-mRNA processing factor 18"
"Pbx2",-0.0300756771557689,0.6582,"17","pre B cell leukemia homeobox 2"
"Tbc1d2b",-0.0300746609976943,0.6798,"9","TBC1 domain family, member 2B"
"Atg4c",0.030071778982645,0.7418,"4","autophagy related 4C, cysteine peptidase"
"Cbarp",0.0300491555020201,0.6884,"10","calcium channel, voltage-dependent, beta subunit associated regulatory protein"
"Mettl23",0.0300483997005814,0.7076,"11","methyltransferase like 23"
"Ifnar2",-0.0300174370480661,0.435,"16","interferon (alpha and beta) receptor 2"
"Med28",0.0300095800636591,0.7192,"5","mediator complex subunit 28"
"Hip1r",0.0300060322417259,0.5418,"5","huntingtin interacting protein 1 related"
"Mocs2",0.0299993291726759,0.6156,"13","molybdenum cofactor synthesis 2"
"Actr1b",0.0299945906765862,0.3956,"1","ARP1 actin-related protein 1B, centractin beta"
"Gucy1b1",-0.0299904116300072,0.8784,"3","guanylate cyclase 1, soluble, beta 1"
"Snx32",0.0299832779772187,0.7856,"19","sorting nexin 32"
"E130308A19Rik",0.0299728438089759,0.6294,"4","RIKEN cDNA E130308A19 gene"
"Ampd3",-0.0299727868116779,0.5986,"7","adenosine monophosphate deaminase 3"
"Donson",-0.0299426515251824,0.8092,"16","downstream neighbor of SON"
"Fbxo33",-0.029941475906794,0.7158,"12","F-box protein 33"
"Sf3b3",0.0299409693172166,0.2652,"8","splicing factor 3b, subunit 3"
"Supt5",0.0299304543024741,0.6582,"7","suppressor of Ty 5, DSIF elongation factor subunit"
"Nrbp1",0.0299259772731304,0.47,"5","nuclear receptor binding protein 1"
"Immt",0.0299174562445064,0.3056,"6","inner membrane protein, mitochondrial"
"Dxo",0.0299139631780072,0.7742,"17","decapping exoribonuclease"
"Ift27",0.0298914493017826,0.7586,"15","intraflagellar transport 27"
"Cpne5",-0.0298814220586205,0.7994,"17","copine V"
"Zfp661",0.0298714311388051,0.6302,"2","zinc finger protein 661"
"Ercc5",0.0298613012666173,0.6362,"1","excision repair cross-complementing rodent repair deficiency, complementation group 5"
"Fat4",-0.0298505792110237,0.8218,"3","FAT atypical cadherin 4"
"Gabbr2",0.0298497781479039,0.532,"4","gamma-aminobutyric acid (GABA) B receptor, 2"
"Alpk1",-0.0298491821295355,0.845,"3","alpha-kinase 1"
"Peg13",-0.0298475674938814,0.5934,"15","paternally expressed 13"
"Sms",0.0298410411126673,0.62,"X","spermine synthase"
"Aldh9a1",-0.02983260286587,0.6524,"1","aldehyde dehydrogenase 9, subfamily A1"
"Ufc1",0.0298249601307825,0.8126,"1","ubiquitin-fold modifier conjugating enzyme 1"
"Spryd4",0.02982084981873,0.7594,"10","SPRY domain containing 4"
"Camk2n2",-0.0297861144211815,0.7844,"16","calcium/calmodulin-dependent protein kinase II inhibitor 2"
"Ehd3",0.0297822571596118,0.6166,"17","EH-domain containing 3"
"Slc4a4",-0.0297802921025694,0.8014,"5","solute carrier family 4 (anion exchanger), member 4"
"Ptdss2",-0.0297778307465464,0.5998,"7","phosphatidylserine synthase 2"
"Rap1gds1",0.0297709296979765,0.502,"3","RAP1, GTP-GDP dissociation stimulator 1"
"Frs3",0.0297709082271926,0.7516,"17","fibroblast growth factor receptor substrate 3"
"Cfap298",0.0297639780474812,0.7674,"16","cilia and flagella associate protien 298"
"Lhpp",0.029751174352346,0.7972,"7","phospholysine phosphohistidine inorganic pyrophosphate phosphatase"
"Zc3hc1",0.0297496090409846,0.708,"6","zinc finger, C3HC type 1"
"Klf12",-0.0297318208168602,0.8862,"14","Kruppel-like factor 12"
"Pkmyt1",-0.0297270498521871,0.751,"17","protein kinase, membrane associated tyrosine/threonine 1"
"Olfm3",-0.0297129812803387,0.8182,"3","olfactomedin 3"
"Afap1l1",-0.029712966588717,0.7864,"18","actin filament associated protein 1-like 1"
"Rgs9",-0.0297046074072149,0.785,"11","regulator of G-protein signaling 9"
"Ndor1",0.029693455592481,0.7592,"2","NADPH dependent diflavin oxidoreductase 1"
"Ndor1",0.029693455592481,0.7592,"2","NADPH dependent diflavin oxidoreductase 1"
"Brcc3",0.0296864147014277,0.5296,"X","BRCA1/BRCA2-containing complex, subunit 3"
"Myef2",0.0296832375309339,0.8044,"2","myelin basic protein expression factor 2, repressor"
"Syngr2",-0.0296771039147541,0.847,"11","synaptogyrin 2"
"Snap47",0.0296747515573816,0.7348,"11","synaptosomal-associated protein, 47"
"Rp9",0.0296572181950561,0.8178,"9","retinitis pigmentosa 9 (human)"
"Stag2",0.0296485579035766,0.6898,"X","stromal antigen 2"
"Gigyf2",0.0296483443818678,0.7672,"1","GRB10 interacting GYF protein 2"
"Epm2aip1",-0.0296481076487725,0.7618,"9","EPM2A (laforin) interacting protein 1"
"Mchr1",0.0296410543076595,0.7094,"15","melanin-concentrating hormone receptor 1"
"Polr3g",-0.029635741408006,0.7426,"13","polymerase (RNA) III (DNA directed) polypeptide G"
"Enoph1",-0.029618318406933,0.6826,"5","enolase-phosphatase 1"
"Shoc2",-0.0295995539767437,0.7222,"19","Shoc2, leucine rich repeat scaffold protein"
"Atxn3",0.0295913335275744,0.6078,"12","ataxin 3"
"Med13l",0.0295411929112506,0.7392,"5","mediator complex subunit 13-like"
"Apbb1",0.0295387873491144,0.7414,"7","amyloid beta (A4) precursor protein-binding, family B, member 1"
"Wdr35",-0.0295108333828606,0.7846,"12","WD repeat domain 35"
"Pknox2",-0.0295059891412199,0.5366,"9","Pbx/knotted 1 homeobox 2"
"Jag2",0.0295045294700218,0.7214,"12","jagged 2"
"Bpgm",0.0294934634879862,0.7282,"6","2,3-bisphosphoglycerate mutase"
"Glod4",0.0294859768821274,0.6372,"11","glyoxalase domain containing 4"
"Vps36",0.029478311068611,0.5048,"8","vacuolar protein sorting 36"
"Zbtb4",0.0294774471653243,0.5172,"11","zinc finger and BTB domain containing 4"
"Actr5",0.0294771330730517,0.7112,"2","ARP5 actin-related protein 5"
"St6galnac3",0.0294650991308525,0.7738,"3","ST6 (alpha-N-acetyl-neuraminyl-2,3-beta-galactosyl-1,3)-N-acetylgalactosaminide alpha-2,6-sialyltransferase 3"
"Sec23a",-0.0294380694344447,0.7494,"12","SEC23 homolog A, COPII coat complex component"
"Myrip",0.0294252915359454,0.448,"9","myosin VIIA and Rab interacting protein"
"Omg",-0.0294142121281613,0.7752,"11","oligodendrocyte myelin glycoprotein"
"Edrf1",0.029409602938876,0.6662,"7","erythroid differentiation regulatory factor 1"
"Uspl1",0.0294036105830413,0.7172,"5","ubiquitin specific peptidase like 1"
"Stoml2",0.0294025671423856,0.6644,"4","stomatin (Epb7.2)-like 2"
"Gpam",-0.0294006633277792,0.601,"19","glycerol-3-phosphate acyltransferase, mitochondrial"
"Hecw2",-0.0293928906196443,0.8136,"1","HECT, C2 and WW domain containing E3 ubiquitin protein ligase 2"
"Asb7",-0.0293926140257108,0.621,"7","ankyrin repeat and SOCS box-containing 7"
"Nomo1",-0.0293766939236617,0.4834,"7","nodal modulator 1"
"Cys1",-0.0293685137167037,0.832,"12","cystin 1"
"Klhdc4",0.0293680054191672,0.795,"8","kelch domain containing 4"
"Slc39a3",0.0293615421627331,0.6628,"10","solute carrier family 39 (zinc transporter), member 3"
"Lhx2",0.0293492646643907,0.6404,"2","LIM homeobox protein 2"
"Ggps1",0.0293196194215151,0.529,"13","geranylgeranyl diphosphate synthase 1"
"Shc1",-0.0293043665976058,0.7336,"3","src homology 2 domain-containing transforming protein C1"
"Mrpl50",-0.029302679625375,0.594,"4","mitochondrial ribosomal protein L50"
"Bhlhe22",0.0292969730561854,0.6944,"3","basic helix-loop-helix family, member e22"
"H1f0",0.029295086163251,0.5574,"15","H1.0 linker histone"
"Eif3k",0.0292916419187419,0.824,"7","eukaryotic translation initiation factor 3, subunit K"
"Esrrg",-0.0292915651260088,0.7638,"1","estrogen-related receptor gamma"
"Mapk14",0.0292775863033219,0.6032,"17","mitogen-activated protein kinase 14"
"Dctn1",0.0292606101018507,0.7008,"6","dynactin 1"
"Pwwp3a",0.029258265103647,0.6688,"10","PWWP domain containing 3A, DNA repair factor"
"H2-Ke6",0.0292563302476543,0.7918,"17","H2-K region expressed gene 6"
"Vps50",-0.0292482727492009,0.7152,"6","VPS50 EARP/GARPII complex subunit"
"Cdc16",0.0292376509069259,0.4178,"8","CDC16 cell division cycle 16"
"Ubl4a",0.029237436125233,0.7132,"X","ubiquitin-like 4A"
"Ubl4a",0.029237436125233,0.7132,"X","ubiquitin-like 4A"
"Septin6",-0.0292361253477758,0.7138,"X","septin 6"
"Akap5",0.029215307209542,0.8098,"12","A kinase (PRKA) anchor protein 5"
"Sbsn",0.0292028253419283,0.865,"7","suprabasin"
"Gdi1",0.0291626096916495,0.3436,"X","guanosine diphosphate (GDP) dissociation inhibitor 1"
"Irak2",-0.0291542918908849,0.5896,"6","interleukin-1 receptor-associated kinase 2"
"Mbd1",0.0291540575341296,0.6484,"18","methyl-CpG binding domain protein 1"
"Trmt10c",0.029151973253597,0.8416,"16","tRNA methyltransferase 10C, mitochondrial RNase P subunit"
"Cdan1",0.0291461781605138,0.736,"2","congenital dyserythropoietic anemia, type I (human)"
"Esco1",-0.0291363142123724,0.6972,"18","establishment of sister chromatid cohesion N-acetyltransferase 1"
"Ptpdc1",0.0291310465762296,0.7022,"13","protein tyrosine phosphatase domain containing 1"
"Sgip1",-0.0291284506886447,0.7834,"4","SH3-domain GRB2-like (endophilin) interacting protein 1"
"Cd302",0.0291242431203087,0.7256,"2","CD302 antigen"
"1700003E16Rik",0.0291204079445242,0.771,"6","RIKEN cDNA 1700003E16 gene"
"Echdc2",0.0291142530990207,0.7952,"4","enoyl Coenzyme A hydratase domain containing 2"
"Sesn2",-0.0291124913837058,0.5998,"4","sestrin 2"
"Gucy1a2",-0.0291120024173779,0.873,"9","guanylate cyclase 1, soluble, alpha 2"
"Gm11696",0.0291119930992949,0.8102,"11","predicted gene 11696"
"Rtl8a",0.029101717511983,0.8478,"X","retrotransposon Gag like 8A"
"Xxylt1",0.029100968547763,0.5344,"16","xyloside xylosyltransferase 1"
"Tbc1d17",0.0290793927986526,0.6884,"7","TBC1 domain family, member 17"
"Nacad",0.0290764579657958,0.7138,"11","NAC alpha domain containing"
"Asb8",0.0290747437238119,0.4236,"15","ankyrin repeat and SOCS box-containing 8"
"Dnase1l2",0.0290746957761843,0.8828,"17","deoxyribonuclease 1-like 2"
"Pdlim7",0.0290744276674522,0.8542,"13","PDZ and LIM domain 7"
"Rnf111",-0.0290724891887679,0.7824,"9","ring finger 111"
"Gmfb",0.0290701464426757,0.5832,"14","glia maturation factor, beta"
"Slain1",-0.0290667971406728,0.7526,"14","SLAIN motif family, member 1"
"Atxn7l1",0.0290615400685859,0.6608,"12","ataxin 7-like 1"
"Dhcr24",-0.0290515041558779,0.627,"4","24-dehydrocholesterol reductase"
"Prkag2os1",0.0290493422040585,0.9522,"5","protein kinase, AMP-activated, gamma 2 non-catalytic subunit, opposite strand 1"
"Mrps22",-0.0290481344125815,0.6694,"9","mitochondrial ribosomal protein S22"
"Jpx",-0.0290426038534015,0.7892,"X","Jpx transcript, Xist activator (non-protein coding)"
"Acox1",0.029029500035227,0.326,"11","acyl-Coenzyme A oxidase 1, palmitoyl"
"Dnajc16",-0.0290216233633869,0.8464,"4","DnaJ heat shock protein family (Hsp40) member C16"
"Dcaf5",0.0290170758602066,0.3338,"12","DDB1 and CUL4 associated factor 5"
"1700037H04Rik",0.0290111851112105,0.802,"2","RIKEN cDNA 1700037H04 gene"
"Vcl",-0.0290107266155983,0.7884,"14","vinculin"
"Hnrnpk",-0.0290101895194379,0.811,"13","heterogeneous nuclear ribonucleoprotein K"
"Aldh1b1",0.0290098147215456,0.7072,"4","aldehyde dehydrogenase 1 family, member B1"
"Dyrk1a",0.0289968051074787,0.4782,"16","dual-specificity tyrosine-(Y)-phosphorylation regulated kinase 1a"
"Ralgapa1",-0.0289930453066694,0.8344,"12","Ral GTPase activating protein, alpha subunit 1"
"Fam122a",-0.0289857881576632,0.705,"19","family with sequence similarity 122, member A"
"Polr2f",0.0289791775580985,0.8568,"15","polymerase (RNA) II (DNA directed) polypeptide F"
"Hepacam",0.0289653769542326,0.7384,"9","hepatocyte cell adhesion molecule"
"Spg20",-0.0289463489854791,0.7238,"3","spastic paraplegia 20, spartin (Troyer syndrome) homolog (human)"
"Erc1",0.0289437447871173,0.705,"6","ELKS/RAB6-interacting/CAST family member 1"
"Ssr3",-0.0289429051643015,0.7832,"3","signal sequence receptor, gamma"
"Psd3",0.0289242110839094,0.7004,"8","pleckstrin and Sec7 domain containing 3"
"Syncrip",-0.0289225230116346,0.7052,"9","synaptotagmin binding, cytoplasmic RNA interacting protein"
"Adamtsl4",-0.0289208644789571,0.8634,"3","ADAMTS-like 4"
"Rbm18",-0.0289149067620702,0.5476,"2","RNA binding motif protein 18"
"Limk2",0.0289029213714516,0.6404,"11","LIM motif-containing protein kinase 2"
"Timm17a",0.0289026627380151,0.6352,"1","translocase of inner mitochondrial membrane 17a"
"Crls1",0.0288838918396985,0.681,"2","cardiolipin synthase 1"
"Pard3",-0.028881515863449,0.6704,"8","par-3 family cell polarity regulator"
"Rpl14",0.0288776738722705,0.8766,"9","ribosomal protein L14"
"Fam210b",-0.0288654590945336,0.6202,"2","family with sequence similarity 210, member B"
"Rgs7bp",0.0288650134991304,0.6872,"13","regulator of G-protein signalling 7 binding protein"
"Tmem242",0.0288633212019418,0.8332,"17","transmembrane protein 242"
"Macrod2",-0.0288582000245525,0.823,"2","mono-ADP ribosylhydrolase 2"
"Kdelr2",0.0288553507144487,0.6608,"5","KDEL (Lys-Asp-Glu-Leu) endoplasmic reticulum protein retention receptor 2"
"Cpped1",-0.0288528371129653,0.6254,"16","calcineurin-like phosphoesterase domain containing 1"
"Mid2",0.0288476731737424,0.7602,"X","midline 2"
"Etfdh",-0.0288471609939149,0.7384,"3","electron transferring flavoprotein, dehydrogenase"
"Hopx",-0.0288469985352124,0.8394,"5","HOP homeobox"
"Brwd1",0.0288336242883895,0.6912,"16","bromodomain and WD repeat domain containing 1"
"Prmt9",-0.028829063456532,0.6456,"8","protein arginine methyltransferase 9"
"Wwox",0.0288271884376132,0.7064,"8","WW domain-containing oxidoreductase"
"Zfp282",0.0288181822400366,0.485,"6","zinc finger protein 282"
"Slc35b4",0.0288167933565591,0.4508,"6","solute carrier family 35, member B4"
"Isg20l2",-0.0288104670837876,0.6232,"3","interferon stimulated exonuclease gene 20-like 2"
"Ubiad1",-0.0288035456326816,0.6152,"4","UbiA prenyltransferase domain containing 1"
"Get1",-0.0287958900472747,0.5634,"16","guided entry of tail-anchored proteins factor 1"
"Strn3",-0.0287872296914244,0.6978,"12","striatin, calmodulin binding protein 3"
"Mprip",0.0287863617473967,0.5848,"11","myosin phosphatase Rho interacting protein"
"Apc",-0.0287798385555273,0.7662,"18","APC, WNT signaling pathway regulator"
"Mrto4",0.0287797168596002,0.6866,"4","mRNA turnover 4, ribosome maturation factor"
"Eed",0.0287719276333611,0.6006,"7","embryonic ectoderm development"
"Zfp423",-0.0287616859765336,0.5594,"8","zinc finger protein 423"
"Mif",0.0287538971948855,0.8214,"10","macrophage migration inhibitory factor (glycosylation-inhibiting factor)"
"Ipo7",-0.028750387668123,0.815,"7","importin 7"
"Tbk1",-0.0287502933376746,0.7402,"10","TANK-binding kinase 1"
"Kifbp",-0.0287402768697129,0.7698,"10","kinesin family binding protein"
"Mrpl12",0.028737506698393,0.8374,"11","mitochondrial ribosomal protein L12"
"Elovl1",0.0287297669618507,0.8402,"4","elongation of very long chain fatty acids (FEN1/Elo2, SUR4/Elo3, yeast)-like 1"
"Tars2",0.0287163855619905,0.6872,"3","threonyl-tRNA synthetase 2, mitochondrial (putative)"
"Minpp1",0.0287107133324502,0.6018,"19","multiple inositol polyphosphate histidine phosphatase 1"
"Armh3",0.0287000800130048,0.7152,"19","armadillo-like helical domain containing 3"
"Cenpx",0.0286977672642026,0.838,"11","centromere protein X"
"Tpd52l1",-0.0286891933304352,0.6956,"10","tumor protein D52-like 1"
"Kif9",-0.0286863703041038,0.8554,"9","kinesin family member 9"
"Pkm",0.0286707918398719,0.6848,"9","pyruvate kinase, muscle"
"Spry2",-0.0286582363121788,0.7438,"14","sprouty RTK signaling antagonist 2"
"Stam2",-0.028657834823214,0.8266,"2","signal transducing adaptor molecule (SH3 domain and ITAM motif) 2"
"Tfg",-0.0286463287308019,0.7692,"16","Trk-fused gene"
"Zfp341",0.0286428078831471,0.6516,"2","zinc finger protein 341"
"Gm14410",0.0286427484964564,0.8466,"2","predicted gene 14410"
"Nrde2",0.0286371683196749,0.5956,"12","nrde-2 necessary for RNA interference, domain containing"
"Ubc",-0.0286361775086483,0.7988,"5","ubiquitin C"
"Wdr41",-0.0286360000909749,0.4488,"13","WD repeat domain 41"
"Zfp61",0.0286262129736761,0.659,"7","zinc finger protein 61"
"Immp1l",0.0286091468016791,0.7162,"2","IMP1 inner mitochondrial membrane peptidase-like (S. cerevisiae)"
"Hadh",-0.0286088801026496,0.7922,"3","hydroxyacyl-Coenzyme A dehydrogenase"
"Zfp597",0.0285953717744674,0.7018,"16","zinc finger protein 597"
"Etfb",0.0285908880346959,0.8472,"7","electron transferring flavoprotein, beta polypeptide"
"Dock9",-0.0285893009082283,0.841,"14","dedicator of cytokinesis 9"
"Tigar",-0.0285880236707996,0.6148,"6","Trp53 induced glycolysis regulatory phosphatase"
"Naa15",-0.0285856961723026,0.6002,"3","N(alpha)-acetyltransferase 15, NatA auxiliary subunit"
"Ndufb4",0.0285698957177027,0.8074,"16","NADH:ubiquinone oxidoreductase subunit B4"
"Ndufb4",0.0285698957177027,0.8074,"16","NADH:ubiquinone oxidoreductase subunit B4"
"Ndufb4",0.0285698957177027,0.8074,"16","NADH:ubiquinone oxidoreductase subunit B4"
"Pank3",-0.0285654051731674,0.7888,"11","pantothenate kinase 3"
"Specc1l",0.0285597542631999,0.667,"10","sperm antigen with calponin homology and coiled-coil domains 1-like"
"Ppid",-0.0285565099630078,0.8592,"3","peptidylprolyl isomerase D (cyclophilin D)"
"Med19",0.028538797525119,0.6088,"2","mediator complex subunit 19"
"Epb41l4aos",0.0285194678089162,0.8744,"18","erythrocyte membrane protein band 4.1 like 4a, opposite strand"
"Ccdc13",0.0285090292274406,0.8328,"9","coiled-coil domain containing 13"
"Npepl1",0.0284974988959399,0.7868,"2","aminopeptidase-like 1"
"Chmp1b",-0.0284912703154561,0.7688,"18","charged multivesicular body protein 1B"
"Myl6b",0.0284497201831178,0.7896,"10","myosin, light polypeptide 6B"
"Slain2",-0.0284446380657117,0.6994,"5","SLAIN motif family, member 2"
"Fam117b",-0.0284432937276424,0.7444,"1","family with sequence similarity 117, member B"
"Alkbh7",0.0284383541590416,0.7916,"17","alkB homolog 7"
"Prr36",-0.0284355722802676,0.7858,"8","proline rich 36"
"Dctn6",0.0284252687085447,0.648,"8","dynactin 6"
"Zfp36l2",0.0284128762932476,0.8438,"17","zinc finger protein 36, C3H type-like 2"
"Npc1",-0.0284091214570443,0.6884,"18","NPC intracellular cholesterol transporter 1"
"Exog",0.028407330584705,0.523,"9","endo/exonuclease (5'-3'), endonuclease G-like"
"Entpd6",0.0283933540464982,0.588,"2","ectonucleoside triphosphate diphosphohydrolase 6"
"Rnf4",0.0283900973133289,0.6944,"5","ring finger protein 4"
"Clgn",-0.0283829564509159,0.6648,"8","calmegin"
"Tmpo",-0.0283812649301165,0.703,"10","thymopoietin"
"Gm2a",0.0283808486878048,0.7414,"11","GM2 ganglioside activator protein"
"Ptpn3",0.0283804705459794,0.671,"4","protein tyrosine phosphatase, non-receptor type 3"
"Dus2",0.0283732055005141,0.755,"8","dihydrouridine synthase 2"
"Id4",0.028364255143841,0.7162,"13","inhibitor of DNA binding 4"
"Hnrnpf",-0.0283604397532313,0.616,"6","heterogeneous nuclear ribonucleoprotein F"
"Smim13",0.0283597529889636,0.5612,"13","small integral membrane protein 13"
"Prps2",0.0283564327556372,0.553,"X","phosphoribosyl pyrophosphate synthetase 2"
"Ift81",-0.0283307892572235,0.6554,"5","intraflagellar transport 81"
"Snap29",-0.0283253917218316,0.7144,"16","synaptosomal-associated protein 29"
"Sft2d1",-0.0283122539204719,0.7206,"17","SFT2 domain containing 1"
"Tapt1",0.0283083006105205,0.5132,"5","transmembrane anterior posterior transformation 1"
"Nup205",0.0283028129941068,0.7752,"6","nucleoporin 205"
"Tmem33",-0.028293806617441,0.7622,"5","transmembrane protein 33"
"Zzz3",-0.0282910943679893,0.4832,"3","zinc finger, ZZ domain containing 3"
"Pdcd2l",0.0282782973174145,0.708,"7","programmed cell death 2-like"
"Tnxb",0.0282729903598051,0.8496,"17","tenascin XB"
"Polr3b",-0.0282580494585676,0.783,"10","polymerase (RNA) III (DNA directed) polypeptide B"
"Mmachc",0.0282546865024602,0.752,"4","methylmalonic aciduria cblC type, with homocystinuria"
"Phf6",-0.0282539946239613,0.8038,"X","PHD finger protein 6"
"Rac3",0.0282464464221328,0.647,"11","Rac family small GTPase 3"
"Qser1",0.0282407593429408,0.7558,"2","glutamine and serine rich 1"
"Zfp276",0.028235804372474,0.7726,"8","zinc finger protein (C2H2 type) 276"
"Mterf4",0.0282181658343461,0.7418,"1","mitochondrial transcription termination factor 4"
"Aatf",0.0282035835005807,0.7092,"11","apoptosis antagonizing transcription factor"
"Yars",0.0281801596033029,0.7706,"4","tyrosyl-tRNA synthetase"
"Snhg12",0.0281777614351331,0.8338,"4","small nucleolar RNA host gene 12"
"Trabd",0.0281767483347863,0.6818,"15","TraB domain containing"
"Atxn2l",-0.0281560656958506,0.8506,"7","ataxin 2-like"
"Fam135a",0.0281556796915714,0.805,"1","family with sequence similarity 135, member A"
"Kcnab2",0.028153831518873,0.7884,"4","potassium voltage-gated channel, shaker-related subfamily, beta member 2"
"8030462N17Rik",-0.028136041791976,0.6838,"18","RIKEN cDNA 8030462N17 gene"
"Ptprn2",-0.0281348816845473,0.7952,"12","protein tyrosine phosphatase, receptor type, N polypeptide 2"
"Cacng7",0.0281345834628084,0.712,"7","calcium channel, voltage-dependent, gamma subunit 7"
"Spast",0.0281289203068509,0.5312,"17","spastin"
"Rock2",0.0281223181788466,0.7138,"12","Rho-associated coiled-coil containing protein kinase 2"
"Bclaf1",0.0281222166403934,0.7298,"10","BCL2-associated transcription factor 1"
"Exoc6",-0.028114096701918,0.8282,"19","exocyst complex component 6"
"Negr1",0.0280863971732543,0.7516,"3","neuronal growth regulator 1"
"Dck",-0.0280837144238797,0.8384,"5","deoxycytidine kinase"
"Zswim6",-0.0280783438480832,0.8564,"13","zinc finger SWIM-type containing 6"
"Tars",0.02807023141784,0.5882,"15","threonyl-tRNA synthetase"
"Pan2",-0.0280689850215072,0.8128,"10","PAN2 poly(A) specific ribonuclease subunit"
"Ndufaf1",0.0280670630990398,0.6426,"2","NADH:ubiquinone oxidoreductase complex assembly factor 1"
"Tmem263",0.0280600993637243,0.689,"10","transmembrane protein 263"
"Sez6l",-0.0280507902139409,0.5132,"5","seizure related 6 homolog like"
"Nfat5",-0.0280455486376896,0.8188,"8","nuclear factor of activated T cells 5"
"Elovl4",0.0280398290025721,0.5858,"9","elongation of very long chain fatty acids (FEN1/Elo2, SUR4/Elo3, yeast)-like 4"
"Egln3",0.0280366181440006,0.71,"12","egl-9 family hypoxia-inducible factor 3"
"Mboat7",0.0280186751799762,0.5584,"7","membrane bound O-acyltransferase domain containing 7"
"Soat1",-0.0280127301306523,0.8146,"1","sterol O-acyltransferase 1"
"Mlh3",-0.0280091596573051,0.6008,"12","mutL homolog 3"
"Pcyox1",0.0280061126929265,0.6204,"6","prenylcysteine oxidase 1"
"Arfgap1",0.0280032335651734,0.724,"2","ADP-ribosylation factor GTPase activating protein 1"
"Mtmr14",0.0279946072285373,0.7392,"6","myotubularin related protein 14"
"Usp53",0.0279864641761609,0.847,"3","ubiquitin specific peptidase 53"
"Pitrm1",-0.0279668535476247,0.5658,"13","pitrilysin metallepetidase 1"
"Ank2",-0.0279664957686734,0.7456,"3","ankyrin 2, brain"
"Rnft2",0.027963699109498,0.642,"5","ring finger protein, transmembrane 2"
"Rpp25",0.0279613309782221,0.795,"9","ribonuclease P/MRP 25 subunit"
"C2cd2",0.0279438561239256,0.7238,"16","C2 calcium-dependent domain containing 2"
"Dnal4",0.0279429719048503,0.7736,"15","dynein, axonemal, light chain 4"
"Lcmt1",0.0279367456899049,0.7024,"7","leucine carboxyl methyltransferase 1"
"Adcy9",-0.0279366263496499,0.5764,"16","adenylate cyclase 9"
"Mindy1",0.0279358398520877,0.6172,"3","MINDY lysine 48 deubiquitinase 1"
"Bud13",-0.0279308548602524,0.664,"9","BUD13 homolog"
"Rcn2",0.0279201937961586,0.6678,"9","reticulocalbin 2"
"Lamp2",-0.027916111451364,0.7698,"X","lysosomal-associated membrane protein 2"
"Emc8",0.0279143645585762,0.6248,"8","ER membrane protein complex subunit 8"
"Brat1",0.0278924422988274,0.612,"5","BRCA1-associated ATM activator 1"
"Chga",0.0278918452877992,0.7236,"12","chromogranin A"
"Tkfc",0.0278887646660291,0.661,"19","triokinase, FMN cyclase"
"Tle2",-0.0278879333085911,0.852,"10","transducin-like enhancer of split 2"
"2210016F16Rik",-0.027887355625384,0.8122,"13","RIKEN cDNA 2210016F16 gene"
"Ttll11",0.0278783686312281,0.6518,"2","tubulin tyrosine ligase-like family, member 11"
"Calr",-0.0278782021941382,0.7168,"8","calreticulin"
"Mfap3",-0.0278759514560347,0.6658,"11","microfibrillar-associated protein 3"
"Faap20",0.0278755099173251,0.8008,"4","Fanconi anemia core complex associated protein 20"
"Pfkfb3",-0.0278714147602983,0.6698,"2","6-phosphofructo-2-kinase/fructose-2,6-biphosphatase 3"
"Adgrb2",0.0278687544167706,0.6986,"4","adhesion G protein-coupled receptor B2"
"Rwdd2a",-0.0278590791177322,0.7702,"9","RWD domain containing 2A"
"Myo5a",-0.0278537824874547,0.8154,"9","myosin VA"
"Spidr",0.0278402337892292,0.7442,"16","scaffolding protein involved in DNA repair"
"Tspan3",0.027838957246809,0.657,"9","tetraspanin 3"
"Cops4",0.0278386300377793,0.648,"5","COP9 signalosome subunit 4"
"Ank",0.027823847261673,0.547,"15","progressive ankylosis"
"Tbc1d10a",0.0278150299570674,0.6314,"11","TBC1 domain family, member 10a"
"Slc35c1",0.0278049550178494,0.6118,"2","solute carrier family 35, member C1"
"Nudt12",0.0277840501240818,0.8132,"17","nudix (nucleoside diphosphate linked moiety X)-type motif 12"
"Crtc2",-0.0277822641313303,0.7858,"3","CREB regulated transcription coactivator 2"
"Irf2bp2",0.027762223019355,0.6756,"8","interferon regulatory factor 2 binding protein 2"
"Gon7",-0.0277587100118359,0.8476,"12","GON7 subunit of KEOPS complex"
"Washc4",-0.0277566977836559,0.8478,"10","WASH complex subunit 4"
"Naa35",0.0277543548340571,0.6012,"13","N(alpha)-acetyltransferase 35, NatC auxiliary subunit"
"Tasp1",-0.0277506184083753,0.7716,"2","taspase, threonine aspartase 1"
"Ankrd46",0.0277416956138818,0.6336,"15","ankyrin repeat domain 46"
"Ccdc85a",0.0277402299950316,0.8076,"11","coiled-coil domain containing 85A"
"Kcnh2",0.0277360639900031,0.7904,"5","potassium voltage-gated channel, subfamily H (eag-related), member 2"
"Fjx1",-0.0277295015782766,0.6882,"2","four jointed box 1"
"Ago1",0.0277269029504774,0.6188,"4","argonaute RISC catalytic subunit 1"
"Cdr2l",0.0277256377791186,0.7004,"11","cerebellar degeneration-related protein 2-like"
"Diaph2",-0.0277145089051603,0.8266,"X","diaphanous related formin 2"
"Gas1",0.0277125969357255,0.7332,"13","growth arrest specific 1"
"Csnk2b",0.0277112266446817,0.717,"17","casein kinase 2, beta polypeptide"
"Erap1",-0.0277107391567104,0.7294,"13","endoplasmic reticulum aminopeptidase 1"
"Tsn",0.0277021765449579,0.5114,"1","translin"
"Dnm2",0.0276904249260497,0.6738,"9","dynamin 2"
"Ankrd11",-0.0276789664237551,0.7638,"8","ankyrin repeat domain 11"
"Tanc2",-0.0276644922103673,0.7594,"11","tetratricopeptide repeat, ankyrin repeat and coiled-coil containing 2"
"Cntn2",-0.0276450318019892,0.7472,"1","contactin 2"
"Tlcd1",-0.0276397971410227,0.745,"11","TLC domain containing 1"
"Kdelr1",0.0276391120386306,0.6598,"7","KDEL (Lys-Asp-Glu-Leu) endoplasmic reticulum protein retention receptor 1"
"Ranbp3",0.027637160416119,0.6872,"17","RAN binding protein 3"
"Baz2a",0.0276351693343564,0.7874,"10","bromodomain adjacent to zinc finger domain, 2A"
"Cnot9",0.0276274260466671,0.5692,"1","CCR4-NOT transcription complex, subunit 9"
"Ddx39b",0.0276251869666853,0.72,"17","DEAD box helicase 39b"
"Tspyl1",-0.0276136934730165,0.7988,"10","testis-specific protein, Y-encoded-like 1"
"Tradd",0.0276132167882621,0.8082,"8","TNFRSF1A-associated via death domain"
"Csnk2a1",0.0276076780272181,0.514,"2","casein kinase 2, alpha 1 polypeptide"
"Erlin1",0.027602553277335,0.7656,"19","ER lipid raft associated 1"
"Ehbp1l1",-0.0276003600186945,0.688,"19","EH domain binding protein 1-like 1"
"Chm",-0.0275959430835595,0.8812,"X","choroidermia (RAB escort protein 1)"
"Thoc6",0.0275850407730309,0.7468,"17","THO complex 6"
"Mybbp1a",0.0275800767338916,0.6718,"11","MYB binding protein (P160) 1a"
"Mapre1",0.027574033922658,0.5438,"2","microtubule-associated protein, RP/EB family, member 1"
"Slc25a12",-0.0275688520894271,0.603,"2","solute carrier family 25 (mitochondrial carrier, Aralar), member 12"
"Bag5",0.0275632144894047,0.6626,"12","BCL2-associated athanogene 5"
"Lrch3",-0.0275623808998224,0.8732,"16","leucine-rich repeats and calponin homology (CH) domain containing 3"
"Dlx2",0.0275601659248579,0.7628,"2","distal-less homeobox 2"
"Wdr77",-0.0275502955097009,0.6478,"3","WD repeat domain 77"
"Cyp2d22",0.0275465407412874,0.6472,"15","cytochrome P450, family 2, subfamily d, polypeptide 22"
"Pik3cd",0.0275437336418509,0.6812,"4","phosphatidylinositol-4,5-bisphosphate 3-kinase catalytic subunit delta"
"Uvssa",0.0275407044762805,0.8324,"5","UV stimulated scaffold protein A"
"Adam19",-0.0275333135140428,0.8048,"11","a disintegrin and metallopeptidase domain 19 (meltrin beta)"
"Vps16",0.0275326049087896,0.6066,"2","VSP16 CORVET/HOPS core subunit"
"Selenok",0.0275156979545761,0.8096,"14","selenoprotein K"
"Diras2",0.0274966972807311,0.5078,"13","DIRAS family, GTP-binding RAS-like 2"
"Gpd2",-0.0274893098083497,0.608,"2","glycerol phosphate dehydrogenase 2, mitochondrial"
"Cog2",0.0274833955183027,0.6678,"8","component of oligomeric golgi complex 2"
"Dnmt3a",0.027459807990061,0.8024,"12","DNA methyltransferase 3A"
"Sidt1",0.0274594763196125,0.6692,"16","SID1 transmembrane family, member 1"
"Wrnip1",0.0274581772608933,0.5986,"13","Werner helicase interacting protein 1"
"Bclaf3",-0.0274499463334945,0.756,"X","Bclaf1 and Thrap3 family member 3"
"B230206H07Rik",-0.0274490752069618,0.9106,"7","RIKEN cDNA B230206H07 gene"
"Trappc12",0.0274104052752042,0.4756,"12","trafficking protein particle complex 12"
"Clcn4",0.0274095451102152,0.4228,"7","chloride channel, voltage-sensitive 4"
"Laptm4a",0.0273834477879999,0.665,"12","lysosomal-associated protein transmembrane 4A"
"Crmp1",0.0273807036779452,0.6612,"5","collapsin response mediator protein 1"
"Bicd2",-0.0273796204402217,0.6718,"13","BICD cargo adaptor 2"
"H2bc4",-0.0273765648959925,0.8376,"13","H2B clustered histone 4"
"H3f3a",0.0273762111825873,0.7138,"1","H3.3 histone A"
"Arl5a",0.0273728390012158,0.7018,"2","ADP-ribosylation factor-like 5A"
"Wdr6",-0.0273405506742916,0.7046,"9","WD repeat domain 6"
"Syn1",0.0273381702389877,0.7832,"X","synapsin I"
"Dnajc18",0.0273236026140209,0.5844,"18","DnaJ heat shock protein family (Hsp40) member C18"
"Ugdh",0.0273214365693857,0.5944,"5","UDP-glucose dehydrogenase"
"Rab3b",0.0273202204714407,0.807,"4","RAB3B, member RAS oncogene family"
"Dop1b",-0.027319110387098,0.6706,"16","DOP1 leucine zipper like protein B"
"Nip7",0.0273175924597675,0.5596,"8","NIP7, nucleolar pre-rRNA processing protein"
"Bod1",0.0273167355377915,0.67,"11","biorientation of chromosomes in cell division 1"
"Pttg1ip",0.0273122639581871,0.4404,"10","pituitary tumor-transforming 1 interacting protein"
"P3h2",0.0273103997788122,0.8108,"16","prolyl 3-hydroxylase 2"
"Ube2r2",0.0272983895129935,0.7394,"4","ubiquitin-conjugating enzyme E2R 2"
"Dennd1b",-0.0272977129766279,0.7774,"1","DENN/MADD domain containing 1B"
"Paqr7",-0.0272930670110414,0.7,"4","progestin and adipoQ receptor family member VII"
"Ckmt1",0.0272872680364138,0.6022,"2","creatine kinase, mitochondrial 1, ubiquitous"
"Fam133b",-0.0272748449502407,0.7164,"5","family with sequence similarity 133, member B"
"Sp1",0.0272687247190202,0.7478,"15","trans-acting transcription factor 1"
"Psmd2",0.027267810318186,0.5526,"16","proteasome (prosome, macropain) 26S subunit, non-ATPase, 2"
"Zbtb49",0.027255944342448,0.8158,"5","zinc finger and BTB domain containing 49"
"Rundc1",-0.0272434570332596,0.4408,"11","RUN domain containing 1"
"Arrb1",0.0272347568077205,0.5472,"7","arrestin, beta 1"
"Socs2",0.0272298843899961,0.7692,"10","suppressor of cytokine signaling 2"
"Ypel4",0.0272282261104451,0.7258,"2","yippee like 4"
"Tifa",-0.027206225345997,0.7878,"3","TRAF-interacting protein with forkhead-associated domain"
"Gde1",0.0271980716473443,0.7316,"7","glycerophosphodiester phosphodiesterase 1"
"Ccdc92b",0.0271880258427197,0.6988,"11","coiled-coil domain containing 92B"
"Inpp5e",0.02718095973687,0.7126,"2","inositol polyphosphate-5-phosphatase E"
"Scarb1",0.027176885911846,0.6234,"5","scavenger receptor class B, member 1"
"Kmt2b",0.0271727541579967,0.7876,"7","lysine (K)-specific methyltransferase 2B"
"Cyp7b1",0.0271717018316462,0.7548,"3","cytochrome P450, family 7, subfamily b, polypeptide 1"
"Hif1an",0.0271650632471809,0.66,"19","hypoxia-inducible factor 1, alpha subunit inhibitor"
"Myt1l",-0.0271606250677259,0.8542,"12","myelin transcription factor 1-like"
"Igsf11",0.0271506952477907,0.637,"16","immunoglobulin superfamily, member 11"
"Rab34",0.0271331934847234,0.8612,"11","RAB34, member RAS oncogene family"
"Tbrg4",0.0271326131867706,0.691,"11","transforming growth factor beta regulated gene 4"
"Srp19",0.0271282005722657,0.6968,"18","signal recognition particle 19"
"Crppa",0.0271230997919245,0.7546,"12","CDP-L-ribitol pyrophosphorylase A"
"Npc2",-0.0271073845931289,0.7722,"12","NPC intracellular cholesterol transporter 2"
"Ankrd6",-0.0270995587056406,0.6242,"4","ankyrin repeat domain 6"
"Gna12",0.0270947801520869,0.7528,"5","guanine nucleotide binding protein, alpha 12"
"Cfap36",0.0270841710598013,0.5586,"11","cilia and flagella associated protein 36"
"Meaf6",0.0270548508129886,0.4304,"4","MYST/Esa1-associated factor 6"
"Dcdc2b",0.027052038915218,0.8852,"4","doublecortin domain containing 2b"
"Atp5k",0.0270451375089253,0.8892,"5","ATP synthase, H+ transporting, mitochondrial F1F0 complex, subunit E"
"Lrrc47",-0.027041916090293,0.7672,"4","leucine rich repeat containing 47"
"Ndufs2",0.027038122019853,0.5688,"1","NADH:ubiquinone oxidoreductase core subunit S2"
"Gna11",0.0270190668384211,0.7774,"10","guanine nucleotide binding protein, alpha 11"
"H2aj",0.0270188423894444,0.8404,"6","H2J.A histone"
"Lrrc10b",0.0270152076369667,0.809,"19","leucine rich repeat containing 10B"
"Ryk",0.0270053488583146,0.67,"9","receptor-like tyrosine kinase"
"Usp31",0.0269991650685668,0.7338,"7","ubiquitin specific peptidase 31"
"Klf8",-0.0269952737640469,0.8722,"X","Kruppel-like factor 8"
"Sall2",-0.0269851062275395,0.6174,"14","spalt like transcription factor 2"
"Atp11b",-0.026980126216503,0.826,"3","ATPase, class VI, type 11B"
"Rbms3",-0.0269787914488901,0.8546,"9","RNA binding motif, single stranded interacting protein"
"Ppa1",0.0269708419011927,0.668,"10","pyrophosphatase (inorganic) 1"
"Zfp251",0.0269704172014373,0.6358,"15","zinc finger protein 251"
"Nfx1",-0.0269564583174517,0.7152,"4","nuclear transcription factor, X-box binding 1"
"Mtmr6",-0.026953744602336,0.8048,"14","myotubularin related protein 6"
"Dusp5",0.0269529034272766,0.852,"19","dual specificity phosphatase 5"
"Scrn1",-0.0269489886371659,0.8022,"6","secernin 1"
"Shc2",0.0269483750454391,0.7242,"10","SHC (Src homology 2 domain containing) transforming protein 2"
"Poc1a",0.0269419779068536,0.8128,"9","POC1 centriolar protein A"
"Dnajc9",-0.0269405456708691,0.638,"14","DnaJ heat shock protein family (Hsp40) member C9"
"Prr5l",-0.0269347378324012,0.8584,"2","proline rich 5 like"
"Eif2b5",0.026933551478038,0.7138,"16","eukaryotic translation initiation factor 2B, subunit 5 epsilon"
"Gng12",0.0269190906011438,0.6194,"6","guanine nucleotide binding protein (G protein), gamma 12"
"Htr1b",-0.0269163940335173,0.8878,"9","5-hydroxytryptamine (serotonin) receptor 1B"
"Ice2",-0.0269146821779152,0.773,"9","interactor of little elongation complex ELL subunit 2"
"Amph",0.0269116465846837,0.6554,"13","amphiphysin"
"Ralgds",0.0269068688042413,0.7138,"2","ral guanine nucleotide dissociation stimulator"
"Paip2b",0.0269037217813821,0.6318,"6","poly(A) binding protein interacting protein 2B"
"Braf",-0.0268996395735392,0.7382,"6","Braf transforming gene"
"Nicn1",0.0268991720091654,0.5824,"9","nicolin 1"
"Ocel1",0.0268907261561828,0.7504,"8","occludin/ELL domain containing 1"
"Cmpk1",0.0268872019961126,0.6602,"4","cytidine monophosphate (UMP-CMP) kinase 1"
"Snx11",0.0268665259528289,0.6552,"11","sorting nexin 11"
"Dhodh",-0.0268608469617426,0.7384,"8","dihydroorotate dehydrogenase"
"6030458C11Rik",-0.0268587065801658,0.6216,"15","RIKEN cDNA 6030458C11 gene"
"Cog8",0.0268531438630788,0.574,"8","component of oligomeric golgi complex 8"
"Canx",-0.0268341607019806,0.6588,"11","calnexin"
"Pcdhgc3",-0.0268293003658222,0.8124,"18","protocadherin gamma subfamily C, 3"
"Cxxc5",0.026822686658214,0.7238,"18","CXXC finger 5"
"Ap1b1",0.0268203546700461,0.7188,"11","adaptor protein complex AP-1, beta 1 subunit"
"Mast4",-0.0268180248767314,0.8136,"13","microtubule associated serine/threonine kinase family member 4"
"Taf12",0.0268146928801887,0.7724,"4","TATA-box binding protein associated factor 12"
"Sft2d3",0.0268113780129484,0.6788,"18","SFT2 domain containing 3"
"Hsdl1",0.026802074324185,0.69,"8","hydroxysteroid dehydrogenase like 1"
"Upf1",0.0268010166263348,0.7246,"8","UPF1 regulator of nonsense transcripts homolog (yeast)"
"Nmi",-0.0267890723475586,0.8596,"2","N-myc (and STAT) interactor"
"Klhdc10",0.0267753031854641,0.3976,"6","kelch domain containing 10"
"Paqr9",0.0267751527416262,0.6696,"9","progestin and adipoQ receptor family member IX"
"Wnk3",0.0267734370125758,0.8346,"X","WNK lysine deficient protein kinase 3"
"Dusp6",-0.026772657699154,0.8334,"10","dual specificity phosphatase 6"
"Stpg1",0.0267713454960203,0.8554,"4","sperm tail PG rich repeat containing 1"
"Map2k1",-0.0267662616695912,0.7758,"9","mitogen-activated protein kinase kinase 1"
"Aloxe3",0.0267552749688784,0.792,"11","arachidonate lipoxygenase 3"
"Stmn1",0.0267540126275527,0.8234,"4","stathmin 1"
"Nyap1",0.0267493243662917,0.5478,"5","neuronal tyrosine-phosphorylated phosphoinositide 3-kinase adaptor 1"
"Snx25",0.0267481517416579,0.7156,"8","sorting nexin 25"
"Etfrf1",-0.0267345738131142,0.5196,"6","electron transfer flavoprotein regulatory factor 1"
"Ubald1",-0.0267314620567687,0.8396,"16","UBA-like domain containing 1"
"Extl3",0.0267251242245958,0.6528,"14","exostosin-like glycosyltransferase 3"
"Aptx",-0.0267242112752504,0.6264,"4","aprataxin"
"C330018D20Rik",-0.0267238030778212,0.7274,"18","RIKEN cDNA C330018D20 gene"
"BC031181",0.0267173355435641,0.7438,"18","cDNA sequence BC031181"
"Armh4",0.026712987074172,0.8412,"14","armadillo-like helical domain containing 4"
"Znhit3",0.0267111594453389,0.7494,"11","zinc finger, HIT type 3"
"Porcn",0.0267073288470483,0.6906,"X","porcupine O-acyltransferase"
"Mob2",0.0267044341599432,0.7748,"7","MOB kinase activator 2"
"Pikfyve",-0.0267014895852498,0.7996,"1","phosphoinositide kinase, FYVE type zinc finger containing"
"Pank2",-0.0266936182932422,0.485,"2","pantothenate kinase 2"
"Arsa",0.0266896045041571,0.6212,"15","arylsulfatase A"
"Macroh2a1",0.026682694045892,0.6564,"13","macroH2A.1 histone"
"Isoc1",-0.026674428910864,0.7604,"18","isochorismatase domain containing 1"
"Cldnd1",0.0266727756913605,0.6554,"16","claudin domain containing 1"
"Sema4a",-0.0266661924525131,0.7398,"3","sema domain, immunoglobulin domain (Ig), transmembrane domain (TM) and short cytoplasmic domain, (semaphorin) 4A"
"Tmtc3",-0.026662242395294,0.8532,"10","transmembrane and tetratricopeptide repeat containing 3"
"Nup93",0.0266533430959681,0.5872,"8","nucleoporin 93"
"Slc25a27",-0.0266490020546755,0.769,"17","solute carrier family 25, member 27"
"Plppr1",0.0266473435209336,0.7622,"4","phospholipid phosphatase related 1"
"Scn3a",-0.0266462832096837,0.8918,"2","sodium channel, voltage-gated, type III, alpha"
"Ubox5",0.0266452896125933,0.6756,"2","U box domain containing 5"
"0610012G03Rik",0.0266395410362916,0.8588,"16","RIKEN cDNA 0610012G03 gene"
"Dio2",0.026635184423168,0.789,"12","deiodinase, iodothyronine, type II"
"Radil",-0.0266256161452252,0.7928,"5","Ras association and DIL domains"
"Zbtb14",-0.0266223439891835,0.7442,"17","zinc finger and BTB domain containing 14"
"Abcb6",-0.0266089781407484,0.6184,"1","ATP-binding cassette, sub-family B (MDR/TAP), member 6"
"Cd38",0.0266037354608284,0.6838,"5","CD38 antigen"
"Gle1",0.0266014358482556,0.5682,"2","GLE1 RNA export mediator (yeast)"
"Tprgl",0.0265907601504178,0.7522,"4","transformation related protein 63 regulated like"
"Tbr1",0.0265901783514071,0.86,"2","T-box brain transcription factor 1"
"Atp1a2",0.0265896015600422,0.745,"1","ATPase, Na+/K+ transporting, alpha 2 polypeptide"
"Fahd1",0.0265884905692237,0.7048,"17","fumarylacetoacetate hydrolase domain containing 1"
"Ube2d1",0.0265856723001079,0.7612,"10","ubiquitin-conjugating enzyme E2D 1"
"Zfp653",0.0265847232656284,0.793,"9","zinc finger protein 653"
"LTO1",0.0265771305815483,0.6382,"7","ABCE maturation factor"
"Ppme1",0.0265708959126334,0.5642,"7","protein phosphatase methylesterase 1"
"Vps26a",0.0265654364180818,0.6266,"10","VPS26 retromer complex component A"
"Cisd1",-0.0265595153341573,0.786,"10","CDGSH iron sulfur domain 1"
"Kctd6",0.0265570296791555,0.584,"14","potassium channel tetramerisation domain containing 6"
"Dennd11",-0.0265500527024507,0.5814,"6","DENN domain containing 11"
"Vdac1",0.0265447331498052,0.6196,"11","voltage-dependent anion channel 1"
"Fktn",-0.0265325539681971,0.8458,"4","fukutin"
"Wdr73",0.0265298207340416,0.7736,"7","WD repeat domain 73"
"2810021J22Rik",0.0265215368582021,0.7418,"11","RIKEN cDNA 2810021J22 gene"
"Nudcd3",0.0265174167479971,0.5366,"11","NudC domain containing 3"
"Vars",0.0265110604880094,0.7832,"17","valyl-tRNA synthetase"
"Sdr42e1",-0.0265059478593703,0.6712,"8","short chain dehydrogenase/reductase family 42E, member 1"
"Gtpbp2",-0.0264796898627475,0.7934,"17","GTP binding protein 2"
"Efnb1",-0.0264603906094854,0.6352,"X","ephrin B1"
"Eea1",-0.0264579390792008,0.8226,"10","early endosome antigen 1"
"Strn4",0.0264528737442058,0.4542,"7","striatin, calmodulin binding protein 4"
"Lonp2",0.0264438362811363,0.72,"8","lon peptidase 2, peroxisomal"
"Cspp1",-0.0264382135400627,0.8504,"1","centrosome and spindle pole associated protein 1"
"Armc6",0.0264352034450113,0.7778,"8","armadillo repeat containing 6"
"Wdr36",0.0264310696407692,0.7326,"18","WD repeat domain 36"
"Tnfrsf19",-0.0264208163394359,0.5498,"14","tumor necrosis factor receptor superfamily, member 19"
"Tubg1",0.0264179587878992,0.7214,"11","tubulin, gamma 1"
"Fut8",-0.0264137736366505,0.7066,"12","fucosyltransferase 8"
"Scyl3",-0.0264086892085,0.689,"1","SCY1-like 3 (S. cerevisiae)"
"Dhrs1",0.0264080301184801,0.6386,"14","dehydrogenase/reductase (SDR family) member 1"
"Cand1",-0.0264049754995588,0.786,"10","cullin associated and neddylation disassociated 1"
"Nfasc",0.0263960825463947,0.7558,"1","neurofascin"
"Zfp418",-0.0263945150783544,0.7436,"7","zinc finger protein 418"
"Clstn2",0.0263837109271767,0.6572,"9","calsyntenin 2"
"Lnpk",-0.0263738179541146,0.7992,"2","lunapark, ER junction formation factor"
"Tmed7",-0.0263632857262701,0.7916,"18","transmembrane p24 trafficking protein 7"
"Atp2b2",-0.0263593589208035,0.5884,"6","ATPase, Ca++ transporting, plasma membrane 2"
"Siah2",0.0263513200476377,0.7216,"3","siah E3 ubiquitin protein ligase 2"
"Polr3c",0.0263504795791887,0.6066,"3","polymerase (RNA) III (DNA directed) polypeptide C"
"Klhl7",-0.0263441889150524,0.8106,"5","kelch-like 7"
"Taok3",-0.0263421232384413,0.5758,"5","TAO kinase 3"
"Ankrd17",-0.0263259776249791,0.8306,"5","ankyrin repeat domain 17"
"Rpl12",0.0263198326563021,0.8632,"2","ribosomal protein L12"
"Kcnj16",0.0263197382719147,0.7662,"11","potassium inwardly-rectifying channel, subfamily J, member 16"
"Sepsecs",0.0263187297133136,0.7182,"5","Sep (O-phosphoserine) tRNA:Sec (selenocysteine) tRNA synthase"
"Gria2",-0.0263107060241516,0.8764,"3","glutamate receptor, ionotropic, AMPA2 (alpha 2)"
"Zeb2os",-0.0262989479460727,0.8494,"2","zinc finger E-box binding homeobox 2, opposite strand"
"Fam110b",0.0262988910497342,0.6234,"4","family with sequence similarity 110, member B"
"Clint1",-0.0262987910781387,0.8876,"11","clathrin interactor 1"
"Kifap3",-0.026293927143902,0.8168,"1","kinesin-associated protein 3"
"Ackr3",0.0262845159163021,0.8044,"1","atypical chemokine receptor 3"
"Sh3bp5",0.0262791262464797,0.732,"14","SH3-domain binding protein 5 (BTK-associated)"
"Acly",-0.0262719131867435,0.7134,"11","ATP citrate lyase"
"Rnf6",-0.0262547427314086,0.7372,"5","ring finger protein (C3H2C3 type) 6"
"Gca",0.0262428792359604,0.778,"2","grancalcin"
"Wbp4",0.0262422350783291,0.6528,"14","WW domain binding protein 4"
"Rbms2",-0.0262421067460066,0.716,"10","RNA binding motif, single stranded interacting protein 2"
"Zc3h10",0.026241273825403,0.7038,"10","zinc finger CCCH type containing 10"
"Osbp2",0.026235852600565,0.276,"11","oxysterol binding protein 2"
"Ankrd12",-0.0262310566736854,0.8466,"17","ankyrin repeat domain 12"
"Ube2e1",0.026212237673839,0.797,"14","ubiquitin-conjugating enzyme E2E 1"
"Ctsb",-0.0262050844934762,0.7384,"14","cathepsin B"
"Rbm12",-0.0262028776598306,0.8402,"2","RNA binding motif protein 12"
"Cep131",0.0261936173444024,0.791,"11","centrosomal protein 131"
"Srp68",0.0261935554493116,0.6192,"11","signal recognition particle 68"
"Sdccag8",0.0261860838189527,0.6748,"1","serologically defined colon cancer antigen 8"
"Actr1a",0.0261823433012562,0.7294,"19","ARP1 actin-related protein 1A, centractin alpha"
"Pdzk1",-0.0261763478417825,0.709,"3","PDZ domain containing 1"
"Rpgrip1l",0.0261713420822836,0.8672,"8","Rpgrip1-like"
"Tmem192",0.0261638574058796,0.715,"8","transmembrane protein 192"
"Rusc1",0.0261620034360401,0.591,"3","RUN and SH3 domain containing 1"
"Sin3b",0.0261555176639749,0.6846,"8","transcriptional regulator, SIN3B (yeast)"
"Brms1l",-0.026140262283592,0.7618,"12","breast cancer metastasis-suppressor 1-like"
"Casc3",0.0261329221364814,0.5552,"11","cancer susceptibility candidate 3"
"Stac2",0.026115443624958,0.7946,"11","SH3 and cysteine rich domain 2"
"Gbp4",-0.0261132927097961,0.9414,"5","guanylate binding protein 4"
"Slc27a4",0.0261078686604623,0.7584,"2","solute carrier family 27 (fatty acid transporter), member 4"
"Ino80",-0.0260889486716493,0.7312,"2","INO80 complex subunit"
"Eif2s3x",0.0260851017501578,0.8832,"X","eukaryotic translation initiation factor 2, subunit 3, structural gene X-linked"
"Pigq",0.0260834904256741,0.5576,"17","phosphatidylinositol glycan anchor biosynthesis, class Q"
"Pomgnt2",0.0260807116241271,0.6602,"9","protein O-linked mannose beta 1,4-N-acetylglucosaminyltransferase 2"
"Rnf181",0.0260742741791171,0.7762,"6","ring finger protein 181"
"Mid1",-0.0260738780848113,0.874,"X","midline 1"
"Rbfox1",0.0260725116359612,0.7242,"16","RNA binding protein, fox-1 homolog (C. elegans) 1"
"Repin1",0.0260707096607806,0.5558,"6","replication initiator 1"
"Mrps6",-0.0260670855158942,0.8368,"16","mitochondrial ribosomal protein S6"
"Slc35a4",0.026062291291626,0.7534,"18","solute carrier family 35, member A4"
"Ccndbp1",-0.0260614636192118,0.6692,"2","cyclin D-type binding-protein 1"
"Stx7",-0.0260445734892674,0.74,"10","syntaxin 7"
"Anapc15",-0.0260276465130036,0.7622,"7","anaphase promoting complex C subunit 15"
"Virma",-0.0260272513027049,0.7912,"4","vir like m6A methyltransferase associated"
"C030029H02Rik",-0.0260219119324638,0.8956,"7","RIKEN cDNA C030029H02 gene"
"Yeats4",0.0260187579470905,0.7874,"10","YEATS domain containing 4"
"Zfp583",0.0260127034316464,0.727,"7","zinc finger protein 583"
"Rgs4",-0.0260085506750576,0.7596,"1","regulator of G-protein signaling 4"
"Kcnk4",0.0260070825856329,0.7898,"19","potassium channel, subfamily K, member 4"
"1700030K09Rik",-0.0260021358750482,0.7786,"8","RIKEN cDNA 1700030K09 gene"
"Scd2",-0.025988867107376,0.6192,"19","stearoyl-Coenzyme A desaturase 2"
"Gnpda2",0.0259869745818548,0.7294,"5","glucosamine-6-phosphate deaminase 2"
"Evi2a",-0.0259822910067902,0.8776,"11","ecotropic viral integration site 2a"
"Elfn1",-0.0259798045131143,0.824,"5","leucine rich repeat and fibronectin type III, extracellular 1"
"Grpel2",0.0259653290503916,0.335,"18","GrpE-like 2, mitochondrial"
"Ppwd1",0.0259602513553583,0.8088,"13","peptidylprolyl isomerase domain and WD repeat containing 1"
"Nudt8",0.0259594685535531,0.8142,"19","nudix (nucleoside diphosphate linked moiety X)-type motif 8"
"Gpld1",-0.0259453973671375,0.679,"13","glycosylphosphatidylinositol specific phospholipase D1"
"Pla2g12a",0.025933693201452,0.7588,"3","phospholipase A2, group XIIA"
"Rbm48",0.025904873486096,0.7236,"5","RNA binding motif protein 48"
"Tepsin",0.0259034034932126,0.7376,"11","TEPSIN, adaptor related protein complex 4 accessory protein"
"Cdk17",-0.0258991410673541,0.8786,"10","cyclin-dependent kinase 17"
"Arhgef3",-0.0258846855053392,0.5674,"14","Rho guanine nucleotide exchange factor (GEF) 3"
"Pwp1",-0.0258844895113075,0.694,"10","PWP1 homolog, endonuclein"
"Ndufa9",0.025882413460744,0.6812,"6","NADH:ubiquinone oxidoreductase subunit A9"
"Heatr3",0.0258701286941907,0.6072,"8","HEAT repeat containing 3"
"Cemip2",-0.0258639521698085,0.7664,"19","cell migration inducing hyaluronidase 2"
"Stx1a",-0.0258594194810087,0.7204,"5","syntaxin 1A (brain)"
"Sh3bp5l",0.0258539080297107,0.516,"11","SH3 binding domain protein 5 like"
"Secisbp2",-0.0258531382418798,0.7066,"13","SECIS binding protein 2"
"Eif4enif1",-0.0258511988220249,0.4524,"11","eukaryotic translation initiation factor 4E nuclear import factor 1"
"Pak2",-0.0258421270638101,0.7388,"16","p21 (RAC1) activated kinase 2"
"Cggbp1",-0.025829289848688,0.6248,"16","CGG triplet repeat binding protein 1"
"2300009A05Rik",0.0258286751537233,0.8038,"9","RIKEN cDNA 2300009A05 gene"
"Ilf2",0.0258091450230609,0.5782,"3","interleukin enhancer binding factor 2"
"Pym1",0.0258044917732487,0.8082,"10","PYM homolog 1, exon junction complex associated factor"
"Fkbp10",-0.0258028613084158,0.8356,"11","FK506 binding protein 10"
"Zfp563",-0.0257954430958494,0.6692,"17","zinc finger protein 563"
"Gpatch2",-0.0257641368093759,0.6642,"1","G patch domain containing 2"
"Ddx46",0.0257626575116916,0.7718,"13","DEAD box helicase 46"
"Gpr176",0.0257563915582257,0.6704,"2","G protein-coupled receptor 176"
"Rfc5",-0.0257540654299562,0.7346,"5","replication factor C (activator 1) 5"
"Clns1a",0.0257522547471503,0.6684,"7","chloride channel, nucleotide-sensitive, 1A"
"Eftud2",0.0257328437806041,0.5022,"11","elongation factor Tu GTP binding domain containing 2"
"Zbtb16",-0.0257265924513517,0.8398,"9","zinc finger and BTB domain containing 16"
"Max",-0.025716161175243,0.6352,"12","Max protein"
"Rps6ka2",-0.0257150025674564,0.6184,"17","ribosomal protein S6 kinase, polypeptide 2"
"Kcnq5",-0.0257102066571839,0.8158,"1","potassium voltage-gated channel, subfamily Q, member 5"
"Slc16a13",0.0257063683577328,0.7952,"11","solute carrier family 16 (monocarboxylic acid transporters), member 13"
"Slc39a1",-0.0257031508142997,0.6518,"3","solute carrier family 39 (zinc transporter), member 1"
"Raly",0.0256985035357742,0.8018,"2","hnRNP-associated with lethal yellow"
"Tmem94",-0.0256975597480134,0.649,"11","transmembrane protein 94"
"Trpc4",0.0256967839147952,0.7312,"3","transient receptor potential cation channel, subfamily C, member 4"
"Pdcl3",0.025682972848962,0.6428,"1","phosducin-like 3"
"Nudt2",-0.0256527774854054,0.8228,"4","nudix (nucleoside diphosphate linked moiety X)-type motif 2"
"Aff3",-0.0256500772801074,0.8046,"1","AF4/FMR2 family, member 3"
"Arnt2",-0.0256427831514436,0.628,"7","aryl hydrocarbon receptor nuclear translocator 2"
"Ankdd1b",-0.0256319166090471,0.7716,"13","ankyrin repeat and death domain containing 1B"
"Noc3l",-0.0256149175743499,0.7344,"19","NOC3 like DNA replication regulator"
"Vezf1",-0.0256137085168273,0.695,"11","vascular endothelial zinc finger 1"
"Oga",-0.0256130768871365,0.7796,"19","O-GlcNAcase"
"Srsf4",0.0256091861984515,0.6448,"4","serine and arginine-rich splicing factor 4"
"U2af1",0.0255938981693706,0.7176,"17","U2 small nuclear ribonucleoprotein auxiliary factor (U2AF) 1"
"Rbfox3",-0.0255859239884035,0.618,"11","RNA binding protein, fox-1 homolog (C. elegans) 3"
"Leprotl1",-0.0255713208221557,0.6242,"8","leptin receptor overlapping transcript-like 1"
"Idnk",-0.0255708322020465,0.7656,"13","idnK gluconokinase homolog (E. coli)"
"Nsmce3",0.0255665699137184,0.7418,"7","NSE3 homolog, SMC5-SMC6 complex component"
"Dusp22",0.025565656562196,0.5914,"13","dual specificity phosphatase 22"
"Clock",0.0255561858215598,0.7964,"5","circadian locomotor output cycles kaput"
"Cend1",0.0255484730256788,0.6552,"7","cell cycle exit and neuronal differentiation 1"
"Faim2",0.0255418906804614,0.6428,"15","Fas apoptotic inhibitory molecule 2"
"Zfp599",0.0255253013469039,0.7218,"9","zinc finger protein 599"
"Zfr",0.025522546914722,0.6366,"15","zinc finger RNA binding protein"
"Phactr1",0.0255221996740609,0.743,"13","phosphatase and actin regulator 1"
"Gjb1",-0.0255180022688855,0.869,"X","gap junction protein, beta 1"
"Osgin2",0.0254942399971694,0.631,"4","oxidative stress induced growth inhibitor family member 2"
"Mrpl35",0.0254883855755512,0.5722,"6","mitochondrial ribosomal protein L35"
"Zdhhc2",0.0254829213314682,0.8286,"8","zinc finger, DHHC domain containing 2"
"Lrp8",0.0254816000839089,0.7772,"4","low density lipoprotein receptor-related protein 8, apolipoprotein e receptor"
"Lmtk2",-0.0254786348734983,0.78,"5","lemur tyrosine kinase 2"
"Gps2",-0.025478126056945,0.7712,"11","G protein pathway suppressor 2"
"Slit1",-0.0254655097800924,0.8714,"19","slit guidance ligand 1"
"Gria3",-0.0254645732461443,0.7396,"X","glutamate receptor, ionotropic, AMPA3 (alpha 3)"
"Herc6",-0.0254590446161695,0.8416,"6","hect domain and RLD 6"
"Zer1",0.025452582296392,0.7702,"2","zyg-11 related, cell cycle regulator"
"Axl",0.0254500995172373,0.667,"7","AXL receptor tyrosine kinase"
"Arpc5",0.025440981830311,0.5672,"1","actin related protein 2/3 complex, subunit 5"
"D030056L22Rik",0.0254315896240893,0.6786,"19","RIKEN cDNA D030056L22 gene"
"Hnrnpa2b1",-0.0254283256435315,0.8708,"6","heterogeneous nuclear ribonucleoprotein A2/B1"
"Sec24b",-0.0254280818299684,0.769,"3","Sec24 related gene family, member B (S. cerevisiae)"
"Ppp3cb",0.0254205350059156,0.8122,"14","protein phosphatase 3, catalytic subunit, beta isoform"
"Cask",-0.025406562247797,0.6392,"X","calcium/calmodulin-dependent serine protein kinase (MAGUK family)"
"C9orf72",0.0254004841410183,0.7332,"4","C9orf72, member of C9orf72-SMCR8 complex"
"Septin9",-0.0253978008126516,0.7408,"11","septin 9"
"Hps3",0.0253879379885973,0.7406,"3","HPS3, biogenesis of lysosomal organelles complex 2 subunit 1"
"Nxpe4",-0.0253740693348061,0.8144,"9","neurexophilin and PC-esterase domain family, member 4"
"Wdr12",0.0253557907505888,0.5696,"1","WD repeat domain 12"
"Nup160",-0.025355506460643,0.8356,"2","nucleoporin 160"
"Psme2",-0.025347524818335,0.8248,"14","proteasome (prosome, macropain) activator subunit 2 (PA28 beta)"
"Sybu",-0.0253395337262923,0.829,"15","syntabulin (syntaxin-interacting)"
"Marveld1",0.0253375158750693,0.791,"19","MARVEL (membrane-associating) domain containing 1"
"Commd6",0.0253316394681651,0.7528,"14","COMM domain containing 6"
"4931406C07Rik",0.0253297902970688,0.644,"9","RIKEN cDNA 4931406C07 gene"
"Bnip2",-0.0253285350616546,0.6056,"9","BCL2/adenovirus E1B interacting protein 2"
"Psrc1",0.0253280621266767,0.7816,"3","proline/serine-rich coiled-coil 1"
"Fdx1",-0.0253147036001278,0.6836,"9","ferredoxin 1"
"Pold3",0.0253136203297952,0.6078,"7","polymerase (DNA-directed), delta 3, accessory subunit"
"Nsun2",0.0253052223197638,0.4514,"13","NOL1/NOP2/Sun domain family member 2"
"Dtx4",0.0253021390113455,0.7268,"19","deltex 4, E3 ubiquitin ligase"
"Dph2",0.0253012306084113,0.7022,"4","DPH2 homolog"
"Adss",0.0252850178855963,0.6568,"1","adenylosuccinate synthetase, non muscle"
"Hspa4",-0.0252752566597776,0.7698,"11","heat shock protein 4"
"Timm10",0.0252718052451355,0.81,"2","translocase of inner mitochondrial membrane 10"
"Eml5",-0.0252645380448095,0.8868,"12","echinoderm microtubule associated protein like 5"
"Cfap44",-0.0252554769653983,0.9112,"16","cilia and flagella associated protein 44"
"Prr12",-0.0252513776794512,0.721,"7","proline rich 12"
"Slc35a3",0.0252504595293344,0.8298,"3","solute carrier family 35 (UDP-N-acetylglucosamine (UDP-GlcNAc) transporter), member 3"
"Lsm8",0.0252460335568934,0.7882,"6","LSM8 homolog, U6 small nuclear RNA associated"
"Dr1",-0.0252411539672988,0.9194,"5","down-regulator of transcription 1"
"Srfbp1",-0.0252311917346084,0.5296,"18","serum response factor binding protein 1"
"Usp10",0.0252300766638545,0.3568,"8","ubiquitin specific peptidase 10"
"Atp23",0.0252295121687873,0.7326,"10","ATP23 metallopeptidase and ATP synthase assembly factor homolog"
"Prkag1",0.0252278742657204,0.5694,"15","protein kinase, AMP-activated, gamma 1 non-catalytic subunit"
"Glb1",0.0252220877270162,0.7496,"9","galactosidase, beta 1"
"Cnot4",0.0252174291475802,0.6836,"6","CCR4-NOT transcription complex, subunit 4"
"Polr3h",0.0252112250896079,0.785,"15","polymerase (RNA) III (DNA directed) polypeptide H"
"Trank1",0.0252008080430492,0.8784,"9","tetratricopeptide repeat and ankyrin repeat containing 1"
"Pea15a",0.0251982813817513,0.8176,"1","proliferation and apoptosis adaptor protein 15A"
"Atp13a5",-0.0251959537812327,0.8708,"16","ATPase type 13A5"
"Slc25a5",0.0251918044839972,0.695,"X","solute carrier family 25 (mitochondrial carrier, adenine nucleotide translocator), member 5"
"Prim1",0.0251917641255526,0.8318,"10","DNA primase, p49 subunit"
"Unc5d",0.0251836343663374,0.8402,"8","unc-5 netrin receptor D"
"Gne",-0.025168982238041,0.6222,"4","glucosamine (UDP-N-acetyl)-2-epimerase/N-acetylmannosamine kinase"
"Mtmr1",0.0251623122790985,0.6984,"X","myotubularin related protein 1"
"C130046K22Rik",-0.0251406610400693,0.7624,"11","RIKEN cDNA C130046K22 gene"
"Lin7a",-0.0251390664104552,0.729,"10","lin-7 homolog A, crumbs cell polarity complex component"
"Phf21a",0.0251135777596536,0.7032,"2","PHD finger protein 21A"
"Slc25a11",0.0251080503901893,0.7172,"11","solute carrier family 25 (mitochondrial carrier oxoglutarate carrier), member 11"
"Frmd6",-0.0250979092467141,0.7724,"12","FERM domain containing 6"
"Bok",0.0250902741039098,0.8954,"1","BCL2-related ovarian killer"
"Dlx1",0.0250788261075074,0.7328,"2","distal-less homeobox 1"
"Cenpc1",0.0250764657581177,0.8156,"5","centromere protein C1"
"Gemin2",0.0250679472976554,0.709,"12","gem nuclear organelle associated protein 2"
"Oxr1",-0.0250668941186083,0.8858,"15","oxidation resistance 1"
"Sox10",-0.0250639189077937,0.8188,"15","SRY (sex determining region Y)-box 10"
"Neto1",0.0250505021297132,0.8046,"18","neuropilin (NRP) and tolloid (TLL)-like 1"
"Parg",0.0250427325896672,0.6726,"14","poly (ADP-ribose) glycohydrolase"
"Gga3",0.025042314105665,0.7448,"11","golgi associated, gamma adaptin ear containing, ARF binding protein 3"
"Atp5b",0.0250400800454784,0.7008,"10","ATP synthase, H+ transporting mitochondrial F1 complex, beta subunit"
"Fbxo45",0.0250373470882952,0.5266,"16","F-box protein 45"
"Tmco3",-0.0250365367134515,0.709,"8","transmembrane and coiled-coil domains 3"
"Klf9",-0.0250214945665022,0.8274,"19","Kruppel-like factor 9"
"Dtwd1",0.0250134452956732,0.7624,"2","DTW domain containing 1"
"Ipmk",0.0250134165029685,0.5588,"10","inositol polyphosphate multikinase"
"Zfp449",-0.0250126110156668,0.79,"X","zinc finger protein 449"
"Syne4",-0.0249990617737466,0.906,"7","spectrin repeat containing, nuclear envelope family member 4"
"Zdhhc5",-0.0249929467927519,0.8166,"2","zinc finger, DHHC domain containing 5"
"Zfp422",0.024989327407904,0.6108,"6","zinc finger protein 422"
"Atp6v0a2",0.0249820667250633,0.4544,"5","ATPase, H+ transporting, lysosomal V0 subunit A2"
"Hsp90aa1",0.0249697951597021,0.7908,"12","heat shock protein 90, alpha (cytosolic), class A member 1"
"Metrnl",-0.0249599403058229,0.8094,"11","meteorin, glial cell differentiation regulator-like"
"Tmem42",0.0249588608816267,0.8106,"9","transmembrane protein 42"
"Fads2",-0.0249392088855673,0.7512,"19","fatty acid desaturase 2"
"Cdk12",0.024936101878315,0.8462,"11","cyclin-dependent kinase 12"
"Cdh8",-0.0249355728667515,0.9156,"8","cadherin 8"
"Cbfa2t2",-0.0249323591692905,0.76,"2","CBFA2/RUNX1 translocation partner 2"
"Krt1",-0.0249237727226053,0.8498,"15","keratin 1"
"Patj",0.0249200837476167,0.832,"4","PATJ, crumbs cell polarity complex component"
"Nat8l",0.0249089966371248,0.7498,"5","N-acetyltransferase 8-like"
"Anp32b",0.0249074719231519,0.7874,"4","acidic (leucine-rich) nuclear phosphoprotein 32 family, member B"
"Hook1",-0.0249032105934557,0.923,"4","hook microtubule tethering protein 1"
"Stk26",-0.0248996574759999,0.9004,"X","serine/threonine kinase 26"
"Galnt18",0.0248967267761104,0.5932,"7","polypeptide N-acetylgalactosaminyltransferase 18"
"Lrrc41",0.0248937964805371,0.6946,"4","leucine rich repeat containing 41"
"Mroh1",0.0248937075859885,0.7962,"15","maestro heat-like repeat family member 1"
"Rwdd4a",-0.0248931043481546,0.6748,"8","RWD domain containing 4A"
"Zmym5",0.024889298795685,0.8002,"14","zinc finger, MYM-type 5"
"Abl1",0.0248855408025808,0.6456,"2","c-abl oncogene 1, non-receptor tyrosine kinase"
"Lmo7",-0.0248733451854761,0.837,"14","LIM domain only 7"
"Fkbp9",-0.0248700143232288,0.7046,"6","FK506 binding protein 9"
"Med8",0.0248693300215495,0.598,"4","mediator complex subunit 8"
"Vopp1",0.0248478915584016,0.6546,"6","vesicular, overexpressed in cancer, prosurvival protein 1"
"Zfp959",0.0248415606715167,0.7448,"17","zinc finger protein 959"
"Btf3l4",0.0248247691776537,0.6296,"4","basic transcription factor 3-like 4"
"Cox15",-0.0248247539446407,0.7042,"19","cytochrome c oxidase assembly protein 15"
"Rpl36a",0.0248246742655525,0.8948,"X","ribosomal protein L36A"
"Urb1",-0.0248157504126998,0.8034,"16","URB1 ribosome biogenesis 1 homolog (S. cerevisiae)"
"4930570G19Rik",-0.0248034999664957,0.867,"3","RIKEN cDNA 4930570G19 gene"
"Zfp644",-0.024795015048432,0.8666,"5","zinc finger protein 644"
"Rapgefl1",0.0247874434191786,0.7834,"11","Rap guanine nucleotide exchange factor (GEF)-like 1"
"Bnip1",0.024778537855048,0.819,"17","BCL2/adenovirus E1B interacting protein 1"
"Ddb1",-0.0247694772119234,0.7074,"19","damage specific DNA binding protein 1"
"Abca8b",-0.024763977940383,0.813,"11","ATP-binding cassette, sub-family A (ABC1), member 8b"
"Ift74",-0.024744343479389,0.6798,"4","intraflagellar transport 74"
"Mag",-0.0247423937459263,0.8506,"7","myelin-associated glycoprotein"
"Lactb",-0.024739749615823,0.7132,"9","lactamase, beta"
"Espn",-0.0247233824175226,0.8394,"4","espin"
"Mtarc2",-0.0247218335313546,0.6368,"1","mitochondrial amidoxime reducing component 2"
"Cntnap1",0.0247173606171369,0.644,"11","contactin associated protein-like 1"
"Auts2",-0.024715332785866,0.7774,"5","autism susceptibility candidate 2"
"Nr6a1",0.0246954422053931,0.7346,"2","nuclear receptor subfamily 6, group A, member 1"
"Bmp4",0.0246944148775092,0.8632,"14","bone morphogenetic protein 4"
"Ube3c",0.0246902898681478,0.7372,"5","ubiquitin protein ligase E3C"
"Eno1",-0.0246831728745835,0.8212,"4","enolase 1, alpha non-neuron"
"Rad18",0.0246574837291456,0.847,"6","RAD18 E3 ubiquitin protein ligase"
"Tbccd1",-0.0246459127490875,0.6834,"16","TBCC domain containing 1"
"Akap10",-0.0246299610092882,0.8448,"11","A kinase (PRKA) anchor protein 10"
"Naa30",0.0246268972275603,0.645,"14","N(alpha)-acetyltransferase 30, NatC catalytic subunit"
"Nat9",0.0246240216564013,0.8634,"11","N-acetyltransferase 9 (GCN5-related, putative)"
"Tulp3",-0.0245990488379304,0.7212,"6","tubby-like protein 3"
"Trip6",0.0245850275978161,0.8746,"5","thyroid hormone receptor interactor 6"
"Trappc1",0.0245847065593159,0.8246,"11","trafficking protein particle complex 1"
"Sin3a",0.0245785854420726,0.702,"9","transcriptional regulator, SIN3A (yeast)"
"Pfkm",0.0245779863051485,0.491,"15","phosphofructokinase, muscle"
"Prkce",0.0245727597886418,0.5154,"17","protein kinase C, epsilon"
"Prex1",-0.0245686092175825,0.6556,"2","phosphatidylinositol-3,4,5-trisphosphate-dependent Rac exchange factor 1"
"Cant1",0.0245591845784698,0.45,"11","calcium activated nucleotidase 1"
"Rasl11b",0.0245578530390027,0.7432,"5","RAS-like, family 11, member B"
"Comtd1",0.0245450855720615,0.9226,"14","catechol-O-methyltransferase domain containing 1"
"Dpysl3",-0.0245446779502227,0.7716,"18","dihydropyrimidinase-like 3"
"Zfp639",0.0245399539180982,0.614,"3","zinc finger protein 639"
"Cadps2",-0.0245369000281439,0.8576,"6","Ca2+-dependent activator protein for secretion 2"
"Mrpl15",0.0245302003313048,0.714,"1","mitochondrial ribosomal protein L15"
"Ndufa7",0.0245286356829189,0.8688,"17","NADH:ubiquinone oxidoreductase subunit A7"
"Hivep2",0.0245210100898685,0.7422,"10","human immunodeficiency virus type I enhancer binding protein 2"
"Smim20",-0.0245164184611695,0.8086,"5","small integral membrane protein 20"
"Inip",-0.0245076326037221,0.5832,"4","INTS3 and NABP interacting protein"
"Ube2l3",0.0244964833855308,0.7888,"16","ubiquitin-conjugating enzyme E2L 3"
"Kank3",0.0244852175786257,0.735,"17","KN motif and ankyrin repeat domains 3"
"Phf12",0.0244827093655111,0.737,"11","PHD finger protein 12"
"Ppcdc",0.0244541163098129,0.7498,"9","phosphopantothenoylcysteine decarboxylase"
"Zscan29",0.024452305854533,0.701,"2","zinc finger SCAN domains 29"
"Myc",0.0244480927615967,0.795,"15","myelocytomatosis oncogene"
"Glb1l",-0.0244467591160289,0.8572,"1","galactosidase, beta 1-like"
"Ruvbl1",-0.0244420042609486,0.654,"6","RuvB-like protein 1"
"Pcgf2",-0.0244311630084049,0.8366,"11","polycomb group ring finger 2"
"C2cd2l",-0.0244248871351198,0.6108,"9","C2 calcium-dependent domain containing 2-like"
"Mef2a",0.024418484624432,0.7912,"7","myocyte enhancer factor 2A"
"Gclm",-0.0244148367451809,0.753,"3","glutamate-cysteine ligase, modifier subunit"
"Ahctf1",-0.024406628396858,0.847,"1","AT hook containing transcription factor 1"
"Fam32a",0.0243887031982322,0.6398,"8","family with sequence similarity 32, member A"
"Mau2",0.0243751784028419,0.7202,"8","MAU2 sister chromatid cohesion factor"
"Cnot10",0.024360259850587,0.7176,"9","CCR4-NOT transcription complex, subunit 10"
"Fkbp3",0.0243301092804478,0.72,"12","FK506 binding protein 3"
"Emc1",0.0243197114884524,0.5866,"4","ER membrane protein complex subunit 1"
"Ncl",0.0243163081132565,0.6562,"1","nucleolin"
"Ablim3",0.0243136632282024,0.6676,"18","actin binding LIM protein family, member 3"
"Mapk11",0.0243026586576791,0.7856,"15","mitogen-activated protein kinase 11"
"Anapc4",0.0243002881635759,0.4514,"5","anaphase promoting complex subunit 4"
"Nfib",0.0242820440765961,0.5292,"4","nuclear factor I/B"
"1810055G02Rik",0.0242668300084929,0.5996,"19","RIKEN cDNA 1810055G02 gene"
"Snrnp70",0.0242640980899935,0.8788,"7","small nuclear ribonucleoprotein 70 (U1)"
"Polr2m",-0.024258252170803,0.7354,"9","polymerase (RNA) II (DNA directed) polypeptide M"
"Otud4",-0.0242554226055898,0.8462,"8","OTU domain containing 4"
"Ube2d3",-0.0242545836020911,0.8044,"3","ubiquitin-conjugating enzyme E2D 3"
"Trib1",0.0242462235030736,0.8066,"15","tribbles pseudokinase 1"
"B9d1",0.0242422432834544,0.8268,"11","B9 protein domain 1"
"Clu",0.0242332171476516,0.7502,"14","clusterin"
"Mcub",0.0242259954087503,0.8152,"3","mitochondrial calcium uniporter dominant negative beta subunit"
"Ipp",-0.0242095363133581,0.8806,"4","IAP promoted placental gene"
"Ppp1r15b",-0.0242019795635855,0.6408,"1","protein phosphatase 1, regulatory subunit 15B"
"Becn1",0.0242005577342415,0.4078,"11","beclin 1, autophagy related"
"Plekhb2",0.0241975568040491,0.6048,"1","pleckstrin homology domain containing, family B (evectins) member 2"
"Chrna4",-0.0241895970307722,0.8432,"2","cholinergic receptor, nicotinic, alpha polypeptide 4"
"Cript",0.0241890684250654,0.8158,"17","cysteine-rich PDZ-binding protein"
"Aida",-0.0241783635675255,0.5286,"1","axin interactor, dorsalization associated"
"Myt1",0.0241670653241481,0.8476,"2","myelin transcription factor 1"
"Gpt2",0.0241445656003574,0.6122,"8","glutamic pyruvate transaminase (alanine aminotransferase) 2"
"Tmub1",0.0241324885420946,0.8126,"5","transmembrane and ubiquitin-like domain containing 1"
"Lrrc49",-0.0241314791618903,0.6784,"9","leucine rich repeat containing 49"
"Zhx2",-0.0241304277043595,0.6294,"15","zinc fingers and homeoboxes 2"
"Mynn",-0.0241230662223848,0.7548,"3","myoneurin"
"Dennd5b",-0.0241153437865433,0.7892,"6","DENN/MADD domain containing 5B"
"Cdh2",-0.0240985642270424,0.8266,"18","cadherin 2"
"Tspyl4",-0.0240981654855101,0.7162,"10","TSPY-like 4"
"Ebp",-0.0240837495921733,0.7664,"X","phenylalkylamine Ca2+ antagonist (emopamil) binding protein"
"Mmadhc",0.0240786394680779,0.727,"2","methylmalonic aciduria (cobalamin deficiency) cblD type, with homocystinuria"
"Sh3rf1",0.0240779973245759,0.6432,"8","SH3 domain containing ring finger 1"
"Sez6l2",0.0240668624460962,0.5826,"7","seizure related 6 homolog like 2"
"Eef1e1",-0.0240658421300766,0.8198,"13","eukaryotic translation elongation factor 1 epsilon 1"
"3830406C13Rik",-0.0240633189038828,0.6132,"14","RIKEN cDNA 3830406C13 gene"
"Wee1",0.0240535174661387,0.8206,"7","WEE 1 homolog 1 (S. pombe)"
"Blcap",-0.0240519980571889,0.5966,"2","bladder cancer associated protein"
"H1f2",0.0240508282911129,0.853,"13","H1.2 linker histone, cluster member"
"Acadvl",0.0240484843430018,0.7324,"11","acyl-Coenzyme A dehydrogenase, very long chain"
"Polr3f",0.0240419928856754,0.7518,"2","polymerase (RNA) III (DNA directed) polypeptide F"
"Plxnb3",-0.0240416399600774,0.8812,"X","plexin B3"
"Slc30a7",0.0240299758806248,0.749,"3","solute carrier family 30 (zinc transporter), member 7"
"Oat",-0.0240200358628222,0.716,"7","ornithine aminotransferase"
"Slc39a9",-0.0240102083543094,0.6684,"12","solute carrier family 39 (zinc transporter), member 9"
"Pnrc2",0.0240092356602482,0.6802,"4","proline-rich nuclear receptor coactivator 2"
"Ube2j1",0.0240069319733971,0.505,"4","ubiquitin-conjugating enzyme E2J 1"
"Dpp3",0.0240052707329843,0.6452,"19","dipeptidylpeptidase 3"
"Ankzf1",0.0240047482999035,0.8232,"1","ankyrin repeat and zinc finger domain containing 1"
"Trpm2",-0.0239983728658766,0.7976,"10","transient receptor potential cation channel, subfamily M, member 2"
"Csmd2",0.0239909034868564,0.8592,"4","CUB and Sushi multiple domains 2"
"Dhps",0.0239837756289676,0.7764,"8","deoxyhypusine synthase"
"Shisa4",0.0239794984078889,0.7644,"1","shisa family member 4"
"Ssb",-0.0239783928345432,0.8896,"2","small RNA binding exonuclease protection factor La"
"Rab1b",0.0239776913078211,0.8154,"19","RAB1B, member RAS oncogene family"
"Csnk1g3",-0.0239617130821479,0.7304,"18","casein kinase 1, gamma 3"
"Eif2b3",-0.0239608443709423,0.766,"4","eukaryotic translation initiation factor 2B, subunit 3"
"Nhlh1",-0.0239586472144455,0.896,"1","nescient helix loop helix 1"
"Gm15663",-0.0239470239585597,0.7638,"10","predicted gene 15663"
"Ptk2b",0.0239273544051386,0.5112,"14","PTK2 protein tyrosine kinase 2 beta"
"Rmnd5b",0.0239169639291141,0.765,"11","required for meiotic nuclear division 5 homolog B"
"Zfp974",0.0239137710759842,0.7468,"7","zinc finger protein 974"
"Zcchc14",0.0239039124311295,0.695,"8","zinc finger, CCHC domain containing 14"
"Srgap3",0.023903517395734,0.7102,"6","SLIT-ROBO Rho GTPase activating protein 3"
"Alcam",-0.0238998802104797,0.803,"16","activated leukocyte cell adhesion molecule"
"Cct5",0.0238995390359573,0.6346,"15","chaperonin containing Tcp1, subunit 5 (epsilon)"
"Ralbp1",0.0238865208618915,0.6242,"17","ralA binding protein 1"
"Trappc11",-0.0238704192003105,0.753,"8","trafficking protein particle complex 11"
"Eno3",0.0238580062996641,0.8804,"11","enolase 3, beta muscle"
"Zfp706",0.0238408167064623,0.6528,"15","zinc finger protein 706"
"Zfp667",0.0238397129775567,0.7168,"7","zinc finger protein 667"
"Smarcd3",0.0238394653992469,0.7268,"5","SWI/SNF related, matrix associated, actin dependent regulator of chromatin, subfamily d, member 3"
"Ttc8",-0.0238389502348433,0.8218,"12","tetratricopeptide repeat domain 8"
"Pde7a",0.0238197642821527,0.7606,"3","phosphodiesterase 7A"
"Fastkd1",0.0238175703164609,0.7602,"2","FAST kinase domains 1"
"Sypl",-0.0238120007502465,0.7216,"12","synaptophysin-like protein"
"Slc25a20",0.0238043447907703,0.6368,"9","solute carrier family 25 (mitochondrial carnitine/acylcarnitine translocase), member 20"
"Marchf5",0.0237983632330199,0.6432,"19","membrane associated ring-CH-type finger 5"
"Cpe",0.0237935228522943,0.6722,"8","carboxypeptidase E"
"Acap2",-0.023793432942977,0.8416,"16","ArfGAP with coiled-coil, ankyrin repeat and PH domains 2"
"Zscan21",-0.0237894769505713,0.6362,"5","zinc finger and SCAN domain containing 21"
"Amer2",0.0237857936603261,0.7552,"14","APC membrane recruitment 2"
"Aftph",-0.0237808963817301,0.6404,"11","aftiphilin"
"Sbno2",0.0237742986494762,0.8372,"10","strawberry notch 2"
"Kdm5c",-0.0237716066862834,0.7622,"X","lysine (K)-specific demethylase 5C"
"Adipor1",0.023761217272944,0.6336,"1","adiponectin receptor 1"
"Fbxl2",-0.0237600630427037,0.7304,"9","F-box and leucine-rich repeat protein 2"
"H2bc6",-0.0237489939963247,0.8538,"13","H2B clustered histone 6"
"Zfp213",0.0237471787820289,0.782,"17","zinc finger protein 213"
"Cln8",-0.023738867843826,0.692,"8","CLN8 transmembrane ER and ERGIC protein"
"Sfxn3",0.0237344395382673,0.7034,"19","sideroflexin 3"
"Polr1e",0.0237338150189705,0.7866,"4","polymerase (RNA) I polypeptide E"
"Clpb",0.0237311705449725,0.6484,"7","ClpB caseinolytic peptidase B"
"Nipsnap2",-0.0237296877716959,0.5716,"5","nipsnap homolog 2"
"Maml2",0.0237276333201493,0.6866,"9","mastermind like transcriptional coactivator 2"
"Pdf",0.0237272170230796,0.7716,"8","peptide deformylase (mitochondrial)"
"Iqsec2",0.0237261713157686,0.6964,"X","IQ motif and Sec7 domain 2"
"Rap1a",-0.0237144989592304,0.7602,"3","RAS-related protein 1a"
"Snrpb2",0.0237044415894516,0.6418,"2","U2 small nuclear ribonucleoprotein B"
"2310022A10Rik",0.0237018547734538,0.664,"7","RIKEN cDNA 2310022A10 gene"
"Supt16",-0.0236870398782703,0.7826,"14","SPT16, facilitates chromatin remodeling subunit"
"Taf9b",-0.0236797122669019,0.6874,"X","TATA-box binding protein associated factor 9B"
"Gpr26",-0.0236746644344827,0.9266,"7","G protein-coupled receptor 26"
"Sema5a",0.0236624797225309,0.8242,"15","sema domain, seven thrombospondin repeats (type 1 and type 1-like), transmembrane domain (TM) and short cytoplasmic domain, (semaphorin) 5A"
"Unkl",0.0236568715642873,0.7636,"17","unkempt family like zinc finger"
"Zbtb22",-0.0236525301153341,0.691,"17","zinc finger and BTB domain containing 22"
"Endog",0.0236514949965687,0.8308,"2","endonuclease G"
"Ccdc58",0.0236420814756242,0.77,"16","coiled-coil domain containing 58"
"Pdzrn4",0.0236377135479211,0.8482,"15","PDZ domain containing RING finger 4"
"Rcbtb2",-0.0236294762232152,0.682,"14","regulator of chromosome condensation (RCC1) and BTB (POZ) domain containing protein 2"
"Kcna1",0.0236291651401928,0.7788,"6","potassium voltage-gated channel, shaker-related subfamily, member 1"
"Kcnk3",-0.023618583918116,0.7996,"5","potassium channel, subfamily K, member 3"
"Hook3",-0.0236142312143777,0.8792,"8","hook microtubule tethering protein 3"
"Grn",-0.0236120663796955,0.679,"11","granulin"
"Sirpa",-0.0236104485600581,0.6312,"2","signal-regulatory protein alpha"
"Eps15l1",0.0236080451853873,0.7402,"8","epidermal growth factor receptor pathway substrate 15-like 1"
"Dlg3",0.0236035070820808,0.5938,"X","discs large MAGUK scaffold protein 3"
"Ino80e",0.023598796737601,0.7626,"7","INO80 complex subunit E"
"Fam193a",-0.0235924884030698,0.6782,"5","family with sequence homology 193, member A"
"Pip4k2a",0.0235866699902125,0.7472,"2","phosphatidylinositol-5-phosphate 4-kinase, type II, alpha"
"Pim3",0.0235675377428111,0.7902,"15","proviral integration site 3"
"Zfp30",-0.0235629786821567,0.7934,"7","zinc finger protein 30"
"Rab11fip5",0.0235615007360579,0.698,"6","RAB11 family interacting protein 5 (class I)"
"Zfp407",0.0235527363161108,0.8428,"18","zinc finger protein 407"
"Clip2",0.023544083338745,0.7776,"5","CAP-GLY domain containing linker protein 2"
"Pmm2",-0.0235423581317642,0.8472,"16","phosphomannomutase 2"
"Dimt1",0.0235353870344688,0.8494,"13","DIM1 dimethyladenosine transferase 1-like (S. cerevisiae)"
"Gtf2h1",0.0235242454450706,0.5682,"7","general transcription factor II H, polypeptide 1"
"Ddx19b",-0.0235234044611063,0.817,"8","DEAD box helicase 19b"
"Spen",-0.023519802221788,0.8442,"4","spen family transcription repressor"
"Peli2",0.0235170793849999,0.6064,"14","pellino 2"
"Peli2",0.0235170793849999,0.6064,"14","pellino 2"
"Nkx6-2",-0.0234989755546176,0.8954,"7","NK6 homeobox 2"
"Rbm42",0.023496099893709,0.8502,"7","RNA binding motif protein 42"
"Dhx57",-0.0234915840094398,0.742,"17","DEAH (Asp-Glu-Ala-Asp/His) box polypeptide 57"
"AI597479",0.0234665699106982,0.5368,"1","expressed sequence AI597479"
"Stk11ip",0.0234635336562432,0.6554,"1","serine/threonine kinase 11 interacting protein"
"Gnl3",0.0234586364611324,0.7348,"14","guanine nucleotide binding protein-like 3 (nucleolar)"
"Tgs1",0.0234560506925403,0.8298,"4","trimethylguanosine synthase 1"
"1500011B03Rik",-0.0234496186768043,0.8246,"5","RIKEN cDNA 1500011B03 gene"
"1500011B03Rik",-0.0234496186768043,0.8246,"5","RIKEN cDNA 1500011B03 gene"
"Tspyl3",-0.0234487566167472,0.7512,"2","TSPY-like 3"
"Atg4d",0.023440388750025,0.7844,"9","autophagy related 4D, cysteine peptidase"
"Arf2",-0.0234357780459868,0.7086,"11","ADP-ribosylation factor 2"
"Selenof",0.0234240827900845,0.7038,"3","selenoprotein F"
"Ywhaz",0.0234227805228162,0.7814,"15","tyrosine 3-monooxygenase/tryptophan 5-monooxygenase activation protein, zeta polypeptide"
"4930581F22Rik",0.0234143812538945,0.846,"9","RIKEN cDNA 4930581F22 gene"
"Stk38",0.0234088934014132,0.79,"17","serine/threonine kinase 38"
"Abcd3",-0.0234067949472383,0.6596,"3","ATP-binding cassette, sub-family D (ALD), member 3"
"Letmd1",0.0234039673112578,0.7058,"15","LETM1 domain containing 1"
"Prnp",-0.0234027528528102,0.707,"2","prion protein"
"5031439G07Rik",0.023400364722483,0.692,"15","RIKEN cDNA 5031439G07 gene"
"Ccdc71",-0.0233837351890731,0.772,"9","coiled-coil domain containing 71"
"Slc9a1",-0.0233676578366984,0.5686,"4","solute carrier family 9 (sodium/hydrogen exchanger), member 1"
"Nub1",0.0233669397217593,0.6996,"5","negative regulator of ubiquitin-like proteins 1"
"Tsg101",0.0233597610536584,0.7018,"7","tumor susceptibility gene 101"
"Atp13a1",0.0233562524702435,0.7614,"8","ATPase type 13A1"
"Phf2",0.0233495379817308,0.6996,"13","PHD finger protein 2"
"Rusc2",-0.0233398229110957,0.6616,"4","RUN and SH3 domain containing 2"
"Ftsj3",0.0233383942818115,0.5334,"11","FtsJ RNA methyltransferase homolog 3 (E. coli)"
"Nars",-0.023336117299654,0.72,"18","asparaginyl-tRNA synthetase"
"Elp1",0.023330706371711,0.7044,"4","elongator complex protein 1"
"Tmx3",-0.0233203012904095,0.8864,"18","thioredoxin-related transmembrane protein 3"
"Gins4",-0.0233161157996893,0.7816,"8","GINS complex subunit 4 (Sld5 homolog)"
"Dlgap1",0.0233161003314599,0.6736,"17","DLG associated protein 1"
"Syp",0.0233131988450435,0.74,"X","synaptophysin"
"Ascc1",-0.0232977069595783,0.8572,"10","activating signal cointegrator 1 complex subunit 1"
"Rtl6",0.0232921703833844,0.6166,"15","retrotransposon Gag like 6"
"Fuom",0.0232907927959252,0.8594,"7","fucose mutarotase"
"Grb2",0.0232702386266208,0.7016,"11","growth factor receptor bound protein 2"
"Pygo2",0.0232650049031511,0.773,"3","pygopus 2"
"Rasd2",-0.0232551840605844,0.8068,"8","RASD family, member 2"
"Pcnx3",-0.0232337974645693,0.7826,"19","pecanex homolog 3"
"Yme1l1",-0.0232169910404565,0.8134,"2","YME1-like 1 (S. cerevisiae)"
"Srgap2",0.0232156147891107,0.8114,"1","SLIT-ROBO Rho GTPase activating protein 2"
"Usb1",-0.0232134100791472,0.8264,"8","U6 snRNA biogenesis 1"
"Smarca1",-0.0232106467768247,0.8386,"X","SWI/SNF related, matrix associated, actin dependent regulator of chromatin, subfamily a, member 1"
"Gpi1",0.0232092307486216,0.7764,"7","glucose-6-phosphate isomerase 1"
"Zzef1",-0.0232087383293456,0.7692,"11","zinc finger, ZZ-type with EF hand domain 1"
"Bptf",-0.0232062164937386,0.8692,"11","bromodomain PHD finger transcription factor"
"Zfp65",0.0232034669505494,0.7184,"13","zinc finger protein 65"
"Il17d",0.0231992492212276,0.835,"14","interleukin 17D"
"Ccdc15",-0.0231859677621711,0.8192,"9","coiled-coil domain containing 15"
"Atl3",-0.0231833800793808,0.8302,"19","atlastin GTPase 3"
"Csnk1d",-0.0231793746782927,0.433,"11","casein kinase 1, delta"
"Zbtb9",-0.0231706830247909,0.6444,"17","zinc finger and BTB domain containing 9"
"Cbx1",-0.0231686018768018,0.7018,"11","chromobox 1"
"Bex2",-0.0231652306704095,0.8408,"X","brain expressed X-linked 2"
"Tctn2",0.0231613462496889,0.7038,"5","tectonic family member 2"
"Atxn2",-0.0231581791268374,0.728,"5","ataxin 2"
"Ubxn2b",0.0231558525281637,0.8518,"4","UBX domain protein 2B"
"Stxbp5",0.0231519479140161,0.7436,"10","syntaxin binding protein 5 (tomosyn)"
"Smpd4",0.0231483379411657,0.8682,"16","sphingomyelin phosphodiesterase 4"
"Ppp3ca",0.0231383054942071,0.7392,"3","protein phosphatase 3, catalytic subunit, alpha isoform"
"Nr4a3",-0.0231382878858675,0.8186,"4","nuclear receptor subfamily 4, group A, member 3"
"Pcbd2",-0.0231355139970111,0.869,"13","pterin 4 alpha carbinolamine dehydratase/dimerization cofactor of hepatocyte nuclear factor 1 alpha (TCF1) 2"
"Usp22",-0.0231271793475702,0.7002,"11","ubiquitin specific peptidase 22"
"Lmf1",0.0231242721648712,0.7396,"17","lipase maturation factor 1"
"Rrp36",0.0231178117222983,0.787,"17","ribosomal RNA processing 36"
"Abcb4",0.0230955997373705,0.7502,"5","ATP-binding cassette, sub-family B (MDR/TAP), member 4"
"Hspa13",-0.023094328259365,0.8198,"16","heat shock protein 70 family, member 13"
"Sipa1l3",-0.0230893366275531,0.7632,"7","signal-induced proliferation-associated 1 like 3"
"Efcab2",-0.023084413095825,0.7812,"1","EF-hand calcium binding domain 2"
"Cdk2ap2",0.0230835206784796,0.8916,"19","CDK2-associated protein 2"
"Eps15",-0.023083514369306,0.7096,"4","epidermal growth factor receptor pathway substrate 15"
"Ggcx",0.0230802695513508,0.833,"6","gamma-glutamyl carboxylase"
"Casp8ap2",-0.0230757509945336,0.8704,"4","caspase 8 associated protein 2"
"Pacrg",-0.0230715205752805,0.8304,"17","PARK2 co-regulated"
"Cope",0.0230701169493486,0.8196,"8","coatomer protein complex, subunit epsilon"
"Grm1",-0.0230692686106151,0.85,"10","glutamate receptor, metabotropic 1"
"Heca",-0.0230657253734607,0.873,"10","hdc homolog, cell cycle regulator"
"Cep19",-0.0230532683636948,0.698,"16","centrosomal protein 19"
"Zfp60",0.0230389182233939,0.6774,"7","zinc finger protein 60"
"Denn2b",0.0230375920527308,0.7276,"7","DENN domain containing 2B"
"Scamp3",-0.0230359470356647,0.874,"3","secretory carrier membrane protein 3"
"Mon1b",0.023028008423096,0.6842,"8","MON1 homolog B, secretory traffciking associated"
"Rbm19",-0.0230229610488428,0.6604,"5","RNA binding motif protein 19"
"Rasa1",-0.0230183094747938,0.8872,"13","RAS p21 protein activator 1"
"Kctd16",0.0229915529795184,0.8542,"18","potassium channel tetramerisation domain containing 16"
"Fcho2",-0.022980801535331,0.8326,"13","FCH domain only 2"
"Abhd14b",0.0229760739505771,0.839,"9","abhydrolase domain containing 14b"
"Dyrk3",0.0229648610792554,0.757,"1","dual-specificity tyrosine-(Y)-phosphorylation regulated kinase 3"
"Pakap",0.0229606228099426,0.8338,"4","paralemmin A kinase anchor protein"
"Pakap",0.0229606228099426,0.8338,"4","paralemmin A kinase anchor protein"
"Pakap",0.0229606228099426,0.8338,"4","paralemmin A kinase anchor protein"
"Kdm6a",-0.0229576843039547,0.8844,"X","lysine (K)-specific demethylase 6A"
"Prkaca",0.0229452331569693,0.6682,"8","protein kinase, cAMP dependent, catalytic, alpha"
"Slc11a2",-0.0229393737984855,0.7014,"15","solute carrier family 11 (proton-coupled divalent metal ion transporters), member 2"
"Hexa",0.0229271821578436,0.6408,"9","hexosaminidase A"
"Dctd",0.0229264497424086,0.8492,"8","dCMP deaminase"
"Bdnf",-0.022921627082007,0.844,"2","brain derived neurotrophic factor"
"Bmpr2",-0.0229083743146825,0.8574,"1","bone morphogenetic protein receptor, type II (serine/threonine kinase)"
"Aph1b",0.0229072513309543,0.7868,"9","aph1 homolog B, gamma secretase subunit"
"Man2c1",0.0229063238648868,0.8536,"9","mannosidase, alpha, class 2C, member 1"
"Ppil4",-0.0228996317762027,0.6474,"10","peptidylprolyl isomerase (cyclophilin)-like 4"
"L3mbtl2",0.0228934687263083,0.6442,"15","L3MBTL2 polycomb repressive complex 1 subunit"
"Mydgf",0.022891873941858,0.832,"17","myeloid derived growth factor"
"Ddit4",0.0228757113105136,0.842,"10","DNA-damage-inducible transcript 4"
"Hikeshi",-0.0228755525397091,0.6472,"7","heat shock protein nuclear import factor"
"Taf9",0.0228732051373592,0.8114,"13","TATA-box binding protein associated factor 9"
"Clasrp",0.0228731849261976,0.8636,"7","CLK4-associating serine/arginine rich protein"
"Taf4",0.0228649890356269,0.7698,"2","TATA-box binding protein associated factor 4"
"Nkap",0.0228649048955596,0.6772,"X","NFKB activating protein"
"Nlrx1",-0.0228647298417024,0.8402,"9","NLR family member X1"
"Slc49a4",0.0228610494036374,0.568,"16","solute carrier family 49 member 4"
"Chp1",-0.0228608956737224,0.4916,"2","calcineurin-like EF hand protein 1"
"Yeats2",-0.022854233192465,0.8564,"16","YEATS domain containing 2"
"Tomm20",0.0228519293697023,0.6062,"8","translocase of outer mitochondrial membrane 20"
"Hint2",0.0228346094326595,0.8676,"4","histidine triad nucleotide binding protein 2"
"Ppp1r12a",-0.0228256175991737,0.8448,"10","protein phosphatase 1, regulatory subunit 12A"
"Madd",0.0228242044793534,0.6632,"2","MAP-kinase activating death domain"
"Ttc16",-0.0228187378812366,0.9064,"2","tetratricopeptide repeat domain 16"
"Lmbr1",0.0228163339688656,0.7286,"5","limb region 1"
"Cpeb2",-0.0228143806990095,0.8448,"5","cytoplasmic polyadenylation element binding protein 2"
"Actr3",0.0228088555152484,0.7392,"1","ARP3 actin-related protein 3"
"Usp33",-0.0228086045021385,0.7816,"3","ubiquitin specific peptidase 33"
"Cfb",0.0228073584700947,0.789,"17","complement factor B"
"Maged1",0.0228053552576259,0.4938,"X","MAGE family member D1"
"Zfp943",-0.0227991030613097,0.6516,"17","zinc finger prtoein 943"
"Scai",0.0227973828278429,0.877,"2","suppressor of cancer cell invasion"
"Cdc14a",-0.0227874051282271,0.8512,"3","CDC14 cell division cycle 14A"
"Ndufv3",0.0227804664437672,0.876,"17","NADH:ubiquinone oxidoreductase core subunit V3"
"1810030O07Rik",-0.0227679449381846,0.7508,"X","RIKEN cDNA 1810030O07 gene"
"Tmcc1",0.0227516037483957,0.6196,"6","transmembrane and coiled coil domains 1"
"Usp36",0.0227483362519036,0.8112,"11","ubiquitin specific peptidase 36"
"Rtraf",-0.0227445793985872,0.761,"14","RNA transcription, translation and transport factor"
"Igdcc4",-0.0227281008914249,0.7074,"9","immunoglobulin superfamily, DCC subclass, member 4"
"Samd4b",0.0227176861052154,0.7812,"7","sterile alpha motif domain containing 4B"
"Lrrc27",0.0226984513234316,0.807,"7","leucine rich repeat containing 27"
"Insr",0.0226941167635308,0.8132,"8","insulin receptor"
"Rad50",-0.0226903381344021,0.7862,"11","RAD50 double strand break repair protein"
"Pcdh7",-0.0226814033454747,0.8176,"5","protocadherin 7"
"Synpo2",-0.0226565881963579,0.8622,"3","synaptopodin 2"
"Sgpp1",-0.0226560122056894,0.7826,"12","sphingosine-1-phosphate phosphatase 1"
"Rai1",-0.0226519364358255,0.7626,"11","retinoic acid induced 1"
"Rufy1",0.0226447967703898,0.7986,"11","RUN and FYVE domain containing 1"
"Rab40b",0.0226447951123525,0.7544,"11","Rab40B, member RAS oncogene family"
"Wdr47",-0.0226365567988376,0.858,"3","WD repeat domain 47"
"Iqsec3",0.0226310597847075,0.7168,"6","IQ motif and Sec7 domain 3"
"Itm2b",-0.0226292332857518,0.708,"14","integral membrane protein 2B"
"Vps13d",-0.0226288679423758,0.8384,"4","vacuolar protein sorting 13D"
"Il1rap",0.0226253928695739,0.766,"16","interleukin 1 receptor accessory protein"
"Ap4s1",0.0226183210390785,0.7404,"12","adaptor-related protein complex AP-4, sigma 1"
"Zbtb34",-0.0226179094582912,0.7754,"2","zinc finger and BTB domain containing 34"
"Mindy2",0.0226082104533285,0.63,"9","MINDY lysine 48 deubiquitinase 2"
"Spink8",-0.022599609753768,0.8654,"9","serine peptidase inhibitor, Kazal type 8"
"1600014C10Rik",0.0225967805094376,0.6722,"7","RIKEN cDNA 1600014C10 gene"
"Ghitm",0.0225897544990161,0.5968,"14","growth hormone inducible transmembrane protein"
"Csgalnact2",-0.022585130129932,0.7804,"6","chondroitin sulfate N-acetylgalactosaminyltransferase 2"
"Syk",0.0225826142968437,0.8816,"13","spleen tyrosine kinase"
"Mapk15",0.0225805829539594,0.9396,"15","mitogen-activated protein kinase 15"
"Arl16",0.0225732633907407,0.8002,"11","ADP-ribosylation factor-like 16"
"Ipo13",0.022567450221727,0.7642,"4","importin 13"
"Pabpc1",-0.0225494698366528,0.6494,"15","poly(A) binding protein, cytoplasmic 1"
"Rrs1",0.0225460404922497,0.7466,"1","ribosome biogenesis regulator 1"
"Pdhb",0.022545410002917,0.578,"14","pyruvate dehydrogenase (lipoamide) beta"
"Maea",0.0225263594697322,0.6156,"5","macrophage erythroblast attacher"
"St3gal5",0.0225227146174403,0.5548,"6","ST3 beta-galactoside alpha-2,3-sialyltransferase 5"
"Zfp62",0.0225218542723677,0.775,"11","zinc finger protein 62"
"Ncbp2",0.0225070647695258,0.6582,"16","nuclear cap binding protein subunit 2"
"Tab1",0.0225013491911357,0.8334,"15","TGF-beta activated kinase 1/MAP3K7 binding protein 1"
"Gli2",0.0224947133641056,0.8438,"1","GLI-Kruppel family member GLI2"
"Ccdc86",0.0224936955475608,0.7856,"19","coiled-coil domain containing 86"
"Gtf3c5",-0.0224922254887199,0.75,"2","general transcription factor IIIC, polypeptide 5"
"Mpc1",-0.0224877004142918,0.6794,"17","mitochondrial pyruvate carrier 1"
"Zfp768",0.0224672128881487,0.7384,"7","zinc finger protein 768"
"Asns",0.0224640521356223,0.7334,"6","asparagine synthetase"
"Pwwp2a",0.0224500328000365,0.6838,"11","PWWP domain containing 2A"
"Zbtb44",-0.0224428752937085,0.8432,"9","zinc finger and BTB domain containing 44"
"Hnrnph3",0.0224425326892046,0.7364,"10","heterogeneous nuclear ribonucleoprotein H3"
"Hcfc1",-0.0224420387844662,0.8368,"X","host cell factor C1"
"Sft2d2",-0.0224419297626488,0.6526,"1","SFT2 domain containing 2"
"Trmt2a",0.0224413842596469,0.7632,"16","TRM2 tRNA methyltransferase 2A"
"Epg5",-0.0224392509801117,0.8058,"18","ectopic P-granules autophagy protein 5 homolog (C. elegans)"
"Pik3r4",-0.022439197430824,0.6044,"9","phosphoinositide-3-kinase regulatory subunit 4"
"Bbs1",-0.0224369949852763,0.6496,"19","Bardet-Biedl syndrome 1 (human)"
"Wdr37",-0.0224285456006417,0.7846,"13","WD repeat domain 37"
"Dync1h1",-0.0224210836523309,0.7548,"12","dynein cytoplasmic 1 heavy chain 1"
"Rab11b",-0.0224173490586468,0.8324,"17","RAB11B, member RAS oncogene family"
"Tnrc18",0.0224161945598578,0.7754,"5","trinucleotide repeat containing 18"
"Khdrbs1",-0.0224070676823862,0.6444,"4","KH domain containing, RNA binding, signal transduction associated 1"
"Klk8",-0.0224024990944809,0.8734,"7","kallikrein related-peptidase 8"
"Lgals8",-0.0224022518716165,0.6654,"13","lectin, galactose binding, soluble 8"
"Leo1",0.0224006537002479,0.7876,"9","Leo1, Paf1/RNA polymerase II complex component"
"Pkd1",-0.0223994506757119,0.878,"17","polycystin 1, transient receptor potential channel interacting"
"Dnajc5",0.0223954898817702,0.6426,"2","DnaJ heat shock protein family (Hsp40) member C5"
"Ktn1",-0.0223935838634199,0.84,"14","kinectin 1"
"Nfkbil1",-0.0223934467637874,0.8884,"17","nuclear factor of kappa light polypeptide gene enhancer in B cells inhibitor like 1"
"Drp2",-0.0223721909821455,0.728,"X","dystrophin related protein 2"
"Maob",-0.0223710526649255,0.7696,"X","monoamine oxidase B"
"Reps2",-0.0223670424183302,0.8802,"X","RALBP1 associated Eps domain containing protein 2"
"Tma7",0.0223567463353129,0.8618,"9","translational machinery associated 7"
"Tma7",0.0223567463353129,0.8618,"9","translational machinery associated 7"
"Ccdc77",0.0223547001065105,0.82,"6","coiled-coil domain containing 77"
"Upf3b",-0.0223538178132854,0.7122,"X","UPF3 regulator of nonsense transcripts homolog B (yeast)"
"Lzts1",-0.0223497553274603,0.6994,"8","leucine zipper, putative tumor suppressor 1"
"Esf1",-0.0223370686126056,0.887,"2","ESF1 nucleolar pre-rRNA processing protein homolog"
"Pcdhb7",0.0223348215402366,0.822,"18","protocadherin beta 7"
"Cdk7",0.0223340209999092,0.6792,"13","cyclin-dependent kinase 7"
"Ergic1",-0.022332028441757,0.6418,"17","endoplasmic reticulum-golgi intermediate compartment (ERGIC) 1"
"Astn1",-0.0223286505021063,0.8228,"1","astrotactin 1"
"Mok",0.022325421254513,0.7564,"12","MOK protein kinase"
"Uros",0.022322431443893,0.7594,"7","uroporphyrinogen III synthase"
"Tmeff1",-0.0223208618421298,0.8646,"4","transmembrane protein with EGF-like and two follistatin-like domains 1"
"Pbx1",0.0223197730976308,0.6148,"1","pre B cell leukemia homeobox 1"
"Ftl1",0.0223147316656567,0.9048,"7","ferritin light polypeptide 1"
"Sema7a",0.0223118496212518,0.719,"9","sema domain, immunoglobulin domain (Ig), and GPI membrane anchor, (semaphorin) 7A"
"Ccdc181",0.0223089646920416,0.7826,"1","coiled-coil domain containing 181"
"Pafah1b3",-0.0223086903966156,0.8344,"7","platelet-activating factor acetylhydrolase, isoform 1b, subunit 3"
"Lrfn2",0.0223080701273259,0.756,"17","leucine rich repeat and fibronectin type III domain containing 2"
"Nelfb",0.022307011633278,0.7016,"2","negative elongation factor complex member B"
"Col19a1",-0.0222972985052357,0.8912,"1","collagen, type XIX, alpha 1"
"Exoc7",0.0222872288508693,0.6208,"11","exocyst complex component 7"
"Stoml1",0.0222820482311965,0.7898,"9","stomatin-like 1"
"Faap24",0.0222779533857715,0.7738,"7","Fanconi anemia core complex associated protein 24"
"Ndufs1",-0.0222733307189493,0.7744,"1","NADH:ubiquinone oxidoreductase core subunit S1"
"Adrb1",0.022264200991251,0.7824,"19","adrenergic receptor, beta 1"
"Auh",0.0222508838547419,0.732,"13","AU RNA binding protein/enoyl-coenzyme A hydratase"
"Mdm2",0.0222474712752065,0.7112,"10","transformed mouse 3T3 cell double minute 2"
"Pfdn6",0.022239211514175,0.8744,"17","prefoldin subunit 6"
"Nolc1",-0.0222338359812797,0.6626,"19","nucleolar and coiled-body phosphoprotein 1"
"Otulin",0.022223726754889,0.8098,"15","OTU deubiquitinase with linear linkage specificity"
"Sap130",-0.0222212585300152,0.6692,"18","Sin3A associated protein"
"Rnf169",0.0222140524596925,0.7488,"7","ring finger protein 169"
"Pphln1",-0.0222027926493844,0.704,"15","periphilin 1"
"Nfe2l1",-0.0221926254949878,0.6278,"11","nuclear factor, erythroid derived 2,-like 1"
"Gopc",0.022191547254919,0.8666,"10","golgi associated PDZ and coiled-coil motif containing"
"Adcy2",-0.0221862670341046,0.7108,"13","adenylate cyclase 2"
"Ints5",0.0221841537725975,0.6698,"19","integrator complex subunit 5"
"Chn1",0.0221831698434301,0.7452,"2","chimerin 1"
"Ndufv1",0.0221797721632351,0.7806,"19","NADH:ubiquinone oxidoreductase core subunit V1"
"Armcx5",-0.0221764741833863,0.8366,"X","armadillo repeat containing, X-linked 5"
"Rela",0.0221699084202278,0.7076,"19","v-rel reticuloendotheliosis viral oncogene homolog A (avian)"
"Letm1",0.0221601960336351,0.71,"5","leucine zipper-EF-hand containing transmembrane protein 1"
"Prkab1",-0.0221575150230646,0.7018,"5","protein kinase, AMP-activated, beta 1 non-catalytic subunit"
"Vstm2a",-0.0221533230803619,0.8982,"11","V-set and transmembrane domain containing 2A"
"Ankrd24",0.0221373936134954,0.7702,"10","ankyrin repeat domain 24"
"Cryab",-0.0221281884548761,0.8974,"9","crystallin, alpha B"
"Stau1",-0.0221249657188549,0.3598,"2","staufen double-stranded RNA binding protein 1"
"Mlxip",-0.0221188346677597,0.865,"5","MLX interacting protein"
"Aass",-0.022103233556229,0.819,"6","aminoadipate-semialdehyde synthase"
"Rgs16",-0.0220907602576217,0.8506,"1","regulator of G-protein signaling 16"
"Srsf2",0.0220805657613523,0.699,"11","serine and arginine-rich splicing factor 2"
"Thbs4",-0.0220707400652316,0.8868,"13","thrombospondin 4"
"Parp8",-0.0220595805738881,0.7612,"13","poly (ADP-ribose) polymerase family, member 8"
"Ola1",-0.0220554757027465,0.7228,"2","Obg-like ATPase 1"
"Peli3",-0.0220524067881733,0.6692,"19","pellino 3"
"Wdr61",-0.0220517352187617,0.7638,"9","WD repeat domain 61"
"Ccdc22",0.022039083341177,0.7722,"X","coiled-coil domain containing 22"
"Knop1",0.0220366660303366,0.5204,"7","lysine rich nucleolar protein 1"
"Nacc2",-0.0220327882577029,0.7986,"2","nucleus accumbens associated 2, BEN and BTB (POZ) domain containing"
"Srsf3",0.0220244077311937,0.6564,"17","serine and arginine-rich splicing factor 3"
"St6galnac5",-0.022022433429095,0.7342,"3","ST6 (alpha-N-acetyl-neuraminyl-2,3-beta-galactosyl-1,3)-N-acetylgalactosaminide alpha-2,6-sialyltransferase 5"
"Smcr8",0.0220208839666327,0.7976,"11","Smith-Magenis syndrome chromosome region, candidate 8 homolog (human)"
"Hsd11b1",0.0220180783064983,0.796,"1","hydroxysteroid 11-beta dehydrogenase 1"
"Cmip",-0.022004506397975,0.7496,"8","c-Maf inducing protein"
"Zkscan16",0.0220038069937027,0.8624,"4","zinc finger with KRAB and SCAN domains 16"
"Sdf4",0.0219933189786676,0.6048,"4","stromal cell derived factor 4"
"Ccdc59",-0.0219889125192747,0.7004,"10","coiled-coil domain containing 59"
"Hsd17b11",-0.0219739752320649,0.6452,"5","hydroxysteroid (17-beta) dehydrogenase 11"
"Afg1l",-0.0219711714955286,0.7776,"10","AFG1 like ATPase"
"B3galt6",-0.0219634270837581,0.7726,"4","UDP-Gal:betaGal beta 1,3-galactosyltransferase, polypeptide 6"
"Txndc5",-0.0219517610622724,0.6808,"13","thioredoxin domain containing 5"
"Exosc7",-0.0219456986313356,0.763,"9","exosome component 7"
"Fam234a",-0.0219296825230018,0.8662,"17","family with sequence similarity 234, member A"
"Sh2b1",0.0219281861274903,0.4964,"7","SH2B adaptor protein 1"
"Stox2",0.0219226147923495,0.7838,"8","storkhead box 2"
"Mvp",-0.021920845182561,0.8482,"7","major vault protein"
"Sec24a",0.0219204737434984,0.8474,"11","Sec24 related gene family, member A (S. cerevisiae)"
"BC024978",0.021904566411437,0.7664,"7","cDNA sequence BC024978"
"Parp2",-0.0219014603128018,0.729,"14","poly (ADP-ribose) polymerase family, member 2"
"Reep5",0.0218951811127663,0.6736,"18","receptor accessory protein 5"
"Tmco1",-0.02188602268631,0.806,"1","transmembrane and coiled-coil domains 1"
"Npm1",0.0218767067488921,0.7248,"11","nucleophosmin 1"
"Plagl2",-0.0218764621364058,0.8158,"2","pleiomorphic adenoma gene-like 2"
"Huwe1",-0.0218741071140549,0.851,"X","HECT, UBA and WWE domain containing 1"
"Slc12a4",-0.0218584032490128,0.7972,"8","solute carrier family 12, member 4"
"Ubac2",0.0218491313619191,0.7922,"14","ubiquitin associated domain containing 2"
"Sumo3",0.0218465121860412,0.7422,"10","small ubiquitin-like modifier 3"
"Tle4",-0.0218449117311703,0.8468,"19","transducin-like enhancer of split 4"
"Jmjd8",-0.0218399781762555,0.6494,"17","jumonji domain containing 8"
"Zmym1",0.0218380494437076,0.8866,"4","zinc finger, MYM domain containing 1"
"Swt1",-0.0218369830722902,0.8246,"1","SWT1 RNA endoribonuclease homolog (S. cerevisiae)"
"Bean1",-0.0218365854201075,0.841,"8","brain expressed, associated with Nedd4, 1"
"Rpf1",0.0218361452357669,0.7694,"3","ribosome production factor 1 homolog"
"Sh2b3",-0.0218351544478432,0.6908,"5","SH2B adaptor protein 3"
"2510009E07Rik",0.021831988545582,0.6168,"16","RIKEN cDNA 2510009E07 gene"
"Ammecr1l",-0.0218194682563562,0.8208,"18","AMME chromosomal region gene 1-like"
"Sorl1",-0.0218144436800323,0.8152,"9","sortilin-related receptor, LDLR class A repeats-containing"
"Atp6v1c1",0.021813812889838,0.7594,"15","ATPase, H+ transporting, lysosomal V1 subunit C1"
"Chdh",0.0218113437118288,0.8714,"14","choline dehydrogenase"
"Ing3",-0.0217989672710113,0.756,"6","inhibitor of growth family, member 3"
"Plekha3",-0.0217978583084024,0.7402,"2","pleckstrin homology domain-containing, family A (phosphoinositide binding specific) member 3"
"Brpf3",0.0217933137198054,0.7446,"17","bromodomain and PHD finger containing, 3"
"Pmvk",0.0217916643537546,0.8084,"3","phosphomevalonate kinase"
"Bace1",0.0217871388144566,0.5128,"9","beta-site APP cleaving enzyme 1"
"Imp4",-0.0217860512758841,0.751,"1","IMP4, U3 small nucleolar ribonucleoprotein"
"Elof1",0.0217825744164175,0.842,"9","ELF1 homolog, elongation factor 1"
"Ttc34",0.0217664243444755,0.844,"4","tetratricopeptide repeat domain 34"
"Rsph9",0.0217572628416702,0.8688,"17","radial spoke head 9 homolog (Chlamydomonas)"
"Tti1",-0.0217489609958923,0.6768,"2","TELO2 interacting protein 1"
"Panx2",0.0217445757807857,0.8408,"15","pannexin 2"
"Irs1",0.0217429648656955,0.7018,"1","insulin receptor substrate 1"
"Fnip2",0.0217356748637663,0.773,"3","folliculin interacting protein 2"
"Dgcr2",0.0217281000356211,0.6202,"16","DiGeorge syndrome critical region gene 2"
"Btg1",-0.021714006133287,0.7926,"10","BTG anti-proliferation factor 1"
"Smad7",0.0217109240958715,0.7712,"18","SMAD family member 7"
"Cacng8",-0.0217058460941528,0.7326,"7","calcium channel, voltage-dependent, gamma subunit 8"
"Zfp385b",-0.0217044415375378,0.7242,"2","zinc finger protein 385B"
"Csk",0.0217029465599934,0.7172,"9","c-src tyrosine kinase"
"Ppox",-0.0217022760132561,0.856,"1","protoporphyrinogen oxidase"
"Ccdc71l",0.0216973906401696,0.8774,"12","coiled-coil domain containing 71 like"
"1600012H06Rik",-0.0216892805259903,0.663,"17","RIKEN cDNA 1600012H06 gene"
"Supv3l1",0.0216881373296269,0.6654,"10","suppressor of var1, 3-like 1 (S. cerevisiae)"
"Tbl1xr1",0.0216830273116315,0.671,"3","transducin (beta)-like 1X-linked receptor 1"
"Snx7",0.0216813247786964,0.8894,"3","sorting nexin 7"
"Plppr5",-0.0216748785601091,0.7572,"3","phospholipid phosphatase related 5"
"Npas2",0.0216726644949254,0.8708,"1","neuronal PAS domain protein 2"
"Bbs4",0.0216711325116821,0.5688,"9","Bardet-Biedl syndrome 4 (human)"
"Phf20l1",0.0216662219287196,0.8418,"15","PHD finger protein 20-like 1"
"Nabp2",-0.0216512636624673,0.8296,"10","nucleic acid binding protein 2"
"Amfr",0.0216507341148864,0.5596,"8","autocrine motility factor receptor"
"Thra",0.0216324705509461,0.8332,"11","thyroid hormone receptor alpha"
"Vps25",0.021617135880863,0.8074,"11","vacuolar protein sorting 25"
"Mterf3",0.0216144462931194,0.815,"13","mitochondrial transcription termination factor 3"
"Bag6",0.0216089728676794,0.6844,"17","BCL2-associated athanogene 6"
"Cnppd1",-0.0216040061409029,0.769,"1","cyclin Pas1/PHO80 domain containing 1"
"Megf10",-0.0216030293358536,0.7404,"18","multiple EGF-like-domains 10"
"Gpr25",-0.0216003465483112,0.8782,"1","G protein-coupled receptor 25"
"Rnf220",0.0215985866650685,0.838,"4","ring finger protein 220"
"Shtn1",-0.0215964700846154,0.8772,"19","shootin 1"
"Tom1l2",0.0215874867548909,0.621,"11","target of myb1-like 2 (chicken)"
"Patz1",0.0215833803884173,0.6576,"11","POZ (BTB) and AT hook containing zinc finger 1"
"Tpp2",0.0215813682157275,0.849,"1","tripeptidyl peptidase II"
"Ppm1l",0.0215808282612251,0.9316,"3","protein phosphatase 1 (formerly 2C)-like"
"Tbc1d22b",0.0215780311290503,0.7422,"17","TBC1 domain family, member 22B"
"Car4",-0.0215648110125057,0.7656,"11","carbonic anhydrase 4"
"Slbp",-0.0215574249796755,0.813,"5","stem-loop binding protein"
"Socs7",0.0215474544144767,0.6634,"11","suppressor of cytokine signaling 7"
"Nek6",0.0215443807270823,0.7636,"2","NIMA (never in mitosis gene a)-related expressed kinase 6"
"Plcd3",-0.0215356215767692,0.8508,"11","phospholipase C, delta 3"
"Tpra1",0.0215311287757869,0.7872,"6","transmembrane protein, adipocyte asscociated 1"
"Txlna",0.021528120498572,0.7052,"4","taxilin alpha"
"Strip2",0.0215209474892726,0.8926,"6","striatin interacting protein 2"
"Pdia3",-0.0215157799363634,0.7718,"2","protein disulfide isomerase associated 3"
"Mtmr10",0.0215134589631845,0.7296,"7","myotubularin related protein 10"
"Map1s",0.0214911340084214,0.8174,"8","microtubule-associated protein 1S"
"Ndufaf5",0.0214694332507239,0.7994,"2","NADH:ubiquinone oxidoreductase complex assembly factor 5"
"Cx3cl1",0.0214693752379045,0.668,"8","chemokine (C-X3-C motif) ligand 1"
"Lpin2",0.0214482209273186,0.7648,"17","lipin 2"
"Amz2",0.0214459533690823,0.5718,"11","archaelysin family metallopeptidase 2"
"Wtip",0.0214424448037689,0.8658,"7","WT1 interacting protein"
"Rnf150",0.0214337864486902,0.8602,"8","ring finger protein 150"
"Gdpd2",-0.0214323154979281,0.8596,"X","glycerophosphodiester phosphodiesterase domain containing 2"
"Ivd",0.0214200538848281,0.7214,"2","isovaleryl coenzyme A dehydrogenase"
"Zfp420",0.0214092885321833,0.798,"7","zinc finger protein 420"
"Ramp2",-0.0214091249678647,0.865,"11","receptor (calcitonin) activity modifying protein 2"
"Psmd14",0.0214053529003362,0.649,"2","proteasome (prosome, macropain) 26S subunit, non-ATPase, 14"
"Trim9",-0.0213656805469267,0.7948,"12","tripartite motif-containing 9"
"Klf10",0.0213604326451309,0.83,"15","Kruppel-like factor 10"
"Zfp809",-0.021353161624496,0.766,"9","zinc finger protein 809"
"Ncald",-0.0213523353715939,0.7552,"15","neurocalcin delta"
"Foxj2",0.0213502939083856,0.7158,"6","forkhead box J2"
"C77080",-0.0213486654148141,0.7848,"4","expressed sequence C77080"
"Cttn",0.0213431577929812,0.7866,"7","cortactin"
"Hs2st1",-0.0213401152612116,0.696,"3","heparan sulfate 2-O-sulfotransferase 1"
"Zfhx4",-0.0213316513223294,0.8628,"3","zinc finger homeodomain 4"
"Ndufb10",0.0213311147779676,0.8424,"17","NADH:ubiquinone oxidoreductase subunit B10"
"Cltc",0.0213265169373198,0.8476,"11","clathrin, heavy polypeptide (Hc)"
"Prickle2",0.0213193875396076,0.7488,"6","prickle planar cell polarity protein 2"
"Hgsnat",0.0213165559550985,0.5898,"8","heparan-alpha-glucosaminide N-acetyltransferase"
"Tmem35a",-0.0212973231203746,0.7366,"X","transmembrane protein 35A"
"Zfp9",0.021295681848696,0.8516,"6","zinc finger protein 9"
"Ccdc170",-0.0212927665048861,0.9476,"10","coiled-coil domain containing 170"
"Svbp",0.0212882233138045,0.884,"4","small vasohibin binding protein"
"Nf1",-0.0212866351633352,0.6964,"11","neurofibromin 1"
"Smad2",0.0212853945501772,0.774,"18","SMAD family member 2"
"Tmeff2",-0.021281659054817,0.7644,"1","transmembrane protein with EGF-like and two follistatin-like domains 2"
"Cdc23",0.021280596691267,0.7912,"18","CDC23 cell division cycle 23"
"Dctn5",0.0212713631039989,0.761,"7","dynactin 5"
"Ntn3",0.0212693289478585,0.7874,"17","netrin 3"
"Zfp383",-0.0212693080351833,0.8108,"7","zinc finger protein 383"
"Setdb1",0.0212692519401134,0.817,"3","SET domain, bifurcated 1"
"Gadd45gip1",0.0212671142621685,0.8438,"8","growth arrest and DNA-damage-inducible, gamma interacting protein 1"
"Dnajb11",-0.0212612969593904,0.7336,"16","DnaJ heat shock protein family (Hsp40) member B11"
"Lamtor3",0.0212566380439023,0.7452,"3","late endosomal/lysosomal adaptor, MAPK and MTOR activator 3"
"Ctcf",0.0212488607481189,0.7412,"8","CCCTC-binding factor"
"Lsamp",-0.021246039333068,0.7314,"16","limbic system-associated membrane protein"
"Mfsd13a",0.0212430465424074,0.8064,"19","major facilitator superfamily domain containing 13a"
"Cyp20a1",0.0212427789053167,0.7554,"1","cytochrome P450, family 20, subfamily a, polypeptide 1"
"Prox1",-0.0212334760651194,0.9312,"1","prospero homeobox 1"
"Sptan1",0.0212207265232109,0.7036,"2","spectrin alpha, non-erythrocytic 1"
"Sec61a2",0.0212130724376491,0.7782,"2","Sec61, alpha subunit 2 (S. cerevisiae)"
"Zfp772",0.0212025867321,0.7946,"7","zinc finger protein 772"
"Secisbp2l",-0.021198596538806,0.8682,"2","SECIS binding protein 2-like"
"Tra2b",-0.0211850128857378,0.6504,"16","transformer 2 beta"
"Cdc123",0.0211575134691602,0.6768,"2","cell division cycle 123"
"Slc25a3",0.0211349754434007,0.6952,"10","solute carrier family 25 (mitochondrial carrier, phosphate carrier), member 3"
"Polr1b",-0.0211291437716024,0.757,"2","polymerase (RNA) I polypeptide B"
"Plxnb1",0.0211290150022689,0.724,"9","plexin B1"
"Nmt1",0.0211265440658028,0.6128,"11","N-myristoyltransferase 1"
"Trp53rka",0.0211192968541676,0.8332,"2","transformation related protein 53 regulating kinase A"
"Zmynd8",0.0211181411134973,0.7756,"2","zinc finger, MYND-type containing 8"
"Catspere2",0.0211071257609854,0.9322,"1","cation channel sperm associated auxiliary subunit epsilon 2"
"Mrpl17",0.0211034350270944,0.7528,"7","mitochondrial ribosomal protein L17"
"Parvg",-0.0210967727382956,0.8126,"15","parvin, gamma"
"1700047M11Rik",-0.0210921996554152,0.9024,"1","RIKEN cDNA 1700047M11 gene"
"Dop1a",0.0210911429490652,0.8928,"9","DOP1 leucine zipper like protein A"
"Nfe2l2",-0.0210854414774655,0.7742,"2","nuclear factor, erythroid derived 2, like 2"
"Pccb",-0.0210789815196613,0.6062,"9","propionyl Coenzyme A carboxylase, beta polypeptide"
"Selenbp1",0.0210783568849111,0.8056,"3","selenium binding protein 1"
"Phf13",-0.0210766587492492,0.7948,"4","PHD finger protein 13"
"Arhgef18",-0.0210699955121045,0.619,"8","rho/rac guanine nucleotide exchange factor (GEF) 18"
"Mbtps2",0.0210625130071751,0.8826,"X","membrane-bound transcription factor peptidase, site 2"
"Ppp1r14a",0.0210608262286991,0.9158,"7","protein phosphatase 1, regulatory inhibitor subunit 14A"
"Zc3h15",-0.0210529075271966,0.7966,"2","zinc finger CCCH-type containing 15"
"Ncan",-0.0210411447975432,0.7368,"8","neurocan"
"Commd7",-0.0210397322599229,0.7702,"2","COMM domain containing 7"
"Ube2v2",0.0210351328489873,0.7176,"16","ubiquitin-conjugating enzyme E2 variant 2"
"Vwa8",-0.0210318749506815,0.6248,"14","von Willebrand factor A domain containing 8"
"Chst11",0.0210317608630461,0.782,"10","carbohydrate sulfotransferase 11"
"Zfp791",0.0210309994084543,0.8078,"8","zinc finger protein 791"
"Tmed9",0.0210281222333784,0.809,"13","transmembrane p24 trafficking protein 9"
"Aph1c",-0.0210113711870203,0.7836,"9","aph1 homolog C, gamma secretase subunit"
"Timm22",-0.0209992733998963,0.8032,"11","translocase of inner mitochondrial membrane 22"
"Unk",-0.0209957265753271,0.746,"11","unkempt family zinc finger"
"Wbp2",0.0209914307163732,0.7426,"11","WW domain binding protein 2"
"Pcdhb19",-0.020986071576659,0.9156,"18","protocadherin beta 19"
"Morf4l2",0.0209743649878957,0.8054,"X","mortality factor 4 like 2"
"Pfas",-0.0209573547276474,0.8526,"11","phosphoribosylformylglycinamidine synthase (FGAR amidotransferase)"
"Ndufa13",0.0209554771561651,0.8906,"8","NADH:ubiquinone oxidoreductase subunit A13"
"Eif2ak4",-0.0209498629710971,0.836,"2","eukaryotic translation initiation factor 2 alpha kinase 4"
"C1galt1",0.0209468523145893,0.9286,"6","core 1 synthase, glycoprotein-N-acetylgalactosamine 3-beta-galactosyltransferase, 1"
"Sec22b",-0.0209317008972549,0.8598,"3","SEC22 homolog B, vesicle trafficking protein"
"Maged2",-0.020918772697609,0.7538,"X","MAGE family member D2"
"Usp54",0.0209076566486219,0.8574,"14","ubiquitin specific peptidase 54"
"Cep89",0.0209006779185694,0.859,"7","centrosomal protein 89"
"Glmp",0.0209000524977885,0.838,"3","glycosylated lysosomal membrane protein"
"Zswim1",-0.0208642787814464,0.6682,"2","zinc finger SWIM-type containing 1"
"Cdkn1b",0.0208355667513,0.7802,"6","cyclin-dependent kinase inhibitor 1B"
"Tsen54",0.0208276404878829,0.8592,"11","tRNA splicing endonuclease subunit 54"
"Prob1",0.020825274633324,0.891,"18","proline rich basic protein 1"
"Asb3",-0.0208233865228618,0.795,"11","ankyrin repeat and SOCS box-containing 3"
"Sdc3",0.0208178157197496,0.61,"4","syndecan 3"
"Orc2",0.0208100518727132,0.5748,"1","origin recognition complex, subunit 2"
"Epb41l4b",-0.0208045119367997,0.7508,"4","erythrocyte membrane protein band 4.1 like 4b"
"Wdr53",-0.020794286789636,0.7578,"16","WD repeat domain 53"
"Sde2",0.0207840549912506,0.6804,"1","SDE2 telomere maintenance homolog (S. pombe)"
"Ctnnb1",-0.0207818575895828,0.6128,"9","catenin (cadherin associated protein), beta 1"
"Zscan22",-0.0207815683660932,0.7722,"7","zinc finger and SCAN domain containing 22"
"Itpr1",-0.0207790365354938,0.8612,"6","inositol 1,4,5-trisphosphate receptor 1"
"Kctd4",0.0207725829244882,0.8892,"14","potassium channel tetramerisation domain containing 4"
"Qsox2",-0.020766447081745,0.6192,"2","quiescin Q6 sulfhydryl oxidase 2"
"Thap3",0.0207596037727433,0.8682,"4","THAP domain containing, apoptosis associated protein 3"
"Zfp110",0.020750662356003,0.7428,"7","zinc finger protein 110"
"Mcee",-0.020746977928912,0.8556,"7","methylmalonyl CoA epimerase"
"Larp1",0.020736319040858,0.6588,"11","La ribonucleoprotein 1, translational regulator"
"Dnajc14",0.0207320549986747,0.6202,"10","DnaJ heat shock protein family (Hsp40) member C14"
"Rap1gap2",0.0207130740489552,0.6068,"11","RAP1 GTPase activating protein 2"
"Smndc1",-0.0207099098810897,0.814,"19","survival motor neuron domain containing 1"
"3110040N11Rik",-0.0207074425297065,0.8222,"7","RIKEN cDNA 3110040N11 gene"
"Helz",-0.0207008945135838,0.867,"11","helicase with zinc finger domain"
"Stk3",-0.0206945922933413,0.7186,"15","serine/threonine kinase 3"
"Clk1",-0.0206862600803177,0.8816,"1","CDC-like kinase 1"
"Klhl29",0.0206843739836495,0.7444,"12","kelch-like 29"
"Kansl1l",-0.0206805059178832,0.8244,"1","KAT8 regulatory NSL complex subunit 1-like"
"Rnf113a1",-0.0206798602253615,0.7844,"X","ring finger protein 113A1"
"Tox4",-0.0206793539309116,0.8036,"14","TOX high mobility group box family member 4"
"Thumpd3",0.0206778313278946,0.8308,"6","THUMP domain containing 3"
"Slc38a2",0.0206747105043004,0.8514,"15","solute carrier family 38, member 2"
"Gnptg",0.0206683962239929,0.8354,"17","N-acetylglucosamine-1-phosphotransferase, gamma subunit"
"Rab8a",0.0206683687288018,0.7794,"8","RAB8A, member RAS oncogene family"
"Nrgn",0.0206561834710453,0.8918,"9","neurogranin"
"Nefl",0.0206498462892437,0.685,"14","neurofilament, light polypeptide"
"Ahi1",0.0206461789056887,0.8058,"10","Abelson helper integration site 1"
"Ctdp1",0.0206374687260631,0.5868,"18","CTD (carboxy-terminal domain, RNA polymerase II, polypeptide A) phosphatase, subunit 1"
"Slc38a10",0.0206290113492402,0.6558,"11","solute carrier family 38, member 10"
"Atf2",0.0206287120597715,0.814,"2","activating transcription factor 2"
"Gnptab",-0.0206263054292863,0.8418,"10","N-acetylglucosamine-1-phosphate transferase, alpha and beta subunits"
"Gtpbp10",0.0206244624240428,0.8002,"5","GTP-binding protein 10 (putative)"
"Man1a2",0.0206243473092487,0.7998,"3","mannosidase, alpha, class 1A, member 2"
"Rpl21",0.0206147206788003,0.9052,"5","ribosomal protein L21"
"Cep97",0.0206055856902436,0.7774,"16","centrosomal protein 97"
"Fzr1",0.0206043939114293,0.756,"10","fizzy and cell division cycle 20 related 1"
"Zfp664",-0.0205995915233173,0.611,"5","zinc finger protein 664"
"Zdhhc14",-0.0205787277343843,0.7242,"17","zinc finger, DHHC domain containing 14"
"Itpkc",-0.0205749514028999,0.7816,"7","inositol 1,4,5-trisphosphate 3-kinase C"
"Utp18",0.0205685634876174,0.7882,"11","UTP18 small subunit processome component"
"Ssr1",-0.0205642622439894,0.564,"13","signal sequence receptor, alpha"
"Dusp12",-0.0205444034607067,0.8156,"1","dual specificity phosphatase 12"
"Trp53inp1",0.02052682884195,0.8192,"4","transformation related protein 53 inducible nuclear protein 1"
"Trappc2l",0.0205239778008925,0.8396,"8","trafficking protein particle complex 2L"
"Abcd2",-0.0205221494300449,0.7352,"15","ATP-binding cassette, sub-family D (ALD), member 2"
"Snd1",0.0205184135056466,0.7646,"6","staphylococcal nuclease and tudor domain containing 1"
"Ubxn2a",0.0204947506898909,0.8246,"12","UBX domain protein 2A"
"Wdyhv1",0.0204923554819678,0.7892,"15","WDYHV motif containing 1"
"Zkscan1",0.0204917777215874,0.7134,"5","zinc finger with KRAB and SCAN domains 1"
"Arhgap21",-0.0204872015653574,0.8584,"2","Rho GTPase activating protein 21"
"Ldb1",0.0204836913130073,0.4586,"19","LIM domain binding 1"
"Ddt",-0.0204752618867783,0.8664,"10","D-dopachrome tautomerase"
"Ccdc43",0.02047072975299,0.7398,"11","coiled-coil domain containing 43"
"Rpl11",0.0204686295424601,0.9032,"4","ribosomal protein L11"
"Xpnpep3",-0.0204651864064074,0.7594,"15","X-prolyl aminopeptidase 3, mitochondrial"
"Gapdhs",0.0204580028548254,0.8228,"7","glyceraldehyde-3-phosphate dehydrogenase, spermatogenic"
"Gjc2",-0.0204568054712171,0.8964,"11","gap junction protein, gamma 2"
"Srd5a3",-0.0204506307988814,0.7994,"5","steroid 5 alpha-reductase 3"
"Mapk1ip1l",-0.0204496629867075,0.8554,"14","mitogen-activated protein kinase 1 interacting protein 1-like"
"Otud7b",0.0204479366181962,0.8178,"3","OTU domain containing 7B"
"Zfp536",-0.0204431450797502,0.93,"7","zinc finger protein 536"
"Hsf2",-0.0204420465839403,0.9196,"10","heat shock factor 2"
"Tgfbr3",-0.0204214316963514,0.7794,"5","transforming growth factor, beta receptor III"
"Tspoap1",0.0204162549433615,0.8736,"11","TSPO associated protein 1"
"Rnf185",-0.0204062547918973,0.7074,"11","ring finger protein 185"
"Vcp",0.0204034020802197,0.6454,"4","valosin containing protein"
"Rbm5",0.0204016613139659,0.7786,"9","RNA binding motif protein 5"
"Atn1",-0.0204002847906448,0.7628,"6","atrophin 1"
"Tmed10",-0.0203926561310119,0.6134,"12","transmembrane p24 trafficking protein 10"
"Sptbn4",0.0203839924453977,0.8434,"7","spectrin beta, non-erythrocytic 4"
"Lamp1",0.0203640378754883,0.7514,"8","lysosomal-associated membrane protein 1"
"Rbm33",-0.0203565102046381,0.9002,"5","RNA binding motif protein 33"
"Svop",0.0203503409149226,0.8188,"5","SV2 related protein"
"Adgrg1",0.020348081219022,0.7716,"8","adhesion G protein-coupled receptor G1"
"Pmp22",-0.020340402052093,0.8502,"11","peripheral myelin protein 22"
"Fam149b",-0.0203235644653859,0.6644,"14","family with sequence similarity 149, member B"
"Prkag2",-0.020314526156433,0.6638,"5","protein kinase, AMP-activated, gamma 2 non-catalytic subunit"
"Mlip",0.0203012760581274,0.7828,"9","muscular LMNA-interacting protein"
"Rps16",0.0202788068229092,0.8882,"7","ribosomal protein S16"
"Fbxl14",0.0202777644194638,0.7514,"6","F-box and leucine-rich repeat protein 14"
"Xndc1",-0.0202733994599802,0.8522,"7","Xrcc1 N-terminal domain containing 1"
"Lzic",-0.0202706373418478,0.7198,"4","leucine zipper and CTNNBIP1 domain containing"
"Galnt6",-0.0202701781955748,0.8884,"15","polypeptide N-acetylgalactosaminyltransferase 6"
"Slc6a9",-0.0202665110251141,0.8672,"4","solute carrier family 6 (neurotransmitter transporter, glycine), member 9"
"Rce1",-0.0202501404437165,0.7722,"19","Ras converting CAAX endopeptidase 1"
"Mcm2",-0.020249535996816,0.8068,"6","minichromosome maintenance complex component 2"
"Ranbp17",-0.0202443324442474,0.8206,"11","RAN binding protein 17"
"Syn3",-0.0202412355536197,0.9052,"10","synapsin III"
"Scap",0.0202403725276747,0.6462,"9","SREBF chaperone"
"Trim41",0.020235052122235,0.7642,"11","tripartite motif-containing 41"
"Crb2",0.0202256950772801,0.8892,"2","crumbs family member 2"
"Dcbld2",0.0202158217572737,0.7608,"16","discoidin, CUB and LCCL domain containing 2"
"Ralgps1",0.0202147597617284,0.8312,"2","Ral GEF with PH domain and SH3 binding motif 1"
"2810029C07Rik",0.0202116617453565,0.8524,"12","RIKEN cDNA 2810029C07 gene"
"Plcg2",0.0202111670685885,0.8236,"8","phospholipase C, gamma 2"
"Inpp5f",-0.0202034038959882,0.715,"7","inositol polyphosphate-5-phosphatase F"
"Ccdc134",-0.0201755749007999,0.8514,"15","coiled-coil domain containing 134"
"Isoc2a",-0.0201721251096263,0.8376,"7","isochorismatase domain containing 2a"
"Rps12",0.0201675151921021,0.8902,"10","ribosomal protein S12"
"Gnl2",0.0201638202029466,0.7528,"4","guanine nucleotide binding protein-like 2 (nucleolar)"
"Dbn1",0.0201623714811454,0.7332,"13","drebrin 1"
"Ogdh",-0.0201547413903089,0.5794,"11","oxoglutarate (alpha-ketoglutarate) dehydrogenase (lipoamide)"
"Kdm1b",-0.0201528284044548,0.8282,"13","lysine (K)-specific demethylase 1B"
"Vps54",0.0201445589137732,0.7144,"11","VPS54 GARP complex subunit"
"Tent4a",-0.020136853937184,0.7074,"13","terminal nucleotidyltransferase 4A"
"Zfp426",0.0201303927509704,0.6272,"9","zinc finger protein 426"
"Rtcb",0.020115040861767,0.641,"10","RNA 2',3'-cyclic phosphate and 5'-OH ligase"
"Ufl1",0.0201130616634675,0.7676,"4","UFM1 specific ligase 1"
"Tspan13",0.0201095746750273,0.7482,"12","tetraspanin 13"
"Mib1",0.0201041212098634,0.7816,"18","MIB E3 ubiquitin protein ligase 1"
"Nae1",-0.0201009137217145,0.8064,"8","NEDD8 activating enzyme E1 subunit 1"
"Pin4",0.020099935764061,0.8532,"X","peptidyl-prolyl cis/trans isomerase, NIMA-interacting, 4 (parvulin)"
"Tmem135",0.0200980345634836,0.8114,"7","transmembrane protein 135"
"Lefty1",-0.0200911079362527,0.884,"1","left right determination factor 1"
"Cdkl1",0.0200897041473191,0.8434,"12","cyclin-dependent kinase-like 1 (CDC2-related kinase)"
"Slc5a6",-0.0200748166214733,0.7912,"5","solute carrier family 5 (sodium-dependent vitamin transporter), member 6"
"Vps72",0.0200743610189056,0.8612,"3","vacuolar protein sorting 72"
"Cuedc1",0.0200714704004845,0.8016,"11","CUE domain containing 1"
"Cuedc1",0.0200714704004845,0.8016,"11","CUE domain containing 1"
"Utp14a",-0.0200687354527878,0.7856,"X","UTP14A small subunit processome component"
"Kctd10",-0.0200685523806481,0.7418,"5","potassium channel tetramerisation domain containing 10"
"Psmb1",0.0200668286023546,0.8114,"17","proteasome (prosome, macropain) subunit, beta type 1"
"D17H6S53E",0.0200576930120855,0.82,"17","DNA segment, Chr 17, human D6S53E"
"Orc5",-0.0200573944475142,0.762,"5","origin recognition complex, subunit 5"
"Arrdc4",0.0200540101698969,0.772,"7","arrestin domain containing 4"
"1110032A03Rik",0.0200479225766479,0.8124,"9","RIKEN cDNA 1110032A03 gene"
"Cep57l1",0.0200472606786439,0.8364,"10","centrosomal protein 57-like 1"
"Sulf2",-0.0200357996165295,0.7732,"2","sulfatase 2"
"Taldo1",0.0200292693340947,0.8828,"7","transaldolase 1"
"Ndfip2",-0.0200256551314384,0.8652,"14","Nedd4 family interacting protein 2"
"Tnpo2",0.020021028834841,0.594,"8","transportin 2 (importin 3, karyopherin beta 2b)"
"Denr",0.0200182308217762,0.8118,"5","density-regulated protein"
"Gdap1",0.0200131868662572,0.8572,"1","ganglioside-induced differentiation-associated-protein 1"
"Tsr1",-0.0200129101702569,0.8832,"11","TSR1 20S rRNA accumulation"
"Nkrf",-0.0200019552637887,0.8538,"X","NF-kappaB repressing factor"
"Zscan26",-0.0199929543391191,0.823,"13","zinc finger and SCAN domain containing 26"
"Magef1",-0.0199865365226408,0.87,"16","MAGE family member F1"
"Ap4m1",-0.0199846726090609,0.8454,"5","adaptor-related protein complex AP-4, mu 1"
"Vdac2",0.0199767430854765,0.7184,"14","voltage-dependent anion channel 2"
"Tmem106b",-0.0199719042521167,0.8616,"6","transmembrane protein 106B"
"Dffa",-0.019966938265477,0.6102,"4","DNA fragmentation factor, alpha subunit"
"Ska2",0.0199650677655652,0.7486,"11","spindle and kinetochore associated complex subunit 2"
"Hbp1",0.0199599107634763,0.6144,"12","high mobility group box transcription factor 1"
"Pdcd10",-0.0199565532459394,0.836,"3","programmed cell death 10"
"Prune2",-0.0199507618753767,0.8316,"19","prune homolog 2"
"Zfp362",-0.0199431828467747,0.7688,"4","zinc finger protein 362"
"Dok3",-0.0199364858880671,0.9214,"13","docking protein 3"
"Zmynd19",0.0199339975091943,0.6894,"2","zinc finger, MYND domain containing 19"
"Zfp12",0.0199333294511703,0.6996,"5","zinc finger protein 12"
"Inha",-0.0199271214104346,0.887,"1","inhibin alpha"
"Otud5",0.0199256517007953,0.7018,"X","OTU domain containing 5"
"Aatk",0.0199251306744195,0.6296,"11","apoptosis-associated tyrosine kinase"
"Slc35e1",-0.0199228822098947,0.7214,"8","solute carrier family 35, member E1"
"Etf1",-0.0199151222361218,0.771,"18","eukaryotic translation termination factor 1"
"Hmgb1",-0.0199121868924124,0.7768,"5","high mobility group box 1"
"Xpo5",-0.0199071605994865,0.6382,"17","exportin 5"
"Malt1",-0.0199014315224155,0.9008,"18","MALT1 paracaspase"
"Rlf",-0.0198934769350805,0.8798,"4","rearranged L-myc fusion sequence"
"Tro",0.0198821103320377,0.8502,"X","trophinin"
"Apba2",0.0198803678552677,0.562,"7","amyloid beta (A4) precursor protein-binding, family A, member 2"
"Cdk18",0.0198782363382826,0.8432,"1","cyclin-dependent kinase 18"
"Tesk2",-0.0198778612062238,0.828,"4","testis-specific kinase 2"
"Shmt2",-0.0198754799949397,0.803,"10","serine hydroxymethyltransferase 2 (mitochondrial)"
"Nmd3",-0.0198697168817725,0.8254,"3","NMD3 ribosome export adaptor"
"Cpsf2",-0.0198671941931678,0.7832,"12","cleavage and polyadenylation specific factor 2"
"Taok2",0.0198485599573406,0.6346,"7","TAO kinase 2"
"Alms1",0.0198442234714458,0.8828,"6","ALMS1, centrosome and basal body associated"
"Chpt1",-0.0198411266269112,0.7774,"10","choline phosphotransferase 1"
"Eloc",0.0198397801118286,0.7916,"1","elongin C"
"Zfp78",-0.0198343350413592,0.8546,"7","zinc finger protein 78"
"Mettl6",0.0198236517086259,0.6708,"14","methyltransferase like 6"
"Atp11a",0.0197845661537492,0.8472,"8","ATPase, class VI, type 11A"
"Rabgap1",-0.0197814423848914,0.7998,"2","RAB GTPase activating protein 1"
"Rsf1",-0.019779472633604,0.8398,"7","remodeling and spacing factor 1"
"Akr1a1",0.0197738596529762,0.8,"4","aldo-keto reductase family 1, member A1 (aldehyde reductase)"
"Tnip1",-0.0197724232579528,0.7366,"11","TNFAIP3 interacting protein 1"
"Abcc10",0.0197678654014282,0.8792,"17","ATP-binding cassette, sub-family C (CFTR/MRP), member 10"
"Dip2c",0.0197668630723991,0.7312,"13","disco interacting protein 2 homolog C"
"Ablim2",-0.0197645744512167,0.7552,"5","actin-binding LIM protein 2"
"Spock3",0.0197639793196354,0.9116,"8","sparc/osteonectin, cwcv and kazal-like domains proteoglycan 3"
"Ddi2",-0.019762545167914,0.9256,"4","DNA-damage inducible protein 2"
"Unc79",-0.0197614710688896,0.8584,"12","unc-79 homolog"
"Nutf2",0.019755790380767,0.7578,"8","nuclear transport factor 2"
"Fhl2",0.0197553792268597,0.8012,"1","four and a half LIM domains 2"
"Krt9",0.0197505055910532,0.8774,"11","keratin 9"
"Xab2",0.019748967637792,0.7214,"8","XPA binding protein 2"
"Pole4",-0.0197377157529477,0.8222,"6","polymerase (DNA-directed), epsilon 4 (p12 subunit)"
"Cbfa2t3",-0.0197376658808164,0.8554,"8","CBFA2/RUNX1 translocation partner 3"
"Grb10",-0.019727943163141,0.7836,"11","growth factor receptor bound protein 10"
"Ypel2",-0.0197132817929973,0.812,"11","yippee like 2"
"Atp5md",0.019695737189946,0.8716,"19","ATP synthase membrane subunit DAPIT"
"Atp5md",0.019695737189946,0.8716,"19","ATP synthase membrane subunit DAPIT"
"Cacna2d2",-0.0196953690699559,0.8508,"9","calcium channel, voltage-dependent, alpha 2/delta subunit 2"
"Acsl1",0.0196945245187141,0.774,"8","acyl-CoA synthetase long-chain family member 1"
"Ripor1",-0.019692662731063,0.7538,"8","RHO family interacting cell polarization regulator 1"
"Mef2d",-0.0196770836217759,0.803,"3","myocyte enhancer factor 2D"
"Capza1",-0.0196545834745079,0.8528,"3","capping actin protein of muscle Z-line subunit alpha 1"
"Slc12a9",-0.0196277311989315,0.8258,"5","solute carrier family 12 (potassium/chloride transporters), member 9"
"Gtf2h2",0.0196275564771105,0.8218,"13","general transcription factor II H, polypeptide 2"
"Wdr75",0.0196220236684326,0.6706,"1","WD repeat domain 75"
"Tgds",0.0196097904773125,0.8608,"14","TDP-glucose 4,6-dehydratase"
"Gabbr1",0.01958249221199,0.6124,"17","gamma-aminobutyric acid (GABA) B receptor, 1"
"Slc2a13",-0.0195783202690771,0.894,"15","solute carrier family 2 (facilitated glucose transporter), member 13"
"E2f1",0.0195731315922387,0.8074,"2","E2F transcription factor 1"
"Pcm1",-0.0195648823071073,0.8596,"8","pericentriolar material 1"
"Rprm",0.0195627091946671,0.87,"2","reprimo, TP53 dependent G2 arrest mediator candidate"
"Azin2",0.0195561529816723,0.829,"4","antizyme inhibitor 2"
"Dnajc1",-0.0195433077807357,0.8224,"2","DnaJ heat shock protein family (Hsp40) member C1"
"Parn",-0.0195394605559569,0.6344,"16","poly(A)-specific ribonuclease (deadenylation nuclease)"
"Slc6a1",0.0195257781330023,0.7458,"6","solute carrier family 6 (neurotransmitter transporter, GABA), member 1"
"Faf1",0.019525389652296,0.6392,"4","Fas-associated factor 1"
"Tmem268",-0.0195247151209914,0.8054,"4","transmembrane protein 268"
"Gbf1",-0.0195224608600997,0.6732,"19","golgi-specific brefeldin A-resistance factor 1"
"Zfpm1",0.019503708507556,0.8726,"8","zinc finger protein, multitype 1"
"Sub1",0.0195003639469657,0.7594,"15","SUB1 homolog, transcriptional regulator"
"Wdr7",-0.0194993847540212,0.8576,"18","WD repeat domain 7"
"Aoc2",-0.0194982821904235,0.9054,"11","amine oxidase, copper containing 2 (retina-specific)"
"Slc25a18",0.0194940230252518,0.876,"6","solute carrier family 25 (mitochondrial carrier), member 18"
"Sec11a",0.0194915709088344,0.7902,"7","SEC11 homolog A, signal peptidase complex subunit"
"Zfp316",0.0194783132612937,0.7464,"5","zinc finger protein 316"
"Clk3",0.0194777257312877,0.776,"9","CDC-like kinase 3"
"Tor1aip2",-0.0194666137119039,0.6398,"1","torsin A interacting protein 2"
"Rhbdd3",0.019456064875762,0.8748,"11","rhomboid domain containing 3"
"Pigb",-0.0194543816376336,0.92,"9","phosphatidylinositol glycan anchor biosynthesis, class B"
"Diaph1",-0.0194499078793671,0.7432,"18","diaphanous related formin 1"
"Pdcd5",0.0194477485966011,0.8476,"7","programmed cell death 5"
"Pacsin1",0.0194477357419522,0.6606,"17","protein kinase C and casein kinase substrate in neurons 1"
"Chic2",0.0194408384320437,0.7402,"5","cysteine-rich hydrophobic domain 2"
"Larp4",-0.0194383421983106,0.8816,"15","La ribonucleoprotein 4"
"Obsl1",0.019437025517683,0.821,"1","obscurin-like 1"
"Ess2",0.0194312678572803,0.7182,"16","ess-2 splicing factor"
"Ercc1",0.0194250382387411,0.8346,"7","excision repair cross-complementing rodent repair deficiency, complementation group 1"
"Tead3",0.0194147959471402,0.8912,"17","TEA domain family member 3"
"Elp3",-0.0194078962380111,0.684,"14","elongator acetyltransferase complex subunit 3"
"Gad1",0.0194035460881761,0.8242,"2","glutamate decarboxylase 1"
"Tbc1d4",-0.0194006689972088,0.8948,"14","TBC1 domain family, member 4"
"Fhad1",0.0193957044936415,0.8662,"4","forkhead-associated (FHA) phosphopeptide binding domain 1"
"Bcl11b",-0.0193928315056793,0.8186,"12","B cell leukemia/lymphoma 11B"
"Cbr1",0.0193897287458231,0.7932,"16","carbonyl reductase 1"
"Acot8",-0.0193822001004222,0.7968,"2","acyl-CoA thioesterase 8"
"Ralb",-0.0193789448217805,0.8458,"1","v-ral simian leukemia viral oncogene B"
"Abhd11",0.0193691100188076,0.8394,"5","abhydrolase domain containing 11"
"Epha5",0.0193689885008652,0.8746,"5","Eph receptor A5"
"Clcn2",0.019364159842417,0.8362,"16","chloride channel, voltage-sensitive 2"
"Kirrel",0.0193525250876134,0.8542,"3","kirre like nephrin family adhesion molecule 1"
"Pou3f4",-0.019351080623959,0.8334,"X","POU domain, class 3, transcription factor 4"
"Dnajc10",0.0193402126444342,0.7758,"2","DnaJ heat shock protein family (Hsp40) member C10"
"Fnip1",-0.0193390969734279,0.8658,"11","folliculin interacting protein 1"
"Snrnp200",-0.0193249090807708,0.8188,"2","small nuclear ribonucleoprotein 200 (U5)"
"Cops3",0.0193197933302596,0.8076,"11","COP9 signalosome subunit 3"
"Babam1",0.0193139882153401,0.782,"8","BRISC and BRCA1 A complex member 1"
"Ccdc174",0.0193134435907432,0.722,"6","coiled-coil domain containing 174"
"Mrpl18",-0.0193131640490449,0.7294,"17","mitochondrial ribosomal protein L18"
"Nck1",0.0193080989361758,0.875,"9","non-catalytic region of tyrosine kinase adaptor protein 1"
"Prim2",0.0193070745635131,0.802,"1","DNA primase, p58 subunit"
"Mppe1",0.0193019719098504,0.8358,"18","metallophosphoesterase 1"
"Sdhd",0.0192997386779208,0.7744,"9","succinate dehydrogenase complex, subunit D, integral membrane protein"
"Dph7",-0.0192667585417965,0.7856,"2","diphthamine biosynethesis 7"
"Tcf4",0.0192517871399112,0.7092,"18","transcription factor 4"
"Fig4",0.0192482938079932,0.719,"10","FIG4 phosphoinositide 5-phosphatase"
"Cep250",0.0192462334648722,0.854,"2","centrosomal protein 250"
"Sav1",-0.0192374496604355,0.71,"12","salvador family WW domain containing 1"
"Pick1",0.0192351144945526,0.7482,"15","protein interacting with C kinase 1"
"Myd88",-0.0192268972899949,0.7166,"9","myeloid differentiation primary response gene 88"
"Atp13a4",-0.0192262596220889,0.8388,"16","ATPase type 13A4"
"Pitpna",0.0192232792339162,0.555,"11","phosphatidylinositol transfer protein, alpha"
"Sh3kbp1",-0.0192223614141991,0.756,"X","SH3-domain kinase binding protein 1"
"Frmd5",-0.0192167949638495,0.7146,"2","FERM domain containing 5"
"Gpat4",-0.0192127433894731,0.6246,"8","glycerol-3-phosphate acyltransferase 4"
"Srebf2",0.0192115448146284,0.5846,"15","sterol regulatory element binding factor 2"
"Abracl",0.0192087316238547,0.8744,"10","ABRA C-terminal like"
"Sh3yl1",0.0192018622700316,0.7302,"12","Sh3 domain YSC-like 1"
"Dtna",0.0191980627817427,0.7604,"18","dystrobrevin alpha"
"Tmsb10",-0.0191968009508692,0.8852,"6","thymosin, beta 10"
"Tmbim1",0.0191943980460234,0.8734,"1","transmembrane BAX inhibitor motif containing 1"
"Plxnd1",-0.0191805847927622,0.7824,"6","plexin D1"
"Mcm5",0.0191786327318111,0.8542,"8","minichromosome maintenance complex component 5"
"Flot2",-0.0191634344502516,0.747,"11","flotillin 2"
"Tnni1",0.0191572608633104,0.9276,"1","troponin I, skeletal, slow 1"
"Kif2a",-0.0191550353565182,0.8332,"13","kinesin family member 2A"
"Tmem87a",-0.0191508098921762,0.6388,"2","transmembrane protein 87A"
"Ocrl",0.0191486151118525,0.784,"X","OCRL, inositol polyphosphate-5-phosphatase"
"Kcnb2",-0.0191373566155519,0.8416,"1","potassium voltage gated channel, Shab-related subfamily, member 2"
"Ap1g2",-0.0191340968899678,0.9048,"14","adaptor protein complex AP-1, gamma 2 subunit"
"Wdr90",0.0191301020162724,0.8944,"17","WD repeat domain 90"
"Fads6",-0.019125566405944,0.9332,"11","fatty acid desaturase domain family, member 6"
"Creg2",-0.019121105226545,0.8414,"1","cellular repressor of E1A-stimulated genes 2"
"Tmx2",-0.019119434510011,0.7434,"2","thioredoxin-related transmembrane protein 2"
"Chtf8",0.0191165229414452,0.7438,"8","CTF8, chromosome transmission fidelity factor 8"
"Cyb5r3",-0.0190896720545144,0.8272,"15","cytochrome b5 reductase 3"
"Map4k4",-0.0190741589467605,0.7892,"1","mitogen-activated protein kinase kinase kinase kinase 4"
"Sprtn",0.0190710643872505,0.8508,"8","SprT-like N-terminal domain"
"Cdc42bpb",-0.0190651429216997,0.7416,"12","CDC42 binding protein kinase beta"
"Ankrd16",-0.0190540417265801,0.8742,"2","ankyrin repeat domain 16"
"Anapc10",-0.0190529503296606,0.8188,"8","anaphase promoting complex subunit 10"
"Rapgef6",-0.0190471226255271,0.8774,"11","Rap guanine nucleotide exchange factor (GEF) 6"
"Tor2a",0.0190452234442793,0.8748,"2","torsin family 2, member A"
"Osbpl8",-0.0190434980859111,0.852,"10","oxysterol binding protein-like 8"
"Cct8",0.0190370796073553,0.8322,"16","chaperonin containing Tcp1, subunit 8 (theta)"
"Krtcap2",0.0190257339125104,0.8884,"3","keratinocyte associated protein 2"
"Rpl22",0.0190220883027967,0.83,"4","ribosomal protein L22"
"Pcnx",0.0190133838063575,0.8454,"12","pecanex homolog"
"Tmem167",0.018989723304875,0.6634,"13","transmembrane protein 167"
"Zfp777",0.0189893591830304,0.7732,"6","zinc finger protein 777"
"Bcl10",-0.0189870296308277,0.7594,"3","B cell leukemia/lymphoma 10"
"Polr3e",0.0189705654760415,0.8332,"7","polymerase (RNA) III (DNA directed) polypeptide E"
"A930004D18Rik",0.0189699855061787,0.8468,"2","RIKEN cDNA A930004D18 gene"
"Nudt3",-0.0189608916985922,0.8806,"17","nudix (nucleotide diphosphate linked moiety X)-type motif 3"
"Rptor",0.0189467953237203,0.7752,"11","regulatory associated protein of MTOR, complex 1"
"Pigk",0.018940433876085,0.7052,"3","phosphatidylinositol glycan anchor biosynthesis, class K"
"Stau2",0.0189352134172189,0.7032,"1","staufen double-stranded RNA binding protein 2"
"Smim14",0.0189330663756495,0.638,"5","small integral membrane protein 14"
"Slc30a2",-0.0189225938994522,0.887,"4","solute carrier family 30 (zinc transporter), member 2"
"Cfap97",-0.0189183929714307,0.7774,"8","cilia and flagella associated protein 97"
"Ppp3cc",0.0189064171637261,0.7824,"14","protein phosphatase 3, catalytic subunit, gamma isoform"
"Cog1",0.0188995595899657,0.8036,"11","component of oligomeric golgi complex 1"
"Fbxo6",-0.0188864243105034,0.836,"4","F-box protein 6"
"Ar",0.0188820526156182,0.8518,"X","androgen receptor"
"Map3k20",-0.0188780994722646,0.807,"2","mitogen-activated protein kinase kinase kinase 20"
"Senp6",0.0188482224375397,0.7592,"9","SUMO/sentrin specific peptidase 6"
"Gucy2g",0.0188471476805696,0.865,"19","guanylate cyclase 2g"
"Rnf26",0.0188464606780236,0.8226,"9","ring finger protein 26"
"Osbpl9",0.0188306772840106,0.6036,"4","oxysterol binding protein-like 9"
"Zdhhc9",-0.018826978502652,0.7802,"X","zinc finger, DHHC domain containing 9"
"Tmem184c",0.0188208804834984,0.8268,"8","transmembrane protein 184C"
"Zfp467",-0.0188201910057408,0.768,"6","zinc finger protein 467"
"Bet1",-0.0188166709420905,0.81,"6","Bet1 golgi vesicular membrane trafficking protein"
"Nav3",0.0188073832996158,0.8598,"10","neuron navigator 3"
"E2f3",0.0188072337261449,0.8,"13","E2F transcription factor 3"
"Snapc4",0.0188037339290954,0.9068,"2","small nuclear RNA activating complex, polypeptide 4"
"Map1lc3b",0.0187949719659404,0.8052,"8","microtubule-associated protein 1 light chain 3 beta"
"Dnajc7",0.0187825733203981,0.5966,"11","DnaJ heat shock protein family (Hsp40) member C7"
"Gnai1",-0.0187781713678072,0.764,"5","guanine nucleotide binding protein (G protein), alpha inhibiting 1"
"Prss53",0.0187728390489559,0.9002,"7","protease, serine 53"
"Las1l",-0.0187697066771682,0.718,"X","LAS1-like (S. cerevisiae)"
"Lyar",0.0187618390560012,0.7884,"5","Ly1 antibody reactive clone"
"Klhl12",-0.018753640480508,0.702,"1","kelch-like 12"
"Rad23b",-0.0187473335502535,0.823,"4","RAD23 homolog B, nucleotide excision repair protein"
"Irf3",0.0187430001756015,0.8304,"7","interferon regulatory factor 3"
"Ifnar1",-0.0187366474516795,0.6222,"16","interferon (alpha and beta) receptor 1"
"Alg9",-0.0187320849538946,0.736,"9","asparagine-linked glycosylation 9 (alpha 1,2 mannosyltransferase)"
"Clcn6",0.0187302232837521,0.6768,"4","chloride channel, voltage-sensitive 6"
"Dsg2",-0.0187252933044828,0.8518,"18","desmoglein 2"
"Lrrtm2",-0.0187161542959968,0.8966,"18","leucine rich repeat transmembrane neuronal 2"
"Tmem181a",-0.0187119612529543,0.9326,"17","transmembrane protein 181A"
"Bsdc1",0.0187111011904806,0.7268,"4","BSD domain containing 1"
"Ubxn8",-0.0187095749322737,0.78,"8","UBX domain protein 8"
"Zfp574",0.0187038207733483,0.7642,"7","zinc finger protein 574"
"Lpcat4",0.0186999477020375,0.8172,"2","lysophosphatidylcholine acyltransferase 4"
"Dhrs7b",-0.0186748963573455,0.8564,"11","dehydrogenase/reductase (SDR family) member 7B"
"Slc7a8",-0.0186716801072571,0.6624,"14","solute carrier family 7 (cationic amino acid transporter, y+ system), member 8"
"Khdc4",-0.0186702642955465,0.834,"3","KH domain containing 4, pre-mRNA splicing factor"
"Klhl18",0.018654043111936,0.6554,"9","kelch-like 18"
"Ei24",0.0186500793189994,0.7704,"9","etoposide induced 2.4 mRNA"
"Usp3",0.0186494554148826,0.7472,"9","ubiquitin specific peptidase 3"
"Eif3e",0.0186484693023106,0.7408,"15","eukaryotic translation initiation factor 3, subunit E"
"Nras",-0.0186468613214119,0.703,"3","neuroblastoma ras oncogene"
"Smc2",-0.0186451585018945,0.8854,"4","structural maintenance of chromosomes 2"
"Rufy2",-0.018641146678295,0.8494,"10","RUN and FYVE domain-containing 2"
"Fam78b",0.0186355118992498,0.7684,"1","family with sequence similarity 78, member B"
"Fam222a",0.0186347442639647,0.8496,"5","family with sequence similarity 222, member A"
"Rfc1",0.0186283589554526,0.7916,"5","replication factor C (activator 1) 1"
"Plppr2",0.0186250458330122,0.7694,"9","phospholipid phosphatase related 2"
"Rps19bp1",0.0186196329729276,0.906,"15","ribosomal protein S19 binding protein 1"
"Snx3",-0.0186073411828067,0.8366,"10","sorting nexin 3"
"Pak1ip1",-0.0186070706361994,0.7156,"13","PAK1 interacting protein 1"
"Rab28",0.0186027237333866,0.7418,"5","RAB28, member RAS oncogene family"
"Anxa6",-0.0185993693748161,0.8126,"11","annexin A6"
"Psma1",0.0185917870503394,0.7556,"7","proteasome subunit alpha 1"
"Tpd52l2",-0.0185909527683439,0.7174,"2","tumor protein D52-like 2"
"Mir100hg",-0.0185857813766077,0.8752,"9","Mir100 Mirlet7a-2 Mir125b-1 cluster host gene"
"Setd4",0.018581896053206,0.89,"16","SET domain containing 4"
"Fam171a1",0.0185771116924096,0.4508,"2","family with sequence similarity 171, member A1"
"Rpgr",-0.0185725687110305,0.7856,"X","retinitis pigmentosa GTPase regulator"
"Zfp354c",0.0185718027592232,0.7944,"11","zinc finger protein 354C"
"Scn2b",0.0185699123530787,0.7934,"9","sodium channel, voltage-gated, type II, beta"
"Ano6",-0.0185687981771743,0.8084,"15","anoctamin 6"
"Tnrc6c",-0.0185601099706707,0.881,"11","trinucleotide repeat containing 6C"
"Idh1",0.0185597923429768,0.7634,"1","isocitrate dehydrogenase 1 (NADP+), soluble"
"Gramd2",0.0185586320232547,0.8724,"9","GRAM domain containing 2"
"Cyfip2",-0.0185491862476361,0.802,"11","cytoplasmic FMR1 interacting protein 2"
"Atg16l1",0.0185274916598246,0.6342,"1","autophagy related 16-like 1 (S. cerevisiae)"
"Usp24",-0.0185162391719329,0.818,"4","ubiquitin specific peptidase 24"
"Fbxl3",0.0185145522104699,0.836,"14","F-box and leucine-rich repeat protein 3"
"Mdga2",0.0185139494408437,0.8776,"12","MAM domain containing glycosylphosphatidylinositol anchor 2"
"Tmem205",-0.0185108738321853,0.897,"9","transmembrane protein 205"
"Anp32e",-0.0185088599792964,0.7178,"3","acidic (leucine-rich) nuclear phosphoprotein 32 family, member E"
"Nlk",0.0185059670127803,0.7588,"11","nemo like kinase"
"Gpatch11",0.0184964217075922,0.5576,"17","G patch domain containing 11"
"Derl2",-0.018487080678403,0.753,"11","Der1-like domain family, member 2"
"Fchsd2",-0.0184853090778656,0.852,"7","FCH and double SH3 domains 2"
"Nanos1",-0.0184836999718625,0.8018,"19","nanos C2HC-type zinc finger 1"
"C1qbp",-0.0184805840135782,0.7778,"11","complement component 1, q subcomponent binding protein"
"Sufu",-0.0184754776904281,0.7,"19","SUFU negative regulator of hedgehog signaling"
"Ostc",-0.0184690511277292,0.7944,"3","oligosaccharyltransferase complex subunit (non-catalytic)"
"Tfdp2",-0.018459213513534,0.6628,"9","transcription factor Dp 2"
"Nrep",0.0184552576102108,0.829,"18","neuronal regeneration related protein"
"Cstf2t",0.018453488329965,0.7176,"19","cleavage stimulation factor, 3' pre-RNA subunit 2, tau"
"Ebag9",-0.0184519151848352,0.7892,"15","estrogen receptor-binding fragment-associated gene 9"
"Polr2j",0.0184455941977779,0.872,"5","polymerase (RNA) II (DNA directed) polypeptide J"
"Crtc1",0.018443219551477,0.8056,"8","CREB regulated transcription coactivator 1"
"Gsn",-0.0184413060878388,0.8864,"2","gelsolin"
"Fads3",-0.0184242826065439,0.7512,"19","fatty acid desaturase 3"
"Bicd1",-0.0184227303559759,0.8956,"6","BICD cargo adaptor 1"
"Daam1",0.0184212639537069,0.746,"12","dishevelled associated activator of morphogenesis 1"
"Rfx5",0.0184140879280683,0.8352,"3","regulatory factor X, 5 (influences HLA class II expression)"
"Synpo",-0.0184138344888849,0.7844,"18","synaptopodin"
"Atg9a",0.0184009475479368,0.5178,"1","autophagy related 9A"
"Chfr",0.0183949678811555,0.7906,"5","checkpoint with forkhead and ring finger domains"
"Slc25a17",-0.0183860058102869,0.7452,"15","solute carrier family 25 (mitochondrial carrier, peroxisomal membrane protein), member 17"
"Rnf38",0.0183857588405232,0.7876,"4","ring finger protein 38"
"Mbtd1",-0.0183823508884107,0.8162,"11","mbt domain containing 1"
"Magee1",-0.0183782310355918,0.8616,"X","MAGE family member E1"
"Hmbox1",0.0183778109284116,0.8316,"14","homeobox containing 1"
"Zkscan17",0.0183771464893367,0.8394,"11","zinc finger with KRAB and SCAN domains 17"
"Papss1",0.0183754866487318,0.7436,"3","3'-phosphoadenosine 5'-phosphosulfate synthase 1"
"G3bp2",-0.0183737969513622,0.893,"5","GTPase activating protein (SH3 domain) binding protein 2"
"Stx12",0.0183725187233339,0.7146,"4","syntaxin 12"
"Agps",0.0183617329676107,0.7564,"2","alkylglycerone phosphate synthase"
"Psmd9",0.0183529437438237,0.813,"5","proteasome (prosome, macropain) 26S subunit, non-ATPase, 9"
"Oaz2",-0.0183519544483781,0.8006,"9","ornithine decarboxylase antizyme 2"
"Akt1",0.0183517247756919,0.8432,"12","thymoma viral proto-oncogene 1"
"Ap1s1",0.0183419377953156,0.8926,"5","adaptor protein complex AP-1, sigma 1"
"Spaca6",-0.0183398205927023,0.923,"17","sperm acrosome associated 6"
"Ephb1",-0.0183359265232976,0.8242,"9","Eph receptor B1"
"Pus7",-0.0183168053538889,0.7382,"5","pseudouridylate synthase 7"
"Rrnad1",0.0183161444726689,0.8732,"3","ribosomal RNA adenine dimethylase domain containing 1"
"Sf3b4",-0.018306719677966,0.789,"3","splicing factor 3b, subunit 4"
"Gtf3c3",-0.0182849997565757,0.8666,"1","general transcription factor IIIC, polypeptide 3"
"Csf1",0.0182823970774377,0.7274,"3","colony stimulating factor 1 (macrophage)"
"Sox12",0.0182713198063187,0.8534,"2","SRY (sex determining region Y)-box 12"
"Pls1",-0.0182680695006847,0.8696,"9","plastin 1 (I-isoform)"
"Micu1",0.018266880987218,0.7422,"10","mitochondrial calcium uptake 1"
"Tmem168",-0.0182501041137986,0.8348,"6","transmembrane protein 168"
"Xpr1",0.0182492733003761,0.812,"1","xenotropic and polytropic retrovirus receptor 1"
"Atp6v0e",-0.0182458939754415,0.867,"17","ATPase, H+ transporting, lysosomal V0 subunit E"
"Scd1",0.0182439836335142,0.8832,"19","stearoyl-Coenzyme A desaturase 1"
"Agk",-0.0182243286308337,0.8732,"6","acylglycerol kinase"
"Miat",0.0182197140643723,0.9418,"5","myocardial infarction associated transcript (non-protein coding)"
"Ptprn",0.0182118916521361,0.7466,"1","protein tyrosine phosphatase, receptor type, N"
"Ndufaf4",0.0181951116478256,0.5802,"4","NADH:ubiquinone oxidoreductase complex assembly factor 4"
"Txndc17",-0.018186872317985,0.862,"11","thioredoxin domain containing 17"
"Mgat1",-0.0181536588200704,0.8572,"11","mannoside acetylglucosaminyltransferase 1"
"Ppp2r2b",0.0181531384587812,0.659,"18","protein phosphatase 2, regulatory subunit B, beta"
"Rhobtb2",-0.0181466361436398,0.7228,"14","Rho-related BTB domain containing 2"
"Kcnd2",-0.0181360409227098,0.8914,"6","potassium voltage-gated channel, Shal-related family, member 2"
"1700016K19Rik",0.0181351164810668,0.9308,"11","RIKEN cDNA 1700016K19 gene"
"Fmo2",-0.0181315841849914,0.95,"1","flavin containing monooxygenase 2"
"Acsf3",-0.0181281897850405,0.8208,"8","acyl-CoA synthetase family member 3"
"Hlcs",0.0181213197128365,0.7844,"16","holocarboxylase synthetase (biotin-"
"Hnrnpll",0.0181177655472879,0.8758,"17","heterogeneous nuclear ribonucleoprotein L-like"
"Zbtb37",-0.0181133545367895,0.9364,"1","zinc finger and BTB domain containing 37"
"Bet1l",-0.0180942874590944,0.7894,"7","Bet1 golgi vesicular membrane trafficking protein like"
"Cd320",0.0180771031040381,0.8184,"17","CD320 antigen"
"Cirbp",0.0180545570101902,0.851,"10","cold inducible RNA binding protein"
"Zfp882",0.0180466701713913,0.8316,"8","zinc finger protein 882"
"Mrpl58",-0.0180445600383292,0.8828,"11","mitochondrial ribosomal protein L58"
"Scyl2",-0.0180365780649803,0.8978,"10","SCY1-like 2 (S. cerevisiae)"
"Scg3",0.0180345224108063,0.79,"9","secretogranin III"
"Ran",0.0180255245656102,0.7224,"5","RAN, member RAS oncogene family"
"Phkb",0.0180233500013642,0.7564,"8","phosphorylase kinase beta"
"Stam",0.0180221113118568,0.8906,"2","signal transducing adaptor molecule (SH3 domain and ITAM motif) 1"
"Smtn",-0.0180217487484136,0.8932,"11","smoothelin"
"Sec31a",-0.0180171841327095,0.6962,"5","Sec31 homolog A (S. cerevisiae)"
"Foxn2",0.0180151643483919,0.859,"17","forkhead box N2"
"Nipa1",-0.0180115804115939,0.8048,"7","non imprinted in Prader-Willi/Angelman syndrome 1 homolog (human)"
"Gpr61",-0.0180016400690137,0.7306,"3","G protein-coupled receptor 61"
"Lpl",0.0179980400867139,0.8286,"8","lipoprotein lipase"
"Srrm3",0.0179955327192554,0.801,"5","serine/arginine repetitive matrix 3"
"Kcnc4",0.0179790568511518,0.8414,"3","potassium voltage gated channel, Shaw-related subfamily, member 4"
"Yif1a",-0.0179717327862128,0.8662,"19","Yip1 interacting factor homolog A (S. cerevisiae)"
"Zfp157",0.0179604240746958,0.739,"5","zinc finger protein 157"
"Strn",0.0179438822991571,0.8196,"17","striatin, calmodulin binding protein"
"Fabp5",-0.0179417586498003,0.881,"3","fatty acid binding protein 5, epidermal"
"Dpp6",0.0179341351590878,0.6308,"5","dipeptidylpeptidase 6"
"Dcakd",0.0179339210486242,0.871,"11","dephospho-CoA kinase domain containing"
"Mrps35",-0.0179309458105323,0.8234,"6","mitochondrial ribosomal protein S35"
"Lsm10",-0.0179237086197497,0.8666,"4","U7 snRNP-specific Sm-like protein LSM10"
"Foxp1",-0.0179202295092749,0.844,"6","forkhead box P1"
"Fam169a",0.0179170591648639,0.8638,"13","family with sequence similarity 169, member A"
"Actg1",0.0179160868698958,0.7652,"11","actin, gamma, cytoplasmic 1"
"Midn",-0.0179132407637672,0.8198,"10","midnolin"
"Zfp937",0.0179115722532774,0.842,"2","zinc finger protein 937"
"Etaa1",-0.0179068858751221,0.8424,"11","Ewing tumor-associated antigen 1"
"Naa60",0.0179024306323736,0.8116,"16","N(alpha)-acetyltransferase 60, NatF catalytic subunit"
"Calcoco1",0.0179002099537486,0.768,"15","calcium binding and coiled coil domain 1"
"Lrrc4",0.0178981557128672,0.7696,"6","leucine rich repeat containing 4"
"Tst",-0.0178938518469565,0.9156,"15","thiosulfate sulfurtransferase, mitochondrial"
"Stag1",0.0178898396390474,0.8156,"9","stromal antigen 1"
"1700025G04Rik",0.0178854014839169,0.6074,"1","RIKEN cDNA 1700025G04 gene"
"Ybx2",-0.0178770340752901,0.9322,"11","Y box protein 2"
"Zbtb39",0.0178750207438636,0.7456,"10","zinc finger and BTB domain containing 39"
"Sestd1",0.0178705027901493,0.8318,"2","SEC14 and spectrin domains 1"
"Wapl",0.0178693614213508,0.828,"14","WAPL cohesin release factor"
"Syn2",0.0178658361052264,0.7222,"6","synapsin II"
"Ssh2",0.0178591304497022,0.8078,"11","slingshot protein phosphatase 2"
"Frat2",-0.0178588598383569,0.838,"19","frequently rearranged in advanced T cell lymphomas 2"
"Aagab",0.0178557273253928,0.6356,"9","alpha- and gamma-adaptin binding protein"
"Hs6st3",0.0178525068369422,0.958,"14","heparan sulfate 6-O-sulfotransferase 3"
"1810010H24Rik",-0.0178471541941057,0.8224,"11","RIKEN cDNA 1810010H24 gene"
"Ost4",0.017833169013195,0.88,"5","oligosaccharyltransferase complex subunit 4 (non-catalytic)"
"Exoc5",-0.0178176158131143,0.8158,"14","exocyst complex component 5"
"Cpeb3",-0.0178130608044009,0.8998,"19","cytoplasmic polyadenylation element binding protein 3"
"Polr2d",-0.0178059216054183,0.8586,"18","polymerase (RNA) II (DNA directed) polypeptide D"
"Adam1a",-0.0178035168794302,0.914,"5","a disintegrin and metallopeptidase domain 1a"
"Lactb2",-0.0177995844125944,0.9094,"1","lactamase, beta 2"
"Rasa2",-0.0177984995281495,0.819,"9","RAS p21 protein activator 2"
"Naxd",0.0177935087658296,0.8244,"8","NAD(P)HX dehydratase"
"Timmdc1",0.0177928262219336,0.7996,"16","translocase of inner mitochondrial membrane domain containing 1"
"Vav2",0.0177802932575344,0.8134,"2","vav 2 oncogene"
"N4bp3",0.0177800990372585,0.848,"11","NEDD4 binding protein 3"
"Fabp3",0.0177517535874001,0.8448,"4","fatty acid binding protein 3, muscle and heart"
"Nol6",-0.0177513999104217,0.7734,"4","nucleolar protein family 6 (RNA-associated)"
"Dync1i1",-0.017748070007829,0.8186,"6","dynein cytoplasmic 1 intermediate chain 1"
"Dbx2",-0.0177446611558993,0.8912,"15","developing brain homeobox 2"
"Phlda3",0.0177430553797713,0.9032,"1","pleckstrin homology like domain, family A, member 3"
"Dbi",0.0177427591062314,0.9058,"1","diazepam binding inhibitor"
"Def8",0.0177302500845657,0.74,"8","differentially expressed in FDCP 8"
"Bcl2l11",0.0177286989873067,0.7804,"2","BCL2-like 11 (apoptosis facilitator)"
"AI854703",0.0177183901081825,0.8264,"6","expressed sequence AI854703"
"Slc8a2",-0.0177049831686329,0.7458,"7","solute carrier family 8 (sodium/calcium exchanger), member 2"
"Ift80",0.0177046720956655,0.7812,"3","intraflagellar transport 80"
"Abhd17c",0.0177039475980978,0.829,"7","abhydrolase domain containing 17C"
"Zc3h14",0.0176893469917454,0.8098,"12","zinc finger CCCH type containing 14"
"Smpdl3a",-0.0176874211889704,0.8626,"10","sphingomyelin phosphodiesterase, acid-like 3A"
"Atp6v1e1",0.0176859676053267,0.826,"6","ATPase, H+ transporting, lysosomal V1 subunit E1"
"Senp7",-0.0176625300616937,0.8934,"16","SUMO1/sentrin specific peptidase 7"
"Psmf1",-0.0176587499722016,0.7618,"2","proteasome (prosome, macropain) inhibitor subunit 1"
"Itga8",0.017652034468175,0.8784,"2","integrin alpha 8"
"Kctd1",-0.0176485364621319,0.7758,"18","potassium channel tetramerisation domain containing 1"
"Abi2",0.0176464393113944,0.706,"1","abl interactor 2"
"Gnl3l",-0.0176461671711898,0.852,"X","guanine nucleotide binding protein-like 3 (nucleolar)-like"
"Cog7",-0.0176267882078172,0.5842,"7","component of oligomeric golgi complex 7"
"Slc25a51",0.0176248268887438,0.6098,"4","solute carrier family 25, member 51"
"Evi5l",0.0176138945737305,0.7078,"8","ecotropic viral integration site 5 like"
"Zfp622",-0.0176135226116569,0.8394,"15","zinc finger protein 622"
"Cwc22",0.017611454166679,0.7476,"2","CWC22 spliceosome-associated protein"
"Cops2",-0.0175946472785009,0.7682,"2","COP9 signalosome subunit 2"
"Coa7",-0.0175897933423257,0.8076,"4","cytochrome c oxidase assembly factor 7"
"Zfp646",-0.0175758223597873,0.8212,"7","zinc finger protein 646"
"Aasdh",-0.0175717069968271,0.9004,"5","aminoadipate-semialdehyde dehydrogenase"
"Vldlr",0.017563866025343,0.802,"19","very low density lipoprotein receptor"
"Gabpb2",0.0175500418454089,0.9192,"3","GA repeat binding protein, beta 2"
"Arl10",-0.0175494774599234,0.8868,"13","ADP-ribosylation factor-like 10"
"Umad1",-0.0175488545875648,0.9056,"6","UMAP1-MVP12 associated (UMA) domain containing 1"
"9330159F19Rik",-0.0175429090429153,0.8572,"10","RIKEN cDNA 9330159F19 gene"
"Ppfia1",0.0175417715466253,0.7572,"7","protein tyrosine phosphatase, receptor type, f polypeptide (PTPRF), interacting protein (liprin), alpha 1"
"Ddx5",-0.017538899515289,0.8492,"11","DEAD box helicase 5"
"Cebpg",0.017530240081701,0.5664,"7","CCAAT/enhancer binding protein (C/EBP), gamma"
"Atg10",-0.0175085837021025,0.83,"13","autophagy related 10"
"Mrpl49",0.017497361030717,0.8232,"19","mitochondrial ribosomal protein L49"
"Rftn2",0.0174950923157873,0.814,"1","raftlin family member 2"
"Atg12",0.0174937411123866,0.7064,"18","autophagy related 12"
"Sclt1",-0.0174839286807873,0.826,"3","sodium channel and clathrin linker 1"
"Abcd1",-0.0174782046909976,0.8028,"X","ATP-binding cassette, sub-family D (ALD), member 1"
"Pfn2",0.0174770821668915,0.7614,"3","profilin 2"
"Trmt9b",-0.0174746377824069,0.9086,"8","tRNA methyltransferase 9B"
"Gria1",0.0174728995978555,0.7042,"11","glutamate receptor, ionotropic, AMPA1 (alpha 1)"
"Arel1",0.0174727053279655,0.7802,"12","apoptosis resistant E3 ubiquitin protein ligase 1"
"Lats1",-0.0174674966251205,0.8624,"10","large tumor suppressor"
"Zfp93",-0.0174609789169802,0.7984,"7","zinc finger protein 93"
"Cenpt",0.0174545823783623,0.801,"8","centromere protein T"
"Arpc5l",0.0174505664050129,0.8498,"2","actin related protein 2/3 complex, subunit 5-like"
"Npy5r",0.0174456783857013,0.891,"8","neuropeptide Y receptor Y5"
"Fbxl17",0.0174448567174457,0.7004,"17","F-box and leucine-rich repeat protein 17"
"Gria4",-0.0174444079559377,0.8028,"9","glutamate receptor, ionotropic, AMPA4 (alpha 4)"
"Ttll5",-0.0174344582039083,0.7422,"12","tubulin tyrosine ligase-like family, member 5"
"Lysmd3",0.0174307204415904,0.9284,"13","LysM, putative peptidoglycan-binding, domain containing 3"
"Pkp2",0.0174221239415111,0.7972,"16","plakophilin 2"
"Rad51c",-0.0174138169554729,0.8472,"11","RAD51 paralog C"
"Stxbp1",-0.0174101813163237,0.6574,"2","syntaxin binding protein 1"
"Hus1",0.0173756912762495,0.721,"11","HUS1 checkpoint clamp component"
"Micu3",-0.0173755221463443,0.8936,"8","mitochondrial calcium uptake family, member 3"
"Cdc40",0.0173741750597269,0.8246,"10","cell division cycle 40"
"Hmg20b",0.0173685341732064,0.8756,"10","high mobility group 20B"
"Kctd12",0.0173468677144974,0.8512,"14","potassium channel tetramerisation domain containing 12"
"Itpr2",-0.0173448989149287,0.823,"6","inositol 1,4,5-triphosphate receptor 2"
"Hnrnpa1",-0.0173395003155785,0.8852,"15","heterogeneous nuclear ribonucleoprotein A1"
"Slc25a16",0.0173353296798098,0.918,"10","solute carrier family 25 (mitochondrial carrier, Graves disease autoantigen), member 16"
"Cmc4",-0.0173240255295863,0.9114,"X","C-x(9)-C motif containing 4"
"Crkl",-0.0173215737232431,0.7448,"16","v-crk avian sarcoma virus CT10 oncogene homolog-like"
"Eif4g2",-0.0173207011488863,0.8126,"7","eukaryotic translation initiation factor 4, gamma 2"
"Brpf1",0.0173021602235632,0.769,"6","bromodomain and PHD finger containing, 1"
"Dand5",0.0173003315810831,0.871,"8","DAN domain family member 5, BMP antagonist"
"Prpf19",-0.0172847011198511,0.6402,"19","pre-mRNA processing factor 19"
"Trim8",0.0172792872630323,0.8556,"19","tripartite motif-containing 8"
"Abhd4",0.0172761071343031,0.881,"14","abhydrolase domain containing 4"
"Ppp4r1",-0.0172745221918902,0.8344,"17","protein phosphatase 4, regulatory subunit 1"
"Nectin1",-0.017257121047547,0.7614,"9","nectin cell adhesion molecule 1"
"Cdk9",0.017252409645601,0.8494,"2","cyclin-dependent kinase 9 (CDC2-related kinase)"
"Scamp1",-0.0172463926550295,0.7358,"13","secretory carrier membrane protein 1"
"Pvalb",0.0172457057901276,0.8872,"15","parvalbumin"
"Bscl2",0.0172378850794779,0.8452,"19","Berardinelli-Seip congenital lipodystrophy 2 (seipin)"
"Eml1",-0.0172359890790261,0.7416,"12","echinoderm microtubule associated protein like 1"
"Cnpy3",0.0172351110585049,0.8712,"17","canopy FGF signaling regulator 3"
"Nim1k",0.0172309926721583,0.7424,"13","NIM1 serine/threonine protein kinase"
"Pdcd11",-0.0172210520583302,0.8458,"19","programmed cell death 11"
"Aldoa",0.0172140474009996,0.8374,"7","aldolase A, fructose-bisphosphate"
"Slc7a6os",0.0172078975037007,0.782,"8","solute carrier family 7, member 6 opposite strand"
"Ap3b2",0.0172006365358923,0.679,"7","adaptor-related protein complex 3, beta 2 subunit"
"AU022252",-0.0171994509826594,0.8068,"4","expressed sequence AU022252"
"Zfp281",0.0171932724690285,0.837,"1","zinc finger protein 281"
"Ndufb7",0.01718563281635,0.9232,"8","NADH:ubiquinone oxidoreductase subunit B7"
"Cntn1",-0.0171833899796052,0.8578,"15","contactin 1"
"Fsd1",0.0171673472928831,0.844,"17","fibronectin type 3 and SPRY domain-containing protein"
"Eya1",0.017163574452304,0.8348,"1","EYA transcriptional coactivator and phosphatase 1"
"Slc16a11",0.0171543736910165,0.8916,"11","solute carrier family 16 (monocarboxylic acid transporters), member 11"
"Kcmf1",0.0171532501213134,0.7198,"6","potassium channel modulatory factor 1"
"Tfe3",0.0171529286154382,0.644,"X","transcription factor E3"
"Safb",-0.0171444936906751,0.7716,"17","scaffold attachment factor B"
"Elf2",0.0171416778193931,0.672,"3","E74-like factor 2"
"Slc22a17",0.0171242791545332,0.8362,"14","solute carrier family 22 (organic cation transporter), member 17"
"Slc1a3",-0.0171232014318718,0.7936,"15","solute carrier family 1 (glial high affinity glutamate transporter), member 3"
"Emsy",-0.017114057978139,0.7798,"7","EMSY, BRCA2-interacting transcriptional repressor"
"Dclk2",0.0171128036866621,0.6956,"3","doublecortin-like kinase 2"
"Slc25a53",-0.0171124616418981,0.801,"X","solute carrier family 25, member 53"
"Prr14l",0.0171079158657355,0.839,"5","proline rich 14-like"
"Kcnh1",0.0171073661288625,0.8658,"1","potassium voltage-gated channel, subfamily H (eag-related), member 1"
"Orai1",-0.0171055439337353,0.8344,"5","ORAI calcium release-activated calcium modulator 1"
"Map4k3",-0.0170963627502152,0.9184,"17","mitogen-activated protein kinase kinase kinase kinase 3"
"Scfd1",0.0170909770583378,0.8284,"12","Sec1 family domain containing 1"
"Tppp",0.0170846864441856,0.781,"13","tubulin polymerization promoting protein"
"Fbxo42",0.017069505944713,0.745,"4","F-box protein 42"
"Commd8",0.0170648673332021,0.7498,"5","COMM domain containing 8"
"Mcc",-0.0170540626067921,0.7626,"18","mutated in colorectal cancers"
"Tmx4",-0.0170337283640789,0.8624,"2","thioredoxin-related transmembrane protein 4"
"Mrpl4",0.0170320466397325,0.8984,"9","mitochondrial ribosomal protein L4"
"Hbegf",-0.0170295955659143,0.817,"18","heparin-binding EGF-like growth factor"
"Xpo6",0.0170286220047098,0.7146,"7","exportin 6"
"Nsmaf",0.0170231835744774,0.8544,"4","neutral sphingomyelinase (N-SMase) activation associated factor"
"Selenon",-0.0170213322406134,0.7866,"4","selenoprotein N"
"Ezh2",0.0170157655115917,0.857,"6","enhancer of zeste 2 polycomb repressive complex 2 subunit"
"Pdhx",0.0170149204166545,0.8688,"2","pyruvate dehydrogenase complex, component X"
"Tvp23b",0.0170094826412703,0.8074,"11","trans-golgi network vesicle protein 23B"
"Slc41a2",-0.0169969052892078,0.7704,"10","solute carrier family 41, member 2"
"Nefh",-0.016987706034489,0.7692,"11","neurofilament, heavy polypeptide"
"Cep70",0.0169849931098063,0.9068,"9","centrosomal protein 70"
"Timm21",0.0169799684204217,0.8036,"18","translocase of inner mitochondrial membrane 21"
"Reln",0.0169753704275788,0.9162,"5","reelin"
"Trmu",0.0169743346220361,0.8582,"15","tRNA 5-methylaminomethyl-2-thiouridylate methyltransferase"
"Spin1",0.0169708275934584,0.7468,"13","spindlin 1"
"Nrcam",-0.0169677527718424,0.8848,"12","neuronal cell adhesion molecule"
"Dnali1",0.0169652820532888,0.9498,"4","dynein, axonemal, light intermediate polypeptide 1"
"Pitpnc1",-0.0169639736090064,0.688,"11","phosphatidylinositol transfer protein, cytoplasmic 1"
"Kcnip4",-0.016963531713504,0.8242,"5","Kv channel interacting protein 4"
"Vps53",0.0169553546427768,0.6524,"11","VPS53 GARP complex subunit"
"Tbl2",-0.0169549191688816,0.6596,"5","transducin (beta)-like 2"
"Caskin1",0.0169281744813645,0.7898,"17","CASK interacting protein 1"
"Gtf2h5",0.0169245749089377,0.846,"17","general transcription factor IIH, polypeptide 5"
"Plcg1",-0.0169196696757732,0.9194,"2","phospholipase C, gamma 1"
"Bcl7c",0.0169188969671827,0.876,"7","B cell CLL/lymphoma 7C"
"Gucy2e",0.0169156639513566,0.8584,"11","guanylate cyclase 2e"
"Crbn",0.0168955441739067,0.8434,"6","cereblon"
"Nrxn1",0.0168951809144353,0.738,"17","neurexin I"
"Gsk3b",-0.0168791458963593,0.8498,"16","glycogen synthase kinase 3 beta"
"Skp2",0.0168718278257587,0.8964,"15","S-phase kinase-associated protein 2"
"Trrap",-0.016862926179023,0.8608,"5","transformation/transcription domain-associated protein"
"Cyb5d1",0.0168615366503575,0.8092,"11","cytochrome b5 domain containing 1"
"Dnah2",-0.0168541729776663,0.9242,"11","dynein, axonemal, heavy chain 2"
"Arfgef2",-0.016848832316442,0.8288,"2","ADP-ribosylation factor guanine nucleotide-exchange factor 2 (brefeldin A-inhibited)"
"Vps37a",0.0168487399798058,0.8752,"8","vacuolar protein sorting 37A"
"Msl2",0.0168385476004014,0.8252,"9","MSL complex subunit 2"
"Med13",0.0168356544921169,0.8446,"11","mediator complex subunit 13"
"Zfp740",0.0168318073773204,0.7638,"15","zinc finger protein 740"
"Grwd1",0.0168299611421783,0.8448,"7","glutamate-rich WD repeat containing 1"
"Ripk1",-0.0168106900100016,0.8648,"13","receptor (TNFRSF)-interacting serine-threonine kinase 1"
"Snx1",-0.0168084018987118,0.7526,"9","sorting nexin 1"
"Dnajc13",-0.0168013730490095,0.8436,"9","DnaJ heat shock protein family (Hsp40) member C13"
"Dusp23",-0.0167936002187723,0.9046,"1","dual specificity phosphatase 23"
"Rassf1",-0.0167893041162457,0.8388,"9","Ras association (RalGDS/AF-6) domain family member 1"
"Vezt",-0.0167872677793302,0.7668,"10","vezatin, adherens junctions transmembrane protein"
"Zfp24",0.0167839489396533,0.7576,"18","zinc finger protein 24"
"Il18",0.0167732326281032,0.8126,"9","interleukin 18"
"Tspyl5",0.0167725377061325,0.7686,"15","testis-specific protein, Y-encoded-like 5"
"Ppargc1b",-0.0167708016725392,0.8908,"18","peroxisome proliferative activated receptor, gamma, coactivator 1 beta"
"Tyw1",0.0167668146031619,0.7712,"5","tRNA-yW synthesizing protein 1 homolog (S. cerevisiae)"
"Ltk",0.0167551567806332,0.9124,"2","leukocyte tyrosine kinase"
"Rsph3b",0.0167477185921716,0.8528,"17","radial spoke 3B homolog (Chlamydomonas)"
"Nt5c3",-0.0167440816276692,0.7988,"6","5'-nucleotidase, cytosolic III"
"Map3k2",-0.0167423736460188,0.893,"18","mitogen-activated protein kinase kinase kinase 2"
"Rgs7",-0.0167410559291774,0.8486,"1","regulator of G protein signaling 7"
"Stk35",0.0167287603382231,0.7178,"2","serine/threonine kinase 35"
"Tmppe",0.0167277203334684,0.7474,"9","transmembrane protein with metallophosphoesterase domain"
"Gm14295",-0.0167276104304208,0.871,"2","predicted gene 14295"
"Gm14295",-0.0167276104304208,0.871,"2","predicted gene 14295"
"Car14",-0.01672498439375,0.9078,"3","carbonic anhydrase 14"
"Btrc",-0.0167223578513749,0.6376,"19","beta-transducin repeat containing protein"
"Dclre1c",-0.0167138159023779,0.906,"2","DNA cross-link repair 1C"
"Cntrob",0.0167135700545091,0.8708,"11","centrobin, centrosomal BRCA2 interacting protein"
"Nop58",0.016712805690787,0.7738,"1","NOP58 ribonucleoprotein"
"Mras",-0.0167033069949163,0.8162,"9","muscle and microspikes RAS"
"Osbpl5",0.0166855374286654,0.8384,"7","oxysterol binding protein-like 5"
"Vps28",0.0166851342822332,0.8746,"15","vacuolar protein sorting 28"
"Kpna3",0.016682555921804,0.8966,"14","karyopherin (importin) alpha 3"
"Zfp940",0.0166799228910133,0.7572,"7","zinc finger protein 940"
"Spryd3",0.0166778865593553,0.8162,"15","SPRY domain containing 3"
"Kcnd3",0.0166739994903322,0.8452,"3","potassium voltage-gated channel, Shal-related family, member 3"
"Mef2c",0.016671107983254,0.7746,"13","myocyte enhancer factor 2C"
"Cyb5r1",0.0166536190971236,0.773,"1","cytochrome b5 reductase 1"
"Zdhhc6",-0.0166498970150508,0.7014,"19","zinc finger, DHHC domain containing 6"
"Dym",0.016642049594342,0.8582,"18","dymeclin"
"Firre",0.016634375420808,0.9084,"X","functional intergenic repeating RNA element"
"Nprl3",0.0166330165466571,0.7968,"11","nitrogen permease regulator-like 3"
"Tle3",-0.0166329143391977,0.703,"9","transducin-like enhancer of split 3"
"Chchd4",0.0166321454464926,0.8036,"6","coiled-coil-helix-coiled-coil-helix domain containing 4"
"Cacng4",-0.0166312170458154,0.8524,"11","calcium channel, voltage-dependent, gamma subunit 4"
"Usp11",-0.0166306902657336,0.8046,"X","ubiquitin specific peptidase 11"
"Zfp142",-0.0166274656143628,0.8014,"1","zinc finger protein 142"
"Dnaja4",-0.0166233869473071,0.7466,"9","DnaJ heat shock protein family (Hsp40) member A4"
"Idua",0.016610442712806,0.8522,"5","iduronidase, alpha-L"
"Tceal5",-0.0166095029288993,0.749,"X","transcription elongation factor A (SII)-like 5"
"Slc16a7",-0.0165945268081629,0.9062,"10","solute carrier family 16 (monocarboxylic acid transporters), member 7"
"Ubap2",-0.0165829564668982,0.754,"4","ubiquitin-associated protein 2"
"Arl14ep",-0.0165794343950809,0.8598,"2","ADP-ribosylation factor-like 14 effector protein"
"Atxn7",-0.016571876175079,0.9206,"14","ataxin 7"
"Map7",-0.0165684088361688,0.8508,"10","microtubule-associated protein 7"
"B4galt5",0.0165653031833841,0.765,"2","UDP-Gal:betaGlcNAc beta 1,4-galactosyltransferase, polypeptide 5"
"Morc2a",0.0165642353026048,0.8194,"11","microrchidia 2A"
"Zfp788",0.0165626493221218,0.8132,"7","zinc finger protein 788"
"Shisa6",-0.0165622527005409,0.8848,"11","shisa family member 6"
"Lrrc1",-0.0165518960225683,0.8852,"9","leucine rich repeat containing 1"
"Ulk1",0.0165506915099893,0.638,"5","unc-51 like kinase 1"
"Gpx1",0.0165502308445991,0.8778,"9","glutathione peroxidase 1"
"H6pd",-0.0165247731728342,0.8488,"4","hexose-6-phosphate dehydrogenase (glucose 1-dehydrogenase)"
"Usf3",0.0165224033740454,0.8912,"16","upstream transcription factor family member 3"
"Pdp2",0.0165161288346454,0.8118,"8","pyruvate dehydrogenase phosphatase catalytic subunit 2"
"Pfkfb2",-0.0165134842149124,0.8824,"1","6-phosphofructo-2-kinase/fructose-2,6-biphosphatase 2"
"Kdm1a",0.0165094169465787,0.6972,"4","lysine (K)-specific demethylase 1A"
"Hdac1",0.0165077046943543,0.8068,"4","histone deacetylase 1"
"Suclg2",0.0165056351607551,0.8748,"6","succinate-Coenzyme A ligase, GDP-forming, beta subunit"
"Slc38a7",0.0164905863537381,0.8396,"8","solute carrier family 38, member 7"
"Grb14",-0.0164880605124802,0.8288,"2","growth factor receptor bound protein 14"
"Gabrb3",0.0164862548184672,0.8174,"7","gamma-aminobutyric acid (GABA) A receptor, subunit beta 3"
"Sntg1",-0.0164840832276063,0.9062,"1","syntrophin, gamma 1"
"Pcdhb12",-0.016476258996251,0.915,"18","protocadherin beta 12"
"Adarb2",-0.0164761332722678,0.8266,"13","adenosine deaminase, RNA-specific, B2"
"Id3",-0.0164722684434695,0.9042,"4","inhibitor of DNA binding 3"
"Lancl1",-0.0164715018136148,0.7146,"1","LanC (bacterial lantibiotic synthetase component C)-like 1"
"Trmt2b",-0.0164607661532128,0.775,"X","TRM2 tRNA methyltransferase 2B"
"Tmem19",0.0164571935207505,0.7428,"10","transmembrane protein 19"
"Tmem8b",0.0164557690955478,0.7468,"4","transmembrane protein 8B"
"Atpaf1",0.0164552215499922,0.8904,"4","ATP synthase mitochondrial F1 complex assembly factor 1"
"Tmem150c",0.0164509997763149,0.6686,"5","transmembrane protein 150C"
"Nap1l5",-0.0164489643334944,0.804,"6","nucleosome assembly protein 1-like 5"
"Asah1",-0.0164459863783089,0.849,"8","N-acylsphingosine amidohydrolase 1"
"Ptgr2",-0.016440724826051,0.738,"12","prostaglandin reductase 2"
"P3h3",0.016434595360546,0.9168,"6","prolyl 3-hydroxylase 3"
"Zfp866",-0.0164279989214027,0.8526,"8","zinc finger protein 866"
"Tefm",0.0164266972386444,0.8752,"11","transcription elongation factor, mitochondrial"
"Zfp703",0.0164206487858385,0.7708,"8","zinc finger protein 703"
"Ankrd52",-0.0164185961529801,0.9282,"10","ankyrin repeat domain 52"
"Ccdc167",0.0164134193598051,0.881,"17","coiled-coil domain containing 167"
"Cad",-0.0164130348212419,0.8294,"5","carbamoyl-phosphate synthetase 2, aspartate transcarbamylase, and dihydroorotase"
"Ggct",0.0164012399923266,0.8844,"6","gamma-glutamyl cyclotransferase"
"Sri",0.0163990193436128,0.8168,"5","sorcin"
"Bmi1",0.0163947816452703,0.8592,"2","Bmi1 polycomb ring finger oncogene"
"Itgav",-0.0163920197466805,0.9126,"2","integrin alpha V"
"Cdk19",0.0163868419101183,0.697,"10","cyclin-dependent kinase 19"
"Mitf",0.0163770147754554,0.853,"6","melanogenesis associated transcription factor"
"Mrps12",0.0163692839566849,0.9028,"7","mitochondrial ribosomal protein S12"
"Ppp1r15a",-0.0163437887667994,0.8266,"7","protein phosphatase 1, regulatory subunit 15A"
"Trappc6a",-0.0163333557569767,0.9262,"7","trafficking protein particle complex 6A"
"Nipal3",-0.0163295013329687,0.6454,"4","NIPA-like domain containing 3"
"Rcor3",0.0163269021283954,0.8774,"1","REST corepressor 3"
"Mvb12b",0.0163140956464458,0.718,"2","multivesicular body subunit 12B"
"Rps6kb1",0.0163042577553965,0.8276,"11","ribosomal protein S6 kinase, polypeptide 1"
"Leng9",-0.0163006685841207,0.893,"7","leukocyte receptor cluster (LRC) member 9"
"Armc9",0.0162920040423504,0.763,"1","armadillo repeat containing 9"
"Plekhg3",-0.0162908842081073,0.8918,"12","pleckstrin homology domain containing, family G (with RhoGef domain) member 3"
"Arhgap20",0.0162884443073352,0.9268,"9","Rho GTPase activating protein 20"
"Rad21",-0.016287960817496,0.872,"15","RAD21 cohesin complex component"
"Gm16861",-0.0162848448472215,0.938,"16","predicted gene, 16861"
"Lin54",-0.0162778158670185,0.8976,"5","lin-54 DREAM MuvB core complex component"
"Tmem165",0.0162734863544145,0.7996,"5","transmembrane protein 165"
"Kdm3b",-0.0162654142955567,0.844,"18","KDM3B lysine (K)-specific demethylase 3B"
"Pml",0.0162647774223035,0.7174,"9","promyelocytic leukemia"
"Rcbtb1",0.016263628479539,0.8202,"14","regulator of chromosome condensation (RCC1) and BTB (POZ) domain containing protein 1"
"Ccdc137",0.016262844303661,0.7032,"11","coiled-coil domain containing 137"
"2510002D24Rik",-0.0162585315628077,0.9116,"16","RIKEN cDNA 2510002D24 gene"
"Ccdc149",0.0162527202420018,0.6302,"5","coiled-coil domain containing 149"
"Dld",-0.016248357098287,0.8414,"12","dihydrolipoamide dehydrogenase"
"Ccnyl1",0.016242045327822,0.7554,"1","cyclin Y-like 1"
"Rfk",0.0162415789620978,0.7554,"19","riboflavin kinase"
"Galnt1",0.0162351052021137,0.7406,"18","polypeptide N-acetylgalactosaminyltransferase 1"
"Taf11",0.016231342823863,0.7794,"17","TATA-box binding protein associated factor 11"
"Prune1",0.0162307529721843,0.7176,"3","prune exopolyphosphatase"
"Pam",-0.0162216324169275,0.8534,"1","peptidylglycine alpha-amidating monooxygenase"
"Eif3m",0.0162212446580092,0.8212,"2","eukaryotic translation initiation factor 3, subunit M"
"Usp12",-0.0162167167286444,0.8924,"5","ubiquitin specific peptidase 12"
"5730455P16Rik",-0.0162149465377341,0.7306,"11","RIKEN cDNA 5730455P16 gene"
"Boc",0.0162007532019466,0.7086,"16","biregional cell adhesion molecule-related/down-regulated by oncogenes (Cdon) binding protein"
"Elp4",-0.0161942893938325,0.7654,"2","elongator acetyltransferase complex subunit 4"
"Fam219a",0.0161839464073532,0.7454,"4","family with sequence similarity 219, member A"
"Klhl9",0.0161818972257599,0.8582,"4","kelch-like 9"
"Lix1",-0.0161807118199526,0.8542,"17","limb and CNS expressed 1"
"Kcnip3",0.0161738314083779,0.8654,"2","Kv channel interacting protein 3, calsenilin"
"Epc1",-0.0161645074222347,0.6558,"18","enhancer of polycomb homolog 1"
"Bap1",0.0161343816356556,0.7094,"14","Brca1 associated protein 1"
"Lrrtm3",-0.0161295799358716,0.8586,"10","leucine rich repeat transmembrane neuronal 3"
"Phrf1",-0.0161218970937851,0.7356,"7","PHD and ring finger domains 1"
"Insig1",0.0161073078907723,0.7914,"5","insulin induced gene 1"
"Tsc22d2",0.0160966055760552,0.8074,"3","TSC22 domain family, member 2"
"Zfand3",-0.0160953717988166,0.7852,"17","zinc finger, AN1-type domain 3"
"Sall3",-0.0160943484605909,0.8836,"18","spalt like transcription factor 3"
"Map1a",-0.0160934348265993,0.8486,"2","microtubule-associated protein 1 A"
"Mapk8",0.0160930199482561,0.8352,"14","mitogen-activated protein kinase 8"
"Apod",-0.0160866873278236,0.9234,"16","apolipoprotein D"
"Phldb1",-0.0160846135062318,0.8966,"9","pleckstrin homology like domain, family B, member 1"
"Adamts17",0.0160818580446112,0.8636,"7","a disintegrin-like and metallopeptidase (reprolysin type) with thrombospondin type 1 motif, 17"
"Supt7l",0.0160818004558454,0.742,"5","SPT7-like, STAGA complex gamma subunit"
"Phf24",0.0160744573988474,0.8134,"4","PHD finger protein 24"
"Psmc6",0.0160704758581858,0.908,"14","proteasome (prosome, macropain) 26S subunit, ATPase, 6"
"Btbd10",-0.0160671656100009,0.8716,"7","BTB (POZ) domain containing 10"
"Fbxo3",-0.0160632075225129,0.819,"2","F-box protein 3"
"Slc38a1",-0.016056966492302,0.7964,"15","solute carrier family 38, member 1"
"Abtb1",0.0160542254997802,0.8594,"6","ankyrin repeat and  BTB (POZ) domain containing 1"
"Flad1",0.0160523350243835,0.7828,"3","flavin adenine dinucleotide synthetase 1"
"Cbr3",0.0160518614306624,0.8712,"16","carbonyl reductase 3"
"Cln3",0.016045899278212,0.873,"7","ceroid lipofuscinosis, neuronal 3, juvenile (Batten, Spielmeyer-Vogt disease)"
"Rnf144a",-0.0160416188525625,0.7992,"12","ring finger protein 144A"
"Gm13446",0.0160415246801966,0.873,"2","predicted gene 13446"
"Ascc2",0.016040109395564,0.9154,"11","activating signal cointegrator 1 complex subunit 2"
"Galnt13",-0.0160213727873715,0.9074,"2","polypeptide N-acetylgalactosaminyltransferase 13"
"Slc37a4",0.0160166018046817,0.774,"9","solute carrier family 37 (glucose-6-phosphate transporter), member 4"
"Adat2",0.0160153762494106,0.8924,"10","adenosine deaminase, tRNA-specific 2"
"Ust",0.0160129220327372,0.8212,"10","uronyl-2-sulfotransferase"
"Taf13",0.0159870156325423,0.8876,"3","TATA-box binding protein associated factor 13"
"Yipf3",0.0159780094967719,0.832,"17","Yip1 domain family, member 3"
"Ubr4",-0.0159673108339948,0.8712,"4","ubiquitin protein ligase E3 component n-recognin 4"
"Herc3",-0.0159602773304686,0.9414,"6","hect domain and RLD 3"
"Slc25a26",0.0159539381446994,0.8376,"6","solute carrier family 25 (mitochondrial carrier, phosphate carrier), member 26"
"Rnf103",-0.0159496527530791,0.8246,"6","ring finger protein 103"
"Commd9",0.0159429930149795,0.888,"2","COMM domain containing 9"
"Isyna1",-0.0159343844421302,0.8308,"8","myo-inositol 1-phosphate synthase A1"
"Fosl2",0.0159294498245934,0.8802,"5","fos-like antigen 2"
"Srrt",0.0159260579411553,0.8294,"5","serrate RNA effector molecule homolog (Arabidopsis)"
"Naa20",0.0159233948277073,0.8112,"2","N(alpha)-acetyltransferase 20, NatB catalytic subunit"
"Qrsl1",-0.0159137531622719,0.8528,"10","glutaminyl-tRNA synthase (glutamine-hydrolyzing)-like 1"
"Ppfia2",-0.0159109880005914,0.923,"10","protein tyrosine phosphatase, receptor type, f polypeptide (PTPRF), interacting protein (liprin), alpha 2"
"Zfp318",-0.0159057252474577,0.8958,"17","zinc finger protein 318"
"Snhg11",0.0158973502998982,0.9378,"2","small nucleolar RNA host gene 11"
"Shroom1",0.0158966961383875,0.8728,"11","shroom family member 1"
"Ivns1abp",-0.015878232393705,0.8196,"1","influenza virus NS1A binding protein"
"Zyg11b",-0.0158708420278186,0.8896,"4","zyg-ll family member B, cell cycle regulator"
"Zfyve26",0.015865929822386,0.8462,"12","zinc finger, FYVE domain containing 26"
"Fam167a",-0.0158647766047886,0.8792,"14","family with sequence similarity 167, member A"
"Ergic3",0.015826560731016,0.86,"2","ERGIC and golgi 3"
"Rrp9",0.0158243107899549,0.8218,"9","ribosomal RNA processing 9, U3 small nucleolar RNA binding protein"
"Rbm12b1",0.0158199490228905,0.8724,"4","RNA binding motif protein 12 B1"
"Vgll4",-0.0158097382635889,0.761,"6","vestigial like family member 4"
"Adgrl3",-0.0158076585875895,0.888,"5","adhesion G protein-coupled receptor L3"
"Numa1",-0.0158025112676166,0.867,"7","nuclear mitotic apparatus protein 1"
"Cnih4",0.0157948495087465,0.8512,"1","cornichon family AMPA receptor auxiliary protein 4"
"Flna",0.0157941354976927,0.927,"X","filamin, alpha"
"Rida",0.0157937013653831,0.9098,"15","reactive intermediate imine deaminase A homolog"
"Dennd4b",0.0157862451588313,0.7548,"3","DENN/MADD domain containing 4B"
"Slc39a13",0.015784655105608,0.7984,"2","solute carrier family 39 (metal ion transporter), member 13"
"Zfp935",-0.0157843299452489,0.8684,"13","zinc finger protein 935"
"Cep68",0.0157795930676699,0.8328,"11","centrosomal protein 68"
"Itm2c",-0.0157766802972361,0.8222,"1","integral membrane protein 2C"
"Msmo1",-0.0157737617157263,0.7778,"8","methylsterol monoxygenase 1"
"Srp14",0.0157711235537361,0.84,"2","signal recognition particle 14"
"Gpn3",-0.015752485750494,0.8414,"5","GPN-loop GTPase 3"
"4833420G17Rik",0.0157465173716949,0.8218,"13","RIKEN cDNA 4833420G17 gene"
"Pou6f1",0.0157417263827409,0.844,"15","POU domain, class 6, transcription factor 1"
"Cep85",0.0157408761920559,0.797,"4","centrosomal protein 85"
"Dnm1l",0.0157322443065722,0.8012,"16","dynamin 1-like"
"Hapln4",-0.0157280035514358,0.8412,"8","hyaluronan and proteoglycan link protein 4"
"Pcdh9",-0.0157275665983647,0.9046,"14","protocadherin 9"
"Plod3",0.0157245897594427,0.8186,"5","procollagen-lysine, 2-oxoglutarate 5-dioxygenase 3"
"Gpr85",-0.0157200007521272,0.904,"6","G protein-coupled receptor 85"
"Crot",0.0157186829032963,0.7902,"5","carnitine O-octanoyltransferase"
"Gosr1",0.0157050288118858,0.7078,"11","golgi SNAP receptor complex member 1"
"Rpl23",0.0157032818662515,0.9122,"11","ribosomal protein L23"
"Dut",-0.01570203362472,0.8358,"2","deoxyuridine triphosphatase"
"Tomm5",0.0156955383503252,0.8732,"4","translocase of outer mitochondrial membrane 5"
"Tmem129",0.0156866884818285,0.7428,"5","transmembrane protein 129"
"Surf4",0.0156685941448149,0.817,"2","surfeit gene 4"
"Ap2a1",-0.0156662579137308,0.612,"7","adaptor-related protein complex 2, alpha 1 subunit"
"Hnmt",-0.015665065748085,0.8266,"2","histamine N-methyltransferase"
"Plxna4",0.0156617634373664,0.8562,"6","plexin A4"
"Pxdn",-0.0156550065536525,0.9092,"12","peroxidasin"
"Hexim1",0.0156484321328012,0.7546,"11","hexamethylene bis-acetamide inducible 1"
"Actn4",-0.0156470244666771,0.626,"7","actinin alpha 4"
"Tmem97",-0.0156377425580887,0.857,"11","transmembrane protein 97"
"Kiss1r",0.0156217420833618,0.898,"10","KISS1 receptor"
"Zfp945",0.0156188599833524,0.8918,"17","zinc finger protein 945"
"Lonp1",0.0156170384551473,0.6548,"17","lon peptidase 1, mitochondrial"
"Cdc42se1",0.015615882041657,0.6876,"3","CDC42 small effector 1"
"Pak1",0.0156135806123245,0.774,"7","p21 (RAC1) activated kinase 1"
"Lmna",0.0156004458552532,0.8556,"3","lamin A"
"Arpp19",0.0155956420192469,0.7928,"9","cAMP-regulated phosphoprotein 19"
"Ccl25",-0.0155882926287718,0.8716,"8","chemokine (C-C motif) ligand 25"
"Rftn1",0.0155861254797189,0.9054,"17","raftlin lipid raft linker 1"
"Fyco1",0.0155836502321876,0.9092,"9","FYVE and coiled-coil domain containing 1"
"Ripor2",-0.0155738156094358,0.8406,"13","RHO family interacting cell polarization regulator 2"
"Rarres2",-0.015543710444466,0.9408,"6","retinoic acid receptor responder (tazarotene induced) 2"
"Kcnma1",-0.0155330051241132,0.934,"14","potassium large conductance calcium-activated channel, subfamily M, alpha member 1"
"Ints14",0.0154925780302362,0.7696,"9","integrator complex subunit 14"
"Grsf1",0.0154892521611494,0.7726,"5","G-rich RNA sequence binding factor 1"
"Lratd1",-0.0154753227399391,0.8032,"12","LRAT domain containing 1"
"Mapkbp1",0.0154722725083838,0.8672,"2","mitogen-activated protein kinase binding protein 1"
"Gphn",0.0154652534418878,0.8236,"12","gephyrin"
"L2hgdh",0.0154525625954292,0.804,"12","L-2-hydroxyglutarate dehydrogenase"
"Irak1bp1",0.0154437036447277,0.8298,"9","interleukin-1 receptor-associated kinase 1 binding protein 1"
"Cwc27",0.0154424096156141,0.8434,"13","CWC27 spliceosome-associated protein"
"Fn3krp",-0.0154176761310216,0.7126,"11","fructosamine 3 kinase related protein"
"Trmt10a",0.0154151401715001,0.8324,"3","tRNA methyltransferase 10A"
"Galnt16",0.0154121081392402,0.7394,"12","polypeptide N-acetylgalactosaminyltransferase 16"
"Guk1",0.0154111969617503,0.909,"11","guanylate kinase 1"
"Pcgf3",-0.0154030747274048,0.9158,"5","polycomb group ring finger 3"
"Svil",0.015385967406178,0.909,"18","supervillin"
"Sidt2",0.0153857766235452,0.8016,"9","SID1 transmembrane family, member 2"
"Micu2",0.0153847341252273,0.8458,"14","mitochondrial calcium uptake 2"
"Selenot",0.0153829785226431,0.8042,"3","selenoprotein T"
"Zfp825",0.0153808320377524,0.8962,"13","zinc finger protein 825"
"Trap1",0.0153794108937682,0.6288,"16","TNF receptor-associated protein 1"
"Eloa",0.0153769608250762,0.6748,"4","elongin A"
"Zc3h3",0.0153733803224765,0.9144,"15","zinc finger CCCH type containing 3"
"Phka1",0.0153726477130682,0.8248,"X","phosphorylase kinase alpha 1"
"Crocc2",-0.0153621969031987,0.9564,"1","ciliary rootlet coiled-coil, rootletin family member 2"
"Txn1",0.0153581044804918,0.8862,"4","thioredoxin 1"
"Iqsec1",0.0153515320078483,0.7304,"6","IQ motif and Sec7 domain 1"
"Ube2o",-0.015346320094471,0.674,"11","ubiquitin-conjugating enzyme E2O"
"B4gat1",-0.0153378447694683,0.8096,"19","beta-1,4-glucuronyltransferase 1"
"Fat3",0.0153314640402291,0.9094,"9","FAT atypical cadherin 3"
"R3hcc1l",0.0153249599218075,0.664,"19","R3H domain and coiled-coil containing 1 like"
"Skiv2l",0.0153212644100362,0.8112,"17","superkiller viralicidic activity 2-like (S. cerevisiae)"
"Zfp689",0.0153117149739517,0.7594,"7","zinc finger protein 689"
"Gla",0.0152846113653942,0.832,"X","galactosidase, alpha"
"Zcchc18",0.0152843620800542,0.746,"X","zinc finger, CCHC domain containing 18"
"Alkbh8",-0.0152842453868804,0.959,"9","alkB homolog 8, tRNA methyltransferase"
"Fkbp1b",-0.0152814788840905,0.8748,"12","FK506 binding protein 1b"
"Znfx1",-0.0152803403399133,0.8116,"2","zinc finger, NFX1-type containing 1"
"Ints9",0.0152671289312147,0.6826,"14","integrator complex subunit 9"
"Zscan25",-0.0152667099546573,0.8616,"5","zinc finger and SCAN domain containing 25"
"Csnk1g1",0.0152662728684909,0.8606,"9","casein kinase 1, gamma 1"
"Pdha1",0.0152501207437465,0.7854,"X","pyruvate dehydrogenase E1 alpha 1"
"Rdm1",-0.0152495167766731,0.9044,"11","RAD52 motif 1"
"Dchs1",0.0152405932719257,0.8402,"7","dachsous cadherin related 1"
"Ctbs",-0.0152373647176054,0.908,"3","chitobiase"
"Uqcc3",0.0152332323290238,0.8858,"19","ubiquinol-cytochrome c reductase complex assembly factor 3"
"Dagla",-0.0152317203419088,0.8676,"19","diacylglycerol lipase, alpha"
"Naprt",-0.0152274599538269,0.8978,"15","nicotinate phosphoribosyltransferase"
"Ddah1",0.0152213381303552,0.8644,"3","dimethylarginine dimethylaminohydrolase 1"
"Ip6k1",0.0152170560975513,0.7844,"9","inositol hexaphosphate kinase 1"
"Trappc9",0.0152084895451274,0.8532,"15","trafficking protein particle complex 9"
"Prkar1a",0.0152061753565818,0.7574,"11","protein kinase, cAMP dependent regulatory, type I, alpha"
"Polk",0.0152020569369045,0.9106,"13","polymerase (DNA directed), kappa"
"Dyrk1b",0.0152019710586586,0.7568,"7","dual-specificity tyrosine-(Y)-phosphorylation regulated kinase 1b"
"Vapb",0.0151956437402561,0.7318,"2","vesicle-associated membrane protein, associated protein B and C"
"Slit2",0.015194327162102,0.9284,"5","slit guidance ligand 2"
"Mea1",0.0151899724385114,0.8988,"17","male enhanced antigen 1"
"Sdc2",-0.015179803252205,0.8364,"15","syndecan 2"
"Zfp212",0.0151713116715548,0.7552,"6","Zinc finger protein 212"
"Gtf2b",-0.0151701968760483,0.8522,"3","general transcription factor IIB"
"Ufsp2",-0.0151687336540167,0.8144,"8","UFM1-specific peptidase 2"
"Cyb5rl",-0.0151665759675961,0.8722,"4","cytochrome b5 reductase-like"
"Gpr108",0.0151521140689823,0.7706,"17","G protein-coupled receptor 108"
"Ccdc141",-0.0151478397440759,0.93,"2","coiled-coil domain containing 141"
"Ganc",0.0151467981872577,0.8932,"2","glucosidase, alpha; neutral C"
"Mak16",-0.0151392345365648,0.7022,"8","MAK16 homolog"
"Tsfm",-0.0151247560504788,0.8536,"10","Ts translation elongation factor, mitochondrial"
"Aifm3",0.0151125570505775,0.886,"16","apoptosis-inducing factor, mitochondrion-associated 3"
"Gmppa",0.0151122729746724,0.8734,"1","GDP-mannose pyrophosphorylase A"
"Litaf",0.0151055971712815,0.9212,"16","LPS-induced TN factor"
"Manba",0.0150984052243546,0.8638,"3","mannosidase, beta A, lysosomal"
"Kalrn",-0.0150980196333865,0.8,"16","kalirin, RhoGEF kinase"
"Tdp1",0.0150906345213864,0.837,"12","tyrosyl-DNA phosphodiesterase 1"
"Lrp12",-0.0150839793695274,0.9176,"15","low density lipoprotein-related protein 12"
"Tcf20",0.0150657081133465,0.8714,"15","transcription factor 20"
"Nup214",0.0150532492718556,0.8124,"2","nucleoporin 214"
"Ttc4",-0.0150492221997727,0.8264,"4","tetratricopeptide repeat domain 4"
"Plk5",0.0150473736572678,0.9026,"10","polo like kinase 5"
"Nxt2",0.0150287437149164,0.8704,"X","nuclear transport factor 2-like export factor 2"
"Mus81",-0.0150244805991244,0.8624,"19","MUS81 structure-specific endonuclease subunit"
"Champ1",-0.0150234508861189,0.7902,"8","chromosome alignment maintaining phosphoprotein 1"
"Nup98",0.0150079200166928,0.7932,"7","nucleoporin 98"
"Zfp446",0.0150003894199249,0.8632,"7","zinc finger protein 446"
"Ulk3",0.0149865848245092,0.8936,"9","unc-51-like kinase 3"
"Fzd3",0.0149672683014934,0.847,"14","frizzled class receptor 3"
"Abce1",0.014966403392112,0.816,"8","ATP-binding cassette, sub-family E (OABP), member 1"
"Fam114a2",0.0149642049581695,0.788,"11","family with sequence similarity 114, member A2"
"Capn2",0.0149588094717386,0.6936,"1","calpain 2"
"Plxnc1",-0.0149212834546608,0.8738,"10","plexin C1"
"Rab1a",-0.0149201308697338,0.7482,"11","RAB1A, member RAS oncogene family"
"Plscr3",0.0149188944706657,0.8408,"11","phospholipid scramblase 3"
"Pip5k1b",0.0149167802249002,0.936,"19","phosphatidylinositol-4-phosphate 5-kinase, type 1 beta"
"Rora",0.0149159323960877,0.8586,"9","RAR-related orphan receptor alpha"
"Afap1",0.0149156428112578,0.8222,"5","actin filament associated protein 1"
"Vps39",-0.0149144182804477,0.6768,"2","VPS39 HOPS complex subunit"
"Zfp365",0.0149032574143426,0.8494,"10","zinc finger protein 365"
"4632404H12Rik",0.0149002645407745,0.8572,"3","RIKEN cDNA 4632404H12 gene"
"Gabrg3",-0.014886770534539,0.9342,"7","gamma-aminobutyric acid (GABA) A receptor, subunit gamma 3"
"Gkap1",0.0148866152177609,0.7862,"13","G kinase anchoring protein 1"
"Ppp4r1l-ps",0.0148617315677098,0.8924,"2","protein phosphatase 4, regulatory subunit 1-like, pseudogene"
"Trub2",-0.0148474529341907,0.7328,"2","TruB pseudouridine (psi) synthase family member 2"
"Selenoo",0.0148456318487442,0.7874,"15","selenoprotein O"
"Fdps",0.0148427281675296,0.8524,"3","farnesyl diphosphate synthetase"
"Zfp454",0.0148412592208804,0.8486,"11","zinc finger protein 454"
"Ccnq",-0.0148396862125475,0.8886,"11","cyclin Q"
"Fibcd1",-0.0148387195934214,0.9142,"2","fibrinogen C domain containing 1"
"D030047H15Rik",-0.014837913931165,0.9536,"7","RIKEN cDNA D030047H15 gene"
"Atp1b2",0.0148316577936054,0.7698,"11","ATPase, Na+/K+ transporting, beta 2 polypeptide"
"Mical2",-0.0148271999365903,0.839,"7","microtubule associated monooxygenase, calponin and LIM domain containing 2"
"Fgf12",0.0148055554316944,0.854,"16","fibroblast growth factor 12"
"Thsd4",0.0147984867894024,0.9148,"9","thrombospondin, type I, domain containing 4"
"Fam241b",-0.014796836790878,0.8584,"10","family with sequence similarity 241, member B"
"Pcdhb6",-0.0147881380639221,0.9204,"18","protocadherin beta 6"
"Pan3",0.01478123450197,0.836,"5","PAN3 poly(A) specific ribonuclease subunit"
"Elavl2",0.0147703492530367,0.915,"4","ELAV like RNA binding protein 1"
"Dync1i2",0.0147686427550413,0.8272,"2","dynein cytoplasmic 1 intermediate chain 2"
"Ssbp2",0.0147599750130754,0.8468,"13","single-stranded DNA binding protein 2"
"Slc9a4",-0.0147574708617877,0.9108,"1","solute carrier family 9 (sodium/hydrogen exchanger), member 4"
"Recql",-0.0147563510271032,0.8486,"6","RecQ protein-like"
"Jrkl",0.014745464080113,0.9302,"9","Jrk-like"
"Lhx9",0.0147393813573702,0.846,"1","LIM homeobox protein 9"
"Smc4",0.0147325420240358,0.8838,"3","structural maintenance of chromosomes 4"
"Slc18b1",-0.0147039485796814,0.8062,"10","solute carrier family 18, subfamily B, member 1"
"Hspbp1",0.0146994450805291,0.9224,"7","HSPA (heat shock 70kDa) binding protein, cytoplasmic cochaperone 1"
"Farsb",0.0146978336285679,0.7104,"1","phenylalanyl-tRNA synthetase, beta subunit"
"Mrpl32",-0.0146781852171562,0.8608,"13","mitochondrial ribosomal protein L32"
"Pcmt1",-0.0146709325363998,0.7266,"10","protein-L-isoaspartate (D-aspartate) O-methyltransferase 1"
"Bcat1",-0.0146670693717965,0.8772,"6","branched chain aminotransferase 1, cytosolic"
"Cit",-0.0146548431226208,0.9472,"5","citron"
"Snx22",-0.0146485177979034,0.9338,"9","sorting nexin 22"
"Cln5",0.0146455120354037,0.809,"14","ceroid-lipofuscinosis, neuronal 5"
"Vapa",0.0146442575872507,0.825,"17","vesicle-associated membrane protein, associated protein A"
"Gspt2",0.014639104077494,0.856,"X","G1 to S phase transition 2"
"Slc39a11",0.0146310221502994,0.8426,"11","solute carrier family 39 (metal ion transporter), member 11"
"Vps8",0.0146307933787924,0.8296,"16","VPS8 CORVET complex subunit"
"Dguok",0.014627279009801,0.8862,"6","deoxyguanosine kinase"
"Calcrl",0.014623442854012,0.9404,"2","calcitonin receptor-like"
"Aip",-0.0146146607713646,0.8994,"19","aryl-hydrocarbon receptor-interacting protein"
"Ccnc",0.0146131785761714,0.8668,"4","cyclin C"
"Sec24c",-0.0146086306215985,0.793,"14","Sec24 related gene family, member C (S. cerevisiae)"
"Dnajb5",0.0146064227026432,0.875,"4","DnaJ heat shock protein family (Hsp40) member B5"
"Tep1",-0.01460463415206,0.9168,"14","telomerase associated protein 1"
"Ppt2",0.014577049675343,0.838,"17","palmitoyl-protein thioesterase 2"
"Spag9",-0.0145769392154342,0.8594,"11","sperm associated antigen 9"
"Mndal",-0.0145768640038448,0.8794,"1","myeloid nuclear differentiation antigen like"
"Cabin1",0.0145763623397146,0.8484,"10","calcineurin binding protein 1"
"Cadm2",-0.0145761512554738,0.9066,"16","cell adhesion molecule 2"
"Fxr2",0.0145678775967051,0.687,"11","FMR1 autosomal homolog 2"
"Prrt2",-0.0145476663580144,0.8086,"7","proline-rich transmembrane protein 2"
"Mmaa",0.0145435299265406,0.8648,"8","methylmalonic aciduria (cobalamin deficiency) type A"
"Eif3d",0.0145387619667794,0.8532,"15","eukaryotic translation initiation factor 3, subunit D"
"Opa3",0.01452747520299,0.8078,"7","optic atrophy 3"
"Lsm2",-0.0145227393442116,0.905,"17","LSM2 homolog, U6 small nuclear RNA and mRNA degradation associated"
"Abitram",0.0145000229273107,0.6896,"4","actin binding transcription modulator"
"Mapk10",-0.0144900286135528,0.7462,"5","mitogen-activated protein kinase 10"
"Papolg",-0.0144883780262965,0.919,"11","poly(A) polymerase gamma"
"Comt",0.0144768636666237,0.8588,"16","catechol-O-methyltransferase"
"Adam22",-0.0144748772989285,0.8424,"5","a disintegrin and metallopeptidase domain 22"
"Tstd2",0.0144722060410936,0.91,"4","thiosulfate sulfurtransferase (rhodanese)-like domain containing 2"
"Smim4",-0.0144695916521935,0.911,"14","small integral membrane protein 4"
"Rab2b",-0.0144642807667337,0.748,"14","RAB2B, member RAS oncogene family"
"Slc9a3r2",0.0144580297838264,0.879,"17","solute carrier family 9 (sodium/hydrogen exchanger), member 3 regulator 2"
"Hpcal1",0.0144571026567251,0.8408,"12","hippocalcin-like 1"
"Scarb2",-0.0144547675445192,0.774,"5","scavenger receptor class B, member 2"
"Tbc1d10b",0.0144383900298246,0.81,"7","TBC1 domain family, member 10b"
"Mapk8ip2",0.0144328363911939,0.7704,"15","mitogen-activated protein kinase 8 interacting protein 2"
"Zik1",-0.0144253452244252,0.894,"7","zinc finger protein interacting with K protein 1"
"Camkk1",0.0144193799474737,0.715,"11","calcium/calmodulin-dependent protein kinase kinase 1, alpha"
"Ppp5c",0.0144090568455102,0.765,"7","protein phosphatase 5, catalytic subunit"
"Tmem50b",0.0144054455909144,0.7924,"16","transmembrane protein 50B"
"Pcca",-0.0144016077506848,0.7662,"14","propionyl-Coenzyme A carboxylase, alpha polypeptide"
"Rorb",-0.0144009539819017,0.8874,"19","RAR-related orphan receptor beta"
"Ube2h",0.0143986294612972,0.7094,"6","ubiquitin-conjugating enzyme E2H"
"Fastkd2",0.0143884416843529,0.7876,"1","FAST kinase domains 2"
"Mns1",0.0143861545100634,0.9104,"9","meiosis-specific nuclear structural protein 1"
"Mgrn1",0.0143855399916699,0.6534,"16","mahogunin, ring finger 1"
"Dusp4",-0.0143819211626885,0.9188,"8","dual specificity phosphatase 4"
"Pdcd7",0.0143816249068554,0.8402,"9","programmed cell death 7"
"Cand2",0.0143760179213361,0.8922,"6","cullin-associated and neddylation-dissociated 2 (putative)"
"Tk2",0.0143705337673534,0.8794,"8","thymidine kinase 2, mitochondrial"
"Tsr3",0.0143682278564432,0.9226,"17","TSR3 20S rRNA accumulation"
"Vsnl1",-0.0143476820541117,0.8202,"12","visinin-like 1"
"Alkbh2",0.014347451584968,0.9286,"5","alkB homolog 2, alpha-ketoglutarate-dependent dioxygenase"
"Clstn3",-0.0143371043747678,0.7696,"6","calsyntenin 3"
"Tmem125",-0.0143323688404404,0.9348,"4","transmembrane protein 125"
"Cldn22",-0.014329949029882,0.9268,"8","claudin 22"
"Msantd2",0.0143267639764519,0.9146,"9","Myb/SANT-like DNA-binding domain containing 2"
"Zfp398",-0.0143004308527672,0.9408,"6","zinc finger protein 398"
"Mrpl37",0.0142898865849963,0.7614,"4","mitochondrial ribosomal protein L37"
"Ehd1",0.014282952917438,0.8438,"19","EH-domain containing 1"
"Scara3",0.0142631833955802,0.875,"14","scavenger receptor class A, member 3"
"Vps26b",0.0142480703854853,0.7262,"9","VPS26 retromer complex component B"
"Zfp606",0.014236297901268,0.8092,"7","zinc finger protein 606"
"Tnks2",-0.0142315080757394,0.9212,"19","tankyrase, TRF1-interacting ankyrin-related ADP-ribose polymerase 2"
"Inpp4a",0.0142301645068876,0.6732,"1","inositol polyphosphate-4-phosphatase, type I"
"Zfp579",0.014226139160872,0.917,"7","zinc finger protein 579"
"Coro2a",0.0142249583861229,0.8168,"4","coronin, actin binding protein 2A"
"Synm",-0.0142194824658048,0.8702,"7","synemin, intermediate filament protein"
"Tcaim",-0.0142175298082146,0.7738,"9","T cell activation inhibitor, mitochondrial"
"Tprkb",0.0142068122623051,0.842,"6","Tp53rk binding protein"
"Nfkb1",-0.0142057159882363,0.8644,"3","nuclear factor of kappa light polypeptide gene enhancer in B cells 1, p105"
"Cep162",-0.0142035738809771,0.9036,"9","centrosomal protein 162"
"Tmem43",-0.0141941852820686,0.757,"6","transmembrane protein 43"
"Zcchc12",0.01419147874239,0.8126,"X","zinc finger, CCHC domain containing 12"
"Gcc1",-0.0141633218795789,0.8342,"6","golgi coiled coil 1"
"Sdhb",0.0141501455622244,0.8882,"4","succinate dehydrogenase complex, subunit B, iron sulfur (Ip)"
"Mfsd1",0.0141300956823596,0.7574,"3","major facilitator superfamily domain containing 1"
"Tbc1d12",0.0141266468813721,0.7312,"19","TBC1D12: TBC1 domain family, member 12"
"Nudt16",-0.0141224349011657,0.88,"9","nudix (nucleoside diphosphate linked moiety X)-type motif 16"
"Slc6a15",0.0141150147106277,0.88,"10","solute carrier family 6 (neurotransmitter transporter), member 15"
"Ppa2",-0.014114357226477,0.8062,"3","pyrophosphatase (inorganic) 2"
"Plekhf2",-0.014113517843573,0.8144,"4","pleckstrin homology domain containing, family F (with FYVE domain) member 2"
"Tm9sf4",-0.0141113752516215,0.5742,"2","transmembrane 9 superfamily member 4"
"Jdp2",0.014105741344288,0.8538,"12","Jun dimerization protein 2"
"Ttn",-0.0140980525513248,0.9432,"2","titin"
"Rnf24",-0.014092833163132,0.8286,"2","ring finger protein 24"
"Paqr4",0.0140884255170244,0.8758,"17","progestin and adipoQ receptor family member IV"
"Kcnh3",-0.0140830878058091,0.9122,"15","potassium voltage-gated channel, subfamily H (eag-related), member 3"
"Prdm8",-0.014074196386697,0.8792,"5","PR domain containing 8"
"Bag2",-0.0140667609514078,0.8674,"1","BCL2-associated athanogene 2"
"Fbxl20",0.0140642751371267,0.8018,"11","F-box and leucine-rich repeat protein 20"
"Tmem185a",-0.0140573229293546,0.8388,"X","transmembrane protein 185A"
"Dzank1",-0.0140571521940567,0.863,"2","double zinc ribbon and ankyrin repeat domains 1"
"Tmem100",-0.0140547339973467,0.8938,"11","transmembrane protein 100"
"Capza2",0.0140530427782082,0.7946,"6","capping actin protein of muscle Z-line subunit alpha 2"
"Dph6",0.0140478358581122,0.774,"2","diphthamine biosynthesis 6"
"Emc2",0.0140476213555445,0.753,"15","ER membrane protein complex subunit 2"
"6330403K07Rik",0.0140473151263887,0.8878,"11","RIKEN cDNA 6330403K07 gene"
"Aqp11",-0.0140393881793255,0.86,"7","aquaporin 11"
"Rap2a",0.0140353867889953,0.811,"14","RAS related protein 2a"
"Cap2",-0.0140326108183899,0.7416,"13","CAP, adenylate cyclase-associated protein, 2 (yeast)"
"Ttc14",-0.0140320928544462,0.9408,"3","tetratricopeptide repeat domain 14"
"Dtd1",-0.0140315092840337,0.8722,"2","D-tyrosyl-tRNA deacylase 1"
"Zbtb2",-0.0140280481998856,0.7816,"10","zinc finger and BTB domain containing 2"
"Itsn1",0.014026098593857,0.7836,"16","intersectin 1 (SH3 domain protein 1A)"
"Rnf20",-0.0140253485696658,0.8694,"4","ring finger protein 20"
"Paxbp1",0.0140188043366418,0.906,"16","PAX3 and PAX7 binding protein 1"
"Ahdc1",0.0140154195523161,0.8282,"4","AT hook, DNA binding motif, containing 1"
"Phtf2",-0.0140118205684834,0.8672,"5","putative homeodomain transcription factor 2"
"Tmed5",-0.0140074801220313,0.8078,"5","transmembrane p24 trafficking protein 5"
"Carm1",-0.0140061361632826,0.768,"9","coactivator-associated arginine methyltransferase 1"
"Vdac3",0.013999462924188,0.8088,"8","voltage-dependent anion channel 3"
"2900076A07Rik",0.0139993029411727,0.9286,"7","RIKEN cDNA 2900076A07 gene"
"Psmg3",0.013999072899058,0.92,"5","proteasome (prosome, macropain) assembly chaperone 3"
"Prkar2a",0.0139954577663088,0.8368,"9","protein kinase, cAMP dependent regulatory, type II alpha"
"Zxdc",0.013989781124101,0.8646,"6","ZXD family zinc finger C"
"Thy1",0.013970880768392,0.8294,"9","thymus cell antigen 1, theta"
"Tsc22d1",-0.0139690079722872,0.7698,"14","TSC22 domain family, member 1"
"Lhfpl2",0.0139630150808712,0.841,"13","lipoma HMGIC fusion partner-like 2"
"Rnf217",0.0139608201258121,0.907,"10","ring finger protein 217"
"Ncoa5",-0.013945933075961,0.7386,"2","nuclear receptor coactivator 5"
"Pacsin2",-0.0139439477958492,0.8014,"15","protein kinase C and casein kinase substrate in neurons 2"
"Zfp275",-0.0139389972646775,0.805,"X","zinc finger protein 275"
"Dynlt3",0.0139319921507663,0.7908,"X","dynein light chain Tctex-type 3"
"Tmem69",-0.0139283136209287,0.8054,"4","transmembrane protein 69"
"Srp72",0.0139113664398449,0.7498,"5","signal recognition particle 72"
"Nono",0.0139108459645163,0.8134,"X","non-POU-domain-containing, octamer binding protein"
"Olfm2",0.0139066605857785,0.8696,"9","olfactomedin 2"
"Hprt",0.0139022907566568,0.8388,"X","hypoxanthine guanine phosphoribosyl transferase"
"Atp6v1g1",0.0139014058023781,0.8534,"4","ATPase, H+ transporting, lysosomal V1 subunit G1"
"Rap1b",-0.0138962520762584,0.8814,"10","RAS related protein 1b"
"AU040320",0.0138885870619676,0.697,"4","expressed sequence AU040320"
"Zhx3",0.0138872263826757,0.925,"2","zinc fingers and homeoboxes 3"
"Rab14",-0.013880599143782,0.8642,"2","RAB14, member RAS oncogene family"
"Atg4b",-0.0138773988977636,0.6842,"1","autophagy related 4B, cysteine peptidase"
"Slc6a17",-0.0138756033682217,0.849,"3","solute carrier family 6 (neurotransmitter transporter), member 17"
"Scaf8",-0.0138751278901346,0.8666,"17","SR-related CTD-associated factor 8"
"Uqcrb",-0.0138649516561573,0.8834,"13","ubiquinol-cytochrome c reductase binding protein"
"Fam172a",0.0138582958390963,0.819,"13","family with sequence similarity 172, member A"
"Peli1",0.0138579284306815,0.922,"11","pellino 1"
"Pcdhga10",-0.013855267535106,0.9258,"18","protocadherin gamma subfamily A, 10"
"Rnf34",0.0138551074911817,0.8036,"5","ring finger protein 34"
"C2cd5",0.0138536823838695,0.9018,"6","C2 calcium-dependent domain containing 5"
"Uhrf1bp1",-0.0138526129061995,0.8668,"17","UHRF1 (ICBP90) binding protein 1"
"Slc29a4",-0.0138504695684798,0.9158,"5","solute carrier family 29 (nucleoside transporters), member 4"
"Atrnl1",0.0138484767160652,0.8588,"19","attractin like 1"
"Rdh13",0.0138474671300917,0.8184,"7","retinol dehydrogenase 13 (all-trans and 9-cis)"
"Otud1",-0.0138471828138456,0.8728,"2","OTU domain containing 1"
"Snx21",0.0138404354205184,0.8732,"2","sorting nexin family member 21"
"1110038B12Rik",-0.0138304666036588,0.9064,"17","RIKEN cDNA 1110038B12 gene"
"Ncam1",-0.0138246716144721,0.8532,"9","neural cell adhesion molecule 1"
"Dcaf12l1",-0.0138146446249472,0.7702,"X","DDB1 and CUL4 associated factor 12-like 1"
"Cadm4",-0.0138098699840219,0.8734,"7","cell adhesion molecule 4"
"Ttll6",-0.0138098664555584,0.963,"11","tubulin tyrosine ligase-like family, member 6"
"Ints6l",0.013805774823223,0.8904,"X","integrator complex subunit 6 like"
"Ccdc66",0.0138036678562967,0.8898,"14","coiled-coil domain containing 66"
"Ssbp3",-0.0138029906744102,0.826,"4","single-stranded DNA binding protein 3"
"Rgs2",-0.0137987405966076,0.8442,"1","regulator of G-protein signaling 2"
"Stx4a",0.01379813827349,0.9046,"7","syntaxin 4A (placental)"
"Ubn1",0.0137956065440115,0.8498,"16","ubinuclein 1"
"Mansc1",0.0137879022511833,0.8612,"6","MANSC domain containing 1"
"Pcnp",0.0137866014175403,0.826,"16","PEST proteolytic signal containing nuclear protein"
"Ube2e2",0.01376038091112,0.8554,"14","ubiquitin-conjugating enzyme E2E 2"
"Trerf1",-0.0137601393821516,0.8842,"17","transcriptional regulating factor 1"
"Epb41l5",0.0137580329347609,0.844,"1","erythrocyte membrane protein band 4.1 like 5"
"Nsd2",0.0137578515709951,0.8612,"5","nuclear receptor binding SET domain protein 2"
"Zdhhc20",0.013750979011542,0.764,"14","zinc finger, DHHC domain containing 20"
"Slc23a2",-0.0137452685134853,0.85,"2","solute carrier family 23 (nucleobase transporters), member 2"
"Copb2",0.0137402723717726,0.824,"9","coatomer protein complex, subunit beta 2 (beta prime)"
"Agbl4",0.0137327549495514,0.8876,"4","ATP/GTP binding protein-like 4"
"Fbl",0.0137324612607128,0.8774,"7","fibrillarin"
"Mr1",-0.0137318762143819,0.8934,"1","major histocompatibility complex, class I-related"
"Tbc1d5",-0.013730126909655,0.8456,"17","TBC1 domain family, member 5"
"Smim10l1",0.0137130005864545,0.8362,"6","small integral membrane protein 10 like 1"
"Rsbn1l",-0.0137055384340377,0.9288,"5","round spermatid basic protein 1-like"
"Napb",-0.0137037572594174,0.88,"2","N-ethylmaleimide sensitive fusion protein attachment protein beta"
"Lysmd2",0.0137019735701962,0.8658,"9","LysM, putative peptidoglycan-binding, domain containing 2"
"Cuta",0.0136984542470788,0.9074,"17","cutA divalent cation tolerance homolog"
"Snapc3",0.0136897617109994,0.8778,"4","small nuclear RNA activating complex, polypeptide 3"
"Clvs1",0.0136856335850299,0.948,"4","clavesin 1"
"Agtpbp1",0.0136797459958506,0.8702,"13","ATP/GTP binding protein 1"
"Agtpbp1",0.0136797459958506,0.8702,"13","ATP/GTP binding protein 1"
"Rasgef1a",0.0136774988607087,0.843,"6","RasGEF domain family, member 1A"
"Smco3",-0.0136750146949529,0.92,"6","single-pass membrane protein with coiled-coil domains 3"
"Mocs3",0.0136619206705029,0.831,"2","molybdenum cofactor synthesis 3"
"Baiap2",-0.0136556992597843,0.8084,"11","brain-specific angiogenesis inhibitor 1-associated protein 2"
"Gnao1",0.013652663577437,0.7554,"8","guanine nucleotide binding protein, alpha O"
"Zfp619",-0.0136518208991576,0.9094,"7","zinc finger protein 619"
"Nup133",-0.0136433582339279,0.8094,"8","nucleoporin 133"
"Klhl5",-0.013642224575185,0.7646,"5","kelch-like 5"
"Hmg20a",0.0136415157585441,0.6926,"9","high mobility group 20A"
"Sgta",0.0136378821053027,0.7814,"10","small glutamine-rich tetratricopeptide repeat (TPR)-containing, alpha"
"Kifc3",-0.0136268900875764,0.797,"8","kinesin family member C3"
"Mpv17l2",0.0136175592645849,0.911,"8","MPV17 mitochondrial membrane protein-like 2"
"Akt3",0.0136169746466992,0.7886,"1","thymoma viral proto-oncogene 3"
"Gskip",0.0136031223870834,0.866,"12","GSK3B interacting protein"
"Ifrd2",-0.0135983054119082,0.8844,"9","interferon-related developmental regulator 2"
"Ddit3",0.0135954278125121,0.9252,"10","DNA-damage inducible transcript 3"
"Traf6",-0.0135934577003374,0.8038,"2","TNF receptor-associated factor 6"
"Lrpprc",-0.0135874685298925,0.8642,"17","leucine-rich PPR-motif containing"
"Rab3c",-0.0135873826914068,0.8694,"13","RAB3C, member RAS oncogene family"
"Cul4b",0.0135871197037778,0.9154,"X","cullin 4B"
"Tmed1",-0.0135850293854665,0.9098,"9","transmembrane p24 trafficking protein 1"
"Fbxo27",-0.0135825387026522,0.8796,"7","F-box protein 27"
"Myo18a",-0.0135752704475411,0.7506,"11","myosin XVIIIA"
"Mtg2",0.0135711742948841,0.9056,"2","mitochondrial ribosome associated GTPase 2"
"Ppp1r2",0.0135631898766997,0.832,"16","protein phosphatase 1, regulatory inhibitor subunit 2"
"Shf",-0.0135221878537362,0.872,"2","Src homology 2 domain containing F"
"Xpot",-0.0135215207151465,0.8242,"10","exportin, tRNA (nuclear export receptor for tRNAs)"
"Zbed3",-0.0135111420649907,0.8628,"13","zinc finger, BED type containing 3"
"Phf1",-0.0134976055805085,0.8804,"17","PHD finger protein 1"
"Col5a2",0.013487889920992,0.9232,"1","collagen, type V, alpha 2"
"Timm17b",0.0134824846254422,0.8966,"X","translocase of inner mitochondrial membrane 17b"
"Saal1",-0.0134799722532413,0.8572,"7","serum amyloid A-like 1"
"Rragc",-0.0134783399115195,0.7912,"4","Ras-related GTP binding C"
"Ubqln1",0.0134729696930194,0.7492,"13","ubiquilin 1"
"Slc22a23",-0.013464747369647,0.806,"13","solute carrier family 22, member 23"
"Washc2",-0.0134419172715159,0.8354,"6","WASH complex subunit 2"
"B4galt6",0.0134376050119922,0.8388,"18","UDP-Gal:betaGlcNAc beta 1,4-galactosyltransferase, polypeptide 6"
"Ppip5k1",0.0134123268773116,0.8994,"2","diphosphoinositol pentakisphosphate kinase 1"
"Mettl3",-0.013405086897782,0.8596,"14","methyltransferase like 3"
"Copg2",0.013404094884403,0.8722,"6","coatomer protein complex, subunit gamma 2"
"Cdk5rap3",0.0134010625282315,0.8546,"11","CDK5 regulatory subunit associated protein 3"
"Ykt6",-0.01339278175797,0.7774,"11","YKT6 v-SNARE homolog (S. cerevisiae)"
"Nudt5",0.013385983830525,0.9142,"2","nudix (nucleoside diphosphate linked moiety X)-type motif 5"
"Kbtbd4",0.0133737469989788,0.8254,"2","kelch repeat and BTB (POZ) domain containing 4"
"Timeless",0.0133696770683136,0.912,"10","timeless circadian clock 1"
"Smarcal1",0.0133574133691727,0.7852,"1","SWI/SNF related matrix associated, actin dependent regulator of chromatin, subfamily a-like 1"
"Dync1li2",0.0133457206246526,0.7662,"8","dynein, cytoplasmic 1 light intermediate chain 2"
"Ncor2",0.0133411149665932,0.883,"5","nuclear receptor co-repressor 2"
"Atg13",0.0133393196473195,0.6936,"2","autophagy related 13"
"Dcaf8",-0.0133378344963626,0.5696,"1","DDB1 and CUL4 associated factor 8"
"Rnf123",0.0133340097876262,0.781,"9","ring finger protein 123"
"Nkd1",-0.0133234738505612,0.8988,"8","naked cuticle 1"
"Arl6ip4",0.0133085139890472,0.9168,"5","ADP-ribosylation factor-like 6 interacting protein 4"
"Ssrp1",-0.013307834717553,0.7678,"2","structure specific recognition protein 1"
"R3hdm1",-0.0132925098482195,0.9082,"1","R3H domain containing 1"
"Clasp2",0.0132607985095863,0.8146,"9","CLIP associating protein 2"
"Ubr1",-0.0132540397956387,0.9282,"2","ubiquitin protein ligase E3 component n-recognin 1"
"Sox2",0.0132523744284283,0.858,"3","SRY (sex determining region Y)-box 2"
"Fut10",-0.0132487201008757,0.8268,"8","fucosyltransferase 10"
"Tmem177",-0.0132429314368299,0.8618,"1","transmembrane protein 177"
"Uvrag",0.0132388583504559,0.815,"7","UV radiation resistance associated gene"
"Crk",-0.0132339312060807,0.9072,"11","v-crk avian sarcoma virus CT10 oncogene homolog"
"Yif1b",0.0132326239021561,0.9012,"7","Yip1 interacting factor homolog B (S. cerevisiae)"
"Plxna3",0.0132285367209137,0.9028,"X","plexin A3"
"Mrrf",0.013224948937661,0.8466,"2","mitochondrial ribosome recycling factor"
"Agap1",0.0132199618317594,0.8086,"1","ArfGAP with GTPase domain, ankyrin repeat and PH domain 1"
"Nbn",0.0132174842570039,0.8346,"4","nibrin"
"St7",0.013211321307149,0.8034,"6","suppression of tumorigenicity 7"
"Msrb2",-0.0132109462615571,0.8334,"2","methionine sulfoxide reductase B2"
"Hmgxb3",0.0131970111259383,0.715,"18","HMG box domain containing 3"
"Sfxn4",0.0131932494643272,0.887,"19","sideroflexin 4"
"Tbc1d32",0.0131872910848885,0.8702,"10","TBC1 domain family, member 32"
"Adam23",-0.0131833298015112,0.7988,"1","a disintegrin and metallopeptidase domain 23"
"Plod1",0.0131800127604373,0.8754,"4","procollagen-lysine, 2-oxoglutarate 5-dioxygenase 1"
"Ostf1",-0.013178555144203,0.8728,"19","osteoclast stimulating factor 1"
"Bfar",0.0131568439833023,0.8588,"16","bifunctional apoptosis regulator"
"Bfar",0.0131568439833023,0.8588,"16","bifunctional apoptosis regulator"
"Hmgb3",-0.0131484694016328,0.8822,"X","high mobility group box 3"
"Eif2b1",0.0131418696132499,0.8606,"5","eukaryotic translation initiation factor 2B, subunit 1 (alpha)"
"Ube2e3",0.0131392002434207,0.8266,"2","ubiquitin-conjugating enzyme E2E 3"
"Arglu1",0.0131323758487394,0.8494,"8","arginine and glutamate rich 1"
"Mlc1",0.013126857442022,0.8568,"15","megalencephalic leukoencephalopathy with subcortical cysts 1 homolog (human)"
"Plch1",-0.0131241038404637,0.9188,"3","phospholipase C, eta 1"
"Fbxo11",-0.0131223427783906,0.8898,"17","F-box protein 11"
"Dcun1d2",0.013114092742244,0.7348,"8","DCN1, defective in cullin neddylation 1, domain containing 2 (S. cerevisiae)"
"Mllt3",-0.0131114588276517,0.86,"4","myeloid/lymphoid or mixed-lineage leukemia; translocated to, 3"
"Tnfaip3",-0.0131043444951646,0.9388,"10","tumor necrosis factor, alpha-induced protein 3"
"Pign",-0.0130987404890615,0.8608,"1","phosphatidylinositol glycan anchor biosynthesis, class N"
"Rab3a",0.0130940054108937,0.8298,"8","RAB3A, member RAS oncogene family"
"Bloc1s5",0.0130846520959156,0.9016,"13","biogenesis of lysosomal organelles complex-1, subunit 5, muted"
"Gal3st3",0.0130837273240241,0.8786,"19","galactose-3-O-sulfotransferase 3"
"Cbx7",0.0130676831093925,0.6782,"15","chromobox 7"
"Eif4a3",0.0130601409277462,0.869,"11","eukaryotic translation initiation factor 4A3"
"Scn3b",0.0130584381927861,0.8472,"9","sodium channel, voltage-gated, type III, beta"
"BC034090",0.0130399527413299,0.9152,"1","cDNA sequence BC034090"
"Pogz",0.0130349625302264,0.8636,"3","pogo transposable element with ZNF domain"
"Foxo1",0.0130345352416228,0.7932,"3","forkhead box O1"
"Dock11",0.0130273064500548,0.8806,"X","dedicator of cytokinesis 11"
"Zfp961",-0.0130260956341739,0.8282,"8","zinc finger protein 961"
"Atg2b",-0.0130239773431242,0.8542,"12","autophagy related 2B"
"Zfp507",-0.0130199695039197,0.9032,"7","zinc finger protein 507"
"Dcaf1",-0.013019111411964,0.8692,"9","DDB1 and CUL4 associated factor 1"
"Sec23b",-0.0130186461655892,0.9152,"2","SEC23 homolog B, COPII coat complex component"
"Nek8",0.0130136504822895,0.926,"11","NIMA (never in mitosis gene a)-related expressed kinase 8"
"Rimbp2",-0.01300980159413,0.8918,"5","RIMS binding protein 2"
"Hacl1",-0.0130038816449451,0.8976,"14","2-hydroxyacyl-CoA lyase 1"
"Ptprf",-0.0130001285986934,0.9066,"4","protein tyrosine phosphatase, receptor type, F"
"Acot2",-0.012988121674967,0.8946,"12","acyl-CoA thioesterase 2"
"4933428G20Rik",0.0129798667524137,0.947,"11","RIKEN cDNA 4933428G20 gene"
"Zdhhc1",-0.0129608296389296,0.8916,"8","zinc finger, DHHC domain containing 1"
"Fam20b",0.0129582302119529,0.8532,"1","FAM20B, glycosaminoglycan xylosylkinase"
"Mrpl44",0.0129576838315071,0.8478,"1","mitochondrial ribosomal protein L44"
"Rcc2",0.0129566506762311,0.844,"4","regulator of chromosome condensation 2"
"Grid1",-0.0129540251662199,0.8084,"14","glutamate receptor, ionotropic, delta 1"
"Mrpl22",0.012946202163115,0.8788,"11","mitochondrial ribosomal protein L22"
"Tdrkh",0.0129395779090329,0.8408,"3","tudor and KH domain containing protein"
"Dnaja3",-0.0129265155964324,0.829,"16","DnaJ heat shock protein family (Hsp40) member A3"
"Xpo4",-0.0129256374614104,0.931,"14","exportin 4"
"Polr2l",0.0129200726344516,0.933,"7","polymerase (RNA) II (DNA directed) polypeptide L"
"Vps4b",0.0129189801871661,0.9118,"1","vacuolar protein sorting 4B"
"Atad1",-0.0128856246751514,0.9254,"19","ATPase family, AAA domain containing 1"
"Creld1",0.0128826441024259,0.82,"6","cysteine-rich with EGF-like domains 1"
"Susd1",0.012871776734853,0.896,"4","sushi domain containing 1"
"Lrrc58",0.0128673913530273,0.8644,"16","leucine rich repeat containing 58"
"Tmem80",0.0128504424317724,0.8924,"7","transmembrane protein 80"
"Ccsap",-0.0128390369024043,0.8332,"8","centriole, cilia and spindle associated protein"
"Atmin",0.0128165229739619,0.7626,"8","ATM interactor"
"Rhobtb3",-0.0128150850534707,0.8314,"13","Rho-related BTB domain containing 3"
"Clcn7",0.0128053108649882,0.8026,"17","chloride channel, voltage-sensitive 7"
"Tufm",-0.0127943144356122,0.847,"7","Tu translation elongation factor, mitochondrial"
"Haus8",-0.0127890939130877,0.878,"8","4HAUS augmin-like complex, subunit 8"
"Cdc42ep1",-0.0127876894065553,0.9022,"15","CDC42 effector protein (Rho GTPase binding) 1"
"Zfp641",0.0127816922523309,0.9078,"15","zinc finger protein 641"
"Npas3",-0.0127804446651316,0.9056,"12","neuronal PAS domain protein 3"
"Tgfbr3l",-0.0127776517916161,0.949,"8","transforming growth factor, beta receptor III-like"
"Dph5",0.0127694814994848,0.891,"3","diphthamide biosynthesis 5"
"Orai3",-0.0127682513446112,0.8602,"7","ORAI calcium release-activated calcium modulator 3"
"Gng10",0.012768002367384,0.8712,"4","guanine nucleotide binding protein (G protein), gamma 10"
"Dcaf6",-0.0127676112702231,0.8242,"1","DDB1 and CUL4 associated factor 6"
"Gfpt2",0.0127480749641955,0.878,"11","glutamine fructose-6-phosphate transaminase 2"
"Cnpy2",0.0127437808313866,0.8964,"10","canopy FGF signaling regulator 2"
"Atp10a",0.0127359908855835,0.9528,"7","ATPase, class V, type 10A"
"Arpp21",0.0127105116976258,0.8354,"9","cyclic AMP-regulated phosphoprotein, 21"
"Tmub2",0.0127047309335468,0.7956,"11","transmembrane and ubiquitin-like domain containing 2"
"Fkbp15",0.012703198280053,0.8112,"4","FK506 binding protein 15"
"Brix1",0.012695599981809,0.8312,"15","BRX1, biogenesis of ribosomes"
"Pkd2l2",-0.0126875455488187,0.9138,"18","polycystic kidney disease 2-like 2"
"Uckl1",-0.0126846967951124,0.8346,"2","uridine-cytidine kinase 1-like 1"
"Ppat",0.0126783518331113,0.9126,"5","phosphoribosyl pyrophosphate amidotransferase"
"Hint3",-0.0126768256526857,0.8944,"10","histidine triad nucleotide binding protein 3"
"Dcdc2a",-0.0126759566001025,0.8578,"13","doublecortin domain containing 2a"
"Med7",0.0126729487683255,0.8202,"11","mediator complex subunit 7"
"Arhgap23",0.0126719147982319,0.8232,"11","Rho GTPase activating protein 23"
"Sod2",-0.0126646262871688,0.869,"17","superoxide dismutase 2, mitochondrial"
"Wtap",0.0126600515492026,0.911,"17","WT1 associating protein"
"Mrps2",-0.0126549635037856,0.772,"2","mitochondrial ribosomal protein S2"
"Phc1",0.0126538676254491,0.8198,"6","polyhomeotic 1"
"Pcid2",-0.0126538087032424,0.7412,"8","PCI domain containing 2"
"Idh3a",0.0126445254833518,0.76,"9","isocitrate dehydrogenase 3 (NAD+) alpha"
"Stard13",0.0126426565999331,0.8706,"5","StAR-related lipid transfer (START) domain containing 13"
"Efr3a",0.0126361753616635,0.8148,"15","EFR3 homolog A"
"Cdkn2aipnl",-0.0126347572752072,0.8934,"11","CDKN2A interacting protein N-terminal like"
"Gabrg2",0.0126219643062395,0.9098,"11","gamma-aminobutyric acid (GABA) A receptor, subunit gamma 2"
"Epn2",0.0126218448753024,0.7294,"11","epsin 2"
"AA986860",-0.0126174601967859,0.8934,"1","expressed sequence AA986860"
"Psap",0.0126062660476602,0.8138,"10","prosaposin"
"Smarcad1",-0.0125934652168356,0.9418,"6","SWI/SNF-related, matrix-associated actin-dependent regulator of chromatin, subfamily a, containing DEAD/H box 1"
"Gpr180",-0.0125910410831969,0.8472,"14","G protein-coupled receptor 180"
"Aig1",-0.0125699937595503,0.8378,"10","androgen-induced 1"
"Fam50a",0.0125585068269061,0.9054,"X","family with sequence similarity 50, member A"
"Ldah",-0.0125577072568541,0.7818,"12","lipid droplet associated hydrolase"
"Mertk",0.0125543585473347,0.9174,"2","MER proto-oncogene tyrosine kinase"
"Hsdl2",-0.0125517299382816,0.8434,"4","hydroxysteroid dehydrogenase like 2"
"Gls",-0.0125415568967195,0.8682,"1","glutaminase"
"Cep104",-0.0125405032498502,0.9116,"4","centrosomal protein 104"
"Cdyl2",-0.012540144651723,0.87,"8","chromodomain protein, Y chromosome-like 2"
"Pold1",-0.0125289958993005,0.8872,"7","polymerase (DNA directed), delta 1, catalytic subunit"
"Mia3",0.0125289726486146,0.8694,"1","MIA SH3 domain ER export factor 3"
"Tmem14a",-0.0125133365773902,0.8874,"1","transmembrane protein 14A"
"Crip2",-0.0125083256516909,0.8964,"12","cysteine rich protein 2"
"Tfrc",0.0125079723799431,0.8786,"16","transferrin receptor"
"Tmem38b",0.0125029530975271,0.8942,"4","transmembrane protein 38B"
"Ift52",-0.0124954120213321,0.8038,"2","intraflagellar transport 52"
"Zbtb11",0.0124862474611902,0.9336,"16","zinc finger and BTB domain containing 11"
"Uhrf2",-0.0124808594062742,0.9086,"19","ubiquitin-like, containing PHD and RING finger domains 2"
"Plekhh2",-0.0124718220815385,0.9144,"17","pleckstrin homology domain containing, family H (with MyTH4 domain) member 2"
"Zfp113",-0.0124690470561135,0.8422,"5","zinc finger protein 113"
"Ckap5",-0.0124636556787427,0.8062,"2","cytoskeleton associated protein 5"
"Slc1a1",0.0124634323721509,0.7258,"19","solute carrier family 1 (neuronal/epithelial high affinity glutamate transporter, system Xag), member 1"
"Npas1",0.0124612669987307,0.899,"7","neuronal PAS domain protein 1"
"Asb6",-0.0124566368096728,0.826,"2","ankyrin repeat and SOCS box-containing 6"
"Eif1ax",0.0124525433678393,0.7906,"X","eukaryotic translation initiation factor 1A, X-linked"
"Dis3",0.0124520505477661,0.9224,"14","DIS3 homolog, exosome endoribonuclease and 3'-5' exoribonuclease"
"Pes1",0.0124515089678638,0.8264,"11","pescadillo ribosomal biogenesis factor 1"
"Rbm39",-0.0124444372498251,0.8542,"2","RNA binding motif protein 39"
"Trpc1",0.0124431770205264,0.927,"9","transient receptor potential cation channel, subfamily C, member 1"
"Oprl1",0.0124428745223577,0.8928,"2","opioid receptor-like 1"
"Mxi1",0.0124365317884552,0.841,"19","MAX interactor 1, dimerization protein"
"Rbbp6",-0.0124345112035193,0.8746,"7","retinoblastoma binding protein 6, ubiquitin ligase"
"Ankrd33b",-0.0124319388885263,0.908,"15","ankyrin repeat domain 33B"
"Leprot",-0.0124307254358182,0.829,"4","leptin receptor overlapping transcript"
"Tmem170b",0.0124286340400186,0.8484,"13","transmembrane protein 170B"
"Nectin4",0.0124172720025064,0.908,"1","nectin cell adhesion molecule 4"
"Exoc3",0.0124153158746241,0.8126,"13","exocyst complex component 3"
"Drosha",-0.0124127276180674,0.8178,"15","drosha, ribonuclease type III"
"Tmem158",0.0124025508872272,0.9076,"9","transmembrane protein 158"
"Zfp607b",-0.0124012997200706,0.8702,"7","zinc finger protein 607B"
"Trim23",-0.0123999935607708,0.9476,"13","tripartite motif-containing 23"
"Ctdspl2",0.012385515012034,0.9132,"2","CTD (carboxy-terminal domain, RNA polymerase II, polypeptide A) small phosphatase like 2"
"Ninj1",-0.012383708269823,0.9242,"13","ninjurin 1"
"Gpbp1",0.0123765605008961,0.7172,"13","GC-rich promoter binding protein 1"
"Aplp2",0.0123727280191943,0.737,"9","amyloid beta (A4) precursor-like protein 2"
"Efcab14",-0.0123667827044311,0.861,"4","EF-hand calcium binding domain 14"
"Mrpl42",0.0123653070796825,0.9078,"10","mitochondrial ribosomal protein L42"
"Stmn3",0.0123651207421425,0.9046,"2","stathmin-like 3"
"Exosc4",-0.0123611919966189,0.9146,"15","exosome component 4"
"Icam5",-0.0123582017893753,0.886,"9","intercellular adhesion molecule 5, telencephalin"
"Arhgap42",-0.0123560499461344,0.8914,"9","Rho GTPase activating protein 42"
"Tnpo3",-0.0123407019506319,0.8278,"6","transportin 3"
"Rab22a",-0.012337896721248,0.7888,"2","RAB22A, member RAS oncogene family"
"Snca",0.0123365861272813,0.8906,"6","synuclein, alpha"
"Aco1",-0.0123305842892307,0.7604,"4","aconitase 1"
"Nsd1",0.0123206494571626,0.8516,"13","nuclear receptor-binding SET-domain protein 1"
"Atg5",-0.0123175085002707,0.8736,"10","autophagy related 5"
"Aldh6a1",-0.0123157901413249,0.7762,"12","aldehyde dehydrogenase family 6, subfamily A1"
"Fbxo4",-0.0123065418456618,0.8696,"15","F-box protein 4"
"Camsap2",0.0122976237929038,0.913,"1","calmodulin regulated spectrin-associated protein family, member 2"
"Akirin2",0.0122932828929656,0.8452,"4","akirin 2"
"Emx2",0.0122900843500764,0.8752,"19","empty spiracles homeobox 2"
"Ctso",-0.0122840075856878,0.8426,"3","cathepsin O"
"Atp6ap1",-0.0122773409576347,0.7606,"X","ATPase, H+ transporting, lysosomal accessory protein 1"
"Mdm4",-0.01227370044057,0.913,"1","transformed mouse 3T3 cell double minute 4"
"Chmp4b",0.0122666712158379,0.8616,"2","charged multivesicular body protein 4B"
"Zfp738",-0.0122615740544796,0.9256,"13","zinc finger protein 738"
"Ankrd63",-0.0122614372455407,0.9228,"2","ankyrin repeat domain 63"
"Arfgef1",0.0122495460665855,0.913,"1","ADP-ribosylation factor guanine nucleotide-exchange factor 1(brefeldin A-inhibited)"
"Smarce1",-0.0122444353350568,0.8258,"11","SWI/SNF related, matrix associated, actin dependent regulator of chromatin, subfamily e, member 1"
"Bend3",-0.0122440420565835,0.8774,"10","BEN domain containing 3"
"Zfyve9",0.0122366048956559,0.7914,"4","zinc finger, FYVE domain containing 9"
"Arf1",-0.0122349856772868,0.8164,"11","ADP-ribosylation factor 1"
"Bdp1",-0.0122338679076464,0.9326,"13","B double prime 1, subunit of RNA polymerase III transcription initiation factor IIIB"
"Zcchc8",-0.0122216968657289,0.8572,"5","zinc finger, CCHC domain containing 8"
"Notch1",0.0122192196968953,0.925,"2","notch 1"
"Atp1b3",-0.0122120596841508,0.8748,"9","ATPase, Na+/K+ transporting, beta 3 polypeptide"
"Ints7",-0.0122050059944092,0.8712,"1","integrator complex subunit 7"
"Sh3tc2",-0.0122002215398243,0.9426,"18","SH3 domain and tetratricopeptide repeats 2"
"Il34",0.0121990458205268,0.8582,"8","interleukin 34"
"Dpp9",-0.0121917411527557,0.8108,"17","dipeptidylpeptidase 9"
"Frmd4a",0.0121828736101888,0.9162,"2","FERM domain containing 4A"
"Arih2",-0.0121682244612717,0.7478,"9","ariadne RBR E3 ubiquitin protein ligase 2"
"Ezh1",-0.0121653724241799,0.7558,"11","enhancer of zeste 1 polycomb repressive complex 2 subunit"
"Mapk6",-0.0121600293965791,0.8944,"9","mitogen-activated protein kinase 6"
"Abhd12",0.0121535137265649,0.8804,"2","abhydrolase domain containing 12"
"Egfr",-0.0121517309013028,0.9246,"11","epidermal growth factor receptor"
"Nlgn1",0.0121471263544644,0.9154,"3","neuroligin 1"
"Oplah",-0.0121466805418988,0.8316,"15","5-oxoprolinase (ATP-hydrolysing)"
"Stk32a",-0.0121460850738371,0.9576,"18","serine/threonine kinase 32A"
"Tmem169",-0.0121421538977255,0.9184,"1","transmembrane protein 169"
"Samd4",-0.0121367648632855,0.9176,"14","sterile alpha motif domain containing 4"
"Dzip3",0.0121339828394325,0.9166,"16","DAZ interacting protein 3, zinc finger"
"Gatc",-0.0121108011111044,0.798,"5","glutamyl-tRNA(Gln) amidotransferase, subunit C"
"Gm15501",-0.0121068344565762,0.9382,"7","predicted pseudogene 15501"
"Efnb3",-0.012100031216371,0.8684,"11","ephrin B3"
"Mast3",0.0120995984824717,0.8592,"8","microtubule associated serine/threonine kinase 3"
"Prdm2",0.0120973053573996,0.8162,"4","PR domain containing 2, with ZNF domain"
"Shisa5",-0.0120744880930292,0.8292,"9","shisa family member 5"
"Impact",-0.0120727530568203,0.7644,"18","impact, RWD domain protein"
"Rabl3",-0.0120593347143432,0.858,"16","RAB, member RAS oncogene family-like 3"
"Ache",0.0120564979253004,0.799,"5","acetylcholinesterase"
"Chrnb2",0.0120561863629192,0.863,"3","cholinergic receptor, nicotinic, beta polypeptide 2 (neuronal)"
"Lingo1",0.0120526158310348,0.8424,"9","leucine rich repeat and Ig domain containing 1"
"Mospd3",-0.0120519985592207,0.9312,"5","motile sperm domain containing 3"
"Slc35e3",-0.012043746344145,0.761,"10","solute carrier family 35, member E3"
"Arhgef6",0.0120427068589244,0.9152,"X","Rac/Cdc42 guanine nucleotide exchange factor (GEF) 6"
"Zdhhc24",0.012035866234795,0.8314,"19","zinc finger, DHHC domain containing 24"
"Fkbp4",0.0120326046841432,0.8834,"6","FK506 binding protein 4"
"Gm14326",0.0120313594522927,0.9098,"2","predicted gene 14326"
"Gm14326",0.0120313594522927,0.9098,"2","predicted gene 14326"
"Cdk5rap2",-0.0120280777297124,0.8796,"4","CDK5 regulatory subunit associated protein 2"
"Atxn10",0.0120251852458289,0.8468,"15","ataxin 10"
"Naa50",0.0120079697306004,0.8016,"16","N(alpha)-acetyltransferase 50, NatE catalytic subunit"
"Slc20a1",-0.0120063363400957,0.84,"2","solute carrier family 20, member 1"
"Dnajc8",0.012001463741826,0.8522,"4","DnaJ heat shock protein family (Hsp40) member C8"
"Fundc1",0.0119992626361434,0.8362,"X","FUN14 domain containing 1"
"Eif4a2",-0.0119928638445685,0.9112,"16","eukaryotic translation initiation factor 4A2"
"Galc",-0.0119885522626628,0.8446,"12","galactosylceramidase"
"Ccdc171",0.0119871889187313,0.9416,"4","coiled-coil domain containing 171"
"Exosc9",-0.0119853339841089,0.8502,"3","exosome component 9"
"Nceh1",0.0119790098615145,0.8702,"3","neutral cholesterol ester hydrolase 1"
"Srpr",-0.0119769224386808,0.8318,"9","signal recognition particle receptor ('docking protein')"
"Mapkapk2",-0.0119738082744467,0.855,"1","MAP kinase-activated protein kinase 2"
"Cox18",0.0119531648652589,0.8848,"5","cytochrome c oxidase assembly protein 18"
"Mtch2",0.0119484887880388,0.774,"2","mitochondrial carrier 2"
"Prpf6",0.0119433527507722,0.7654,"2","pre-mRNA splicing factor 6"
"Trmt12",-0.0119422705143202,0.8774,"15","tRNA methyltransferase 12"
"Myo9b",-0.0119372939171409,0.9332,"8","myosin IXb"
"Nt5c2",0.0119335035217851,0.7944,"19","5'-nucleotidase, cytosolic II"
"Dpy30",0.0119287332024753,0.8818,"17","dpy-30, histone methyltransferase complex regulatory subunit"
"Mex3d",0.0119268625685462,0.831,"10","mex3 RNA binding family member D"
"Map4",-0.011924023099068,0.8046,"9","microtubule-associated protein 4"
"Smg6",-0.0119225096192386,0.7852,"11","SMG6 nonsense mediated mRNA decay factor"
"Gpr155",-0.0119154577491809,0.8706,"2","G protein-coupled receptor 155"
"Zmym4",0.0119152171756722,0.821,"4","zinc finger, MYM-type 4"
"Txnrd1",0.0119038960327602,0.7806,"10","thioredoxin reductase 1"
"Cldn10",0.0118997811813655,0.8952,"14","claudin 10"
"Psmc2",0.011896488521554,0.8392,"5","proteasome (prosome, macropain) 26S subunit, ATPase 2"
"Ctsc",-0.0118962580385262,0.9494,"7","cathepsin C"
"Fto",0.0118895629303601,0.761,"8","fat mass and obesity associated"
"Ppm1a",0.0118890166650187,0.8058,"12","protein phosphatase 1A, magnesium dependent, alpha isoform"
"Vti1b",0.0118884915529307,0.886,"12","vesicle transport through interaction with t-SNAREs 1B"
"Trim68",0.0118825532896492,0.931,"7","tripartite motif-containing 68"
"Nfyb",0.0118748823366195,0.8654,"10","nuclear transcription factor-Y beta"
"Snx9",-0.0118693535432941,0.8148,"17","sorting nexin 9"
"Ssr4",0.0118685918675956,0.866,"X","signal sequence receptor, delta"
"Il1rapl1",-0.0118677572145822,0.9156,"X","interleukin 1 receptor accessory protein-like 1"
"Zfp654",0.011867018955189,0.8932,"16","zinc finger protein 654"
"Ajap1",-0.0118652347447386,0.8016,"4","adherens junction associated protein 1"
"Rassf5",0.0118590463180137,0.8398,"1","Ras association (RalGDS/AF-6) domain family member 5"
"Wwp2",0.01185655204395,0.8514,"8","WW domain containing E3 ubiquitin protein ligase 2"
"Sem1",-0.0118531915213573,0.9008,"6","SEM1, 26S proteasome complex subunit"
"Tmem59",0.0118524560209305,0.847,"4","transmembrane protein 59"
"Gnas",0.0118500343995063,0.8734,"2","GNAS (guanine nucleotide binding protein, alpha stimulating) complex locus"
"Prdm10",-0.0118485672430193,0.903,"9","PR domain containing 10"
"Spag1",0.0118464037547712,0.9192,"15","sperm associated antigen 1"
"Egfl7",0.0118266282214456,0.9114,"2","EGF-like domain 7"
"Cmpk2",-0.0118248274646109,0.8666,"12","cytidine monophosphate (UMP-CMP) kinase 2, mitochondrial"
"Zdhhc21",-0.0118231413575485,0.8632,"4","zinc finger, DHHC domain containing 21"
"Sfxn5",-0.0118174664676935,0.9154,"6","sideroflexin 5"
"Rbm15b",0.0118131414300375,0.8266,"9","RNA binding motif protein 15B"
"Lca5",0.0118127987952157,0.9356,"9","Leber congenital amaurosis 5 (human)"
"Fam219b",0.0118013777380863,0.843,"9","family with sequence similarity 219, member B"
"Ogg1",0.0117968282363612,0.9204,"6","8-oxoguanine DNA-glycosylase 1"
"Araf",-0.0117887507172361,0.8888,"X","Araf proto-oncogene, serine/threonine kinase"
"Ccz1",-0.0117843088652592,0.8104,"5","CCZ1 vacuolar protein trafficking and biogenesis associated"
"Eapp",0.0117744813649185,0.8334,"12","E2F-associated phosphoprotein"
"Pofut2",-0.0117679231503667,0.8834,"10","protein O-fucosyltransferase 2"
"Utp25",0.0117640489164499,0.8798,"1","UTP25 small subunit processome component"
"Zfp146",0.0117520436764504,0.7514,"7","zinc finger protein 146"
"Fech",0.0117486102951858,0.806,"18","ferrochelatase"
"Acer3",0.0117455025262365,0.8654,"7","alkaline ceramidase 3"
"Oard1",0.0117439486612958,0.8798,"17","O-acyl-ADP-ribose deacylase 1"
"Sned1",0.0117311753751279,0.9632,"1","sushi, nidogen and EGF-like domains 1"
"Sae1",0.0117277332999697,0.8326,"7","SUMO1 activating enzyme subunit 1"
"Ptgs2",0.011720189599405,0.9492,"1","prostaglandin-endoperoxide synthase 2"
"Psme3",0.0117112977142142,0.8012,"11","proteaseome (prosome, macropain) activator subunit 3 (PA28 gamma, Ki)"
"Ercc2",0.0116937046955217,0.8886,"7","excision repair cross-complementing rodent repair deficiency, complementation group 2"
"Fam76b",0.0116879401393506,0.9106,"9","family with sequence similarity 76, member B"
"Got1",-0.0116814217304944,0.8092,"19","glutamic-oxaloacetic transaminase 1, soluble"
"Rccd1",-0.0116811754239396,0.9332,"7","RCC1 domain containing 1"
"Tmem121",0.0116771294213764,0.9094,"12","transmembrane protein 121"
"Dusp15",0.0116769072849014,0.9162,"2","dual specificity phosphatase-like 15"
"C630043F03Rik",0.0116761367807445,0.8336,"4","RIKEN cDNA C630043F03 gene"
"Tshz3",-0.0116393600093385,0.8854,"7","teashirt zinc finger family member 3"
"Psen1",-0.0116386743780357,0.7742,"12","presenilin 1"
"Pcsk4",-0.0116275591922448,0.9512,"10","proprotein convertase subtilisin/kexin type 4"
"Tln2",-0.011593478106728,0.8454,"9","talin 2"
"Sf3b2",0.0115875407131441,0.6698,"19","splicing factor 3b, subunit 2"
"Haus1",0.0115757001180712,0.8652,"18","HAUS augmin-like complex, subunit 1"
"Ttll3",0.0115697102840926,0.9362,"6","tubulin tyrosine ligase-like family, member 3"
"Trip4",0.0115681978834763,0.8236,"9","thyroid hormone receptor interactor 4"
"Slc25a38",-0.0115679340294381,0.8978,"9","solute carrier family 25, member 38"
"Tank",0.0115652534490955,0.9276,"2","TRAF family member-associated Nf-kappa B activator"
"Mrtfa",0.0115639847901976,0.8152,"15","myocardin related transcription factor A"
"Sv2a",0.0115542424159187,0.8106,"3","synaptic vesicle glycoprotein 2 a"
"Adamtsl2",-0.011548673755271,0.9196,"2","ADAMTS-like 2"
"Rcan1",0.0115455525971484,0.8804,"16","regulator of calcineurin 1"
"4933427D14Rik",0.0115440100548749,0.9212,"11","RIKEN cDNA 4933427D14 gene"
"4933427D14Rik",0.0115440100548749,0.9212,"11","RIKEN cDNA 4933427D14 gene"
"4933427D14Rik",0.0115440100548749,0.9212,"11","RIKEN cDNA 4933427D14 gene"
"Atp9b",0.0115397160954807,0.8616,"18","ATPase, class II, type 9B"
"1500009L16Rik",0.0114888880632091,0.8906,"10","RIKEN cDNA 1500009L16 gene"
"Lemd3",-0.011480121362923,0.9054,"10","LEM domain containing 3"
"Man1b1",0.0114676903354587,0.8054,"2","mannosidase, alpha, class 1B, member 1"
"Zfp369",-0.0114635138374086,0.9712,"13","zinc finger protein 369"
"Usp40",-0.0114622129753448,0.9198,"1","ubiquitin specific peptidase 40"
"Frzb",0.0114491271853598,0.8946,"2","frizzled-related protein"
"Ap4b1",-0.011447883696829,0.8832,"3","adaptor-related protein complex AP-4, beta 1"
"Plcb1",-0.0114472077672367,0.9278,"2","phospholipase C, beta 1"
"Cdh10",0.0114468899738887,0.9134,"15","cadherin 10"
"Stxbp5l",0.0114464967167365,0.925,"16","syntaxin binding protein 5-like"
"Slc25a46",0.0114409535949358,0.8872,"18","solute carrier family 25, member 46"
"Ldlrap1",0.0114400817214879,0.9306,"4","low density lipoprotein receptor adaptor protein 1"
"Cyp4f17",0.0114370948278135,0.9466,"17","cytochrome P450, family 4, subfamily f, polypeptide 17"
"Abhd3",-0.0114303324833704,0.8844,"18","abhydrolase domain containing 3"
"Ddhd1",0.0114166167328422,0.8534,"14","DDHD domain containing 1"
"Mfap3l",0.0113999033488508,0.8254,"8","microfibrillar-associated protein 3-like"
"Spin2c",-0.011394513234829,0.9148,"X","spindlin family, member 2C"
"Zmym2",-0.0113885461474412,0.9302,"14","zinc finger, MYM-type 2"
"Zfp106",0.0113875901339853,0.8352,"2","zinc finger protein 106"
"Fnbp4",0.0113796736096479,0.9292,"2","formin binding protein 4"
"Nhlrc1",-0.0113750851412857,0.8644,"13","NHL repeat containing 1"
"Pdlim5",0.011366636505044,0.8778,"3","PDZ and LIM domain 5"
"Ncf1",-0.0113642473010325,0.9622,"5","neutrophil cytosolic factor 1"
"Pgrmc1",-0.0113615958703397,0.8266,"X","progesterone receptor membrane component 1"
"Rimklb",0.0113603141686198,0.8288,"6","ribosomal modification protein rimK-like family member B"
"Klhdc2",-0.0113510052047125,0.9262,"12","kelch domain containing 2"
"Akap1",0.0113505766228359,0.7458,"11","A kinase (PRKA) anchor protein 1"
"Snap25",-0.0113485701441167,0.9208,"2","synaptosomal-associated protein 25"
"Cnst",-0.0113351032543667,0.866,"1","consortin, connexin sorting protein"
"Zfp94",0.0113313797158003,0.839,"7","zinc finger protein 94"
"Cox17",0.0113309947345543,0.9108,"16","cytochrome c oxidase assembly protein 17, copper chaperone"
"Zbtb17",0.011326514240352,0.8264,"4","zinc finger and BTB domain containing 17"
"Cd81",0.0113186047216622,0.8734,"7","CD81 antigen"
"Pianp",0.0113182760230437,0.9152,"6","PILR alpha associated neural protein"
"Actr8",-0.011316127875812,0.7936,"14","ARP8 actin-related protein 8"
"Thpo",0.0113103247814985,0.9552,"16","thrombopoietin"
"Uqcc1",-0.0113085006767557,0.8052,"2","ubiquinol-cytochrome c reductase complex assembly factor 1"
"Sar1b",0.011297054760667,0.8484,"11","secretion associated Ras related GTPase 1B"
"Mrpl53",0.011294138833625,0.9186,"6","mitochondrial ribosomal protein L53"
"Ppil1",0.0112940863502766,0.9084,"17","peptidylprolyl isomerase (cyclophilin)-like 1"
"Shc3",0.0112901920609243,0.8736,"13","src homology 2 domain-containing transforming protein C3"
"Krcc1",-0.011287587045798,0.9142,"6","lysine-rich coiled-coil 1"
"Cpt1a",-0.0112832250360615,0.8826,"19","carnitine palmitoyltransferase 1a, liver"
"Capn7",0.0112807419437644,0.8774,"14","calpain 7"
"Kcns2",0.0112751749843865,0.9032,"15","K+ voltage-gated channel, subfamily S, 2"
"Gak",-0.0112745131303136,0.7242,"5","cyclin G associated kinase"
"Ngef",0.0112699354494055,0.8944,"1","neuronal guanine nucleotide exchange factor"
"Nucb2",-0.0112694676657097,0.8576,"7","nucleobindin 2"
"Serinc1",-0.011266497281694,0.9216,"10","serine incorporator 1"
"Fkbp1a",-0.0112527778068845,0.888,"2","FK506 binding protein 1a"
"Ift172",0.0112437747740364,0.9058,"5","intraflagellar transport 172"
"Sdcbp",-0.0112428767078727,0.9222,"4","syndecan binding protein"
"Tbc1d30",0.0112390528854345,0.8874,"10","TBC1 domain family, member 30"
"Insm1",0.0112113759134749,0.9098,"2","insulinoma-associated 1"
"Slc22a15",0.0112044473109028,0.9148,"3","solute carrier family 22 (organic anion/cation transporter), member 15"
"Pcdh20",-0.0112016757741857,0.9588,"14","protocadherin 20"
"Wdr19",0.0112009711318102,0.9162,"5","WD repeat domain 19"
"Szrd1",0.0112003473714672,0.899,"4","SUZ RNA binding domain containing 1"
"Snrnp40",-0.0111959536780235,0.8818,"4","small nuclear ribonucleoprotein 40 (U5)"
"Far1",0.0111880616131081,0.9108,"7","fatty acyl CoA reductase 1"
"Nrn1",0.0111877099853199,0.9286,"13","neuritin 1"
"Otub2",-0.0111847849318378,0.839,"12","OTU domain, ubiquitin aldehyde binding 2"
"Tada2b",0.0111845613726107,0.8178,"5","transcriptional adaptor 2B"
"Eya3",0.0111829455325649,0.8328,"4","EYA transcriptional coactivator and phosphatase 3"
"Zfp37",0.0111823343445154,0.9164,"4","zinc finger protein 37"
"Afdn",-0.0111822266701695,0.908,"17","afadin, adherens junction formation factor"
"Ier3ip1",0.0111817714925451,0.8506,"18","immediate early response 3 interacting protein 1"
"Gosr2",0.0111772289061607,0.81,"11","golgi SNAP receptor complex member 2"
"Ptrh2",0.0111520414094288,0.8674,"11","peptidyl-tRNA hydrolase 2"
"Qrich1",0.011144674884159,0.8412,"9","glutamine-rich 1"
"Ezr",0.0111428323783294,0.8258,"17","ezrin"
"Top2b",0.0111426935350458,0.9122,"14","topoisomerase (DNA) II beta"
"Mzt2",0.0111309522936818,0.9284,"16","mitotic spindle organizing protein 2"
"Pde6d",0.0111265621990357,0.9114,"1","phosphodiesterase 6D, cGMP-specific, rod, delta"
"Mis12",-0.0111182587950527,0.8508,"11","MIS12 kinetochore complex component"
"Lrrc40",0.0111151906147677,0.8102,"3","leucine rich repeat containing 40"
"Ybx3",-0.0111107084755417,0.8632,"6","Y box protein 3"
"Dbnl",-0.0111099744837322,0.7552,"11","drebrin-like"
"Tmem30a",-0.0111044341845803,0.942,"9","transmembrane protein 30A"
"Rbm38",-0.0110944898774497,0.912,"2","RNA binding motif protein 38"
"Tmf1",-0.0110808289691837,0.9636,"6","TATA element modulatory factor 1"
"Tmem198b",-0.0110767880208482,0.9282,"10","transmembrane protein 198b"
"Dynlrb2",-0.0110754634071655,0.976,"8","dynein light chain roadblock-type 2"
"Tmem29",0.0110750430080508,0.882,"X","transmembrane protein 29"
"Hax1",0.0110697099715606,0.885,"3","HCLS1 associated X-1"
"Acat1",0.0110664068906532,0.7504,"9","acetyl-Coenzyme A acetyltransferase 1"
"Lig3",0.0110583684904615,0.8958,"11","ligase III, DNA, ATP-dependent"
"Nhsl1",0.0110520814760555,0.7998,"10","NHS-like 1"
"Ccnd2",-0.0110393877142556,0.873,"6","cyclin D2"
"Mycbpap",-0.0110358575882421,0.9682,"11","MYCBP associated protein"
"Golga5",-0.0110317618956826,0.7376,"12","golgi autoantigen, golgin subfamily a, 5"
"Mkrn1",0.0110294557143762,0.784,"6","makorin, ring finger protein, 1"
"Rbmxl1",0.0110289208826133,0.8316,"8","RNA binding motif protein, X-linked like-1"
"Ggact",0.0110287517767969,0.9166,"14","gamma-glutamylamine cyclotransferase"
"Garem1",0.0110276867382666,0.9484,"18","GRB2 associated regulator of MAPK1 subtype 1"
"Ttc33",0.0110262361303963,0.8676,"15","tetratricopeptide repeat domain 33"
"Atxn1",-0.0110227929585847,0.8562,"13","ataxin 1"
"Dnajb1",0.0110186648437853,0.9024,"8","DnaJ heat shock protein family (Hsp40) member B1"
"St3gal4",-0.0110184320521931,0.8686,"9","ST3 beta-galactoside alpha-2,3-sialyltransferase 4"
"Dapk3",0.011014723771237,0.925,"10","death-associated protein kinase 3"
"Rnf130",0.0110139954310648,0.7882,"11","ring finger protein 130"
"Hat1",-0.0110112073806019,0.8726,"2","histone aminotransferase 1"
"Zfp109",-0.0110073914789059,0.9628,"7","zinc finger protein 109"
"Tmem86b",0.011000254608077,0.9612,"7","transmembrane protein 86B"
"Eci2",0.0109946544579778,0.8772,"13","enoyl-Coenzyme A delta isomerase 2"
"Polr3k",0.0109848156264043,0.7958,"2","polymerase (RNA) III (DNA directed) polypeptide K"
"Mief1",0.0109845244277,0.7948,"15","mitochondrial elongation factor 1"
"Brf2",-0.0109813711768503,0.8318,"8","BRF2, RNA polymerase III transcription initiation factor 50kDa subunit"
"Nme7",0.0109803775109731,0.8684,"1","NME/NM23 family member 7"
"H3f3b",0.0109715311700969,0.8536,"11","H3.3 histone B"
"Fance",-0.0109451687642244,0.91,"17","Fanconi anemia, complementation group E"
"Gda",0.0109436878964466,0.8794,"19","guanine deaminase"
"Mlf2",0.0109435838469309,0.841,"6","myeloid leukemia factor 2"
"AI504432",0.0109358353860642,0.9312,"3","expressed sequence AI504432"
"Akr1e1",0.0109302293885092,0.878,"13","aldo-keto reductase family 1, member E1"
"Ociad2",0.0109292655503896,0.838,"5","OCIA domain containing 2"
"Tmem185b",-0.0109287494543677,0.9108,"1","transmembrane protein 185B"
"Adprm",0.0109253497879367,0.8454,"11","ADP-ribose/CDP-alcohol diphosphatase, manganese dependent"
"Scoc",-0.0109218625823679,0.9038,"8","short coiled-coil protein"
"Ndel1",0.0109207297009775,0.8474,"11","nudE neurodevelopment protein 1 like 1"
"Malsu1",0.0109154524140229,0.8996,"6","mitochondrial assembly of ribosomal large subunit 1"
"Nfix",0.0109072142828488,0.8792,"8","nuclear factor I/X"
"Ildr2",-0.0109053445709559,0.8532,"1","immunoglobulin-like domain containing receptor 2"
"Mlec",0.0109044251717823,0.8354,"5","malectin"
"Gars",-0.0109002703012262,0.8176,"6","glycyl-tRNA synthetase"
"E2f6",0.0108976464025323,0.8148,"12","E2F transcription factor 6"
"Terf2ip",-0.0108911817708162,0.832,"8","telomeric repeat binding factor 2, interacting protein"
"Pbrm1",-0.0108910130873463,0.9088,"14","polybromo 1"
"Hsph1",0.0108889030323081,0.8716,"5","heat shock 105kDa/110kDa protein 1"
"Ibtk",0.0108817580206244,0.887,"9","inhibitor of Bruton agammaglobulinemia tyrosine kinase"
"Ppm1e",0.0108748795171802,0.9108,"11","protein phosphatase 1E (PP2C domain containing)"
"Ttc30b",0.0108730310003429,0.9114,"2","tetratricopeptide repeat domain 30B"
"Srprb",0.0108629071959809,0.8644,"9","signal recognition particle receptor, B subunit"
"Lancl2",0.0108589939682711,0.9358,"6","LanC (bacterial lantibiotic synthetase component C)-like 2"
"N6amt1",-0.0108582559008825,0.851,"16","N-6 adenine-specific DNA methyltransferase 1 (putative)"
"Rgl1",0.0108427924444507,0.8026,"1","ral guanine nucleotide dissociation stimulator,-like 1"
"Gtf2ird1",-0.0108389300870328,0.8724,"5","general transcription factor II I repeat domain-containing 1"
"Dusp18",-0.0108378141164298,0.7862,"11","dual specificity phosphatase 18"
"Arl6ip1",0.010836938796718,0.879,"7","ADP-ribosylation factor-like 6 interacting protein 1"
"Filip1",-0.0108351414562691,0.9026,"9","filamin A interacting protein 1"
"Rragd",0.0108288895658726,0.8584,"4","Ras-related GTP binding D"
"Frmd8",-0.0108283923509438,0.9318,"19","FERM domain containing 8"
"St8sia3",-0.0108280956346043,0.888,"18","ST8 alpha-N-acetyl-neuraminide alpha-2,8-sialyltransferase 3"
"Taf15",0.0108279140673329,0.89,"11","TATA-box binding protein associated factor 15"
"Sema6c",0.010817688022744,0.9284,"3","sema domain, transmembrane domain (TM), and cytoplasmic domain, (semaphorin) 6C"
"Hspa14",0.0107875529067858,0.8426,"2","heat shock protein 14"
"Kazn",0.010784708461709,0.8826,"4","kazrin, periplakin interacting protein"
"Lyrm4",-0.0107777436791343,0.8878,"13","LYR motif containing 4"
"Vps26c",0.0107775042051417,0.8658,"16","VPS26 endosomal protein sorting factor C"
"Bcorl1",0.0107663446994968,0.887,"X","BCL6 co-repressor-like 1"
"Sugt1",-0.0107636832643889,0.8564,"14","SGT1, suppressor of G2 allele of SKP1 (S. cerevisiae)"
"Slc3a2",0.0107602616727167,0.8072,"19","solute carrier family 3 (activators of dibasic and neutral amino acid transport), member 2"
"Alg2",-0.0107570058968438,0.8224,"4","asparagine-linked glycosylation 2 (alpha-1,3-mannosyltransferase)"
"Mon2",0.0107495468495769,0.9046,"10","MON2 homolog, regulator of endosome to Golgi trafficking"
"Gapvd1",0.0107310383779442,0.8288,"2","GTPase activating protein and VPS9 domains 1"
"Htra4",0.01073035975429,0.9296,"8","HtrA serine peptidase 4"
"Mnt",-0.0107227760928046,0.8408,"11","max binding protein"
"Hsp90ab1",0.0107090942628574,0.8278,"17","heat shock protein 90 alpha (cytosolic), class B member 1"
"Golga3",-0.0107087713024976,0.8926,"5","golgi autoantigen, golgin subfamily a, 3"
"Prdx4",-0.0107053256135297,0.9248,"X","peroxiredoxin 4"
"Kmt5b",-0.0106872702062146,0.9244,"19","lysine methyltransferase 5B"
"Acyp1",0.0106839949615378,0.8672,"12","acylphosphatase 1, erythrocyte (common) type"
"Tm9sf3",0.0106839158361032,0.8716,"19","transmembrane 9 superfamily member 3"
"Slc20a2",-0.0106803540906508,0.7976,"8","solute carrier family 20, member 2"
"Emc3",0.0106781461022134,0.8528,"6","ER membrane protein complex subunit 3"
"Uqcrc2",0.0106500438257848,0.8652,"7","ubiquinol cytochrome c reductase core protein 2"
"Atl2",-0.0106484088324974,0.8762,"17","atlastin GTPase 2"
"Atp6v1b2",0.0106372769126768,0.834,"8","ATPase, H+ transporting, lysosomal V1 subunit B2"
"Washc5",-0.0106361578378458,0.8874,"15","WASH complex subunit 5"
"Cnp",0.0106338816840363,0.9442,"11","2',3'-cyclic nucleotide 3' phosphodiesterase"
"Rnh1",0.0106163256440235,0.885,"7","ribonuclease/angiogenin inhibitor 1"
"Dcaf10",-0.0106116682514266,0.846,"4","DDB1 and CUL4 associated factor 10"
"Txndc11",0.010593745209265,0.8462,"16","thioredoxin domain containing 11"
"Tomm22",0.0105892911960659,0.8992,"15","translocase of outer mitochondrial membrane 22"
"Eif2s1",-0.010584299614508,0.9086,"12","eukaryotic translation initiation factor 2, subunit 1 alpha"
"Rbm8a",0.01057979513556,0.8446,"3","RNA binding motif protein 8a"
"Rasgrp1",-0.0105789690449658,0.9032,"2","RAS guanyl releasing protein 1"
"Pias2",-0.0105754235444246,0.851,"18","protein inhibitor of activated STAT 2"
"Tmem141",0.010571347989754,0.9464,"2","transmembrane protein 141"
"Cep112",0.0105697997785976,0.9264,"11","centrosomal protein 112"
"Zmat3",0.01056816240727,0.8228,"3","zinc finger matrin type 3"
"Col4a1",0.0105675295212366,0.9422,"8","collagen, type IV, alpha 1"
"Rb1",-0.0105632990540832,0.9026,"14","RB transcriptional corepressor 1"
"Tmem120a",-0.0105564551519439,0.8984,"5","transmembrane protein 120A"
"Sephs2",0.0105523282616868,0.8716,"7","selenophosphate synthetase 2"
"Tmem198",0.0105469236278575,0.9094,"1","transmembrane protein 198"
"Map2k5",0.0105412127940658,0.8228,"9","mitogen-activated protein kinase kinase 5"
"Cbll1",-0.0105384408475819,0.9372,"12","Casitas B-lineage lymphoma-like 1"
"Ago4",0.0105321122982716,0.9014,"4","argonaute RISC catalytic subunit 4"
"Ywhab",-0.0105306730105816,0.8654,"2","tyrosine 3-monooxygenase/tryptophan 5-monooxygenase activation protein, beta polypeptide"
"Mcf2l",-0.010529056096181,0.8434,"8","mcf.2 transforming sequence-like"
"Xpc",-0.0105121007691467,0.8768,"6","xeroderma pigmentosum, complementation group C"
"Nufip2",0.0105105697689867,0.895,"11","nuclear FMR1 interacting protein 2"
"Gabra4",0.0105090723686967,0.9302,"5","gamma-aminobutyric acid (GABA) A receptor, subunit alpha 4"
"Amacr",-0.0105056117681293,0.9076,"15","alpha-methylacyl-CoA racemase"
"Nelfe",0.0105047817757802,0.9262,"17","negative elongation factor complex member E, Rdbp"
"Gsta4",-0.0105014721216383,0.9176,"9","glutathione S-transferase, alpha 4"
"Gprasp1",0.0105001516175083,0.878,"X","G protein-coupled receptor associated sorting protein 1"
"Msl3l2",-0.0104999834800248,0.8866,"10","MSL3 like 2"
"Vcan",-0.0104856216841123,0.942,"13","versican"
"Copg1",-0.0104836657756593,0.7916,"6","coatomer protein complex, subunit gamma 1"
"2900052N01Rik",0.0104806680308096,0.945,"9","RIKEN cDNA 2900052N01 gene"
"Hdhd2",-0.0104801079438257,0.8244,"18","haloacid dehalogenase-like hydrolase domain containing 2"
"Zfp1",0.0104768815735081,0.8594,"8","zinc finger protein 1"
"Map2k4",0.0104617222902421,0.8884,"11","mitogen-activated protein kinase kinase 4"
"Tmem237",-0.0104613212163391,0.9282,"1","transmembrane protein 237"
"Clip3",0.0104390600157203,0.8438,"7","CAP-GLY domain containing linker protein 3"
"Dner",0.0104377681212817,0.8826,"1","delta/notch-like EGF repeat containing"
"Elp6",0.0104343924039116,0.9106,"9","elongator acetyltransferase complex subunit 6"
"Smoc2",-0.0104300084211477,0.8572,"17","SPARC related modular calcium binding 2"
"Gatad1",0.0104194674186298,0.8808,"5","GATA zinc finger domain containing 1"
"Acsl4",-0.0104193761762854,0.9358,"X","acyl-CoA synthetase long-chain family member 4"
"Son",-0.0104182493030613,0.9478,"16","Son DNA binding protein"
"Brinp3",-0.0104177191824588,0.9426,"1","bone morphogenetic protein/retinoic acid inducible neural specific 3"
"Vamp1",-0.0104121497988672,0.8234,"6","vesicle-associated membrane protein 1"
"Vamp1",-0.0104121497988672,0.8234,"6","vesicle-associated membrane protein 1"
"Psma6",0.0104005609156381,0.8812,"12","proteasome subunit alpha 6"
"Cnn2",0.0103905792556129,0.9214,"10","calponin 2"
"Trappc2",-0.0103891083300698,0.9078,"X","trafficking protein particle complex 2"
"Nadk2",-0.0103854141610995,0.8736,"15","NAD kinase 2, mitochondrial"
"Utp15",0.0103747047629223,0.8712,"13","UTP15 small subunit processome component"
"Rnf216",0.0103649179001666,0.7762,"5","ring finger protein 216"
"Foxo3",0.0103560665818732,0.9372,"10","forkhead box O3"
"Rhot1",-0.0103555330303386,0.8428,"11","ras homolog family member T1"
"Mphosph10",-0.0103552815732666,0.9312,"7","M-phase phosphoprotein 10 (U3 small nucleolar ribonucleoprotein)"
"Cald1",0.0103504421454987,0.887,"6","caldesmon 1"
"Axin1",-0.0103492789338659,0.8064,"17","axin 1"
"Ccar2",0.0103463298410329,0.7384,"14","cell cycle activator and apoptosis regulator 2"
"Ankrd50",-0.0103399881326451,0.8658,"3","ankyrin repeat domain 50"
"Nsun3",0.0103368638918515,0.9518,"16","NOL1/NOP2/Sun domain family member 3"
"Ccdc136",0.0103234769967662,0.862,"6","coiled-coil domain containing 136"
"Akr1b10",0.0103109443720375,0.886,"6","aldo-keto reductase family 1, member B10 (aldose reductase)"
"Myh10",-0.0103037048601538,0.921,"11","myosin, heavy polypeptide 10, non-muscle"
"Gm10791",0.010290694611667,0.9628,"16","predicted gene 10791"
"Arhgap1",-0.0102897573047667,0.8078,"2","Rho GTPase activating protein 1"
"Castor2",0.0102839049157035,0.8954,"5","cytosolic arginine sensor for mTORC1 subunit 2"
"Nell1",-0.010278122166274,0.919,"7","NEL-like 1"
"Mtf2",0.010275653051071,0.916,"5","metal response element binding transcription factor 2"
"Rgs3",0.0102747034181521,0.8934,"4","regulator of G-protein signaling 3"
"Ttyh2",-0.0102732928722311,0.947,"11","tweety family member 2"
"Kat7",-0.0102726527968642,0.8706,"11","K(lysine) acetyltransferase 7"
"Gab2",-0.0102640651797454,0.8946,"7","growth factor receptor bound protein 2-associated protein 2"
"Mier1",0.0102625377413288,0.88,"4","MEIR1 treanscription regulator"
"Nop14",0.0102562659722159,0.8156,"5","NOP14 nucleolar protein"
"Rpia",0.0102415426294775,0.9204,"6","ribose 5-phosphate isomerase A"
"Ext2",-0.0102312780447598,0.8276,"2","exostosin glycosyltransferase 2"
"Wnt2",0.010229069339923,0.9434,"6","wingless-type MMTV integration site family, member 2"
"Ipo9",0.0102194979121553,0.7978,"1","importin 9"
"Srrm2",-0.0102194501274706,0.954,"17","serine/arginine repetitive matrix 2"
"Adck1",0.0102181255494731,0.7996,"12","aarF domain containing kinase 1"
"Rspry1",-0.0102147812603928,0.8834,"8","ring finger and SPRY domain containing 1"
"Smim8",-0.0102035087148349,0.912,"4","small integral membrane protein 8"
"Srcap",-0.0101829669219375,0.9268,"7","Snf2-related CREBBP activator protein"
"Ubn2",0.0101749916195075,0.948,"6","ubinuclein 2"
"Magoh",-0.0101661332552059,0.9194,"4","mago homolog, exon junction complex core component"
"Trim35",0.0101624596192345,0.8772,"14","tripartite motif-containing 35"
"Pomk",0.0101478887226412,0.8426,"8","protein-O-mannose kinase"
"Cinp",0.0101355825531746,0.8622,"12","cyclin-dependent kinase 2 interacting protein"
"Cog6",0.0101114748599631,0.8766,"3","component of oligomeric golgi complex 6"
"Stxbp2",-0.0101067845563811,0.9386,"8","syntaxin binding protein 2"
"Zfp770",-0.0100976894738354,0.9418,"2","zinc finger protein 770"
"Rnft1",0.0100868882387015,0.9274,"11","ring finger protein, transmembrane 1"
"Fam136a",0.0100825853560433,0.86,"6","family with sequence similarity 136, member A"
"Fam136a",0.0100825853560433,0.86,"6","family with sequence similarity 136, member A"
"Birc2",0.0100820054113759,0.8806,"9","baculoviral IAP repeat-containing 2"
"Mapre2",-0.0100772267138227,0.877,"18","microtubule-associated protein, RP/EB family, member 2"
"Pgf",-0.0100770991502483,0.9178,"12","placental growth factor"
"U2surp",0.0100698078027195,0.9116,"9","U2 snRNP-associated SURP domain containing"
"Trpm7",0.0100588934136123,0.933,"2","transient receptor potential cation channel, subfamily M, member 7"
"Helq",-0.0100515398186065,0.9404,"5","helicase, POLQ-like"
"Nqo2",-0.0100508963289774,0.8622,"13","N-ribosyldihydronicotinamide quinone reductase 2"
"Nsg2",-0.0100461602644319,0.8584,"11","neuron specific gene family member 2"
"Suv39h2",-0.0100306139737181,0.907,"2","suppressor of variegation 3-9 2"
"Kdsr",0.0100291837941766,0.898,"1","3-ketodihydrosphingosine reductase"
"Rcor1",-0.0100271260837674,0.9182,"12","REST corepressor 1"
"Gtf3c1",-0.0100251539598277,0.839,"7","general transcription factor III C 1"
"Rpn1",-0.0100195146899527,0.848,"6","ribophorin I"
"Actr10",0.0099915538984563,0.802,"12","ARP10 actin-related protein 10"
"Tmem39a",-0.00998661742117468,0.9064,"16","transmembrane protein 39a"
"Ncoa1",-0.00998408803243667,0.868,"12","nuclear receptor coactivator 1"
"Slc9a2",-0.00998265717151359,0.9062,"1","solute carrier family 9 (sodium/hydrogen exchanger), member 2"
"Tekt1",-0.00997958270346744,0.9636,"11","tektin 1"
"Pfkp",-0.00997909486921689,0.8142,"13","phosphofructokinase, platelet"
"A430033K04Rik",0.00997607051820415,0.8126,"5","RIKEN cDNA A430033K04 gene"
"Plppr3",0.00996222922507339,0.8744,"10","phospholipid phosphatase related 3"
"Dpysl2",-0.00996021575491657,0.9358,"14","dihydropyrimidinase-like 2"
"Cdk5rap1",0.00995859628029949,0.8972,"2","CDK5 regulatory subunit associated protein 1"
"Tyro3",-0.00995238076219884,0.8908,"2","TYRO3 protein tyrosine kinase 3"
"Timm10b",0.00994387911921901,0.9366,"7","translocase of inner mitochondrial membrane 10B"
"Pou2f1",0.0099397196669484,0.9354,"1","POU domain, class 2, transcription factor 1"
"Gem",0.00993802349353667,0.9384,"4","GTP binding protein (gene overexpressed in skeletal muscle)"
"Acad8",0.00993459053525214,0.838,"9","acyl-Coenzyme A dehydrogenase family, member 8"
"Ap2a2",0.00992790485948714,0.864,"7","adaptor-related protein complex 2, alpha 2 subunit"
"Cox10",0.00991444218158577,0.8302,"11","heme A:farnesyltransferase cytochrome c oxidase assembly factor 10"
"Rpl17",0.00990552967097358,0.9472,"18","ribosomal protein L17"
"Snapc1",0.00989412977727522,0.8468,"12","small nuclear RNA activating complex, polypeptide 1"
"Capn5",0.00989381956268787,0.8444,"7","calpain 5"
"Dmtf1",-0.00987029395383665,0.9354,"5","cyclin D binding myb like transcription factor 1"
"Jam2",-0.00985822164853456,0.8544,"16","junction adhesion molecule 2"
"Ncoa7",-0.00985169929211516,0.9292,"10","nuclear receptor coactivator 7"
"Aldh1l2",-0.00984757840069905,0.9008,"10","aldehyde dehydrogenase 1 family, member L2"
"Leng8",-0.00984489752827677,0.9612,"7","leukocyte receptor cluster (LRC) member 8"
"Arpc2",0.00983896553274022,0.8528,"1","actin related protein 2/3 complex, subunit 2"
"Cic",0.00983261022322424,0.856,"7","capicua transcriptional repressor"
"Rab5b",-0.00983147662759798,0.799,"10","RAB5B, member RAS oncogene family"
"Acot9",-0.00982953033034883,0.87,"X","acyl-CoA thioesterase 9"
"Nr2c2",0.00980636253051248,0.953,"6","nuclear receptor subfamily 2, group C, member 2"
"Tsc1",0.00980327280927806,0.9186,"2","TSC complex subunit 1"
"Hsd17b4",0.00980285205533704,0.8738,"18","hydroxysteroid (17-beta) dehydrogenase 4"
"Fgf14",-0.00979709961829034,0.9484,"14","fibroblast growth factor 14"
"Gnb5",-0.00978791841020232,0.8822,"9","guanine nucleotide binding protein (G protein), beta 5"
"Sh3gl2",0.00978219479878195,0.8764,"4","SH3-domain GRB2-like 2"
"Tiam1",0.00977625547853034,0.92,"16","T cell lymphoma invasion and metastasis 1"
"Dcaf7",0.00977606604824643,0.8418,"11","DDB1 and CUL4 associated factor 7"
"Kcnj10",0.00976790503477787,0.8914,"1","potassium inwardly-rectifying channel, subfamily J, member 10"
"Crebzf",0.0097668386769465,0.9246,"7","CREB/ATF bZIP transcription factor"
"Rpp38",-0.00976532985955281,0.9384,"2","ribonuclease P/MRP 38 subunit"
"Dok5",0.00976035929394348,0.923,"2","docking protein 5"
"Mapt",0.00975041105616725,0.8156,"11","microtubule-associated protein tau"
"Ube2k",0.00974984134610679,0.7978,"5","ubiquitin-conjugating enzyme E2K"
"Zfp111",-0.00974039019137463,0.8954,"7","zinc finger protein 111"
"Lrwd1",0.00973556000922393,0.9122,"5","leucine-rich repeats and WD repeat domain containing 1"
"Eif4e2",-0.00973364981874081,0.7586,"1","eukaryotic translation initiation factor 4E member 2"
"Utp3",0.00972320539895399,0.8754,"5","UTP3 small subunit processome component"
"Cyp2j6",0.00972229628767174,0.8474,"4","cytochrome P450, family 2, subfamily j, polypeptide 6"
"Abat",-0.00972212677010376,0.8364,"16","4-aminobutyrate aminotransferase"
"Fyttd1",0.00972207719423057,0.8394,"16","forty-two-three domain containing 1"
"Slc35a2",-0.0097123761430673,0.8668,"X","solute carrier family 35 (UDP-galactose transporter), member A2"
"Zfp13",-0.00969594664979923,0.899,"17","zinc finger protein 13"
"Nrf1",0.00967983554202245,0.9004,"6","nuclear respiratory factor 1"
"Matr3",-0.00967650464502334,0.9404,"18","matrin 3"
"Gpalpp1",-0.00967345530373276,0.943,"14","GPALPP motifs containing 1"
"Mink1",-0.00967146864637947,0.8516,"11","misshapen-like kinase 1 (zebrafish)"
"Coq6",0.00966658423302791,0.8818,"12","coenzyme Q6 monooxygenase"
"Adi1",0.00966211855253452,0.95,"12","acireductone dioxygenase 1"
"Slc37a3",0.00966209352757019,0.7268,"6","solute carrier family 37 (glycerol-3-phosphate transporter), member 3"
"Acadsb",0.0096598655021829,0.8136,"7","acyl-Coenzyme A dehydrogenase, short/branched chain"
"Raf1",-0.00965623104971502,0.8074,"6","v-raf-leukemia viral oncogene 1"
"N4bp2l2",0.00965026295964044,0.928,"5","NEDD4 binding protein 2-like 2"
"Map3k11",0.00963579835465822,0.9166,"19","mitogen-activated protein kinase kinase kinase 11"
"Ube2g2",0.00963567765761386,0.892,"10","ubiquitin-conjugating enzyme E2G 2"
"Tubb2b",0.00962391638379501,0.9186,"13","tubulin, beta 2B class IIB"
"Ccdc32",0.00962237074195915,0.9004,"2","coiled-coil domain containing 32"
"Tra2a",-0.00962225605370737,0.93,"6","transformer 2 alpha"
"Sorbs1",-0.00962060050519842,0.8762,"19","sorbin and SH3 domain containing 1"
"Nrd1",0.00961245841927827,0.843,"4","nardilysin, N-arginine dibasic convertase, NRD convertase 1"
"Ube2d2a",0.00960991985698278,0.813,"18","ubiquitin-conjugating enzyme E2D 2A"
"Lypla1",-0.00960545147731207,0.9336,"1","lysophospholipase 1"
"Pex1",-0.00960187479171193,0.9004,"5","peroxisomal biogenesis factor 1"
"Kirrel2",-0.00959903559538988,0.918,"7","kirre like nephrin family adhesion molecule 2"
"Gk",0.00958943666737966,0.9364,"X","glycerol kinase"
"Rmnd5a",0.00958205439448889,0.8714,"6","required for meiotic nuclear division 5 homolog A"
"Hook2",0.00956902089009937,0.9376,"8","hook microtubule tethering protein 2"
"Zfp605",-0.00956292807713854,0.956,"5","zinc finger protein 605"
"Rnf166",0.00955656550667783,0.9302,"8","ring finger protein 166"
"Degs1",-0.00954742914636775,0.8992,"1","delta(4)-desaturase, sphingolipid 1"
"1700001L19Rik",0.00954480249586442,0.93,"13","RIKEN cDNA 1700001L19 gene"
"Rad23a",-0.00954112119550743,0.875,"8","RAD23 homolog A, nucleotide excision repair protein"
"Kif1a",0.00953683673644257,0.8596,"1","kinesin family member 1A"
"Rtn4ip1",-0.00953677596933522,0.8516,"10","reticulon 4 interacting protein 1"
"Fbxl18",0.00953476443881307,0.935,"5","F-box and leucine-rich repeat protein 18"
"Stx6",0.00953442259120418,0.8948,"1","syntaxin 6"
"Ttpal",0.00953279616190716,0.8722,"2","tocopherol (alpha) transfer protein-like"
"Zfp84",-0.00952545531425919,0.9016,"7","zinc finger protein 84"
"Zfp141",-0.00951928293686555,0.8992,"7","zinc finger protein 141"
"Spg11",-0.00951852407429499,0.9256,"2","SPG11, spatacsin vesicle trafficking associated"
"Pias4",0.00951230945840642,0.8552,"10","protein inhibitor of activated STAT 4"
"Efemp2",0.00950910524416582,0.91,"19","epidermal growth factor-containing fibulin-like extracellular matrix protein 2"
"Ndufa1",0.00950547164972804,0.9192,"X","NADH:ubiquinone oxidoreductase subunit A1"
"Alyref",-0.00950388423321158,0.8718,"11","Aly/REF export factor"
"Sh3bgrl2",-0.00950089207629645,0.938,"9","SH3 domain binding glutamic acid-rich protein like 2"
"Sccpdh",0.00948440608095602,0.8978,"1","saccharopine dehydrogenase (putative)"
"Slc24a2",-0.00948377744288997,0.9418,"4","solute carrier family 24 (sodium/potassium/calcium exchanger), member 2"
"Cacfd1",-0.0094791130824996,0.8772,"2","calcium channel flower domain containing 1"
"Ppp1r32",-0.0094690554003336,0.9634,"19","protein phosphatase 1, regulatory subunit 32"
"Ndrg1",-0.00946874104100281,0.9464,"15","N-myc downstream regulated gene 1"
"Iws1",0.00946759356593763,0.9242,"18","IWS1, SUPT6 interacting protein"
"Rcl1",-0.00946191591855738,0.8858,"19","RNA terminal phosphate cyclase-like 1"
"Ccnk",-0.00945948031321642,0.828,"12","cyclin K"
"Plpp5",0.00945597500047679,0.8768,"8","phospholipid phosphatase 5"
"Ubash3b",-0.00945180079676167,0.9438,"9","ubiquitin associated and SH3 domain containing, B"
"Ubr3",-0.00945107659629851,0.9492,"2","ubiquitin protein ligase E3 component n-recognin 3"
"Klhl13",0.00945046208984479,0.9414,"X","kelch-like 13"
"Bbs9",0.00943958571123371,0.9004,"9","Bardet-Biedl syndrome 9 (human)"
"Ss18l1",0.00943646889052552,0.828,"2","SS18, nBAF chromatin remodeling complex subunit like 1"
"Wdr82",0.00943371828849759,0.7908,"9","WD repeat domain containing 82"
"Psd2",0.00941915853900444,0.9288,"18","pleckstrin and Sec7 domain containing 2"
"Ormdl3",-0.00941757308773816,0.896,"11","ORM1-like 3 (S. cerevisiae)"
"Mecp2",0.00941716184947783,0.8952,"X","methyl CpG binding protein 2"
"Mdh1",0.00940604729365191,0.869,"11","malate dehydrogenase 1, NAD (soluble)"
"Gjc3",0.0094007091080206,0.9338,"5","gap junction protein, gamma 3"
"Snhg17",0.00939433440070614,0.9406,"2","small nucleolar RNA host gene 17"
"Acp2",0.00938626019739086,0.7776,"2","acid phosphatase 2, lysosomal"
"Kin",0.00936724916807607,0.8912,"2","Kin17 DNA and RNA binding protein"
"Ptpn12",-0.00936371367698463,0.921,"5","protein tyrosine phosphatase, non-receptor type 12"
"Trim24",0.00936327943728354,0.8672,"6","tripartite motif-containing 24"
"Cct2",0.00936294637527002,0.8652,"10","chaperonin containing Tcp1, subunit 2 (beta)"
"Fbxo34",0.00935894825148242,0.9484,"14","F-box protein 34"
"Scaf11",-0.00935886478276693,0.9148,"15","SR-related CTD-associated factor 11"
"Mrps17",-0.00935517473791148,0.8746,"5","mitochondrial ribosomal protein S17"
"Carmil3",-0.00935066782458627,0.9468,"14","capping protein regulator and myosin 1 linker 3"
"Tia1",0.00934747726537744,0.929,"6","cytotoxic granule-associated RNA binding protein 1"
"Mtf1",0.00934620920203155,0.8896,"4","metal response element binding transcription factor 1"
"Dhx37",-0.00933671835283834,0.8856,"5","DEAH (Asp-Glu-Ala-His) box polypeptide 37"
"Wdr55",0.0093300903476603,0.8754,"18","WD repeat domain 55"
"Rassf2",-0.00932752632248324,0.9082,"2","Ras association (RalGDS/AF-6) domain family member 2"
"Camta1",0.0093248978937126,0.895,"4","calmodulin binding transcription activator 1"
"Ralgapb",0.00931176664145639,0.9052,"2","Ral GTPase activating protein, beta subunit (non-catalytic)"
"Pde7b",0.00930377379348535,0.8908,"10","phosphodiesterase 7B"
"Hectd4",0.00929653994901436,0.9314,"5","HECT domain E3 ubiquitin protein ligase 4"
"Rtl8c",0.00929033890459241,0.931,"X","retrotransposon Gag like 8C"
"Map6",0.00928381457958238,0.7788,"7","microtubule-associated protein 6"
"Klf16",0.00927481282641196,0.9088,"10","Kruppel-like factor 16"
"Hspa2",-0.00927411474494821,0.8706,"12","heat shock protein 2"
"Ipo8",-0.00926291470988261,0.8892,"6","importin 8"
"Ppib",-0.00926039058075023,0.8242,"9","peptidylprolyl isomerase B"
"Zfp708",-0.00925994706044042,0.8926,"13","zinc finger protein 708"
"Nrbp2",-0.00924170463729901,0.9358,"15","nuclear receptor binding protein 2"
"Fer1l5",0.00924167069721538,0.9004,"1","fer-1-like 5 (C. elegans)"
"Hps5",0.00924073296013184,0.926,"7","HPS5, biogenesis of lysosomal organelles complex 2 subunit 2"
"Ndufaf6",0.00923729276297403,0.9142,"4","NADH:ubiquinone oxidoreductase complex assembly factor 6"
"Ercc4",-0.00923405119111553,0.814,"16","excision repair cross-complementing rodent repair deficiency, complementation group 4"
"Pced1b",-0.00923346254457602,0.948,"15","PC-esterase domain containing 1B"
"Col7a1",-0.00923264436010918,0.9596,"9","collagen, type VII, alpha 1"
"Rtn4rl1",-0.00921964468663372,0.814,"11","reticulon 4 receptor-like 1"
"Wscd1",0.00920913413607671,0.9064,"11","WSC domain containing 1"
"Pcyt1b",-0.00920747876408434,0.8056,"X","phosphate cytidylyltransferase 1, choline, beta isoform"
"Dcun1d1",0.00920367888991525,0.8532,"3","DCN1, defective in cullin neddylation 1, domain containing 1 (S. cerevisiae)"
"E130311K13Rik",-0.00919828446229998,0.906,"3","RIKEN cDNA E130311K13 gene"
"Smarcc1",-0.00919341284535946,0.8184,"9","SWI/SNF related, matrix associated, actin dependent regulator of chromatin, subfamily c, member 1"
"Rexo1",0.00918490225275725,0.8312,"10","REX1, RNA exonuclease 1"
"Cacna2d1",-0.00918431726378,0.8924,"5","calcium channel, voltage-dependent, alpha2/delta subunit 1"
"Schip1",0.00918255061345574,0.9548,"3","schwannomin interacting protein 1"
"Tgfbrap1",-0.00917736508340905,0.785,"1","transforming growth factor, beta receptor associated protein 1"
"Klhl8",0.00917388163148747,0.8736,"5","kelch-like 8"
"Aspa",-0.00917311193190162,0.9552,"11","aspartoacylase"
"Zfp518b",-0.00917019853000323,0.926,"5","zinc finger protein 518B"
"Ccdc25",0.00916535130732044,0.8506,"14","coiled-coil domain containing 25"
"Tfam",0.0091646532508749,0.8098,"10","transcription factor A, mitochondrial"
"Plcb3",-0.00916386672731218,0.863,"19","phospholipase C, beta 3"
"Ubap1",-0.00916269439879613,0.8402,"4","ubiquitin-associated protein 1"
"Tomm34",0.00915991058137688,0.9222,"2","translocase of outer mitochondrial membrane 34"
"Ppih",-0.00914827441458987,0.9266,"4","peptidyl prolyl isomerase H"
"Tmem44",-0.00914710969791521,0.9106,"16","transmembrane protein 44"
"Traf2",-0.00914005194125167,0.86,"2","TNF receptor-associated factor 2"
"Pcmtd2",0.00913512478979417,0.931,"2","protein-L-isoaspartate (D-aspartate) O-methyltransferase domain containing 2"
"Nudt21",-0.00912746009757415,0.9364,"8","nudix (nucleoside diphosphate linked moiety X)-type motif 21"
"Kpna1",-0.00911937368065363,0.9498,"16","karyopherin (importin) alpha 1"
"Pex19",-0.00911896358538833,0.8526,"1","peroxisomal biogenesis factor 19"
"Abhd14a",-0.0091184344623656,0.947,"9","abhydrolase domain containing 14A"
"Hipk1",-0.00911582413411249,0.8774,"3","homeodomain interacting protein kinase 1"
"Coil",0.00911529845712922,0.8526,"11","coilin"
"Tcp11l2",0.00911219468895208,0.8814,"10","t-complex 11 (mouse) like 2"
"Srcin1",0.00910855857673276,0.8652,"11","SRC kinase signaling inhibitor 1"
"Naa16",-0.00910355675437691,0.9198,"14","N(alpha)-acetyltransferase 16, NatA auxiliary subunit"
"Med9",0.00910066579792446,0.9096,"11","mediator complex subunit 9"
"Ist1",-0.00909910733215025,0.84,"8","increased sodium tolerance 1 homolog (yeast)"
"Hnrnpul2",-0.00909256285496518,0.8434,"19","heterogeneous nuclear ribonucleoprotein U-like 2"
"Erbb3",0.00908638538248674,0.9422,"10","erb-b2 receptor tyrosine kinase 3"
"Phf7",-0.00908634008538844,0.9304,"14","PHD finger protein 7"
"Mosmo",0.00907441919431662,0.9566,"7","modulator of smoothened"
"Prrt3",-0.00906992686951824,0.8898,"6","proline-rich transmembrane protein 3"
"Aldh7a1",-0.00906906878069424,0.8816,"18","aldehyde dehydrogenase family 7, member A1"
"Rab43",0.00906465575538995,0.8394,"6","RAB43, member RAS oncogene family"
"Polm",-0.00906363068254068,0.9382,"11","polymerase (DNA directed), mu"
"Ercc6l2",-0.00904454325696324,0.9284,"13","excision repair cross-complementing rodent repair deficiency, complementation group 6 like 2"
"Prpf38b",-0.00904135061223599,0.924,"3","PRP38 pre-mRNA processing factor 38 (yeast) domain containing B"
"Reps1",-0.00903487590503804,0.8586,"10","RalBP1 associated Eps domain containing protein"
"Cdk11b",0.00903188114307163,0.8628,"4","cyclin-dependent kinase 11B"
"Ubxn4",-0.00902437462929306,0.7334,"1","UBX domain protein 4"
"Msi2",-0.00901282871798248,0.8726,"11","musashi RNA-binding protein 2"
"Gpc5",0.00900073668023627,0.897,"14","glypican 5"
"Ywhaq",-0.00900055708914582,0.886,"12","tyrosine 3-monooxygenase/tryptophan 5-monooxygenase activation protein theta"
"Mfsd11",0.00900011476323126,0.8614,"11","major facilitator superfamily domain containing 11"
"Nxf1",0.00899613908256836,0.9258,"19","nuclear RNA export factor 1"
"9930021J03Rik",0.00899219460708789,0.945,"19","RIKEN cDNA 9930021J03 gene"
"Slc2a3",0.00898861172651788,0.81,"6","solute carrier family 2 (facilitated glucose transporter), member 3"
"Osbpl10",-0.00898529465529219,0.8752,"9","oxysterol binding protein-like 10"
"Rlim",0.00897456138040642,0.7876,"X","ring finger protein, LIM domain interacting"
"Rbm41",-0.00897435583220219,0.9294,"X","RNA binding motif protein 41"
"Cyth2",0.0089617551108967,0.8666,"7","cytohesin 2"
"Sec62",0.00895814464084221,0.8472,"3","SEC62 homolog (S. cerevisiae)"
"Ganab",-0.00895542450812403,0.748,"19","alpha glucosidase 2 alpha neutral subunit"
"Fndc3b",-0.00894355884806286,0.9428,"3","fibronectin type III domain containing 3B"
"Slc35f1",0.00893868704147671,0.9082,"10","solute carrier family 35, member F1"
"Ddx28",0.00893247626144422,0.8978,"8","DEAD box helicase 28"
"Atp6v1a",-0.00891653976972684,0.9498,"16","ATPase, H+ transporting, lysosomal V1 subunit A"
"Zhx1",-0.00891598607651023,0.9108,"15","zinc fingers and homeoboxes 1"
"Gpr137c",-0.00891472512645031,0.9604,"14","G protein-coupled receptor 137C"
"Tmem127",0.00890395613902673,0.8574,"2","transmembrane protein 127"
"Ppp2r2a",-0.00889570395529127,0.8956,"14","protein phosphatase 2, regulatory subunit B, alpha"
"Prkcg",-0.0088947657931584,0.9378,"7","protein kinase C, gamma"
"Mettl17",0.00888730762425372,0.9344,"14","methyltransferase like 17"
"Col11a2",-0.00888625699218171,0.9364,"17","collagen, type XI, alpha 2"
"Maip1",0.00888593681624616,0.8784,"1","matrix AAA peptidase interacting protein 1"
"Khnyn",0.00887943874259101,0.9074,"14","KH and NYN domain containing"
"Ldha",0.00887125005585965,0.878,"7","lactate dehydrogenase A"
"Vamp2",0.00886910281127307,0.853,"11","vesicle-associated membrane protein 2"
"Prox2",-0.00886480918468591,0.9638,"12","prospero homeobox 2"
"Rassf8",0.00886087036570959,0.9152,"6","Ras association (RalGDS/AF-6) domain family (N-terminal) member 8"
"Hipk4",-0.00885763677858442,0.9252,"7","homeodomain interacting protein kinase 4"
"Eif6",0.00884475887911229,0.94,"2","eukaryotic translation initiation factor 6"
"Anks1b",-0.00884343899371132,0.8986,"10","ankyrin repeat and sterile alpha motif domain containing 1B"
"Ankrd44",0.00883970126019129,0.9416,"1","ankyrin repeat domain 44"
"Ift57",-0.00883581166226755,0.853,"16","intraflagellar transport 57"
"Lars",0.00882195823607823,0.8776,"18","leucyl-tRNA synthetase"
"Inpp5b",0.00881654535014498,0.9058,"4","inositol polyphosphate-5-phosphatase B"
"Ociad1",0.00881092839599518,0.847,"5","OCIA domain containing 1"
"Ppp1r9a",-0.00880297382798823,0.9054,"6","protein phosphatase 1, regulatory subunit 9A"
"Chn1os3",-0.00879280356882495,0.9718,"2","chimerin 1, opposite strand 3"
"Fam168b",0.00878703321215646,0.7974,"1","family with sequence similarity 168, member B"
"Ebna1bp2",0.00877321756694727,0.753,"4","EBNA1 binding protein 2"
"Copa",-0.0087708345281019,0.8106,"1","coatomer protein complex subunit alpha"
"Strbp",0.00876588109166487,0.908,"2","spermatid perinuclear RNA binding protein"
"Sbno1",0.0087627192548414,0.8804,"5","strawberry notch 1"
"Depdc5",-0.00876142853488648,0.8932,"5","DEP domain containing 5"
"Gabra5",0.00875883691776291,0.8926,"7","gamma-aminobutyric acid (GABA) A receptor, subunit alpha 5"
"Ap1g1",-0.00875447961522191,0.906,"8","adaptor protein complex AP-1, gamma 1 subunit"
"Lsm14a",0.00875037670615075,0.8996,"7","LSM14A mRNA processing body assembly factor"
"Lrrc3",-0.00874967495154944,0.9698,"10","leucine rich repeat containing 3"
"Zfp949",0.0087407348001225,0.8888,"9","zinc finger protein 949"
"Tmem184b",-0.00873142822550577,0.8106,"15","transmembrane protein 184b"
"Stx8",0.00872760919789606,0.933,"11","syntaxin 8"
"Gspt1",-0.00872445477516504,0.9158,"16","G1 to S phase transition 1"
"Daxx",0.00872136648752164,0.8844,"17","Fas death domain-associated protein"
"Ggnbp2",0.00871484133428435,0.8698,"11","gametogenetin binding protein 2"
"Mta3",-0.00870957678432926,0.8892,"17","metastasis associated 3"
"Aox1",-0.00870630741012368,0.954,"1","aldehyde oxidase 1"
"Yju2",-0.00870459438702076,0.887,"17","YJU2 splicing factor"
"Poldip3",-0.00870252917206038,0.8836,"15","polymerase (DNA-directed), delta interacting protein 3"
"Cab39",0.00869757172622521,0.8798,"1","calcium binding protein 39"
"Sncb",0.00869520784472577,0.947,"13","synuclein, beta"
"Cadm1",-0.00869154230782865,0.887,"9","cell adhesion molecule 1"
"Cnrip1",0.00868464783030021,0.9074,"11","cannabinoid receptor interacting protein 1"
"Myorg",-0.00868445306141652,0.8882,"4","myogenesis regulating glycosidase (putative)"
"Ubfd1",-0.00868431497062971,0.8832,"7","ubiquitin family domain containing 1"
"Lsm14b",-0.00865765225714821,0.7888,"2","LSM family member 14B"
"Ccdc97",-0.00865534719156802,0.879,"7","coiled-coil domain containing 97"
"Slc35e2",-0.00865426443494055,0.9066,"4","solute carrier family 35, member E2"
"Spcs2",0.0086506667074655,0.9172,"7","signal peptidase complex subunit 2 homolog (S. cerevisiae)"
"Basp1",-0.00863300261321243,0.8828,"15","brain abundant, membrane attached signal protein 1"
"Wdr54",0.0086295603098292,0.9034,"6","WD repeat domain 54"
"Urgcp",-0.00862314439115419,0.8888,"11","upregulator of cell proliferation"
"Bcl11a",0.00861919562439972,0.852,"11","B cell CLL/lymphoma 11A (zinc finger protein)"
"Hdhd5",0.00861853899813969,0.932,"6","haloacid dehalogenase like hydrolase domain containing 5"
"Sec16a",0.00861480932888004,0.9286,"2","SEC16 homolog A, endoplasmic reticulum export factor"
"Zbed6",-0.00860844395993654,0.9784,"1","zinc finger, BED type containing 6"
"Ccng2",-0.00860159171996777,0.9558,"5","cyclin G2"
"Ltbp1",-0.00860146280369012,0.9272,"17","latent transforming growth factor beta binding protein 1"
"Rbak",-0.00856891938784399,0.867,"5","RB-associated KRAB zinc finger"
"Luzp1",-0.00856637304686814,0.9392,"4","leucine zipper protein 1"
"C130071C03Rik",0.00855851148723552,0.9124,"13","RIKEN cDNA C130071C03 gene"
"Srsf7",0.00855717957601421,0.8908,"17","serine and arginine-rich splicing factor 7"
"Mrm1",-0.00855376592324975,0.933,"11","mitochondrial rRNA methyltransferase 1"
"Sp3os",-0.00854000555451462,0.9408,"2","trans-acting transcription factor 3, opposite strand"
"Cep135",-0.00853250508920267,0.95,"5","centrosomal protein 135"
"Wdr20",-0.00852356645022301,0.899,"12","WD repeat domain 20"
"Tiam2",-0.0085164157762545,0.9302,"17","T cell lymphoma invasion and metastasis 2"
"Dpagt1",0.00849483454063815,0.8808,"9","dolichyl-phosphate N-acetylglucosaminephosphotransferase 1"
"Gltp",0.00849350453026965,0.9502,"5","glycolipid transfer protein"
"Ptpra",0.00848340089436395,0.9012,"2","protein tyrosine phosphatase, receptor type, A"
"Mettl9",0.00847978831666385,0.905,"7","methyltransferase like 9"
"Slc24a3",0.00847795755828962,0.8758,"2","solute carrier family 24 (sodium/potassium/calcium exchanger), member 3"
"Hnrnpd",0.00847633496195943,0.876,"5","heterogeneous nuclear ribonucleoprotein D"
"Cadm3",0.00847222933929537,0.844,"1","cell adhesion molecule 3"
"Adcy6",-0.00846721438730835,0.9476,"15","adenylate cyclase 6"
"Slc9a7",0.0084531884679464,0.9298,"X","solute carrier family 9 (sodium/hydrogen exchanger), member 7"
"Unc119b",0.00844538162883612,0.9036,"5","unc-119 lipid binding chaperone B"
"Rsrc2",0.00844371280471545,0.8844,"5","arginine/serine-rich coiled-coil 2"
"Pnpla3",0.00844170979196246,0.9702,"15","patatin-like phospholipase domain containing 3"
"Vhl",0.00843436354632043,0.8604,"6","von Hippel-Lindau tumor suppressor"
"Npepps",-0.0084288171963518,0.8756,"11","aminopeptidase puromycin sensitive"
"Mtmr4",-0.00842261703943681,0.9068,"11","myotubularin related protein 4"
"Tmtc4",-0.00842152440973543,0.9412,"14","transmembrane and tetratricopeptide repeat containing 4"
"E130307A14Rik",0.00842014108356448,0.9394,"10","RIKEN cDNA E130307A14 gene"
"Imp3",0.00841827920823413,0.9398,"9","IMP3, U3 small nucleolar ribonucleoprotein"
"Cflar",0.00841752528696382,0.9106,"1","CASP8 and FADD-like apoptosis regulator"
"Gabrd",0.00841724157656376,0.937,"4","gamma-aminobutyric acid (GABA) A receptor, subunit delta"
"2810013P06Rik",0.00841229288901868,0.9082,"8","RIKEN cDNA 2810013P06 gene"
"Smc6",-0.00841010343668369,0.9106,"12","structural maintenance of chromosomes 6"
"Rtn1",-0.00840997943312871,0.8816,"12","reticulon 1"
"Tcerg1",0.00840807660060161,0.9408,"18","transcription elongation regulator 1 (CA150)"
"1810013L24Rik",0.00840456801366241,0.8836,"16","RIKEN cDNA 1810013L24 gene"
"Chpf",0.00839218037378053,0.9018,"1","chondroitin polymerizing factor"
"Unc5a",-0.00839094360772474,0.8972,"13","unc-5 netrin receptor A"
"Zc3h11a",-0.00838954564483707,0.9532,"1","zinc finger CCCH type containing 11A"
"Lfng",0.0083856054039817,0.934,"5","LFNG O-fucosylpeptide 3-beta-N-acetylglucosaminyltransferase"
"Phc3",-0.00838127272415257,0.9442,"3","polyhomeotic 3"
"Engase",0.00837799438826137,0.9228,"11","endo-beta-N-acetylglucosaminidase"
"Utp6",0.00837128018081135,0.8504,"11","UTP6 small subunit processome component"
"Zswim8",0.00836976590498217,0.9312,"14","zinc finger SWIM-type containing 8"
"Smu1",-0.0083651166332972,0.8486,"4","smu-1 suppressor of mec-8 and unc-52 homolog (C. elegans)"
"G3bp1",-0.00836298206522113,0.8306,"11","GTPase activating protein (SH3 domain) binding protein 1"
"Ppp1r3f",0.0083493541220534,0.8678,"X","protein phosphatase 1, regulatory subunit 3F"
"Ttc28",-0.00833755916912615,0.9026,"5","tetratricopeptide repeat domain 28"
"Suco",0.00833427202137749,0.896,"1","SUN domain containing ossification factor"
"Mettl7a1",-0.00832187321626598,0.9234,"15","methyltransferase like 7A1"
"Cnnm4",-0.00831979213682743,0.9,"1","cyclin M4"
"Rnf41",0.00831758684026518,0.858,"10","ring finger protein 41"
"Aebp2",-0.00830991516412372,0.8778,"6","AE binding protein 2"
"Gatad2a",0.00830286410668357,0.8648,"8","GATA zinc finger domain containing 2A"
"Ppp1r1b",-0.00830136627679767,0.9486,"11","protein phosphatase 1, regulatory inhibitor subunit 1B"
"Gask1a",-0.00829943816446255,0.9496,"9","golgi associated kinase 1A"
"Gtf3c6",0.00829137498268473,0.929,"10","general transcription factor IIIC, polypeptide 6, alpha"
"Inafm1",0.00828582556036306,0.9008,"7","InaF motif containing 1"
"Chsy1",0.00828065183300053,0.8868,"7","chondroitin sulfate synthase 1"
"Yipf1",0.00827093601456497,0.9108,"4","Yip1 domain family, member 1"
"Kansl1",0.00826598450500615,0.8918,"11","KAT8 regulatory NSL complex subunit 1"
"Gm7694",-0.00826252529973592,0.9498,"1","predicted gene 7694"
"Gng5",-0.00826123097575726,0.947,"3","G protein subunit gamma 5"
"Tmem259",0.00825827114900157,0.916,"10","transmembrane protein 259"
"Uevld",-0.00824123179316549,0.9356,"7","UEV and lactate/malate dehyrogenase domains"
"Ccdc112",0.00823416743825867,0.9424,"18","coiled-coil domain containing 112"
"Gon4l",-0.00823375877617227,0.9252,"3","gon-4-like (C.elegans)"
"Grin2a",-0.00823168475706382,0.9212,"16","glutamate receptor, ionotropic, NMDA2A (epsilon 1)"
"Dnmt1",-0.00821796465437874,0.8828,"9","DNA methyltransferase (cytosine-5) 1"
"Fam222b",0.00820663574583413,0.8292,"11","family with sequence similarity 222, member B"
"Ina",0.00820425712185546,0.9062,"19","internexin neuronal intermediate filament protein, alpha"
"Prdx6",-0.00820399346379208,0.9416,"1","peroxiredoxin 6"
"Commd10",-0.00820331794273255,0.8894,"18","COMM domain containing 10"
"Utp4",-0.0081988794690675,0.881,"8","UTP4 small subunit processome component"
"Vamp4",0.00819191596920987,0.8656,"1","vesicle-associated membrane protein 4"
"Abhd6",-0.00817945059419678,0.8694,"14","abhydrolase domain containing 6"
"Pde4d",-0.00817085375551851,0.912,"13","phosphodiesterase 4D, cAMP specific"
"Zfp955a",-0.00817084910527655,0.9486,"17","zinc finger protein 955A"
"Tmem167b",-0.00817020492819864,0.8614,"3","transmembrane protein 167B"
"Trp53bp2",0.0081652983596614,0.8786,"1","transformation related protein 53 binding protein 2"
"Vps51",0.0081618256076279,0.8918,"19","VPS51 GARP complex subunit"
"Zfp638",0.0081563685789785,0.8986,"6","zinc finger protein 638"
"Pde4dip",0.00815287259499087,0.923,"3","phosphodiesterase 4D interacting protein (myomegalin)"
"Prmt3",0.00814275299336931,0.8734,"7","protein arginine N-methyltransferase 3"
"Prpf40b",0.00813725645783592,0.9302,"15","pre-mRNA processing factor 40B"
"Cacybp",-0.00813077013155894,0.9166,"1","calcyclin binding protein"
"Ubl7",0.00813013223600922,0.9272,"9","ubiquitin-like 7 (bone marrow stromal cell-derived)"
"Tbcd",0.00811999202683999,0.8844,"11","tubulin-specific chaperone d"
"Ltn1",-0.00811761794750243,0.9394,"16","listerin E3 ubiquitin protein ligase 1"
"Pde1a",0.00810960999805488,0.9332,"2","phosphodiesterase 1A, calmodulin-dependent"
"Cdr1os",0.0081085485608936,0.95,"X","cerebellar degeneration related antigen 1, opposite strand"
"Slc25a19",0.00809687765906375,0.899,"11","solute carrier family 25 (mitochondrial thiamine pyrophosphate carrier), member 19"
"Poglut1",-0.00809529598685454,0.8796,"16","protein O-glucosyltransferase 1"
"Dhcr7",-0.00809472019410595,0.8606,"7","7-dehydrocholesterol reductase"
"Phka2",-0.00807869756835622,0.9472,"X","phosphorylase kinase alpha 2"
"Tspan15",-0.00807700296355573,0.9432,"10","tetraspanin 15"
"F3",0.0080715028370566,0.9106,"3","coagulation factor III"
"Fpgt",-0.00805701824774907,0.9508,"3","fucose-1-phosphate guanylyltransferase"
"Cln6",0.0080531202564238,0.9414,"9","ceroid-lipofuscinosis, neuronal 6"
"Mrps16",0.0080529086903276,0.9482,"14","mitochondrial ribosomal protein S16"
"Tmem248",-0.0080458110264674,0.8468,"5","transmembrane protein 248"
"Tpst1",0.00804495530256233,0.8902,"5","protein-tyrosine sulfotransferase 1"
"Slc6a11",0.00803106356979733,0.8914,"6","solute carrier family 6 (neurotransmitter transporter, GABA), member 11"
"Ap5z1",-0.00802680208402329,0.943,"5","adaptor-related protein complex 5, zeta 1 subunit"
"Zfp3",-0.00802638643686038,0.876,"11","zinc finger protein 3"
"Fam3a",0.00802618979576497,0.906,"X","FAM3 metabolism regulating signaling molecule A"
"Dlgap4",0.00802064706060612,0.9052,"2","DLG associated protein 4"
"Ttc13",0.0080136971017577,0.895,"8","tetratricopeptide repeat domain 13"
"Erlin2",0.00801257859927684,0.8894,"8","ER lipid raft associated 2"
"Adam9",0.00799974706920459,0.948,"8","a disintegrin and metallopeptidase domain 9 (meltrin gamma)"
"Cers2",0.00799782609719557,0.94,"3","ceramide synthase 2"
"Cited2",-0.00799648018597132,0.9288,"10","Cbp/p300-interacting transactivator, with Glu/Asp-rich carboxy-terminal domain, 2"
"Vkorc1l1",-0.00799237586265278,0.868,"5","vitamin K epoxide reductase complex, subunit 1-like 1"
"Mre11a",0.00798540909079248,0.9316,"9","MRE11A homolog A, double strand break repair nuclease"
"Adra2c",-0.00798529307981966,0.9528,"5","adrenergic receptor, alpha 2c"
"Pitpnm3",0.00797789126465798,0.8446,"11","PITPNM family member 3"
"Kcnj3",0.00796118717641736,0.9204,"2","potassium inwardly-rectifying channel, subfamily J, member 3"
"Rnf170",-0.00795071611814446,0.8892,"8","ring finger protein 170"
"Srsf6",0.00794661165145616,0.9188,"2","serine and arginine-rich splicing factor 6"
"Zfp846",-0.00794549970132552,0.9276,"9","zinc finger protein 846"
"Kcnc3",0.00794144926981311,0.9362,"7","potassium voltage gated channel, Shaw-related subfamily, member 3"
"Kpna6",0.00793315155211438,0.8848,"4","karyopherin (importin) alpha 6"
"Ctsl",0.0079305791096882,0.9082,"13","cathepsin L"
"U2af2",-0.00792930221048671,0.8484,"7","U2 small nuclear ribonucleoprotein auxiliary factor (U2AF) 2"
"Zswim4",0.00792553700562149,0.896,"8","zinc finger SWIM-type containing 4"
"Setd1a",0.00792472915381204,0.9394,"7","SET domain containing 1A"
"Rbfox2",0.00791555758318907,0.879,"15","RNA binding protein, fox-1 homolog (C. elegans) 2"
"Fam171a2",-0.00789901191680986,0.9172,"11","family with sequence similarity 171, member A2"
"Nup210",-0.00789864817411079,0.9282,"6","nucleoporin 210"
"Rabgap1l",-0.00788809361628307,0.9382,"1","RAB GTPase activating protein 1-like"
"Pou3f2",0.00788468893047778,0.9298,"4","POU domain, class 3, transcription factor 2"
"Zfhx2",0.00787614232900502,0.9618,"14","zinc finger homeobox 2"
"Cbx5",0.00787249885180152,0.859,"15","chromobox 5"
"Samd10",-0.00787130111269008,0.9288,"2","sterile alpha motif domain containing 10"
"Ikbkb",0.00785326287432042,0.9116,"8","inhibitor of kappaB kinase beta"
"Apba1",-0.00785323167947816,0.8746,"19","amyloid beta (A4) precursor protein binding, family  A, member 1"
"Ccdc28a",0.00785213258868911,0.9142,"10","coiled-coil domain containing 28A"
"Bahd1",0.00784889299981106,0.8724,"2","bromo adjacent homology domain containing 1"
"Ccny",0.00783046249563224,0.85,"18","cyclin Y"
"Ado",-0.00782383925520946,0.8876,"10","2-aminoethanethiol (cysteamine) dioxygenase"
"Zfp729b",-0.00782122076742109,0.931,"13","zinc finger protein 729b"
"Rnf2",0.00781131795946433,0.9566,"1","ring finger protein 2"
"Enah",0.00781113675138023,0.8974,"1","ENAH actin regulator"
"Ercc6",-0.00780555128902982,0.9542,"14","excision repair cross-complementing rodent repair deficiency, complementation group 6"
"Marchf6",-0.00780175164374697,0.9394,"15","membrane associated ring-CH-type finger 6"
"Dgkh",-0.00778821974419319,0.9608,"14","diacylglycerol kinase, eta"
"Ccpg1",-0.00778696841626303,0.9134,"9","cell cycle progression 1"
"Thada",-0.00777939384076953,0.9292,"17","thyroid adenoma associated"
"Ramac",0.00776868806568132,0.9226,"7","RNA guanine-7 methyltransferase activating subunit"
"Nosip",0.0077579285626328,0.9236,"7","nitric oxide synthase interacting protein"
"Zfp780b",-0.00775682938923961,0.9454,"7","zinc finger protein 780B"
"Cycs",-0.00775576441123071,0.8802,"6","cytochrome c, somatic"
"Tuba1a",0.00773776136641402,0.901,"15","tubulin, alpha 1A"
"Ube2w",-0.007733321660786,0.9138,"1","ubiquitin-conjugating enzyme E2W (putative)"
"Rttn",0.00773099113604703,0.951,"18","rotatin"
"Fam174a",-0.00772800277574426,0.9172,"1","family with sequence similarity 174, member A"
"Med15",-0.00772022049562704,0.8654,"16","mediator complex subunit 15"
"Ranbp6",-0.0077186841596717,0.9456,"19","RAN binding protein 6"
"Intu",0.00771822840139169,0.951,"3","inturned planar cell polarity protein"
"Fam120a",0.00771633832689655,0.8562,"13","family with sequence similarity 120, member A"
"Dnajb12",-0.00771347034423542,0.8422,"10","DnaJ heat shock protein family (Hsp40) member B12"
"Retreg1",-0.00770493802723937,0.9322,"15","reticulophagy regulator 1"
"Zmat4",-0.00770176848939563,0.945,"8","zinc finger, matrin type 4"
"Mtfp1",0.00769765636509856,0.919,"11","mitochondrial fission process 1"
"Dennd2a",0.00769681323629712,0.8334,"6","DENN/MADD domain containing 2A"
"Csrnp3",-0.00769541535454366,0.9496,"2","cysteine-serine-rich nuclear protein 3"
"Ptcd3",0.00769430153854955,0.8874,"6","pentatricopeptide repeat domain 3"
"Ddr1",0.00769082806963883,0.9276,"17","discoidin domain receptor family, member 1"
"Zfp428",-0.00768982943910856,0.9446,"7","zinc finger protein 428"
"Fam210a",-0.00768956871502624,0.8994,"18","family with sequence similarity 210, member A"
"Lrp6",-0.00768146350312193,0.9252,"6","low density lipoprotein receptor-related protein 6"
"Top3b",0.00768070902190754,0.91,"16","topoisomerase (DNA) III beta"
"Timm29",-0.00767476590197447,0.8746,"9","translocase of inner mitochondrial membrane 29"
"Unc50",-0.00766826344344729,0.924,"1","unc-50 homolog"
"Rab11fip3",0.00766370583242804,0.8656,"17","RAB11 family interacting protein 3 (class II)"
"Aplf",-0.00765870237065869,0.9174,"6","aprataxin and PNKP like factor"
"Tfeb",-0.00765836746654713,0.9462,"17","transcription factor EB"
"Ankle2",0.00765246753256665,0.9142,"5","ankyrin repeat and LEM domain containing 2"
"Nfia",-0.00764492008581463,0.9388,"4","nuclear factor I/A"
"Uprt",0.00764060740786832,0.94,"X","uracil phosphoribosyltransferase"
"Cryz",0.00763845134969898,0.915,"3","crystallin, zeta"
"Dip2b",0.00763755415249001,0.8738,"15","disco interacting protein 2 homolog B"
"Rfx4",-0.00763348510309036,0.9316,"10","regulatory factor X, 4 (influences HLA class II expression)"
"Kat6b",0.00763209453334124,0.9464,"14","K(lysine) acetyltransferase 6B"
"Pcbp2",-0.00763064179640605,0.8462,"15","poly(rC) binding protein 2"
"Lap3",0.00762928244805217,0.9318,"5","leucine aminopeptidase 3"
"Prepl",-0.00761579805667623,0.9674,"17","prolyl endopeptidase-like"
"Prr18",0.00761245786971898,0.9706,"17","proline rich 18"
"Mmd",0.00761175280564252,0.904,"11","monocyte to macrophage differentiation-associated"
"Map2",-0.00760644496835461,0.9164,"1","microtubule-associated protein 2"
"Cacna1c",-0.00759791594251968,0.945,"6","calcium channel, voltage-dependent, L type, alpha 1C subunit"
"Elavl1",-0.00759517090072315,0.8622,"8","ELAV (embryonic lethal, abnormal vision)-like 1 (Hu antigen R)"
"Ufm1",0.00759093795679533,0.8548,"3","ubiquitin-fold modifier 1"
"Elmod2",-0.00758151937961493,0.901,"8","ELMO/CED-12 domain containing 2"
"Lclat1",0.00758000703439432,0.9086,"17","lysocardiolipin acyltransferase 1"
"Strip1",0.00757961429013232,0.86,"3","striatin interacting protein 1"
"Myo7a",0.00756690520631231,0.9438,"7","myosin VIIA"
"Dmtn",-0.00756530313668335,0.9002,"14","dematin actin binding protein"
"Unc13a",0.0075603150217507,0.9364,"8","unc-13 homolog A"
"Mrps23",-0.00755063012746682,0.9104,"11","mitochondrial ribosomal protein S23"
"Med31",0.00755026763992017,0.9522,"11","mediator complex subunit 31"
"Dkc1",0.00753929814066634,0.8932,"X","dyskeratosis congenita 1, dyskerin"
"2310022B05Rik",0.00753874907173557,0.9294,"8","RIKEN cDNA 2310022B05 gene"
"Zmynd11",0.00753460135181605,0.895,"13","zinc finger, MYND domain containing 11"
"Fam104a",0.00751261017817928,0.901,"11","family with sequence similarity 104, member A"
"Usp14",0.00751177746438536,0.9364,"18","ubiquitin specific peptidase 14"
"Spryd7",0.00750659066549719,0.8938,"14","SPRY domain containing 7"
"Suz12",0.00750631620100251,0.91,"11","SUZ12 polycomb repressive complex 2 subunit"
"2900026A02Rik",-0.00750408842217176,0.913,"5","RIKEN cDNA 2900026A02 gene"
"Prdm11",-0.00750050053426143,0.94,"2","PR domain containing 11"
"Grpel1",0.00748872435930004,0.9266,"5","GrpE-like 1, mitochondrial"
"Ubb-ps",-0.00748450676830092,0.917,"14","ubiquitin B, pseudogene"
"Ubp1",0.00747425734107843,0.9442,"9","upstream binding protein 1"
"Clip1",0.00746710142432239,0.937,"5","CAP-GLY domain containing linker protein 1"
"Pisd",-0.00744163941025011,0.8756,"5","phosphatidylserine decarboxylase"
"H13",0.00744037575168566,0.8694,"2","histocompatibility 13"
"Rrp7a",-0.00743433106211722,0.9124,"15","ribosomal RNA processing 7 homolog A"
"Prpf4b",-0.00743274701962715,0.9648,"13","pre-mRNA processing factor 4B"
"Morn2",-0.007431948096845,0.9502,"17","MORN repeat containing 2"
"Mas1",0.00743075192513309,0.887,"17","MAS1 oncogene"
"Mat2b",0.00742303647508802,0.9626,"11","methionine adenosyltransferase II, beta"
"Polr1c",-0.00741947278771837,0.9074,"17","polymerase (RNA) I polypeptide C"
"Lpgat1",0.00741887311593814,0.9288,"1","lysophosphatidylglycerol acyltransferase 1"
"Brd8",-0.0074129232846083,0.9276,"18","bromodomain containing 8"
"Zbtb5",0.00739974582906733,0.8904,"4","zinc finger and BTB domain containing 5"
"C2cd3",0.00738964172339696,0.9366,"7","C2 calcium-dependent domain containing 3"
"Dicer1",0.00738897707639996,0.934,"12","dicer 1, ribonuclease type III"
"Hdac11",-0.00737608368658904,0.9282,"6","histone deacetylase 11"
"Adh5",-0.00737352283671466,0.91,"3","alcohol dehydrogenase 5 (class III), chi polypeptide"
"Ccnt1",0.00736187498014296,0.9176,"15","cyclin T1"
"Arhgap39",0.0073601898181872,0.8596,"15","Rho GTPase activating protein 39"
"Ubr5",-0.00735993575008997,0.9326,"15","ubiquitin protein ligase E3 component n-recognin 5"
"Dbt",-0.00735898904354215,0.8836,"3","dihydrolipoamide branched chain transacylase E2"
"Zfp942",-0.00735681053798753,0.921,"17","zinc finger protein 942"
"Supt3",-0.00734860471072185,0.9576,"17","SPT3, SAGA and STAGA complex component"
"Arfip1",0.00734590913244748,0.9046,"3","ADP-ribosylation factor interacting protein 1"
"Pigm",-0.00734470703321577,0.9282,"1","phosphatidylinositol glycan anchor biosynthesis, class M"
"Aff1",-0.00733404512904379,0.9538,"5","AF4/FMR2 family, member 1"
"Zfp334",0.00731910165946736,0.9402,"2","zinc finger protein 334"
"Thsd7b",-0.00731008367183072,0.9664,"1","thrombospondin, type I, domain containing 7B"
"Odr4",0.00730829240087072,0.8422,"1","odr4 GPCR localization factor homolog"
"Crocc",0.00730784860322675,0.962,"4","ciliary rootlet coiled-coil, rootletin"
"Rplp2",0.00730743683695145,0.9664,"7","ribosomal protein, large P2"
"Mcoln1",0.00730585753398394,0.861,"8","mucolipin 1"
"Pcnt",0.0073014051812077,0.9098,"10","pericentrin (kendrin)"
"Rims1",0.00729594964730573,0.9148,"1","regulating synaptic membrane exocytosis 1"
"Ash2l",-0.00728772410871592,0.8524,"8","ASH2 like histone lysine methyltransferase complex subunit"
"Ints1",0.00728728265588696,0.9318,"5","integrator complex subunit 1"
"Gpr107",-0.00728468983036201,0.8876,"2","G protein-coupled receptor 107"
"Dzip1",0.00728262111004696,0.9418,"14","DAZ interacting protein 1"
"Hdlbp",-0.00728248899791328,0.9238,"1","high density lipoprotein (HDL) binding protein"
"Paip2",-0.00728145005342107,0.881,"18","polyadenylate-binding protein-interacting protein 2"
"Fez2",-0.00728016315512736,0.9222,"17","fasciculation and elongation protein zeta 2 (zygin II)"
"Xrcc2",-0.00727099119956609,0.9092,"5","X-ray repair complementing defective repair in Chinese hamster cells 2"
"Epdr1",-0.00727057907250117,0.9334,"13","ependymin related protein 1 (zebrafish)"
"Phkg1",-0.00726493598077571,0.9124,"5","phosphorylase kinase gamma 1"
"Dapk1",0.00726408420027091,0.936,"13","death associated protein kinase 1"
"Aph1a",0.00726030604324635,0.9158,"3","aph1 homolog A, gamma secretase subunit"
"Abcg4",0.00725891679325841,0.8432,"9","ATP binding cassette subfamily G member 4"
"Vars2",0.00725878054396834,0.9136,"17","valyl-tRNA synthetase 2, mitochondrial"
"Extl2",0.00725803693807414,0.9328,"3","exostosin-like glycosyltransferase 2"
"Slc6a7",0.00724565502097985,0.9332,"18","solute carrier family 6 (neurotransmitter transporter, L-proline), member 7"
"Stard3nl",-0.00724033723370088,0.9254,"13","STARD3 N-terminal like"
"Me2",-0.00723690026802348,0.898,"18","malic enzyme 2, NAD(+)-dependent, mitochondrial"
"Pgam1",-0.00723382964790265,0.906,"19","phosphoglycerate mutase 1"
"Mrpl3",0.00722800087190301,0.8914,"9","mitochondrial ribosomal protein L3"
"Lrig3",-0.00722491879132536,0.9598,"10","leucine-rich repeats and immunoglobulin-like domains 3"
"Safb2",0.00721833319018206,0.958,"17","scaffold attachment factor B2"
"Cxxc1",0.00721763021891331,0.929,"18","CXXC finger 1 (PHD domain)"
"Tmem179",-0.00721645917066827,0.9576,"12","transmembrane protein 179"
"Arih1",0.00719474299955447,0.929,"9","ariadne RBR E3 ubiquitin protein ligase 1"
"Foxk1",0.00719239057851251,0.9512,"5","forkhead box K1"
"Limch1",0.0071898438068958,0.8776,"5","LIM and calponin homology domains 1"
"Fam168a",0.00718861244444291,0.8748,"7","family with sequence similarity 168, member A"
"Dipk1a",0.0071881904993063,0.9138,"5","divergent protein kinase domain 1A"
"Enkur",0.0071873814709591,0.9724,"2","enkurin, TRPC channel interacting protein"
"Nagpa",-0.00718197345830429,0.9314,"16","N-acetylglucosamine-1-phosphodiester alpha-N-acetylglucosaminidase"
"Actr6",-0.00717406651119878,0.9442,"10","ARP6 actin-related protein 6"
"Wdpcp",-0.00716188429736686,0.9184,"11","WD repeat containing planar cell polarity effector"
"Wwc1",-0.00715781950644434,0.8982,"11","WW, C2 and coiled-coil domain containing 1"
"Eif4ebp2",-0.00715311686728093,0.9466,"10","eukaryotic translation initiation factor 4E binding protein 2"
"Usp30",0.00715141431928412,0.8506,"5","ubiquitin specific peptidase 30"
"Usp30",0.00715141431928412,0.8506,"5","ubiquitin specific peptidase 30"
"Fubp1",-0.00714774829941245,0.958,"3","far upstream element (FUSE) binding protein 1"
"Arhgef12",-0.00714390874458459,0.9152,"9","Rho guanine nucleotide exchange factor (GEF) 12"
"Supt6",0.0071322087401402,0.8752,"11","SPT6, histone chaperone and transcription elongation factor"
"Cnr1",0.00713184024717339,0.9652,"4","cannabinoid receptor 1 (brain)"
"Shisa9",-0.00712651293875854,0.9528,"16","shisa family member 9"
"Lmnb1",-0.00711459962257566,0.9088,"18","lamin B1"
"Bak1",0.00710991844011577,0.9302,"17","BCL2-antagonist/killer 1"
"Fez1",-0.00710931330260145,0.92,"9","fasciculation and elongation protein zeta 1 (zygin I)"
"Abcc5",0.00709741978040679,0.951,"16","ATP-binding cassette, sub-family C (CFTR/MRP), member 5"
"S100a16",-0.00709642049978765,0.9664,"3","S100 calcium binding protein A16"
"Snhg8",0.00707668640706682,0.9586,"3","small nucleolar RNA host gene 8"
"Ptms",0.00707389246186096,0.9622,"6","parathymosin"
"Aplp1",-0.00707365053250442,0.9404,"7","amyloid beta (A4) precursor-like protein 1"
"BC005624",0.00706857826236185,0.8648,"2","cDNA sequence BC005624"
"Hid1",-0.0070667886379292,0.907,"11","HID1 domain containing"
"Ptbp1",-0.00706483427851001,0.9264,"10","polypyrimidine tract binding protein 1"
"Nus1",-0.00704172199912811,0.8602,"10","NUS1 dehydrodolichyl diphosphate synthase subunit"
"Fam53b",-0.00703792885689847,0.856,"7","family with sequence similarity 53, member B"
"Lgmn",-0.00703397762154001,0.932,"12","legumain"
"Fam174b",0.00702993753820902,0.907,"7","family with sequence similarity 174, member B"
"Zfp944",0.0070291146589323,0.9132,"17","zinc finger protein 944"
"Ndrg4",0.00702379905113482,0.9306,"8","N-myc downstream regulated gene 4"
"Dtnbp1",-0.00702112219979423,0.957,"13","dystrobrevin binding protein 1"
"Rab36",0.00702093611877874,0.931,"10","RAB36, member RAS oncogene family"
"Nln",-0.00700633002916717,0.9012,"13","neurolysin (metallopeptidase M3 family)"
"Usp48",0.00698907889250489,0.9376,"4","ubiquitin specific peptidase 48"
"Wnt10a",-0.00698572829307076,0.9546,"1","wingless-type MMTV integration site family, member 10A"
"Txndc12",-0.00698433555362588,0.929,"4","thioredoxin domain containing 12 (endoplasmic reticulum)"
"Clptm1",0.00698402556513411,0.84,"7","cleft lip and palate associated transmembrane protein 1"
"Arl3",-0.00697790461800718,0.9394,"19","ADP-ribosylation factor-like 3"
"Actl6a",0.00697486730336827,0.8972,"3","actin-like 6A"
"Ric3",-0.00697441067110116,0.8982,"7","RIC3 acetylcholine receptor chaperone"
"Ddhd2",0.0069732395042621,0.8994,"8","DDHD domain containing 2"
"Rfesd",0.00697220290846223,0.919,"13","Rieske (Fe-S) domain containing"
"Ankrd29",0.00697024444917815,0.91,"18","ankyrin repeat domain 29"
"Stx18",0.00696657323998728,0.9274,"5","syntaxin 18"
"Fam171b",-0.00696322680331818,0.9376,"2","family with sequence similarity 171, member B"
"Adgra3",0.00695570817922064,0.9218,"5","adhesion G protein-coupled receptor A3"
"Dclre1b",-0.00694251018525538,0.9602,"3","DNA cross-link repair 1B"
"Pex14",0.00694172450239261,0.9232,"4","peroxisomal biogenesis factor 14"
"Triobp",-0.00694047307965828,0.902,"15","TRIO and F-actin binding protein"
"Fbxl12",-0.00693112346313018,0.9512,"9","F-box and leucine-rich repeat protein 12"
"Clptm1l",0.00692358334599419,0.8078,"13","CLPTM1-like"
"Mapk3",0.006922591858884,0.9524,"7","mitogen-activated protein kinase 3"
"Smim17",-0.00691493172474944,0.965,"7","small integral membrane protein 17"
"Nle1",-0.00691362748901625,0.9426,"11","notchless homolog 1"
"Pcsk2",0.00690756523070313,0.9284,"2","proprotein convertase subtilisin/kexin type 2"
"Chst8",0.00690449021654205,0.9426,"7","carbohydrate sulfotransferase 8"
"Asnsd1",0.00690393318718208,0.9286,"1","asparagine synthetase domain containing 1"
"Mindy3",-0.00690203590778271,0.9694,"2","MINDY lysine 48 deubiquitinase 3"
"Zc3h4",0.00690089499726909,0.8916,"7","zinc finger CCCH-type containing 4"
"Pi4kb",0.00689556894769972,0.9084,"3","phosphatidylinositol 4-kinase beta"
"Cdk20",-0.00688975015991167,0.9212,"13","cyclin-dependent kinase 20"
"Ppm1k",0.00688185422453191,0.904,"6","protein phosphatase 1K (PP2C domain containing)"
"Bivm",0.00688020796717215,0.9436,"1","basic, immunoglobulin-like variable motif containing"
"Gramd3",0.00687814292024225,0.9248,"18","GRAM domain containing 3"
"Inpp1",0.00687782442659035,0.9174,"1","inositol polyphosphate-1-phosphatase"
"Cdc26",-0.00687736025225272,0.8438,"4","cell division cycle 26"
"Dnajc15",-0.00687230517187576,0.9346,"14","DnaJ heat shock protein family (Hsp40) member C15"
"Jup",0.00687096320525704,0.9454,"11","junction plakoglobin"
"Lztfl1",-0.00686920795841672,0.9458,"9","leucine zipper transcription factor-like 1"
"Lin7c",-0.00686807335810968,0.9548,"2","lin-7 homolog C, crumbs cell polarity complex component"
"Dclre1a",-0.00686590402086162,0.9626,"19","DNA cross-link repair 1A"
"Dixdc1",-0.00686473936729826,0.917,"9","DIX domain containing 1"
"Eif4h",-0.00683371065943472,0.9158,"5","eukaryotic translation initiation factor 4H"
"Pgm2l1",-0.00682660887671283,0.9656,"7","phosphoglucomutase 2-like 1"
"Arl1",-0.00682076269062293,0.9646,"10","ADP-ribosylation factor-like 1"
"Ccdc39",-0.0068181243426011,0.9722,"3","coiled-coil domain containing 39"
"Usp47",0.00681802931301956,0.8846,"7","ubiquitin specific peptidase 47"
"Cwc15",0.00680515969232776,0.9312,"9","CWC15 spliceosome-associated protein"
"Cnep1r1",-0.00679489466149441,0.9158,"8","CTD nuclear envelope phosphatase 1 regulatory subunit 1"
"M5C1000I18Rik",0.00679173638915964,0.9548,"9","RIKEN cDNA M5C1000I18 gene"
"4921524J17Rik",0.0067790360401192,0.9618,"8","RIKEN cDNA 4921524J17 gene"
"Rhoa",0.00677854262787747,0.9196,"9","ras homolog family member A"
"Nme5",-0.00675728415768928,0.9512,"18","NME/NM23 family member 5"
"Ate1",0.00675260896603813,0.9332,"7","arginyltransferase 1"
"Has3",0.00674904507345842,0.9382,"8","hyaluronan synthase 3"
"Brinp1",0.00674878386616129,0.9168,"4","bone morphogenic protein/retinoic acid inducible neural specific 1"
"Prps1l3",0.00674659183445936,0.9626,"12","phosphoribosyl pyrophosphate synthetase 1-like 3"
"Dlgap2",-0.00674476144101188,0.9558,"8","DLG associated protein 2"
"Fscn1",-0.00674297264549217,0.955,"5","fascin actin-bundling protein 1"
"Nrp1",-0.0067429174508371,0.892,"8","neuropilin 1"
"Smap1",0.0067395158152932,0.965,"1","small ArfGAP 1"
"Prxl2c",0.00673884711991679,0.912,"13","peroxiredoxin like 2C"
"Camk1d",0.00673600215377057,0.9438,"2","calcium/calmodulin-dependent protein kinase ID"
"Pik3c3",0.00672851282967546,0.9286,"18","phosphatidylinositol 3-kinase catalytic subunit type 3"
"Paip1",-0.00672355591655194,0.906,"13","polyadenylate binding protein-interacting protein 1"
"Exosc5",-0.00670924989233868,0.9576,"7","exosome component 5"
"Smc5",0.00670899607621767,0.9458,"19","structural maintenance of chromosomes 5"
"Rab10",-0.00670898568209655,0.9474,"12","RAB10, member RAS oncogene family"
"Zfp36",-0.0066894768463257,0.9532,"7","zinc finger protein 36"
"Inafm2",-0.00668410551696752,0.9296,"2","InaF motif containing 2"
"Anks1",-0.00668109925070226,0.907,"17","ankyrin repeat and SAM domain containing 1"
"Mmab",-0.00667922374249841,0.9008,"5","methylmalonic aciduria (cobalamin deficiency) cblB type homolog (human)"
"Glrb",-0.00667380157709641,0.9516,"3","glycine receptor, beta subunit"
"St8sia2",-0.0066699117255018,0.9504,"7","ST8 alpha-N-acetyl-neuraminide alpha-2,8-sialyltransferase 2"
"Mrpl9",0.00666536646300475,0.9228,"3","mitochondrial ribosomal protein L9"
"Zmym3",0.00666347126821787,0.9524,"X","zinc finger, MYM-type 3"
"Ythdf3",-0.00665896431505963,0.9626,"3","YTH N6-methyladenosine RNA binding protein 3"
"Jakmip1",-0.00665053612435429,0.9132,"5","janus kinase and microtubule interacting protein 1"
"Ice1",-0.00664922792362344,0.9648,"13","interactor of little elongation complex ELL subunit 1"
"Cnot1",0.00664693612055345,0.9576,"8","CCR4-NOT transcription complex, subunit 1"
"Pfdn2",-0.00664512428046837,0.9514,"1","prefoldin 2"
"Senp1",-0.00664214215078429,0.9194,"15","SUMO1/sentrin specific peptidase 1"
"Mpdu1",-0.00663940848501898,0.9344,"11","mannose-P-dolichol utilization defect 1"
"Arhgef9",0.00663827704656583,0.914,"X","CDC42 guanine nucleotide exchange factor (GEF) 9"
"Acsl6",0.00663705950056581,0.9122,"11","acyl-CoA synthetase long-chain family member 6"
"Aggf1",0.00663615105364901,0.8818,"13","angiogenic factor with G patch and FHA domains 1"
"Nsf",0.0066102070087517,0.9308,"11","N-ethylmaleimide sensitive fusion protein"
"Rnf180",-0.00660545441809735,0.9224,"13","ring finger protein 180"
"Rab3gap1",0.00660264979716718,0.9214,"1","RAB3 GTPase activating protein subunit 1"
"Mrtfb",0.00660241747914014,0.9276,"16","myocardin related transcription factor B"
"Ncoa4",0.00659991050228115,0.9696,"14","nuclear receptor coactivator 4"
"Map2k3",0.00659895750363093,0.9408,"11","mitogen-activated protein kinase kinase 3"
"Nemf",0.00659587979935949,0.9152,"12","nuclear export mediator factor"
"Ppard",0.00659391052124647,0.9112,"17","peroxisome proliferator activator receptor delta"
"Ppard",0.00659391052124647,0.9112,"17","peroxisome proliferator activator receptor delta"
"Sort1",-0.00658448413387447,0.8788,"3","sortilin 1"
"Dglucy",0.00658201107571355,0.9238,"12","D-glutamate cyclase"
"Coq5",-0.00656938327364465,0.9006,"5","coenzyme Q5 methyltransferase"
"9530077C05Rik",0.00656866997363892,0.9364,"9","RIKEN cDNA 9530077C05 gene"
"Eif2b2",0.00656546739006547,0.9286,"12","eukaryotic translation initiation factor 2B, subunit 2 beta"
"Alkbh5",0.00655425488661532,0.8756,"11","alkB homolog 5, RNA demethylase"
"Kcnd1",-0.00655155474325442,0.961,"X","potassium voltage-gated channel, Shal-related family, member 1"
"Setx",-0.00654867399653902,0.9538,"2","senataxin"
"Farp1",-0.00653496428490463,0.922,"14","FERM, RhoGEF (Arhgef) and pleckstrin domain protein 1 (chondrocyte-derived)"
"Pias1",-0.00653332460577616,0.9566,"9","protein inhibitor of activated STAT 1"
"Itpa",0.00653169790557939,0.9506,"2","inosine triphosphatase (nucleoside triphosphate pyrophosphatase)"
"Rps10",0.00652113199125015,0.963,"17","ribosomal protein S10"
"Tmem86a",-0.00651521462279803,0.9488,"7","transmembrane protein 86A"
"Eif1",0.00651317309288046,0.9506,"11","eukaryotic translation initiation factor 1"
"Rab7",-0.00651092912013596,0.8938,"6","RAB7, member RAS oncogene family"
"Dgcr8",-0.00650540075992634,0.9586,"16","DGCR8, microprocessor complex subunit"
"B3gat1",-0.00650352999326742,0.9186,"9","beta-1,3-glucuronyltransferase 1 (glucuronosyltransferase P)"
"Kcnc1",-0.00650053211760238,0.9358,"7","potassium voltage gated channel, Shaw-related subfamily, member 1"
"Lrrc59",0.00649546335792017,0.8792,"11","leucine rich repeat containing 59"
"Itch",0.00649526244368559,0.9422,"2","itchy, E3 ubiquitin protein ligase"
"Zfp397",0.0064850598597106,0.9638,"18","zinc finger protein 397"
"Ebpl",0.00648478818974452,0.9616,"14","emopamil binding protein-like"
"Wdr48",-0.00647944904413134,0.9434,"9","WD repeat domain 48"
"Arhgap4",-0.00647583398821006,0.9756,"X","Rho GTPase activating protein 4"
"Rad17",0.00647271658386117,0.9044,"13","RAD17 checkpoint clamp loader component"
"Sephs1",-0.00646866675863489,0.8886,"2","selenophosphate synthetase 1"
"Mvk",-0.00645801505962718,0.9564,"5","mevalonate kinase"
"Klhl3",0.0064334856014332,0.9238,"13","kelch-like 3"
"Ndufaf2",-0.00642761118153334,0.9386,"13","NADH:ubiquinone oxidoreductase complex assembly factor 2"
"Snx33",0.00642311462362644,0.9444,"9","sorting nexin 33"
"Mtif2",0.0064182527106027,0.942,"11","mitochondrial translational initiation factor 2"
"Ptchd1",-0.00640534332138865,0.9588,"X","patched domain containing 1"
"Mtmr12",-0.00640429647863794,0.9628,"15","myotubularin related protein 12"
"Osbpl2",0.00640342434429275,0.875,"2","oxysterol binding protein-like 2"
"Rplp1",-0.00637396362722065,0.9778,"9","ribosomal protein, large, P1"
"Zfp811",0.00636064782783619,0.9356,"17","zinc finger protein 811"
"Alas1",-0.00634825470561395,0.9092,"9","aminolevulinic acid synthase 1"
"Seh1l",-0.00634508817476664,0.9208,"18","SEH1-like (S. cerevisiae"
"Dpf3",0.00634079410271626,0.9604,"12","double PHD fingers 3"
"Ube2ql1",0.00634062695150206,0.9194,"13","ubiquitin-conjugating enzyme E2Q family-like 1"
"Fam124a",-0.00633838115122032,0.9228,"14","family with sequence similarity 124, member A"
"Stx16",-0.0063365953480865,0.9322,"2","syntaxin 16"
"Kctd13",0.00633278888870237,0.9538,"7","potassium channel tetramerisation domain containing 13"
"Ckap4",0.00630420225990758,0.9054,"10","cytoskeleton-associated protein 4"
"Sema4g",0.0063030748303774,0.9462,"19","sema domain, immunoglobulin domain (Ig), transmembrane domain (TM) and short cytoplasmic domain, (semaphorin) 4G"
"Scrn3",-0.00629983281969526,0.923,"2","secernin 3"
"Bccip",0.00629735604013781,0.8998,"7","BRCA2 and CDKN1A interacting protein"
"Zfp236",-0.00628447950784849,0.9452,"18","zinc finger protein 236"
"Agfg2",-0.00626954532678603,0.905,"5","ArfGAP with FG repeats 2"
"Eif2ak1",-0.00625861684165585,0.901,"5","eukaryotic translation initiation factor 2 alpha kinase 1"
"Klf13",0.00625415285825426,0.8922,"7","Kruppel-like factor 13"
"Snrpe",-0.0062478665009631,0.9608,"1","small nuclear ribonucleoprotein E"
"Tmem126b",0.00624018985210073,0.9464,"7","transmembrane protein 126B"
"Luc7l2",-0.00623700821289219,0.9472,"6","LUC7-like 2 (S. cerevisiae)"
"Paics",-0.00622703466316832,0.8974,"5","phosphoribosylaminoimidazole carboxylase, phosphoribosylaminoribosylaminoimidazole, succinocarboxamide synthetase"
"Btg2",0.00622384798767683,0.9618,"1","BTG anti-proliferation factor 2"
"Cyp46a1",0.00621687995793785,0.955,"12","cytochrome P450, family 46, subfamily a, polypeptide 1"
"Iqcc",-0.00621632696822472,0.9284,"4","IQ motif containing C"
"Jmy",0.00621091861209244,0.941,"13","junction-mediating and regulatory protein"
"Rxylt1",0.00620416369926424,0.9362,"10","ribitol xylosyltransferase 1"
"Fbxl5",0.0062008974279335,0.934,"5","F-box and leucine-rich repeat protein 5"
"Phykpl",0.00620084649902974,0.9602,"11","5-phosphohydroxy-L-lysine phospholyase"
"Zbtb7a",-0.00619512179963611,0.8914,"10","zinc finger and BTB domain containing 7a"
"Gm9866",-0.00618971503310961,0.924,"12","predicted gene 9866"
"Gm9866",-0.00618971503310961,0.924,"12","predicted gene 9866"
"Kif1b",0.00617645471902151,0.9114,"4","kinesin family member 1B"
"Iqcb1",0.00617073623695052,0.9068,"16","IQ calmodulin-binding motif containing 1"
"Chd6",0.00617001022519226,0.9552,"2","chromodomain helicase DNA binding protein 6"
"Ttf1",0.00616849722990809,0.9506,"2","transcription termination factor, RNA polymerase I"
"Glyr1",-0.00616627129977854,0.8382,"16","glyoxylate reductase 1 homolog (Arabidopsis)"
"Tomm70a",0.00616389294020436,0.9284,"16","translocase of outer mitochondrial membrane 70A"
"Gm1976",-0.0061482139572977,0.9382,"17","predicted gene 1976"
"Map9",-0.00614610738244892,0.9662,"3","microtubule-associated protein 9"
"Poglut3",-0.00614385344387713,0.939,"9","protein O-glucosyltransferase 3"
"Eif2d",0.00613840060831006,0.9162,"1","eukaryotic translation initiation factor 2D"
"Ifngr1",-0.00613274172934508,0.9388,"10","interferon gamma receptor 1"
"Ccdc30",0.00613143636162139,0.938,"4","coiled-coil domain containing 30"
"BC005537",-0.00612658936543742,0.924,"13","cDNA sequence BC005537"
"Ctnnd2",-0.00611599960607645,0.9106,"15","catenin (cadherin associated protein), delta 2"
"C130026L21Rik",-0.00611562474564598,0.9454,"5","RIKEN cDNA C130026L21 gene"
"Stk40",0.00609482957275276,0.92,"4","serine/threonine kinase 40"
"Larp6",0.0060925988456404,0.9226,"9","La ribonucleoprotein 6, translational regulator"
"Htt",-0.0060889572281857,0.933,"5","huntingtin"
"Vps4a",-0.00607728673241503,0.8954,"8","vacuolar protein sorting 4A"
"Ikbip",-0.00607495848441175,0.936,"10","IKBKB interacting protein"
"Glra2",0.0060744982492138,0.9408,"X","glycine receptor, alpha 2 subunit"
"Dnal1",0.00607067795799576,0.89,"12","dynein, axonemal, light chain 1"
"Acot13",-0.00606988493181948,0.9628,"13","acyl-CoA thioesterase 13"
"Gatd3a",0.00605932493282069,0.9398,"10","glutamine amidotransferase like class 1 domain containing 3A"
"Prdm5",-0.00604070093943943,0.9532,"6","PR domain containing 5"
"Ddx6",-0.006038904255254,0.9376,"9","DEAD (Asp-Glu-Ala-Asp) box polypeptide 6"
"Rgl2",-0.00603852716303521,0.9592,"17","ral guanine nucleotide dissociation stimulator-like 2"
"Dusp19",-0.00603147232174006,0.9336,"2","dual specificity phosphatase 19"
"Ctc1",0.00602973972664245,0.9016,"11","CTS telomere maintenance complex component 1"
"Cep57",0.00602861311255509,0.9622,"9","centrosomal protein 57"
"Ppig",0.00602009511604784,0.9398,"2","peptidyl-prolyl isomerase G (cyclophilin G)"
"Jade3",-0.00601714056538727,0.9452,"X","jade family PHD finger 3"
"Pdrg1",-0.0060168656576165,0.9606,"2","p53 and DNA damage regulated 1"
"Rtn3",-0.00601323080442562,0.8606,"19","reticulon 3"
"Bco2",-0.00600158306199061,0.9508,"9","beta-carotene oxygenase 2"
"Ddx59",0.00598882115819555,0.944,"1","DEAD box helicase 59"
"Zfp72",0.00598818711068194,0.9366,"13","zinc finger protein 72"
"Syt5",-0.00597441959538969,0.9588,"7","synaptotagmin V"
"Septin7",0.00597219386290426,0.9468,"9","septin 7"
"Oaz3",0.00597040809268812,0.956,"3","ornithine decarboxylase antizyme 3"
"Chchd10",-0.00596572820209929,0.965,"10","coiled-coil-helix-coiled-coil-helix domain containing 10"
"Fasn",-0.00596117366486304,0.928,"11","fatty acid synthase"
"Ptbp2",-0.00595583520186871,0.9646,"3","polypyrimidine tract binding protein 2"
"Anxa5",0.00595521539752841,0.9424,"3","annexin A5"
"Fbxo8",0.00594972919573244,0.9238,"8","F-box protein 8"
"Herc1",-0.00593935412678714,0.9584,"9","HECT and RLD domain containing E3 ubiquitin protein ligase family member 1"
"Srebf1",-0.00593315536244088,0.9148,"11","sterol regulatory element binding transcription factor 1"
"Ywhag",0.00592763849845213,0.8952,"5","tyrosine 3-monooxygenase/tryptophan 5-monooxygenase activation protein, gamma polypeptide"
"Bbs5",-0.00591310978901838,0.9508,"2","Bardet-Biedl syndrome 5 (human)"
"Gprasp2",-0.0059084361095012,0.9466,"X","G protein-coupled receptor associated sorting protein 2"
"Myh7b",0.00590172846194248,0.9494,"2","myosin, heavy chain 7B, cardiac muscle, beta"
"Tardbp",0.00590144545234494,0.929,"4","TAR DNA binding protein"
"Vac14",-0.00588112249748907,0.9084,"8","Vac14 homolog (S. cerevisiae)"
"Agbl5",-0.00587520918710016,0.96,"5","ATP/GTP binding protein-like 5"
"Bysl",0.00586695704165674,0.9192,"17","bystin-like"
"Kcnb1",-0.00586421430872619,0.9488,"2","potassium voltage gated channel, Shab-related subfamily, member 1"
"Bhlhb9",0.00585186159386186,0.9552,"X","basic helix-loop-helix domain containing, class B9"
"Emd",0.00584725851419776,0.912,"X","emerin"
"Smurf2",0.00583454905797343,0.9018,"11","SMAD specific E3 ubiquitin protein ligase 2"
"Tmem199",0.00583161708882951,0.901,"11","transmembrane protein 199"
"Crlf2",0.00583127953204432,0.956,"5","cytokine receptor-like factor 2"
"Lrrc8d",0.00582784453042073,0.9316,"5","leucine rich repeat containing 8D"
"Dcaf4",0.00582163132545199,0.9088,"12","DDB1 and CUL4 associated factor 4"
"M6pr",-0.00581103466254085,0.9108,"6","mannose-6-phosphate receptor, cation dependent"
"Acbd5",-0.00580981767465261,0.9018,"2","acyl-Coenzyme A binding domain containing 5"
"Tollip",-0.00580731300415582,0.8794,"7","toll interacting protein"
"Pcbp3",-0.00580351828801362,0.891,"10","poly(rC) binding protein 3"
"Igf1",0.00580341660042638,0.9402,"10","insulin-like growth factor 1"
"Polr3d",-0.00579819625977063,0.8962,"14","polymerase (RNA) III (DNA directed) polypeptide D"
"Syt4",-0.00579368659894186,0.9358,"18","synaptotagmin IV"
"Ydjc",-0.00579344733279719,0.9452,"16","YdjC homolog (bacterial)"
"Slc9a8",-0.00578970213467134,0.9282,"2","solute carrier family 9 (sodium/hydrogen exchanger), member 8"
"Narf",0.00578700948375754,0.8956,"11","nuclear prelamin A recognition factor"
"Hnrnpu",-0.00577934470148556,0.919,"1","heterogeneous nuclear ribonucleoprotein U"
"Ranbp9",-0.0057730406767309,0.9672,"13","RAN binding protein 9"
"Cep192",0.00576779949190565,0.9676,"18","centrosomal protein 192"
"Kirrel3",-0.00576308726781161,0.9148,"9","kirre like nephrin family adhesion molecule 3"
"Brd3os",-0.00575264801150599,0.9332,"2","bromodomain containing 3, opposite strand"
"Lmo3",0.00573599917265444,0.9368,"6","LIM domain only 3"
"Dscaml1",-0.00573320496899576,0.906,"9","DS cell adhesion molecule like 1"
"Syt12",-0.0057222696572703,0.9408,"19","synaptotagmin XII"
"Dusp3",0.00572027460908853,0.912,"11","dual specificity phosphatase 3 (vaccinia virus phosphatase VH1-related)"
"Lpcat2",-0.00571982836031726,0.9768,"8","lysophosphatidylcholine acyltransferase 2"
"Nrxn2",0.00571292133829537,0.8742,"19","neurexin II"
"4933404O12Rik",0.00570976746045027,0.9302,"5","RIKEN cDNA 4933404O12 gene"
"Tut4",-0.00570966140172491,0.9642,"4","terminal uridylyl transferase 4"
"Fibp",-0.00570160460669289,0.9594,"19","fibroblast growth factor (acidic) intracellular binding protein"
"Ankra2",0.00569752603685636,0.9386,"13","ankyrin repeat, family A (RFXANK-like), 2"
"Hspa1b",-0.00569446374629345,0.9746,"17","heat shock protein 1B"
"Abhd2",-0.00568869396761906,0.98,"7","abhydrolase domain containing 2"
"Rab33b",-0.00568432610519576,0.9408,"3","RAB33B, member RAS oncogene family"
"Snx16",-0.00567923137961479,0.9658,"3","sorting nexin 16"
"Fip1l1",0.00567477151745255,0.9644,"5","FIP1 like 1 (S. cerevisiae)"
"Cnot6",-0.00566180232940905,0.9296,"11","CCR4-NOT transcription complex, subunit 6"
"Lrrfip2",0.00566084817020052,0.9312,"9","leucine rich repeat (in FLII) interacting protein 2"
"Kdm3a",0.00565326490088935,0.9664,"6","lysine (K)-specific demethylase 3A"
"Epc2",-0.00565275594661152,0.9708,"2","enhancer of polycomb homolog 2"
"Pafah1b1",0.00564518964112182,0.9402,"11","platelet-activating factor acetylhydrolase, isoform 1b, subunit 1"
"Arhgef26",-0.00564319273916603,0.9144,"3","Rho guanine nucleotide exchange factor (GEF) 26"
"Zfp512",-0.00563949230424221,0.8542,"5","zinc finger protein 512"
"Kansl2",-0.00562736220421378,0.9026,"15","KAT8 regulatory NSL complex subunit 2"
"Pdcl",0.00562365601337156,0.9608,"2","phosducin-like"
"Tef",0.00560709196309972,0.9084,"15","thyrotroph embryonic factor"
"2410004P03Rik",0.00560643689679585,0.9872,"12","RIKEN cDNA 2410004P03 gene"
"Pou2f2",0.00560484045133602,0.9688,"7","POU domain, class 2, transcription factor 2"
"Aacs",-0.00560333997702323,0.9104,"5","acetoacetyl-CoA synthetase"
"Ntrk3",-0.00559034861595986,0.9458,"7","neurotrophic tyrosine kinase, receptor, type 3"
"Ntrk3",-0.00559034861595986,0.9458,"7","neurotrophic tyrosine kinase, receptor, type 3"
"Slc30a6",-0.00558479900757547,0.9228,"17","solute carrier family 30 (zinc transporter), member 6"
"Mark2",0.00558199076443344,0.9124,"19","MAP/microtubule affinity regulating kinase 2"
"Lipe",-0.00558062833486916,0.957,"7","lipase, hormone sensitive"
"Map7d2",-0.00557963460850708,0.9662,"X","MAP7 domain containing 2"
"Cacnb2",-0.00557549126132528,0.9512,"2","calcium channel, voltage-dependent, beta 2 subunit"
"Kidins220",-0.0055702765691068,0.9642,"12","kinase D-interacting substrate 220"
"Flii",-0.00556234780535547,0.8988,"11","flightless I actin binding protein"
"Slc35c2",-0.00555765502258065,0.9508,"2","solute carrier family 35, member C2"
"Nfkbia",0.00554225702610101,0.9672,"12","nuclear factor of kappa light polypeptide gene enhancer in B cells inhibitor, alpha"
"Spred3",0.00553348974944079,0.9606,"7","sprouty-related EVH1 domain containing 3"
"Igbp1",0.00553282062372951,0.947,"X","immunoglobulin (CD79A) binding protein 1"
"Sf3a3",-0.00551877659463695,0.9172,"4","splicing factor 3a, subunit 3"
"Tom1",0.0055068132813525,0.9212,"8","target of myb1 trafficking protein"
"Myl12b",0.00550487080337092,0.947,"17","myosin, light chain 12B, regulatory"
"Grk3",-0.0054961825404698,0.9302,"5","G protein-coupled receptor kinase 3"
"Cux1",0.00549244488456502,0.915,"5","cut-like homeobox 1"
"Rbsn",-0.00548992003880855,0.9548,"6","rabenosyn, RAB effector"
"Dph3",-0.00548185159150893,0.9248,"14","diphthamine biosynthesis 3"
"Sp3",0.00547523084664725,0.9694,"2","trans-acting transcription factor 3"
"Sparc",-0.00547082665793486,0.9558,"11","secreted acidic cysteine rich glycoprotein"
"Fancg",-0.00545608498434724,0.9466,"4","Fanconi anemia, complementation group G"
"Neu1",0.00544837044069357,0.9022,"17","neuraminidase 1"
"Pheta1",0.00544560422471507,0.9642,"5","PH domain containing endocytic trafficking adaptor 1"
"Mrpl36",0.00544200338498602,0.9596,"13","mitochondrial ribosomal protein L36"
"Gramd1b",0.00543467888085836,0.9388,"9","GRAM domain containing 1B"
"Maco1",-0.00543383453311108,0.8186,"4","macoilin 1"
"Qsox1",-0.00543261703307785,0.9464,"1","quiescin Q6 sulfhydryl oxidase 1"
"Ecpas",-0.0054209791176989,0.9272,"4","Ecm29 proteasome adaptor and scaffold"
"Rnmt",-0.00541246032959197,0.9324,"18","RNA (guanine-7-) methyltransferase"
"Fn3k",-0.00541122165591812,0.9366,"11","fructosamine 3 kinase"
"Serbp1",-0.00540338901940007,0.9372,"6","serpine1 mRNA binding protein 1"
"Mapkapk5",0.00540299808934108,0.9136,"5","MAP kinase-activated protein kinase 5"
"Arap2",-0.00540213194251837,0.958,"5","ArfGAP with RhoGAP domain, ankyrin repeat and PH domain 2"
"Slc41a1",0.00539314270934454,0.9172,"1","solute carrier family 41, member 1"
"Plekhg1",-0.00539182202387867,0.9538,"10","pleckstrin homology domain containing, family G (with RhoGef domain) member 1"
"Ntrk2",-0.00538943254306368,0.9078,"13","neurotrophic tyrosine kinase, receptor, type 2"
"Lzts3",-0.00538779511114029,0.9364,"2","leucine zipper, putative tumor suppressor family member 3"
"Tmem150a",0.00538568815947693,0.9674,"6","transmembrane protein 150A"
"G6pdx",-0.00536471186500354,0.9398,"X","glucose-6-phosphate dehydrogenase X-linked"
"Scaf4",0.00536006372213027,0.9564,"16","SR-related CTD-associated factor 4"
"1700066M21Rik",-0.00535912224836199,0.9502,"1","RIKEN cDNA 1700066M21 gene"
"Trafd1",0.00535362108265591,0.9156,"5","TRAF type zinc finger domain containing 1"
"Exoc2",0.00534910999937388,0.9466,"13","exocyst complex component 2"
"Tmod2",0.00533949391166111,0.9272,"9","tropomodulin 2"
"Il18bp",0.00533667812395944,0.9762,"7","interleukin 18 binding protein"
"Thnsl1",-0.00533532448676377,0.9404,"2","threonine synthase-like 1 (bacterial)"
"Pkn2",0.00533208043020394,0.9476,"3","protein kinase N2"
"Tax1bp1",0.00532594737990788,0.9336,"6","Tax1 (human T cell leukemia virus type I) binding protein 1"
"Ap1s2",-0.00531910312470352,0.9414,"X","adaptor-related protein complex 1, sigma 2 subunit"
"Nab1",-0.00531373405467406,0.9328,"1","Ngfi-A binding protein 1"
"Ubxn11",-0.00530525057463516,0.969,"4","UBX domain protein 11"
"Cyb5a",-0.00529870836614244,0.9562,"18","cytochrome b5 type A (microsomal)"
"Mien1",-0.00529531189888832,0.9682,"11","migration and invasion enhancer 1"
"Bicral",0.00529495261844826,0.9618,"17","BRD4 interacting chromatin remodeling complex associated protein like"
"Katnal1",0.00529080830027162,0.915,"5","katanin p60 subunit A-like 1"
"Fcsk",0.00529054968146081,0.9532,"8","fucose kinase"
"Dazap2",0.00528186389664764,0.9244,"15","DAZ associated protein 2"
"Ttc3",0.00528140187032733,0.9494,"16","tetratricopeptide repeat domain 3"
"Nrp2",-0.00527037845268108,0.9634,"1","neuropilin 2"
"Stim2",-0.0052634915822054,0.9652,"5","stromal interaction molecule 2"
"Ocln",-0.00525666245174117,0.9496,"13","occludin"
"Amt",0.0052484175336911,0.9492,"9","aminomethyltransferase"
"Dars",0.00524121089556573,0.9564,"1","aspartyl-tRNA synthetase"
"Spred1",-0.00521893788776584,0.9444,"2","sprouty protein with EVH-1 domain 1, related sequence"
"Phgdh",-0.00521626036096645,0.9572,"3","3-phosphoglycerate dehydrogenase"
"Galnt17",-0.00521053521287929,0.9206,"5","polypeptide N-acetylgalactosaminyltransferase 17"
"Zfp445",-0.00521019222598174,0.972,"9","zinc finger protein 445"
"Abi1",0.00520674014997624,0.9514,"2","abl interactor 1"
"Mier3",0.00519563299695136,0.9642,"13","MIER family member 3"
"Tagap1",0.00519127463631985,0.8976,"17","T cell activation GTPase activating protein 1"
"Kremen1",-0.00519111884637002,0.9218,"11","kringle containing transmembrane protein 1"
"Nsun7",-0.00518543748854494,0.9784,"5","NOL1/NOP2/Sun domain family, member 7"
"Tmem115",0.00517676719805493,0.9578,"9","transmembrane protein 115"
"Icosl",0.00517194055772174,0.9282,"10","icos ligand"
"Siae",-0.00516870203537145,0.9312,"9","sialic acid acetylesterase"
"E4f1",0.00516812408716838,0.9618,"17","E4F transcription factor 1"
"Zswim9",-0.00516704630564924,0.9436,"7","zinc finger SWIM-type containing 9"
"Pten",0.00515581972286494,0.9646,"19","phosphatase and tensin homolog"
"Trip10",0.00515517048639502,0.953,"17","thyroid hormone receptor interactor 10"
"Sh3glb1",-0.00514358759762423,0.8818,"3","SH3-domain GRB2-like B1 (endophilin)"
"Syngr1",-0.0051316904282146,0.9238,"15","synaptogyrin 1"
"Tomm40",0.0051247789621014,0.9526,"7","translocase of outer mitochondrial membrane 40"
"Ankfy1",-0.00512438000668425,0.9306,"11","ankyrin repeat and FYVE domain containing 1"
"Ahcy",-0.00512042251840894,0.9456,"2","S-adenosylhomocysteine hydrolase"
"Mtmr3",0.00511308799170429,0.9226,"11","myotubularin related protein 3"
"Tex2",0.00510410360962243,0.8974,"11","testis expressed gene 2"
"Rab3il1",0.00509938726778891,0.96,"19","RAB3A interacting protein (rabin3)-like 1"
"Cnot3",-0.00509428146893676,0.9452,"7","CCR4-NOT transcription complex, subunit 3"
"Tmem64",0.00509328148365462,0.9368,"4","transmembrane protein 64"
"Thrap3",0.0050928282370224,0.8584,"4","thyroid hormone receptor associated protein 3"
"Ctr9",-0.0050895532243258,0.9032,"7","CTR9 homolog, Paf1/RNA polymerase II complex component"
"Gabarapl1",-0.00508913214899565,0.9474,"6","gamma-aminobutyric acid (GABA) A receptor-associated protein-like 1"
"Prkaa1",0.00508193893267173,0.9526,"15","protein kinase, AMP-activated, alpha 1 catalytic subunit"
"Ttc21b",-0.00507327492264364,0.9536,"2","tetratricopeptide repeat domain 21B"
"Clk2",0.00507084716743345,0.9704,"3","CDC-like kinase 2"
"Kcna2",0.0050687857332381,0.9548,"3","potassium voltage-gated channel, shaker-related subfamily, member 2"
"Ireb2",0.00506564903531626,0.9644,"9","iron responsive element binding protein 2"
"Sec61a1",0.0050507332183205,0.9532,"6","Sec61 alpha 1 subunit (S. cerevisiae)"
"Pqbp1",-0.00503975869599316,0.9628,"X","polyglutamine binding protein 1"
"D630045J12Rik",-0.00503964693132719,0.9668,"6","RIKEN cDNA D630045J12 gene"
"Ctsa",0.00503913813987733,0.944,"2","cathepsin A"
"Snw1",-0.00503500378009925,0.924,"12","SNW domain containing 1"
"Ubap1l",0.00503376420007973,0.9826,"9","ubiquitin-associated protein 1-like"
"Acads",0.00503264684120097,0.9676,"5","acyl-Coenzyme A dehydrogenase, short chain"
"Myh9",-0.00502610848642604,0.957,"15","myosin, heavy polypeptide 9, non-muscle"
"Igf1r",-0.00502592543107294,0.9678,"7","insulin-like growth factor I receptor"
"Mtpn",-0.00502542785912041,0.9648,"6","myotrophin"
"Prdm15",-0.00502153610018841,0.9578,"16","PR domain containing 15"
"Nup85",0.00498837647337425,0.9214,"11","nucleoporin 85"
"Mtmr7",0.00498347649488906,0.9628,"8","myotubularin related protein 7"
"Kctd18",0.00497721769693626,0.9346,"1","potassium channel tetramerisation domain containing 18"
"Diablo",0.00497462311461749,0.9514,"5","diablo, IAP-binding mitochondrial protein"
"Arl2bp",0.00497346344678817,0.9386,"8","ADP-ribosylation factor-like 2 binding protein"
"Zfp169",-0.00497183639178056,0.9774,"13","zinc finger protein 169"
"Fam227a",0.00496654215474246,0.9742,"15","family with sequence similarity 227, member A"
"Igsf8",-0.00496011337961999,0.9344,"1","immunoglobulin superfamily, member 8"
"Dlst",0.00495673525896567,0.8748,"12","dihydrolipoamide S-succinyltransferase (E2 component of 2-oxo-glutarate complex)"
"Dcc",-0.00495620040155664,0.965,"18","deleted in colorectal carcinoma"
"Baz2b",-0.00494436389926989,0.9742,"2","bromodomain adjacent to zinc finger domain, 2B"
"Gpr173",0.00494426755845012,0.931,"X","G-protein coupled receptor 173"
"Ap3s1",-0.00493836772646183,0.9364,"18","adaptor-related protein complex 3, sigma 1 subunit"
"N4bp1",0.00493598054621813,0.9332,"8","NEDD4 binding protein 1"
"Tbrg1",0.00493586250360245,0.9294,"9","transforming growth factor beta regulated gene 1"
"Tut7",0.00493451008698553,0.9636,"13","terminal uridylyl transferase 7"
"Irak1",0.00493446429023159,0.9052,"X","interleukin-1 receptor-associated kinase 1"
"Med26",0.00493345733859218,0.952,"8","mediator complex subunit 26"
"Smim15",0.00493301379934508,0.949,"13","small integral membrane protein 15"
"4930453N24Rik",-0.00492960650245333,0.9428,"16","RIKEN cDNA 4930453N24 gene"
"Mapk9",0.00491236896381952,0.9166,"11","mitogen-activated protein kinase 9"
"Fus",0.00490363568411212,0.9574,"7","fused in sarcoma"
"Nup188",0.00485747930149572,0.9092,"2","nucleoporin 188"
"Bcl7a",0.00484233633783404,0.921,"5","B cell CLL/lymphoma 7A"
"Erc2",0.0048359376341125,0.9726,"14","ELKS/RAB6-interacting/CAST family member 2"
"Phyhip",-0.00483078052057273,0.9548,"14","phytanoyl-CoA hydroxylase interacting protein"
"Ctif",-0.00481793975677824,0.9384,"18","CBP80/20-dependent translation initiation factor"
"Tent2",-0.00480496564596589,0.94,"13","terminal nucleotidyltransferase 2"
"Itsn2",0.00480352112093652,0.9762,"12","intersectin 2"
"Stk19",-0.00479048610392585,0.969,"17","serine/threonine kinase 19"
"Lgalsl",0.00478503571672562,0.9076,"11","galectin like"
"Tnks1bp1",-0.00478080510074719,0.94,"2","tankyrase 1 binding protein 1"
"Necap1",0.00477759417594648,0.9608,"6","NECAP endocytosis associated 1"
"Tmem98",0.00477703600405732,0.976,"11","transmembrane protein 98"
"Ano10",0.00477245164841111,0.9544,"9","anoctamin 10"
"Pik3c2a",-0.0047634103398746,0.966,"7","phosphatidylinositol-4-phosphate 3-kinase catalytic subunit type 2 alpha"
"Fyn",0.00476159505136131,0.927,"10","Fyn proto-oncogene"
"Ginm1",-0.00476157517170384,0.9452,"10","glycoprotein integral membrane 1"
"Mark1",0.00473356739600295,0.895,"1","MAP/microtubule affinity regulating kinase 1"
"Fam174c",0.00472981570676034,0.979,"10","family with sequence similarity 174, member C"
"Tmem47",0.00472220083841091,0.9456,"X","transmembrane protein 47"
"Sox21",-0.00470685216568389,0.9702,"14","SRY (sex determining region Y)-box 21"
"Tspan4",0.00470666090287786,0.9578,"7","tetraspanin 4"
"Rab18",-0.00470621099479729,0.9608,"18","RAB18, member RAS oncogene family"
"Morc4",0.00470378278561334,0.9694,"X","microrchidia 4"
"Mllt10",0.00469563757956326,0.9598,"2","myeloid/lymphoid or mixed-lineage leukemia; translocated to, 10"
"Dhfr",-0.00469017684671336,0.9324,"13","dihydrofolate reductase"
"Camk2g",-0.0046848497399381,0.92,"14","calcium/calmodulin-dependent protein kinase II gamma"
"Lrrc8b",-0.00468244849415189,0.968,"5","leucine rich repeat containing 8 family, member B"
"Celsr2",-0.00467666873825223,0.9368,"3","cadherin, EGF LAG seven-pass G-type receptor 2"
"Nr1h2",0.00467102436882172,0.958,"7","nuclear receptor subfamily 1, group H, member 2"
"Nfic",0.00466612590038551,0.933,"10","nuclear factor I/C"
"Add1",-0.00464753432257048,0.8962,"5","adducin 1 (alpha)"
"Invs",-0.00464670116764276,0.9618,"4","inversin"
"Tmem67",0.00464073951551747,0.961,"4","transmembrane protein 67"
"Gpaa1",0.00463547857970603,0.9518,"15","GPI anchor attachment protein 1"
"Gfer",0.0046329564654144,0.95,"17","growth factor, augmenter of liver regeneration"
"Txndc9",0.00462820601999514,0.9326,"1","thioredoxin domain containing 9"
"Rnf11",-0.00462685804124874,0.9508,"4","ring finger protein 11"
"Lmtk3",0.00461420967134707,0.9714,"7","lemur tyrosine kinase 3"
"Zfp87",-0.00460502125775308,0.9336,"13","zinc finger protein 87"
"Jakmip2",-0.00458917141094695,0.9394,"18","janus kinase and microtubule interacting protein 2"
"Fam76a",-0.00458809554961714,0.921,"4","family with sequence similarity 76, member A"
"Cbx3",0.00457752267746603,0.9662,"6","chromobox 3"
"Atg4a",-0.00457647938369954,0.9588,"X","autophagy related 4A, cysteine peptidase"
"Hsf1",-0.00456292936458524,0.9448,"15","heat shock factor 1"
"Gnpat",-0.00456001729866262,0.8654,"8","glyceronephosphate O-acyltransferase"
"Tmem120b",0.00454891447798156,0.9494,"5","transmembrane protein 120B"
"Dpp8",-0.00453108962810234,0.964,"9","dipeptidylpeptidase 8"
"Gprin1",-0.00453019893731543,0.948,"13","G protein-regulated inducer of neurite outgrowth 1"
"Rundc3b",-0.00451985089294293,0.962,"5","RUN domain containing 3B"
"Slitrk3",-0.00451974109830999,0.9684,"3","SLIT and NTRK-like family, member 3"
"Lxn",-0.00451861496362049,0.9694,"3","latexin"
"Zfp516",0.00449425151605398,0.952,"18","zinc finger protein 516"
"Usp5",0.00448469123244166,0.9082,"6","ubiquitin specific peptidase 5 (isopeptidase T)"
"Amy1",0.00447704273222893,0.974,"3","amylase 1, salivary"
"Atg3",-0.00447352392736278,0.9472,"16","autophagy related 3"
"Anapc13",-0.00447007452642545,0.976,"9","anaphase promoting complex subunit 13"
"Map4k5",-0.00446484089983379,0.9648,"12","mitogen-activated protein kinase kinase kinase kinase 5"
"Pik3ca",-0.00445905254465817,0.9204,"3","phosphatidylinositol-4,5-bisphosphate 3-kinase catalytic subunit alpha"
"Srrm4",-0.00445741151339529,0.9656,"5","serine/arginine repetitive matrix 4"
"Jakmip3",0.00444591843679731,0.9534,"7","janus kinase and microtubule interacting protein 3"
"Wscd2",-0.00444237000981662,0.9494,"5","WSC domain containing 2"
"Fastkd5",0.00442841781559622,0.9578,"2","FAST kinase domains 5"
"Clec16a",0.00442647324037626,0.9326,"16","C-type lectin domain family 16, member A"
"Mphosph6",0.0044253334674722,0.944,"8","M phase phosphoprotein 6"
"Fkrp",0.00442295909695112,0.9366,"7","fukutin related protein"
"Rnps1",0.0044222293000038,0.9052,"17","RNA binding protein with serine rich domain 1"
"Zfp235",0.00442016659974076,0.9318,"7","zinc finger protein 235"
"Chchd3",-0.00441665512880007,0.951,"6","coiled-coil-helix-coiled-coil-helix domain containing 3"
"Cfap300",-0.00441446032678394,0.9586,"9","cilia and flagella associated protein 300"
"Rasa3",-0.00441432817828336,0.9054,"8","RAS p21 protein activator 3"
"Rtf1",0.0044141640426929,0.9096,"2","RTF1, Paf1/RNA polymerase II complex component"
"Srsf11",0.00440088476680334,0.972,"3","serine and arginine-rich splicing factor 11"
"Gfra2",-0.00437732170414851,0.9492,"14","glial cell line derived neurotrophic factor family receptor alpha 2"
"Map2k7",0.00437478997944218,0.9284,"8","mitogen-activated protein kinase kinase 7"
"Rbm22",0.00437153728928941,0.9202,"18","RNA binding motif protein 22"
"Sun1",-0.00435713742089661,0.938,"5","Sad1 and UNC84 domain containing 1"
"As3mt",-0.00434878130520122,0.9706,"19","arsenite methyltransferase"
"Med1",-0.00434237140437421,0.9614,"11","mediator complex subunit 1"
"Rbpj",0.00432957104790344,0.9386,"5","recombination signal binding protein for immunoglobulin kappa J region"
"Rala",0.00432190228746254,0.9302,"13","v-ral simian leukemia viral oncogene A (ras related)"
"Abhd16a",0.00429988034913453,0.9292,"17","abhydrolase domain containing 16A"
"Ddx3x",-0.00429056250715387,0.977,"X","DEAD box helicase 3, X-linked"
"Snx30",0.00428314187381051,0.9518,"4","sorting nexin family member 30"
"Dync2li1",-0.00427926212368668,0.9408,"17","dynein cytoplasmic 2 light intermediate chain 1"
"Apc2",0.0042752525217864,0.9406,"10","APC regulator of WNT signaling pathway 2"
"Alg12",-0.0042677119617287,0.9578,"15","asparagine-linked glycosylation 12 (alpha-1,6-mannosyltransferase)"
"Ubl3",-0.00425564192822847,0.9542,"5","ubiquitin-like 3"
"Gga2",0.00425477599808577,0.9594,"7","golgi associated, gamma adaptin ear containing, ARF binding protein 2"
"Eml4",0.00425167281259764,0.9508,"17","echinoderm microtubule associated protein like 4"
"Ogfod3",-0.00424257267614081,0.9762,"11","2-oxoglutarate and iron-dependent oxygenase domain containing 3"
"Plppr4",0.00423795610555011,0.9684,"3","phospholipid phosphatase related 4"
"Tmem114",-0.00423445874793926,0.98,"16","transmembrane protein 114"
"Spag6l",-0.00423036758128426,0.972,"16","sperm associated antigen 6-like"
"Irf2bpl",0.00422486689554358,0.9464,"12","interferon regulatory factor 2 binding protein-like"
"Tmem106c",-0.0042238739930216,0.959,"15","transmembrane protein 106C"
"Mrpl40",-0.00422289758327477,0.9568,"16","mitochondrial ribosomal protein L40"
"Sec63",-0.00422115446112059,0.9138,"10","SEC63-like (S. cerevisiae)"
"Mdk",-0.00422014162585338,0.9756,"2","midkine"
"Ndfip1",-0.00421378717034404,0.9666,"18","Nedd4 family interacting protein 1"
"Gorasp2",0.00421092491510677,0.933,"2","golgi reassembly stacking protein 2"
"Dennd6a",0.00421036701474176,0.929,"14","DENN/MADD domain containing 6A"
"Ctnnbl1",-0.00420987641065018,0.9486,"2","catenin, beta like 1"
"Paf1",-0.0042074223702766,0.9498,"7","Paf1, RNA polymerase II complex component"
"Ctbp2",0.00419485074373149,0.9324,"7","C-terminal binding protein 2"
"Tceal1",-0.0041873295821695,0.9654,"X","transcription elongation factor A (SII)-like 1"
"Ptger1",0.00418606089416418,0.9686,"8","prostaglandin E receptor 1 (subtype EP1)"
"Nek9",-0.00418582873655549,0.919,"12","NIMA (never in mitosis gene a)-related expressed kinase 9"
"Ino80c",-0.00418443656465683,0.9298,"18","INO80 complex subunit C"
"Paqr3",0.00418428403860949,0.9518,"5","progestin and adipoQ receptor family member III"
"Nefm",-0.00418106179222466,0.945,"14","neurofilament, medium polypeptide"
"Tatdn3",-0.00417023449590515,0.9716,"1","TatD DNase domain containing 3"
"Pip4k2c",0.00416653430469971,0.9274,"10","phosphatidylinositol-5-phosphate 4-kinase, type II, gamma"
"Chd1",0.00416563768957801,0.9698,"17","chromodomain helicase DNA binding protein 1"
"Vps37c",0.00416095523537496,0.9184,"19","vacuolar protein sorting 37C"
"Fam98b",0.00415003827899874,0.9362,"2","family with sequence similarity 98, member B"
"Gtf2e1",-0.00414414884324543,0.967,"16","general transcription factor II E, polypeptide 1 (alpha subunit)"
"Sec14l5",-0.00414006859230165,0.9868,"16","SEC14-like lipid binding 5"
"Fam216b",0.00413699644012477,0.9902,"14","family with sequence similarity 216, member B"
"Tnks",-0.00413348135018321,0.984,"8","tankyrase, TRF1-interacting ankyrin-related ADP-ribose polymerase"
"Ccdc92",0.0041281860073159,0.9606,"5","coiled-coil domain containing 92"
"Nol11",0.00412639281196725,0.9512,"11","nucleolar protein 11"
"Gtpbp1",0.00412144285946603,0.9448,"15","GTP binding protein 1"
"Pja1",-0.00411520109832875,0.9228,"X","praja ring finger ubiquitin ligase 1"
"Kctd2",0.00411306957699686,0.9668,"11","potassium channel tetramerisation domain containing 2"
"Ermp1",0.0041033781893125,0.932,"19","endoplasmic reticulum metallopeptidase 1"
"Ncoa3",-0.00409986360876147,0.9682,"2","nuclear receptor coactivator 3"
"Fntb",0.00409420143561956,0.941,"12","farnesyltransferase, CAAX box, beta"
"Rpl28",0.00409390562016565,0.9822,"7","ribosomal protein L28"
"Mthfd1",-0.00408549112831036,0.8966,"12","methylenetetrahydrofolate dehydrogenase (NADP+ dependent), methenyltetrahydrofolate cyclohydrolase, formyltetrahydrofolate synthase"
"Dpm1",0.00407886306652694,0.9704,"2","dolichol-phosphate (beta-D) mannosyltransferase 1"
"Psmd10",-0.00407807888430245,0.9506,"X","proteasome (prosome, macropain) 26S subunit, non-ATPase, 10"
"Fam131a",-0.00407646222589264,0.9598,"16","family with sequence similarity 131, member A"
"Gpm6a",-0.00406478794218224,0.9734,"8","glycoprotein m6a"
"Rnf214",0.00405687797365495,0.8992,"9","ring finger protein 214"
"Slc44a2",-0.00405631644550919,0.931,"9","solute carrier family 44, member 2"
"Ppp2r5a",0.00405413468866644,0.9236,"1","protein phosphatase 2, regulatory subunit B', alpha"
"Coq8b",-0.00404276246236446,0.9648,"7","coenzyme Q8B"
"Rfx1",0.00404103496407604,0.9756,"8","regulatory factor X, 1 (influences HLA class II expression)"
"Exo5",-0.0040368919610243,0.9398,"4","exonuclease 5"
"Ern1",0.00403566225523067,0.989,"11","endoplasmic reticulum (ER) to nucleus signalling 1"
"Abraxas1",0.00403432672713322,0.9728,"5","BRCA1 A complex subunit"
"Zfp108",0.00403070779150827,0.953,"7","zinc finger protein 108"
"Tram1",-0.00402132697061752,0.9454,"1","translocating chain-associating membrane protein 1"
"Shpk",-0.00401221913939653,0.9528,"11","sedoheptulokinase"
"Tubgcp4",-0.00400936838267407,0.9688,"2","tubulin, gamma complex associated protein 4"
"Rab21",0.00400042498147091,0.9438,"10","RAB21, member RAS oncogene family"
"Tspan7",-0.00399986814772113,0.9522,"X","tetraspanin 7"
"Abcg1",0.00399444976624874,0.9238,"17","ATP binding cassette subfamily G member 1"
"Slc26a8",0.00399292171217924,0.9782,"17","solute carrier family 26, member 8"
"Kras",0.00397177796354331,0.9428,"6","Kirsten rat sarcoma viral oncogene homolog"
"Med22",0.00396937659418306,0.951,"2","mediator complex subunit 22"
"2310033P09Rik",0.00396097601537093,0.9568,"11","RIKEN cDNA 2310033P09 gene"
"Eif4ebp3",0.0039581404241984,0.9834,"18","eukaryotic translation initiation factor 4E binding protein 3"
"Taf2",-0.00395284019182185,0.9682,"15","TATA-box binding protein associated factor 2"
"Cryl1",-0.00394725208418345,0.9606,"14","crystallin, lambda 1"
"Mpped2",0.00394573357694128,0.959,"2","metallophosphoesterase domain containing 2"
"Xdh",0.00392835236364419,0.992,"17","xanthine dehydrogenase"
"Ttpa",0.00392385493212011,0.9638,"4","tocopherol (alpha) transfer protein"
"Anxa7",0.00392051659757886,0.928,"14","annexin A7"
"Arl8a",0.00391872460919984,0.9436,"1","ADP-ribosylation factor-like 8A"
"Rnf19b",0.00390706342222558,0.9522,"4","ring finger protein 19B"
"Cdc42se2",0.0039004122454207,0.9272,"11","CDC42 small effector 2"
"Rxfp1",-0.0038998606580015,0.9924,"3","relaxin/insulin-like family peptide receptor 1"
"Rab26",0.00388130556980304,0.9608,"17","RAB26, member RAS oncogene family"
"Zc3h7a",0.00387775553500003,0.9736,"16","zinc finger CCCH type containing 7 A"
"Pigf",0.0038739656871023,0.9704,"17","phosphatidylinositol glycan anchor biosynthesis, class F"
"Tmem108",-0.00386353737662315,0.962,"9","transmembrane protein 108"
"Vstm2l",-0.00386254096072403,0.975,"2","V-set and transmembrane domain containing 2-like"
"Pdk1",0.00386055037489186,0.956,"2","pyruvate dehydrogenase kinase, isoenzyme 1"
"Ddost",-0.00385712799869076,0.9344,"4","dolichyl-di-phosphooligosaccharide-protein glycotransferase"
"Tab3",-0.00385609262734654,0.9706,"X","TGF-beta activated kinase 1/MAP3K7 binding protein 3"
"Ppp2r5e",0.00385486364250642,0.9466,"12","protein phosphatase 2, regulatory subunit B', epsilon"
"Glg1",0.00385439725755887,0.9172,"8","golgi apparatus protein 1"
"Mtss2",-0.00385195284492745,0.9468,"8","MTSS I-BAR domain containing 2"
"Pds5a",0.00385179740222341,0.9648,"5","PDS5 cohesin associated factor A"
"Zfp148",-0.00385106365649346,0.9636,"16","zinc finger protein 148"
"Rpa1",-0.00384731468423904,0.9276,"11","replication protein A1"
"Cfap100",0.00384577021299481,0.979,"6","cilia and flagella associated protein 100"
"Septin2",0.00383825795147263,0.937,"1","septin 2"
"Septin2",0.00383825795147263,0.937,"1","septin 2"
"1810058I24Rik",-0.00383519357327744,0.9748,"6","RIKEN cDNA 1810058I24 gene"
"Kif21b",-0.00383163654805685,0.9644,"1","kinesin family member 21B"
"Tlk1",0.00382794061282254,0.9546,"2","tousled-like kinase 1"
"Zfp710",0.00382012168914159,0.9406,"7","zinc finger protein 710"
"Caskin2",-0.00380621039331519,0.9592,"11","CASK-interacting protein 2"
"Rbm10",-0.00379452550585402,0.9638,"X","RNA binding motif protein 10"
"Cdc25b",0.00379181497119419,0.981,"2","cell division cycle 25B"
"Med14",0.00378849218890842,0.9598,"X","mediator complex subunit 14"
"Mcu",0.00377097424338135,0.9522,"10","mitochondrial calcium uniporter"
"Stradb",-0.00375955622223234,0.9008,"1","STE20-related kinase adaptor beta"
"Ppm1b",0.00375626474337931,0.9238,"17","protein phosphatase 1B, magnesium dependent, beta isoform"
"Mapk4",0.0037458279303122,0.953,"18","mitogen-activated protein kinase 4"
"Enox1",0.00374251740741549,0.9312,"14","ecto-NOX disulfide-thiol exchanger 1"
"Hdac9",-0.00373693058911329,0.9774,"12","histone deacetylase 9"
"Trak1",0.0037326495400114,0.9122,"9","trafficking protein, kinesin binding 1"
"Cenpm",0.0037296308209489,0.9816,"15","centromere protein M"
"Nagk",-0.00371887176183439,0.9696,"6","N-acetylglucosamine kinase"
"Crnkl1",0.00371001751793054,0.9608,"2","crooked neck pre-mRNA splicing factor 1"
"Plpbp",-0.00369682591353104,0.9304,"8","pyridoxal phosphate binding protein"
"Nsrp1",0.00369437481936963,0.9582,"11","nuclear speckle regulatory protein 1"
"Mrpl38",0.00368655759807623,0.9662,"11","mitochondrial ribosomal protein L38"
"Agrn",0.00367892290307736,0.9738,"4","agrin"
"Fam120c",0.00367394047157354,0.9468,"X","family with sequence similarity 120, member C"
"Dhx40",0.00366767387147693,0.9452,"11","DEAH (Asp-Glu-Ala-His) box polypeptide 40"
"Cct4",0.00366516770564029,0.929,"11","chaperonin containing Tcp1, subunit 4 (delta)"
"Eid2b",0.00366072838463616,0.9524,"7","EP300 interacting inhibitor of differentiation 2B"
"Cnot2",-0.00365251805710809,0.944,"10","CCR4-NOT transcription complex, subunit 2"
"Ubr2",-0.0036512146813612,0.9602,"17","ubiquitin protein ligase E3 component n-recognin 2"
"Rras",0.00364843467694742,0.9788,"7","related RAS viral (r-ras) oncogene"
"Tbata",0.00364100542131673,0.9658,"10","thymus, brain and testes associated"
"Upp2",0.00363143739080085,0.9688,"2","uridine phosphorylase 2"
"Baz1b",-0.0036285535503362,0.96,"5","bromodomain adjacent to zinc finger domain, 1B"
"Papola",0.00362804716319065,0.9652,"12","poly (A) polymerase alpha"
"Eefsec",-0.00361110676163001,0.972,"6","eukaryotic elongation factor, selenocysteine-tRNA-specific"
"Mapre3",0.00360402907515045,0.9626,"5","microtubule-associated protein, RP/EB family, member 3"
"Cyb5b",0.00360289014492743,0.9264,"8","cytochrome b5 type B"
"Grm7",0.00359518692926653,0.976,"6","glutamate receptor, metabotropic 7"
"Bahcc1",0.00358687876199326,0.9734,"11","BAH domain and coiled-coil containing 1"
"Fmr1",-0.00358113642961921,0.9806,"X","fragile X messenger ribonucleoprotein 1"
"Fzd1",0.0035787040927584,0.9668,"5","frizzled class receptor 1"
"Vps33b",-0.00356991213302837,0.9732,"7","vacuolar protein sorting 33B"
"Mknk1",-0.00356817913822471,0.9496,"4","MAP kinase-interacting serine/threonine kinase 1"
"Thap1",0.00356602802933415,0.9632,"8","THAP domain containing, apoptosis associated protein 1"
"Pgrmc2",-0.00356127170520271,0.9414,"3","progesterone receptor membrane component 2"
"Stim1",-0.00356053659580891,0.9282,"7","stromal interaction molecule 1"
"Papss2",-0.00355970198191269,0.967,"19","3'-phosphoadenosine 5'-phosphosulfate synthase 2"
"Slc12a6",0.00355890441567386,0.959,"2","solute carrier family 12, member 6"
"Ppie",0.0035577537062661,0.9726,"4","peptidylprolyl isomerase E (cyclophilin E)"
"Rb1cc1",-0.00355767568089771,0.9748,"1","RB1-inducible coiled-coil 1"
"Rdh11",0.00355560292185242,0.9628,"12","retinol dehydrogenase 11"
"Ptprt",-0.00355362574870277,0.9672,"2","protein tyrosine phosphatase, receptor type, T"
"Krt10",0.00353711389985811,0.9662,"11","keratin 10"
"Usp13",-0.00352294152945287,0.9802,"3","ubiquitin specific peptidase 13 (isopeptidase T-3)"
"Atat1",0.00351301573692364,0.9632,"17","alpha tubulin acetyltransferase 1"
"Nkain2",-0.00350817489664568,0.9458,"10","Na+/K+ transporting ATPase interacting 2"
"Endov",-0.00350457508798208,0.965,"11","endonuclease V"
"Wasl",-0.00350302093640398,0.9748,"6","WASP like actin nucleation promoting factor"
"Rell1",0.00349794412840065,0.9572,"5","RELT-like 1"
"Atg9b",-0.00348159249400148,0.9822,"5","autophagy related 9B"
"Mrpl10",-0.00347959328834069,0.971,"11","mitochondrial ribosomal protein L10"
"Ccdc115",0.00347625113526018,0.9624,"1","coiled-coil domain containing 115"
"Scn8a",0.00347428826592733,0.956,"15","sodium channel, voltage-gated, type VIII, alpha"
"Ccdc9",-0.00345911990598147,0.9676,"7","coiled-coil domain containing 9"
"Zfand5",-0.00345814697084634,0.9892,"19","zinc finger, AN1-type domain 5"
"Ppp1r10",0.00345143717982577,0.95,"17","protein phosphatase 1, regulatory subunit 10"
"Eif4b",0.00344048280233977,0.922,"15","eukaryotic translation initiation factor 4B"
"Mypop",0.00343444530503501,0.9626,"7","Myb-related transcription factor, partner of profilin"
"Kif26b",0.00343260227150388,0.9838,"1","kinesin family member 26B"
"Pwwp2b",-0.00340924936122544,0.9702,"7","PWWP domain containing 2B"
"Coq8a",-0.00340572506451231,0.939,"1","coenzyme Q8A"
"Ndrg3",0.00340237164334312,0.963,"2","N-myc downstream regulated gene 3"
"Pigt",-0.00339710947997229,0.948,"2","phosphatidylinositol glycan anchor biosynthesis, class T"
"Tubgcp3",0.00339284244871685,0.9642,"8","tubulin, gamma complex associated protein 3"
"Tmem203",0.00339231642092974,0.9652,"2","transmembrane protein 203"
"Ptch1",0.00338825008631716,0.9626,"13","patched 1"
"N4bp2",-0.00338529095560425,0.9886,"5","NEDD4 binding protein 2"
"Taf3",-0.00338345630405268,0.9684,"2","TATA-box binding protein associated factor 3"
"Septin8",0.00337579847567859,0.9026,"11","septin 8"
"Rraga",-0.00336270196819832,0.9724,"4","Ras-related GTP binding A"
"Strada",-0.00336004174130267,0.9748,"11","STE20-related kinase adaptor alpha"
"Ppargc1a",0.00334810116856232,0.9758,"5","peroxisome proliferative activated receptor, gamma, coactivator 1 alpha"
"Aifm1",-0.00333905439648952,0.933,"X","apoptosis-inducing factor, mitochondrion-associated 1"
"Sec61b",-0.00330924671278865,0.9824,"4","Sec61 beta subunit"
"Cmtm5",0.00329895796123836,0.9812,"14","CKLF-like MARVEL transmembrane domain containing 5"
"Ppp1r7",0.00329837450590453,0.9498,"1","protein phosphatase 1, regulatory subunit 7"
"Sart3",-0.00327835386130637,0.9312,"5","squamous cell carcinoma antigen recognized by T cells 3"
"Lrrcc1",0.00327237674667913,0.982,"3","leucine rich repeat and coiled-coil domain containing 1"
"Nexmif",-0.00326865709756774,0.9828,"X","neurite extension and migration factor"
"Eef2kmt",0.00326836775942985,0.9818,"16","eukaryotic elongation factor 2 lysine methyltransferase"
"Zdhhc17",0.00325848821993269,0.9732,"10","zinc finger, DHHC domain containing 17"
"Usp16",-0.00325739984166251,0.9692,"16","ubiquitin specific peptidase 16"
"Slc15a2",0.00324714727820385,0.9784,"16","solute carrier family 15 (H+/peptide transporter), member 2"
"Camkmt",0.00324523667204257,0.9508,"17","calmodulin-lysine N-methyltransferase"
"Akap8",-0.00324279393101357,0.9806,"17","A kinase (PRKA) anchor protein 8"
"Kcnt2",-0.00323965145673899,0.9826,"1","potassium channel, subfamily T, member 2"
"Syap1",0.00323381773125409,0.949,"X","synapse associated protein 1"
"Cc2d1b",0.00323361509519327,0.9752,"4","coiled-coil and C2 domain containing 1B"
"Sacm1l",0.0032300988106222,0.9614,"9","SAC1 suppressor of actin mutations 1-like (yeast)"
"Pik3c2b",-0.00322630889773201,0.9776,"1","phosphatidylinositol-4-phosphate 3-kinase catalytic subunit type 2 beta"
"Foxn3",-0.00320489472516261,0.9766,"12","forkhead box N3"
"Cops7a",-0.003203229573292,0.9396,"6","COP9 signalosome subunit 7A"
"Man2a2",-0.00319873019719275,0.9502,"7","mannosidase 2, alpha 2"
"Numbl",-0.00318914361686851,0.9616,"7","numb-like"
"Prss35",-0.00317568119247991,0.9808,"9","protease, serine 35"
"Tstd3",-0.00316160009981914,0.9516,"4","thiosulfate sulfurtransferase (rhodanese)-like domain containing 3"
"Slc35f5",-0.00315960649568936,0.9698,"1","solute carrier family 35, member F5"
"Orc4",-0.00315479035235189,0.9674,"2","origin recognition complex, subunit 4"
"Plbd2",-0.00315441405372141,0.9592,"5","phospholipase B domain containing 2"
"Nuak1",-0.00314867142150099,0.9662,"10","NUAK family, SNF1-like kinase, 1"
"Cul5",0.00314373444090599,0.9626,"9","cullin 5"
"Hspe1",-0.00314256641709409,0.9742,"1","heat shock protein 1 (chaperonin 10)"
"Cry2",0.00313582400066714,0.9462,"2","cryptochrome 2 (photolyase-like)"
"Tspyl2",0.0031313096729404,0.9622,"X","TSPY-like 2"
"H2bc21",0.00313029238622686,0.9644,"3","H2B clustered histone 21"
"Rev3l",-0.00312159339826845,0.981,"10","REV3 like, DNA directed polymerase zeta catalytic subunit"
"Vipr1",-0.00312077637065311,0.97,"9","vasoactive intestinal peptide receptor 1"
"Nars2",0.0031118592960877,0.9666,"7","asparaginyl-tRNA synthetase 2 (mitochondrial)(putative)"
"Rif1",0.00310776028608029,0.9866,"2","replication timing regulatory factor 1"
"Kcnj12",-0.00310392015592642,0.9796,"11","potassium inwardly-rectifying channel, subfamily J, member 12"
"Cdk13",-0.00309235902136251,0.9698,"13","cyclin-dependent kinase 13"
"Wdr91",0.00308715520367997,0.9442,"6","WD repeat domain 91"
"Hnrnpr",-0.00308395798909267,0.9704,"4","heterogeneous nuclear ribonucleoprotein R"
"Tmem131l",0.00308272073464533,0.9742,"3","transmembrane 131 like"
"Igsf3",0.00307618305309632,0.9568,"3","immunoglobulin superfamily, member 3"
"Chmp6",0.00307351931154676,0.9702,"11","charged multivesicular body protein 6"
"Bub3",-0.00306670638874529,0.9546,"7","BUB3 mitotic checkpoint protein"
"Mpv17",0.00306321005633681,0.9534,"5","MpV17 mitochondrial inner membrane protein"
"Pygb",0.00306184600747716,0.9492,"2","brain glycogen phosphorylase"
"Kyat3",-0.00305899653108765,0.9644,"3","kynurenine aminotransferase 3"
"Epb41",0.00305790763155223,0.971,"4","erythrocyte membrane protein band 4.1"
"Gys1",-0.00304689564633431,0.9646,"7","glycogen synthase 1, muscle"
"Myo1b",0.00303622348924559,0.9864,"1","myosin IB"
"Prpf3",-0.0030164003948876,0.9548,"3","pre-mRNA processing factor 3"
"Pcdh8",0.00301403616264562,0.9906,"14","protocadherin 8"
"Slu7",-0.00301270351373706,0.96,"11","SLU7 splicing factor homolog (S. cerevisiae)"
"Rit2",-0.00300679449878949,0.9596,"18","Ras-like without CAAX 2"
"Tm6sf2",0.00300185287175392,0.989,"8","transmembrane 6 superfamily member 2"
"Prkaa2",0.00300166099321331,0.9722,"4","protein kinase, AMP-activated, alpha 2 catalytic subunit"
"Slc25a44",0.00300024758433182,0.9412,"3","solute carrier family 25, member 44"
"Kctd20",-0.00298911386811351,0.9296,"17","potassium channel tetramerisation domain containing 20"
"Pfkfb4",0.00296036585129889,0.974,"9","6-phosphofructo-2-kinase/fructose-2,6-biphosphatase 4"
"Usp37",-0.00295258588831793,0.9674,"1","ubiquitin specific peptidase 37"
"Adk",-0.00294969943768209,0.9648,"14","adenosine kinase"
"Smarca4",-0.00294341063501236,0.9514,"9","SWI/SNF related, matrix associated, actin dependent regulator of chromatin, subfamily a, member 4"
"Cacna1d",0.0029416031944498,0.9814,"14","calcium channel, voltage-dependent, L type, alpha 1D subunit"
"Rims4",-0.00293475285663858,0.98,"2","regulating synaptic membrane exocytosis 4"
"Aars",0.00292559835688966,0.9688,"8","alanyl-tRNA synthetase"
"Cds2",-0.00291924081686012,0.9474,"2","CDP-diacylglycerol synthase (phosphatidate cytidylyltransferase) 2"
"Zfp367",-0.00291378297532141,0.969,"13","zinc finger protein 367"
"Celf5",0.00290568875870001,0.9754,"10","CUGBP, Elav-like family member 5"
"Dcps",-0.00289387160244914,0.9754,"9","decapping enzyme, scavenger"
"Zfp592",0.0028935938606045,0.9596,"7","zinc finger protein 592"
"Zmpste24",0.00289266580832681,0.9532,"4","zinc metallopeptidase, STE24"
"Cactin",0.00288739470682842,0.9442,"10","cactin, spliceosome C complex subunit"
"Sqstm1",-0.00287813061658859,0.9692,"11","sequestosome 1"
"Eid1",-0.00287544714493038,0.9654,"2","EP300 interacting inhibitor of differentiation 1"
"Celf1",-0.00286973368430399,0.9682,"2","CUGBP, Elav-like family member 1"
"Vat1",0.00284520212388184,0.964,"11","vesicle amine transport 1"
"Slc4a8",-0.00284415142170502,0.9772,"15","solute carrier family 4 (anion exchanger), member 8"
"Nrros",-0.00282778701939623,0.9826,"16","negative regulator of reactive oxygen species"
"Sucla2",0.00282626271105091,0.979,"14","succinate-Coenzyme A ligase, ADP-forming, beta subunit"
"Hgs",0.00282325890369961,0.9352,"11","HGF-regulated tyrosine kinase substrate"
"Skil",-0.00279196572924434,0.9902,"3","SKI-like"
"Adsl",-0.00278808816991294,0.9604,"15","adenylosuccinate lyase"
"Rc3h2",-0.00278716671576262,0.966,"2","ring finger and CCCH-type zinc finger domains 2"
"Ppm1h",0.00278687454033566,0.971,"10","protein phosphatase 1H (PP2C domain containing)"
"A830018L16Rik",-0.00278588883406261,0.9852,"1","RIKEN cDNA A830018L16 gene"
"Syngap1",-0.00278122981346485,0.9716,"17","synaptic Ras GTPase activating protein 1 homolog (rat)"
"St3gal6",0.00278073934097911,0.9908,"16","ST3 beta-galactoside alpha-2,3-sialyltransferase 6"
"Ift46",-0.00277867275121579,0.969,"9","intraflagellar transport 46"
"Fbxw17",-0.00277618064351781,0.975,"13","F-box and WD-40 domain protein 17"
"Gas7",-0.00277283235138803,0.9468,"11","growth arrest specific 7"
"Gramd4",-0.00275360498098109,0.9378,"15","GRAM domain containing 4"
"Nwd2",0.00275334538010696,0.9826,"5","NACHT and WD repeat domain containing 2"
"Mex3c",0.00275022631335986,0.9838,"18","mex3 RNA binding family member C"
"Cyld",-0.00273754370047108,0.9654,"8","CYLD lysine 63 deubiquitinase"
"Tasor",0.00273400076343222,0.9794,"14","transcription activation suppressor"
"Arl2",-0.00272949903540987,0.9892,"19","ADP-ribosylation factor-like 2"
"Mif4gd",0.00272444511433179,0.974,"11","MIF4G domain containing"
"Nfrkb",0.00271999852346472,0.977,"9","nuclear factor related to kappa B binding protein"
"Bad",-0.00271904967868153,0.9688,"19","BCL2-associated agonist of cell death"
"Prkcb",0.00271874449902043,0.9746,"7","protein kinase C, beta"
"Mrps30",-0.00271341273453807,0.976,"13","mitochondrial ribosomal protein S30"
"Ctdsp1",-0.00271143322166534,0.9826,"1","CTD (carboxy-terminal domain, RNA polymerase II, polypeptide A) small phosphatase 1"
"Snx24",0.00271059841159982,0.954,"18","sorting nexing 24"
"Zbtb48",-0.00269693583521757,0.9796,"4","zinc finger and BTB domain containing 48"
"Adamts6",0.00269609414647931,0.9878,"13","a disintegrin-like and metallopeptidase (reprolysin type) with thrombospondin type 1 motif, 6"
"Gclc",-0.00269436929087608,0.9774,"9","glutamate-cysteine ligase, catalytic subunit"
"Xiap",0.00268266306622866,0.9818,"X","X-linked inhibitor of apoptosis"
"Nvl",0.00267514494698862,0.9842,"1","nuclear VCP-like"
"Fam184a",-0.00266311528456775,0.983,"10","family with sequence similarity 184, member A"
"Foxred2",-0.00265435612175313,0.9714,"15","FAD-dependent oxidoreductase domain containing 2"
"Pef1",-0.00264760418632282,0.9832,"4","penta-EF hand domain containing 1"
"Mbnl2",0.00264536244113245,0.9714,"14","muscleblind like splicing factor 2"
"Ccser2",-0.00264410502257917,0.9622,"14","coiled-coil serine rich 2"
"Tns3",0.00264194502301773,0.9774,"11","tensin 3"
"Ppp4r3a",-0.00263977177038655,0.9616,"12","protein phosphatase 4 regulatory subunit 3A"
"Tubb3",0.00261870607936832,0.9654,"8","tubulin, beta 3 class III"
"1110059G10Rik",0.00260447277382436,0.9734,"9","RIKEN cDNA 1110059G10 gene"
"Ttc9c",0.00260195504667404,0.97,"19","tetratricopeptide repeat domain 9C"
"Rabggta",-0.00259826696592036,0.9706,"14","Rab geranylgeranyl transferase, a subunit"
"Cdk5r1",-0.00257707391144812,0.9686,"11","cyclin-dependent kinase 5, regulatory subunit 1 (p35)"
"Cyp2j9",0.00257526389280294,0.9628,"4","cytochrome P450, family 2, subfamily j, polypeptide 9"
"Exd2",-0.00256589804600882,0.9838,"12","exonuclease 3'-5' domain containing 2"
"Znrf3",0.00256137057473449,0.9786,"11","zinc and ring finger 3"
"Tmem186",0.00256066718682657,0.9542,"16","transmembrane protein 186"
"Fbrs",0.00255754304290257,0.978,"7","fibrosin"
"Rpl7l1",-0.0025516723798269,0.9674,"17","ribosomal protein L7-like 1"
"Cyb561d2",-0.00255130903555889,0.9842,"9","cytochrome b-561 domain containing 2"
"Arfrp1",0.00254917155451651,0.966,"2","ADP-ribosylation factor related protein 1"
"Armcx1",-0.0025457096095618,0.973,"X","armadillo repeat containing, X-linked 1"
"Ablim1",-0.00254415139639708,0.9694,"19","actin-binding LIM protein 1"
"Ints8",-0.0025360394199625,0.9834,"4","integrator complex subunit 8"
"Krt222",0.00253563855245709,0.9712,"11","keratin 222"
"Nlgn3",0.00253101565410407,0.977,"X","neuroligin 3"
"Mrps14",-0.0025247677008764,0.9756,"1","mitochondrial ribosomal protein S14"
"Irf2bp1",0.00252164704937652,0.9694,"7","interferon regulatory factor 2 binding protein 1"
"Gfra1",0.00251152069617433,0.9788,"19","glial cell line derived neurotrophic factor family receptor alpha 1"
"Arpin",0.00251019360687899,0.9666,"7","actin-related protein 2/3 complex inhibitor"
"Nol4",-0.00250599634883297,0.9838,"18","nucleolar protein 4"
"Smyd2",0.00250523890362242,0.9796,"1","SET and MYND domain containing 2"
"Tmx1",-0.00250007745391922,0.972,"12","thioredoxin-related transmembrane protein 1"
"Sltm",0.00249321293501303,0.9682,"9","SAFB-like, transcription modulator"
"Calm2",-0.00249027775083377,0.9686,"17","calmodulin 2"
"Thap2",-0.00248635400631869,0.964,"10","THAP domain containing, apoptosis associated protein 2"
"Pspc1",0.00248504127150095,0.9878,"14","paraspeckle protein 1"
"Megf8",0.0024836161512205,0.9756,"7","multiple EGF-like-domains 8"
"Fbll1",0.00245491477012827,0.9762,"11","fibrillarin-like 1"
"Slx1b",0.00244728154738461,0.9848,"7","SLX1 structure-specific endonuclease subunit homolog B (S. cerevisiae)"
"Cpsf7",-0.00244369988631732,0.968,"19","cleavage and polyadenylation specific factor 7"
"Smg7",0.00243967368837605,0.9594,"1","SMG7 nonsense mediated mRNA decay factor"
"Nsun4",0.00243777220372055,0.9704,"4","NOL1/NOP2/Sun domain family, member 4"
"Prrc1",-0.00243510360020238,0.9702,"18","proline-rich coiled-coil 1"
"Ap4e1",0.00242311629352532,0.9836,"2","adaptor-related protein complex AP-4, epsilon 1"
"Mfsd8",0.0024214343449076,0.9732,"3","major facilitator superfamily domain containing 8"
"Tspan6",-0.00241388939771614,0.9774,"X","tetraspanin 6"
"Acox3",0.00240555149214305,0.9608,"5","acyl-Coenzyme A oxidase 3, pristanoyl"
"Tnfaip1",-0.00240210539478802,0.9578,"11","tumor necrosis factor, alpha-induced protein 1 (endothelial)"
"Stard8",0.00239888942761102,0.9808,"X","START domain containing 8"
"Usp32",-0.00239337248736948,0.9802,"11","ubiquitin specific peptidase 32"
"Dnaja2",-0.00238409685329621,0.9594,"8","DnaJ heat shock protein family (Hsp40) member A2"
"Xkr6",0.00237742860557688,0.9928,"14","X-linked Kx blood group related 6"
"Rhbdd2",-0.00237263620589268,0.965,"5","rhomboid domain containing 2"
"Tmem18",0.00235512632957136,0.9624,"12","transmembrane protein 18"
"Gja1",0.00234320690403145,0.9776,"10","gap junction protein, alpha 1"
"1700030J22Rik",0.0023336135986205,0.9766,"8","RIKEN cDNA 1700030J22 gene"
"Sparcl1",-0.00232456734956799,0.9654,"5","SPARC-like 1"
"Csnk1a1",-0.00231368816201893,0.978,"18","casein kinase 1, alpha 1"
"Tvp23a",0.00231172474701946,0.9666,"16","trans-golgi network vesicle protein 23A"
"Atxn7l3b",0.00230495948777243,0.957,"10","ataxin 7-like 3B"
"Rab12",-0.00229136569059385,0.9732,"17","RAB12, member RAS oncogene family"
"Rragb",0.00228721846363467,0.9848,"X","Ras-related GTP binding B"
"Ncoa6",0.002279537223286,0.9798,"2","nuclear receptor coactivator 6"
"Zeb1",-0.0022749250464198,0.9688,"18","zinc finger E-box binding homeobox 1"
"Cgref1",0.00227368623246482,0.9836,"5","cell growth regulator with EF hand domain 1"
"Sf3b6",-0.00227049255619427,0.9744,"12","splicing factor 3B, subunit 6"
"Nek1",0.00226043550838728,0.9846,"8","NIMA (never in mitosis gene a)-related expressed kinase 1"
"Fuca1",0.00225816626630415,0.9796,"4","fucosidase, alpha-L- 1, tissue"
"Mbd2",-0.00224947364791905,0.964,"18","methyl-CpG binding domain protein 2"
"Insyn2a",-0.00224944853541986,0.9812,"7","inhibitory synaptic factor 2A"
"Mfn2",0.00224256544010792,0.9518,"4","mitofusin 2"
"Foxj3",-0.00223604426393642,0.976,"4","forkhead box J3"
"2410004B18Rik",-0.00223267707356456,0.9758,"3","RIKEN cDNA 2410004B18 gene"
"Sh3bgrl",-0.00223064503708503,0.9628,"X","SH3-binding domain glutamic acid-rich protein like"
"Nfatc2",-0.0022229975048802,0.978,"2","nuclear factor of activated T cells, cytoplasmic, calcineurin dependent 2"
"Ewsr1",0.00221956797369849,0.9776,"11","Ewing sarcoma breakpoint region 1"
"Otub1",0.00221630294732478,0.9864,"19","OTU domain, ubiquitin aldehyde binding 1"
"Foxo6",0.00219494849710511,0.9856,"4","forkhead box O6"
"Unc80",0.0021942142874547,0.9822,"1","unc-80, NALCN activator"
"Kctd21",0.00219177769139733,0.968,"7","potassium channel tetramerisation domain containing 21"
"Trim26",0.00217830444209177,0.9664,"17","tripartite motif-containing 26"
"Fxyd6",-0.00216965508638278,0.9768,"9","FXYD domain-containing ion transport regulator 6"
"Mios",-0.00216820006553631,0.984,"6","meiosis regulator for oocyte development"
"Ccdc159",-0.00216387623187719,0.9932,"9","coiled-coil domain containing 159"
"Reck",-0.0021423797486726,0.9872,"4","reversion-inducing-cysteine-rich protein with kazal motifs"
"Rnf44",0.002137978297025,0.9676,"13","ring finger protein 44"
"Mfge8",0.00213636887907764,0.984,"7","milk fat globule EGF and factor V/VIII domain containing"
"Angpt1",-0.00212814648524917,0.9794,"15","angiopoietin 1"
"Aamp",0.00212676814526436,0.9728,"1","angio-associated migratory protein"
"Uggt1",0.00212445971891029,0.975,"1","UDP-glucose glycoprotein glucosyltransferase 1"
"Gnaz",0.00212350821694063,0.968,"10","guanine nucleotide binding protein, alpha z subunit"
"Usp28",0.00211755676293635,0.9834,"9","ubiquitin specific peptidase 28"
"Psma3",0.00211673496275289,0.9646,"12","proteasome subunit alpha 3"
"Sqle",-0.00210763047623708,0.9748,"15","squalene epoxidase"
"Golph3",-0.00209218720164817,0.997,"15","golgi phosphoprotein 3"
"Wac",-0.00208770892289056,0.9854,"18","WW domain containing adaptor with coiled-coil"
"Tmc7",-0.00208246425739755,0.9826,"7","transmembrane channel-like gene family 7"
"Gm4988",0.00208000645807882,0.9878,"X","predicted gene 4988"
"Trip12",-0.00207836680911644,0.9864,"1","thyroid hormone receptor interactor 12"
"Thumpd1",0.00207829429721773,0.97,"7","THUMP domain containing 1"
"Rngtt",0.00207391721068007,0.9832,"4","RNA guanylyltransferase and 5'-phosphatase"
"Bcas2",-0.00207378078630249,0.9712,"3","BCAS2 pre-mRNA processing factor"
"Tenm3",0.00206751918160286,0.9842,"8","teneurin transmembrane protein 3"
"Fdft1",0.00206133039579637,0.9674,"14","farnesyl diphosphate farnesyl transferase 1"
"Dnmbp",0.00205686723451581,0.9806,"19","dynamin binding protein"
"Map1b",-0.00204748857734494,0.9814,"13","microtubule-associated protein 1B"
"Lcorl",0.00203684558913819,0.9908,"5","ligand dependent nuclear receptor corepressor-like"
"Lcorl",0.00203684558913819,0.9908,"5","ligand dependent nuclear receptor corepressor-like"
"Ndufa3",-0.00203192392973417,0.9882,"7","NADH:ubiquinone oxidoreductase subunit A3"
"Fbxo9",0.00202576050714232,0.971,"9","f-box protein 9"
"9530068E07Rik",0.00202207325663384,0.9716,"11","RIKEN cDNA 9530068E07 gene"
"Snx27",0.00201365731597836,0.9534,"3","sorting nexin family member 27"
"Pnp",0.00199734473780566,0.976,"14","purine-nucleoside phosphorylase"
"Mcts1",-0.0019793310982763,0.9678,"X","malignant T cell amplified sequence 1"
"Tubgcp6",0.00197703498586943,0.9856,"15","tubulin, gamma complex associated protein 6"
"Arhgef1",-0.00196918358919351,0.99,"7","Rho guanine nucleotide exchange factor (GEF) 1"
"AI987944",-0.00196375839510221,0.9748,"7","expressed sequence AI987944"
"Zxdb",-0.00196254504423488,0.9768,"X","zinc finger, X-linked, duplicated B"
"Atad2",-0.00195932339546401,0.9888,"15","ATPase family, AAA domain containing 2"
"Coasy",0.00194865514934328,0.9666,"11","Coenzyme A synthase"
"Sgk1",-0.00193605156138421,0.9924,"10","serum/glucocorticoid regulated kinase 1"
"Slc7a2",0.00193485627506629,0.977,"8","solute carrier family 7 (cationic amino acid transporter, y+ system), member 2"
"Agpat4",0.00193443461198672,0.9838,"17","1-acylglycerol-3-phosphate O-acyltransferase 4 (lysophosphatidic acid acyltransferase, delta)"
"2210408I21Rik",-0.00193197787734078,0.9828,"13","RIKEN cDNA 2210408I21 gene"
"Usp7",0.00193046130716379,0.9784,"16","ubiquitin specific peptidase 7"
"1110004F10Rik",0.00192688178247913,0.9768,"7","RIKEN cDNA 1110004F10 gene"
"Cpne1",-0.00192634393039626,0.984,"2","copine I"
"R3hdm2",0.00191984353679597,0.9748,"10","R3H domain containing 2"
"Ptprs",-0.00191370138553637,0.965,"17","protein tyrosine phosphatase, receptor type, S"
"Hmgcl",0.00190824784649202,0.9834,"4","3-hydroxy-3-methylglutaryl-Coenzyme A lyase"
"Yipf4",-0.0019071658312706,0.9946,"17","Yip1 domain family, member 4"
"Stn1",0.00190539747156571,0.9814,"19","STN1, CST complex subunit"
"Etfa",0.00189607550018511,0.9724,"9","electron transferring flavoprotein, alpha polypeptide"
"D16Ertd472e",-0.00188639156013881,0.9772,"16","DNA segment, Chr 16, ERATO Doi 472, expressed"
"Serac1",-0.00188590497701302,0.9814,"17","serine active site containing 1"
"Uri1",-0.00188520666560432,0.96,"7","URI1, prefoldin-like chaperone"
"Cebpz",-0.00187845993867874,0.9778,"17","CCAAT/enhancer binding protein zeta"
"Arhgef2",-0.00187646872080371,0.9754,"3","rho/rac guanine nucleotide exchange factor (GEF) 2"
"Tsga10",0.00187586167444875,0.9844,"1","testis specific 10"
"Mplkip",-0.00187443580365665,0.9798,"13","M-phase specific PLK1 intereacting protein"
"Slc25a39",-0.00187105888642769,0.9882,"11","solute carrier family 25, member 39"
"Nxpe3",0.00186968379285624,0.983,"16","neurexophilin and PC-esterase domain family, member 3"
"Cdc7",-0.00186538952606163,0.988,"5","cell division cycle 7 (S. cerevisiae)"
"Cpsf6",-0.00186325810148169,0.9902,"10","cleavage and polyadenylation specific factor 6"
"Mcts2",0.00185124906837775,0.9814,"2","malignant T cell amplified sequence 2"
"Lpar1",0.0018479967239351,0.994,"4","lysophosphatidic acid receptor 1"
"Rbm7",0.00184380712797338,0.9822,"9","RNA binding motif protein 7"
"Fhl1",0.00184197186636403,0.967,"X","four and a half LIM domains 1"
"Acvr1b",0.00183841931966366,0.981,"15","activin A receptor, type 1B"
"Zkscan5",-0.00183797027149701,0.9768,"5","zinc finger with KRAB and SCAN domains 5"
"Snapin",-0.00183733233022298,0.9762,"3","SNAP-associated protein"
"Cacnb1",-0.00183212544351274,0.9724,"11","calcium channel, voltage-dependent, beta 1 subunit"
"1700017B05Rik",0.00182581156905037,0.9858,"9","RIKEN cDNA 1700017B05 gene"
"Gm5089",0.00182388540994038,0.9848,"14","predicted gene 5089"
"Mcm3ap",0.00182294178817877,0.9854,"10","minichromosome maintenance complex component 3 associated protein"
"Rpusd2",0.00181829222158614,0.975,"2","RNA pseudouridylate synthase domain containing 2"
"Flywch1",0.00181692212099804,0.967,"17","FLYWCH-type zinc finger 1"
"Elac2",-0.00181637328592732,0.969,"11","elaC ribonuclease Z 2"
"Ciao2a",0.00181499823742026,0.9876,"9","cytosolic iron-sulfur assembly component 2A"
"Zfp317",-0.00181186158539592,0.977,"9","zinc finger protein 317"
"D2hgdh",-0.00180693982236413,0.975,"1","D-2-hydroxyglutarate dehydrogenase"
"Sh3d19",-0.00180050899932915,0.9906,"3","SH3 domain protein D19"
"Akap17b",0.00179629647523605,0.9816,"X","A kinase (PRKA) anchor protein 17B"
"Snn",-0.0017908511217648,0.9718,"16","stannin"
"Faim",0.00177786527964408,0.9822,"9","Fas apoptotic inhibitory molecule"
"Patl1",0.00177633091146046,0.975,"19","protein associated with topoisomerase II homolog 1 (yeast)"
"Sptb",0.001768410792927,0.9792,"12","spectrin beta, erythrocytic"
"Wdr45b",0.00176106717455049,0.966,"11","WD repeat domain 45B"
"Ube2b",-0.00176069291068792,0.9718,"11","ubiquitin-conjugating enzyme E2B"
"Ss18",0.00174071041227375,0.977,"18","SS18, nBAF chromatin remodeling complex subunit"
"Bcap31",-0.00173099889745743,0.9808,"X","B cell receptor associated protein 31"
"Asrgl1",0.00172952356508116,0.9882,"19","asparaginase like 1"
"Stip1",0.0017292815179939,0.9778,"19","stress-induced phosphoprotein 1"
"Bcl2l13",0.00172623691382601,0.9624,"6","BCL2-like 13 (apoptosis facilitator)"
"Maoa",0.00172552878456766,0.9772,"X","monoamine oxidase A"
"Psmd11",-0.00172455280691253,0.9874,"11","proteasome (prosome, macropain) 26S subunit, non-ATPase, 11"
"Fam91a1",0.00172205302141482,0.9804,"15","family with sequence similarity 91, member A1"
"Tmem256",-0.001720558367869,0.9922,"11","transmembrane protein 256"
"Abca3",-0.00171634917243235,0.983,"17","ATP-binding cassette, sub-family A (ABC1), member 3"
"Lypd1",0.00171505667281568,0.9802,"1","Ly6/Plaur domain containing 1"
"Wdr33",-0.00171496796419301,0.9556,"18","WD repeat domain 33"
"Cyp4f13",0.00170703636370284,0.9874,"17","cytochrome P450, family 4, subfamily f, polypeptide 13"
"Osgep",-0.00169852001435356,0.9782,"14","O-sialoglycoprotein endopeptidase"
"Gabpb1",0.00169767198854931,0.9812,"2","GA repeat binding protein, beta 1"
"Gns",0.00168875019601167,0.9772,"10","glucosamine (N-acetyl)-6-sulfatase"
"Atp5a1",-0.00168704885017412,0.9692,"18","ATP synthase, H+ transporting, mitochondrial F1 complex, alpha subunit 1"
"Drc3",0.00168242920385708,0.9842,"11","dynein regulatory complex subunit 3"
"Ptpn23",-0.00168065048190691,0.9902,"9","protein tyrosine phosphatase, non-receptor type 23"
"Ssh3",0.00167977800449126,0.9872,"19","slingshot protein phosphatase 3"
"Rnf121",-0.0016796984872105,0.9772,"7","ring finger protein 121"
"Jmjd4",-0.00167701947288013,0.9848,"11","jumonji domain containing 4"
"Zfyve1",-0.00167684936829282,0.9652,"12","zinc finger, FYVE domain containing 1"
"Dvl3",-0.00167484038500998,0.9778,"16","dishevelled segment polarity protein 3"
"Galnt14",-0.00167102831113208,0.9838,"17","polypeptide N-acetylgalactosaminyltransferase 14"
"Tubb4a",-0.00166078841400363,0.99,"17","tubulin, beta 4A class IVA"
"Zfpm2",-0.00165702072844276,0.9896,"15","zinc finger protein, multitype 2"
"Sec11c",0.00165661047054932,0.9822,"18","SEC11 homolog C, signal peptidase complex subunit"
"Colgalt1",-0.0016512603866623,0.9722,"8","collagen beta(1-O)galactosyltransferase 1"
"Mtss1",0.00165106019520689,0.9792,"15","MTSS I-BAR domain containing 1"
"Stat3",-0.0016388399884173,0.9774,"11","signal transducer and activator of transcription 3"
"Thap12",-0.0016343662967051,0.9744,"7","THAP domain containing 12"
"Mob4",0.00163119845232806,0.9756,"1","MOB family member 4, phocein"
"Gdi2",-0.00163097892781217,0.9766,"13","guanosine diphosphate (GDP) dissociation inhibitor 2"
"Tcf19",-0.00162377437644956,0.9924,"17","transcription factor 19"
"Mfsd6",-0.00162116998281014,0.9848,"1","major facilitator superfamily domain containing 6"
"Heatr1",0.00161615584569486,0.989,"13","HEAT repeat containing 1"
"Twf2",-0.00161475712715831,0.9832,"9","twinfilin actin binding protein 2"
"Med17",0.00161406623935978,0.9856,"9","mediator complex subunit 17"
"Tbc1d8b",-0.00161344728675283,0.9926,"X","TBC1 domain family, member 8B"
"Snrpd1",-0.00161339189393672,0.9878,"18","small nuclear ribonucleoprotein D1"
"Cry1",-0.00160752369641504,0.9838,"10","cryptochrome 1 (photolyase-like)"
"Zc4h2",0.00160640716523819,0.9796,"X","zinc finger, C4H2 domain containing"
"Klhl34",-0.00160612524433201,0.9862,"X","kelch-like 34"
"Arhgef19",0.00159857200552072,0.9884,"4","Rho guanine nucleotide exchange factor (GEF) 19"
"Pex11a",0.0015751437917717,0.9824,"7","peroxisomal biogenesis factor 11 alpha"
"Atg7",-0.00157502639453089,0.982,"6","autophagy related 7"
"Dohh",0.00156614675700428,0.988,"10","deoxyhypusine hydroxylase/monooxygenase"
"Nckipsd",-0.00156554639861994,0.9784,"9","NCK interacting protein with SH3 domain"
"Alkbh6",0.0015468361837323,0.9864,"7","alkB homolog 6"
"Tspan14",0.00154619474387552,0.9826,"14","tetraspanin 14"
"Sbf2",0.00153833668831282,0.9838,"7","SET binding factor 2"
"Plekha5",-0.0015364413502148,0.9902,"6","pleckstrin homology domain containing, family A member 5"
"Ncbp1",0.00152998291143369,0.972,"4","nuclear cap binding protein subunit 1"
"Chd8",-0.00151839396979891,0.98,"14","chromodomain helicase DNA binding protein 8"
"St7l",0.00151823843834986,0.987,"3","suppression of tumorigenicity 7-like"
"Usp15",0.00150820120222495,0.9876,"10","ubiquitin specific peptidase 15"
"Smad4",-0.00149776138070568,0.9746,"18","SMAD family member 4"
"Ntm",0.0014958831241767,0.9836,"9","neurotrimin"
"Tmem250-ps",0.00149368596109589,0.9882,"2","transmembrane protein 250, pseudogene"
"Mark3",-0.00149192889454142,0.9714,"12","MAP/microtubule affinity regulating kinase 3"
"Clvs2",-0.00149186898207354,0.9902,"10","clavesin 2"
"Sgcb",0.00148682318740878,0.948,"5","sarcoglycan, beta (dystrophin-associated glycoprotein)"
"Fbxo25",-0.00148333129540923,0.9876,"8","F-box protein 25"
"Trappc4",0.00148086000825387,0.9838,"9","trafficking protein particle complex 4"
"Rexo2",-0.00144974641551254,0.9866,"9","RNA exonuclease 2"
"Fam107b",0.0014413842708203,0.9872,"2","family with sequence similarity 107, member B"
"Abcb9",0.00142892431353836,0.9904,"5","ATP-binding cassette, sub-family B (MDR/TAP), member 9"
"Brwd3",-0.00142077373867444,0.9952,"X","bromodomain and WD repeat domain containing 3"
"Dhtkd1",0.00141347313435669,0.995,"2","dehydrogenase E1 and transketolase domain containing 1"
"Ptges3",0.00140789797723695,0.9858,"10","prostaglandin E synthase 3"
"Cep120",-0.00140446663785898,0.9664,"18","centrosomal protein 120"
"Gpcpd1",0.00139941787265485,0.9886,"2","glycerophosphocholine phosphodiesterase 1"
"Mief2",-0.0013918302135485,0.9796,"11","mitochondrial elongation factor 2"
"Nudt10",0.00139063861325939,0.9788,"X","nudix (nucleoside diphosphate linked moiety X)-type motif 10"
"Nbr1",-0.00138207441791494,0.9782,"11","NBR1, autophagy cargo receptor"
"Tnik",0.00138128871309551,0.9932,"3","TRAF2 and NCK interacting kinase"
"Kctd3",-0.00137614684053844,0.987,"1","potassium channel tetramerisation domain containing 3"
"Gfpt1",0.00137367498401542,0.9896,"6","glutamine fructose-6-phosphate transaminase 1"
"Hdac4",0.00137306901778977,0.9824,"1","histone deacetylase 4"
"Hmgxb4",0.00136448269004985,0.9844,"8","HMG box domain containing 4"
"Slc35a1",0.00135565022120954,0.9758,"4","solute carrier family 35 (CMP-sialic acid transporter), member 1"
"Lrrtm1",-0.00135177086871696,0.9804,"6","leucine rich repeat transmembrane neuronal 1"
"Hspa9",-0.00134946767334476,0.9716,"18","heat shock protein 9"
"Ccar1",0.00134016427466754,0.9824,"10","cell division cycle and apoptosis regulator 1"
"Rps29",0.00133999342104918,0.9956,"12","ribosomal protein S29"
"Acaa1a",0.0013390153434587,0.989,"9","acetyl-Coenzyme A acyltransferase 1A"
"Tmem109",-0.00133156864356998,0.9872,"19","transmembrane protein 109"
"Smap2",-0.00131676031543559,0.9818,"4","small ArfGAP 2"
"Rac1",-0.00130365021814072,0.981,"5","Rac family small GTPase 1"
"Pdk3",-0.00129843743134561,0.9816,"X","pyruvate dehydrogenase kinase, isoenzyme 3"
"Doc2b",0.00129765085459077,0.9878,"11","double C2, beta"
"Gadd45b",-0.00129408497122308,0.99,"10","growth arrest and DNA-damage-inducible 45 beta"
"Zwint",0.00129345308979545,0.9798,"10","ZW10 interactor"
"Cyb5d2",0.00128845064608596,0.9866,"11","cytochrome b5 domain containing 2"
"Heph",-0.00128723101788752,0.9882,"X","hephaestin"
"Nwd1",0.00128457870995202,0.9858,"8","NACHT and WD repeat domain containing 1"
"Gorab",-0.00128106450848575,0.9884,"1","golgin, RAB6-interacting"
"Znrf2",-0.00126424976600115,0.9892,"6","zinc and ring finger 2"
"Dars2",0.00125693377558544,0.9834,"1","aspartyl-tRNA synthetase 2 (mitochondrial)"
"Tmbim6",-0.00125361803920931,0.9836,"15","transmembrane BAX inhibitor motif containing 6"
"Slc35d1",0.00124307216535424,0.9848,"4","solute carrier family 35 (UDP-glucuronic acid/UDP-N-acetylgalactosamine dual transporter), member D1"
"Dbpht2",0.00123153413466159,0.992,"12","DNA binding protein with his-thr domain"
"Mmgt1",0.00122135942248125,0.9822,"X","membrane magnesium transporter 1"
"Ncor1",-0.00121768926271137,0.9866,"11","nuclear receptor co-repressor 1"
"Tbcel",0.0012152053052743,0.9706,"9","tubulin folding cofactor E-like"
"Lix1l",0.00121416345636316,0.9784,"3","Lix1-like"
"Hnrnpul1",-0.0012030755368313,0.9652,"7","heterogeneous nuclear ribonucleoprotein U-like 1"
"Zfp384",-0.00119547028632461,0.991,"6","zinc finger protein 384"
"Abcf2",-0.00119053043778994,0.978,"5","ATP-binding cassette, sub-family F (GCN20), member 2"
"Ppm1m",-0.00118384952972317,0.9872,"9","protein phosphatase 1M"
"Ap3b1",0.00118151078079531,0.9864,"13","adaptor-related protein complex 3, beta 1 subunit"
"Copb1",0.00118137289981757,0.9914,"7","coatomer protein complex, subunit beta 1"
"Mapkap1",0.00117496988015375,0.9734,"2","mitogen-activated protein kinase associated protein 1"
"Fam185a",-0.00117431835717152,0.991,"5","family with sequence similarity 185, member A"
"Hars2",-0.00116281816468611,0.9892,"18","histidyl-tRNA synthetase 2"
"Erf",-0.00115269971875787,0.9834,"7","Ets2 repressor factor"
"Myh14",-0.0011506359982425,0.992,"7","myosin, heavy polypeptide 14"
"Tbc1d22a",-0.00114917989096153,0.9858,"15","TBC1 domain family, member 22a"
"Cog3",0.00114572326677553,0.984,"14","component of oligomeric golgi complex 3"
"Xrn1",0.00113577784106145,0.9938,"9","5'-3' exoribonuclease 1"
"Ube4a",0.00113493188055003,0.9866,"9","ubiquitination factor E4A"
"Slc24a5",0.00113177457870672,0.9942,"2","solute carrier family 24, member 5"
"Hectd2",-0.00111982562962698,0.9966,"19","HECT domain E3 ubiquitin protein ligase 2"
"Rps6kc1",-0.00111318877012501,0.9868,"1","ribosomal protein S6 kinase polypeptide 1"
"Atad2b",0.0011080453761334,0.994,"12","ATPase family, AAA domain containing 2B"
"Uba3",-0.00110604087741617,0.9938,"6","ubiquitin-like modifier activating enzyme 3"
"Grik1",-0.00110473679347889,0.9926,"16","glutamate receptor, ionotropic, kainate 1"
"Brd3",-0.0011020298063551,0.985,"2","bromodomain containing 3"
"Proz",0.00109324392076582,0.9884,"8","protein Z, vitamin K-dependent plasma glycoprotein"
"Lurap1",0.00108551599255824,0.9906,"4","leucine rich adaptor protein 1"
"Uba1",-0.00108511017772983,0.9728,"X","ubiquitin-like modifier activating enzyme 1"
"Impa1",0.00108132606840794,0.9844,"3","inositol (myo)-1(or 4)-monophosphatase 1"
"Golga4",-0.0010806410290316,0.992,"9","golgi autoantigen, golgin subfamily a, 4"
"Gpatch2l",0.00107259646473956,0.9806,"12","G patch domain containing 2 like"
"Calu",-0.0010622031660299,0.9808,"6","calumenin"
"Mettl22",-0.00106173545165511,0.991,"16","methyltransferase like 22"
"Rsrp1",-0.00105267921475694,0.9866,"4","arginine/serine rich protein 1"
"Npy1r",-0.00105048531583929,0.9888,"8","neuropeptide Y receptor Y1"
"Rheb",-0.00104374937411045,0.9862,"5","Ras homolog enriched in brain"
"Marcks",-0.00104139101019562,0.9862,"10","myristoylated alanine rich protein kinase C substrate"
"Ttc19",-0.00103627584177346,0.976,"11","tetratricopeptide repeat domain 19"
"Rhebl1",-0.00103291766863145,0.9924,"15","Ras homolog enriched in brain like 1"
"Ppp4r4",0.00102575527773574,0.99,"12","protein phosphatase 4, regulatory subunit 4"
"Borcs8",0.00101600725021722,0.9922,"8","BLOC-1 related complex subunit 8"
"Icmt",0.00101295688285497,0.985,"4","isoprenylcysteine carboxyl methyltransferase"
"Med24",0.00100515568796578,0.99,"11","mediator complex subunit 24"
"Ipo5",-0.000999984830171385,0.9854,"14","importin 5"
"Lims1",0.000982030279385704,0.994,"10","LIM and senescent cell antigen-like domains 1"
"Grm4",-0.000967009741575264,0.9902,"17","glutamate receptor, metabotropic 4"
"Snap91",0.000959464903042218,0.9906,"9","synaptosomal-associated protein 91"
"Kdm6b",-0.000958723432507469,0.9936,"11","KDM1 lysine (K)-specific demethylase 6B"
"Prrc2b",0.000947483026520146,0.9902,"2","proline-rich coiled-coil 2B"
"Zfp513",-0.000940890669154371,0.9858,"5","zinc finger protein 513"
"Slc25a36",-0.000928882490081939,0.9952,"9","solute carrier family 25, member 36"
"Dancr",-0.000923880765456353,0.9948,"5","differentiation antagonizing non-protein coding RNA"
"Klhdc1",-0.000918276993671974,0.9942,"12","kelch domain containing 1"
"Alg5",0.000914721931589924,0.9904,"3","asparagine-linked glycosylation 5 (dolichyl-phosphate beta-glucosyltransferase)"
"C030018K13Rik",0.000914430632350749,0.9958,"5","RIKEN cDNA C030018K13 gene"
"Appl1",-0.000904266462816494,0.9918,"14","adaptor protein, phosphotyrosine interaction, PH domain and leucine zipper containing 1"
"Xpo7",0.000897029909003422,0.9904,"14","exportin 7"
"Dad1",0.000889331877566235,0.9946,"14","defender against cell death 1"
"Rpl9",0.000888703472562646,0.9964,"5","ribosomal protein L9"
"Casp9",0.000881871703502846,0.987,"4","caspase 9"
"Vps35",-0.000876598784786076,0.9936,"8","VPS35 retromer complex component"
"Ptk2",0.000875376594148491,0.992,"15","PTK2 protein tyrosine kinase 2"
"Kbtbd7",-0.000865347672974082,0.994,"14","kelch repeat and BTB (POZ) domain containing 7"
"Snx5",0.000864902078068219,0.9884,"2","sorting nexin 5"
"Slc7a10",-0.000864537307495361,0.994,"7","solute carrier family 7 (cationic amino acid transporter, y+ system), member 10"
"Col16a1",0.000862169706397964,0.9954,"4","collagen, type XVI, alpha 1"
"Bphl",-0.000861693094579508,0.988,"13","biphenyl hydrolase-like (serine hydrolase, breast epithelial mucin-associated antigen)"
"Nlgn2",-0.000841301214062895,0.987,"11","neuroligin 2"
"Tox3",0.000837689834225053,0.9958,"8","TOX high mobility group box family member 3"
"Lss",-0.000837060447189231,0.9898,"10","lanosterol synthase"
"Ppp4r2",0.000823135013275689,0.9964,"6","protein phosphatase 4, regulatory subunit 2"
"Cs",0.000814186848941745,0.9846,"10","citrate synthase"
"Aasdhppt",-0.000812681566880968,0.991,"9","aminoadipate-semialdehyde dehydrogenase-phosphopantetheinyl transferase"
"Fbxo21",0.000807341383469051,0.9752,"5","F-box protein 21"
"Errfi1",0.000798833723067105,0.9942,"4","ERBB receptor feedback inhibitor 1"
"Pabpn1",0.000795256400309086,0.996,"14","poly(A) binding protein, nuclear 1"
"Pabpn1",0.000795256400309086,0.996,"14","poly(A) binding protein, nuclear 1"
"Mtdh",0.000794441966724513,0.992,"15","metadherin"
"Cdc42",-0.000790705494878807,0.9896,"4","cell division cycle 42"
"Ccdc126",-0.000781267888295023,0.9964,"6","coiled-coil domain containing 126"
"Ptdss1",-0.000778972854679871,0.9888,"13","phosphatidylserine synthase 1"
"Lrpap1",-0.000775882211629053,0.9872,"5","low density lipoprotein receptor-related protein associated protein 1"
"Lrrc75a",-0.00077516104455766,0.9944,"11","leucine rich repeat containing 75A"
"Tmbim4",0.000761544050662977,0.9906,"10","transmembrane BAX inhibitor motif containing 4"
"Cstf3",0.000760246110169227,0.9878,"2","cleavage stimulation factor, 3' pre-RNA, subunit 3"
"Fubp3",-0.000756816725153264,0.9954,"2","far upstream element (FUSE) binding protein 3"
"Ppip5k2",0.000751802602463769,0.9938,"1","diphosphoinositol pentakisphosphate kinase 2"
"Mars1",0.000743935355842495,0.9918,"10","methionine-tRNA synthetase 1"
"Rims2",-0.000739327303744375,0.9894,"15","regulating synaptic membrane exocytosis 2"
"Nit1",0.000736282318936077,0.9868,"1","nitrilase 1"
"Zcchc7",-0.00073482548971171,0.9954,"4","zinc finger, CCHC domain containing 7"
"Iscu",0.000724111098280744,0.9942,"5","iron-sulfur cluster assembly enzyme"
"A430005L14Rik",0.000723496776225296,0.9978,"4","RIKEN cDNA A430005L14 gene"
"Map7d1",0.000722868746443339,0.9808,"4","MAP7 domain containing 1"
"Tceanc2",0.000720029874550221,0.9906,"4","transcription elongation factor A (SII) N-terminal and central domain containing 2"
"Kpnb1",0.000719793428324067,0.9888,"11","karyopherin (importin) beta 1"
"Hk1",-0.000718354676388699,0.9898,"10","hexokinase 1"
"Tkt",0.000718294854656243,0.9904,"14","transketolase"
"Xrcc1",0.000717186644532575,0.993,"7","X-ray repair complementing defective repair in Chinese hamster cells 1"
"Pip4p1",0.000712723974873875,0.991,"14","phosphatidylinositol-4,5-bisphosphate 4-phosphatase 1"
"Prpf31",0.000712675160126963,0.9836,"7","pre-mRNA processing factor 31"
"Efs",0.000711935611368286,0.9968,"14","embryonal Fyn-associated substrate"
"Slmap",-0.000704077301092454,0.996,"14","sarcolemma associated protein"
"Hapln1",-0.000701995922654852,0.9914,"13","hyaluronan and proteoglycan link protein 1"
"Tfcp2",0.000695874409088582,0.9888,"15","transcription factor CP2"
"Tmem178b",-0.000695015539719179,0.9964,"6","transmembrane protein 178B"
"Rprd1b",0.000688999720450667,0.9786,"2","regulation of nuclear pre-mRNA domain containing 1B"
"Mbd6",0.000687839795496359,0.995,"10","methyl-CpG binding domain protein 6"
"Cpsf3",-0.000671681691191139,0.9888,"12","cleavage and polyadenylation specificity factor 3"
"Tut1",-0.000660661571608046,0.9932,"19","terminal uridylyl transferase 1, U6 snRNA-specific"
"Pde2a",-0.000660530491979117,0.9914,"7","phosphodiesterase 2A, cGMP-stimulated"
"Ctps2",-0.000656197742347153,0.9912,"X","cytidine 5'-triphosphate synthase 2"
"Zswim7",0.00065076916952056,0.9942,"11","zinc finger SWIM-type containing 7"
"Slc31a2",0.000650396248127905,0.9954,"4","solute carrier family 31, member 2"
"Cblb",-0.000649160778556812,0.994,"16","Casitas B-lineage lymphoma b"
"Rnf146",0.000632913177506467,0.9954,"10","ring finger protein 146"
"Slc15a4",-0.000628953122860487,0.993,"5","solute carrier family 15, member 4"
"Pigyl",0.000626991978977198,0.9976,"9","phosphatidylinositol glycan anchor biosynthesis, class Y-like"
"Fgd6",0.000625877231074767,0.9946,"10","FYVE, RhoGEF and PH domain containing 6"
"Gpm6b",-0.00062018718319834,0.9928,"X","glycoprotein m6b"
"Pomp",-0.000610431784614285,0.9962,"5","proteasome maturation protein"
"Ambra1",-0.00060749292347495,0.988,"2","autophagy/beclin 1 regulator 1"
"Casp3",-0.000601015856426024,0.9956,"8","caspase 3"
"Saysd1",0.000599804669969561,0.996,"14","SAYSVFN motif domain containing 1"
"Ndufs3",-0.000585050582104785,0.9952,"2","NADH:ubiquinone oxidoreductase core subunit S3"
"Metap1",-0.000565563478787112,0.9958,"3","methionyl aminopeptidase 1"
"Trpc4ap",-0.000563325955485361,0.9882,"2","transient receptor potential cation channel, subfamily C, member 4 associated protein"
"Tmem117",-0.000556982575267373,0.9966,"15","transmembrane protein 117"
"Stac",0.000555840049386802,0.9966,"9","src homology three (SH3) and cysteine rich domain"
"Pprc1",0.000552011839601185,0.9924,"19","peroxisome proliferative activated receptor, gamma, coactivator-related 1"
"Specc1",-0.000548935180852084,0.9922,"11","sperm antigen with calponin homology and coiled-coil domains 1"
"Cdc5l",-0.000544907745173795,0.9964,"17","cell division cycle 5-like (S. pombe)"
"Tm2d3",0.000538216045509188,0.9964,"7","TM2 domain containing 3"
"Rab9",-0.000527026566338407,0.995,"X","RAB9, member RAS oncogene family"
"Gm527",-0.000524642487397253,0.9956,"12","predicted gene 527"
"Prmt6",0.000518190736802815,0.9898,"3","protein arginine N-methyltransferase 6"
"Picalm",-0.000515833911261865,0.9942,"7","phosphatidylinositol binding clathrin assembly protein"
"Taf1a",-0.00051516332695023,0.9964,"1","TATA-box binding protein associated factor, RNA polymerase I, A"
"Rgs17",0.000510828462440216,0.9942,"10","regulator of G-protein signaling 17"
"Golt1b",0.000508071150996159,0.991,"6","golgi transport 1B"
"Gpkow",0.000505455536445432,0.9904,"X","G patch domain and KOW motifs"
"Asxl1",-0.00048537220580247,0.996,"2","ASXL transcriptional regulator 1"
"Scpep1",-0.000483143127707475,0.9958,"11","serine carboxypeptidase 1"
"Sdha",0.000480551186074152,0.9914,"13","succinate dehydrogenase complex, subunit A, flavoprotein (Fp)"
"Zrsr2",0.000473350426874575,0.9912,"X","zinc finger (CCCH type), RNA binding motif and serine/arginine rich 2"
"Ufd1",-0.000469609357922174,0.9944,"16","ubiquitin recognition factor in ER-associated degradation 1"
"Marchf11",0.000459695676554572,0.9984,"15","membrane associated ring-CH-type finger 11"
"Ttll12",-0.000421385771470106,0.995,"15","tubulin tyrosine ligase-like family, member 12"
"Sf1",-0.000417759480530577,0.9924,"19","splicing factor 1"
"Tspan2",-0.000409979380172842,0.9974,"3","tetraspanin 2"
"Tnfrsf25",0.00040534998341446,0.998,"4","tumor necrosis factor receptor superfamily, member 25"
"Lpar6",0.000403186466550354,0.9972,"14","lysophosphatidic acid receptor 6"
"Frs2",0.000387037528922107,0.9946,"10","fibroblast growth factor receptor substrate 2"
"Cbr4",-0.000377212696752061,0.9926,"8","carbonyl reductase 4"
"Polr2b",0.000364767120373699,0.9962,"5","polymerase (RNA) II (DNA directed) polypeptide B"
"Marcksl1",-0.000361738534865985,0.998,"4","MARCKS-like 1"
"Gng4",-0.000359040865699711,0.9974,"13","guanine nucleotide binding protein (G protein), gamma 4"
"Axin2",-0.00034984120707815,0.9978,"11","axin 2"
"Zfp189",-0.000340404613312195,0.998,"4","zinc finger protein 189"
"Cep63",0.000337584046978812,0.9946,"9","centrosomal protein 63"
"Cux2",0.000327076125382852,0.9978,"5","cut-like homeobox 2"
"Mc4r",-0.000314003712715838,0.997,"18","melanocortin 4 receptor"
"Zgpat",-0.000306342680052474,0.998,"2","zinc finger, CCCH-type with G patch domain"
"Osbp",0.000302953984722798,0.9924,"19","oxysterol binding protein"
"Dapp1",-0.00029265976851045,0.998,"3","dual adaptor for phosphotyrosine and 3-phosphoinositides 1"
"Tmed2",-0.000286735149365391,0.9962,"5","transmembrane p24 trafficking protein 2"
"Tbck",-0.000285904825045868,0.995,"3","TBC1 domain containing kinase"
"Camkv",0.000266705362903963,0.998,"9","CaM kinase-like vesicle-associated"
"Hyls1",-0.000263435452984684,0.9948,"9","HYLS1, centriolar and ciliogenesis associated"
"Rab35",0.000238848010976511,0.9982,"5","RAB35, member RAS oncogene family"
"Mcfd2",0.000235384595283605,0.9966,"17","multiple coagulation factor deficiency 2"
"Plcl2",0.000227672103041421,0.997,"17","phospholipase C-like 2"
"Ing2",-0.000213495805211572,0.9974,"8","inhibitor of growth family, member 2"
"Cdc27",-0.00020984732271323,0.9988,"11","cell division cycle 27"
"Pik3r3",0.000198927741193344,0.9974,"4","phosphoinositide-3-kinase regulatory subunit 3"
"Nampt",0.000198531948319314,0.999,"12","nicotinamide phosphoribosyltransferase"
"Elavl3",0.000193486984844782,0.999,"9","ELAV like RNA binding protein 3"
"Trmt1l",0.000191079114434167,0.9962,"1","tRNA methyltransferase 1 like"
"Map3k7",0.000183563668189279,0.9966,"4","mitogen-activated protein kinase kinase kinase 7"
"2310061I04Rik",0.000182089075002168,0.9966,"17","RIKEN cDNA 2310061I04 gene"
"Nr2c1",0.000178880023398165,0.999,"10","nuclear receptor subfamily 2, group C, member 1"
"Cfap20",0.000169061323267883,0.994,"8","cilia and flagella associated protein 20"
"Nap1l1",-0.000162528235715165,0.997,"10","nucleosome assembly protein 1-like 1"
"Vti1a",-0.000155408523346168,0.9978,"19","vesicle transport through interaction with t-SNAREs 1A"
"Caap1",-0.000153228710271236,0.9988,"4","caspase activity and apoptosis inhibitor 1"
"Prelid3b",-0.000151995941676475,0.9986,"2","PRELI domain containing 3B"
"Eci1",0.000148125783503872,0.9986,"17","enoyl-Coenzyme A delta isomerase 1"
"Vps33a",-0.000147968056067427,0.9986,"5","VPS33A CORVET/HOPS core subunit"
"Exoc4",0.000147761717179229,0.9978,"6","exocyst complex component 4"
"Esd",0.000147740069868618,0.9982,"14","esterase D/formylglutathione hydrolase"
"Serp1",-0.000134928332638395,0.9974,"3","stress-associated endoplasmic reticulum protein 1"
"Gnaq",0.00012076663770344,0.9972,"19","guanine nucleotide binding protein, alpha q polypeptide"
"Lmo4",0.000111489376700469,0.9988,"3","LIM domain only 4"
"Cluap1",-0.000104855422718764,0.9994,"16","clusterin associated protein 1"
"Sco1",-9.71144393355772e-05,0.9986,"11","SCO1 cytochrome c oxidase assembly protein"
"Plxna1",9.66022780648501e-05,0.9998,"6","plexin A1"
"Ogt",-9.24377183295633e-05,0.9992,"X","O-linked N-acetylglucosamine (GlcNAc) transferase (UDP-N-acetylglucosamine:polypeptide-N-acetylglucosaminyl transferase)"
"Mrps36",9.22298097849605e-05,0.9994,"13","mitochondrial ribosomal protein S36"
"Enc1",-8.99275707588743e-05,0.9984,"13","ectodermal-neural cortex 1"
"Dnm3",-8.35338072988634e-05,0.9994,"1","dynamin 3"
"Suox",8.29053218609488e-05,0.9994,"10","sulfite oxidase"
"Pou3f3",-7.33318198884447e-05,0.9994,"1","POU domain, class 3, transcription factor 3"
"Zfp759",-7.08112530722893e-05,0.9996,"13","zinc finger protein 759"
"Gmeb2",5.8765687808382e-05,0.9988,"2","glucocorticoid modulatory element binding protein 2"
"Erlec1",5.50873489064685e-05,0.9998,"11","endoplasmic reticulum lectin 1"
"Tceal6",-4.34929197030698e-05,0.9994,"X","transcription elongation factor A (SII)-like 6"
"Zgrf1",3.84181923749338e-05,0.9998,"3","zinc finger, GRF-type containing 1"
"Asxl2",-3.68430047545942e-05,1,"12","ASXL transcriptional regulator 2"
"Jarid2",3.44134099856674e-05,0.9994,"13","jumonji, AT rich interactive domain 2"
"Mycbp",3.42995713058514e-05,0.9998,"4","MYC binding protein"
"Dcaf12",-3.22723868526609e-05,0.9998,"4","DDB1 and CUL4 associated factor 12"
"Cyb5r4",2.69982646772249e-05,1,"9","cytochrome b5 reductase 4"
"Cyb5r4",2.69982646772249e-05,1,"9","cytochrome b5 reductase 4"
"Syt1",-2.29360925203537e-05,0.9998,"10","synaptotagmin I"
"Psmc1",-8.95039837178757e-06,1,"12","protease (prosome, macropain) 26S subunit, ATPase 1"
"Rfx3",-7.67287427105856e-06,1,"19","regulatory factor X, 3 (influences HLA class II expression)"
"Acaa2",-4.21133096262238e-06,1,"18","acetyl-Coenzyme A acyltransferase 2 (mitochondrial 3-oxoacyl-Coenzyme A thiolase)"
